{"type":"FeatureCollection","features":[{"type":"Feature","properties":{"name":"Ahmadabad Vadodara Expressway","highway":"motorway","policy":""},"geometry":{"type":"LineString","coordinates":[[72.62882,22.9883],[72.62892,22.98821],[72.6308,22.98712],[72.63111,22.98694],[72.63223,22.9863]]}},{"type":"Feature","properties":{"name":"Ahmadabad Vadodara Expressway","highway":"motorway","policy":""},"geometry":{"type":"LineString","coordinates":[[72.63223,22.9863],[72.63251,22.98614]]}},{"type":"Feature","properties":{"name":"Ahmadabad Vadodara Expressway","highway":"motorway","policy":""},"geometry":{"type":"LineString","coordinates":[[72.63226,22.98611],[72.63202,22.98625]]}},{"type":"Feature","properties":{"name":"Ahmadabad Vadodara Expressway","highway":"motorway","policy":""},"geometry":{"type":"LineString","coordinates":[[72.63251,22.98614],[72.63283,22.98594],[72.63502,22.98469],[72.63676,22.9837]]}},{"type":"Feature","properties":{"name":"Ahmadabad Vadodara Expressway","highway":"motorway","policy":""},"geometry":{"type":"LineString","coordinates":[[72.63132,22.98665],[72.62885,22.98809],[72.62872,22.98819]]}},{"type":"Feature","properties":{"name":"Ahmadabad Vadodara Expressway","highway":"motorway","policy":""},"geometry":{"type":"LineString","coordinates":[[72.63676,22.9837],[72.63694,22.98359]]}},{"type":"Feature","properties":{"name":"Ahmadabad Vadodara Expressway","highway":"motorway","policy":""},"geometry":{"type":"LineString","coordinates":[[72.63694,22.98359],[72.63862,22.98262],[72.64142,22.98102],[72.64228,22.98052],[72.64326,22.97996]]}},{"type":"Feature","properties":{"name":"Ahmadabad Vadodara Expressway","highway":"motorway","policy":""},"geometry":{"type":"LineString","coordinates":[[72.63683,22.9835],[72.6366,22.98362]]}},{"type":"Feature","properties":{"name":"Ahmadabad Vadodara Expressway","highway":"motorway","policy":""},"geometry":{"type":"LineString","coordinates":[[72.6366,22.98362],[72.63276,22.98583],[72.63226,22.98611]]}},{"type":"Feature","properties":{"name":"Ahmadabad Vadodara Expressway","highway":"motorway","policy":""},"geometry":{"type":"LineString","coordinates":[[72.64319,22.97984],[72.64205,22.98049],[72.63854,22.98252],[72.63683,22.9835]]}},{"type":"Feature","properties":{"name":"Ahmadabad Vadodara Expressway","highway":"motorway","policy":""},"geometry":{"type":"LineString","coordinates":[[72.64335,22.97974],[72.64319,22.97984]]}},{"type":"Feature","properties":{"name":"Ahmadabad Vadodara Expressway","highway":"motorway","policy":""},"geometry":{"type":"LineString","coordinates":[[72.64326,22.97996],[72.64343,22.97986]]}},{"type":"Feature","properties":{"name":"Ahmadabad Vadodara Expressway","highway":"motorway","policy":""},"geometry":{"type":"LineString","coordinates":[[72.64343,22.97986],[72.65047,22.97588],[72.651,22.97559],[72.6538,22.9739],[72.65655,22.97232],[72.65772,22.97165],[72.65921,22.97079],[72.6631,22.96856],[72.67072,22.96418],[72.67676,22.96095],[72.68051,22.95893]]}},{"type":"Feature","properties":{"name":"NH147","highway":"trunk","policy":""},"geometry":{"type":"LineString","coordinates":[[72.48101,22.9676],[72.47934,22.96587],[72.47766,22.96413],[72.47722,22.96368],[72.47712,22.96357],[72.47651,22.96286],[72.47601,22.96221],[72.47594,22.96212],[72.47572,22.96183]]}},{"type":"Feature","properties":{"name":"NH147","highway":"trunk","policy":""},"geometry":{"type":"LineString","coordinates":[[72.48094,22.96768],[72.48175,22.96851]]}},{"type":"Feature","properties":{"name":"Sarkhej-Gandhinagar Highway","highway":"trunk","policy":""},"geometry":{"type":"LineString","coordinates":[[72.55372,23.15596],[72.55344,23.15555],[72.55319,23.1552],[72.55304,23.15498],[72.55077,23.15144],[72.55054,23.15111],[72.55025,23.15063],[72.5496,23.1497],[72.54868,23.14838],[72.54831,23.1478],[72.54787,23.14719],[72.54756,23.14673],[72.54705,23.14599],[72.54615,23.14465],[72.54564,23.14379],[72.5455,23.14355],[72.54521,23.14305],[72.5449,23.14241]]}},{"type":"Feature","properties":{"name":"NH147","highway":"trunk","policy":""},"geometry":{"type":"LineString","coordinates":[[72.54519,23.14327],[72.54546,23.14376],[72.54637,23.14521],[72.54688,23.14599],[72.547,23.14619],[72.54728,23.14659],[72.54861,23.14858],[72.54904,23.14921],[72.5493,23.14973],[72.55006,23.15089],[72.55046,23.15149],[72.55099,23.15229],[72.55146,23.15299],[72.55171,23.15327],[72.55312,23.15542],[72.55351,23.15605]]}},{"type":"Feature","properties":{"name":"NH147","highway":"trunk","policy":""},"geometry":{"type":"LineString","coordinates":[[72.48184,22.96846],[72.48101,22.9676]]}},{"type":"Feature","properties":{"name":"NH147","highway":"trunk","policy":""},"geometry":{"type":"LineString","coordinates":[[72.48175,22.96851],[72.48564,22.97252],[72.48599,22.97288],[72.48612,22.97301],[72.48685,22.97378],[72.48724,22.97419],[72.4876,22.97455],[72.48836,22.97537]]}},{"type":"Feature","properties":{"name":"Sardar Patel Ring Road Flyover","highway":"trunk","policy":""},"geometry":{"type":"LineString","coordinates":[[72.66085,22.96937],[72.66028,22.9668]]}},{"type":"Feature","properties":{"name":"Sardar Patel Ring Road Flyover","highway":"trunk","policy":""},"geometry":{"type":"LineString","coordinates":[[72.68471,23.10284],[72.68448,23.1034],[72.68419,23.10396],[72.68383,23.10455],[72.68333,23.10517],[72.68247,23.10599],[72.68148,23.10678],[72.68108,23.10714],[72.68104,23.10717],[72.68092,23.10728],[72.67919,23.10874],[72.67876,23.10907],[72.67822,23.10936],[72.67749,23.10966],[72.67723,23.10976],[72.67697,23.10985]]}},{"type":"Feature","properties":{"name":"Sardar Patel Ring Road","highway":"trunk","policy":""},"geometry":{"type":"LineString","coordinates":[[72.65362,22.9534],[72.64935,22.94752],[72.64879,22.94677],[72.64817,22.94601],[72.64787,22.94575],[72.64692,22.94514],[72.64545,22.94427],[72.64538,22.94423],[72.64536,22.94422],[72.64427,22.9436],[72.64387,22.94337],[72.64385,22.94336],[72.64384,22.94335],[72.64375,22.94329],[72.64373,22.94329],[72.6421,22.94235],[72.64089,22.9416],[72.64009,22.94115]]}},{"type":"Feature","properties":{"name":"Sardar Patel Ring Road","highway":"trunk","policy":""},"geometry":{"type":"LineString","coordinates":[[72.59116,22.92946],[72.59148,22.92947]]}},{"type":"Feature","properties":{"name":"NH48","highway":"trunk","policy":""},"geometry":{"type":"LineString","coordinates":[[72.6733,23.11148],[72.67339,23.11166],[72.67346,23.1118]]}},{"type":"Feature","properties":{"name":"Sardar Patel Ring Road Flyover","highway":"trunk","policy":""},"geometry":{"type":"LineString","coordinates":[[72.68703,23.09293],[72.68718,23.09144],[72.68723,23.08974],[72.68724,23.08928],[72.68724,23.08913],[72.68727,23.08859],[72.68744,23.08543]]}},{"type":"Feature","properties":{"name":"Sardar Patel Ring Road","highway":"trunk","policy":""},"geometry":{"type":"LineString","coordinates":[[72.60897,22.93124],[72.60881,22.93119]]}},{"type":"Feature","properties":{"name":"Sardar Patel Ring Road Flyover","highway":"trunk","policy":""},"geometry":{"type":"LineString","coordinates":[[72.66103,22.97013],[72.66085,22.96937]]}},{"type":"Feature","properties":{"name":"Sardar Patel Ring Road","highway":"trunk","policy":""},"geometry":{"type":"LineString","coordinates":[[72.66133,22.97171],[72.66173,22.97332],[72.66174,22.97335],[72.66194,22.97432],[72.66228,22.97567],[72.66242,22.97642],[72.66272,22.97835],[72.66276,22.97861],[72.66286,22.9793],[72.66291,22.97953],[72.6634,22.98218],[72.66342,22.98227],[72.66353,22.9827],[72.66373,22.98381],[72.66397,22.98508],[72.66402,22.98541],[72.66413,22.98627],[72.66419,22.98657],[72.66421,22.98673],[72.66432,22.98748],[72.6645,22.98899],[72.66455,22.98928],[72.66467,22.98997],[72.66468,22.99],[72.66474,22.99035],[72.66497,22.99152],[72.6652,22.99298],[72.66525,22.99326],[72.66532,22.99373],[72.6659,22.99771],[72.66593,22.9979],[72.66628,22.99988],[72.66644,23.00046],[72.66688,23.00179],[72.66739,23.00333],[72.66746,23.00354]]}},{"type":"Feature","properties":{"name":"Sardar Patel Ring Road","highway":"trunk","policy":""},"geometry":{"type":"LineString","coordinates":[[72.59495,22.92939],[72.59478,22.92941],[72.59468,22.92943],[72.59446,22.92944],[72.59139,22.92935]]}},{"type":"Feature","properties":{"name":"Sardar Patel Ring Road Flyover","highway":"trunk","policy":""},"geometry":{"type":"LineString","coordinates":[[72.67701,23.10999],[72.67725,23.10989],[72.67848,23.10938],[72.67869,23.10926],[72.67894,23.10911],[72.68005,23.10819],[72.68079,23.10756],[72.68095,23.10743],[72.68105,23.10735],[72.68118,23.10724],[72.68159,23.10691],[72.68165,23.10686],[72.68173,23.10679],[72.68259,23.10608],[72.68342,23.10524],[72.68394,23.10462],[72.68433,23.10397],[72.6846,23.10342],[72.68493,23.10263],[72.68528,23.10115]]}},{"type":"Feature","properties":{"name":"Sardar Patel Ring Road","highway":"trunk","policy":""},"geometry":{"type":"LineString","coordinates":[[72.68745,23.08518],[72.68746,23.08492],[72.68746,23.08455],[72.68751,23.08316],[72.68752,23.08236],[72.68754,23.0819],[72.68759,23.08144],[72.68787,23.07933],[72.68798,23.07849],[72.68799,23.07838],[72.68809,23.07766],[72.68826,23.07669],[72.68851,23.07493]]}},{"type":"Feature","properties":{"name":"Aslali Circle","highway":"trunk","policy":""},"geometry":{"type":"LineString","coordinates":[[72.59495,22.92939],[72.59494,22.92943],[72.59492,22.92955],[72.59495,22.92967],[72.59501,22.92975]]}},{"type":"Feature","properties":{"name":"Sardar Patel Ring Road","highway":"trunk","policy":""},"geometry":{"type":"LineString","coordinates":[[72.6895,23.0606],[72.68915,23.05967],[72.68883,23.05907],[72.68841,23.05827],[72.68544,23.05373],[72.68543,23.05371],[72.6854,23.05367],[72.6843,23.05198],[72.68423,23.05188],[72.68376,23.05116],[72.68309,23.05011],[72.68245,23.0491],[72.68194,23.04821],[72.68184,23.04799],[72.68177,23.04783],[72.68159,23.04744],[72.68065,23.04507],[72.68019,23.04391],[72.67968,23.04264]]}},{"type":"Feature","properties":{"name":"Sardar Patel Ring Road","highway":"trunk","policy":""},"geometry":{"type":"LineString","coordinates":[[72.48544,22.94585],[72.48546,22.94574],[72.48546,22.94569],[72.4855,22.94557],[72.48617,22.94447],[72.48659,22.94384],[72.48705,22.94329],[72.48775,22.94271],[72.48861,22.94213],[72.49262,22.93945],[72.49274,22.93937]]}},{"type":"Feature","properties":{"name":"Sardar Patel Ring Road","highway":"trunk","policy":""},"geometry":{"type":"LineString","coordinates":[[72.64009,22.94115],[72.63592,22.93873],[72.63518,22.93828]]}},{"type":"Feature","properties":{"name":"Sardar Patel Ring Road","highway":"trunk","policy":""},"geometry":{"type":"LineString","coordinates":[[72.59108,22.92934],[72.59032,22.92932],[72.58919,22.92923],[72.58811,22.92907],[72.58799,22.92906],[72.58338,22.92834],[72.58292,22.92827],[72.58151,22.92804],[72.57965,22.92774],[72.57858,22.92753],[72.5777,22.92726],[72.57683,22.92696],[72.57456,22.92611],[72.57413,22.92597],[72.57399,22.92592],[72.57389,22.92589],[72.57317,22.9257],[72.57248,22.92561],[72.57164,22.92553],[72.5685,22.92516],[72.56719,22.92501],[72.56309,22.92463],[72.5588,22.92432],[72.55677,22.92417],[72.55438,22.92399],[72.55143,22.92378],[72.55074,22.92373]]}},{"type":"Feature","properties":{"name":"NH48","highway":"trunk","policy":""},"geometry":{"type":"LineString","coordinates":[[72.67346,23.1118],[72.67373,23.11231],[72.67402,23.11289],[72.67438,23.11362],[72.67446,23.11378],[72.67478,23.11441],[72.67497,23.11483],[72.67502,23.11495],[72.67513,23.11519],[72.67536,23.11563],[72.67551,23.11571],[72.67574,23.11617],[72.67587,23.11646],[72.67626,23.11722],[72.67635,23.11747],[72.67676,23.11832]]}},{"type":"Feature","properties":{"name":"Sardar Patel Ring Road","highway":"trunk","policy":""},"geometry":{"type":"LineString","coordinates":[[72.59557,22.92973],[72.59579,22.92964],[72.596,22.92961],[72.59629,22.92962],[72.59875,22.92971],[72.60194,22.92982],[72.60299,22.92988],[72.60368,22.92998],[72.60434,22.93012],[72.6072,22.93088],[72.60878,22.93132]]}},{"type":"Feature","properties":{"name":"Sardar Patel Ring Road","highway":"trunk","policy":""},"geometry":{"type":"LineString","coordinates":[[72.60895,22.93137],[72.60906,22.9314],[72.61109,22.93192],[72.6171,22.93352],[72.61793,22.93374],[72.62076,22.93449],[72.62124,22.93462],[72.62472,22.93555],[72.62709,22.93618],[72.62831,22.93649],[72.62879,22.93661],[72.62993,22.93683],[72.63146,22.93706],[72.63253,22.93723],[72.63304,22.93737],[72.63354,22.93754],[72.63404,22.93774],[72.63514,22.93835]]}},{"type":"Feature","properties":{"name":"Sardar Patel Ring Road","highway":"trunk","policy":""},"geometry":{"type":"LineString","coordinates":[[72.68535,23.10082],[72.68568,23.09944],[72.68607,23.09752],[72.68614,23.09717],[72.68619,23.09693],[72.68633,23.09626],[72.68681,23.094],[72.68682,23.09392]]}},{"type":"Feature","properties":{"name":"Sardar Patel Ring Road","highway":"trunk","policy":""},"geometry":{"type":"LineString","coordinates":[[72.67955,23.0427],[72.68005,23.04397],[72.68152,23.04757],[72.68183,23.04827],[72.68237,23.04916],[72.68301,23.05016],[72.68368,23.05122],[72.68411,23.05188],[72.68417,23.05199],[72.6853,23.05373],[72.68533,23.05377],[72.68534,23.05378],[72.68829,23.05833],[72.68902,23.05972],[72.6893,23.06059]]}},{"type":"Feature","properties":{"name":"NH48;NH47;SH3","highway":"trunk","policy":""},"geometry":{"type":"LineString","coordinates":[[72.65671,22.95737],[72.65664,22.95734],[72.6566,22.95733],[72.65648,22.95734],[72.65641,22.95737],[72.65636,22.95742],[72.65631,22.95752],[72.6563,22.95758],[72.65632,22.95765],[72.65635,22.95771],[72.65641,22.95776],[72.65647,22.95779],[72.65653,22.9578],[72.65665,22.95779],[72.65671,22.95776],[72.65677,22.95771],[72.65681,22.95762],[72.65682,22.95759],[72.65682,22.95753],[72.6568,22.95748],[72.65677,22.95742],[72.65671,22.95737]]}},{"type":"Feature","properties":{"name":"Sardar Patel Ring Road","highway":"trunk","policy":""},"geometry":{"type":"LineString","coordinates":[[72.59139,22.92935],[72.59108,22.92934]]}},{"type":"Feature","properties":{"name":"Sardar Patel Ring Road","highway":"trunk","policy":""},"geometry":{"type":"LineString","coordinates":[[72.64003,22.94121],[72.64083,22.94165],[72.64248,22.9427],[72.64373,22.94342],[72.64419,22.94369],[72.64531,22.94433],[72.64537,22.94436],[72.64682,22.94523],[72.6478,22.94585],[72.64799,22.94602],[72.64809,22.94611],[72.64843,22.94653],[72.64869,22.94685],[72.64897,22.94721],[72.64925,22.94757],[72.65369,22.95371]]}},{"type":"Feature","properties":{"name":"Sardar Patel Ring Road","highway":"trunk","policy":""},"geometry":{"type":"LineString","coordinates":[[72.68682,23.09392],[72.68692,23.09348]]}},{"type":"Feature","properties":{"name":"Sardar Patel Ring Road Flyover","highway":"trunk","policy":""},"geometry":{"type":"LineString","coordinates":[[72.66077,22.96941],[72.66095,22.97017]]}},{"type":"Feature","properties":{"name":"Sardar Patel Ring Road","highway":"trunk","policy":""},"geometry":{"type":"LineString","coordinates":[[72.68838,23.07476],[72.68814,23.0767],[72.68797,23.07765],[72.68786,23.07844],[72.68776,23.07913],[72.68774,23.0793],[72.68766,23.07985],[72.68765,23.07996],[72.68756,23.0806],[72.68745,23.08144],[72.6874,23.08189],[72.68739,23.08211],[72.68739,23.08217],[72.68738,23.08234],[72.68741,23.08318],[72.68735,23.08492],[72.68735,23.08503]]}},{"type":"Feature","properties":{"name":"Sardar Patel Ring Road","highway":"trunk","policy":""},"geometry":{"type":"LineString","coordinates":[[72.59148,22.92947],[72.59427,22.92955],[72.59456,22.92958],[72.59478,22.92963],[72.59501,22.92975]]}},{"type":"Feature","properties":{"name":"Sardar Patel Ring Road","highway":"trunk","policy":""},"geometry":{"type":"LineString","coordinates":[[72.63514,22.93835],[72.64003,22.94121]]}},{"type":"Feature","properties":{"name":"Sardar Patel Ring Road","highway":"trunk","policy":""},"geometry":{"type":"LineString","coordinates":[[72.6867,23.0937],[72.68669,23.09377],[72.68622,23.09624],[72.68607,23.09694],[72.68596,23.0975],[72.68585,23.09805],[72.68584,23.09809],[72.68556,23.09944],[72.6848,23.10262]]}},{"type":"Feature","properties":{"name":"Sardar Patel Ring Road","highway":"trunk","policy":""},"geometry":{"type":"LineString","coordinates":[[72.67179,23.0203],[72.67164,23.0196],[72.67147,23.01894],[72.67061,23.01641],[72.67029,23.01546],[72.66984,23.01327]]}},{"type":"Feature","properties":{"name":"NH48","highway":"trunk","policy":""},"geometry":{"type":"LineString","coordinates":[[72.68934,23.06591],[72.68928,23.06591],[72.68917,23.06598],[72.68913,23.06604],[72.68913,23.06613],[72.68915,23.06617],[72.68917,23.0662],[72.68926,23.06626],[72.68932,23.06627],[72.68938,23.06626],[72.68946,23.06621],[72.6895,23.06616],[72.68951,23.0661],[72.68951,23.06605],[72.68949,23.066],[72.68941,23.06593],[72.68934,23.06591]]}},{"type":"Feature","properties":{"name":"Sardar Patel Ring Road","highway":"trunk","policy":""},"geometry":{"type":"LineString","coordinates":[[72.60878,22.93132],[72.60895,22.93137]]}},{"type":"Feature","properties":{"name":"Sardar Patel Ring Road Flyover","highway":"trunk","policy":""},"geometry":{"type":"LineString","coordinates":[[72.68733,23.08542],[72.68712,23.08891],[72.68712,23.08903],[72.68711,23.08921],[72.68704,23.09145],[72.68693,23.09264],[72.6869,23.0929]]}},{"type":"Feature","properties":{"name":"Sardar Patel Ring Road","highway":"trunk","policy":""},"geometry":{"type":"LineString","coordinates":[[72.63518,22.93828],[72.63408,22.93766],[72.6336,22.93746],[72.63307,22.93728],[72.63257,22.93714],[72.63149,22.93697],[72.62995,22.93671],[72.62882,22.9365],[72.62844,22.9364],[72.62712,22.93604],[72.62479,22.93544],[72.62084,22.93439],[72.61798,22.93364],[72.61796,22.93364],[72.61716,22.93342],[72.61112,22.93179],[72.60897,22.93124]]}},{"type":"Feature","properties":{"name":"NH48","highway":"trunk","policy":""},"geometry":{"type":"LineString","coordinates":[[72.67324,23.11089],[72.67314,23.11094],[72.67309,23.11098],[72.67306,23.11103],[72.67303,23.11107],[72.67302,23.11113],[72.67302,23.11124],[72.67305,23.11132],[72.67312,23.1114],[72.67319,23.11145],[72.67326,23.11147],[72.6733,23.11148],[72.67338,23.11149],[72.67349,23.11146],[72.67356,23.11142],[72.67363,23.11134],[72.67365,23.1113],[72.67368,23.11122],[72.67368,23.11112],[72.67365,23.11104],[72.67358,23.11095],[72.67352,23.11091],[72.67343,23.11089],[72.67338,23.11087],[72.67324,23.11089]]}},{"type":"Feature","properties":{"name":"Sardar Patel Ring Road","highway":"trunk","policy":""},"geometry":{"type":"LineString","coordinates":[[72.68676,23.09347],[72.6867,23.0937]]}},{"type":"Feature","properties":{"name":"Sardar Patel Ring Road","highway":"trunk","policy":""},"geometry":{"type":"LineString","coordinates":[[72.60881,22.93119],[72.60727,22.93077],[72.6044,22.93001],[72.60372,22.92987],[72.60301,22.92977],[72.60194,22.92971],[72.59875,22.92959],[72.59622,22.92951],[72.59601,22.92949],[72.59583,22.92946],[72.59559,22.92937]]}},{"type":"Feature","properties":{"name":"Sardar Patel Ring Road","highway":"trunk","policy":""},"geometry":{"type":"LineString","coordinates":[[72.53824,22.92982],[72.53414,22.93319]]}},{"type":"Feature","properties":{"name":"Sardar Patel Ring Road","highway":"trunk","policy":""},"geometry":{"type":"LineString","coordinates":[[72.5411,22.9273],[72.54103,22.92743],[72.54094,22.92757],[72.54054,22.92793],[72.53824,22.92982]]}},{"type":"Feature","properties":{"name":"Sardar Patel Ring Road","highway":"trunk","policy":""},"geometry":{"type":"LineString","coordinates":[[72.53832,22.9299],[72.54063,22.92801],[72.54105,22.92766],[72.54118,22.9276],[72.54136,22.92755]]}},{"type":"Feature","properties":{"name":"Sardar Patel Ring Road","highway":"trunk","policy":""},"geometry":{"type":"LineString","coordinates":[[72.55072,22.92384],[72.55141,22.9239],[72.55438,22.9241],[72.55676,22.92428],[72.55812,22.92438],[72.56316,22.92475],[72.56717,22.92513],[72.56839,22.92526],[72.57161,22.92564],[72.57244,22.92572],[72.57315,22.92581],[72.57384,22.92599],[72.57409,22.92608],[72.57452,22.92622],[72.57677,22.92707],[72.57767,22.92737],[72.57852,22.92764],[72.57939,22.92781],[72.57959,22.92785],[72.57973,22.92787],[72.58337,22.92845],[72.58794,22.92916],[72.58804,22.92917],[72.58917,22.92935],[72.5903,22.92944],[72.59116,22.92946]]}},{"type":"Feature","properties":{"name":"Sardar Patel Ring Road","highway":"trunk","policy":""},"geometry":{"type":"LineString","coordinates":[[72.53423,22.93325],[72.53832,22.9299]]}},{"type":"Feature","properties":{"name":"NH47","highway":"trunk","policy":""},"geometry":{"type":"LineString","coordinates":[[72.45245,22.93464],[72.45232,22.93449]]}},{"type":"Feature","properties":{"name":"NH47","highway":"trunk","policy":""},"geometry":{"type":"LineString","coordinates":[[72.46374,22.94804],[72.46438,22.94879],[72.46456,22.94899],[72.46607,22.95077],[72.46774,22.95264],[72.46826,22.95326],[72.46937,22.95456],[72.47011,22.95544],[72.47019,22.95554]]}},{"type":"Feature","properties":{"name":"NH47","highway":"trunk","policy":""},"geometry":{"type":"LineString","coordinates":[[72.45223,22.93454],[72.45237,22.93472]]}},{"type":"Feature","properties":{"name":"Flyover","highway":"trunk","policy":""},"geometry":{"type":"LineString","coordinates":[[72.49323,22.98173],[72.49278,22.98033],[72.49274,22.98019],[72.49267,22.98004],[72.49264,22.97997],[72.49259,22.97984],[72.49242,22.97949],[72.4923,22.97928],[72.49225,22.9792],[72.49196,22.97883],[72.49144,22.97831],[72.49075,22.97765],[72.49004,22.97694],[72.48876,22.9756]]}},{"type":"Feature","properties":{"name":"NH47","highway":"trunk","policy":""},"geometry":{"type":"LineString","coordinates":[[72.47042,22.95561],[72.47029,22.95546]]}},{"type":"Feature","properties":{"name":"NH47","highway":"trunk","policy":""},"geometry":{"type":"LineString","coordinates":[[72.47019,22.95554],[72.47031,22.95569]]}},{"type":"Feature","properties":{"name":"NH47","highway":"trunk","policy":""},"geometry":{"type":"LineString","coordinates":[[72.47029,22.95546],[72.47009,22.95522],[72.46946,22.95449],[72.46878,22.95368],[72.46849,22.95334],[72.46818,22.95298],[72.46785,22.95259],[72.46491,22.94914],[72.46471,22.9489],[72.46443,22.94858],[72.46388,22.94793]]}},{"type":"Feature","properties":{"name":"NH47","highway":"trunk","policy":""},"geometry":{"type":"LineString","coordinates":[[72.47031,22.95569],[72.47033,22.95571],[72.47131,22.95688],[72.47165,22.95725],[72.4722,22.95789],[72.47262,22.95846],[72.47506,22.96137],[72.4752,22.96154],[72.47539,22.96181],[72.47559,22.96207]]}},{"type":"Feature","properties":{"name":"Sardar Patel Ring Road","highway":"trunk","policy":""},"geometry":{"type":"LineString","coordinates":[[72.50347,22.93616],[72.50878,22.93577],[72.51353,22.93542],[72.51864,22.93496],[72.5193,22.93492],[72.51977,22.93488],[72.5203,22.93483],[72.52119,22.93471],[72.52212,22.93462],[72.52236,22.93459],[72.52467,22.93436],[72.52893,22.934],[72.53217,22.93374],[72.53289,22.93367],[72.53327,22.93364],[72.53372,22.93353],[72.53394,22.93344],[72.53415,22.93331],[72.53423,22.93325]]}},{"type":"Feature","properties":{"name":"Sardar Patel Ring Road","highway":"trunk","policy":""},"geometry":{"type":"LineString","coordinates":[[72.6601,22.96639],[72.66062,22.9687]]}},{"type":"Feature","properties":{"name":"Sardar Patel Ring Road Underpass","highway":"trunk","policy":""},"geometry":{"type":"LineString","coordinates":[[72.54294,23.13612],[72.543,23.13611],[72.54322,23.13609],[72.54346,23.13606],[72.54415,23.13598],[72.54609,23.13576]]}},{"type":"Feature","properties":{"name":"Sardar Patel Ring Road","highway":"trunk","policy":""},"geometry":{"type":"LineString","coordinates":[[72.64641,23.11547],[72.64908,23.11552],[72.6516,23.1156]]}},{"type":"Feature","properties":{"name":"Sardar Patel Ring Road","highway":"trunk","policy":""},"geometry":{"type":"LineString","coordinates":[[72.53927,23.13641],[72.53889,23.13646],[72.53826,23.13651],[72.53746,23.13653],[72.53649,23.13647],[72.53115,23.13556],[72.52968,23.13524],[72.52835,23.13483],[72.52765,23.1346],[72.52696,23.13429],[72.52599,23.13377],[72.52566,23.1336],[72.52479,23.13311],[72.52401,23.1326],[72.52375,23.13242],[72.52105,23.13046],[72.51782,23.12811],[72.5167,23.12729],[72.51213,23.12398],[72.51042,23.12266],[72.5103,23.1225],[72.51021,23.12236]]}},{"type":"Feature","properties":{"name":"Sardar Patel Ring Road","highway":"trunk","policy":""},"geometry":{"type":"LineString","coordinates":[[72.47108,22.98138],[72.47105,22.98092],[72.47105,22.98053],[72.47108,22.98002],[72.47115,22.97913],[72.47118,22.97886],[72.47124,22.97856],[72.47133,22.97816],[72.47144,22.97779],[72.47155,22.97746],[72.47164,22.9772],[72.4718,22.97682],[72.472,22.97637],[72.47218,22.97592],[72.47227,22.97575],[72.47239,22.97551],[72.47265,22.97497],[72.47269,22.97491]]}},{"type":"Feature","properties":{"name":"Sardar Patel Ring Road","highway":"trunk","policy":""},"geometry":{"type":"LineString","coordinates":[[72.59095,23.12928],[72.59133,23.12912],[72.59135,23.12911],[72.59177,23.12894],[72.59259,23.12858],[72.59445,23.12779],[72.60359,23.12384],[72.60379,23.12376],[72.60447,23.12348],[72.60857,23.12176],[72.6097,23.12126]]}},{"type":"Feature","properties":{"name":"SG Highway","highway":"trunk","policy":""},"geometry":{"type":"LineString","coordinates":[[72.53853,23.12175],[72.5382,23.12058],[72.53794,23.11976],[72.53784,23.11944],[72.5378,23.1193],[72.53711,23.11693],[72.53706,23.11674],[72.537,23.11655],[72.53652,23.11491],[72.53649,23.11481],[72.53517,23.11034],[72.53486,23.10931],[72.53448,23.10796],[72.5341,23.10661]]}},{"type":"Feature","properties":{"name":"Sardar Patel Ring Road","highway":"trunk","policy":""},"geometry":{"type":"LineString","coordinates":[[72.60978,23.12109],[72.60961,23.12117],[72.6044,23.12339],[72.59349,23.12802],[72.59327,23.12811],[72.59251,23.12844],[72.59149,23.12889],[72.59129,23.12898],[72.59127,23.12899],[72.59092,23.12914]]}},{"type":"Feature","properties":{"name":"Sardar Patel Ring Road Underpass","highway":"trunk","policy":""},"geometry":{"type":"LineString","coordinates":[[72.56051,23.13388],[72.55995,23.13395],[72.55907,23.13416],[72.55847,23.13427]]}},{"type":"Feature","properties":{"name":"Sardar Patel Ring Road Underpass","highway":"trunk","policy":""},"geometry":{"type":"LineString","coordinates":[[72.55847,23.13437],[72.55858,23.13435],[72.55899,23.13427],[72.56009,23.13402],[72.56052,23.13397]]}},{"type":"Feature","properties":{"name":"Sardar Patel Ring Road","highway":"trunk","policy":""},"geometry":{"type":"LineString","coordinates":[[72.57967,23.1313],[72.57525,23.13186],[72.5714,23.13239],[72.56734,23.13296],[72.56455,23.13334],[72.56371,23.13346],[72.56293,23.13356],[72.5609,23.13383]]}},{"type":"Feature","properties":{"name":"Sardar Patel Ring Road","highway":"trunk","policy":""},"geometry":{"type":"LineString","coordinates":[[72.56091,23.13393],[72.56093,23.13392],[72.56123,23.13389],[72.56343,23.1336],[72.57601,23.13189],[72.5785,23.13155],[72.57969,23.13144]]}},{"type":"Feature","properties":{"name":"Pakwan Flyover","highway":"trunk","policy":""},"geometry":{"type":"LineString","coordinates":[[72.50992,23.03444],[72.50983,23.03423],[72.50975,23.03404],[72.50959,23.03367],[72.50938,23.03317],[72.50929,23.03289]]}},{"type":"Feature","properties":{"name":"ISKCON Flyover","highway":"trunk","policy":""},"geometry":{"type":"LineString","coordinates":[[72.50868,23.03104],[72.50816,23.02941],[72.50788,23.02858],[72.50764,23.02777],[72.5075,23.02736],[72.50748,23.02726],[72.50741,23.02703],[72.50736,23.02689],[72.50726,23.02661],[72.50674,23.02494],[72.5064,23.02387],[72.50591,23.02231]]}},{"type":"Feature","properties":{"name":"NH147","highway":"trunk","policy":""},"geometry":{"type":"LineString","coordinates":[[72.50884,23.03198],[72.5089,23.03221],[72.50924,23.03327],[72.50936,23.03359],[72.5094,23.03368]]}},{"type":"Feature","properties":{"name":"NH147","highway":"trunk","policy":""},"geometry":{"type":"LineString","coordinates":[[72.5049,23.01893],[72.50474,23.01843],[72.50458,23.01791],[72.50453,23.01774],[72.50397,23.01597],[72.50354,23.01461],[72.50274,23.01205],[72.50266,23.01181],[72.50262,23.01169],[72.50257,23.01151],[72.50213,23.01013],[72.50205,23.00988],[72.502,23.0097],[72.50151,23.00819],[72.50148,23.00809],[72.50072,23.00563],[72.50054,23.00506],[72.49886,22.99967],[72.49874,22.99926],[72.49814,22.9974],[72.49813,22.99735],[72.49803,22.99704],[72.49768,22.99594],[72.49714,22.99422],[72.49647,22.99211],[72.49628,22.9915]]}},{"type":"Feature","properties":{"name":"ISKCON Flyover","highway":"trunk","policy":""},"geometry":{"type":"LineString","coordinates":[[72.50579,23.02236],[72.50683,23.02567],[72.50715,23.02665],[72.50723,23.02693],[72.50727,23.02706],[72.50739,23.02741],[72.50751,23.02779],[72.50819,23.02986],[72.50838,23.0305],[72.50855,23.03106]]}},{"type":"Feature","properties":{"name":"NH947","highway":"trunk","policy":""},"geometry":{"type":"LineString","coordinates":[[72.48899,22.98715],[72.48891,22.98715],[72.48851,22.98717],[72.4884,22.98717],[72.48804,22.98718],[72.48762,22.98719],[72.48723,22.9872],[72.48579,22.98724],[72.48566,22.98724],[72.48204,22.98733],[72.47895,22.98742],[72.47857,22.98743],[72.47848,22.98744],[72.47838,22.98744],[72.47831,22.98744],[72.47614,22.98749],[72.47308,22.98754],[72.47273,22.98754],[72.47234,22.98755],[72.47188,22.98756],[72.47159,22.98754]]}},{"type":"Feature","properties":{"name":"NH147","highway":"trunk","policy":""},"geometry":{"type":"LineString","coordinates":[[72.49677,22.99357],[72.49771,22.99661],[72.49799,22.99752],[72.49849,22.99904],[72.49869,22.99971],[72.49901,23.00074],[72.49922,23.00141],[72.49963,23.00273],[72.49993,23.0037],[72.50033,23.00495],[72.50064,23.00593],[72.5007,23.00611],[72.50087,23.00666],[72.50122,23.00777],[72.50135,23.0082],[72.50138,23.0083],[72.50184,23.00977],[72.50189,23.00993],[72.50205,23.01046],[72.50227,23.01114],[72.50244,23.01168],[72.50248,23.0118],[72.50251,23.0119],[72.50262,23.01226],[72.50292,23.01322],[72.50374,23.01584],[72.50383,23.01612],[72.50473,23.01897],[72.50476,23.01906],[72.5049,23.01955],[72.5051,23.02015],[72.50547,23.02133]]}},{"type":"Feature","properties":{"name":"Shantipura circle","highway":"trunk","policy":""},"geometry":{"type":"LineString","coordinates":[[72.4713,22.98765],[72.47139,22.98765],[72.4716,22.98763]]}},{"type":"Feature","properties":{"name":"NH947","highway":"trunk","policy":""},"geometry":{"type":"LineString","coordinates":[[72.4706,22.98764],[72.47092,22.98763],[72.47115,22.98764],[72.4713,22.98765]]}},{"type":"Feature","properties":{"name":"NH947","highway":"trunk","policy":""},"geometry":{"type":"LineString","coordinates":[[72.47848,22.98751],[72.48204,22.98741],[72.48451,22.98734],[72.48502,22.98733],[72.4854,22.98732],[72.48566,22.98731],[72.4873,22.98728],[72.48873,22.98725],[72.48891,22.98725],[72.48911,22.98724],[72.48935,22.98722],[72.4914,22.98718],[72.49265,22.98715],[72.49343,22.98712],[72.49413,22.98711],[72.49434,22.98713],[72.49457,22.98714]]}},{"type":"Feature","properties":{"name":"NH947","highway":"trunk","policy":""},"geometry":{"type":"LineString","coordinates":[[72.447,22.98684],[72.44812,22.98712],[72.44927,22.98736],[72.45054,22.98758],[72.45122,22.98767],[72.45149,22.98771],[72.45276,22.98784],[72.45403,22.9879],[72.45491,22.98788],[72.45714,22.98786],[72.4574,22.98786],[72.4582,22.98785],[72.46182,22.98779],[72.46234,22.98778],[72.46279,22.98777],[72.46528,22.98773],[72.46538,22.98773],[72.46662,22.98771],[72.46927,22.98766],[72.46989,22.98765],[72.4706,22.98764]]}},{"type":"Feature","properties":{"name":"NH947","highway":"trunk","policy":""},"geometry":{"type":"LineString","coordinates":[[72.4706,22.98755],[72.46989,22.98757],[72.46927,22.98758],[72.46662,22.98762],[72.46539,22.98764],[72.46385,22.98766],[72.45821,22.98774],[72.45742,22.98775],[72.45734,22.98775],[72.45723,22.98775],[72.45717,22.98775],[72.4549,22.98778],[72.45405,22.98779],[72.45279,22.98774],[72.45158,22.98762],[72.45123,22.98757],[72.45115,22.98756],[72.45054,22.98747],[72.44928,22.98725],[72.44814,22.98701],[72.44706,22.98676]]}},{"type":"Feature","properties":{"name":"Sardar Patel Ring Road","highway":"trunk","policy":""},"geometry":{"type":"LineString","coordinates":[[72.49809,22.93699],[72.49841,22.93682],[72.49932,22.93655],[72.50004,22.93643],[72.50347,22.93616]]}},{"type":"Feature","properties":{"name":"Sardar Patel Ring Road","highway":"trunk","policy":""},"geometry":{"type":"LineString","coordinates":[[72.49268,22.93927],[72.48765,22.94262],[72.48695,22.94322],[72.48644,22.94382],[72.48592,22.94466],[72.48541,22.94548],[72.48525,22.94562],[72.48518,22.94566],[72.48507,22.9457]]}},{"type":"Feature","properties":{"name":"NH47;NH751;SH4","highway":"trunk","policy":""},"geometry":{"type":"LineString","coordinates":[[72.49783,22.93714],[72.49787,22.93714],[72.49792,22.93714],[72.49797,22.93712],[72.49802,22.93709],[72.49806,22.93706],[72.49807,22.93704],[72.49809,22.93699],[72.49809,22.93694],[72.49808,22.93688],[72.49804,22.93684],[72.498,22.9368],[72.49795,22.93677],[72.49788,22.93677],[72.49782,22.93677],[72.49777,22.9368],[72.49773,22.93683],[72.4977,22.93688],[72.49768,22.93694],[72.49769,22.93701],[72.49772,22.93706],[72.49777,22.93711],[72.49783,22.93714]]}},{"type":"Feature","properties":{"name":"Sardar Patel Ring Road","highway":"trunk","policy":""},"geometry":{"type":"LineString","coordinates":[[72.53414,22.93319],[72.53408,22.93323],[72.53387,22.93333],[72.53374,22.93338],[72.53359,22.93344],[72.53326,22.93352],[72.53291,22.93356],[72.53217,22.93362],[72.52895,22.93388],[72.52468,22.93424],[72.52443,22.93427],[72.52209,22.93451],[72.52111,22.93459],[72.52028,22.93465],[72.51975,22.93469],[72.51932,22.93474],[72.51864,22.93484],[72.51359,22.9353],[72.50879,22.93565],[72.5052,22.93591],[72.50346,22.93604],[72.49995,22.93632],[72.49928,22.93643],[72.49825,22.93672],[72.49801,22.93676],[72.49795,22.93677]]}},{"type":"Feature","properties":{"name":"NH47;SH142","highway":"trunk","policy":""},"geometry":{"type":"LineString","coordinates":[[72.54112,22.92743],[72.54116,22.92749],[72.54122,22.92753],[72.54128,22.92755],[72.54136,22.92755],[72.54143,22.92753],[72.54148,22.92749],[72.54153,22.92744],[72.54155,22.92738],[72.54155,22.92732],[72.54153,22.92726],[72.54149,22.92721],[72.54144,22.92717],[72.54138,22.92714],[72.54131,22.92713],[72.54124,22.92715],[72.54117,22.92719],[72.54113,22.92724],[72.5411,22.9273],[72.5411,22.92737],[72.54112,22.92743]]}},{"type":"Feature","properties":{"name":"freight corridor","highway":"trunk","policy":""},"geometry":{"type":"LineString","coordinates":[[72.64427,22.9436],[72.64419,22.94369]]}},{"type":"Feature","properties":{"name":"freight corridor","highway":"trunk","policy":""},"geometry":{"type":"LineString","coordinates":[[72.55074,22.92373],[72.55073,22.9238],[72.55072,22.92384]]}},{"type":"Feature","properties":{"name":"Sardar Patel Ring Road","highway":"trunk","policy":""},"geometry":{"type":"LineString","coordinates":[[72.47269,22.97491],[72.47273,22.97469],[72.47308,22.9739],[72.47339,22.97323],[72.47368,22.97264]]}},{"type":"Feature","properties":{"name":"NH147","highway":"trunk","policy":""},"geometry":{"type":"LineString","coordinates":[[72.47559,22.96207],[72.47596,22.96247],[72.47647,22.96301],[72.47666,22.96323],[72.47738,22.964],[72.47787,22.9645],[72.4788,22.96546],[72.48094,22.96768]]}},{"type":"Feature","properties":{"name":"NH47","highway":"trunk","policy":""},"geometry":{"type":"LineString","coordinates":[[72.4755,22.96158],[72.4752,22.96129],[72.47513,22.9612],[72.47435,22.96029],[72.47261,22.95818],[72.47143,22.95677],[72.47044,22.95565],[72.47042,22.95561]]}},{"type":"Feature","properties":{"name":"Sardar Patel Ring Road","highway":"trunk","policy":""},"geometry":{"type":"LineString","coordinates":[[72.47357,22.97259],[72.47323,22.97311],[72.47291,22.97381],[72.47255,22.9746],[72.47255,22.97476]]}},{"type":"Feature","properties":{"name":"Sardar Patel Ring Road","highway":"trunk","policy":""},"geometry":{"type":"LineString","coordinates":[[72.47357,22.97259],[72.47335,22.97309],[72.473,22.97386],[72.47266,22.97461],[72.47255,22.97476]]}},{"type":"Feature","properties":{"name":"Sardar Patel Ring Road","highway":"trunk","policy":""},"geometry":{"type":"LineString","coordinates":[[72.47357,22.97259],[72.47328,22.97311],[72.47295,22.97384],[72.4726,22.97461],[72.47255,22.97476]]}},{"type":"Feature","properties":{"name":"Sardar Patel Ring Road","highway":"trunk","policy":""},"geometry":{"type":"LineString","coordinates":[[72.47269,22.97491],[72.47275,22.97477],[72.47278,22.97471],[72.47313,22.97392],[72.47342,22.97324],[72.47368,22.97264]]}},{"type":"Feature","properties":{"name":"Sardar Patel Ring Road","highway":"trunk","policy":""},"geometry":{"type":"LineString","coordinates":[[72.47269,22.97491],[72.47278,22.97479],[72.47285,22.97466],[72.47316,22.97393],[72.47346,22.97325],[72.47368,22.97264]]}},{"type":"Feature","properties":{"name":"Sardar Patel Ring Road","highway":"trunk","policy":""},"geometry":{"type":"LineString","coordinates":[[72.47255,22.97476],[72.47249,22.97491],[72.47242,22.97507],[72.47226,22.97545],[72.47206,22.97589],[72.47188,22.97633],[72.47169,22.97676],[72.47152,22.97717],[72.47142,22.97743],[72.47131,22.97778],[72.4712,22.97814],[72.47111,22.97854],[72.47105,22.97886],[72.47102,22.97914],[72.47095,22.98002],[72.47093,22.98054],[72.47093,22.98094],[72.47096,22.98138]]}},{"type":"Feature","properties":{"name":"NH947","highway":"trunk","policy":""},"geometry":{"type":"LineString","coordinates":[[72.47129,22.98753],[72.4711,22.98755],[72.47091,22.98755],[72.4706,22.98755]]}},{"type":"Feature","properties":{"name":"Sardar Patel Ring Road","highway":"trunk","policy":""},"geometry":{"type":"LineString","coordinates":[[72.47248,22.99512],[72.47258,22.99588],[72.47268,22.99649],[72.47277,22.9969],[72.47289,22.99729],[72.47371,22.99941],[72.47512,23.00306],[72.47521,23.00332],[72.47523,23.00338],[72.4753,23.00357],[72.47534,23.00368],[72.47563,23.00446],[72.47567,23.00457],[72.4758,23.00492]]}},{"type":"Feature","properties":{"name":"Vakil Saheb Flyover","highway":"trunk","policy":""},"geometry":{"type":"LineString","coordinates":[[72.47849,23.0334],[72.47839,23.03291],[72.47819,23.03198],[72.47801,23.03126],[72.47681,23.02723],[72.47672,23.02677],[72.47668,23.02642],[72.47669,23.02611],[72.47673,23.02581],[72.47677,23.02554],[72.47684,23.02529],[72.47696,23.02497],[72.4775,23.02384],[72.4779,23.023],[72.47853,23.02185],[72.47909,23.02083]]}},{"type":"Feature","properties":{"name":"Sardar Patel Ring Road","highway":"trunk","policy":""},"geometry":{"type":"LineString","coordinates":[[72.48014,23.05341],[72.48021,23.05366],[72.4803,23.05391],[72.4809,23.05581],[72.48157,23.05776],[72.48171,23.05814],[72.48198,23.05873],[72.4822,23.05916],[72.48269,23.06015],[72.48519,23.06522],[72.48525,23.06534],[72.48644,23.06773],[72.48673,23.06837],[72.48697,23.06897],[72.48703,23.06914],[72.48706,23.06921],[72.48742,23.07022],[72.48771,23.07099],[72.48835,23.07273],[72.48878,23.0739]]}},{"type":"Feature","properties":{"name":"Sardar Patel Ring Road Flyover","highway":"trunk","policy":""},"geometry":{"type":"LineString","coordinates":[[72.48017,23.04432],[72.4802,23.04481],[72.48018,23.04537],[72.48015,23.04593],[72.48004,23.04709]]}},{"type":"Feature","properties":{"name":"Sardar Patel Ring Road Flyover","highway":"trunk","policy":""},"geometry":{"type":"LineString","coordinates":[[72.47997,23.05256],[72.47991,23.05232],[72.47982,23.05192],[72.47979,23.0515],[72.47978,23.05107],[72.47979,23.05063],[72.47982,23.05029],[72.47986,23.04978],[72.47991,23.04942],[72.47997,23.04877],[72.48014,23.0471]]}},{"type":"Feature","properties":{"name":"Sardar Patel Ring Road Flyover","highway":"trunk","policy":""},"geometry":{"type":"LineString","coordinates":[[72.48019,23.05315],[72.48004,23.05286],[72.47997,23.05256]]}},{"type":"Feature","properties":{"name":"Sardar Patel Ring Road Flyover","highway":"trunk","policy":""},"geometry":{"type":"LineString","coordinates":[[72.47989,23.05258],[72.47996,23.05288],[72.48001,23.05317]]}},{"type":"Feature","properties":{"name":"freight corridor","highway":"trunk","policy":""},"geometry":{"type":"LineString","coordinates":[[72.48019,23.05315],[72.48015,23.05313],[72.4801,23.05313],[72.48005,23.05314],[72.48001,23.05317],[72.47998,23.05321]]}},{"type":"Feature","properties":{"name":"Sardar Patel Ring Road","highway":"trunk","policy":""},"geometry":{"type":"LineString","coordinates":[[72.49427,23.08876],[72.49434,23.08894],[72.49485,23.09041],[72.49526,23.0915],[72.49539,23.09184],[72.49557,23.09233],[72.49569,23.09266],[72.49761,23.09779],[72.49831,23.09969],[72.50025,23.10486],[72.50124,23.10757],[72.5032,23.11292],[72.50437,23.11602],[72.50439,23.11614],[72.50439,23.11625],[72.50437,23.11638]]}},{"type":"Feature","properties":{"name":"Sardar Patel Ring Road","highway":"trunk","policy":""},"geometry":{"type":"LineString","coordinates":[[72.48891,23.07386],[72.4889,23.07384],[72.48848,23.0727],[72.48783,23.07095],[72.48754,23.07018],[72.48713,23.06905],[72.48707,23.06892],[72.48701,23.06874],[72.48697,23.06865],[72.48684,23.06833],[72.48656,23.06769],[72.48537,23.06531],[72.4853,23.06516],[72.48485,23.06423],[72.4828,23.0601],[72.4823,23.05909],[72.48209,23.05868],[72.48183,23.05811],[72.48169,23.05773],[72.48105,23.05584],[72.48047,23.05405],[72.48041,23.05387],[72.48029,23.05348],[72.48026,23.05333]]}},{"type":"Feature","properties":{"name":"freight corridor","highway":"trunk","policy":""},"geometry":{"type":"LineString","coordinates":[[72.50437,23.11638],[72.50434,23.11653],[72.50474,23.11757],[72.50504,23.11825],[72.50531,23.11873],[72.50563,23.11916],[72.50607,23.11962],[72.50655,23.12008],[72.50773,23.12094],[72.50825,23.12133],[72.5093,23.1222],[72.50968,23.12248],[72.50985,23.12253],[72.51007,23.12257],[72.51015,23.12253],[72.5102,23.12245],[72.51021,23.12236],[72.51018,23.12228],[72.51008,23.12218],[72.50841,23.12085],[72.50802,23.12055],[72.50771,23.12032],[72.50691,23.11968],[72.5065,23.1193],[72.50625,23.11905],[72.506,23.11877],[72.50577,23.11847],[72.50553,23.11802],[72.50529,23.11749],[72.50521,23.11729],[72.50514,23.11714],[72.50483,23.11673],[72.50471,23.11643],[72.50464,23.11632],[72.50456,23.11629],[72.50449,23.1163],[72.50442,23.11633],[72.50437,23.11638]]}},{"type":"Feature","properties":{"name":"Sardar Patel Ring Road","highway":"trunk","policy":""},"geometry":{"type":"LineString","coordinates":[[72.50464,23.11632],[72.50392,23.11449],[72.50326,23.11274],[72.50304,23.11213],[72.50216,23.10975],[72.50088,23.10626],[72.49967,23.103],[72.49841,23.09958],[72.49796,23.09837],[72.49687,23.09546],[72.49549,23.09175],[72.49528,23.09116],[72.49523,23.09103],[72.49451,23.08908],[72.49438,23.08868]]}},{"type":"Feature","properties":{"name":"Sardar Patel Ring Road","highway":"trunk","policy":""},"geometry":{"type":"LineString","coordinates":[[72.50985,23.12253],[72.51009,23.12263],[72.51029,23.12274],[72.51107,23.12334],[72.51199,23.12403],[72.51655,23.12734],[72.51774,23.1282],[72.52099,23.13055],[72.52395,23.13269],[72.52473,23.13321],[72.52554,23.13368],[72.52688,23.1344],[72.52759,23.1347],[72.5279,23.1348],[72.52829,23.13492],[72.52965,23.13536],[72.53111,23.13569],[72.53647,23.13658],[72.53743,23.13664],[72.53831,23.13662],[72.53928,23.13654]]}},{"type":"Feature","properties":{"name":"NH47","highway":"trunk","policy":""},"geometry":{"type":"LineString","coordinates":[[72.67312,23.02496],[72.67336,23.02496],[72.6737,23.02498],[72.67395,23.02499],[72.67467,23.02509],[72.67543,23.02524],[72.67585,23.02533],[72.67621,23.02541],[72.67689,23.02559],[72.67709,23.02565],[72.67723,23.0257],[72.67827,23.02605],[72.67872,23.0262],[72.67943,23.02637],[72.68019,23.02651],[72.681,23.02654],[72.68198,23.02648],[72.68457,23.02626],[72.68572,23.02616],[72.68639,23.02611],[72.68676,23.02606],[72.68937,23.02575],[72.68964,23.02571],[72.69033,23.02565],[72.6908,23.02561],[72.69121,23.02558],[72.69171,23.02549],[72.69236,23.02531],[72.69266,23.02521],[72.69418,23.02444],[72.69552,23.02376],[72.69634,23.02336],[72.69857,23.02223],[72.69864,23.02219],[72.70165,23.02067],[72.70205,23.02046],[72.70383,23.01953],[72.70523,23.01879],[72.70625,23.01826],[72.70766,23.01752],[72.70957,23.01656]]}},{"type":"Feature","properties":{"name":"Sardar Patel Ring Road","highway":"trunk","policy":""},"geometry":{"type":"LineString","coordinates":[[72.63167,23.11695],[72.63188,23.11683],[72.63205,23.11677],[72.63247,23.11668],[72.63326,23.11651],[72.63439,23.11629],[72.63577,23.11599],[72.63951,23.11535],[72.63998,23.11532],[72.64034,23.11529],[72.64283,23.11542],[72.64335,23.11542],[72.6443,23.11544],[72.64641,23.11547]]}},{"type":"Feature","properties":{"name":"Bhat Circle","highway":"trunk","policy":""},"geometry":{"type":"LineString","coordinates":[[72.63162,23.11662],[72.63146,23.11655],[72.63136,23.11651],[72.63126,23.11651],[72.63116,23.11652],[72.63108,23.11656],[72.631,23.11662],[72.63095,23.1167],[72.63092,23.11684],[72.63093,23.11693],[72.63095,23.11701],[72.63099,23.11709],[72.63106,23.11714],[72.63118,23.11716],[72.63129,23.11717],[72.63139,23.11715],[72.63149,23.11711],[72.63163,23.11703],[72.63165,23.11699],[72.63167,23.11695],[72.63167,23.11687],[72.63167,23.11678],[72.63165,23.11669],[72.63162,23.11662]]}},{"type":"Feature","properties":{"name":"Sardar Patel Ring Road","highway":"trunk","policy":""},"geometry":{"type":"LineString","coordinates":[[72.64039,23.11519],[72.64023,23.11518],[72.63949,23.11523],[72.63575,23.11586],[72.63437,23.11617],[72.63321,23.11641],[72.63244,23.11654],[72.63198,23.11663],[72.63183,23.11664],[72.6317,23.11663],[72.63162,23.11662]]}},{"type":"Feature","properties":{"name":"Sardar Patel Ring Road","highway":"trunk","policy":""},"geometry":{"type":"LineString","coordinates":[[72.6516,23.1156],[72.65304,23.11564],[72.65475,23.11564],[72.65629,23.11566],[72.65666,23.11564],[72.65703,23.11557],[72.65826,23.11531],[72.65837,23.11529],[72.65854,23.11525],[72.66429,23.11419]]}},{"type":"Feature","properties":{"name":"Sardar Patel Ring Road","highway":"trunk","policy":""},"geometry":{"type":"LineString","coordinates":[[72.65161,23.11548],[72.6491,23.11539],[72.6464,23.11534]]}},{"type":"Feature","properties":{"name":"Sardar Patel Ring Road","highway":"trunk","policy":""},"geometry":{"type":"LineString","coordinates":[[72.66418,23.11409],[72.65852,23.11513],[72.65833,23.11517],[72.65822,23.11519],[72.65701,23.11545],[72.65664,23.11552],[72.65629,23.11555],[72.65476,23.11552],[72.65304,23.11553],[72.65231,23.11547],[72.65203,23.11547],[72.65161,23.11548]]}},{"type":"Feature","properties":{"name":"Ahmadabad Vadodara Expressway","highway":"motorway","policy":""},"geometry":{"type":"LineString","coordinates":[[72.69444,22.95129],[72.69048,22.95342],[72.68122,22.95839],[72.68068,22.95868]]}},{"type":"Feature","properties":{"name":"Ahmadabad Vadodara Expressway","highway":"motorway","policy":""},"geometry":{"type":"LineString","coordinates":[[72.6945,22.95142],[72.69465,22.95134]]}},{"type":"Feature","properties":{"name":"Ahmadabad Vadodara Expressway","highway":"motorway","policy":""},"geometry":{"type":"LineString","coordinates":[[72.69458,22.95121],[72.69444,22.95129]]}},{"type":"Feature","properties":{"name":"Ahmadabad Vadodara Expressway","highway":"motorway","policy":""},"geometry":{"type":"LineString","coordinates":[[72.69465,22.95134],[72.69552,22.95086],[72.69868,22.94916]]}},{"type":"Feature","properties":{"name":"NH48","highway":"trunk","policy":""},"geometry":{"type":"LineString","coordinates":[[72.67934,23.12329],[72.67883,23.12229]]}},{"type":"Feature","properties":{"name":"NH48","highway":"trunk","policy":""},"geometry":{"type":"LineString","coordinates":[[72.69293,23.14712],[72.69273,23.14679],[72.69156,23.14494],[72.69113,23.14428],[72.69084,23.1438]]}},{"type":"Feature","properties":{"name":"NH48","highway":"trunk","policy":""},"geometry":{"type":"LineString","coordinates":[[72.67865,23.12223],[72.67904,23.12298],[72.67922,23.12334]]}},{"type":"Feature","properties":{"name":"NH48","highway":"trunk","policy":""},"geometry":{"type":"LineString","coordinates":[[72.67922,23.12334],[72.67987,23.1247],[72.68056,23.12615],[72.68101,23.12701],[72.68107,23.12712]]}},{"type":"Feature","properties":{"name":"NH48","highway":"trunk","policy":""},"geometry":{"type":"LineString","coordinates":[[72.67883,23.12229],[72.67874,23.1221],[72.67823,23.12105],[72.67804,23.12068],[72.67743,23.11947]]}},{"type":"Feature","properties":{"name":"NH48","highway":"trunk","policy":""},"geometry":{"type":"LineString","coordinates":[[72.68119,23.12706],[72.68051,23.12575],[72.67999,23.12465],[72.6798,23.12424],[72.67934,23.12329]]}},{"type":"Feature","properties":{"name":"NH48","highway":"trunk","policy":""},"geometry":{"type":"LineString","coordinates":[[72.67733,23.11951],[72.67811,23.12111],[72.67865,23.12223]]}},{"type":"Feature","properties":{"name":"NH48","highway":"trunk","policy":""},"geometry":{"type":"LineString","coordinates":[[72.68873,23.1404],[72.6884,23.13987],[72.68739,23.13827],[72.68663,23.13706],[72.6854,23.13509],[72.68454,23.13368],[72.68413,23.13296],[72.68333,23.13139],[72.68289,23.13047],[72.68244,23.12956],[72.6821,23.12886],[72.68175,23.12817],[72.68128,23.12725]]}},{"type":"Feature","properties":{"name":"NH751","highway":"trunk","policy":""},"geometry":{"type":"LineString","coordinates":[[72.49788,22.93677],[72.49786,22.93673],[72.49778,22.93659],[72.49766,22.93638],[72.49756,22.93617],[72.49747,22.93609]]}},{"type":"Feature","properties":{"name":"NH751","highway":"trunk","policy":""},"geometry":{"type":"LineString","coordinates":[[72.49747,22.93609],[72.49747,22.9362],[72.49768,22.93673],[72.4977,22.93688]]}},{"type":"Feature","properties":{"name":"NH751","highway":"trunk","policy":""},"geometry":{"type":"LineString","coordinates":[[72.47086,22.87854],[72.47151,22.87917],[72.47306,22.88064],[72.47482,22.88226],[72.47709,22.88426],[72.47778,22.88492],[72.47827,22.88552],[72.4814,22.88977],[72.48207,22.89067],[72.48242,22.89124],[72.48261,22.8917],[72.48277,22.89216],[72.48288,22.89265],[72.48291,22.89296],[72.48304,22.89408],[72.4834,22.89725],[72.48351,22.89819],[72.48377,22.90038],[72.48399,22.90247],[72.48422,22.90463],[72.48461,22.90763],[72.48519,22.91179],[72.48568,22.91545],[72.48575,22.91598],[72.48606,22.91815],[72.48612,22.91844],[72.48625,22.91866],[72.48642,22.91895],[72.48719,22.92001],[72.49107,22.92528],[72.49331,22.9284],[72.49412,22.92952],[72.49492,22.93062],[72.49541,22.93138],[72.4957,22.93196],[72.49679,22.93445],[72.49698,22.93487],[72.49747,22.93609]]}},{"type":"Feature","properties":{"name":"Ahmadabad Vadodara Expressway","highway":"motorway","policy":""},"geometry":{"type":"LineString","coordinates":[[72.69942,22.9486],[72.69862,22.94902]]}},{"type":"Feature","properties":{"name":"Ahmadabad Vadodara Expressway","highway":"motorway","policy":""},"geometry":{"type":"LineString","coordinates":[[72.69868,22.94916],[72.69946,22.94875]]}},{"type":"Feature","properties":{"name":"Ahmadabad Vadodara Expressway","highway":"motorway","policy":""},"geometry":{"type":"LineString","coordinates":[[72.69862,22.94902],[72.69458,22.95121]]}},{"type":"Feature","properties":{"name":"Ahmadabad Vadodara Expressway","highway":"motorway","policy":""},"geometry":{"type":"LineString","coordinates":[[72.69946,22.94875],[72.7034,22.94663],[72.71138,22.94214],[72.71838,22.93816],[72.72292,22.9356]]}},{"type":"Feature","properties":{"name":"Ahmadabad Vadodara Expressway","highway":"motorway","policy":""},"geometry":{"type":"LineString","coordinates":[[72.76193,22.91384],[72.7586,22.917],[72.75792,22.91753],[72.75717,22.91806],[72.7562,22.9187],[72.7552,22.9193],[72.7541,22.9199],[72.74528,22.92424],[72.74163,22.92604]]}},{"type":"Feature","properties":{"name":"NH47","highway":"trunk","policy":""},"geometry":{"type":"LineString","coordinates":[[72.70976,23.01646],[72.71031,23.01618],[72.71427,23.01421],[72.71643,23.01315],[72.71766,23.01259],[72.71885,23.01199],[72.72021,23.0113],[72.72051,23.01115],[72.72096,23.01093],[72.72113,23.01084],[72.72145,23.01066],[72.72176,23.01047],[72.72249,23.00996],[72.72289,23.00963],[72.72347,23.00911],[72.7239,23.00861],[72.72446,23.00792],[72.72592,23.00601]]}},{"type":"Feature","properties":{"name":"NH47","highway":"trunk","policy":""},"geometry":{"type":"LineString","coordinates":[[72.72582,23.00595],[72.72506,23.00693],[72.72491,23.00712],[72.72399,23.00835],[72.72373,23.00865],[72.72341,23.00897],[72.72275,23.0096],[72.7224,23.00989],[72.72175,23.01033],[72.7217,23.01036],[72.72128,23.01063],[72.72107,23.01073],[72.71969,23.01145],[72.71864,23.01198],[72.71782,23.01239],[72.71672,23.01289],[72.71342,23.01451],[72.71025,23.01609],[72.7097,23.01636]]}},{"type":"Feature","properties":{"name":"NH47","highway":"trunk","policy":""},"geometry":{"type":"LineString","coordinates":[[72.74973,23.00475],[72.74952,23.00473]]}},{"type":"Feature","properties":{"name":"NH47","highway":"trunk","policy":""},"geometry":{"type":"LineString","coordinates":[[72.7097,23.01636],[72.70951,23.01646]]}},{"type":"Feature","properties":{"name":"NH47","highway":"trunk","policy":""},"geometry":{"type":"LineString","coordinates":[[72.74952,23.00484],[72.74974,23.00486]]}},{"type":"Feature","properties":{"name":"NH47","highway":"trunk","policy":""},"geometry":{"type":"LineString","coordinates":[[72.70957,23.01656],[72.70976,23.01646]]}},{"type":"Feature","properties":{"name":"NH47","highway":"trunk","policy":""},"geometry":{"type":"LineString","coordinates":[[72.72632,23.00531],[72.72582,23.00595]]}},{"type":"Feature","properties":{"name":"NH47","highway":"trunk","policy":""},"geometry":{"type":"LineString","coordinates":[[72.72592,23.00601],[72.72641,23.00539]]}},{"type":"Feature","properties":{"name":"NH47","highway":"trunk","policy":""},"geometry":{"type":"LineString","coordinates":[[72.70951,23.01646],[72.70795,23.01724],[72.70618,23.01816],[72.70582,23.01835],[72.70518,23.01869],[72.70296,23.01987],[72.70243,23.02015],[72.70177,23.0205],[72.70056,23.02112],[72.69955,23.02164],[72.69854,23.02214],[72.69681,23.02301],[72.6963,23.02327],[72.69595,23.02344],[72.69474,23.02406],[72.69405,23.02441],[72.69368,23.0246],[72.69316,23.02485],[72.69258,23.02513],[72.6923,23.02521],[72.69201,23.0253],[72.69197,23.02531],[72.69174,23.02536],[72.69136,23.02544],[72.69101,23.02548],[72.69032,23.02556],[72.68936,23.02566],[72.68675,23.02599],[72.68641,23.02603],[72.68609,23.02605],[72.68571,23.02608],[72.68471,23.02616],[72.68456,23.02618],[72.68287,23.02631],[72.68246,23.02634],[72.68198,23.02638],[72.68099,23.02644],[72.68095,23.02644],[72.68035,23.02642],[72.68021,23.02641],[72.67968,23.02633],[72.67938,23.02628],[72.67875,23.02614],[72.67831,23.02599],[72.67815,23.02593],[72.67713,23.02558],[72.6769,23.02552],[72.67667,23.02545],[72.67625,23.02534],[72.67477,23.02501],[72.67459,23.02498],[72.67398,23.0249],[72.67357,23.02488],[72.67341,23.02487],[72.67308,23.02486],[72.67266,23.02484]]}},{"type":"Feature","properties":{"name":"NH47","highway":"trunk","policy":""},"geometry":{"type":"LineString","coordinates":[[72.74952,23.00473],[72.74708,23.00453],[72.74569,23.00441],[72.74452,23.00432],[72.74443,23.0043],[72.74373,23.00418],[72.74327,23.00407],[72.74311,23.00401],[72.74255,23.00379],[72.74233,23.00367],[72.74187,23.00344],[72.7414,23.00315],[72.73976,23.00218],[72.73882,23.00164],[72.73839,23.00142],[72.73792,23.00123],[72.73738,23.00108],[72.73685,23.00098],[72.7363,23.00095],[72.73603,23.00096],[72.73574,23.00097],[72.73477,23.00109],[72.73438,23.00114],[72.73124,23.00158],[72.73086,23.00166],[72.73052,23.00176],[72.73044,23.00179]]}},{"type":"Feature","properties":{"name":"NH47","highway":"trunk","policy":""},"geometry":{"type":"LineString","coordinates":[[72.72641,23.00539],[72.72675,23.00494],[72.72709,23.00453],[72.72816,23.00357],[72.72925,23.00258],[72.72959,23.00235],[72.72996,23.00209],[72.73041,23.00192],[72.73055,23.00187]]}},{"type":"Feature","properties":{"name":"NH47","highway":"trunk","policy":""},"geometry":{"type":"LineString","coordinates":[[72.74974,23.00486],[72.7515,23.00501],[72.75508,23.00531],[72.7558,23.00537],[72.75632,23.00536],[72.75678,23.00534],[72.75724,23.00531],[72.758,23.00522],[72.75887,23.00512],[72.76068,23.00501],[72.76158,23.00496]]}},{"type":"Feature","properties":{"name":"SG Highway","highway":"trunk","policy":""},"geometry":{"type":"LineString","coordinates":[[72.53294,23.10315],[72.53312,23.10388],[72.53319,23.1041],[72.53338,23.10479],[72.53347,23.10511],[72.53392,23.10666],[72.5344,23.10823],[72.53477,23.10955],[72.53505,23.11045],[72.53584,23.11325],[72.53651,23.1155],[72.53771,23.11949],[72.5378,23.11979],[72.53796,23.12037],[72.53833,23.1218]]}},{"type":"Feature","properties":{"name":"Sola Overbridge","highway":"trunk","policy":""},"geometry":{"type":"LineString","coordinates":[[72.52963,23.09119],[72.52857,23.08762],[72.52833,23.08671],[72.5282,23.08624],[72.52664,23.08084],[72.52542,23.07673],[72.52527,23.07626],[72.52475,23.07454],[72.52407,23.07218],[72.52345,23.06978],[72.52339,23.06953],[72.52331,23.06921],[72.52315,23.06859],[72.52307,23.06823],[72.52277,23.06718],[72.52254,23.06637],[72.52236,23.06575],[72.52215,23.06508],[72.52203,23.0647],[72.52186,23.06434],[72.5213,23.06251],[72.52109,23.06182],[72.52082,23.06095],[72.52076,23.06068],[72.52059,23.06012],[72.52028,23.05903],[72.52016,23.05864],[72.52015,23.05858],[72.52008,23.05837],[72.51963,23.05688],[72.5193,23.05574],[72.51879,23.05397],[72.51854,23.05311]]}},{"type":"Feature","properties":{"name":"Ahmadabad Vadodara Expressway","highway":"motorway","policy":""},"geometry":{"type":"LineString","coordinates":[[72.74109,22.92648],[72.74171,22.92617]]}},{"type":"Feature","properties":{"name":"Ahmadabad Vadodara Expressway","highway":"motorway","policy":""},"geometry":{"type":"LineString","coordinates":[[72.74163,22.92604],[72.74102,22.92634]]}},{"type":"Feature","properties":{"name":"Ahmadabad Vadodara Expressway","highway":"motorway","policy":""},"geometry":{"type":"LineString","coordinates":[[72.74102,22.92634],[72.73756,22.92807],[72.73337,22.93014]]}},{"type":"Feature","properties":{"name":"Ahmadabad Vadodara Expressway","highway":"motorway","policy":""},"geometry":{"type":"LineString","coordinates":[[72.74171,22.92617],[72.74586,22.92413],[72.75312,22.92058],[72.75457,22.91985],[72.75613,22.91894],[72.75727,22.9182],[72.7585,22.91729],[72.75967,22.91627],[72.76206,22.91392]]}},{"type":"Feature","properties":{"name":"Aslali Circle","highway":"trunk","policy":""},"geometry":{"type":"LineString","coordinates":[[72.5956,22.92968],[72.59564,22.92959],[72.59564,22.92948],[72.59559,22.92937]]}},{"type":"Feature","properties":{"name":"Aslali Circle","highway":"trunk","policy":""},"geometry":{"type":"LineString","coordinates":[[72.59559,22.92937],[72.59558,22.92935],[72.59555,22.92932],[72.59552,22.92929],[72.59549,22.92926],[72.59536,22.92921],[72.59522,22.9292],[72.59514,22.92921]]}},{"type":"Feature","properties":{"name":"Aslali Circle","highway":"trunk","policy":""},"geometry":{"type":"LineString","coordinates":[[72.59514,22.92921],[72.59507,22.92927],[72.595,22.92932],[72.59495,22.92939]]}},{"type":"Feature","properties":{"name":"Aslali Circle","highway":"trunk","policy":""},"geometry":{"type":"LineString","coordinates":[[72.59545,22.92983],[72.5955,22.92979],[72.59552,22.92978],[72.59553,22.92976],[72.59557,22.92973],[72.5956,22.92968]]}},{"type":"Feature","properties":{"name":"Aslali Circle","highway":"trunk","policy":""},"geometry":{"type":"LineString","coordinates":[[72.5951,22.92982],[72.59521,22.92986],[72.59533,22.92986],[72.59545,22.92983]]}},{"type":"Feature","properties":{"name":"Aslali Circle","highway":"trunk","policy":""},"geometry":{"type":"LineString","coordinates":[[72.59501,22.92975],[72.59503,22.92977],[72.5951,22.92982]]}},{"type":"Feature","properties":{"name":"Ahmadabad Vadodara Expressway","highway":"motorway","policy":""},"geometry":{"type":"LineString","coordinates":[[72.66356,22.96815],[72.66168,22.96922],[72.65983,22.9703]]}},{"type":"Feature","properties":{"name":"Ahmadabad Vadodara Expressway","highway":"motorway","policy":""},"geometry":{"type":"LineString","coordinates":[[72.65983,22.9703],[72.65338,22.974]]}},{"type":"Feature","properties":{"name":"Ahmadabad Vadodara Expressway","highway":"motorway","policy":""},"geometry":{"type":"LineString","coordinates":[[72.68051,22.95893],[72.68072,22.95882]]}},{"type":"Feature","properties":{"name":"Ahmadabad Vadodara Expressway","highway":"motorway","policy":""},"geometry":{"type":"LineString","coordinates":[[72.68072,22.95882],[72.68638,22.95577],[72.6945,22.95142]]}},{"type":"Feature","properties":{"name":"Ahmadabad Vadodara Expressway","highway":"motorway","policy":""},"geometry":{"type":"LineString","coordinates":[[72.68047,22.95879],[72.67182,22.96345],[72.67056,22.96413],[72.66356,22.96815]]}},{"type":"Feature","properties":{"name":"Ahmadabad Vadodara Expressway","highway":"motorway","policy":""},"geometry":{"type":"LineString","coordinates":[[72.68068,22.95868],[72.68047,22.95879]]}},{"type":"Feature","properties":{"name":"Ahmadabad Vadodara Expressway","highway":"motorway","policy":""},"geometry":{"type":"LineString","coordinates":[[72.73245,22.93075],[72.73319,22.93039]]}},{"type":"Feature","properties":{"name":"Ahmadabad Vadodara Expressway","highway":"motorway","policy":""},"geometry":{"type":"LineString","coordinates":[[72.73319,22.93039],[72.7376,22.92821],[72.74109,22.92648]]}},{"type":"Feature","properties":{"name":"Ahmadabad Vadodara Expressway","highway":"motorway","policy":""},"geometry":{"type":"LineString","coordinates":[[72.72286,22.93548],[72.71836,22.93802],[72.71134,22.942],[72.70331,22.94652],[72.70038,22.94809],[72.69942,22.9486]]}},{"type":"Feature","properties":{"name":"Ahmadabad Vadodara Expressway","highway":"motorway","policy":""},"geometry":{"type":"LineString","coordinates":[[72.73337,22.93014],[72.73241,22.93062]]}},{"type":"Feature","properties":{"name":"NH47","highway":"trunk","policy":""},"geometry":{"type":"LineString","coordinates":[[72.73055,23.00187],[72.73085,23.00177],[72.73138,23.00167],[72.73311,23.00143],[72.73474,23.00121],[72.73559,23.00109],[72.73608,23.00106],[72.73658,23.00107],[72.73705,23.00113],[72.73747,23.00122],[72.738,23.00138],[72.73856,23.00162],[72.73911,23.00194],[72.74106,23.00308],[72.74191,23.00358],[72.74227,23.00378],[72.74267,23.00396],[72.7428,23.00401],[72.7436,23.00427],[72.74416,23.00437],[72.74481,23.00443],[72.74538,23.00448],[72.74569,23.00451],[72.74708,23.00463],[72.74952,23.00484]]}},{"type":"Feature","properties":{"name":"NH47","highway":"trunk","policy":""},"geometry":{"type":"LineString","coordinates":[[72.73044,23.00179],[72.73039,23.00181],[72.73038,23.00181],[72.73005,23.00195],[72.72961,23.00221],[72.72928,23.00245],[72.72817,23.00343],[72.72696,23.00452],[72.72664,23.00489],[72.72632,23.00531]]}},{"type":"Feature","properties":{"name":"NH47","highway":"trunk","policy":""},"geometry":{"type":"LineString","coordinates":[[72.76156,23.00484],[72.76137,23.00485],[72.75853,23.00504],[72.75767,23.00515],[72.75707,23.00522],[72.75646,23.00526],[72.75596,23.00526],[72.75404,23.00511],[72.75095,23.00485],[72.74973,23.00475]]}},{"type":"Feature","properties":{"name":"Shantipura Flyover","highway":"trunk","policy":""},"geometry":{"type":"LineString","coordinates":[[72.47257,22.99488],[72.47254,22.99463],[72.47243,22.99394],[72.47233,22.99342],[72.4723,22.99316],[72.47222,22.99253],[72.47214,22.99204],[72.47204,22.99143],[72.4719,22.99047],[72.47184,22.99001],[72.47169,22.98902],[72.47162,22.98856],[72.47155,22.98814],[72.47153,22.988],[72.47151,22.98781],[72.47149,22.98757],[72.47145,22.98719],[72.47144,22.98702],[72.47143,22.98675],[72.47133,22.98524],[72.47121,22.98353]]}},{"type":"Feature","properties":{"name":"Vakil Saheb Flyover","highway":"trunk","policy":""},"geometry":{"type":"LineString","coordinates":[[72.47897,23.02076],[72.47836,23.02185],[72.47777,23.02293],[72.47733,23.02375],[72.47683,23.02492],[72.4767,23.02529],[72.4766,23.02584],[72.47656,23.02622],[72.47658,23.02664],[72.47669,23.02722],[72.47788,23.03129],[72.47807,23.03198],[72.47827,23.03293],[72.47837,23.03343]]}},{"type":"Feature","properties":{"name":"Sardar Patel Ring Road Flyover","highway":"trunk","policy":""},"geometry":{"type":"LineString","coordinates":[[72.48004,23.04709],[72.47982,23.04941],[72.47978,23.04978],[72.47973,23.05028],[72.47971,23.05063],[72.47969,23.05107],[72.4797,23.0515],[72.47974,23.05193],[72.47982,23.05234],[72.47989,23.05258]]}},{"type":"Feature","properties":{"name":"Sardar Patel Ring Road Flyover","highway":"trunk","policy":""},"geometry":{"type":"LineString","coordinates":[[72.48014,23.0471],[72.48023,23.04594],[72.48026,23.04538],[72.48029,23.04481],[72.48026,23.04432]]}},{"type":"Feature","properties":{"name":"Sardar Patel Ring Road","highway":"trunk","policy":""},"geometry":{"type":"LineString","coordinates":[[72.66607,22.99787],[72.66604,22.99768],[72.66541,22.99371],[72.66532,22.99316],[72.66506,22.99149],[72.66498,22.99089],[72.66492,22.99034],[72.66491,22.98997],[72.66492,22.98972],[72.66492,22.98959],[72.66491,22.98949],[72.66491,22.98938],[72.66489,22.98925],[72.66486,22.98906],[72.66484,22.98892],[72.66481,22.98879],[72.66455,22.9879],[72.66448,22.98763],[72.66444,22.98744],[72.66416,22.98565],[72.66412,22.98538],[72.66408,22.98507],[72.66387,22.98377],[72.66367,22.98267],[72.66355,22.98217],[72.66303,22.97951],[72.66298,22.97929],[72.66288,22.97859],[72.66285,22.97839],[72.66275,22.9777],[72.66268,22.97725],[72.66256,22.9764],[72.6624,22.97563],[72.66207,22.97434],[72.66183,22.9733],[72.66162,22.97252],[72.66158,22.97237]]}},{"type":"Feature","properties":{"name":"Sardar Patel Ring Road","highway":"trunk","policy":""},"geometry":{"type":"LineString","coordinates":[[72.48878,23.0739],[72.48887,23.07413]]}},{"type":"Feature","properties":{"name":"Sardar Patel Ring Road","highway":"trunk","policy":""},"geometry":{"type":"LineString","coordinates":[[72.489,23.07411],[72.48891,23.07386]]}},{"type":"Feature","properties":{"name":"NH48","highway":"trunk","policy":""},"geometry":{"type":"LineString","coordinates":[[72.69084,23.1438],[72.69066,23.14352],[72.68923,23.1412],[72.68873,23.1404]]}},{"type":"Feature","properties":{"name":"NH48","highway":"trunk","policy":""},"geometry":{"type":"LineString","coordinates":[[72.70028,23.15731],[72.69984,23.1567],[72.69948,23.1562],[72.69809,23.15431],[72.6942,23.14896],[72.69382,23.14844],[72.69368,23.14824],[72.69359,23.14811],[72.69339,23.14784],[72.69293,23.14712]]}},{"type":"Feature","properties":{"name":"NH48","highway":"trunk","policy":""},"geometry":{"type":"LineString","coordinates":[[72.69279,23.1471],[72.69342,23.14811],[72.69384,23.14867],[72.69434,23.14937],[72.69503,23.1503],[72.69561,23.15109],[72.69616,23.15184],[72.697,23.15299],[72.69769,23.15395],[72.69843,23.15495],[72.69909,23.15585],[72.69956,23.15648],[72.69966,23.15663],[72.70021,23.15739]]}},{"type":"Feature","properties":{"name":"NH48","highway":"trunk","policy":""},"geometry":{"type":"LineString","coordinates":[[72.68863,23.14047],[72.68899,23.14105],[72.68943,23.14176],[72.68991,23.14256],[72.69032,23.1432],[72.6907,23.14382],[72.69113,23.14447],[72.69158,23.14518],[72.69207,23.14596],[72.69246,23.14656],[72.69279,23.1471]]}},{"type":"Feature","properties":{"name":"NH48","highway":"trunk","policy":""},"geometry":{"type":"LineString","coordinates":[[72.6812,23.12738],[72.6814,23.12774],[72.68166,23.12826],[72.68183,23.12861],[72.6825,23.12994],[72.68294,23.1308],[72.68348,23.13194],[72.68401,23.133],[72.68421,23.13339],[72.68444,23.13377],[72.6847,23.1342],[72.68493,23.13457],[72.68527,23.13508],[72.68565,23.13571],[72.68599,23.13625],[72.68632,23.13678],[72.68654,23.13714],[72.68679,23.13755],[72.68713,23.13808],[72.68747,23.13861],[72.68788,23.13928],[72.68823,23.13983],[72.68827,23.1399],[72.68863,23.14047]]}},{"type":"Feature","properties":{"name":"Sardar Patel Ring Road","highway":"trunk","policy":""},"geometry":{"type":"LineString","coordinates":[[72.62768,23.11775],[72.62802,23.1177]]}},{"type":"Feature","properties":{"name":"Sardar Patel Ring Road","highway":"trunk","policy":""},"geometry":{"type":"LineString","coordinates":[[72.62802,23.1177],[72.62865,23.11757],[72.63038,23.11714],[72.63065,23.11708],[72.63099,23.11709]]}},{"type":"Feature","properties":{"name":"Sardar Patel Ring Road","highway":"trunk","policy":""},"geometry":{"type":"LineString","coordinates":[[72.62795,23.11758],[72.62764,23.11762]]}},{"type":"Feature","properties":{"name":"Sardar Patel Ring Road","highway":"trunk","policy":""},"geometry":{"type":"LineString","coordinates":[[72.63095,23.1167],[72.63081,23.11679],[72.63066,23.1169],[72.6305,23.11695],[72.63029,23.11701],[72.62861,23.11745],[72.62795,23.11758]]}},{"type":"Feature","properties":{"name":"NH48","highway":"trunk","policy":""},"geometry":{"type":"LineString","coordinates":[[72.6769,23.11828],[72.67653,23.1175],[72.67629,23.11697],[72.67627,23.11693],[72.67584,23.11606],[72.67564,23.11566],[72.67568,23.11551],[72.67484,23.11376],[72.6745,23.11308],[72.67442,23.11291],[72.67419,23.11242],[72.67365,23.1113]]}},{"type":"Feature","properties":{"name":"Vaishnodevi Overbridge","highway":"trunk","policy":""},"geometry":{"type":"LineString","coordinates":[[72.54447,23.14159],[72.54388,23.1401],[72.54374,23.13963],[72.54342,23.13862],[72.54293,23.13699],[72.54282,23.13662],[72.54248,23.13543],[72.54238,23.13509],[72.54117,23.13098],[72.54109,23.13059]]}},{"type":"Feature","properties":{"name":"Vaishnodevi Overbridge","highway":"trunk","policy":""},"geometry":{"type":"LineString","coordinates":[[72.54091,23.13062],[72.54106,23.13104],[72.54164,23.13307],[72.5424,23.13563],[72.54269,23.13667],[72.54289,23.13736],[72.54345,23.13922],[72.54377,23.14021],[72.54403,23.14091]]}},{"type":"Feature","properties":{"name":"Odhav Ring Road Flyover","highway":"trunk","policy":""},"geometry":{"type":"LineString","coordinates":[[72.67432,23.02923],[72.67421,23.02896],[72.67381,23.02788],[72.67324,23.02588],[72.67318,23.02567],[72.67301,23.02511],[72.67244,23.02303],[72.67199,23.0211],[72.67185,23.02058]]}},{"type":"Feature","properties":{"name":"Odhav Ring Road Flyover","highway":"trunk","policy":""},"geometry":{"type":"LineString","coordinates":[[72.67173,23.0206],[72.67185,23.02112],[72.67234,23.02307],[72.67289,23.02514],[72.67291,23.02521],[72.6737,23.02792],[72.67411,23.02908],[72.6743,23.02961],[72.6745,23.03008]]}},{"type":"Feature","properties":{"name":"Sardar Patel Ring Road","highway":"trunk","policy":""},"geometry":{"type":"LineString","coordinates":[[72.4977,22.93688],[72.49758,22.93696],[72.49749,22.93702],[72.49725,22.93713],[72.49434,22.93828],[72.49355,22.9387]]}},{"type":"Feature","properties":{"name":"Sardar Patel Ring Road","highway":"trunk","policy":""},"geometry":{"type":"LineString","coordinates":[[72.49325,22.9389],[72.49291,22.93912]]}},{"type":"Feature","properties":{"name":"Sardar Patel Ring Road","highway":"trunk","policy":""},"geometry":{"type":"LineString","coordinates":[[72.4936,22.93881],[72.49418,22.93848],[72.49463,22.9383],[72.4973,22.93726],[72.49759,22.93717],[72.4977,22.93715],[72.49783,22.93714]]}},{"type":"Feature","properties":{"name":"Sardar Patel Ring Road","highway":"trunk","policy":""},"geometry":{"type":"LineString","coordinates":[[72.49295,22.93923],[72.49333,22.93899]]}},{"type":"Feature","properties":{"name":"Sardar Patel Ring Road Flyover","highway":"trunk","policy":""},"geometry":{"type":"LineString","coordinates":[[72.47737,22.95847],[72.4763,22.96018],[72.47584,22.96107],[72.47571,22.96134],[72.47562,22.96151],[72.47538,22.96208],[72.47534,22.96216],[72.47529,22.96228],[72.47524,22.96246],[72.47512,22.96285],[72.47502,22.9633],[72.47497,22.96364],[72.47491,22.96418],[72.47485,22.96468],[72.47486,22.96525],[72.47487,22.96531],[72.47492,22.96588],[72.47497,22.96644],[72.47498,22.96659],[72.47499,22.96666],[72.4751,22.96779],[72.47511,22.96806],[72.4751,22.96852],[72.47503,22.96899],[72.47492,22.96947],[72.47465,22.97015],[72.47456,22.97033],[72.4743,22.9709],[72.47422,22.97109]]}},{"type":"Feature","properties":{"name":"Sardar Patel Ring Road","highway":"trunk","policy":""},"geometry":{"type":"LineString","coordinates":[[72.48036,22.95364],[72.48017,22.95395]]}},{"type":"Feature","properties":{"name":"Sardar Patel Ring Road Flyover","highway":"trunk","policy":""},"geometry":{"type":"LineString","coordinates":[[72.47437,22.97114],[72.47446,22.97098],[72.47474,22.97036],[72.4748,22.97021],[72.47507,22.96952],[72.4752,22.96902],[72.47527,22.96853],[72.47529,22.96806],[72.47526,22.96778],[72.47516,22.96665],[72.47509,22.96606],[72.47503,22.96531],[72.475,22.96468],[72.47503,22.9642],[72.47505,22.96363],[72.47514,22.96311],[72.47522,22.96287],[72.47532,22.96248],[72.47538,22.96231],[72.47543,22.96218],[72.47547,22.9621],[72.47569,22.96155],[72.47576,22.96142],[72.47589,22.96117],[72.47635,22.96026],[72.47652,22.95996],[72.47671,22.95967],[72.47708,22.95907],[72.47745,22.9585]]}},{"type":"Feature","properties":{"name":"Sardar Patel Ring Road","highway":"trunk","policy":""},"geometry":{"type":"LineString","coordinates":[[72.48029,22.95402],[72.48048,22.9537]]}},{"type":"Feature","properties":{"name":"Ahmadabad Vadodara Expressway","highway":"motorway","policy":""},"geometry":{"type":"LineString","coordinates":[[72.73241,22.93062],[72.72895,22.93233],[72.72656,22.9335],[72.72549,22.93404],[72.72481,22.93438],[72.724,22.93482]]}},{"type":"Feature","properties":{"name":"Ahmadabad Vadodara Expressway","highway":"motorway","policy":""},"geometry":{"type":"LineString","coordinates":[[72.72371,22.93499],[72.72286,22.93548]]}},{"type":"Feature","properties":{"name":"Ahmadabad Vadodara Expressway","highway":"motorway","policy":""},"geometry":{"type":"LineString","coordinates":[[72.724,22.93482],[72.72371,22.93499]]}},{"type":"Feature","properties":{"name":"Ahmadabad Vadodara Expressway","highway":"motorway","policy":""},"geometry":{"type":"LineString","coordinates":[[72.72406,22.93494],[72.72483,22.93452],[72.72555,22.93415],[72.72659,22.93364],[72.72899,22.93245],[72.73245,22.93075]]}},{"type":"Feature","properties":{"name":"Ahmadabad Vadodara Expressway","highway":"motorway","policy":""},"geometry":{"type":"LineString","coordinates":[[72.72378,22.93511],[72.72406,22.93494]]}},{"type":"Feature","properties":{"name":"Ahmadabad Vadodara Expressway","highway":"motorway","policy":""},"geometry":{"type":"LineString","coordinates":[[72.72292,22.9356],[72.72378,22.93511]]}},{"type":"Feature","properties":{"name":"Thaltej Underpass","highway":"trunk","policy":""},"geometry":{"type":"LineString","coordinates":[[72.51834,23.05249],[72.51797,23.0514],[72.5175,23.05009]]}},{"type":"Feature","properties":{"name":"Thaltej Underpass","highway":"trunk","policy":""},"geometry":{"type":"LineString","coordinates":[[72.51734,23.0501],[72.51807,23.052],[72.51822,23.05255]]}},{"type":"Feature","properties":{"name":"Pakwan Flyover","highway":"trunk","policy":""},"geometry":{"type":"LineString","coordinates":[[72.51364,23.04205],[72.51336,23.04147],[72.51313,23.041],[72.51293,23.04066],[72.51264,23.04007],[72.51241,23.03962],[72.51198,23.03877],[72.51189,23.03856],[72.51165,23.03806],[72.51093,23.03657],[72.5104,23.03549],[72.50992,23.03444]]}},{"type":"Feature","properties":{"name":"Pakwan Flyover","highway":"trunk","policy":""},"geometry":{"type":"LineString","coordinates":[[72.50985,23.03467],[72.51155,23.03815],[72.51175,23.03858],[72.51187,23.0388],[72.51229,23.03966],[72.51252,23.04012],[72.51285,23.0408],[72.51361,23.04227]]}},{"type":"Feature","properties":{"name":"Flyover","highway":"trunk","policy":""},"geometry":{"type":"LineString","coordinates":[[72.48867,22.9757],[72.49005,22.97715],[72.49132,22.97839],[72.49185,22.9789],[72.49206,22.97918],[72.49219,22.97936],[72.49231,22.97957],[72.49237,22.97967],[72.4924,22.97973],[72.49248,22.97994],[72.49257,22.98016],[72.49275,22.98068],[72.49293,22.98125],[72.49314,22.98191]]}},{"type":"Feature","properties":{"name":"Sanand Chokdi Flyover","highway":"trunk","policy":""},"geometry":{"type":"LineString","coordinates":[[72.49336,22.98266],[72.49385,22.98421],[72.49441,22.986],[72.49453,22.9864],[72.49467,22.98686],[72.49482,22.98729],[72.49492,22.98762],[72.49508,22.98813],[72.49517,22.98842],[72.49553,22.98957],[72.4961,22.99142]]}},{"type":"Feature","properties":{"name":"Sanand Chokdi Flyover","highway":"trunk","policy":""},"geometry":{"type":"LineString","coordinates":[[72.49623,22.99135],[72.49568,22.98961],[72.49529,22.98836],[72.49521,22.98811],[72.49511,22.9878],[72.49496,22.98732],[72.4948,22.98683],[72.49472,22.98657],[72.49454,22.98597],[72.49351,22.98264]]}},{"type":"Feature","properties":{"name":"Sardar Patel Ring Road","highway":"trunk","policy":""},"geometry":{"type":"LineString","coordinates":[[72.6464,23.11534],[72.64508,23.11532],[72.64429,23.11531],[72.64283,23.11524],[72.64039,23.11519]]}},{"type":"Feature","properties":{"name":"Shantipura Flyover","highway":"trunk","policy":""},"geometry":{"type":"LineString","coordinates":[[72.47109,22.98353],[72.4712,22.98525],[72.47124,22.98601],[72.47129,22.98677],[72.47131,22.98704],[72.47133,22.98721],[72.47135,22.98758],[72.47139,22.98783],[72.47142,22.98806],[72.47144,22.98816],[72.47149,22.98852],[72.47157,22.98904],[72.47172,22.99002],[72.47178,22.99044],[72.47194,22.99145],[72.47209,22.99251],[72.47221,22.99315],[72.47221,22.99317],[72.4723,22.99395],[72.47234,22.99416],[72.47245,22.99489]]}},{"type":"Feature","properties":{"name":"Sola Overbridge","highway":"trunk","policy":""},"geometry":{"type":"LineString","coordinates":[[72.5184,23.05312],[72.51903,23.05533],[72.51959,23.05716],[72.52013,23.05899],[72.5204,23.05991],[72.52066,23.06081],[72.52079,23.06126],[72.52088,23.06156],[72.52144,23.06342],[72.52169,23.06422],[72.52177,23.06455],[72.52198,23.06509],[72.52219,23.06579],[72.52235,23.06633],[72.52301,23.06862],[72.52319,23.06927],[72.52334,23.06981],[72.52345,23.07029],[72.52379,23.07166],[72.52422,23.07327],[72.52473,23.07487],[72.52493,23.0756],[72.52516,23.07633],[72.5253,23.07676],[72.52579,23.07833],[72.52613,23.0795],[72.52627,23.07997],[72.52808,23.08628],[72.52821,23.08675],[72.52937,23.09078],[72.52948,23.09122]]}},{"type":"Feature","properties":{"name":"Puna Flyover","highway":"trunk","policy":""},"geometry":{"type":"LineString","coordinates":[[72.58878,23.12996],[72.58866,23.12999],[72.5876,23.13021],[72.58655,23.13039],[72.58553,23.1305],[72.5847,23.13061],[72.5844,23.13065],[72.58422,23.13068],[72.58298,23.13084],[72.58008,23.13124]]}},{"type":"Feature","properties":{"name":"Puna Flyover","highway":"trunk","policy":""},"geometry":{"type":"LineString","coordinates":[[72.5801,23.13138],[72.583,23.13096],[72.58418,23.13081],[72.58461,23.13076],[72.58483,23.13073],[72.58542,23.13065],[72.58754,23.13034],[72.58879,23.13008]]}},{"type":"Feature","properties":{"name":"NH947","highway":"trunk","policy":""},"geometry":{"type":"LineString","coordinates":[[72.49457,22.98697],[72.49421,22.98702],[72.49413,22.98703],[72.49304,22.98706],[72.49276,22.98706],[72.49249,22.98707],[72.48934,22.98714],[72.48899,22.98715]]}},{"type":"Feature","properties":{"name":"NH147","highway":"trunk","policy":""},"geometry":{"type":"LineString","coordinates":[[72.54415,23.14122],[72.5443,23.14157],[72.54442,23.14185],[72.54503,23.14295],[72.54519,23.14327]]}},{"type":"Feature","properties":{"name":"NH147","highway":"trunk","policy":""},"geometry":{"type":"LineString","coordinates":[[72.5449,23.14241],[72.5448,23.14222],[72.54461,23.14185],[72.54447,23.14159]]}},{"type":"Feature","properties":{"name":"Science City Flyover","highway":"trunk","policy":""},"geometry":{"type":"LineString","coordinates":[[72.49076,23.07925],[72.49245,23.08386],[72.4925,23.084],[72.49261,23.08431],[72.49268,23.08451],[72.49282,23.08489],[72.493,23.08536],[72.49404,23.08816],[72.49427,23.08876]]}},{"type":"Feature","properties":{"name":"Science City Flyover","highway":"trunk","policy":""},"geometry":{"type":"LineString","coordinates":[[72.49438,23.08868],[72.49421,23.08823],[72.49393,23.08748],[72.49326,23.08576],[72.49295,23.0849],[72.49283,23.08457],[72.49268,23.08415],[72.49262,23.08396],[72.49256,23.08382],[72.49087,23.07922]]}},{"type":"Feature","properties":{"name":"Sardar Patel Ring Road","highway":"trunk","policy":""},"geometry":{"type":"LineString","coordinates":[[72.67302,23.11113],[72.67289,23.11122],[72.67274,23.1113],[72.67242,23.11143],[72.67184,23.11164],[72.66955,23.11251],[72.66804,23.11305],[72.66631,23.11352],[72.66426,23.11408],[72.66418,23.11409]]}},{"type":"Feature","properties":{"name":"Sardar Patel Ring Road","highway":"trunk","policy":""},"geometry":{"type":"LineString","coordinates":[[72.66429,23.11419],[72.66634,23.11364],[72.66808,23.11316],[72.66954,23.1126],[72.67191,23.11171],[72.67252,23.11151],[72.67285,23.11143],[72.67312,23.1114]]}},{"type":"Feature","properties":{"name":"Sardar Patel Ring Road Flyover","highway":"trunk","policy":""},"geometry":{"type":"LineString","coordinates":[[72.6869,23.0929],[72.68682,23.09325]]}},{"type":"Feature","properties":{"name":"Sardar Patel Ring Road Flyover","highway":"trunk","policy":""},"geometry":{"type":"LineString","coordinates":[[72.68697,23.09323],[72.68703,23.09293]]}},{"type":"Feature","properties":{"name":"SG Highway","highway":"trunk","policy":""},"geometry":{"type":"LineString","coordinates":[[72.5303,23.09359],[72.53024,23.09337],[72.53004,23.09255],[72.52985,23.09183]]}},{"type":"Feature","properties":{"name":"Gota-Chokdi Flyover","highway":"trunk","policy":""},"geometry":{"type":"LineString","coordinates":[[72.53039,23.09441],[72.53117,23.09703],[72.53163,23.09875],[72.53288,23.10295]]}},{"type":"Feature","properties":{"name":"SG Highway","highway":"trunk","policy":""},"geometry":{"type":"LineString","coordinates":[[72.5296,23.09165],[72.52973,23.09212],[72.53004,23.09325],[72.53023,23.09396]]}},{"type":"Feature","properties":{"name":"Gota-Chokdi Flyover","highway":"trunk","policy":""},"geometry":{"type":"LineString","coordinates":[[72.533,23.1029],[72.53239,23.10084],[72.53178,23.09871],[72.53172,23.09847],[72.5316,23.09808],[72.53052,23.09438]]}},{"type":"Feature","properties":{"name":"Sardar Patel Ring Road","highway":"trunk","policy":""},"geometry":{"type":"LineString","coordinates":[[72.55025,23.13521],[72.54673,23.13556],[72.54644,23.13559]]}},{"type":"Feature","properties":{"name":"Sardar Patel Ring Road Underpass","highway":"trunk","policy":""},"geometry":{"type":"LineString","coordinates":[[72.54607,23.13563],[72.54385,23.1359],[72.54339,23.13596],[72.54298,23.136],[72.54292,23.13601]]}},{"type":"Feature","properties":{"name":"Sardar Patel Ring Road","highway":"trunk","policy":""},"geometry":{"type":"LineString","coordinates":[[72.54645,23.13572],[72.54936,23.13539]]}},{"type":"Feature","properties":{"name":"Sardar Patel Ring Road","highway":"trunk","policy":""},"geometry":{"type":"LineString","coordinates":[[72.49079,23.07901],[72.49034,23.07775],[72.489,23.07411]]}},{"type":"Feature","properties":{"name":"Sardar Patel Ring Road","highway":"trunk","policy":""},"geometry":{"type":"LineString","coordinates":[[72.48887,23.07413],[72.49022,23.07781],[72.49068,23.07903]]}},{"type":"Feature","properties":{"name":"Sardar Patel Ring Road","highway":"trunk","policy":""},"geometry":{"type":"LineString","coordinates":[[72.47594,23.00493],[72.47578,23.00452],[72.47549,23.00375],[72.47545,23.00364],[72.47535,23.00335],[72.47532,23.00329],[72.47523,23.00304],[72.47301,22.99727],[72.47289,22.99688],[72.4728,22.99649],[72.4727,22.99587],[72.47262,22.99521]]}},{"type":"Feature","properties":{"name":"Mumatpura Flyover","highway":"trunk","policy":""},"geometry":{"type":"LineString","coordinates":[[72.47603,23.00551],[72.47638,23.00638],[72.47676,23.00745],[72.47707,23.00827],[72.47753,23.00961],[72.47771,23.01004],[72.47892,23.01324],[72.47916,23.01391]]}},{"type":"Feature","properties":{"name":"Mumatpura Flyover","highway":"trunk","policy":""},"geometry":{"type":"LineString","coordinates":[[72.47929,23.01389],[72.47911,23.01342],[72.47784,23.01001],[72.47766,23.00957],[72.47755,23.00926],[72.47718,23.00825],[72.47687,23.00743],[72.47648,23.00631],[72.47616,23.00546]]}},{"type":"Feature","properties":{"name":"Sardar Patel Ring Road","highway":"trunk","policy":""},"geometry":{"type":"LineString","coordinates":[[72.47924,23.01413],[72.4797,23.01538],[72.47999,23.0161],[72.48008,23.01637],[72.48016,23.01668],[72.48025,23.01708],[72.4803,23.01745],[72.48029,23.01778],[72.48024,23.0182],[72.48014,23.01859],[72.48003,23.01885],[72.47983,23.01927],[72.47956,23.01974],[72.47945,23.01995],[72.47901,23.0207]]}},{"type":"Feature","properties":{"name":"Sardar Patel Ring Road","highway":"trunk","policy":""},"geometry":{"type":"LineString","coordinates":[[72.47914,23.02077],[72.47941,23.02027],[72.47952,23.02007],[72.47985,23.01954],[72.48016,23.01894],[72.4803,23.01857],[72.48039,23.01818],[72.48043,23.01777],[72.48041,23.01743],[72.48037,23.01703],[72.48028,23.01665],[72.48019,23.01632],[72.48007,23.01597],[72.47963,23.01478],[72.47936,23.01405]]}},{"type":"Feature","properties":{"name":"Sanand Chokdi Flyover","highway":"trunk","policy":""},"geometry":{"type":"LineString","coordinates":[[72.49351,22.98264],[72.49329,22.9819]]}},{"type":"Feature","properties":{"name":"Flyover","highway":"trunk","policy":""},"geometry":{"type":"LineString","coordinates":[[72.49314,22.98191],[72.49326,22.98234]]}},{"type":"Feature","properties":{"name":"NH147","highway":"trunk","policy":""},"geometry":{"type":"LineString","coordinates":[[72.48848,22.97532],[72.48772,22.97454],[72.48623,22.97298],[72.48606,22.97282],[72.48604,22.97279],[72.48571,22.97245],[72.48436,22.97105],[72.48184,22.96846]]}},{"type":"Feature","properties":{"name":"Sardar Patel Ring Road","highway":"trunk","policy":""},"geometry":{"type":"LineString","coordinates":[[72.48017,22.95395],[72.48016,22.95397],[72.47844,22.95675],[72.47821,22.95711],[72.47788,22.95762],[72.47756,22.95813],[72.47747,22.95829]]}},{"type":"Feature","properties":{"name":"Sardar Patel Ring Road","highway":"trunk","policy":""},"geometry":{"type":"LineString","coordinates":[[72.4776,22.95832],[72.47827,22.95723],[72.4793,22.95563],[72.47985,22.95475],[72.47992,22.95462],[72.48029,22.95402]]}},{"type":"Feature","properties":{"name":"Sardar Patel Ring Road","highway":"trunk","policy":""},"geometry":{"type":"LineString","coordinates":[[72.47411,22.97135],[72.47357,22.97259]]}},{"type":"Feature","properties":{"name":"Sardar Patel Ring Road","highway":"trunk","policy":""},"geometry":{"type":"LineString","coordinates":[[72.47368,22.97264],[72.47426,22.97138]]}},{"type":"Feature","properties":{"name":"freight corridor","highway":"trunk","policy":""},"geometry":{"type":"LineString","coordinates":[[72.59135,23.12911],[72.59129,23.12898]]}},{"type":"Feature","properties":{"name":"NH47","highway":"trunk","policy":""},"geometry":{"type":"LineString","coordinates":[[72.67269,23.02497],[72.67312,23.02496]]}},{"type":"Feature","properties":{"name":"Odhav Ring Road Flyover","highway":"trunk","policy":""},"geometry":{"type":"LineString","coordinates":[[72.6716,23.02004],[72.67173,23.0206]]}},{"type":"Feature","properties":{"name":"Odhav Ring Road Flyover","highway":"trunk","policy":""},"geometry":{"type":"LineString","coordinates":[[72.67185,23.02058],[72.67179,23.0203]]}},{"type":"Feature","properties":{"name":"NH47","highway":"trunk","policy":""},"geometry":{"type":"LineString","coordinates":[[72.44841,22.93007],[72.44852,22.9302],[72.44962,22.93149],[72.45048,22.93251]]}},{"type":"Feature","properties":{"name":"NH47","highway":"trunk","policy":""},"geometry":{"type":"LineString","coordinates":[[72.45048,22.93251],[72.4506,22.93265],[72.45161,22.93384],[72.45223,22.93454]]}},{"type":"Feature","properties":{"name":"NH47","highway":"trunk","policy":""},"geometry":{"type":"LineString","coordinates":[[72.45232,22.93449],[72.45229,22.93444],[72.45217,22.93431],[72.45069,22.93255],[72.4506,22.93244]]}},{"type":"Feature","properties":{"name":"Thaltej Underpass","highway":"trunk","policy":""},"geometry":{"type":"LineString","coordinates":[[72.51371,23.04247],[72.51483,23.04474]]}},{"type":"Feature","properties":{"name":"Thaltej Underpass","highway":"trunk","policy":""},"geometry":{"type":"LineString","coordinates":[[72.51493,23.04467],[72.51485,23.04451],[72.51424,23.04328],[72.51401,23.04282],[72.51374,23.04224]]}},{"type":"Feature","properties":{"name":"Thaltej Underpass","highway":"trunk","policy":""},"geometry":{"type":"LineString","coordinates":[[72.51483,23.04474],[72.51484,23.04477],[72.51518,23.04547],[72.51552,23.04615]]}},{"type":"Feature","properties":{"name":"Thaltej Underpass","highway":"trunk","policy":""},"geometry":{"type":"LineString","coordinates":[[72.51564,23.04611],[72.51555,23.04593],[72.51493,23.04467]]}},{"type":"Feature","properties":{"name":"NH947","highway":"trunk","policy":""},"geometry":{"type":"LineString","coordinates":[[72.4716,22.98763],[72.47187,22.98762],[72.47234,22.9876],[72.47278,22.98759],[72.47308,22.98759],[72.47388,22.98758],[72.47614,22.98754],[72.4783,22.98751],[72.47848,22.98751]]}},{"type":"Feature","properties":{"name":"NH147","highway":"trunk","policy":""},"geometry":{"type":"LineString","coordinates":[[72.50588,23.02217],[72.50585,23.02208],[72.50582,23.02194],[72.50525,23.02004],[72.50521,23.01992],[72.5051,23.01955],[72.50493,23.01902]]}},{"type":"Feature","properties":{"name":"NH147","highway":"trunk","policy":""},"geometry":{"type":"LineString","coordinates":[[72.50493,23.01902],[72.5049,23.01893]]}},{"type":"Feature","properties":{"name":"Sardar Patel Ring Road","highway":"trunk","policy":""},"geometry":{"type":"LineString","coordinates":[[72.62406,23.11761],[72.62527,23.11776],[72.62569,23.11782],[72.62625,23.11786],[72.62669,23.11786],[72.62708,23.11785],[72.62768,23.11775]]}},{"type":"Feature","properties":{"name":"NH48","highway":"trunk","policy":""},"geometry":{"type":"LineString","coordinates":[[72.68107,23.12712],[72.6812,23.12738]]}},{"type":"Feature","properties":{"name":"NH48","highway":"trunk","policy":""},"geometry":{"type":"LineString","coordinates":[[72.68128,23.12725],[72.68119,23.12706]]}},{"type":"Feature","properties":{"name":"NH48","highway":"trunk","policy":""},"geometry":{"type":"LineString","coordinates":[[72.67743,23.11947],[72.67716,23.1189],[72.6769,23.11828]]}},{"type":"Feature","properties":{"name":"NH48","highway":"trunk","policy":""},"geometry":{"type":"LineString","coordinates":[[72.67676,23.11832],[72.67733,23.11951]]}},{"type":"Feature","properties":{"name":"Mumatpura Flyover","highway":"trunk","policy":""},"geometry":{"type":"LineString","coordinates":[[72.47936,23.01405],[72.47929,23.01389]]}},{"type":"Feature","properties":{"name":"NH48;64","highway":"trunk","policy":""},"geometry":{"type":"LineString","coordinates":[[72.5939,22.90655],[72.59393,22.90674],[72.59401,22.90717],[72.59425,22.9078],[72.59451,22.90843],[72.59494,22.90949],[72.59506,22.90978],[72.59506,22.9098],[72.59571,22.91137],[72.59587,22.91175],[72.59634,22.9129],[72.59678,22.91394],[72.59688,22.91424],[72.59694,22.91453],[72.59695,22.91481],[72.59692,22.91514],[72.59672,22.91602],[72.59655,22.91675],[72.59618,22.9182],[72.59539,22.92136],[72.59534,22.92179],[72.59533,22.92185],[72.59531,22.92212],[72.5953,22.92216],[72.5953,22.9233],[72.59529,22.92362],[72.59528,22.92375],[72.59527,22.92416],[72.59525,22.92481],[72.59525,22.92625],[72.59523,22.92741],[72.5952,22.92838],[72.59519,22.92896],[72.59519,22.92913]]}},{"type":"Feature","properties":{"name":"NH48;64","highway":"trunk","policy":""},"geometry":{"type":"LineString","coordinates":[[72.59388,22.90642],[72.5939,22.90655]]}},{"type":"Feature","properties":{"name":"NH48;64","highway":"trunk","policy":""},"geometry":{"type":"LineString","coordinates":[[72.59534,22.92912],[72.59535,22.9288],[72.59536,22.92838],[72.5954,22.92742],[72.59541,22.92628],[72.5954,22.92481],[72.59543,22.92415],[72.59545,22.92331],[72.59547,22.92282],[72.59548,22.92215],[72.59548,22.92177],[72.59556,22.92137],[72.59635,22.91823],[72.59672,22.91678],[72.59689,22.91604],[72.5971,22.91516],[72.59713,22.91483],[72.59712,22.91453],[72.59704,22.91421],[72.59694,22.91392],[72.59651,22.91284],[72.59605,22.91172],[72.59523,22.90978],[72.5951,22.90946],[72.59505,22.90932],[72.59467,22.90839],[72.59443,22.90778],[72.59416,22.90712],[72.59408,22.90669],[72.59406,22.90654]]}},{"type":"Feature","properties":{"name":"NH48;64","highway":"trunk","policy":""},"geometry":{"type":"LineString","coordinates":[[72.59406,22.90654],[72.59404,22.9064]]}},{"type":"Feature","properties":{"name":"NH48;64","highway":"trunk","policy":""},"geometry":{"type":"LineString","coordinates":[[72.59519,22.92913],[72.59519,22.92991]]}},{"type":"Feature","properties":{"name":"NH48;64","highway":"trunk","policy":""},"geometry":{"type":"LineString","coordinates":[[72.59535,22.9299],[72.59534,22.92912]]}},{"type":"Feature","properties":{"name":"Thaltej Underpass","highway":"trunk","policy":""},"geometry":{"type":"LineString","coordinates":[[72.51731,23.04965],[72.51694,23.04884],[72.51639,23.04767],[72.51627,23.04743]]}},{"type":"Feature","properties":{"name":"Thaltej Underpass","highway":"trunk","policy":""},"geometry":{"type":"LineString","coordinates":[[72.51617,23.04748],[72.51649,23.04816],[72.51716,23.04968]]}},{"type":"Feature","properties":{"name":"Thaltej Underpass","highway":"trunk","policy":""},"geometry":{"type":"LineString","coordinates":[[72.51716,23.04968],[72.51734,23.0501]]}},{"type":"Feature","properties":{"name":"Thaltej Underpass","highway":"trunk","policy":""},"geometry":{"type":"LineString","coordinates":[[72.5175,23.05009],[72.51731,23.04965]]}},{"type":"Feature","properties":{"name":"Thaltej Underpass","highway":"trunk","policy":""},"geometry":{"type":"LineString","coordinates":[[72.51572,23.04655],[72.51573,23.04659],[72.51612,23.04738],[72.51617,23.04748]]}},{"type":"Feature","properties":{"name":"Thaltej Underpass","highway":"trunk","policy":""},"geometry":{"type":"LineString","coordinates":[[72.51627,23.04743],[72.51611,23.0471],[72.51583,23.04651]]}},{"type":"Feature","properties":{"name":"Thaltej Underpass","highway":"trunk","policy":""},"geometry":{"type":"LineString","coordinates":[[72.51583,23.04651],[72.51564,23.04611]]}},{"type":"Feature","properties":{"name":"Thaltej Underpass","highway":"trunk","policy":""},"geometry":{"type":"LineString","coordinates":[[72.51552,23.04615],[72.51572,23.04655]]}},{"type":"Feature","properties":{"name":"Sardar Patel Ring Road","highway":"trunk","policy":""},"geometry":{"type":"LineString","coordinates":[[72.48048,22.95345],[72.48038,22.9536],[72.48037,22.95362],[72.48036,22.95364]]}},{"type":"Feature","properties":{"name":"Sardar Patel Ring Road","highway":"trunk","policy":""},"geometry":{"type":"LineString","coordinates":[[72.48048,22.9537],[72.48049,22.95369],[72.48049,22.95368],[72.4806,22.9535]]}},{"type":"Feature","properties":{"name":"Sardar Patel Ring Road","highway":"trunk","policy":""},"geometry":{"type":"LineString","coordinates":[[72.49291,22.93912],[72.4929,22.93913],[72.49286,22.93916],[72.49268,22.93927]]}},{"type":"Feature","properties":{"name":"Sardar Patel Ring Road","highway":"trunk","policy":""},"geometry":{"type":"LineString","coordinates":[[72.49274,22.93937],[72.49295,22.93923]]}},{"type":"Feature","properties":{"name":"Sardar Patel Ring Road","highway":"trunk","policy":""},"geometry":{"type":"LineString","coordinates":[[72.49333,22.93899],[72.49337,22.93896],[72.4935,22.93887],[72.4936,22.93881]]}},{"type":"Feature","properties":{"name":"Sardar Patel Ring Road","highway":"trunk","policy":""},"geometry":{"type":"LineString","coordinates":[[72.49355,22.9387],[72.49332,22.93886],[72.49325,22.9389]]}},{"type":"Feature","properties":{"name":"NH47","highway":"trunk","policy":""},"geometry":{"type":"LineString","coordinates":[[72.4506,22.93244],[72.44862,22.93015],[72.4485,22.93001]]}},{"type":"Feature","properties":{"name":"NH47","highway":"trunk","policy":""},"geometry":{"type":"LineString","coordinates":[[72.45854,22.94169],[72.45814,22.94123],[72.45794,22.94099],[72.45607,22.93882],[72.45492,22.93748],[72.45422,22.93666],[72.45399,22.9364],[72.45275,22.93499],[72.45248,22.93467],[72.45245,22.93464]]}},{"type":"Feature","properties":{"name":"NH47","highway":"trunk","policy":""},"geometry":{"type":"LineString","coordinates":[[72.45237,22.93472],[72.45579,22.9387],[72.45842,22.94179]]}},{"type":"Feature","properties":{"name":"NH47","highway":"trunk","policy":""},"geometry":{"type":"LineString","coordinates":[[72.45842,22.94179],[72.4612,22.94506]]}},{"type":"Feature","properties":{"name":"NH47","highway":"trunk","policy":""},"geometry":{"type":"LineString","coordinates":[[72.46133,22.94495],[72.45905,22.94228],[72.45854,22.94169]]}},{"type":"Feature","properties":{"name":"NH47","highway":"trunk","policy":""},"geometry":{"type":"LineString","coordinates":[[72.4614,22.9453],[72.46148,22.94538],[72.46374,22.94804]]}},{"type":"Feature","properties":{"name":"NH47","highway":"trunk","policy":""},"geometry":{"type":"LineString","coordinates":[[72.4612,22.94506],[72.4613,22.94517],[72.4614,22.9453]]}},{"type":"Feature","properties":{"name":"NH47","highway":"trunk","policy":""},"geometry":{"type":"LineString","coordinates":[[72.46388,22.94793],[72.46153,22.94518]]}},{"type":"Feature","properties":{"name":"NH47","highway":"trunk","policy":""},"geometry":{"type":"LineString","coordinates":[[72.46153,22.94518],[72.46144,22.94508],[72.46133,22.94495]]}},{"type":"Feature","properties":{"name":"NH47","highway":"trunk","policy":""},"geometry":{"type":"LineString","coordinates":[[72.47572,22.96183],[72.4755,22.96158]]}},{"type":"Feature","properties":{"name":"Sardar Patel Ring Road Underpass","highway":"trunk","policy":""},"geometry":{"type":"LineString","coordinates":[[72.53928,23.13654],[72.54179,23.13626],[72.54208,23.13622],[72.54294,23.13612]]}},{"type":"Feature","properties":{"name":"Sardar Patel Ring Road Underpass","highway":"trunk","policy":""},"geometry":{"type":"LineString","coordinates":[[72.54292,23.13601],[72.54202,23.1361],[72.5418,23.13611],[72.54122,23.13619],[72.54095,23.13622],[72.54059,23.13626],[72.53927,23.13641]]}},{"type":"Feature","properties":{"name":"Sardar Patel Ring Road Underpass","highway":"trunk","policy":""},"geometry":{"type":"LineString","coordinates":[[72.55542,23.13469],[72.55451,23.13479],[72.55281,23.13496],[72.55136,23.1351]]}},{"type":"Feature","properties":{"name":"Sardar Patel Ring Road Underpass","highway":"trunk","policy":""},"geometry":{"type":"LineString","coordinates":[[72.55137,23.13518],[72.55317,23.13499],[72.55541,23.13476]]}},{"type":"Feature","properties":{"name":"Sardar Patel Ring Road Underpass","highway":"trunk","policy":""},"geometry":{"type":"LineString","coordinates":[[72.55541,23.13476],[72.55604,23.13468]]}},{"type":"Feature","properties":{"name":"Sardar Patel Ring Road Underpass","highway":"trunk","policy":""},"geometry":{"type":"LineString","coordinates":[[72.55607,23.1346],[72.55542,23.13469]]}},{"type":"Feature","properties":{"name":"Sardar Patel Ring Road Underpass","highway":"trunk","policy":""},"geometry":{"type":"LineString","coordinates":[[72.55604,23.13468],[72.55618,23.13466],[72.55796,23.13444]]}},{"type":"Feature","properties":{"name":"Sardar Patel Ring Road Underpass","highway":"trunk","policy":""},"geometry":{"type":"LineString","coordinates":[[72.55794,23.13435],[72.55616,23.13459],[72.55607,23.1346]]}},{"type":"Feature","properties":{"name":"Sardar Patel Ring Road Underpass","highway":"trunk","policy":""},"geometry":{"type":"LineString","coordinates":[[72.55847,23.13427],[72.55794,23.13435]]}},{"type":"Feature","properties":{"name":"Sardar Patel Ring Road Underpass","highway":"trunk","policy":""},"geometry":{"type":"LineString","coordinates":[[72.55796,23.13444],[72.55847,23.13437]]}},{"type":"Feature","properties":{"name":"Ahmadabad Vadodara Expressway","highway":"motorway","policy":""},"geometry":{"type":"LineString","coordinates":[[72.64717,22.97756],[72.64335,22.97974]]}},{"type":"Feature","properties":{"name":"Ahmadabad Vadodara Expressway","highway":"motorway","policy":""},"geometry":{"type":"LineString","coordinates":[[72.65338,22.974],[72.65086,22.9754],[72.65032,22.97572],[72.64717,22.97756]]}},{"type":"Feature","properties":{"name":"Ahmadabad Vadodara Expressway","highway":"motorway","policy":""},"geometry":{"type":"LineString","coordinates":[[72.63202,22.98625],[72.63173,22.98642],[72.63132,22.98665]]}},{"type":"Feature","properties":{"name":"NH47","highway":"trunk","policy":""},"geometry":{"type":"LineString","coordinates":[[72.5431,22.92585],[72.5431,22.92586],[72.54311,22.92588],[72.54312,22.92589],[72.54314,22.9259]]}},{"type":"Feature","properties":{"name":"Sardar Patel Ring Road","highway":"trunk","policy":""},"geometry":{"type":"LineString","coordinates":[[72.54162,22.92726],[72.54165,22.92721],[72.54173,22.9271],[72.54314,22.9259]]}},{"type":"Feature","properties":{"name":"Sardar Patel Ring Road","highway":"trunk","policy":""},"geometry":{"type":"LineString","coordinates":[[72.54311,22.92583],[72.54163,22.927],[72.5415,22.92707]]}},{"type":"Feature","properties":{"name":"Gota-Chokdi Flyover","highway":"trunk","policy":""},"geometry":{"type":"LineString","coordinates":[[72.53308,23.10312],[72.533,23.1029]]}},{"type":"Feature","properties":{"name":"Gota-Chokdi Flyover","highway":"trunk","policy":""},"geometry":{"type":"LineString","coordinates":[[72.53288,23.10295],[72.53294,23.10315]]}},{"type":"Feature","properties":{"name":"Gota-Chokdi Flyover","highway":"trunk","policy":""},"geometry":{"type":"LineString","coordinates":[[72.53052,23.09438],[72.5303,23.09359]]}},{"type":"Feature","properties":{"name":"Gota-Chokdi Flyover","highway":"trunk","policy":""},"geometry":{"type":"LineString","coordinates":[[72.53023,23.09396],[72.53039,23.09441]]}},{"type":"Feature","properties":{"name":"Puna Flyover","highway":"trunk","policy":""},"geometry":{"type":"LineString","coordinates":[[72.58008,23.13124],[72.57967,23.1313]]}},{"type":"Feature","properties":{"name":"Puna Flyover","highway":"trunk","policy":""},"geometry":{"type":"LineString","coordinates":[[72.57969,23.13144],[72.5801,23.13138]]}},{"type":"Feature","properties":{"name":"Puna Flyover","highway":"trunk","policy":""},"geometry":{"type":"LineString","coordinates":[[72.59065,23.12941],[72.59095,23.12928]]}},{"type":"Feature","properties":{"name":"Puna Flyover","highway":"trunk","policy":""},"geometry":{"type":"LineString","coordinates":[[72.59092,23.12914],[72.59058,23.12929]]}},{"type":"Feature","properties":{"name":"Flyover","highway":"trunk","policy":""},"geometry":{"type":"LineString","coordinates":[[72.59211,22.95439],[72.59214,22.95424]]}},{"type":"Feature","properties":{"name":"Flyover","highway":"trunk","policy":""},"geometry":{"type":"LineString","coordinates":[[72.59209,22.95393],[72.59206,22.95405]]}},{"type":"Feature","properties":{"name":"Sardar Patel Ring Road Flyover","highway":"trunk","policy":""},"geometry":{"type":"LineString","coordinates":[[72.66141,22.97169],[72.66103,22.97013]]}},{"type":"Feature","properties":{"name":"Sardar Patel Ring Road Flyover","highway":"trunk","policy":""},"geometry":{"type":"LineString","coordinates":[[72.66158,22.97237],[72.66141,22.97169]]}},{"type":"Feature","properties":{"name":"Sardar Patel Ring Road Flyover","highway":"trunk","policy":""},"geometry":{"type":"LineString","coordinates":[[72.66065,22.96885],[72.66077,22.96941]]}},{"type":"Feature","properties":{"name":"Sardar Patel Ring Road Flyover","highway":"trunk","policy":""},"geometry":{"type":"LineString","coordinates":[[72.66028,22.9668],[72.66019,22.96638]]}},{"type":"Feature","properties":{"name":"Sardar Patel Ring Road","highway":"trunk","policy":""},"geometry":{"type":"LineString","coordinates":[[72.66062,22.9687],[72.66065,22.96885]]}},{"type":"Feature","properties":{"name":"Sardar Patel Ring Road Flyover","highway":"trunk","policy":""},"geometry":{"type":"LineString","coordinates":[[72.66095,22.97017],[72.66127,22.97146]]}},{"type":"Feature","properties":{"name":"Sardar Patel Ring Road Flyover","highway":"trunk","policy":""},"geometry":{"type":"LineString","coordinates":[[72.66127,22.97146],[72.66133,22.97171]]}},{"type":"Feature","properties":{"name":"Odhav Ring Road Flyover","highway":"trunk","policy":""},"geometry":{"type":"LineString","coordinates":[[72.6744,23.02943],[72.67432,23.02923]]}},{"type":"Feature","properties":{"name":"Odhav Ring Road Flyover","highway":"trunk","policy":""},"geometry":{"type":"LineString","coordinates":[[72.6745,23.03008],[72.67462,23.03038]]}},{"type":"Feature","properties":{"name":"Sardar Patel Ring Road","highway":"trunk","policy":""},"geometry":{"type":"LineString","coordinates":[[72.68692,23.09348],[72.68694,23.09341],[72.68697,23.09323]]}},{"type":"Feature","properties":{"name":"Sardar Patel Ring Road","highway":"trunk","policy":""},"geometry":{"type":"LineString","coordinates":[[72.68682,23.09325],[72.68679,23.0934],[72.68676,23.09347]]}},{"type":"Feature","properties":{"name":"Sardar Patel Ring Road Flyover","highway":"trunk","policy":""},"geometry":{"type":"LineString","coordinates":[[72.68744,23.08543],[72.68745,23.08518]]}},{"type":"Feature","properties":{"name":"Sardar Patel Ring Road Flyover","highway":"trunk","policy":""},"geometry":{"type":"LineString","coordinates":[[72.68735,23.08503],[72.68733,23.08542]]}},{"type":"Feature","properties":{"name":"Sardar Patel Ring Road Flyover","highway":"trunk","policy":""},"geometry":{"type":"LineString","coordinates":[[72.68528,23.10115],[72.68535,23.10082]]}},{"type":"Feature","properties":{"name":"Sardar Patel Ring Road Flyover","highway":"trunk","policy":""},"geometry":{"type":"LineString","coordinates":[[72.6848,23.10262],[72.68471,23.10284]]}},{"type":"Feature","properties":{"name":"Sardar Patel Ring Road","highway":"trunk","policy":""},"geometry":{"type":"LineString","coordinates":[[72.6767,23.10994],[72.6741,23.11079],[72.67378,23.11088],[72.67352,23.11091]]}},{"type":"Feature","properties":{"name":"Sardar Patel Ring Road","highway":"trunk","policy":""},"geometry":{"type":"LineString","coordinates":[[72.67368,23.11122],[72.67379,23.11106],[72.6739,23.11098],[72.67408,23.11092],[72.6757,23.11043],[72.67646,23.11017]]}},{"type":"Feature","properties":{"name":"Sardar Patel Ring Road Flyover","highway":"trunk","policy":""},"geometry":{"type":"LineString","coordinates":[[72.67646,23.11017],[72.67701,23.10999]]}},{"type":"Feature","properties":{"name":"Sardar Patel Ring Road Flyover","highway":"trunk","policy":""},"geometry":{"type":"LineString","coordinates":[[72.67697,23.10985],[72.6767,23.10994]]}},{"type":"Feature","properties":{"name":"Sardar Patel Ring Road Flyover","highway":"trunk","policy":""},"geometry":{"type":"LineString","coordinates":[[72.47745,22.9585],[72.4776,22.95832]]}},{"type":"Feature","properties":{"name":"Sardar Patel Ring Road Flyover","highway":"trunk","policy":""},"geometry":{"type":"LineString","coordinates":[[72.47747,22.95829],[72.47737,22.95847]]}},{"type":"Feature","properties":{"name":"Sardar Patel Ring Road Flyover","highway":"trunk","policy":""},"geometry":{"type":"LineString","coordinates":[[72.47426,22.97138],[72.47437,22.97114]]}},{"type":"Feature","properties":{"name":"Sardar Patel Ring Road Flyover","highway":"trunk","policy":""},"geometry":{"type":"LineString","coordinates":[[72.47422,22.97109],[72.47411,22.97135]]}},{"type":"Feature","properties":{"name":"Flyover","highway":"trunk","policy":""},"geometry":{"type":"LineString","coordinates":[[72.49329,22.9819],[72.49323,22.98173]]}},{"type":"Feature","properties":{"name":"Sanand Chokdi Flyover","highway":"trunk","policy":""},"geometry":{"type":"LineString","coordinates":[[72.49326,22.98234],[72.49336,22.98266]]}},{"type":"Feature","properties":{"name":"Flyover","highway":"trunk","policy":""},"geometry":{"type":"LineString","coordinates":[[72.48876,22.9756],[72.48848,22.97532]]}},{"type":"Feature","properties":{"name":"Flyover","highway":"trunk","policy":""},"geometry":{"type":"LineString","coordinates":[[72.48836,22.97537],[72.48867,22.9757]]}},{"type":"Feature","properties":{"name":"Sanand Chokdi Flyover","highway":"trunk","policy":""},"geometry":{"type":"LineString","coordinates":[[72.49628,22.9915],[72.49623,22.99135]]}},{"type":"Feature","properties":{"name":"Sanand Chokdi Flyover","highway":"trunk","policy":""},"geometry":{"type":"LineString","coordinates":[[72.4961,22.99142],[72.49642,22.99247],[72.4967,22.99336]]}},{"type":"Feature","properties":{"name":"Sanand Chokdi Flyover","highway":"trunk","policy":""},"geometry":{"type":"LineString","coordinates":[[72.4967,22.99336],[72.49677,22.99357]]}},{"type":"Feature","properties":{"name":"ISKCON Flyover","highway":"trunk","policy":""},"geometry":{"type":"LineString","coordinates":[[72.50591,23.02231],[72.50588,23.02217]]}},{"type":"Feature","properties":{"name":"ISKCON Flyover","highway":"trunk","policy":""},"geometry":{"type":"LineString","coordinates":[[72.50559,23.02171],[72.50568,23.02202],[72.50579,23.02236]]}},{"type":"Feature","properties":{"name":"ISKCON Flyover","highway":"trunk","policy":""},"geometry":{"type":"LineString","coordinates":[[72.50547,23.02133],[72.50559,23.02171]]}},{"type":"Feature","properties":{"name":"ISKCON Flyover","highway":"trunk","policy":""},"geometry":{"type":"LineString","coordinates":[[72.50888,23.03158],[72.50868,23.03104]]}},{"type":"Feature","properties":{"name":"ISKCON Flyover","highway":"trunk","policy":""},"geometry":{"type":"LineString","coordinates":[[72.50855,23.03106],[72.50876,23.03172],[72.50884,23.03198]]}},{"type":"Feature","properties":{"name":"Pakwan Flyover","highway":"trunk","policy":""},"geometry":{"type":"LineString","coordinates":[[72.5094,23.03368],[72.50955,23.03406],[72.50967,23.03433],[72.50985,23.03467]]}},{"type":"Feature","properties":{"name":"NH147","highway":"trunk","policy":""},"geometry":{"type":"LineString","coordinates":[[72.50929,23.03289],[72.50904,23.03218],[72.50898,23.03192],[72.50888,23.03158]]}},{"type":"Feature","properties":{"name":"Pakwan Flyover","highway":"trunk","policy":""},"geometry":{"type":"LineString","coordinates":[[72.51361,23.04227],[72.51368,23.04242]]}},{"type":"Feature","properties":{"name":"Pakwan Flyover","highway":"trunk","policy":""},"geometry":{"type":"LineString","coordinates":[[72.51371,23.04216],[72.51364,23.04205]]}},{"type":"Feature","properties":{"name":"Sola Overbridge","highway":"trunk","policy":""},"geometry":{"type":"LineString","coordinates":[[72.52948,23.09122],[72.5296,23.09165]]}},{"type":"Feature","properties":{"name":"Sola Overbridge","highway":"trunk","policy":""},"geometry":{"type":"LineString","coordinates":[[72.52985,23.09183],[72.52963,23.09119]]}},{"type":"Feature","properties":{"name":"Sola Overbridge","highway":"trunk","policy":""},"geometry":{"type":"LineString","coordinates":[[72.51854,23.05311],[72.51853,23.05306],[72.51847,23.05288],[72.51843,23.05273],[72.51838,23.05262]]}},{"type":"Feature","properties":{"name":"Sola Overbridge","highway":"trunk","policy":""},"geometry":{"type":"LineString","coordinates":[[72.5183,23.0528],[72.51837,23.05304],[72.5184,23.05312]]}},{"type":"Feature","properties":{"name":"Shantipura Flyover","highway":"trunk","policy":""},"geometry":{"type":"LineString","coordinates":[[72.47262,22.99521],[72.47257,22.99488]]}},{"type":"Feature","properties":{"name":"Shantipura Flyover","highway":"trunk","policy":""},"geometry":{"type":"LineString","coordinates":[[72.47245,22.99489],[72.47248,22.99512]]}},{"type":"Feature","properties":{"name":"Shantipura Flyover","highway":"trunk","policy":""},"geometry":{"type":"LineString","coordinates":[[72.47121,22.98353],[72.47121,22.98348],[72.47119,22.98317]]}},{"type":"Feature","properties":{"name":"Shantipura Flyover","highway":"trunk","policy":""},"geometry":{"type":"LineString","coordinates":[[72.47107,22.98324],[72.47109,22.98353]]}},{"type":"Feature","properties":{"name":"Mumatpura Flyover","highway":"trunk","policy":""},"geometry":{"type":"LineString","coordinates":[[72.47616,23.00546],[72.47594,23.00493]]}},{"type":"Feature","properties":{"name":"Mumatpura Flyover","highway":"trunk","policy":""},"geometry":{"type":"LineString","coordinates":[[72.4758,23.00492],[72.47603,23.00551]]}},{"type":"Feature","properties":{"name":"Mumatpura Flyover","highway":"trunk","policy":""},"geometry":{"type":"LineString","coordinates":[[72.47916,23.01391],[72.47922,23.01406],[72.47924,23.01413]]}},{"type":"Feature","properties":{"name":"Vakil Saheb Flyover","highway":"trunk","policy":""},"geometry":{"type":"LineString","coordinates":[[72.47852,23.03357],[72.47849,23.0334]]}},{"type":"Feature","properties":{"name":"Vakil Saheb Flyover","highway":"trunk","policy":""},"geometry":{"type":"LineString","coordinates":[[72.47837,23.03343],[72.47842,23.03369]]}},{"type":"Feature","properties":{"name":"Vakil Saheb Flyover","highway":"trunk","policy":""},"geometry":{"type":"LineString","coordinates":[[72.47901,23.0207],[72.47897,23.02076]]}},{"type":"Feature","properties":{"name":"Vakil Saheb Flyover","highway":"trunk","policy":""},"geometry":{"type":"LineString","coordinates":[[72.47909,23.02083],[72.47914,23.02077]]}},{"type":"Feature","properties":{"name":"Sardar Patel Ring Road Flyover","highway":"trunk","policy":""},"geometry":{"type":"LineString","coordinates":[[72.48026,23.04432],[72.48011,23.04313]]}},{"type":"Feature","properties":{"name":"Sardar Patel Ring Road Flyover","highway":"trunk","policy":""},"geometry":{"type":"LineString","coordinates":[[72.47999,23.04313],[72.48017,23.04432]]}},{"type":"Feature","properties":{"name":"Science City Flyover","highway":"trunk","policy":""},"geometry":{"type":"LineString","coordinates":[[72.49087,23.07922],[72.49079,23.07901]]}},{"type":"Feature","properties":{"name":"Science City Flyover","highway":"trunk","policy":""},"geometry":{"type":"LineString","coordinates":[[72.49068,23.07903],[72.49076,23.07925]]}},{"type":"Feature","properties":{"name":"Ahmedabad\u2013Dholera Expressway","highway":"motorway","policy":""},"geometry":{"type":"LineString","coordinates":[[72.46551,22.92275],[72.46158,22.91704],[72.45954,22.91359],[72.45651,22.90772],[72.45497,22.90425]]}},{"type":"Feature","properties":{"name":"Thaltej Underpass","highway":"trunk","policy":""},"geometry":{"type":"LineString","coordinates":[[72.51838,23.05262],[72.51834,23.05249]]}},{"type":"Feature","properties":{"name":"Thaltej Underpass","highway":"trunk","policy":""},"geometry":{"type":"LineString","coordinates":[[72.51822,23.05255],[72.5183,23.0528]]}},{"type":"Feature","properties":{"name":"Thaltej Underpass","highway":"trunk","policy":""},"geometry":{"type":"LineString","coordinates":[[72.51368,23.04242],[72.51371,23.04247]]}},{"type":"Feature","properties":{"name":"Thaltej Underpass","highway":"trunk","policy":""},"geometry":{"type":"LineString","coordinates":[[72.51374,23.04224],[72.51371,23.04216]]}},{"type":"Feature","properties":{"name":"S P Ring Road Underpass","highway":"trunk","policy":""},"geometry":{"type":"LineString","coordinates":[[72.54609,23.13576],[72.54645,23.13572]]}},{"type":"Feature","properties":{"name":"S P Ring Road Underpass","highway":"trunk","policy":""},"geometry":{"type":"LineString","coordinates":[[72.54644,23.13559],[72.54607,23.13563]]}},{"type":"Feature","properties":{"name":"Sardar Patel Ring Road","highway":"trunk","policy":""},"geometry":{"type":"LineString","coordinates":[[72.55136,23.1351],[72.55032,23.1352],[72.55025,23.13521]]}},{"type":"Feature","properties":{"name":"Sardar Patel Ring Road","highway":"trunk","policy":""},"geometry":{"type":"LineString","coordinates":[[72.54936,23.13539],[72.55137,23.13518]]}},{"type":"Feature","properties":{"name":"Sardar Patel Ring Road","highway":"trunk","policy":""},"geometry":{"type":"LineString","coordinates":[[72.56052,23.13397],[72.56091,23.13393]]}},{"type":"Feature","properties":{"name":"Sardar Patel Ring Road","highway":"trunk","policy":""},"geometry":{"type":"LineString","coordinates":[[72.5609,23.13383],[72.56071,23.13385],[72.56051,23.13388]]}},{"type":"Feature","properties":{"name":"NH48;64","highway":"trunk","policy":""},"geometry":{"type":"LineString","coordinates":[[72.59464,22.88972],[72.59471,22.89],[72.59477,22.89036],[72.59479,22.89089],[72.5948,22.89108],[72.59481,22.89131],[72.59478,22.89188],[72.59472,22.89246],[72.59469,22.89258],[72.59461,22.89307],[72.59437,22.89433],[72.59403,22.89602],[72.59401,22.89618],[72.59359,22.89849],[72.59352,22.89892],[72.59355,22.8994],[72.59363,22.89995],[72.5937,22.90069],[72.59376,22.9014],[72.59377,22.90204],[72.5938,22.903],[72.5938,22.90323],[72.59383,22.90448],[72.59388,22.90624],[72.59388,22.90642]]}},{"type":"Feature","properties":{"name":"NH48;64","highway":"trunk","policy":""},"geometry":{"type":"LineString","coordinates":[[72.59404,22.9064],[72.59403,22.90624],[72.59399,22.90448],[72.59396,22.90323],[72.59396,22.90287],[72.59395,22.90204],[72.59393,22.90142],[72.59386,22.90068],[72.59379,22.9001],[72.5937,22.89938],[72.59368,22.899],[72.59367,22.89888],[72.59373,22.89851],[72.59416,22.89618],[72.59417,22.89604],[72.5945,22.89434],[72.59472,22.89331],[72.59475,22.8931],[72.5948,22.89286],[72.59485,22.89254],[72.59493,22.89192],[72.59494,22.89163],[72.59495,22.89151],[72.59495,22.89112],[72.59494,22.89088],[72.5949,22.89035],[72.59484,22.88995],[72.59478,22.88971]]}},{"type":"Feature","properties":{"name":"SG Highway","highway":"trunk","policy":""},"geometry":{"type":"LineString","coordinates":[[72.5341,23.10661],[72.5338,23.10565],[72.53356,23.10484],[72.53308,23.10312]]}},{"type":"Feature","properties":{"name":"SG Highway","highway":"trunk","policy":""},"geometry":{"type":"LineString","coordinates":[[72.53833,23.1218],[72.53837,23.12191]]}},{"type":"Feature","properties":{"name":"SG Highway","highway":"trunk","policy":""},"geometry":{"type":"LineString","coordinates":[[72.53837,23.12191],[72.53912,23.12439],[72.53923,23.12479],[72.54048,23.12913],[72.54091,23.13062]]}},{"type":"Feature","properties":{"name":"SG Highway","highway":"trunk","policy":""},"geometry":{"type":"LineString","coordinates":[[72.53855,23.12184],[72.53853,23.12175]]}},{"type":"Feature","properties":{"name":"SG Highway","highway":"trunk","policy":""},"geometry":{"type":"LineString","coordinates":[[72.54109,23.13059],[72.54087,23.12981],[72.54011,23.12722],[72.53986,23.12636],[72.5398,23.1262],[72.53961,23.12551],[72.53947,23.125],[72.53938,23.12473],[72.53928,23.12436],[72.53885,23.12288],[72.53855,23.12184]]}},{"type":"Feature","properties":{"name":"Sardar Patel Ring Road","highway":"trunk","policy":""},"geometry":{"type":"LineString","coordinates":[[72.5481,22.92379],[72.54756,22.92385],[72.54695,22.92395],[72.54657,22.92403],[72.54624,22.92413],[72.5457,22.92433],[72.54516,22.92458],[72.54395,22.92524],[72.54315,22.9258]]}},{"type":"Feature","properties":{"name":"Sardar Patel Ring Road","highway":"trunk","policy":""},"geometry":{"type":"LineString","coordinates":[[72.54321,22.92585],[72.54408,22.92529],[72.54501,22.9248],[72.54523,22.92468],[72.54578,22.92442],[72.54627,22.92424],[72.54664,22.92414],[72.54697,22.92407],[72.5476,22.92397],[72.54813,22.9239]]}},{"type":"Feature","properties":{"name":"Sardar Patel Ring Road","highway":"trunk","policy":""},"geometry":{"type":"LineString","coordinates":[[72.5415,22.92707],[72.54131,22.92713]]}},{"type":"Feature","properties":{"name":"Sardar Patel Ring Road","highway":"trunk","policy":""},"geometry":{"type":"LineString","coordinates":[[72.54155,22.92738],[72.54162,22.92726]]}},{"type":"Feature","properties":{"name":"NH47","highway":"trunk","policy":""},"geometry":{"type":"LineString","coordinates":[[72.54321,22.92585],[72.54321,22.92583],[72.5432,22.92582],[72.54319,22.92581],[72.54317,22.9258],[72.54315,22.9258]]}},{"type":"Feature","properties":{"name":"NH47","highway":"trunk","policy":""},"geometry":{"type":"LineString","coordinates":[[72.54315,22.9258],[72.54314,22.9258],[72.54313,22.92581],[72.54312,22.92581],[72.54311,22.92582],[72.54311,22.92583]]}},{"type":"Feature","properties":{"name":"NH47","highway":"trunk","policy":""},"geometry":{"type":"LineString","coordinates":[[72.54317,22.9259],[72.54318,22.92589],[72.54319,22.92589],[72.5432,22.92587],[72.54321,22.92586],[72.54321,22.92585]]}},{"type":"Feature","properties":{"name":"Vaishnodevi Overbridge","highway":"trunk","policy":""},"geometry":{"type":"LineString","coordinates":[[72.54403,23.14091],[72.54415,23.14122]]}},{"type":"Feature","properties":{"name":"Sardar Patel Ring Road","highway":"trunk","policy":""},"geometry":{"type":"LineString","coordinates":[[72.4806,22.9535],[72.48107,22.95273],[72.48144,22.95212],[72.48171,22.95169],[72.48461,22.94703],[72.48472,22.9469],[72.48483,22.94683],[72.48491,22.94678]]}},{"type":"Feature","properties":{"name":"Sardar Patel Ring Road","highway":"trunk","policy":""},"geometry":{"type":"LineString","coordinates":[[72.48458,22.94659],[72.48456,22.9467],[72.48455,22.94681],[72.48447,22.94699],[72.48346,22.9486],[72.48137,22.95199],[72.4811,22.95243],[72.4806,22.95324],[72.48048,22.95345]]}},{"type":"Feature","properties":{"name":"NH47;NE8","highway":"trunk","policy":""},"geometry":{"type":"LineString","coordinates":[[72.48477,22.94576],[72.48467,22.94582],[72.48458,22.9459],[72.48452,22.94599],[72.48447,22.94609],[72.48445,22.9462],[72.48445,22.9463],[72.48447,22.94641],[72.48451,22.9465],[72.48458,22.94659],[72.48465,22.94666],[72.48473,22.94671],[72.48482,22.94676],[72.48491,22.94678],[72.48503,22.9468],[72.48515,22.94679],[72.48526,22.94675],[72.48537,22.9467],[72.48546,22.94663],[72.48554,22.94655],[72.48559,22.94645],[72.48562,22.94634],[72.48563,22.94623],[72.48562,22.94613],[72.48558,22.94602],[72.48552,22.94593],[72.48544,22.94585],[72.48536,22.94579],[72.48527,22.94575],[72.48517,22.94572],[72.48507,22.9457],[72.48497,22.94571],[72.48488,22.94572],[72.48477,22.94576]]}},{"type":"Feature","properties":{"name":"Shantipura circle","highway":"trunk","policy":""},"geometry":{"type":"LineString","coordinates":[[72.47141,22.98753],[72.47129,22.98753]]}},{"type":"Feature","properties":{"name":"Shantipura circle","highway":"trunk","policy":""},"geometry":{"type":"LineString","coordinates":[[72.47159,22.98754],[72.47141,22.98753]]}},{"type":"Feature","properties":{"name":"Sardar Patel Ring Road","highway":"trunk","policy":""},"geometry":{"type":"LineString","coordinates":[[72.47097,22.98149],[72.47102,22.98227],[72.47107,22.98324]]}},{"type":"Feature","properties":{"name":"Sardar Patel Ring Road","highway":"trunk","policy":""},"geometry":{"type":"LineString","coordinates":[[72.47096,22.98138],[72.47097,22.98149]]}},{"type":"Feature","properties":{"name":"Sardar Patel Ring Road","highway":"trunk","policy":""},"geometry":{"type":"LineString","coordinates":[[72.47119,22.98317],[72.47114,22.98226],[72.47109,22.98149]]}},{"type":"Feature","properties":{"name":"Sardar Patel Ring Road","highway":"trunk","policy":""},"geometry":{"type":"LineString","coordinates":[[72.47109,22.98149],[72.47108,22.98138]]}},{"type":"Feature","properties":{"name":"Sardar Patel Ring Road","highway":"trunk","policy":""},"geometry":{"type":"LineString","coordinates":[[72.66973,23.01343],[72.67018,23.01554],[72.6705,23.01642],[72.67134,23.01897],[72.67151,23.01958],[72.6716,23.02004]]}},{"type":"Feature","properties":{"name":"Sardar Patel Ring Road","highway":"trunk","policy":""},"geometry":{"type":"LineString","coordinates":[[72.66761,23.00351],[72.66704,23.00181],[72.66662,23.00054],[72.66642,22.99984],[72.66607,22.99787]]}},{"type":"Feature","properties":{"name":"freight corridor","highway":"trunk","policy":""},"geometry":{"type":"LineString","coordinates":[[72.48005,23.0534],[72.48009,23.05341],[72.48014,23.05341],[72.48019,23.0534],[72.48023,23.05337],[72.48026,23.05333],[72.48027,23.05329],[72.48027,23.05325],[72.48026,23.05321],[72.48025,23.05319],[72.48022,23.05316],[72.48019,23.05315]]}},{"type":"Feature","properties":{"name":"freight corridor","highway":"trunk","policy":""},"geometry":{"type":"LineString","coordinates":[[72.47998,23.05321],[72.47997,23.05325],[72.47997,23.05327],[72.47997,23.05329],[72.47998,23.05333],[72.48001,23.05337],[72.48005,23.0534]]}},{"type":"Feature","properties":{"name":"Sardar Patel Ring Road","highway":"trunk","policy":""},"geometry":{"type":"LineString","coordinates":[[72.47998,23.04305],[72.47999,23.04313]]}},{"type":"Feature","properties":{"name":"Sardar Patel Ring Road","highway":"trunk","policy":""},"geometry":{"type":"LineString","coordinates":[[72.48011,23.04313],[72.4801,23.04306]]}},{"type":"Feature","properties":{"name":"Sardar Patel Ring Road","highway":"trunk","policy":""},"geometry":{"type":"LineString","coordinates":[[72.47842,23.03369],[72.47845,23.0339],[72.47846,23.03394],[72.47848,23.03402],[72.47854,23.03432],[72.47884,23.0361],[72.47886,23.03617],[72.47911,23.03769],[72.47915,23.03793]]}},{"type":"Feature","properties":{"name":"Sardar Patel Ring Road","highway":"trunk","policy":""},"geometry":{"type":"LineString","coordinates":[[72.47927,23.03791],[72.47921,23.03751],[72.47901,23.0364],[72.47897,23.03617],[72.47896,23.03609],[72.47893,23.03589],[72.47865,23.03427],[72.47852,23.03357]]}},{"type":"Feature","properties":{"name":"Ahmedabad\u2013Dholera Expressway","highway":"motorway","policy":""},"geometry":{"type":"LineString","coordinates":[[72.48488,22.94572],[72.48464,22.94557]]}},{"type":"Feature","properties":{"name":"Ahmedabad\u2013Dholera Expressway","highway":"motorway","policy":""},"geometry":{"type":"LineString","coordinates":[[72.47928,22.93986],[72.48404,22.94543]]}},{"type":"Feature","properties":{"name":"Ahmedabad\u2013Dholera Expressway","highway":"motorway","policy":""},"geometry":{"type":"LineString","coordinates":[[72.47872,22.93922],[72.47928,22.93986]]}},{"type":"Feature","properties":{"name":"Ahmedabad\u2013Dholera Expressway","highway":"motorway","policy":""},"geometry":{"type":"LineString","coordinates":[[72.47923,22.9392],[72.47873,22.93862]]}},{"type":"Feature","properties":{"name":"Ahmedabad\u2013Dholera Expressway","highway":"motorway","policy":""},"geometry":{"type":"LineString","coordinates":[[72.48442,22.94531],[72.481,22.94127],[72.47923,22.9392]]}},{"type":"Feature","properties":{"name":"Ahmedabad\u2013Dholera Expressway","highway":"motorway","policy":""},"geometry":{"type":"LineString","coordinates":[[72.46969,22.92856],[72.47098,22.93006],[72.47815,22.93854],[72.47872,22.93922]]}},{"type":"Feature","properties":{"name":"Ahmedabad\u2013Dholera Expressway","highway":"motorway","policy":""},"geometry":{"type":"LineString","coordinates":[[72.46935,22.92817],[72.46969,22.92856]]}},{"type":"Feature","properties":{"name":"Ahmedabad\u2013Dholera Expressway","highway":"motorway","policy":""},"geometry":{"type":"LineString","coordinates":[[72.47008,22.92842],[72.46977,22.92804]]}},{"type":"Feature","properties":{"name":"Ahmedabad\u2013Dholera Expressway","highway":"motorway","policy":""},"geometry":{"type":"LineString","coordinates":[[72.47873,22.93862],[72.47654,22.93604],[72.47109,22.92963],[72.47008,22.92842]]}},{"type":"Feature","properties":{"name":"Ahmedabad\u2013Dholera Expressway","highway":"motorway","policy":""},"geometry":{"type":"LineString","coordinates":[[72.45451,22.9044],[72.45521,22.90597],[72.45631,22.90852],[72.45803,22.91168],[72.45964,22.91459],[72.46129,22.91731],[72.46322,22.9201],[72.46512,22.92289],[72.46758,22.92605],[72.46769,22.92619],[72.46798,22.92656],[72.46935,22.92817]]}},{"type":"Feature","properties":{"name":"Ahmedabad\u2013Dholera Expressway","highway":"motorway","policy":""},"geometry":{"type":"LineString","coordinates":[[72.48464,22.94557],[72.48442,22.94531]]}},{"type":"Feature","properties":{"name":"Ahmedabad\u2013Dholera Expressway","highway":"motorway","policy":""},"geometry":{"type":"LineString","coordinates":[[72.48404,22.94543],[72.48425,22.94568]]}},{"type":"Feature","properties":{"name":"Ahmedabad\u2013Dholera Expressway","highway":"motorway","policy":""},"geometry":{"type":"LineString","coordinates":[[72.48425,22.94568],[72.48452,22.94599]]}},{"type":"Feature","properties":{"name":"Puna Flyover","highway":"trunk","policy":""},"geometry":{"type":"LineString","coordinates":[[72.58879,23.13008],[72.58959,23.12982],[72.59035,23.12954],[72.59065,23.12941]]}},{"type":"Feature","properties":{"name":"Puna Flyover","highway":"trunk","policy":""},"geometry":{"type":"LineString","coordinates":[[72.59058,23.12929],[72.59025,23.12945],[72.58933,23.1298],[72.58878,23.12996]]}},{"type":"Feature","properties":{"name":"Sardar Patel Ring Road","highway":"trunk","policy":""},"geometry":{"type":"LineString","coordinates":[[72.62764,23.11762],[72.62714,23.11769],[72.62669,23.11774],[72.62625,23.11774],[72.6257,23.1177],[72.62529,23.11764],[72.62406,23.11749]]}},{"type":"Feature","properties":{"name":"Ahmedabad\u2013Dholera Expressway","highway":"motorway","policy":""},"geometry":{"type":"LineString","coordinates":[[72.46977,22.92804],[72.46759,22.92541],[72.46551,22.92275]]}},{"type":"Feature","properties":{"name":"Sardar Patel Ring Road","highway":"trunk","policy":""},"geometry":{"type":"LineString","coordinates":[[72.66019,22.96638],[72.65982,22.96478],[72.65916,22.96201]]}},{"type":"Feature","properties":{"name":"Sardar Patel Ring Road","highway":"trunk","policy":""},"geometry":{"type":"LineString","coordinates":[[72.65914,22.96247],[72.65972,22.9648],[72.66007,22.96625],[72.6601,22.96639]]}},{"type":"Feature","properties":{"name":"freight corridor","highway":"trunk","policy":""},"geometry":{"type":"LineString","coordinates":[[72.6794,23.04261],[72.67943,23.04261],[72.67949,23.04264],[72.67955,23.0427]]}},{"type":"Feature","properties":{"name":"freight corridor","highway":"trunk","policy":""},"geometry":{"type":"LineString","coordinates":[[72.67968,23.04264],[72.6797,23.04254],[72.67972,23.04245]]}},{"type":"Feature","properties":{"name":"Sardar Patel Ring Road","highway":"trunk","policy":""},"geometry":{"type":"LineString","coordinates":[[72.67627,23.03405],[72.67619,23.03385],[72.67599,23.03336],[72.67501,23.03094],[72.67493,23.03075],[72.6744,23.02943]]}},{"type":"Feature","properties":{"name":"Sardar Patel Ring Road","highway":"trunk","policy":""},"geometry":{"type":"LineString","coordinates":[[72.67462,23.03038],[72.67484,23.03085],[72.67489,23.03097],[72.67591,23.03363]]}},{"type":"Feature","properties":{"name":"freight corridor","highway":"trunk","policy":""},"geometry":{"type":"LineString","coordinates":[[72.67591,23.03363],[72.67597,23.03401],[72.67602,23.03432]]}},{"type":"Feature","properties":{"name":"freight corridor","highway":"trunk","policy":""},"geometry":{"type":"LineString","coordinates":[[72.67645,23.03424],[72.67619,23.03385]]}},{"type":"Feature","properties":{"name":"freight corridor","highway":"trunk","policy":""},"geometry":{"type":"LineString","coordinates":[[72.6893,23.06059],[72.68926,23.06085]]}},{"type":"Feature","properties":{"name":"freight corridor","highway":"trunk","policy":""},"geometry":{"type":"LineString","coordinates":[[72.68971,23.06109],[72.6895,23.0606]]}},{"type":"Feature","properties":{"name":"freight corridor","highway":"trunk","policy":""},"geometry":{"type":"LineString","coordinates":[[72.65916,22.96201],[72.65923,22.9618]]}},{"type":"Feature","properties":{"name":"freight corridor","highway":"trunk","policy":""},"geometry":{"type":"LineString","coordinates":[[72.65895,22.96229],[72.65914,22.96247]]}},{"type":"Feature","properties":{"name":"Ahmedabad\u2013Dholera Expressway","highway":"motorway","policy":""},"geometry":{"type":"LineString","coordinates":[[72.45447,22.90305],[72.4528,22.89938]]}},{"type":"Feature","properties":{"name":"Ahmedabad\u2013Dholera Expressway","highway":"motorway","policy":""},"geometry":{"type":"LineString","coordinates":[[72.45497,22.90425],[72.45447,22.90305]]}},{"type":"Feature","properties":{"name":"Ahmedabad\u2013Dholera Expressway","highway":"motorway","policy":""},"geometry":{"type":"LineString","coordinates":[[72.45396,22.90319],[72.45451,22.9044]]}},{"type":"Feature","properties":{"name":"Ahmedabad\u2013Dholera Expressway","highway":"motorway","policy":""},"geometry":{"type":"LineString","coordinates":[[72.45258,22.89988],[72.45396,22.90319]]}},{"type":"Feature","properties":{"name":"NH47","highway":"trunk","policy":""},"geometry":{"type":"LineString","coordinates":[[72.54314,22.9259],[72.54315,22.9259],[72.54317,22.9259]]}},{"type":"Feature","properties":{"name":"NH47","highway":"trunk","policy":""},"geometry":{"type":"LineString","coordinates":[[72.54311,22.92583],[72.5431,22.92585]]}},{"type":"Feature","properties":{"name":"Sardar Patel Ring Road","highway":"trunk","policy":""},"geometry":{"type":"LineString","coordinates":[[72.54813,22.9239],[72.54855,22.92386],[72.5489,22.92383],[72.54958,22.92381],[72.55049,22.92383],[72.55072,22.92384]]}},{"type":"Feature","properties":{"name":"Sardar Patel Ring Road","highway":"trunk","policy":""},"geometry":{"type":"LineString","coordinates":[[72.55074,22.92373],[72.55051,22.92371],[72.54958,22.92369],[72.54891,22.92372],[72.54829,22.92378],[72.5481,22.92379]]}}]}