{"type":"FeatureCollection","features":[{"type":"Feature","properties":{"name":"Outer Ring Road","highway":"trunk","policy":"HGV restrictions on select corridors (BTP)"},"geometry":{"type":"LineString","coordinates":[[77.59557,12.9062],[77.5952,12.90624],[77.59493,12.90625],[77.59474,12.90625]]}},{"type":"Feature","properties":{"name":"Mysore Road","highway":"trunk","policy":"HGV restrictions on select corridors (BTP)"},"geometry":{"type":"LineString","coordinates":[[77.55589,12.95949],[77.55537,12.9587],[77.55518,12.95851],[77.55499,12.95835],[77.55479,12.95823],[77.55452,12.95814],[77.55351,12.9578],[77.55291,12.95761],[77.55286,12.95759],[77.55219,12.9574],[77.55213,12.95738],[77.55204,12.95735],[77.55196,12.95733],[77.55067,12.95693],[77.55015,12.95687],[77.54977,12.95682],[77.54948,12.95677],[77.54881,12.95665],[77.54863,12.95661],[77.54845,12.95658],[77.54838,12.95657],[77.54817,12.95653],[77.54778,12.95647],[77.54718,12.95636],[77.54715,12.95635],[77.54685,12.95624],[77.54652,12.95607],[77.5465,12.95606],[77.54639,12.95601],[77.54631,12.95597],[77.54566,12.95558],[77.54533,12.95534],[77.54506,12.95515],[77.54481,12.95493],[77.54419,12.95438],[77.54416,12.95435],[77.5441,12.9543],[77.54401,12.95423],[77.54363,12.95394],[77.54332,12.9538],[77.54313,12.95374],[77.54305,12.95371],[77.54292,12.95367]]}},{"type":"Feature","properties":{"name":"Bala Gangadhara Swamy Flyover","highway":"trunk","policy":"HGV restrictions on select corridors (BTP)"},"geometry":{"type":"LineString","coordinates":[[77.55756,12.96079],[77.558,12.96098],[77.55822,12.96105],[77.55856,12.96114],[77.55945,12.96133],[77.56006,12.96148],[77.56053,12.9616],[77.56084,12.96165],[77.56196,12.9617],[77.5624,12.96172],[77.56253,12.96174],[77.56301,12.96186],[77.56351,12.96203],[77.56421,12.96226],[77.56442,12.96233],[77.56484,12.96247]]}},{"type":"Feature","properties":{"name":"NICE Road","highway":"motorway","policy":"HGV restrictions on select corridors (BTP)"},"geometry":{"type":"LineString","coordinates":[[77.47269,12.89895],[77.47317,12.89844],[77.47324,12.89837],[77.47359,12.89805],[77.47417,12.89753],[77.47442,12.89732],[77.47465,12.89713],[77.47486,12.89695],[77.47507,12.89677],[77.47525,12.89662],[77.47559,12.89633],[77.47613,12.89587]]}},{"type":"Feature","properties":{"name":"NICE Road","highway":"motorway","policy":"HGV restrictions on select corridors (BTP)"},"geometry":{"type":"LineString","coordinates":[[77.65392,12.85972],[77.65262,12.86031],[77.65056,12.86125],[77.64959,12.86171],[77.64853,12.86223],[77.64843,12.86228],[77.64669,12.86316],[77.64406,12.8645],[77.64359,12.86472],[77.64293,12.86501],[77.64248,12.8652],[77.64194,12.8654],[77.64135,12.86561],[77.64061,12.86587],[77.63953,12.86616],[77.63914,12.86626],[77.63851,12.8664],[77.63812,12.86647],[77.6376,12.86656],[77.63718,12.86663],[77.63647,12.86672],[77.63596,12.86677],[77.6354,12.86681],[77.63435,12.86683]]}},{"type":"Feature","properties":{"name":"NICE Road","highway":"motorway","policy":"HGV restrictions on select corridors (BTP)"},"geometry":{"type":"LineString","coordinates":[[77.52726,12.85804],[77.52794,12.85779]]}},{"type":"Feature","properties":{"name":"NICE Road","highway":"motorway","policy":"HGV restrictions on select corridors (BTP)"},"geometry":{"type":"LineString","coordinates":[[77.54194,12.85356],[77.5446,12.85282],[77.54577,12.8525],[77.54717,12.8521],[77.54779,12.85194],[77.54835,12.85182],[77.54904,12.85169],[77.55016,12.85152],[77.55218,12.85122],[77.5528,12.85113],[77.55344,12.85103],[77.5539,12.85093],[77.55422,12.85087],[77.55454,12.85079],[77.55501,12.85066],[77.55552,12.85051],[77.55583,12.85042],[77.55793,12.84969],[77.55834,12.84955],[77.55884,12.84939],[77.55938,12.84923],[77.56005,12.84905],[77.56048,12.84894],[77.56107,12.8488],[77.56172,12.84866],[77.5626,12.84851],[77.56336,12.84839],[77.56453,12.84826],[77.56519,12.84821],[77.56618,12.84817],[77.56679,12.84817],[77.56735,12.84818],[77.56787,12.84819],[77.56883,12.84824],[77.56942,12.84828],[77.56987,12.84833],[77.5708,12.84844],[77.57179,12.8486],[77.57255,12.84873],[77.57328,12.8489],[77.57386,12.84904],[77.57431,12.84917],[77.57521,12.84945],[77.57583,12.84966],[77.57727,12.85017],[77.57768,12.8503],[77.57804,12.85039],[77.57842,12.85048],[77.57888,12.85056],[77.57926,12.8506],[77.57976,12.85063],[77.58019,12.85064],[77.58066,12.85062],[77.58087,12.85061],[77.58224,12.85052],[77.58254,12.8505]]}},{"type":"Feature","properties":{"name":"NICE Road","highway":"motorway","policy":"HGV restrictions on select corridors (BTP)"},"geometry":{"type":"LineString","coordinates":[[77.52717,12.8579],[77.52634,12.85819],[77.52585,12.85835],[77.52468,12.85881],[77.52398,12.85911],[77.52348,12.85931],[77.523,12.85952]]}},{"type":"Feature","properties":{"name":"NICE Road","highway":"motorway","policy":"HGV restrictions on select corridors (BTP)"},"geometry":{"type":"LineString","coordinates":[[77.52784,12.85765],[77.52717,12.8579]]}},{"type":"Feature","properties":{"name":"Outer Ring Road","highway":"trunk","policy":"HGV restrictions on select corridors (BTP)"},"geometry":{"type":"LineString","coordinates":[[77.6226,12.9173],[77.62283,12.91737]]}},{"type":"Feature","properties":{"name":"Kanteerava Studio Flyover","highway":"trunk","policy":"HGV restrictions on select corridors (BTP)"},"geometry":{"type":"LineString","coordinates":[[77.5324,13.02132],[77.53233,13.02091],[77.53226,13.02039],[77.53212,13.01963],[77.53205,13.01923]]}},{"type":"Feature","properties":{"name":"Outer Ring Road","highway":"trunk","policy":"HGV restrictions on select corridors (BTP)"},"geometry":{"type":"LineString","coordinates":[[77.53733,13.03047],[77.53725,13.03034]]}},{"type":"Feature","properties":{"name":"Tin Factory Flyover","highway":"trunk","policy":"HGV restrictions on select corridors (BTP)"},"geometry":{"type":"LineString","coordinates":[[77.66979,12.99717],[77.67284,12.9986],[77.67436,12.99935],[77.67512,12.9997],[77.67616,13.00013],[77.67642,13.00027]]}},{"type":"Feature","properties":{"name":"BGS Flyover","highway":"trunk","policy":"HGV restrictions on select corridors (BTP)"},"geometry":{"type":"LineString","coordinates":[[77.58075,12.96351],[77.57993,12.96359],[77.57952,12.9636],[77.57904,12.9636],[77.57869,12.96359],[77.57832,12.96364],[77.57817,12.96368],[77.57752,12.96393],[77.5773,12.964],[77.57691,12.9641],[77.57657,12.96422],[77.57568,12.9646],[77.57552,12.96465],[77.57536,12.96468],[77.57526,12.9647],[77.57507,12.96469],[77.57479,12.96465],[77.57463,12.9646]]}},{"type":"Feature","properties":{"name":"BGS Flyover","highway":"trunk","policy":"HGV restrictions on select corridors (BTP)"},"geometry":{"type":"LineString","coordinates":[[77.58076,12.96358],[77.5815,12.96351],[77.58173,12.96351],[77.58194,12.96359],[77.58209,12.96375],[77.58219,12.96386],[77.58231,12.96396],[77.5824,12.96398]]}},{"type":"Feature","properties":{"name":"Tumkur Road Exit","highway":"trunk","policy":"HGV restrictions on select corridors (BTP)"},"geometry":{"type":"LineString","coordinates":[[77.59144,13.04601],[77.59134,13.04521],[77.59121,13.04428],[77.59118,13.04414],[77.59114,13.04404],[77.5911,13.04394],[77.59104,13.04384],[77.59094,13.04367],[77.59083,13.0435],[77.59078,13.04339],[77.59075,13.04334]]}},{"type":"Feature","properties":{"name":"freight corridor","highway":"trunk","policy":"HGV restrictions on select corridors (BTP)"},"geometry":{"type":"LineString","coordinates":[[77.59131,13.04281],[77.59141,13.04277],[77.59254,13.04246],[77.59374,13.04209],[77.59386,13.04206],[77.5941,13.04201],[77.59429,13.04201]]}},{"type":"Feature","properties":{"name":"Outer Ring Road","highway":"trunk","policy":"HGV restrictions on select corridors (BTP)"},"geometry":{"type":"LineString","coordinates":[[77.68709,12.99186],[77.68772,12.99102],[77.68826,12.99028]]}},{"type":"Feature","properties":{"name":"Tin Factory Flyover","highway":"trunk","policy":"HGV restrictions on select corridors (BTP)"},"geometry":{"type":"LineString","coordinates":[[77.66978,12.99704],[77.66975,12.99701],[77.66967,12.99693]]}},{"type":"Feature","properties":{"name":"Electronic City Flyover","highway":"motorway","policy":"HGV restrictions on select corridors (BTP)"},"geometry":{"type":"LineString","coordinates":[[77.66583,12.84545],[77.666,12.84543],[77.6666,12.84546],[77.66692,12.84552],[77.66718,12.84558],[77.66753,12.84567]]}},{"type":"Feature","properties":{"name":"Hosur Road","highway":"trunk","policy":"HGV restrictions on select corridors (BTP)"},"geometry":{"type":"LineString","coordinates":[[77.67919,12.83601],[77.67867,12.83738],[77.67854,12.83764],[77.67844,12.83784],[77.67835,12.83801],[77.67826,12.83815],[77.67813,12.83835],[77.67781,12.83877],[77.67778,12.83881],[77.6774,12.83931],[77.677,12.83981],[77.67693,12.83991]]}},{"type":"Feature","properties":{"name":"Outer Ring Road","highway":"trunk","policy":"HGV restrictions on select corridors (BTP)"},"geometry":{"type":"LineString","coordinates":[[77.59987,12.91682],[77.59991,12.91682],[77.59998,12.91682],[77.6001,12.91682]]}},{"type":"Feature","properties":{"name":"Hosur Road","highway":"trunk","policy":"HGV restrictions on select corridors (BTP)"},"geometry":{"type":"LineString","coordinates":[[77.66075,12.86041],[77.65999,12.86138],[77.65886,12.8628],[77.65753,12.86448],[77.65543,12.86714],[77.65513,12.86751],[77.65339,12.86972]]}},{"type":"Feature","properties":{"name":"Silk Board Flyover","highway":"trunk","policy":"HGV restrictions on select corridors (BTP)"},"geometry":{"type":"LineString","coordinates":[[77.62194,12.91866],[77.62198,12.91859],[77.62234,12.91804],[77.62289,12.91714],[77.62404,12.91512]]}},{"type":"Feature","properties":{"name":"Silk Board Flyover","highway":"trunk","policy":"HGV restrictions on select corridors (BTP)"},"geometry":{"type":"LineString","coordinates":[[77.62394,12.91507],[77.62335,12.91614],[77.62279,12.91711],[77.62274,12.9172],[77.62248,12.91762],[77.62186,12.91862]]}},{"type":"Feature","properties":{"name":"Hosur Road","highway":"trunk","policy":"HGV restrictions on select corridors (BTP)"},"geometry":{"type":"LineString","coordinates":[[77.62086,12.92023],[77.62091,12.92016],[77.62098,12.92006],[77.62135,12.91952],[77.62141,12.91945]]}},{"type":"Feature","properties":{"name":"NICE Road","highway":"motorway","policy":"HGV restrictions on select corridors (BTP)"},"geometry":{"type":"LineString","coordinates":[[77.47564,13.04051],[77.47599,13.03806],[77.47604,13.03767],[77.47608,13.03725],[77.4761,13.03684],[77.47612,13.03645],[77.47611,13.03615],[77.47608,13.03561],[77.47603,13.03505],[77.47593,13.03412],[77.47583,13.03327],[77.47572,13.03226],[77.47563,13.03139],[77.47559,13.03105],[77.47556,13.03073],[77.47555,13.03059],[77.4755,13.02995],[77.47548,13.02942],[77.47546,13.02874],[77.47545,13.02796],[77.47548,13.02618],[77.47548,13.02579],[77.47554,13.02361],[77.47555,13.02329],[77.47568,13.02226],[77.47578,13.02163],[77.47591,13.02082],[77.47594,13.02061],[77.47599,13.02014],[77.4761,13.01905],[77.47614,13.01836],[77.47617,13.01768],[77.47617,13.01717],[77.47617,13.01695],[77.47617,13.01643],[77.47616,13.01606]]}},{"type":"Feature","properties":{"name":"NICE Expressway","highway":"motorway","policy":"HGV restrictions on select corridors (BTP)"},"geometry":{"type":"LineString","coordinates":[[77.49285,12.87667],[77.49299,12.87685],[77.49357,12.87748],[77.49416,12.87814]]}},{"type":"Feature","properties":{"name":"NICE Road","highway":"motorway","policy":"HGV restrictions on select corridors (BTP)"},"geometry":{"type":"LineString","coordinates":[[77.47019,12.90298],[77.46983,12.90399]]}},{"type":"Feature","properties":{"name":"NICE Road","highway":"motorway","policy":"HGV restrictions on select corridors (BTP)"},"geometry":{"type":"LineString","coordinates":[[77.4699,12.94605],[77.47,12.94659],[77.47015,12.94738],[77.47034,12.94839],[77.47045,12.94896],[77.47055,12.94959],[77.47062,12.95016],[77.4707,12.95087],[77.47078,12.95162],[77.47087,12.95246],[77.47099,12.9535],[77.47114,12.95483],[77.47123,12.95575],[77.4713,12.95635],[77.47133,12.95704],[77.47135,12.95803],[77.47134,12.95881],[77.47133,12.95975],[77.47132,12.96011],[77.47132,12.96088],[77.47131,12.96252],[77.47129,12.96514],[77.47129,12.96642],[77.47126,12.96869],[77.47126,12.96934],[77.47127,12.97009],[77.47125,12.97125],[77.47125,12.97193],[77.47124,12.97314],[77.47124,12.97383],[77.47123,12.97458],[77.4712,12.97544],[77.47114,12.97617],[77.47105,12.97726],[77.4709,12.97921],[77.47083,12.98006],[77.47077,12.98074],[77.47066,12.98205],[77.47064,12.9825],[77.47063,12.98293],[77.47063,12.9832],[77.47064,12.9834],[77.47066,12.98356],[77.47069,12.98387],[77.47078,12.98441],[77.47083,12.98465],[77.47087,12.98483],[77.47092,12.98502],[77.47102,12.98532],[77.47114,12.9857],[77.47135,12.9863],[77.47153,12.98685],[77.47166,12.98729],[77.47176,12.98763],[77.47186,12.98806],[77.47199,12.98866]]}},{"type":"Feature","properties":{"name":"Bellary Road","highway":"trunk","policy":"HGV restrictions on select corridors (BTP)"},"geometry":{"type":"LineString","coordinates":[[77.58517,13.02515],[77.58475,13.02352],[77.58463,13.02304]]}},{"type":"Feature","properties":{"name":"Bangalore - Nelamangala Expressway","highway":"motorway","policy":"HGV restrictions on select corridors (BTP)"},"geometry":{"type":"LineString","coordinates":[[77.46689,13.05871],[77.46884,13.05821],[77.46938,13.05807]]}},{"type":"Feature","properties":{"name":"Kanakapura Road","highway":"trunk","policy":"HGV restrictions on select corridors (BTP)"},"geometry":{"type":"LineString","coordinates":[[77.52943,12.86096],[77.52946,12.86106],[77.52948,12.86109],[77.5295,12.86114],[77.52955,12.86122],[77.53022,12.86233],[77.53025,12.86238],[77.53042,12.86259],[77.53046,12.86263],[77.53055,12.8627],[77.53062,12.86275],[77.5307,12.86281],[77.53112,12.86309],[77.53141,12.86329],[77.53182,12.86357],[77.53215,12.8638],[77.5324,12.86401],[77.53256,12.86415],[77.53272,12.8643],[77.53295,12.86455],[77.53349,12.86524],[77.53362,12.8654],[77.53434,12.86632],[77.53442,12.86642],[77.53453,12.86656],[77.5347,12.86678],[77.53482,12.86693],[77.53538,12.86769],[77.53572,12.86814],[77.5364,12.86904],[77.53658,12.86926],[77.53666,12.86936],[77.53671,12.86942],[77.53718,12.87],[77.53726,12.87011],[77.53739,12.87027],[77.53744,12.87033],[77.53751,12.87042],[77.53785,12.87084],[77.53829,12.87141],[77.53882,12.87206],[77.53891,12.87216],[77.53945,12.87284],[77.53981,12.87327],[77.53984,12.8733],[77.53997,12.87343],[77.54006,12.87353],[77.54023,12.87369],[77.5403,12.87376],[77.54056,12.87397],[77.54063,12.87402],[77.54065,12.87404],[77.54075,12.8741],[77.54075,12.8741],[77.54077,12.87412],[77.54079,12.87413],[77.54079,12.87413],[77.54107,12.87432],[77.54148,12.87453],[77.5421,12.87481],[77.54239,12.87493],[77.54246,12.87496],[77.5427,12.87506],[77.54293,12.87517],[77.54325,12.87535],[77.54335,12.87541],[77.54367,12.87566],[77.54391,12.87594],[77.54405,12.87612],[77.54433,12.87663],[77.54441,12.8768],[77.54452,12.87711],[77.545,12.87825],[77.54505,12.87836],[77.54509,12.87846],[77.54513,12.87854],[77.54514,12.87857],[77.54525,12.87884],[77.5454,12.8792],[77.5454,12.87922],[77.54552,12.87949]]}},{"type":"Feature","properties":{"name":"Sumanahalli Flyover","highway":"trunk","policy":"HGV restrictions on select corridors (BTP)"},"geometry":{"type":"LineString","coordinates":[[77.51905,12.98477],[77.51892,12.98429],[77.51881,12.98399],[77.51871,12.98374],[77.51858,12.98351],[77.51842,12.98324],[77.51815,12.98283],[77.51784,12.98241],[77.51739,12.98179]]}},{"type":"Feature","properties":{"name":"NICE Road","highway":"motorway","policy":"HGV restrictions on select corridors (BTP)"},"geometry":{"type":"LineString","coordinates":[[77.6205,12.86082],[77.61933,12.85991],[77.61904,12.85968],[77.61844,12.85921],[77.61714,12.85816],[77.61644,12.8576],[77.61584,12.85718],[77.61559,12.85701],[77.61516,12.85674],[77.61472,12.8565],[77.61419,12.85622],[77.61372,12.85599],[77.61328,12.8558],[77.61298,12.85568],[77.61253,12.8555],[77.61247,12.85548],[77.61179,12.85527],[77.61141,12.85516],[77.61093,12.85503],[77.61051,12.85494],[77.61009,12.85487],[77.6082,12.85458],[77.60765,12.85449],[77.60732,12.85441],[77.60696,12.85432],[77.60678,12.85427],[77.60605,12.85405]]}},{"type":"Feature","properties":{"name":"NICE Road","highway":"motorway","policy":"HGV restrictions on select corridors (BTP)"},"geometry":{"type":"LineString","coordinates":[[77.63436,12.867],[77.63488,12.867],[77.63513,12.86699],[77.6356,12.86696],[77.63608,12.86692],[77.63666,12.86686],[77.63751,12.86675],[77.63788,12.86669],[77.6386,12.86655],[77.63899,12.86646],[77.63943,12.86637],[77.63995,12.86623],[77.64042,12.8661],[77.64092,12.86595],[77.64142,12.86576],[77.64201,12.86556],[77.64249,12.86537],[77.64332,12.86503],[77.64369,12.86487],[77.64415,12.86465],[77.64486,12.86428],[77.6465,12.86344],[77.64788,12.86274],[77.64901,12.86217],[77.65011,12.86163],[77.65169,12.86091],[77.652,12.86077],[77.65279,12.86041],[77.65301,12.86031],[77.65321,12.86022],[77.65339,12.86014],[77.65354,12.86007],[77.65365,12.86002],[77.65373,12.85998],[77.65447,12.85964]]}},{"type":"Feature","properties":{"name":"NICE Road","highway":"motorway","policy":"HGV restrictions on select corridors (BTP)"},"geometry":{"type":"LineString","coordinates":[[77.63397,12.86682],[77.63335,12.8668],[77.63278,12.86675],[77.63217,12.86667],[77.63174,12.8666],[77.63136,12.86653],[77.63082,12.86639],[77.63043,12.8663],[77.63018,12.86623]]}},{"type":"Feature","properties":{"name":"NICE Road","highway":"motorway","policy":"HGV restrictions on select corridors (BTP)"},"geometry":{"type":"LineString","coordinates":[[77.63435,12.86683],[77.63397,12.86682]]}},{"type":"Feature","properties":{"name":"NICE Road","highway":"motorway","policy":"HGV restrictions on select corridors (BTP)"},"geometry":{"type":"LineString","coordinates":[[77.62923,12.86592],[77.62913,12.86588]]}},{"type":"Feature","properties":{"name":"Outer Ring Road","highway":"trunk","policy":"HGV restrictions on select corridors (BTP)"},"geometry":{"type":"LineString","coordinates":[[77.57594,12.90652],[77.57826,12.9065],[77.57827,12.9065],[77.57836,12.9065],[77.57844,12.9065],[77.57924,12.90648],[77.57939,12.90647],[77.58023,12.90645]]}},{"type":"Feature","properties":{"name":"Mysore Road","highway":"trunk","policy":"HGV restrictions on select corridors (BTP)"},"geometry":{"type":"LineString","coordinates":[[77.53764,12.95033],[77.53759,12.9503],[77.53712,12.94988],[77.53684,12.94963],[77.53654,12.94931],[77.53627,12.94906],[77.53604,12.94889],[77.53599,12.94885],[77.53591,12.9488],[77.53581,12.94873],[77.5357,12.94866],[77.53534,12.94845],[77.53532,12.94845],[77.53528,12.94842],[77.5352,12.94838],[77.53496,12.94819],[77.53489,12.94815],[77.53457,12.94798],[77.53425,12.9478],[77.53388,12.94764],[77.53378,12.94761],[77.53358,12.94754],[77.53335,12.94747],[77.53314,12.94741]]}},{"type":"Feature","properties":{"name":"Mysore Road","highway":"trunk","policy":"HGV restrictions on select corridors (BTP)"},"geometry":{"type":"LineString","coordinates":[[77.53875,12.95094],[77.5384,12.95084]]}},{"type":"Feature","properties":{"name":"Mysore Road","highway":"trunk","policy":"HGV restrictions on select corridors (BTP)"},"geometry":{"type":"LineString","coordinates":[[77.52611,12.94299],[77.52604,12.94291],[77.52588,12.94267],[77.52582,12.94259],[77.52578,12.94254],[77.52566,12.94237],[77.52562,12.94231],[77.52544,12.94207],[77.52488,12.94131],[77.52477,12.94117],[77.52475,12.94114],[77.52473,12.94111],[77.52461,12.94093],[77.52457,12.94087],[77.52454,12.94082],[77.5245,12.94077],[77.52431,12.94049],[77.52425,12.94041],[77.52418,12.94034],[77.52412,12.94026],[77.52408,12.94022],[77.5239,12.94001],[77.52377,12.93986],[77.52351,12.93954],[77.52331,12.93934],[77.52328,12.9393],[77.52313,12.93915],[77.52295,12.93896],[77.52291,12.93893],[77.52273,12.93882],[77.52263,12.93876],[77.5225,12.93868],[77.52241,12.93862],[77.52213,12.93843],[77.52211,12.9384],[77.52199,12.93832],[77.52189,12.93825],[77.52166,12.93809],[77.52107,12.93752],[77.5207,12.93715],[77.52063,12.93707],[77.52046,12.93697],[77.52023,12.93682],[77.51981,12.93669],[77.51878,12.9364],[77.51873,12.93639],[77.51857,12.93634]]}},{"type":"Feature","properties":{"name":"NICE Road","highway":"motorway","policy":"HGV restrictions on select corridors (BTP)"},"geometry":{"type":"LineString","coordinates":[[77.606,12.85421],[77.60671,12.85442],[77.60713,12.85454],[77.60734,12.85459],[77.60763,12.85465],[77.60797,12.85472],[77.60915,12.85489],[77.60998,12.85502],[77.61035,12.85508],[77.61071,12.85516],[77.61141,12.85533],[77.61187,12.85547],[77.61238,12.85563],[77.61277,12.85578],[77.61342,12.85604],[77.61387,12.85625],[77.61423,12.85643],[77.61477,12.85671],[77.61546,12.85713],[77.61579,12.85735],[77.61624,12.85766],[77.61685,12.85814],[77.62009,12.86072],[77.6206,12.86111],[77.62084,12.86128],[77.62122,12.86153],[77.62211,12.86206],[77.6247,12.86369],[77.62526,12.86404],[77.62592,12.86445],[77.62626,12.86468],[77.6267,12.86494],[77.62706,12.86514],[77.62728,12.86526],[77.6276,12.86543],[77.6282,12.8657],[77.62901,12.86602]]}},{"type":"Feature","properties":{"name":"NICE Road","highway":"motorway","policy":"HGV restrictions on select corridors (BTP)"},"geometry":{"type":"LineString","coordinates":[[77.59985,12.85366],[77.59994,12.85366]]}},{"type":"Feature","properties":{"name":"NICE Road","highway":"motorway","policy":"HGV restrictions on select corridors (BTP)"},"geometry":{"type":"LineString","coordinates":[[77.59994,12.8535],[77.59985,12.8535]]}},{"type":"Feature","properties":{"name":"NICE Road","highway":"motorway","policy":"HGV restrictions on select corridors (BTP)"},"geometry":{"type":"LineString","coordinates":[[77.59985,12.8535],[77.5972,12.8534],[77.59704,12.85339],[77.59695,12.85339],[77.59606,12.85334],[77.59567,12.85331],[77.59538,12.85326],[77.59512,12.85321],[77.59489,12.85315],[77.59465,12.85306],[77.59445,12.85297],[77.59425,12.85288],[77.59407,12.85279],[77.59393,12.85271],[77.59379,12.85263],[77.59365,12.85253],[77.59347,12.8524],[77.59328,12.85224],[77.59292,12.85192],[77.59281,12.85182]]}},{"type":"Feature","properties":{"name":"Outer Ring Road","highway":"trunk","policy":"HGV restrictions on select corridors (BTP)"},"geometry":{"type":"LineString","coordinates":[[77.53253,12.93998],[77.53277,12.93959]]}},{"type":"Feature","properties":{"name":"NICE Expressway","highway":"motorway","policy":"HGV restrictions on select corridors (BTP)"},"geometry":{"type":"LineString","coordinates":[[77.53176,12.92822],[77.53158,12.93062],[77.53145,12.93234],[77.53142,12.93266],[77.5314,12.93296],[77.53137,12.93325],[77.53137,12.93334]]}},{"type":"Feature","properties":{"name":"NICE Expressway","highway":"motorway","policy":"HGV restrictions on select corridors (BTP)"},"geometry":{"type":"LineString","coordinates":[[77.49472,12.87841],[77.49455,12.87824],[77.4943,12.87796]]}},{"type":"Feature","properties":{"name":"NICE Expressway","highway":"motorway","policy":"HGV restrictions on select corridors (BTP)"},"geometry":{"type":"LineString","coordinates":[[77.47924,12.85925],[77.47982,12.86038],[77.47989,12.86051],[77.48093,12.86228],[77.48137,12.86295],[77.48184,12.86359],[77.48197,12.86378],[77.48403,12.86621],[77.48421,12.86643],[77.487,12.86976],[77.48771,12.87056],[77.488,12.87089],[77.48804,12.87092],[77.48971,12.87257],[77.48975,12.87262],[77.48983,12.8727],[77.49011,12.87301],[77.49054,12.87351],[77.49206,12.87556],[77.49252,12.87626]]}},{"type":"Feature","properties":{"name":"NICE Road","highway":"motorway","policy":"HGV restrictions on select corridors (BTP)"},"geometry":{"type":"LineString","coordinates":[[77.52255,12.8599],[77.5235,12.85951],[77.52423,12.85921],[77.52516,12.85882],[77.52539,12.85873],[77.52605,12.85848],[77.52726,12.85804]]}},{"type":"Feature","properties":{"name":"NICE Expressway","highway":"motorway","policy":"HGV restrictions on select corridors (BTP)"},"geometry":{"type":"LineString","coordinates":[[77.53178,12.92794],[77.53176,12.92822]]}},{"type":"Feature","properties":{"name":"NICE Expressway","highway":"motorway","policy":"HGV restrictions on select corridors (BTP)"},"geometry":{"type":"LineString","coordinates":[[77.53135,12.91557],[77.53147,12.91672],[77.53163,12.91797],[77.53173,12.91875],[77.53181,12.91928],[77.53189,12.92],[77.53195,12.92048],[77.53204,12.92127],[77.53211,12.92226],[77.53212,12.92303],[77.5321,12.92358],[77.53207,12.92434],[77.53197,12.92549],[77.53178,12.92794]]}},{"type":"Feature","properties":{"name":"NICE Road","highway":"motorway","policy":"HGV restrictions on select corridors (BTP)"},"geometry":{"type":"LineString","coordinates":[[77.49467,12.87923],[77.49457,12.87942],[77.49446,12.8796],[77.49429,12.87983],[77.49415,12.87999],[77.49401,12.88016],[77.49385,12.88033],[77.49373,12.88043],[77.49355,12.88059],[77.49292,12.88112],[77.49133,12.88239],[77.49054,12.88302],[77.49018,12.88331],[77.48922,12.88407],[77.48857,12.88459],[77.48762,12.88537],[77.4869,12.88599],[77.48629,12.88658],[77.48552,12.88736],[77.48494,12.88794],[77.48438,12.88852],[77.48381,12.88908],[77.48343,12.88945],[77.48317,12.88969],[77.48291,12.88992],[77.48124,12.89134],[77.48097,12.89157],[77.47984,12.89252],[77.47978,12.89257],[77.47852,12.89364],[77.47743,12.89456],[77.47718,12.89477],[77.47694,12.89497],[77.47673,12.89514],[77.47651,12.89532],[77.47633,12.89547]]}},{"type":"Feature","properties":{"name":"NICE Road","highway":"motorway","policy":"HGV restrictions on select corridors (BTP)"},"geometry":{"type":"LineString","coordinates":[[77.52239,12.85976],[77.52217,12.85986]]}},{"type":"Feature","properties":{"name":"NICE Road","highway":"motorway","policy":"HGV restrictions on select corridors (BTP)"},"geometry":{"type":"LineString","coordinates":[[77.52214,12.86008],[77.52255,12.8599]]}},{"type":"Feature","properties":{"name":"NICE Expressway","highway":"motorway","policy":"HGV restrictions on select corridors (BTP)"},"geometry":{"type":"LineString","coordinates":[[77.50145,12.88406],[77.50179,12.88426]]}},{"type":"Feature","properties":{"name":"NICE Expressway","highway":"motorway","policy":"HGV restrictions on select corridors (BTP)"},"geometry":{"type":"LineString","coordinates":[[77.52788,12.90764],[77.52811,12.90802]]}},{"type":"Feature","properties":{"name":"Tumkur Road","highway":"trunk","policy":"HGV restrictions on select corridors (BTP)"},"geometry":{"type":"LineString","coordinates":[[77.54008,13.02896],[77.54021,13.02889],[77.54025,13.02887],[77.54032,13.02884],[77.54035,13.02881],[77.5405,13.02873]]}},{"type":"Feature","properties":{"name":"Mekhri Circle Underpass","highway":"trunk","policy":"HGV restrictions on select corridors (BTP)"},"geometry":{"type":"LineString","coordinates":[[77.5839,13.01425],[77.58391,13.0148]]}},{"type":"Feature","properties":{"name":"Mekhri Circle Underpass","highway":"trunk","policy":"HGV restrictions on select corridors (BTP)"},"geometry":{"type":"LineString","coordinates":[[77.58401,13.01479],[77.584,13.01425]]}},{"type":"Feature","properties":{"name":"Bangalore - Nelamangala Expressway","highway":"motorway","policy":"HGV restrictions on select corridors (BTP)"},"geometry":{"type":"LineString","coordinates":[[77.49663,13.04887],[77.49435,13.04967],[77.49217,13.05048],[77.49087,13.05095],[77.48975,13.05135],[77.48852,13.05179]]}},{"type":"Feature","properties":{"name":"Tumkur Road","highway":"trunk","policy":"HGV restrictions on select corridors (BTP)"},"geometry":{"type":"LineString","coordinates":[[77.53988,13.02888],[77.53978,13.02887],[77.5397,13.02891],[77.53955,13.02899],[77.53943,13.02906],[77.53934,13.02911],[77.53917,13.02921],[77.53904,13.02931],[77.53749,13.0302],[77.53733,13.03029],[77.53725,13.03034]]}},{"type":"Feature","properties":{"name":"Nagarabhavi Underpass","highway":"trunk","policy":"HGV restrictions on select corridors (BTP)"},"geometry":{"type":"LineString","coordinates":[[77.51873,12.95831],[77.51882,12.95826],[77.5189,12.9582],[77.51901,12.9581]]}},{"type":"Feature","properties":{"name":"Nayandahalli Underpass","highway":"trunk","policy":"HGV restrictions on select corridors (BTP)"},"geometry":{"type":"LineString","coordinates":[[77.52499,12.94685],[77.52634,12.94624],[77.52672,12.94603]]}},{"type":"Feature","properties":{"name":"Nagarabhavi Underpass","highway":"trunk","policy":"HGV restrictions on select corridors (BTP)"},"geometry":{"type":"LineString","coordinates":[[77.51894,12.95802],[77.51884,12.95809],[77.51874,12.95816],[77.51867,12.95821]]}},{"type":"Feature","properties":{"name":"Nagarabhavi Underpass","highway":"trunk","policy":"HGV restrictions on select corridors (BTP)"},"geometry":{"type":"LineString","coordinates":[[77.51956,12.95652],[77.5196,12.95587],[77.51965,12.95511],[77.5197,12.95472],[77.51976,12.95443],[77.51984,12.9541],[77.51992,12.95382],[77.52,12.95356],[77.5201,12.95333],[77.52036,12.95278],[77.52054,12.95248],[77.52065,12.9523],[77.52069,12.95223],[77.52083,12.95206],[77.52099,12.95186]]}},{"type":"Feature","properties":{"name":"Nagarabhavi Underpass","highway":"trunk","policy":"HGV restrictions on select corridors (BTP)"},"geometry":{"type":"LineString","coordinates":[[77.51867,12.95821],[77.51856,12.95827],[77.51843,12.95832],[77.51829,12.95837],[77.51816,12.95841],[77.51777,12.95851],[77.5176,12.95857],[77.51743,12.95863],[77.51726,12.9587]]}},{"type":"Feature","properties":{"name":"Outer Ring Road","highway":"trunk","policy":"HGV restrictions on select corridors (BTP)"},"geometry":{"type":"LineString","coordinates":[[77.52672,12.94603],[77.5271,12.94588]]}},{"type":"Feature","properties":{"name":"Outer Ring Road Underpass","highway":"trunk","policy":"HGV restrictions on select corridors (BTP)"},"geometry":{"type":"LineString","coordinates":[[77.58546,12.9063],[77.5829,12.90633]]}},{"type":"Feature","properties":{"name":"Outer Ring Road","highway":"trunk","policy":"HGV restrictions on select corridors (BTP)"},"geometry":{"type":"LineString","coordinates":[[77.56449,12.91784],[77.56471,12.9173],[77.56489,12.91686],[77.56525,12.91588],[77.56536,12.9156]]}},{"type":"Feature","properties":{"name":"Outer Ring Road","highway":"trunk","policy":"HGV restrictions on select corridors (BTP)"},"geometry":{"type":"LineString","coordinates":[[77.58762,12.90636],[77.58766,12.90636],[77.5883,12.90636],[77.58979,12.90635],[77.59007,12.90635],[77.5902,12.90635],[77.59029,12.90635],[77.59032,12.90635],[77.59048,12.90635],[77.59064,12.90635],[77.59071,12.90635],[77.59097,12.90635],[77.59167,12.90634],[77.59176,12.90634],[77.59179,12.90634]]}},{"type":"Feature","properties":{"name":"Outer Ring Road","highway":"trunk","policy":"HGV restrictions on select corridors (BTP)"},"geometry":{"type":"LineString","coordinates":[[77.57314,12.90645],[77.57243,12.90657],[77.57223,12.9066],[77.57217,12.90661],[77.572,12.90669],[77.57194,12.90673],[77.57186,12.90678],[77.57174,12.90689],[77.5716,12.90704],[77.57157,12.90706],[77.5712,12.90745],[77.57095,12.90771],[77.57077,12.9079],[77.57054,12.90823],[77.57031,12.90855],[77.57019,12.90872],[77.57015,12.90878],[77.56995,12.90902],[77.56972,12.9093],[77.56967,12.90936],[77.56845,12.91081],[77.5683,12.911],[77.56762,12.91186],[77.56737,12.91218],[77.56728,12.91229]]}},{"type":"Feature","properties":{"name":"Outer Ring Road Underpass","highway":"trunk","policy":"HGV restrictions on select corridors (BTP)"},"geometry":{"type":"LineString","coordinates":[[77.58546,12.90638],[77.58572,12.90638],[77.58593,12.90638]]}},{"type":"Feature","properties":{"name":"Outer Ring Road Underpass","highway":"trunk","policy":"HGV restrictions on select corridors (BTP)"},"geometry":{"type":"LineString","coordinates":[[77.58593,12.9063],[77.58546,12.9063]]}},{"type":"Feature","properties":{"name":"NICE Road","highway":"motorway","policy":"HGV restrictions on select corridors (BTP)"},"geometry":{"type":"LineString","coordinates":[[77.46973,12.90428],[77.46958,12.9047],[77.46938,12.90524],[77.46932,12.90539],[77.4689,12.90651]]}},{"type":"Feature","properties":{"name":"NICE Road","highway":"motorway","policy":"HGV restrictions on select corridors (BTP)"},"geometry":{"type":"LineString","coordinates":[[77.46997,12.90412],[77.47031,12.90321]]}},{"type":"Feature","properties":{"name":"NICE Road","highway":"motorway","policy":"HGV restrictions on select corridors (BTP)"},"geometry":{"type":"LineString","coordinates":[[77.4689,12.90651],[77.46864,12.9072]]}},{"type":"Feature","properties":{"name":"NICE Road","highway":"motorway","policy":"HGV restrictions on select corridors (BTP)"},"geometry":{"type":"LineString","coordinates":[[77.46915,12.90633],[77.46929,12.90594],[77.46959,12.90517]]}},{"type":"Feature","properties":{"name":"NICE Road","highway":"motorway","policy":"HGV restrictions on select corridors (BTP)"},"geometry":{"type":"LineString","coordinates":[[77.46864,12.9072],[77.46824,12.90829],[77.46791,12.90917],[77.46769,12.90976],[77.46759,12.91008],[77.46749,12.91041],[77.46739,12.91083],[77.4673,12.91134],[77.46726,12.91167],[77.46723,12.91204],[77.46722,12.91232],[77.46722,12.91265],[77.46723,12.91296],[77.46725,12.91315],[77.46725,12.91326],[77.46729,12.91355],[77.46734,12.9139],[77.46741,12.91426],[77.4676,12.91506],[77.46785,12.91609],[77.46798,12.9166],[77.46828,12.91793],[77.46865,12.91949],[77.46876,12.91996],[77.46905,12.92112],[77.46915,12.92163],[77.46921,12.92195],[77.46922,12.92218],[77.46924,12.92247],[77.46926,12.92283],[77.46928,12.92374],[77.4693,12.9249],[77.4693,12.92506],[77.46934,12.92659],[77.46933,12.92694],[77.46931,12.92844],[77.46927,12.92921],[77.46926,12.92972],[77.46925,12.93067],[77.46929,12.93167],[77.46932,12.93233],[77.46936,12.9333],[77.46941,12.93487],[77.46941,12.93497],[77.46942,12.93584],[77.4694,12.9366]]}},{"type":"Feature","properties":{"name":"Mysore Road","highway":"trunk","policy":"HGV restrictions on select corridors (BTP)"},"geometry":{"type":"LineString","coordinates":[[77.48518,12.91279],[77.48522,12.91286],[77.48532,12.91302],[77.48545,12.91313],[77.48565,12.91328],[77.4857,12.91332],[77.486,12.91354],[77.48617,12.91373],[77.48659,12.91418],[77.48683,12.91444],[77.48688,12.91449]]}},{"type":"Feature","properties":{"name":"NICE Road","highway":"motorway","policy":"HGV restrictions on select corridors (BTP)"},"geometry":{"type":"LineString","coordinates":[[77.4688,12.90725],[77.46901,12.90667]]}},{"type":"Feature","properties":{"name":"NICE Expressway","highway":"motorway","policy":"HGV restrictions on select corridors (BTP)"},"geometry":{"type":"LineString","coordinates":[[77.49416,12.87814],[77.4946,12.87861]]}},{"type":"Feature","properties":{"name":"NICE Expressway","highway":"motorway","policy":"HGV restrictions on select corridors (BTP)"},"geometry":{"type":"LineString","coordinates":[[77.4943,12.87796],[77.49354,12.87712],[77.49314,12.8766],[77.49307,12.87652]]}},{"type":"Feature","properties":{"name":"Electronic City Flyover","highway":"motorway","policy":"HGV restrictions on select corridors (BTP)"},"geometry":{"type":"LineString","coordinates":[[77.66989,12.84675],[77.67031,12.84696],[77.67046,12.84705],[77.67054,12.84712],[77.67059,12.84716],[77.67064,12.8472],[77.67069,12.84725],[77.67073,12.8473],[77.67077,12.84736],[77.67079,12.84741],[77.6708,12.84748],[77.67081,12.84754],[77.67081,12.84762],[77.6708,12.84769],[77.67077,12.84776],[77.67075,12.8478],[77.67068,12.84793],[77.67058,12.8481],[77.67029,12.84848],[77.6672,12.85239],[77.66609,12.85379],[77.66572,12.85425],[77.66485,12.85536],[77.66469,12.85555],[77.66412,12.85623],[77.66346,12.85706],[77.66223,12.85867],[77.66096,12.86024],[77.65988,12.8616],[77.65808,12.86388],[77.65638,12.866],[77.65542,12.86721],[77.65312,12.87013],[77.65104,12.87278],[77.65088,12.87297],[77.65073,12.87315],[77.65042,12.87352],[77.65026,12.87369],[77.65011,12.87386],[77.64981,12.87419],[77.6495,12.87453],[77.64932,12.87473],[77.64913,12.87494],[77.64879,12.87532],[77.64772,12.87655],[77.64731,12.87709],[77.64679,12.8779],[77.64285,12.88431],[77.64238,12.88508],[77.64122,12.88697],[77.63833,12.89167],[77.63768,12.89271],[77.6361,12.89529],[77.63464,12.89765],[77.63304,12.90029],[77.63258,12.90105],[77.63239,12.90136],[77.63235,12.90143],[77.6318,12.90232],[77.63162,12.90261],[77.62862,12.90745],[77.62834,12.9079]]}},{"type":"Feature","properties":{"name":"Hosur Road","highway":"trunk","policy":"HGV restrictions on select corridors (BTP)"},"geometry":{"type":"LineString","coordinates":[[77.67092,12.84767],[77.6709,12.84769],[77.67039,12.84825],[77.66635,12.85341],[77.66562,12.85429],[77.66526,12.85473],[77.66435,12.85588],[77.66431,12.85593]]}},{"type":"Feature","properties":{"name":"Outer Ring Road","highway":"trunk","policy":"HGV restrictions on select corridors (BTP)"},"geometry":{"type":"LineString","coordinates":[[77.51235,12.96467],[77.51236,12.96528],[77.51254,12.96874],[77.51257,12.96907],[77.51264,12.97038],[77.51267,12.97085],[77.51272,12.97154],[77.51274,12.97179],[77.51278,12.972],[77.5128,12.97215],[77.51285,12.97249],[77.51296,12.973]]}},{"type":"Feature","properties":{"name":"Nagarabhavi Underpass","highway":"trunk","policy":"HGV restrictions on select corridors (BTP)"},"geometry":{"type":"LineString","coordinates":[[77.51734,12.9588],[77.5175,12.95873],[77.51767,12.95867],[77.51784,12.95862],[77.51824,12.95851],[77.51844,12.95845],[77.51858,12.95839],[77.51873,12.95831]]}},{"type":"Feature","properties":{"name":"Nagarabhavi Circle Flyover","highway":"trunk","policy":"HGV restrictions on select corridors (BTP)"},"geometry":{"type":"LineString","coordinates":[[77.51299,12.96085],[77.51314,12.96075],[77.51329,12.96068],[77.51398,12.96042]]}},{"type":"Feature","properties":{"name":"Nagarabhavi Circle Flyover","highway":"trunk","policy":"HGV restrictions on select corridors (BTP)"},"geometry":{"type":"LineString","coordinates":[[77.51395,12.9603],[77.51321,12.96058],[77.51311,12.96062],[77.513,12.96068],[77.51288,12.96077]]}},{"type":"Feature","properties":{"name":"Old Madras Road Flyover","highway":"trunk","policy":"HGV restrictions on select corridors (BTP)"},"geometry":{"type":"LineString","coordinates":[[77.74495,13.04232],[77.74673,13.0436],[77.74713,13.04389],[77.74768,13.04429],[77.74822,13.04467],[77.74913,13.04531],[77.74999,13.04596],[77.75052,13.04633],[77.7518,13.04725],[77.75295,13.04804],[77.75403,13.04881],[77.75545,13.04982]]}},{"type":"Feature","properties":{"name":"Outer Ring Road","highway":"trunk","policy":"HGV restrictions on select corridors (BTP)"},"geometry":{"type":"LineString","coordinates":[[77.67651,13.00042],[77.67663,13.00035],[77.67683,13.00032],[77.6769,13.00031],[77.67718,13.00037],[77.67742,13.00036],[77.67753,13.0004]]}},{"type":"Feature","properties":{"name":"Outer Ring Road","highway":"trunk","policy":"HGV restrictions on select corridors (BTP)"},"geometry":{"type":"LineString","coordinates":[[77.53936,12.93353],[77.53919,12.93362],[77.53895,12.93376]]}},{"type":"Feature","properties":{"name":"Outer Ring Road","highway":"trunk","policy":"HGV restrictions on select corridors (BTP)"},"geometry":{"type":"LineString","coordinates":[[77.54776,12.92696],[77.54786,12.92687]]}},{"type":"Feature","properties":{"name":"Electronic City Flyover","highway":"motorway","policy":"HGV restrictions on select corridors (BTP)"},"geometry":{"type":"LineString","coordinates":[[77.62749,12.9093],[77.62725,12.90961]]}},{"type":"Feature","properties":{"name":"Hosur Road","highway":"trunk","policy":"HGV restrictions on select corridors (BTP)"},"geometry":{"type":"LineString","coordinates":[[77.62129,12.91938],[77.62105,12.91968]]}},{"type":"Feature","properties":{"name":"CNR Rao Underpass","highway":"trunk","policy":"HGV restrictions on select corridors (BTP)"},"geometry":{"type":"LineString","coordinates":[[77.56405,13.01516],[77.56456,13.0148],[77.56521,13.0144]]}},{"type":"Feature","properties":{"name":"Bangalore - Nelamangala Expressway","highway":"motorway","policy":"HGV restrictions on select corridors (BTP)"},"geometry":{"type":"LineString","coordinates":[[77.48858,13.05192],[77.48955,13.05157],[77.49228,13.05059],[77.49425,13.0499],[77.49696,13.0489]]}},{"type":"Feature","properties":{"name":"Bellary Road","highway":"trunk","policy":"HGV restrictions on select corridors (BTP)"},"geometry":{"type":"LineString","coordinates":[[77.59667,13.09122],[77.59677,13.09173],[77.59712,13.09327],[77.59728,13.09399],[77.59735,13.0943],[77.59756,13.09497],[77.59758,13.09502]]}},{"type":"Feature","properties":{"name":"NICE Road","highway":"motorway","policy":"HGV restrictions on select corridors (BTP)"},"geometry":{"type":"LineString","coordinates":[[77.47199,12.98866],[77.47212,12.98928]]}},{"type":"Feature","properties":{"name":"NICE Road","highway":"motorway","policy":"HGV restrictions on select corridors (BTP)"},"geometry":{"type":"LineString","coordinates":[[77.47215,12.98862],[77.47204,12.98809],[77.47198,12.98781],[77.4719,12.98746],[77.47179,12.98711],[77.47147,12.98614],[77.47133,12.98572],[77.47118,12.98526],[77.47108,12.98497],[77.47104,12.98479],[77.471,12.98462],[77.47095,12.98439],[77.47085,12.98386],[77.47083,12.98355],[77.47081,12.98337],[77.4708,12.98317],[77.4708,12.98291],[77.4708,12.98247],[77.47082,12.98204],[77.47094,12.98075],[77.471,12.98002],[77.47106,12.97927],[77.47115,12.97822],[77.47122,12.97734],[77.47124,12.97707],[77.47132,12.97616],[77.47136,12.97542],[77.4714,12.97463],[77.47141,12.97383],[77.47141,12.97313],[77.47141,12.97192],[77.47142,12.97122],[77.47144,12.97007],[77.47144,12.96869],[77.47144,12.96804],[77.47145,12.9664],[77.47146,12.96592],[77.47146,12.96509],[77.47147,12.96401],[77.47148,12.96225]]}},{"type":"Feature","properties":{"name":"NICE Road","highway":"motorway","policy":"HGV restrictions on select corridors (BTP)"},"geometry":{"type":"LineString","coordinates":[[77.47228,12.98924],[77.47215,12.98862]]}},{"type":"Feature","properties":{"name":"NICE Road","highway":"motorway","policy":"HGV restrictions on select corridors (BTP)"},"geometry":{"type":"LineString","coordinates":[[77.47598,13.01607],[77.476,13.01644],[77.47601,13.01694],[77.47599,13.01768],[77.47597,13.01834],[77.47592,13.01904],[77.47579,13.02039],[77.47575,13.02068],[77.47571,13.02093],[77.47567,13.0212],[77.47563,13.02143],[77.4756,13.02163],[77.47557,13.02181],[77.47554,13.02197],[77.47553,13.02208],[77.47551,13.02216],[77.47545,13.02264],[77.47538,13.02325],[77.47536,13.0236],[77.47531,13.0258],[77.47531,13.02621],[77.47528,13.02795],[77.47528,13.02874],[77.4753,13.02942],[77.47532,13.02994],[77.47538,13.03062],[77.47545,13.03142],[77.47555,13.03227],[77.47566,13.03327],[77.47576,13.03414],[77.47587,13.03506],[77.47592,13.03562],[77.47595,13.03615],[77.47595,13.03644],[77.47593,13.03683],[77.4759,13.03725],[77.47586,13.03769],[77.47581,13.03808]]}},{"type":"Feature","properties":{"name":"NICE Road","highway":"motorway","policy":"HGV restrictions on select corridors (BTP)"},"geometry":{"type":"LineString","coordinates":[[77.4695,12.94066],[77.46954,12.94131]]}},{"type":"Feature","properties":{"name":"NICE Road","highway":"motorway","policy":"HGV restrictions on select corridors (BTP)"},"geometry":{"type":"LineString","coordinates":[[77.46958,12.9366],[77.46958,12.93589],[77.46959,12.93536],[77.46959,12.93496],[77.46957,12.93459],[77.46953,12.9333],[77.46949,12.93233],[77.46948,12.93209],[77.46946,12.93166],[77.46945,12.93131],[77.46942,12.93065],[77.46943,12.92971],[77.46948,12.92843],[77.4695,12.92704],[77.4695,12.92654],[77.46949,12.92525],[77.46947,12.92489],[77.46947,12.92427],[77.46944,12.92323],[77.46943,12.92284],[77.46941,12.92246],[77.46937,12.922],[77.46931,12.9216],[77.4692,12.92109],[77.46904,12.92038],[77.46892,12.91987],[77.46828,12.9172],[77.46801,12.91605],[77.46776,12.91501],[77.46758,12.91423],[77.46751,12.91388],[77.46745,12.91353],[77.46742,12.91324],[77.4674,12.91294],[77.46739,12.91262],[77.4674,12.91224],[77.46741,12.91192],[77.46743,12.91166],[77.46747,12.91137],[77.46752,12.91108],[77.46756,12.91084],[77.46766,12.91044],[77.46775,12.91012],[77.46786,12.9098],[77.46797,12.9095],[77.46807,12.90922],[77.46817,12.90896],[77.46826,12.90871],[77.46834,12.90848],[77.46841,12.90829],[77.46848,12.90812],[77.46854,12.90796],[77.46858,12.90785],[77.4686,12.90778],[77.46861,12.90776],[77.4688,12.90725]]}},{"type":"Feature","properties":{"name":"NICE Road","highway":"motorway","policy":"HGV restrictions on select corridors (BTP)"},"geometry":{"type":"LineString","coordinates":[[77.4697,12.94128],[77.46967,12.94067]]}},{"type":"Feature","properties":{"name":"Mekhri Circle Underpass","highway":"trunk","policy":"HGV restrictions on select corridors (BTP)"},"geometry":{"type":"LineString","coordinates":[[77.58391,13.0148],[77.58392,13.01521],[77.58393,13.01612],[77.5839,13.01672]]}},{"type":"Feature","properties":{"name":"Hebbal Flyover","highway":"trunk","policy":"HGV restrictions on select corridors (BTP)"},"geometry":{"type":"LineString","coordinates":[[77.5907,13.04362],[77.59078,13.04383],[77.59084,13.04396],[77.59092,13.04416],[77.591,13.04441],[77.59107,13.04468],[77.59113,13.04495],[77.59118,13.04518],[77.5912,13.04529],[77.59128,13.04602]]}},{"type":"Feature","properties":{"name":"Bellary Road","highway":"trunk","policy":"HGV restrictions on select corridors (BTP)"},"geometry":{"type":"LineString","coordinates":[[77.58508,13.02518],[77.58517,13.02557]]}},{"type":"Feature","properties":{"name":"Nayandahalli Underpass","highway":"trunk","policy":"HGV restrictions on select corridors (BTP)"},"geometry":{"type":"LineString","coordinates":[[77.52427,12.94757],[77.52459,12.94716],[77.52463,12.94712],[77.52476,12.94701],[77.52499,12.94685]]}},{"type":"Feature","properties":{"name":"Nagarabhavi Underpass","highway":"trunk","policy":"HGV restrictions on select corridors (BTP)"},"geometry":{"type":"LineString","coordinates":[[77.52087,12.95181],[77.52062,12.95213],[77.52046,12.95237],[77.52015,12.95292],[77.52004,12.95313],[77.51993,12.95341],[77.51983,12.95368],[77.51973,12.954],[77.51965,12.95429],[77.51959,12.95459],[77.51956,12.95478],[77.51954,12.95497],[77.51952,12.95518],[77.51944,12.95656]]}},{"type":"Feature","properties":{"name":"Outer Ring Road","highway":"trunk","policy":"HGV restrictions on select corridors (BTP)"},"geometry":{"type":"LineString","coordinates":[[77.52303,12.949],[77.52265,12.94948],[77.52214,12.95015],[77.52154,12.95093],[77.52099,12.95165]]}},{"type":"Feature","properties":{"name":"Outer Ring Road","highway":"trunk","policy":"HGV restrictions on select corridors (BTP)"},"geometry":{"type":"LineString","coordinates":[[77.52112,12.95169],[77.52117,12.95163],[77.52312,12.94908]]}},{"type":"Feature","properties":{"name":"Old Madras Road","highway":"trunk","policy":"HGV restrictions on select corridors (BTP)"},"geometry":{"type":"LineString","coordinates":[[77.68469,13.00497],[77.68476,13.00502],[77.685,13.00515],[77.68699,13.00628],[77.68879,13.00719],[77.68944,13.00749],[77.68999,13.0077],[77.69182,13.0081],[77.69209,13.00818]]}},{"type":"Feature","properties":{"name":"Sumanahalli Flyover","highway":"trunk","policy":"HGV restrictions on select corridors (BTP)"},"geometry":{"type":"LineString","coordinates":[[77.51728,12.98182],[77.51805,12.98289],[77.51832,12.98329],[77.51848,12.98355],[77.51859,12.98377],[77.5187,12.98402],[77.51881,12.98433],[77.51893,12.98479]]}},{"type":"Feature","properties":{"name":"Outer Ring Road","highway":"trunk","policy":"HGV restrictions on select corridors (BTP)"},"geometry":{"type":"LineString","coordinates":[[77.51527,12.97875],[77.51513,12.97848],[77.51492,12.97809],[77.51483,12.9779],[77.51474,12.9777],[77.51456,12.97724],[77.51444,12.97694],[77.51438,12.97677]]}},{"type":"Feature","properties":{"name":"Outer Ring Road","highway":"trunk","policy":"HGV restrictions on select corridors (BTP)"},"geometry":{"type":"LineString","coordinates":[[77.52408,12.99905],[77.52428,12.99946],[77.52473,13.00046],[77.52539,13.00178],[77.52572,13.00249],[77.52575,13.00254],[77.52595,13.00302],[77.52609,13.00331],[77.52615,13.00346],[77.52641,13.00404],[77.52651,13.00436],[77.52655,13.00452],[77.52659,13.00468],[77.52662,13.00491],[77.52666,13.0052],[77.52667,13.00561],[77.52666,13.00614],[77.52663,13.0076],[77.52664,13.00809],[77.52666,13.00841],[77.52667,13.00849],[77.52674,13.00884],[77.5268,13.00905],[77.52691,13.00937]]}},{"type":"Feature","properties":{"name":"NICE Road","highway":"motorway","policy":"HGV restrictions on select corridors (BTP)"},"geometry":{"type":"LineString","coordinates":[[77.58867,12.85013],[77.58894,12.85012],[77.58932,12.85015],[77.58963,12.85019],[77.58994,12.85025],[77.5904,12.85038],[77.59078,12.85052],[77.59119,12.85072],[77.5915,12.85091],[77.59182,12.85115]]}},{"type":"Feature","properties":{"name":"NICE Road","highway":"motorway","policy":"HGV restrictions on select corridors (BTP)"},"geometry":{"type":"LineString","coordinates":[[77.58632,12.8501],[77.5842,12.85024],[77.58369,12.85027]]}},{"type":"Feature","properties":{"name":"NICE Road","highway":"motorway","policy":"HGV restrictions on select corridors (BTP)"},"geometry":{"type":"LineString","coordinates":[[77.59242,12.85145],[77.59232,12.85136],[77.59194,12.85101],[77.59185,12.85096],[77.59156,12.85074],[77.59123,12.85055],[77.59092,12.8504],[77.59055,12.85025],[77.59016,12.85014],[77.58975,12.85004],[77.58943,12.84999],[77.58919,12.84996],[77.58866,12.84994]]}},{"type":"Feature","properties":{"name":"NICE Road","highway":"motorway","policy":"HGV restrictions on select corridors (BTP)"},"geometry":{"type":"LineString","coordinates":[[77.58794,12.85017],[77.58867,12.85013]]}},{"type":"Feature","properties":{"name":"NICE Road","highway":"motorway","policy":"HGV restrictions on select corridors (BTP)"},"geometry":{"type":"LineString","coordinates":[[77.58866,12.84994],[77.58792,12.84998]]}},{"type":"Feature","properties":{"name":"NICE Road","highway":"motorway","policy":"HGV restrictions on select corridors (BTP)"},"geometry":{"type":"LineString","coordinates":[[77.58792,12.84998],[77.58632,12.8501]]}},{"type":"Feature","properties":{"name":"Hosur Road","highway":"trunk","policy":"HGV restrictions on select corridors (BTP)"},"geometry":{"type":"LineString","coordinates":[[77.68366,12.82469],[77.68352,12.82488],[77.68315,12.82541],[77.68301,12.82567],[77.68299,12.8257],[77.68274,12.82616],[77.68273,12.82618],[77.68247,12.82662],[77.68236,12.82685],[77.68228,12.82702],[77.68211,12.82739],[77.682,12.82765],[77.68198,12.82769],[77.68183,12.82806],[77.6818,12.82816],[77.68155,12.82886],[77.68117,12.83012],[77.68112,12.83027],[77.6803,12.83297],[77.68015,12.83341],[77.67919,12.83601]]}},{"type":"Feature","properties":{"name":"Electronic City Flyover","highway":"motorway","policy":"HGV restrictions on select corridors (BTP)"},"geometry":{"type":"LineString","coordinates":[[77.62736,12.9097],[77.62756,12.90932]]}},{"type":"Feature","properties":{"name":"Electronic City Flyover","highway":"motorway","policy":"HGV restrictions on select corridors (BTP)"},"geometry":{"type":"LineString","coordinates":[[77.6284,12.90794],[77.62857,12.90766],[77.6296,12.906],[77.6314,12.90309],[77.63243,12.9014],[77.63517,12.89694],[77.63759,12.893]]}},{"type":"Feature","properties":{"name":"Electronic City Flyover","highway":"motorway","policy":"HGV restrictions on select corridors (BTP)"},"geometry":{"type":"LineString","coordinates":[[77.66025,12.86125],[77.66118,12.86009],[77.66286,12.85795],[77.6634,12.85725],[77.66455,12.85585],[77.66545,12.8547],[77.66678,12.85303],[77.6678,12.85174],[77.66866,12.85066],[77.66953,12.84956],[77.66998,12.84898],[77.67029,12.84859],[77.67048,12.84835],[77.6707,12.84807]]}},{"type":"Feature","properties":{"name":"Electronic City Flyover","highway":"motorway","policy":"HGV restrictions on select corridors (BTP)"},"geometry":{"type":"LineString","coordinates":[[77.66753,12.84552],[77.66724,12.84545],[77.66696,12.84542],[77.66662,12.84539],[77.66602,12.84537],[77.66583,12.84536]]}},{"type":"Feature","properties":{"name":"Electronic City Flyover","highway":"motorway","policy":"HGV restrictions on select corridors (BTP)"},"geometry":{"type":"LineString","coordinates":[[77.63759,12.893],[77.63897,12.89076],[77.64036,12.88851],[77.64182,12.88614],[77.64243,12.88516],[77.64291,12.88438],[77.64304,12.88417],[77.64388,12.8828],[77.64457,12.88168],[77.64586,12.87956],[77.64674,12.87812],[77.64714,12.87748],[77.64749,12.87694],[77.64786,12.87646],[77.64911,12.87506],[77.65002,12.87405],[77.65063,12.87337],[77.65126,12.87258],[77.65226,12.87133],[77.65413,12.86896],[77.65485,12.86805],[77.65573,12.86694],[77.6595,12.86218],[77.66025,12.86125]]}},{"type":"Feature","properties":{"name":"freight corridor","highway":"trunk","policy":"HGV restrictions on select corridors (BTP)"},"geometry":{"type":"LineString","coordinates":[[77.53746,12.95031],[77.5375,12.95045],[77.5375,12.95054],[77.5375,12.95071]]}},{"type":"Feature","properties":{"name":"freight corridor","highway":"trunk","policy":"HGV restrictions on select corridors (BTP)"},"geometry":{"type":"LineString","coordinates":[[77.53799,12.95063],[77.5379,12.95061],[77.53778,12.95061],[77.53768,12.95063],[77.5375,12.95071]]}},{"type":"Feature","properties":{"name":"BGS Flyover","highway":"trunk","policy":"HGV restrictions on select corridors (BTP)"},"geometry":{"type":"LineString","coordinates":[[77.56484,12.96247],[77.56558,12.96269],[77.56614,12.96286],[77.5667,12.96302],[77.56703,12.96314],[77.56738,12.96328]]}},{"type":"Feature","properties":{"name":"Dr. CV Raman Road","highway":"trunk","policy":"HGV restrictions on select corridors (BTP)"},"geometry":{"type":"LineString","coordinates":[[77.57849,13.01475],[77.57731,13.01475],[77.57631,13.01476],[77.57588,13.01476],[77.57476,13.01474],[77.57411,13.0147],[77.57368,13.01468],[77.57317,13.01464],[77.57311,13.01464],[77.57298,13.01463]]}},{"type":"Feature","properties":{"name":"NICE Expressway","highway":"motorway","policy":"HGV restrictions on select corridors (BTP)"},"geometry":{"type":"LineString","coordinates":[[77.53188,12.93852],[77.53196,12.93869],[77.53218,12.93916],[77.53225,12.93929],[77.53235,12.93947],[77.53241,12.93959],[77.53282,12.94026],[77.53303,12.94058]]}},{"type":"Feature","properties":{"name":"NICE Expressway","highway":"motorway","policy":"HGV restrictions on select corridors (BTP)"},"geometry":{"type":"LineString","coordinates":[[77.53688,12.94479],[77.53727,12.94547],[77.53755,12.9459],[77.53784,12.94626],[77.53795,12.94653],[77.53827,12.94756],[77.53835,12.94781],[77.53837,12.94804],[77.53833,12.94818],[77.5382,12.94834],[77.53791,12.94857],[77.53781,12.9487],[77.53776,12.94889],[77.53776,12.94895],[77.53778,12.94928]]}},{"type":"Feature","properties":{"name":"Tin Factory Flyover","highway":"trunk","policy":"HGV restrictions on select corridors (BTP)"},"geometry":{"type":"LineString","coordinates":[[77.67642,13.00027],[77.67799,13.00115],[77.67835,13.00135]]}},{"type":"Feature","properties":{"name":"Tin Factory Flyover","highway":"trunk","policy":"HGV restrictions on select corridors (BTP)"},"geometry":{"type":"LineString","coordinates":[[77.6784,13.00127],[77.67647,13.00019]]}},{"type":"Feature","properties":{"name":"Tin Factory Flyover","highway":"trunk","policy":"HGV restrictions on select corridors (BTP)"},"geometry":{"type":"LineString","coordinates":[[77.68451,13.00473],[77.68005,13.00218],[77.6784,13.00127]]}},{"type":"Feature","properties":{"name":"Tin Factory Flyover","highway":"trunk","policy":"HGV restrictions on select corridors (BTP)"},"geometry":{"type":"LineString","coordinates":[[77.67835,13.00135],[77.68073,13.00271],[77.68234,13.00359],[77.68444,13.00482]]}},{"type":"Feature","properties":{"name":"Tin Factory Flyover","highway":"trunk","policy":"HGV restrictions on select corridors (BTP)"},"geometry":{"type":"LineString","coordinates":[[77.67647,13.00019],[77.67622,13.00006],[77.67515,12.9996],[77.67447,12.99929],[77.66997,12.99713],[77.66978,12.99704]]}},{"type":"Feature","properties":{"name":"Old Madras Road","highway":"trunk","policy":"HGV restrictions on select corridors (BTP)"},"geometry":{"type":"LineString","coordinates":[[77.6925,13.00811],[77.69184,13.00799],[77.69175,13.00797],[77.69159,13.00794],[77.69104,13.00782],[77.69013,13.00763],[77.69002,13.00761],[77.68948,13.0074],[77.6889,13.00713],[77.68883,13.0071],[77.68713,13.00624],[77.68705,13.0062],[77.68691,13.00611],[77.68685,13.00608],[77.68644,13.00584],[77.68607,13.00563],[77.686,13.00559],[77.68573,13.00543],[77.68559,13.00535],[77.68539,13.00523],[77.68508,13.00504],[77.68486,13.00493]]}},{"type":"Feature","properties":{"name":"Old Madras Road","highway":"trunk","policy":"HGV restrictions on select corridors (BTP)"},"geometry":{"type":"LineString","coordinates":[[77.72056,13.02623],[77.72027,13.02607]]}},{"type":"Feature","properties":{"name":"Old Madras Road","highway":"trunk","policy":"HGV restrictions on select corridors (BTP)"},"geometry":{"type":"LineString","coordinates":[[77.74171,13.04003],[77.74448,13.04199]]}},{"type":"Feature","properties":{"name":"Old Madras Road","highway":"trunk","policy":"HGV restrictions on select corridors (BTP)"},"geometry":{"type":"LineString","coordinates":[[77.72022,13.02616],[77.72051,13.02632]]}},{"type":"Feature","properties":{"name":"Old Madras Road Flyover","highway":"trunk","policy":"HGV restrictions on select corridors (BTP)"},"geometry":{"type":"LineString","coordinates":[[77.73484,13.03511],[77.73629,13.03615]]}},{"type":"Feature","properties":{"name":"Old Madras Road","highway":"trunk","policy":"HGV restrictions on select corridors (BTP)"},"geometry":{"type":"LineString","coordinates":[[77.71708,13.02429],[77.71438,13.02279],[77.71365,13.02237],[77.7096,13.02001],[77.70852,13.01938],[77.7058,13.01776],[77.70485,13.01722],[77.70452,13.01703],[77.70439,13.01697],[77.704,13.01677],[77.70371,13.01663],[77.70348,13.01652],[77.70262,13.01615],[77.70174,13.0157],[77.70135,13.01543],[77.7008,13.01491],[77.7005,13.01449],[77.70046,13.01443],[77.70036,13.01429],[77.69982,13.01331],[77.69977,13.01321],[77.69972,13.01313],[77.69965,13.013],[77.6996,13.01292],[77.69932,13.01246],[77.699,13.01193],[77.69871,13.01154],[77.69868,13.01149],[77.69843,13.01119],[77.69806,13.01073],[77.69781,13.01048],[77.69778,13.01045],[77.69767,13.01034],[77.69763,13.0103],[77.69746,13.01009],[77.69695,13.00949]]}},{"type":"Feature","properties":{"name":"Old Madras Road","highway":"trunk","policy":"HGV restrictions on select corridors (BTP)"},"geometry":{"type":"LineString","coordinates":[[77.69577,13.00841],[77.69595,13.00847],[77.6962,13.00867],[77.69648,13.00905],[77.6968,13.00947],[77.69686,13.00955],[77.69718,13.00995],[77.69752,13.01036],[77.69765,13.01053],[77.69769,13.01057],[77.69774,13.01064],[77.69789,13.01083],[77.69823,13.01123],[77.69825,13.01125],[77.69853,13.01159],[77.69861,13.01167],[77.69877,13.0119],[77.69892,13.01212],[77.69911,13.01245],[77.69923,13.01265],[77.69934,13.01285],[77.69955,13.01321],[77.69959,13.01329],[77.69966,13.0134],[77.70024,13.0144],[77.70063,13.015],[77.70121,13.01555],[77.70169,13.01588],[77.70259,13.01631],[77.70434,13.01709],[77.70447,13.01715]]}},{"type":"Feature","properties":{"name":"Old Madras Road Flyover","highway":"trunk","policy":"HGV restrictions on select corridors (BTP)"},"geometry":{"type":"LineString","coordinates":[[77.73792,13.03731],[77.74002,13.03881],[77.74007,13.03884],[77.74014,13.03889],[77.74016,13.03891]]}},{"type":"Feature","properties":{"name":"Old Madras Road","highway":"trunk","policy":"HGV restrictions on select corridors (BTP)"},"geometry":{"type":"LineString","coordinates":[[77.72051,13.02632],[77.72368,13.02804],[77.72477,13.02867]]}},{"type":"Feature","properties":{"name":"NICE Road","highway":"motorway","policy":"HGV restrictions on select corridors (BTP)"},"geometry":{"type":"LineString","coordinates":[[77.58369,12.85027],[77.58263,12.85033],[77.58238,12.85035],[77.58205,12.85037],[77.5805,12.85046],[77.58004,12.85047],[77.5798,12.85047],[77.57953,12.85046],[77.57928,12.85044],[77.57904,12.85041],[77.57881,12.85038],[77.57844,12.85031],[77.57817,12.85025],[77.57786,12.85018],[77.57745,12.85005],[77.57712,12.84994],[77.57678,12.84982],[77.57563,12.84941],[77.57446,12.84904],[77.57418,12.84896],[77.57341,12.84875],[77.573,12.84866],[77.57271,12.8486],[77.5721,12.84848],[77.57178,12.84842],[77.57097,12.8483],[77.56996,12.84817],[77.56951,12.84811],[77.56884,12.84805],[77.56788,12.84801],[77.56733,12.84799],[77.5666,12.84798],[77.56617,12.84799],[77.56552,12.84801],[77.56477,12.84808],[77.56434,12.84811],[77.56359,12.8482],[77.56286,12.8483],[77.56227,12.84839],[77.56154,12.84853],[77.56089,12.84867],[77.5603,12.84881],[77.55955,12.84901],[77.5591,12.84913],[77.5586,12.84929],[77.55806,12.84947],[77.55736,12.84971],[77.55707,12.84981],[77.55637,12.85006],[77.55627,12.8501],[77.55582,12.85025],[77.55534,12.8504],[77.55483,12.85055],[77.55414,12.85071],[77.55358,12.85083],[77.55305,12.85092],[77.55257,12.85099],[77.55128,12.85119],[77.551,12.85123],[77.54989,12.85139],[77.54988,12.85139],[77.54978,12.85141],[77.54911,12.85151],[77.54857,12.85161],[77.54812,12.8517],[77.54778,12.85177],[77.54707,12.85196],[77.54561,12.85237],[77.54294,12.8531],[77.54249,12.85322],[77.5421,12.85333]]}},{"type":"Feature","properties":{"name":"NICE Expressway","highway":"motorway","policy":"HGV restrictions on select corridors (BTP)"},"geometry":{"type":"LineString","coordinates":[[77.52799,12.90759],[77.5276,12.90695],[77.52716,12.90625],[77.52696,12.90593],[77.52689,12.90582],[77.5267,12.9055],[77.5264,12.90503],[77.52602,12.90454],[77.52572,12.90416],[77.52509,12.90353],[77.5245,12.90303],[77.52382,12.90249],[77.52253,12.90147],[77.52111,12.90037],[77.51862,12.89843],[77.51784,12.89779],[77.51716,12.89714],[77.51686,12.89682],[77.51616,12.89609],[77.51522,12.89512],[77.5144,12.89425]]}},{"type":"Feature","properties":{"name":"NICE Expressway","highway":"motorway","policy":"HGV restrictions on select corridors (BTP)"},"geometry":{"type":"LineString","coordinates":[[77.52821,12.90793],[77.52799,12.90759]]}},{"type":"Feature","properties":{"name":"NICE Expressway","highway":"motorway","policy":"HGV restrictions on select corridors (BTP)"},"geometry":{"type":"LineString","coordinates":[[77.52868,12.90871],[77.52821,12.90793]]}},{"type":"Feature","properties":{"name":"NICE Expressway","highway":"motorway","policy":"HGV restrictions on select corridors (BTP)"},"geometry":{"type":"LineString","coordinates":[[77.53187,12.92824],[77.53189,12.92797]]}},{"type":"Feature","properties":{"name":"NICE Expressway","highway":"motorway","policy":"HGV restrictions on select corridors (BTP)"},"geometry":{"type":"LineString","coordinates":[[77.49684,12.88046],[77.49663,12.88028],[77.49614,12.87982],[77.49549,12.87919],[77.49537,12.87908]]}},{"type":"Feature","properties":{"name":"freight corridor","highway":"motorway","policy":"HGV restrictions on select corridors (BTP)"},"geometry":{"type":"LineString","coordinates":[[77.5314,12.93472],[77.53141,12.93452],[77.53144,12.93398]]}},{"type":"Feature","properties":{"name":"NICE Expressway","highway":"motorway","policy":"HGV restrictions on select corridors (BTP)"},"geometry":{"type":"LineString","coordinates":[[77.53288,12.94011],[77.53269,12.93981],[77.53227,12.93904],[77.53217,12.93881],[77.53202,12.93846],[77.53189,12.93809],[77.53186,12.938],[77.53181,12.93782],[77.53177,12.93697],[77.53173,12.93661]]}},{"type":"Feature","properties":{"name":"Old Madras Road","highway":"trunk","policy":"HGV restrictions on select corridors (BTP)"},"geometry":{"type":"LineString","coordinates":[[77.72817,13.03044],[77.7278,13.03023]]}},{"type":"Feature","properties":{"name":"Old Madras Road","highway":"trunk","policy":"HGV restrictions on select corridors (BTP)"},"geometry":{"type":"LineString","coordinates":[[77.72483,13.02856],[77.72056,13.02623]]}},{"type":"Feature","properties":{"name":"Old Madras Road","highway":"trunk","policy":"HGV restrictions on select corridors (BTP)"},"geometry":{"type":"LineString","coordinates":[[77.72813,13.03052],[77.72831,13.03062],[77.72919,13.03116],[77.72978,13.03152],[77.7304,13.03196],[77.73117,13.03248],[77.73122,13.03252],[77.73243,13.0334]]}},{"type":"Feature","properties":{"name":"Old Madras Road","highway":"trunk","policy":"HGV restrictions on select corridors (BTP)"},"geometry":{"type":"LineString","coordinates":[[77.74507,13.04229],[77.74422,13.04163],[77.74287,13.04067],[77.74042,13.03892],[77.74023,13.03878]]}},{"type":"Feature","properties":{"name":"Old Madras Road Flyover","highway":"trunk","policy":"HGV restrictions on select corridors (BTP)"},"geometry":{"type":"LineString","coordinates":[[77.7555,13.0497],[77.75439,13.04894],[77.75371,13.04845],[77.75275,13.04777],[77.75104,13.04655],[77.75039,13.04608],[77.74966,13.04555],[77.7483,13.0446],[77.74661,13.04336],[77.74574,13.04276],[77.74507,13.04229]]}},{"type":"Feature","properties":{"name":"Old Madras Road","highway":"trunk","policy":"HGV restrictions on select corridors (BTP)"},"geometry":{"type":"LineString","coordinates":[[77.72775,13.03032],[77.72813,13.03052]]}},{"type":"Feature","properties":{"name":"Outer Ring Road","highway":"trunk","policy":"HGV restrictions on select corridors (BTP)"},"geometry":{"type":"LineString","coordinates":[[77.53151,12.94139],[77.53096,12.94238],[77.53067,12.94288],[77.53049,12.94324],[77.53036,12.94346],[77.53032,12.94354],[77.53012,12.94391]]}},{"type":"Feature","properties":{"name":"Mysore Road","highway":"trunk","policy":"HGV restrictions on select corridors (BTP)"},"geometry":{"type":"LineString","coordinates":[[77.47816,12.90889],[77.47762,12.90862]]}},{"type":"Feature","properties":{"name":"Mysore Road","highway":"trunk","policy":"HGV restrictions on select corridors (BTP)"},"geometry":{"type":"LineString","coordinates":[[77.47817,12.90901],[77.47851,12.90916],[77.47902,12.90937],[77.47958,12.90958],[77.47987,12.90968],[77.48054,12.90989],[77.48073,12.90995],[77.48131,12.91016]]}},{"type":"Feature","properties":{"name":"NICE Road","highway":"motorway","policy":"HGV restrictions on select corridors (BTP)"},"geometry":{"type":"LineString","coordinates":[[77.59182,12.85115],[77.59193,12.85124],[77.59208,12.85137],[77.59243,12.8517],[77.59265,12.8519],[77.59306,12.85228],[77.59324,12.85244],[77.59338,12.85254],[77.5935,12.85263],[77.59372,12.85278],[77.5939,12.85289],[77.59415,12.85303],[77.59437,12.85312],[77.59461,12.85322],[77.59484,12.8533],[77.59508,12.85337],[77.59536,12.85343],[77.5956,12.85347],[77.59593,12.8535],[77.59651,12.85354],[77.59699,12.85356],[77.59708,12.85356],[77.59754,12.85358],[77.59985,12.85366]]}},{"type":"Feature","properties":{"name":"NICE Road","highway":"motorway","policy":"HGV restrictions on select corridors (BTP)"},"geometry":{"type":"LineString","coordinates":[[77.62901,12.86602],[77.62913,12.86606]]}},{"type":"Feature","properties":{"name":"NICE Road","highway":"motorway","policy":"HGV restrictions on select corridors (BTP)"},"geometry":{"type":"LineString","coordinates":[[77.63017,12.86639],[77.63065,12.86652],[77.63113,12.86663],[77.63158,12.86673],[77.63223,12.86683],[77.63264,12.86689],[77.63313,12.86693],[77.63342,12.86696],[77.63399,12.86699]]}},{"type":"Feature","properties":{"name":"NICE Road","highway":"motorway","policy":"HGV restrictions on select corridors (BTP)"},"geometry":{"type":"LineString","coordinates":[[77.63399,12.86699],[77.63436,12.867]]}},{"type":"Feature","properties":{"name":"Mysore Road","highway":"motorway","policy":"HGV restrictions on select corridors (BTP)"},"geometry":{"type":"LineString","coordinates":[[77.46771,12.90132],[77.46803,12.90154],[77.46847,12.90181],[77.4688,12.90202],[77.46886,12.90206],[77.46896,12.90215],[77.4692,12.90236],[77.46944,12.90264],[77.46946,12.90266],[77.46971,12.90302],[77.46978,12.90312],[77.4704,12.9042],[77.4705,12.90436],[77.47062,12.90455],[77.47073,12.90471],[77.47082,12.90483],[77.47093,12.90496],[77.47105,12.90507]]}},{"type":"Feature","properties":{"name":"NICE Expressway","highway":"motorway","policy":"HGV restrictions on select corridors (BTP)"},"geometry":{"type":"LineString","coordinates":[[77.4946,12.87861],[77.49525,12.87928]]}},{"type":"Feature","properties":{"name":"NICE Expressway","highway":"motorway","policy":"HGV restrictions on select corridors (BTP)"},"geometry":{"type":"LineString","coordinates":[[77.4977,12.88142],[77.49856,12.88207],[77.49916,12.88252],[77.50015,12.88325],[77.50145,12.88406]]}},{"type":"Feature","properties":{"name":"NICE Expressway","highway":"motorway","policy":"HGV restrictions on select corridors (BTP)"},"geometry":{"type":"LineString","coordinates":[[77.49537,12.87908],[77.49472,12.87841]]}},{"type":"Feature","properties":{"name":"Bellary Road","highway":"trunk","policy":"HGV restrictions on select corridors (BTP)"},"geometry":{"type":"LineString","coordinates":[[77.59213,13.04815],[77.59221,13.0483],[77.59224,13.04838],[77.59241,13.04876],[77.59253,13.04902],[77.59262,13.04928],[77.59265,13.04939]]}},{"type":"Feature","properties":{"name":"Nayandhalli Flyover","highway":"trunk","policy":"HGV restrictions on select corridors (BTP)"},"geometry":{"type":"LineString","coordinates":[[77.52953,12.94466],[77.52932,12.94484],[77.52911,12.94497],[77.52899,12.94506],[77.52878,12.94517],[77.52844,12.94532],[77.52707,12.9458]]}},{"type":"Feature","properties":{"name":"NH48","highway":"trunk","policy":"HGV restrictions on select corridors (BTP)"},"geometry":{"type":"LineString","coordinates":[[77.52958,12.94471],[77.52982,12.94448],[77.52998,12.94428],[77.53014,12.94403]]}},{"type":"Feature","properties":{"name":"NICE Expressway","highway":"motorway","policy":"HGV restrictions on select corridors (BTP)"},"geometry":{"type":"LineString","coordinates":[[77.53189,12.92797],[77.53208,12.9255],[77.53217,12.92435],[77.53221,12.92359],[77.53223,12.92303],[77.53222,12.92225],[77.53215,12.92127],[77.53206,12.92045],[77.532,12.91998],[77.53192,12.91927],[77.53184,12.91875],[77.53174,12.91795],[77.53167,12.91741],[77.53164,12.9171],[77.5316,12.91679],[77.53159,12.91669],[77.53157,12.91651],[77.53154,12.91625],[77.53146,12.91556]]}},{"type":"Feature","properties":{"name":"Hosur Road","highway":"trunk","policy":"HGV restrictions on select corridors (BTP)"},"geometry":{"type":"LineString","coordinates":[[77.62404,12.91512],[77.62423,12.91481],[77.62439,12.91452]]}},{"type":"Feature","properties":{"name":"Outer Ring Road","highway":"trunk","policy":"HGV restrictions on select corridors (BTP)"},"geometry":{"type":"LineString","coordinates":[[77.61518,12.91632],[77.61514,12.91632],[77.61479,12.91635],[77.61445,12.91637],[77.61315,12.91641],[77.61238,12.91642],[77.61226,12.91642],[77.61117,12.91643],[77.61063,12.91644],[77.6102,12.91645],[77.61019,12.91645],[77.61012,12.91645],[77.61005,12.91645],[77.61,12.91646],[77.60993,12.91646],[77.60745,12.91652],[77.60742,12.91652],[77.60738,12.91652],[77.60732,12.91652],[77.60676,12.91654],[77.60602,12.91656],[77.60551,12.91657],[77.60413,12.9166],[77.60402,12.9166],[77.60305,12.91662],[77.60284,12.91662],[77.6018,12.91662],[77.6006,12.91664],[77.60035,12.91665],[77.60009,12.91665]]}},{"type":"Feature","properties":{"name":"Outer Ring Road","highway":"trunk","policy":"HGV restrictions on select corridors (BTP)"},"geometry":{"type":"LineString","coordinates":[[77.53014,12.94403],[77.5302,12.94394],[77.53062,12.94323],[77.53079,12.94294],[77.53105,12.94243],[77.53116,12.94224],[77.53133,12.94193],[77.53152,12.94159],[77.53179,12.94114],[77.53191,12.94096]]}},{"type":"Feature","properties":{"name":"Kanakapura Road","highway":"trunk","policy":"HGV restrictions on select corridors (BTP)"},"geometry":{"type":"LineString","coordinates":[[77.51986,12.84531],[77.51905,12.84422],[77.51894,12.84407],[77.51857,12.84362],[77.51826,12.84323],[77.51801,12.8429],[77.51783,12.84262],[77.51767,12.84228],[77.51755,12.84196],[77.5174,12.84131],[77.51727,12.84081],[77.51711,12.84001],[77.51702,12.83949],[77.51693,12.83909],[77.51684,12.83875],[77.51668,12.8383],[77.51652,12.83791],[77.51634,12.83746],[77.51627,12.83727],[77.5162,12.83711],[77.51615,12.837],[77.51603,12.83677],[77.51599,12.83671],[77.51587,12.83651],[77.51577,12.83639],[77.51569,12.8363],[77.51551,12.83611],[77.51535,12.83596],[77.5152,12.83583],[77.51505,12.83569],[77.51496,12.8356],[77.51477,12.83541],[77.51459,12.8352],[77.51444,12.83501],[77.51424,12.83467],[77.51405,12.83426],[77.51398,12.83408],[77.51394,12.83389],[77.51387,12.83366],[77.51379,12.83334],[77.51377,12.83327],[77.51373,12.8331],[77.51365,12.83285]]}},{"type":"Feature","properties":{"name":"Hosur Road","highway":"trunk","policy":"HGV restrictions on select corridors (BTP)"},"geometry":{"type":"LineString","coordinates":[[77.62409,12.91479],[77.62394,12.91507]]}},{"type":"Feature","properties":{"name":"Hosur Road","highway":"trunk","policy":"HGV restrictions on select corridors (BTP)"},"geometry":{"type":"LineString","coordinates":[[77.62466,12.91407],[77.62517,12.91323],[77.62535,12.91294],[77.62554,12.91263]]}},{"type":"Feature","properties":{"name":"Bannerghatta Road","highway":"trunk","policy":"HGV restrictions on select corridors (BTP)"},"geometry":{"type":"LineString","coordinates":[[77.60004,12.91428],[77.60004,12.91421],[77.59999,12.91366],[77.59997,12.91302],[77.59997,12.91299],[77.59997,12.91272],[77.59998,12.91267],[77.59998,12.9126],[77.60001,12.91209],[77.60003,12.91176],[77.60014,12.91065]]}},{"type":"Feature","properties":{"name":"Outer Ring Road","highway":"trunk","policy":"HGV restrictions on select corridors (BTP)"},"geometry":{"type":"LineString","coordinates":[[77.56528,12.91565],[77.56522,12.91579],[77.56518,12.91587],[77.56497,12.9164],[77.56469,12.91711],[77.56462,12.91728],[77.56441,12.91781]]}},{"type":"Feature","properties":{"name":"Outer Ring Road","highway":"trunk","policy":"HGV restrictions on select corridors (BTP)"},"geometry":{"type":"LineString","coordinates":[[77.56441,12.91781],[77.56423,12.91823],[77.56408,12.91851],[77.56405,12.91857],[77.56399,12.91869],[77.56378,12.91899],[77.56358,12.91927],[77.56345,12.91942],[77.56336,12.91952],[77.56313,12.91966],[77.563,12.91974],[77.56273,12.9199],[77.56241,12.92009],[77.56229,12.92018],[77.56221,12.92026],[77.56213,12.92039],[77.56208,12.9205],[77.56204,12.92062]]}},{"type":"Feature","properties":{"name":"Kaderanahali Underpass","highway":"trunk","policy":"HGV restrictions on select corridors (BTP)"},"geometry":{"type":"LineString","coordinates":[[77.56714,12.91246],[77.5663,12.91349],[77.56613,12.91369]]}},{"type":"Feature","properties":{"name":"Outer Ring Road","highway":"trunk","policy":"HGV restrictions on select corridors (BTP)"},"geometry":{"type":"LineString","coordinates":[[77.53271,12.9394],[77.53242,12.93987]]}},{"type":"Feature","properties":{"name":"Nayandahalli Underpass","highway":"trunk","policy":"HGV restrictions on select corridors (BTP)"},"geometry":{"type":"LineString","coordinates":[[77.52669,12.94593],[77.52494,12.94673]]}},{"type":"Feature","properties":{"name":"Tin Factory Flyover","highway":"trunk","policy":"HGV restrictions on select corridors (BTP)"},"geometry":{"type":"LineString","coordinates":[[77.66939,12.99701],[77.66979,12.99717]]}},{"type":"Feature","properties":{"name":"BGS Flyover","highway":"trunk","policy":"HGV restrictions on select corridors (BTP)"},"geometry":{"type":"LineString","coordinates":[[77.58187,12.96339],[77.58114,12.96347],[77.58075,12.96351]]}},{"type":"Feature","properties":{"name":"Nayandahalli Underpass","highway":"trunk","policy":"HGV restrictions on select corridors (BTP)"},"geometry":{"type":"LineString","coordinates":[[77.52494,12.94673],[77.52471,12.94691],[77.52452,12.94708],[77.52433,12.94728]]}},{"type":"Feature","properties":{"name":"Outer Ring Road","highway":"trunk","policy":"HGV restrictions on select corridors (BTP)"},"geometry":{"type":"LineString","coordinates":[[77.52782,13.01085],[77.52791,13.01096],[77.52821,13.01127],[77.52851,13.01157],[77.52885,13.01196],[77.52894,13.01206]]}},{"type":"Feature","properties":{"name":"Outer Ring Road","highway":"trunk","policy":"HGV restrictions on select corridors (BTP)"},"geometry":{"type":"LineString","coordinates":[[77.52894,13.01206],[77.529,13.01214],[77.52904,13.01221],[77.52956,13.01292],[77.52995,13.01353],[77.53021,13.01405],[77.53036,13.01436],[77.53053,13.01472],[77.53054,13.01476],[77.53097,13.01592],[77.53099,13.01596],[77.5311,13.0163],[77.53133,13.01707],[77.53157,13.01784],[77.5316,13.01794],[77.53167,13.01816],[77.53174,13.01839],[77.53179,13.01862],[77.53184,13.01886],[77.5319,13.01914]]}},{"type":"Feature","properties":{"name":"Outer Ring Road","highway":"trunk","policy":"HGV restrictions on select corridors (BTP)"},"geometry":{"type":"LineString","coordinates":[[77.52679,13.0056],[77.52677,13.0052],[77.52675,13.00487],[77.5267,13.00459],[77.52665,13.00432],[77.52654,13.00398],[77.52639,13.00364],[77.52633,13.0035],[77.5262,13.00319],[77.52611,13.00298],[77.52602,13.00274],[77.5259,13.0025],[77.52554,13.00175],[77.5248,13.00035],[77.52439,12.99941],[77.5242,12.99902]]}},{"type":"Feature","properties":{"name":"Outer Ring Road","highway":"trunk","policy":"HGV restrictions on select corridors (BTP)"},"geometry":{"type":"LineString","coordinates":[[77.52691,13.00937],[77.52703,13.00968],[77.52718,13.00996],[77.52733,13.0102],[77.5275,13.01047],[77.52764,13.01066],[77.52782,13.01085]]}},{"type":"Feature","properties":{"name":"Outer Ring Road","highway":"trunk","policy":"HGV restrictions on select corridors (BTP)"},"geometry":{"type":"LineString","coordinates":[[77.51426,12.97681],[77.51443,12.97728],[77.51461,12.97772],[77.5147,12.97795],[77.5148,12.97814],[77.51492,12.97837],[77.51501,12.97855],[77.51502,12.97857],[77.51521,12.97889],[77.51523,12.97893]]}},{"type":"Feature","properties":{"name":"Outer Ring Road","highway":"trunk","policy":"HGV restrictions on select corridors (BTP)"},"geometry":{"type":"LineString","coordinates":[[77.51296,12.973],[77.51306,12.97348],[77.51322,12.97397],[77.51342,12.97455]]}},{"type":"Feature","properties":{"name":"Mysore Road","highway":"trunk","policy":"HGV restrictions on select corridors (BTP)"},"geometry":{"type":"LineString","coordinates":[[77.50496,12.92956],[77.50535,12.92977],[77.50555,12.92991],[77.50567,12.93004],[77.50589,12.93038],[77.50605,12.93066],[77.50607,12.9307],[77.50625,12.93101],[77.50633,12.93117],[77.50641,12.93131],[77.50835,12.93265],[77.51018,12.93426],[77.51114,12.93496],[77.51135,12.93506],[77.5116,12.93518],[77.51227,12.93538],[77.51289,12.93557],[77.51296,12.93559]]}},{"type":"Feature","properties":{"name":"Kaderanahali Underpass","highway":"trunk","policy":"HGV restrictions on select corridors (BTP)"},"geometry":{"type":"LineString","coordinates":[[77.56569,12.91451],[77.56535,12.91544]]}},{"type":"Feature","properties":{"name":"Outer Ring Road","highway":"trunk","policy":"HGV restrictions on select corridors (BTP)"},"geometry":{"type":"LineString","coordinates":[[77.52793,13.01082],[77.52774,13.01061],[77.52742,13.01014],[77.52729,13.00991],[77.52716,13.00965],[77.52704,13.00934]]}},{"type":"Feature","properties":{"name":"Kaderanahali Underpass","highway":"trunk","policy":"HGV restrictions on select corridors (BTP)"},"geometry":{"type":"LineString","coordinates":[[77.56577,12.91454],[77.56599,12.91407],[77.5662,12.91373]]}},{"type":"Feature","properties":{"name":"Outer Ring Road","highway":"trunk","policy":"HGV restrictions on select corridors (BTP)"},"geometry":{"type":"LineString","coordinates":[[77.51438,12.97677],[77.51418,12.97624],[77.51359,12.97469]]}},{"type":"Feature","properties":{"name":"Outer Ring Road","highway":"trunk","policy":"HGV restrictions on select corridors (BTP)"},"geometry":{"type":"LineString","coordinates":[[77.51308,12.97298],[77.51298,12.97246],[77.51291,12.97199],[77.5128,12.97084],[77.51277,12.97036],[77.51268,12.96895],[77.51266,12.96873],[77.51265,12.96853],[77.51263,12.96824],[77.51249,12.96572],[77.51248,12.96528],[77.51247,12.96467]]}},{"type":"Feature","properties":{"name":"Kaderanahali Underpass","highway":"trunk","policy":"HGV restrictions on select corridors (BTP)"},"geometry":{"type":"LineString","coordinates":[[77.5662,12.91373],[77.56714,12.91263],[77.56722,12.91253]]}},{"type":"Feature","properties":{"name":"Kaderanahali Underpass","highway":"trunk","policy":"HGV restrictions on select corridors (BTP)"},"geometry":{"type":"LineString","coordinates":[[77.56613,12.91369],[77.56599,12.91389],[77.5659,12.91407],[77.56582,12.91424],[77.56569,12.91451]]}},{"type":"Feature","properties":{"name":"Nayandhalli Flyover","highway":"trunk","policy":"HGV restrictions on select corridors (BTP)"},"geometry":{"type":"LineString","coordinates":[[77.5271,12.94588],[77.52837,12.94544],[77.5286,12.94534],[77.52883,12.94524],[77.52903,12.94513],[77.52916,12.94504],[77.52936,12.94492],[77.52958,12.94471]]}},{"type":"Feature","properties":{"name":"Outer Ring Road","highway":"trunk","policy":"HGV restrictions on select corridors (BTP)"},"geometry":{"type":"LineString","coordinates":[[77.52707,12.9458],[77.52669,12.94593]]}},{"type":"Feature","properties":{"name":"NICE Expressway","highway":"motorway","policy":"HGV restrictions on select corridors (BTP)"},"geometry":{"type":"LineString","coordinates":[[77.50187,12.8842],[77.50154,12.88398]]}},{"type":"Feature","properties":{"name":"NICE Expressway","highway":"motorway","policy":"HGV restrictions on select corridors (BTP)"},"geometry":{"type":"LineString","coordinates":[[77.50606,12.88649],[77.50677,12.88684],[77.50688,12.88689],[77.50742,12.88714],[77.50802,12.88745],[77.50883,12.88797],[77.50949,12.8885],[77.50984,12.88882],[77.51021,12.8892],[77.51056,12.8896],[77.51109,12.89034],[77.51168,12.89119],[77.51229,12.89204],[77.51267,12.89253],[77.51289,12.89279],[77.51341,12.89335]]}},{"type":"Feature","properties":{"name":"NICE Expressway","highway":"motorway","policy":"HGV restrictions on select corridors (BTP)"},"geometry":{"type":"LineString","coordinates":[[77.50154,12.88398],[77.50019,12.88314]]}},{"type":"Feature","properties":{"name":"Mysore Road","highway":"trunk","policy":"HGV restrictions on select corridors (BTP)"},"geometry":{"type":"LineString","coordinates":[[77.53305,12.9475],[77.53357,12.94765],[77.53387,12.94774],[77.5342,12.94789],[77.53451,12.9481],[77.53563,12.94875],[77.53575,12.94883],[77.53584,12.94889],[77.536,12.949],[77.53631,12.94925],[77.53676,12.94971],[77.53685,12.94979],[77.5369,12.94983],[77.53696,12.94989],[77.53746,12.95031]]}},{"type":"Feature","properties":{"name":"Bellary Road","highway":"trunk","policy":"HGV restrictions on select corridors (BTP)"},"geometry":{"type":"LineString","coordinates":[[77.59758,13.09502],[77.59761,13.09512],[77.59777,13.0955],[77.598,13.09607],[77.5982,13.09656],[77.59848,13.09726],[77.59881,13.09814],[77.59901,13.09873],[77.59918,13.09933],[77.5994,13.10017],[77.59976,13.10144],[77.59993,13.10209],[77.60017,13.10295],[77.60032,13.10347],[77.60039,13.10371],[77.60046,13.10387],[77.60067,13.10444],[77.60087,13.10486],[77.60098,13.10505],[77.60118,13.10546],[77.60142,13.10586],[77.60219,13.10714],[77.60285,13.1083],[77.60314,13.10879],[77.60355,13.10944],[77.60388,13.11002],[77.60422,13.11057],[77.60476,13.11144],[77.60508,13.11195],[77.60595,13.11334],[77.60647,13.11414]]}},{"type":"Feature","properties":{"name":"Bellary Road","highway":"trunk","policy":"HGV restrictions on select corridors (BTP)"},"geometry":{"type":"LineString","coordinates":[[77.59768,13.09498],[77.59748,13.09428],[77.59741,13.09398],[77.59732,13.09355],[77.59704,13.09226],[77.59676,13.09109],[77.59676,13.09108]]}},{"type":"Feature","properties":{"name":"Ballari Road Flyover","highway":"trunk","policy":"HGV restrictions on select corridors (BTP)"},"geometry":{"type":"LineString","coordinates":[[77.6192,13.14968],[77.6188,13.14892],[77.61825,13.14788],[77.61817,13.14767],[77.61807,13.14745],[77.61799,13.1472],[77.61793,13.14694],[77.61787,13.14664],[77.61783,13.1463],[77.61777,13.14589],[77.61762,13.14482],[77.61753,13.14398],[77.61749,13.14356],[77.61747,13.14315],[77.61746,13.14287],[77.61746,13.14255],[77.6175,13.1415],[77.61753,13.14059],[77.61755,13.13934],[77.61756,13.13909]]}},{"type":"Feature","properties":{"name":"Bellary Road","highway":"trunk","policy":"HGV restrictions on select corridors (BTP)"},"geometry":{"type":"LineString","coordinates":[[77.61025,13.12062],[77.60994,13.11998],[77.60958,13.11932],[77.60886,13.11794],[77.60867,13.11758],[77.60848,13.11726],[77.60825,13.11686],[77.60787,13.11625],[77.60744,13.11554],[77.60694,13.11469],[77.60657,13.1141]]}},{"type":"Feature","properties":{"name":"Hosur Road","highway":"trunk","policy":"HGV restrictions on select corridors (BTP)"},"geometry":{"type":"LineString","coordinates":[[77.66425,12.85602],[77.66408,12.85621],[77.66346,12.85696],[77.66188,12.859],[77.66171,12.85921],[77.66106,12.86003],[77.66075,12.86041]]}},{"type":"Feature","properties":{"name":"Outer Ring Road","highway":"trunk","policy":"HGV restrictions on select corridors (BTP)"},"geometry":{"type":"LineString","coordinates":[[77.6171,13.04105],[77.61721,13.04104],[77.61723,13.04103],[77.61734,13.04103],[77.61773,13.04105],[77.6191,13.04111],[77.61984,13.04113]]}},{"type":"Feature","properties":{"name":"Bellary Road","highway":"trunk","policy":"HGV restrictions on select corridors (BTP)"},"geometry":{"type":"LineString","coordinates":[[77.61261,13.1256],[77.61227,13.1249],[77.61182,13.12392],[77.6112,13.1226],[77.61025,13.12062]]}},{"type":"Feature","properties":{"name":"Bellary Road","highway":"trunk","policy":"HGV restrictions on select corridors (BTP)"},"geometry":{"type":"LineString","coordinates":[[77.60657,13.1141],[77.60596,13.11314],[77.6052,13.1119],[77.60468,13.11109],[77.60421,13.11031],[77.60382,13.10967],[77.60337,13.10891],[77.6023,13.10714],[77.60151,13.10581],[77.60124,13.10534],[77.60111,13.10508],[77.60096,13.10481],[77.60078,13.10441],[77.60066,13.10409],[77.60055,13.10384],[77.60042,13.10344],[77.60028,13.10295],[77.60015,13.10248],[77.60004,13.10208],[77.5997,13.10079],[77.59919,13.09886],[77.5991,13.09857],[77.59901,13.0983],[77.59892,13.09805],[77.59881,13.09778],[77.59872,13.09754],[77.59827,13.09638],[77.59797,13.09567],[77.59773,13.0951],[77.59768,13.09498]]}},{"type":"Feature","properties":{"name":"Bellary Road","highway":"trunk","policy":"HGV restrictions on select corridors (BTP)"},"geometry":{"type":"LineString","coordinates":[[77.61014,13.12068],[77.61084,13.12212],[77.61163,13.12382],[77.61197,13.12454],[77.61249,13.12563]]}},{"type":"Feature","properties":{"name":"Chord Road Flyover","highway":"trunk","policy":"HGV restrictions on select corridors (BTP)"},"geometry":{"type":"LineString","coordinates":[[77.54046,12.95291],[77.54056,12.9529],[77.54075,12.95287],[77.54098,12.95288],[77.54117,12.9529],[77.54133,12.95291],[77.54146,12.95295]]}},{"type":"Feature","properties":{"name":"Chord Road Flyover","highway":"trunk","policy":"HGV restrictions on select corridors (BTP)"},"geometry":{"type":"LineString","coordinates":[[77.53739,12.95269],[77.5375,12.95285],[77.5377,12.95309],[77.53784,12.95315],[77.53795,12.95319],[77.53809,12.95322],[77.53824,12.95323]]}},{"type":"Feature","properties":{"name":"CNR Rao Underpass","highway":"trunk","policy":"HGV restrictions on select corridors (BTP)"},"geometry":{"type":"LineString","coordinates":[[77.5652,13.01436],[77.5644,13.01481],[77.56402,13.01508]]}},{"type":"Feature","properties":{"name":"Hosur Road","highway":"trunk","policy":"HGV restrictions on select corridors (BTP)"},"geometry":{"type":"LineString","coordinates":[[77.65343,12.86991],[77.65357,12.86973],[77.654,12.86919],[77.65583,12.86687],[77.65595,12.86672],[77.65682,12.86564],[77.65826,12.86383],[77.65983,12.86183],[77.66056,12.86092]]}},{"type":"Feature","properties":{"name":"Hosur Road","highway":"trunk","policy":"HGV restrictions on select corridors (BTP)"},"geometry":{"type":"LineString","coordinates":[[77.6534,12.86995],[77.65343,12.86991]]}},{"type":"Feature","properties":{"name":"Hosur Road","highway":"trunk","policy":"HGV restrictions on select corridors (BTP)"},"geometry":{"type":"LineString","coordinates":[[77.65327,12.86987],[77.65174,12.87179],[77.65169,12.87185],[77.65167,12.87187],[77.65158,12.87198],[77.6511,12.87259],[77.65073,12.87304],[77.65036,12.87348],[77.64918,12.87477],[77.64904,12.87493],[77.64902,12.87496],[77.64866,12.87537],[77.64782,12.87631],[77.64751,12.87671],[77.64728,12.87705],[77.64717,12.8772],[77.64705,12.87738],[77.64532,12.8802],[77.64249,12.88481],[77.64109,12.88709],[77.64097,12.8873],[77.64054,12.88799],[77.6399,12.88905],[77.63987,12.88908]]}},{"type":"Feature","properties":{"name":"Hosur Road","highway":"trunk","policy":"HGV restrictions on select corridors (BTP)"},"geometry":{"type":"LineString","coordinates":[[77.65333,12.86979],[77.6533,12.86983]]}},{"type":"Feature","properties":{"name":"Hosur Road","highway":"trunk","policy":"HGV restrictions on select corridors (BTP)"},"geometry":{"type":"LineString","coordinates":[[77.64305,12.88421],[77.6462,12.87907],[77.64726,12.87736],[77.64755,12.87694],[77.64789,12.87648],[77.64814,12.87619],[77.6483,12.87601],[77.64927,12.87493],[77.64946,12.87472],[77.64984,12.8743],[77.65069,12.87335],[77.65092,12.87307],[77.65096,12.87302],[77.6514,12.87246],[77.65332,12.87005],[77.65337,12.86999]]}},{"type":"Feature","properties":{"name":"Hosur Road","highway":"trunk","policy":"HGV restrictions on select corridors (BTP)"},"geometry":{"type":"LineString","coordinates":[[77.63987,12.88908],[77.63984,12.88914],[77.63978,12.88923],[77.63974,12.8893],[77.63878,12.89084],[77.63771,12.89256],[77.63698,12.89376],[77.63669,12.89425],[77.63664,12.89431],[77.63608,12.89523],[77.63518,12.8967],[77.63345,12.8995],[77.63324,12.89984],[77.63244,12.90115],[77.63152,12.90264],[77.62991,12.90525],[77.62888,12.90692],[77.6288,12.90705],[77.62876,12.90712],[77.62874,12.90714],[77.62779,12.90868],[77.62743,12.90925],[77.62735,12.90936],[77.62725,12.90961],[77.62701,12.91],[77.62612,12.91146]]}},{"type":"Feature","properties":{"name":"Outer Ring Road","highway":"trunk","policy":"HGV restrictions on select corridors (BTP)"},"geometry":{"type":"LineString","coordinates":[[77.62266,12.91721],[77.6223,12.91708],[77.62197,12.91693]]}},{"type":"Feature","properties":{"name":"Outer Ring Road","highway":"trunk","policy":"HGV restrictions on select corridors (BTP)"},"geometry":{"type":"LineString","coordinates":[[77.53199,13.01893],[77.53197,13.01879],[77.53192,13.01859],[77.53163,13.01755],[77.53156,13.01734],[77.53111,13.01586],[77.53063,13.01468],[77.53006,13.01348],[77.52987,13.01318],[77.52969,13.01288],[77.52912,13.0121],[77.52907,13.01204],[77.52897,13.0119],[77.52859,13.01147],[77.52832,13.0112],[77.52793,13.01082]]}},{"type":"Feature","properties":{"name":"Kanteerava Studio Flyover","highway":"trunk","policy":"HGV restrictions on select corridors (BTP)"},"geometry":{"type":"LineString","coordinates":[[77.53229,13.02134],[77.53241,13.02176],[77.53258,13.02224],[77.53275,13.02266]]}},{"type":"Feature","properties":{"name":"Outer Ring Road","highway":"trunk","policy":"HGV restrictions on select corridors (BTP)"},"geometry":{"type":"LineString","coordinates":[[77.534,13.02492],[77.53406,13.02502],[77.53502,13.02671],[77.53504,13.02674],[77.53505,13.02677],[77.53532,13.02724],[77.53558,13.02768],[77.53608,13.02848],[77.53611,13.02853],[77.53616,13.02862],[77.53627,13.0288],[77.5363,13.02884],[77.53645,13.0291],[77.53657,13.02931],[77.5368,13.02972],[77.53706,13.03018]]}},{"type":"Feature","properties":{"name":"Kanteerava Studio Flyover","highway":"trunk","policy":"HGV restrictions on select corridors (BTP)"},"geometry":{"type":"LineString","coordinates":[[77.53286,13.02264],[77.53269,13.02224],[77.53251,13.02173],[77.5324,13.02132]]}},{"type":"Feature","properties":{"name":"Mysore Road","highway":"trunk","policy":"HGV restrictions on select corridors (BTP)"},"geometry":{"type":"LineString","coordinates":[[77.52617,12.94308],[77.52611,12.94299]]}},{"type":"Feature","properties":{"name":"Nayandahalli Flyover","highway":"trunk","policy":"HGV restrictions on select corridors (BTP)"},"geometry":{"type":"LineString","coordinates":[[77.5317,12.94697],[77.53123,12.94679],[77.53085,12.94662],[77.53084,12.94661],[77.53027,12.94635],[77.52915,12.94586],[77.52881,12.94567],[77.52861,12.94555],[77.52849,12.94547],[77.52828,12.94534],[77.52822,12.94528],[77.52801,12.94513],[77.52772,12.94487],[77.52751,12.94466],[77.52707,12.94419]]}},{"type":"Feature","properties":{"name":"Nayandahalli Flyover","highway":"trunk","policy":"HGV restrictions on select corridors (BTP)"},"geometry":{"type":"LineString","coordinates":[[77.52702,12.94424],[77.52714,12.94436],[77.52766,12.9449],[77.52798,12.94517],[77.52818,12.94531],[77.52826,12.94537],[77.52845,12.94549],[77.52859,12.94558],[77.52877,12.94569],[77.52913,12.94589],[77.52969,12.94616],[77.53022,12.94639],[77.53081,12.94667],[77.5312,12.94684],[77.53167,12.94703]]}},{"type":"Feature","properties":{"name":"Mysore Road","highway":"trunk","policy":"HGV restrictions on select corridors (BTP)"},"geometry":{"type":"LineString","coordinates":[[77.5328,12.94741],[77.53305,12.9475]]}},{"type":"Feature","properties":{"name":"Chord Road Flyover","highway":"trunk","policy":"HGV restrictions on select corridors (BTP)"},"geometry":{"type":"LineString","coordinates":[[77.54146,12.95295],[77.54161,12.95303]]}},{"type":"Feature","properties":{"name":"Kanakapura Road","highway":"trunk","policy":"HGV restrictions on select corridors (BTP)"},"geometry":{"type":"LineString","coordinates":[[77.57333,12.90653],[77.57334,12.90642]]}},{"type":"Feature","properties":{"name":"Mysore Road","highway":"motorway","policy":"HGV restrictions on select corridors (BTP)"},"geometry":{"type":"LineString","coordinates":[[77.47049,12.90416],[77.47028,12.90377],[77.46998,12.90328],[77.46978,12.90296],[77.46965,12.90276],[77.46951,12.90258],[77.46934,12.90238],[77.46921,12.90225],[77.46913,12.90217],[77.46909,12.90213],[77.46901,12.90206],[77.46897,12.90202],[77.46884,12.90192],[77.46838,12.90163],[77.46801,12.90139],[77.46779,12.90124],[77.46751,12.90106],[77.46738,12.90099],[77.46739,12.90086]]}},{"type":"Feature","properties":{"name":"Mysore Road","highway":"trunk","policy":"HGV restrictions on select corridors (BTP)"},"geometry":{"type":"LineString","coordinates":[[77.47762,12.90862],[77.4775,12.90855]]}},{"type":"Feature","properties":{"name":"Mysore Road","highway":"trunk","policy":"HGV restrictions on select corridors (BTP)"},"geometry":{"type":"LineString","coordinates":[[77.47743,12.90865],[77.47759,12.90874]]}},{"type":"Feature","properties":{"name":"Mysore Road","highway":"trunk","policy":"HGV restrictions on select corridors (BTP)"},"geometry":{"type":"LineString","coordinates":[[77.47759,12.90874],[77.47817,12.90901]]}},{"type":"Feature","properties":{"name":"Bannerghatta Road","highway":"trunk","policy":"HGV restrictions on select corridors (BTP)"},"geometry":{"type":"LineString","coordinates":[[77.60019,12.9102],[77.6003,12.90902],[77.60032,12.90882],[77.60035,12.90861],[77.60038,12.90848],[77.60043,12.90818],[77.60044,12.90812],[77.60045,12.90806],[77.60052,12.90783],[77.60058,12.90766],[77.6006,12.9075]]}},{"type":"Feature","properties":{"name":"Hosur Road","highway":"trunk","policy":"HGV restrictions on select corridors (BTP)"},"geometry":{"type":"LineString","coordinates":[[77.6725,12.84559],[77.67246,12.84565],[77.67201,12.84623],[77.67162,12.84674],[77.67136,12.84708]]}},{"type":"Feature","properties":{"name":"Hosur Road","highway":"trunk","policy":"HGV restrictions on select corridors (BTP)"},"geometry":{"type":"LineString","coordinates":[[77.67693,12.83991],[77.6761,12.84096],[77.67587,12.84126],[77.67429,12.8433],[77.67415,12.84346],[77.67414,12.84347],[77.67405,12.84357]]}},{"type":"Feature","properties":{"name":"Bellary Road","highway":"trunk","policy":"HGV restrictions on select corridors (BTP)"},"geometry":{"type":"LineString","coordinates":[[77.61756,13.13883],[77.6176,13.13787],[77.6176,13.13759],[77.6176,13.13757],[77.6176,13.13745],[77.61761,13.13722],[77.6176,13.137],[77.6176,13.13687],[77.6176,13.13679],[77.61757,13.13658],[77.61755,13.13646],[77.61749,13.13619],[77.61733,13.13575],[77.61717,13.13535],[77.61709,13.13513],[77.61699,13.13489],[77.61687,13.13462],[77.61674,13.13434],[77.61634,13.13346],[77.61592,13.13257],[77.61569,13.13209],[77.6155,13.13167]]}},{"type":"Feature","properties":{"name":"Outer Ring Road","highway":"trunk","policy":"HGV restrictions on select corridors (BTP)"},"geometry":{"type":"LineString","coordinates":[[77.58876,13.04259],[77.58863,13.04256],[77.5885,13.04255],[77.58838,13.04256],[77.58822,13.04257],[77.58806,13.0426],[77.58783,13.04264],[77.58686,13.04281],[77.58662,13.04286],[77.58585,13.04303],[77.58565,13.04308],[77.58541,13.04314],[77.58526,13.04319],[77.58507,13.04326],[77.58491,13.04334],[77.5849,13.04335],[77.58475,13.04343],[77.5834,13.04432],[77.58318,13.04446]]}},{"type":"Feature","properties":{"name":"Bellary Road","highway":"trunk","policy":"HGV restrictions on select corridors (BTP)"},"geometry":{"type":"LineString","coordinates":[[77.59676,13.09108],[77.59671,13.09086],[77.59661,13.0905],[77.59651,13.09014],[77.59637,13.08974],[77.59606,13.08894],[77.59577,13.08827],[77.59545,13.08752],[77.59494,13.0864],[77.59466,13.08571],[77.5944,13.08501],[77.59404,13.08414],[77.59367,13.08316],[77.59354,13.08272],[77.59339,13.08213],[77.59331,13.08167],[77.59327,13.08133],[77.59315,13.07984],[77.59292,13.07732],[77.59273,13.07509],[77.59272,13.07464],[77.59272,13.07399],[77.59274,13.07344],[77.59277,13.07279],[77.5928,13.07239],[77.59295,13.07025],[77.59306,13.06845],[77.5931,13.06781],[77.59318,13.0671],[77.59328,13.066],[77.59333,13.06504],[77.59334,13.06399],[77.59337,13.0633],[77.59345,13.06191],[77.59348,13.06129],[77.59351,13.06059],[77.59352,13.06034],[77.59352,13.05983],[77.59351,13.05939],[77.59351,13.0584],[77.5935,13.0579],[77.59349,13.05724],[77.59348,13.05658],[77.59347,13.05596],[77.59347,13.05556],[77.59348,13.0554]]}},{"type":"Feature","properties":{"name":"Bellary Road","highway":"trunk","policy":"HGV restrictions on select corridors (BTP)"},"geometry":{"type":"LineString","coordinates":[[77.59315,13.05079],[77.59309,13.05054],[77.59296,13.05002],[77.59289,13.04978],[77.59286,13.04963],[77.59284,13.04956],[77.59276,13.0493],[77.59267,13.04903],[77.59257,13.04879],[77.59223,13.04806]]}},{"type":"Feature","properties":{"name":"Bellary Road","highway":"trunk","policy":"HGV restrictions on select corridors (BTP)"},"geometry":{"type":"LineString","coordinates":[[77.59336,13.0554],[77.59335,13.05555],[77.59334,13.05598],[77.59338,13.05778],[77.5934,13.05928],[77.59341,13.05974],[77.59341,13.05996],[77.59339,13.06059],[77.59337,13.06128],[77.59335,13.06191],[77.59327,13.0633],[77.59323,13.06399],[77.59321,13.06512],[77.5932,13.06548],[77.59317,13.06597],[77.59313,13.06656],[77.59308,13.06705],[77.593,13.06779],[77.59295,13.06846],[77.59286,13.06966],[77.59281,13.07057],[77.59267,13.07264],[77.59262,13.07329],[77.59262,13.07395],[77.59261,13.07479],[77.59261,13.07508],[77.59264,13.07535],[77.59279,13.07713],[77.59304,13.07984],[77.59315,13.08133],[77.5932,13.08169],[77.59323,13.08185],[77.59328,13.08212],[77.5934,13.08263],[77.59353,13.08308],[77.59367,13.08346],[77.59384,13.0839],[77.59439,13.08529],[77.59472,13.08617],[77.59496,13.08673],[77.59544,13.08779],[77.59571,13.08842],[77.59603,13.08918],[77.59626,13.08977],[77.59632,13.08992],[77.5964,13.09015],[77.59651,13.09054],[77.5966,13.09087],[77.59667,13.09122]]}},{"type":"Feature","properties":{"name":"Bellary Road","highway":"trunk","policy":"HGV restrictions on select corridors (BTP)"},"geometry":{"type":"LineString","coordinates":[[77.60647,13.11414],[77.60684,13.11475],[77.60732,13.11559],[77.60776,13.1163],[77.60837,13.11728],[77.60875,13.11796],[77.6095,13.11939],[77.60983,13.12004],[77.61014,13.12068]]}},{"type":"Feature","properties":{"name":"Ballari Road Flyover","highway":"trunk","policy":"HGV restrictions on select corridors (BTP)"},"geometry":{"type":"LineString","coordinates":[[77.61745,13.13909],[77.61744,13.13939],[77.61741,13.14061],[77.61739,13.14149],[77.61736,13.14237],[77.61735,13.14282],[77.61736,13.14317],[77.6174,13.14376],[77.61751,13.14494],[77.61776,13.14665],[77.61782,13.14696],[77.61789,13.14723],[77.61797,13.14748],[77.61807,13.1477],[77.61817,13.14787],[77.61865,13.1488],[77.61895,13.14946],[77.61913,13.14981]]}},{"type":"Feature","properties":{"name":"Bellary Road","highway":"trunk","policy":"HGV restrictions on select corridors (BTP)"},"geometry":{"type":"LineString","coordinates":[[77.61539,13.13172],[77.61557,13.13211],[77.61581,13.1326],[77.61623,13.1335],[77.61652,13.13411],[77.61688,13.13494],[77.61713,13.13555],[77.61723,13.13582],[77.61737,13.13622],[77.6174,13.13636],[77.61743,13.13649],[77.61743,13.13652],[77.61748,13.13678],[77.61749,13.13702],[77.6175,13.13722],[77.6175,13.13746],[77.61748,13.13779],[77.61746,13.1384]]}},{"type":"Feature","properties":{"name":"Veerannapalya Flyover","highway":"trunk","policy":"HGV restrictions on select corridors (BTP)"},"geometry":{"type":"LineString","coordinates":[[77.61256,13.04253],[77.61328,13.04235],[77.61354,13.04229],[77.61358,13.04228],[77.61372,13.04223],[77.61387,13.04218],[77.61403,13.0421],[77.61416,13.04202],[77.61434,13.04191],[77.61448,13.04183],[77.61468,13.04174],[77.61589,13.04134],[77.61608,13.04128],[77.6163,13.04121]]}},{"type":"Feature","properties":{"name":"Outer Ring Road","highway":"trunk","policy":"HGV restrictions on select corridors (BTP)"},"geometry":{"type":"LineString","coordinates":[[77.5986,13.04329],[77.5988,13.04344],[77.59892,13.0435],[77.59896,13.04353],[77.59912,13.04361],[77.59928,13.04367],[77.59946,13.04371],[77.59966,13.04374],[77.59991,13.04376],[77.60033,13.04376],[77.60088,13.04374],[77.60103,13.04374],[77.60145,13.04373],[77.60164,13.04373],[77.60244,13.04373],[77.60358,13.04373],[77.60638,13.04376],[77.60663,13.04375],[77.60686,13.04373],[77.60712,13.0437],[77.6074,13.04366],[77.60845,13.04347],[77.60963,13.0432],[77.61046,13.04302]]}},{"type":"Feature","properties":{"name":"Srinagar - Kanyakumari Highway","highway":"trunk","policy":"HGV restrictions on select corridors (BTP)"},"geometry":{"type":"LineString","coordinates":[[77.59027,13.04306],[77.59045,13.0434],[77.59054,13.04358],[77.59059,13.04377],[77.59062,13.04388],[77.59065,13.04429],[77.59068,13.04478],[77.59076,13.04533],[77.59082,13.04554],[77.59085,13.04561],[77.59088,13.04569],[77.59104,13.04598],[77.59125,13.04636]]}},{"type":"Feature","properties":{"name":"Outer Ring Road","highway":"trunk","policy":"HGV restrictions on select corridors (BTP)"},"geometry":{"type":"LineString","coordinates":[[77.62765,13.03681],[77.62777,13.03663],[77.62791,13.03638],[77.62848,13.03532],[77.62886,13.0346],[77.62898,13.03436],[77.63019,13.03195],[77.63121,13.02987]]}},{"type":"Feature","properties":{"name":"Nagawara Flyover","highway":"trunk","policy":"HGV restrictions on select corridors (BTP)"},"geometry":{"type":"LineString","coordinates":[[77.62364,13.04101],[77.6238,13.04089],[77.62403,13.04065],[77.62424,13.04039],[77.62435,13.04026],[77.62452,13.04003],[77.62498,13.03945]]}},{"type":"Feature","properties":{"name":"Outer Ring Road","highway":"trunk","policy":"HGV restrictions on select corridors (BTP)"},"geometry":{"type":"LineString","coordinates":[[77.6072,13.04358],[77.60697,13.04361],[77.60683,13.04363],[77.60664,13.04364],[77.60639,13.04365],[77.60367,13.04363],[77.60162,13.04363],[77.60145,13.04363],[77.60034,13.04366],[77.60002,13.04367],[77.59981,13.04366],[77.59964,13.04364],[77.59945,13.04361],[77.59929,13.04356],[77.59912,13.04349],[77.59897,13.04342],[77.59881,13.04332]]}},{"type":"Feature","properties":{"name":"Outer Ring Road","highway":"trunk","policy":"HGV restrictions on select corridors (BTP)"},"geometry":{"type":"LineString","coordinates":[[77.59388,13.04195],[77.59375,13.04196],[77.59352,13.04202],[77.59256,13.04233],[77.59167,13.04258],[77.59135,13.04266],[77.59125,13.04268],[77.59109,13.0427]]}},{"type":"Feature","properties":{"name":"Nagawara Flyover","highway":"trunk","policy":"HGV restrictions on select corridors (BTP)"},"geometry":{"type":"LineString","coordinates":[[77.62488,13.03927],[77.62444,13.03986],[77.62405,13.04035],[77.62393,13.04051],[77.6238,13.04065],[77.6236,13.04081],[77.62342,13.04091],[77.62328,13.04097],[77.62312,13.04101],[77.62291,13.04104],[77.62279,13.04106],[77.62264,13.04107]]}},{"type":"Feature","properties":{"name":"Veerannapalya Flyover","highway":"trunk","policy":"HGV restrictions on select corridors (BTP)"},"geometry":{"type":"LineString","coordinates":[[77.61735,13.04087],[77.61698,13.0409],[77.61606,13.0411],[77.61591,13.04114],[77.61465,13.04156],[77.61449,13.04161],[77.61435,13.04169],[77.61403,13.04189],[77.61391,13.04195],[77.61376,13.04202],[77.61362,13.04208],[77.61358,13.04209],[77.61346,13.04212],[77.61317,13.04218],[77.61107,13.04268]]}},{"type":"Feature","properties":{"name":"Outer Ring Road Underpass","highway":"trunk","policy":"HGV restrictions on select corridors (BTP)"},"geometry":{"type":"LineString","coordinates":[[77.63318,13.02749],[77.63251,13.02778]]}},{"type":"Feature","properties":{"name":"Outer Ring Road Underpass","highway":"trunk","policy":"HGV restrictions on select corridors (BTP)"},"geometry":{"type":"LineString","coordinates":[[77.63251,13.02778],[77.63232,13.02787],[77.63213,13.02795],[77.63202,13.02802],[77.63193,13.02809],[77.63185,13.02819],[77.63178,13.02829],[77.63172,13.02841],[77.63162,13.02862],[77.6314,13.02912],[77.63133,13.02928]]}},{"type":"Feature","properties":{"name":"Outer Ring Road","highway":"trunk","policy":"HGV restrictions on select corridors (BTP)"},"geometry":{"type":"LineString","coordinates":[[77.63992,13.02573],[77.63972,13.02579],[77.63952,13.02583],[77.63944,13.02585],[77.63936,13.02586],[77.63705,13.0263]]}},{"type":"Feature","properties":{"name":"Outer Ring Road Underpass","highway":"trunk","policy":"HGV restrictions on select corridors (BTP)"},"geometry":{"type":"LineString","coordinates":[[77.66233,13.01136],[77.66221,13.01299]]}},{"type":"Feature","properties":{"name":"Outer Ring Road","highway":"trunk","policy":"HGV restrictions on select corridors (BTP)"},"geometry":{"type":"LineString","coordinates":[[77.65539,13.01908],[77.65446,13.01943]]}},{"type":"Feature","properties":{"name":"Outer Ring Road","highway":"trunk","policy":"HGV restrictions on select corridors (BTP)"},"geometry":{"type":"LineString","coordinates":[[77.6448,13.02357],[77.64228,13.02468]]}},{"type":"Feature","properties":{"name":"Outer Ring Road","highway":"trunk","policy":"HGV restrictions on select corridors (BTP)"},"geometry":{"type":"LineString","coordinates":[[77.65576,13.01892],[77.65539,13.01908]]}},{"type":"Feature","properties":{"name":"Outer Ring Road","highway":"trunk","policy":"HGV restrictions on select corridors (BTP)"},"geometry":{"type":"LineString","coordinates":[[77.66334,13.00176],[77.66332,13.00198],[77.66332,13.00206],[77.6632,13.00379],[77.66314,13.0046],[77.6631,13.00488],[77.66307,13.0051],[77.66303,13.0053],[77.66291,13.00601],[77.66269,13.00735],[77.6626,13.00791],[77.66257,13.00811],[77.66255,13.00835]]}},{"type":"Feature","properties":{"name":"Outer Ring Road","highway":"trunk","policy":"HGV restrictions on select corridors (BTP)"},"geometry":{"type":"LineString","coordinates":[[77.66939,12.99701],[77.6696,12.99721],[77.66995,12.9974],[77.67011,12.99747],[77.6705,12.99762],[77.67064,12.99769],[77.67084,12.99779],[77.67154,12.99811],[77.67159,12.99814],[77.67173,12.9982],[77.67213,12.99838],[77.67305,12.99882],[77.67336,12.99896],[77.67349,12.99902],[77.67366,12.99912],[77.67413,12.99933],[77.67543,12.99996],[77.67625,13.00035],[77.67639,13.0004],[77.67651,13.00042],[77.6766,13.00042],[77.67678,13.00042],[77.67753,13.0004],[77.67777,13.00039],[77.67796,13.00036],[77.67806,13.00035],[77.6782,13.00035],[77.67835,13.00036],[77.67889,13.0004],[77.67912,13.00041]]}},{"type":"Feature","properties":{"name":"Outer Ring Road","highway":"trunk","policy":"HGV restrictions on select corridors (BTP)"},"geometry":{"type":"LineString","coordinates":[[77.68816,12.99011],[77.68784,12.99056],[77.6875,12.99101],[77.68698,12.99169]]}},{"type":"Feature","properties":{"name":"Outer Ring Road","highway":"trunk","policy":"HGV restrictions on select corridors (BTP)"},"geometry":{"type":"LineString","coordinates":[[77.70202,12.96697],[77.70194,12.9673],[77.70191,12.96738],[77.70187,12.96749],[77.70178,12.96771],[77.7016,12.96805]]}},{"type":"Feature","properties":{"name":"Marathahalli Underpass","highway":"trunk","policy":"HGV restrictions on select corridors (BTP)"},"geometry":{"type":"LineString","coordinates":[[77.70036,12.95428],[77.7006,12.95526],[77.70064,12.95544],[77.70069,12.95559],[77.70074,12.95575],[77.70084,12.95604],[77.70094,12.95632],[77.701,12.95656],[77.70104,12.95677]]}},{"type":"Feature","properties":{"name":"Outer Ring Road","highway":"trunk","policy":"HGV restrictions on select corridors (BTP)"},"geometry":{"type":"LineString","coordinates":[[77.68596,12.99314],[77.68515,12.99422],[77.68512,12.99427],[77.68509,12.99431],[77.68483,12.99466],[77.68362,12.99636],[77.68339,12.99671],[77.68326,12.99691],[77.6818,12.99926],[77.68174,12.99936],[77.68148,12.99979],[77.68137,12.99993],[77.68127,13.00002],[77.68122,13.00008],[77.68114,13.00014],[77.68096,13.00023]]}},{"type":"Feature","properties":{"name":"Outer Ring Road","highway":"trunk","policy":"HGV restrictions on select corridors (BTP)"},"geometry":{"type":"LineString","coordinates":[[77.68897,12.98913],[77.68928,12.98856],[77.68935,12.98846],[77.68963,12.98799],[77.68972,12.98783],[77.68984,12.98763],[77.69006,12.98726],[77.69081,12.98602],[77.69159,12.98475],[77.69186,12.98431],[77.69203,12.98402],[77.69228,12.98362],[77.6923,12.98359]]}},{"type":"Feature","properties":{"name":"Outer Ring Road","highway":"trunk","policy":"HGV restrictions on select corridors (BTP)"},"geometry":{"type":"LineString","coordinates":[[77.70005,12.95244],[77.69997,12.95218],[77.69992,12.952],[77.69961,12.95023],[77.69951,12.94969],[77.69936,12.94885],[77.6993,12.94856],[77.69924,12.94832],[77.69916,12.94803],[77.6991,12.94782],[77.69875,12.94674],[77.69854,12.94612],[77.69853,12.94609]]}},{"type":"Feature","properties":{"name":"Outer Ring Road","highway":"trunk","policy":"HGV restrictions on select corridors (BTP)"},"geometry":{"type":"LineString","coordinates":[[77.65437,12.92367],[77.65404,12.92372]]}},{"type":"Feature","properties":{"name":"Outer Ring Road","highway":"trunk","policy":"HGV restrictions on select corridors (BTP)"},"geometry":{"type":"LineString","coordinates":[[77.66239,12.92128],[77.66226,12.92132],[77.66206,12.92137]]}},{"type":"Feature","properties":{"name":"Outer Ring Road","highway":"trunk","policy":"HGV restrictions on select corridors (BTP)"},"geometry":{"type":"LineString","coordinates":[[77.65404,12.92372],[77.65305,12.9239]]}},{"type":"Feature","properties":{"name":"Outer Ring Road","highway":"trunk","policy":"HGV restrictions on select corridors (BTP)"},"geometry":{"type":"LineString","coordinates":[[77.69525,12.93965],[77.69608,12.94099],[77.69622,12.94123]]}},{"type":"Feature","properties":{"name":"Outer Ring Road","highway":"trunk","policy":"HGV restrictions on select corridors (BTP)"},"geometry":{"type":"LineString","coordinates":[[77.69845,12.94619],[77.69865,12.94685],[77.69888,12.94751],[77.69899,12.94784],[77.69902,12.94794],[77.69905,12.94807],[77.69914,12.9484],[77.6992,12.94866],[77.69922,12.94877],[77.69928,12.94909],[77.69943,12.94992],[77.69972,12.95164],[77.69981,12.95203],[77.70002,12.95291],[77.70009,12.95318],[77.70014,12.95341]]}},{"type":"Feature","properties":{"name":"Outer Ring Road","highway":"trunk","policy":"HGV restrictions on select corridors (BTP)"},"geometry":{"type":"LineString","coordinates":[[77.69488,12.93914],[77.69525,12.93965]]}},{"type":"Feature","properties":{"name":"Outer Ring Road","highway":"trunk","policy":"HGV restrictions on select corridors (BTP)"},"geometry":{"type":"LineString","coordinates":[[77.68699,12.9318],[77.68728,12.93205],[77.68733,12.93209],[77.68809,12.93275],[77.68941,12.93396],[77.68968,12.93421],[77.68996,12.93446],[77.69039,12.93486],[77.69046,12.93492],[77.69101,12.93543],[77.69111,12.93552],[77.69242,12.93673],[77.69318,12.93746]]}},{"type":"Feature","properties":{"name":"Outer Ring Road","highway":"trunk","policy":"HGV restrictions on select corridors (BTP)"},"geometry":{"type":"LineString","coordinates":[[77.68191,12.92862],[77.6826,12.92896],[77.68335,12.92933],[77.68433,12.92977]]}},{"type":"Feature","properties":{"name":"Outer Ring Road","highway":"trunk","policy":"HGV restrictions on select corridors (BTP)"},"geometry":{"type":"LineString","coordinates":[[77.67952,12.92751],[77.67976,12.92762],[77.6802,12.92783],[77.68059,12.92802],[77.68079,12.92811],[77.68134,12.92837],[77.68172,12.92853],[77.68191,12.92862]]}},{"type":"Feature","properties":{"name":"Outer Ring Road","highway":"trunk","policy":"HGV restrictions on select corridors (BTP)"},"geometry":{"type":"LineString","coordinates":[[77.67529,12.92546],[77.67561,12.92562],[77.67632,12.92598],[77.67706,12.92634],[77.67864,12.92709]]}},{"type":"Feature","properties":{"name":"Outer Ring Road","highway":"trunk","policy":"HGV restrictions on select corridors (BTP)"},"geometry":{"type":"LineString","coordinates":[[77.66359,12.92112],[77.66396,12.92102],[77.66431,12.92092],[77.66463,12.92084],[77.66474,12.92081],[77.66485,12.92081]]}},{"type":"Feature","properties":{"name":"Outer Ring Road","highway":"trunk","policy":"HGV restrictions on select corridors (BTP)"},"geometry":{"type":"LineString","coordinates":[[77.65439,12.92379],[77.65502,12.92367],[77.65539,12.9236],[77.65565,12.92353],[77.65575,12.9235],[77.65651,12.92325],[77.65974,12.92212],[77.66,12.92203],[77.66024,12.92195],[77.66227,12.92144],[77.66291,12.92128]]}},{"type":"Feature","properties":{"name":"Outer Ring Road","highway":"trunk","policy":"HGV restrictions on select corridors (BTP)"},"geometry":{"type":"LineString","coordinates":[[77.64841,12.92441],[77.64871,12.92445],[77.64986,12.92453],[77.65018,12.92454],[77.65051,12.92453],[77.6508,12.92451],[77.65123,12.92444],[77.65198,12.9243],[77.65309,12.92407]]}},{"type":"Feature","properties":{"name":"Outer Ring Road","highway":"trunk","policy":"HGV restrictions on select corridors (BTP)"},"geometry":{"type":"LineString","coordinates":[[77.64051,12.9171],[77.64077,12.9173],[77.64104,12.9175],[77.64108,12.91753],[77.64158,12.91804],[77.64179,12.91825],[77.642,12.91849],[77.64217,12.91871],[77.64291,12.91971],[77.64303,12.91988],[77.64466,12.92183],[77.6448,12.92197],[77.64486,12.92203],[77.64492,12.92208],[77.64615,12.92321],[77.64639,12.92342],[77.64666,12.92365],[77.64731,12.92404],[77.64735,12.92406],[77.64742,12.92409],[77.64756,12.92416]]}},{"type":"Feature","properties":{"name":"Outer Ring Road","highway":"trunk","policy":"HGV restrictions on select corridors (BTP)"},"geometry":{"type":"LineString","coordinates":[[77.63555,12.91632],[77.6366,12.9162],[77.63711,12.91614]]}},{"type":"Feature","properties":{"name":"Srinagar - Kanyakumari Highway","highway":"trunk","policy":"HGV restrictions on select corridors (BTP)"},"geometry":{"type":"LineString","coordinates":[[77.62396,12.91472],[77.62365,12.91524],[77.62319,12.91607],[77.62305,12.91633],[77.62303,12.91638],[77.62295,12.91655]]}},{"type":"Feature","properties":{"name":"Bellary Road","highway":"trunk","policy":"HGV restrictions on select corridors (BTP)"},"geometry":{"type":"LineString","coordinates":[[77.58767,13.03202],[77.5874,13.03145],[77.58714,13.03085],[77.58701,13.03053],[77.58657,13.02945],[77.58624,13.02862]]}},{"type":"Feature","properties":{"name":"Bellary Road","highway":"trunk","policy":"HGV restrictions on select corridors (BTP)"},"geometry":{"type":"LineString","coordinates":[[77.58952,13.03933],[77.58948,13.03911],[77.58939,13.03859],[77.58938,13.03847],[77.58937,13.03832],[77.58935,13.03808],[77.58931,13.03766],[77.58929,13.03669],[77.58928,13.03651],[77.58928,13.03648],[77.58925,13.0363],[77.58919,13.03613],[77.58912,13.03595],[77.5891,13.03591],[77.58906,13.0358],[77.58904,13.03577],[77.58873,13.03505],[77.58862,13.03478],[77.58852,13.03451],[77.58846,13.03428],[77.58841,13.03406],[77.58836,13.03358],[77.58831,13.0334],[77.58824,13.03323],[77.5882,13.03308],[77.58813,13.0329]]}},{"type":"Feature","properties":{"name":"Ganga Nagar Flyover","highway":"trunk","policy":"HGV restrictions on select corridors (BTP)"},"geometry":{"type":"LineString","coordinates":[[77.58619,13.02853],[77.58608,13.02831],[77.5858,13.02752],[77.58554,13.02664],[77.58539,13.02608]]}},{"type":"Feature","properties":{"name":"Hebbal Flyover","highway":"trunk","policy":"HGV restrictions on select corridors (BTP)"},"geometry":{"type":"LineString","coordinates":[[77.59186,13.0473],[77.59161,13.04681],[77.59153,13.04665],[77.5915,13.04654],[77.59145,13.04638],[77.59139,13.04612],[77.59136,13.04595]]}},{"type":"Feature","properties":{"name":"Hebbal Flyover","highway":"trunk","policy":"HGV restrictions on select corridors (BTP)"},"geometry":{"type":"LineString","coordinates":[[77.59075,13.04359],[77.5905,13.04304],[77.59042,13.04287],[77.59032,13.04262],[77.59016,13.04209]]}},{"type":"Feature","properties":{"name":"Ganga Nagar Flyover","highway":"trunk","policy":"HGV restrictions on select corridors (BTP)"},"geometry":{"type":"LineString","coordinates":[[77.58539,13.02608],[77.58527,13.02552]]}},{"type":"Feature","properties":{"name":"Bellary Road","highway":"trunk","policy":"HGV restrictions on select corridors (BTP)"},"geometry":{"type":"LineString","coordinates":[[77.58813,13.0329],[77.58767,13.03202]]}},{"type":"Feature","properties":{"name":"Hebbal Flyover","highway":"trunk","policy":"HGV restrictions on select corridors (BTP)"},"geometry":{"type":"LineString","coordinates":[[77.59136,13.04595],[77.59129,13.04531],[77.59126,13.0451],[77.59122,13.04489],[77.59114,13.04457],[77.59104,13.04427],[77.59096,13.04404],[77.5909,13.04392],[77.59075,13.04359]]}},{"type":"Feature","properties":{"name":"Bellary Road","highway":"trunk","policy":"HGV restrictions on select corridors (BTP)"},"geometry":{"type":"LineString","coordinates":[[77.5846,13.02276],[77.58457,13.02264],[77.58448,13.02219],[77.58445,13.02209],[77.58436,13.02172],[77.58425,13.02139],[77.5842,13.02128],[77.58416,13.02111],[77.58415,13.02109],[77.58405,13.02073],[77.584,13.02051],[77.58397,13.02033],[77.58396,13.02022],[77.58395,13.02008],[77.58394,13.01984],[77.58394,13.01972],[77.58393,13.01956],[77.58393,13.01953],[77.58393,13.01943],[77.58393,13.01924],[77.58397,13.0176],[77.58399,13.01729],[77.584,13.01716],[77.58403,13.01661]]}},{"type":"Feature","properties":{"name":"Mekhri Circle Underpass","highway":"trunk","policy":"HGV restrictions on select corridors (BTP)"},"geometry":{"type":"LineString","coordinates":[[77.58403,13.01661],[77.58404,13.01618],[77.58404,13.01578],[77.58401,13.01479]]}},{"type":"Feature","properties":{"name":"Bellary Road","highway":"trunk","policy":"HGV restrictions on select corridors (BTP)"},"geometry":{"type":"LineString","coordinates":[[77.5839,13.01672],[77.58385,13.01801],[77.58385,13.01814],[77.58382,13.01951],[77.58382,13.01975],[77.58382,13.01998],[77.58383,13.02022],[77.58386,13.02045],[77.58388,13.02058],[77.5839,13.02067],[77.58397,13.02099],[77.58424,13.02173],[77.58436,13.02222],[77.58446,13.02266],[77.58449,13.02292]]}},{"type":"Feature","properties":{"name":"Bellary Road","highway":"trunk","policy":"HGV restrictions on select corridors (BTP)"},"geometry":{"type":"LineString","coordinates":[[77.58452,13.02306],[77.58508,13.02518]]}},{"type":"Feature","properties":{"name":"Hebbal Flyover","highway":"trunk","policy":"HGV restrictions on select corridors (BTP)"},"geometry":{"type":"LineString","coordinates":[[77.58948,13.03961],[77.5896,13.04035],[77.58969,13.04071],[77.58984,13.04129],[77.59005,13.04205],[77.59029,13.04277],[77.59035,13.04291],[77.59046,13.04315],[77.59067,13.04354],[77.5907,13.04362]]}},{"type":"Feature","properties":{"name":"Bellary Road","highway":"trunk","policy":"HGV restrictions on select corridors (BTP)"},"geometry":{"type":"LineString","coordinates":[[77.58757,13.03207],[77.58802,13.03294]]}},{"type":"Feature","properties":{"name":"Bellary Road","highway":"trunk","policy":"HGV restrictions on select corridors (BTP)"},"geometry":{"type":"LineString","coordinates":[[77.58639,13.02933],[77.58689,13.03058],[77.58693,13.03068],[77.58702,13.03089],[77.58733,13.0316],[77.58747,13.03187],[77.58757,13.03207]]}},{"type":"Feature","properties":{"name":"Bellary Road","highway":"trunk","policy":"HGV restrictions on select corridors (BTP)"},"geometry":{"type":"LineString","coordinates":[[77.58802,13.03294],[77.5881,13.03307],[77.58817,13.03331],[77.58823,13.0335],[77.58827,13.03383],[77.58829,13.034],[77.58834,13.03424],[77.58842,13.0345],[77.58851,13.03479],[77.58894,13.03583],[77.58902,13.03601],[77.58905,13.03608],[77.5891,13.03624],[77.58915,13.03642],[77.58918,13.03661],[77.58918,13.03677],[77.58919,13.03726],[77.5892,13.03746],[77.58922,13.0377],[77.58922,13.03787],[77.58925,13.0382],[77.58926,13.03833],[77.58928,13.03848],[77.5893,13.03857],[77.58931,13.03868],[77.58934,13.03893]]}},{"type":"Feature","properties":{"name":"Ganga Nagar Flyover","highway":"trunk","policy":"HGV restrictions on select corridors (BTP)"},"geometry":{"type":"LineString","coordinates":[[77.58528,13.02612],[77.58542,13.02666],[77.58569,13.02756],[77.58596,13.02831],[77.5861,13.02864]]}},{"type":"Feature","properties":{"name":"CV Raman Road","highway":"trunk","policy":"HGV restrictions on select corridors (BTP)"},"geometry":{"type":"LineString","coordinates":[[77.56402,13.01508],[77.5639,13.01515],[77.56371,13.01526],[77.56294,13.01572],[77.56249,13.016],[77.56216,13.01617],[77.56155,13.01651],[77.56055,13.01706],[77.55972,13.01757],[77.55965,13.01761],[77.55944,13.01775],[77.55888,13.01808]]}},{"type":"Feature","properties":{"name":"Yeshwantpura Circle Flyover","highway":"trunk","policy":"HGV restrictions on select corridors (BTP)"},"geometry":{"type":"LineString","coordinates":[[77.55821,13.01847],[77.558,13.01859],[77.5579,13.01861],[77.5578,13.01861],[77.55772,13.01857],[77.55763,13.01851],[77.55755,13.01842],[77.55748,13.01832],[77.55721,13.01782],[77.55716,13.01773],[77.55697,13.0174],[77.55686,13.01718]]}},{"type":"Feature","properties":{"name":"Tumkur Road","highway":"trunk","policy":"HGV restrictions on select corridors (BTP)"},"geometry":{"type":"LineString","coordinates":[[77.55394,13.0158],[77.55386,13.01593],[77.55381,13.01609],[77.55378,13.01626],[77.55377,13.01647],[77.55375,13.01668],[77.55373,13.01687],[77.55367,13.01717],[77.55363,13.01737],[77.5532,13.01891],[77.55314,13.01912],[77.55308,13.01933],[77.55298,13.01957],[77.55283,13.01987],[77.5526,13.0203],[77.55193,13.02159],[77.55178,13.02182],[77.55166,13.02198],[77.55155,13.02209],[77.55152,13.02213],[77.55136,13.02227],[77.55118,13.02242],[77.55099,13.02253],[77.54846,13.02401],[77.5484,13.02405]]}},{"type":"Feature","properties":{"name":"Yeshwantpura Circle Flyover","highway":"trunk","policy":"HGV restrictions on select corridors (BTP)"},"geometry":{"type":"LineString","coordinates":[[77.55656,13.0168],[77.55694,13.0175],[77.55709,13.01777],[77.55715,13.01789],[77.55746,13.01843],[77.55753,13.01853],[77.5576,13.01861],[77.55769,13.01867],[77.55779,13.0187],[77.5579,13.01871],[77.558,13.0187],[77.55808,13.01867],[77.55826,13.01852]]}},{"type":"Feature","properties":{"name":"Tumkur Road","highway":"trunk","policy":"HGV restrictions on select corridors (BTP)"},"geometry":{"type":"LineString","coordinates":[[77.55593,13.01597],[77.55611,13.01616],[77.55623,13.0163],[77.55631,13.01641],[77.55646,13.01664],[77.55649,13.01669]]}},{"type":"Feature","properties":{"name":"Tumkur Road","highway":"trunk","policy":"HGV restrictions on select corridors (BTP)"},"geometry":{"type":"LineString","coordinates":[[77.55567,13.01578],[77.55593,13.01597]]}},{"type":"Feature","properties":{"name":"CNR Rao Underpass","highway":"trunk","policy":"HGV restrictions on select corridors (BTP)"},"geometry":{"type":"LineString","coordinates":[[77.56637,13.01417],[77.56729,13.01424],[77.56762,13.01433]]}},{"type":"Feature","properties":{"name":"Dr. CV Raman Road","highway":"trunk","policy":"HGV restrictions on select corridors (BTP)"},"geometry":{"type":"LineString","coordinates":[[77.57284,13.0147],[77.57288,13.01471],[77.5741,13.01477],[77.57444,13.01479],[77.5745,13.01479],[77.57475,13.01481],[77.57506,13.01482],[77.57509,13.01482],[77.57576,13.01484],[77.57661,13.01485],[77.577,13.01484],[77.57772,13.01483],[77.57849,13.01481]]}},{"type":"Feature","properties":{"name":"CNR Rao Underpass","highway":"trunk","policy":"HGV restrictions on select corridors (BTP)"},"geometry":{"type":"LineString","coordinates":[[77.567,13.01326],[77.5662,13.01377]]}},{"type":"Feature","properties":{"name":"CNR Rao Underpass","highway":"trunk","policy":"HGV restrictions on select corridors (BTP)"},"geometry":{"type":"LineString","coordinates":[[77.56623,13.01385],[77.56704,13.01333]]}},{"type":"Feature","properties":{"name":"CNR Rao Underpass","highway":"trunk","policy":"HGV restrictions on select corridors (BTP)"},"geometry":{"type":"LineString","coordinates":[[77.56521,13.0144],[77.56541,13.01429],[77.56623,13.01385]]}},{"type":"Feature","properties":{"name":"CNR Rao Underpass","highway":"trunk","policy":"HGV restrictions on select corridors (BTP)"},"geometry":{"type":"LineString","coordinates":[[77.5662,13.01377],[77.5652,13.01436]]}},{"type":"Feature","properties":{"name":"CNR Rao Underpass","highway":"trunk","policy":"HGV restrictions on select corridors (BTP)"},"geometry":{"type":"LineString","coordinates":[[77.56541,13.01429],[77.56545,13.0143],[77.56569,13.01419],[77.56577,13.01417],[77.56587,13.01415],[77.56596,13.01414],[77.56606,13.01415],[77.56637,13.01417]]}},{"type":"Feature","properties":{"name":"Outer Ring Road","highway":"trunk","policy":"HGV restrictions on select corridors (BTP)"},"geometry":{"type":"LineString","coordinates":[[77.69318,12.93746],[77.69438,12.9386],[77.69464,12.93887],[77.69488,12.93914]]}},{"type":"Feature","properties":{"name":"Outer Ring Road","highway":"trunk","policy":"HGV restrictions on select corridors (BTP)"},"geometry":{"type":"LineString","coordinates":[[77.64756,12.92416],[77.64776,12.92425],[77.64788,12.92429],[77.64811,12.92435],[77.64841,12.92441]]}},{"type":"Feature","properties":{"name":"Bhadrappa Layout Flyover","highway":"trunk","policy":"HGV restrictions on select corridors (BTP)"},"geometry":{"type":"LineString","coordinates":[[77.57865,13.04753],[77.57829,13.04758]]}},{"type":"Feature","properties":{"name":"Outer Ring Road","highway":"trunk","policy":"HGV restrictions on select corridors (BTP)"},"geometry":{"type":"LineString","coordinates":[[77.57349,13.04721],[77.57274,13.04719],[77.57261,13.04718],[77.57142,13.04711],[77.57097,13.04709],[77.57036,13.04705],[77.57012,13.04704],[77.56998,13.04702],[77.56996,13.04702],[77.56975,13.04699],[77.56969,13.04698],[77.56907,13.04689],[77.56869,13.04687],[77.56788,13.04681],[77.56711,13.04672],[77.56616,13.04662],[77.56602,13.0466],[77.5659,13.04658],[77.56577,13.04654],[77.56561,13.04647],[77.56543,13.0464],[77.56528,13.04633],[77.56507,13.04622],[77.56495,13.04614],[77.56266,13.04451]]}},{"type":"Feature","properties":{"name":"Kuvempu Underpass","highway":"trunk","policy":"HGV restrictions on select corridors (BTP)"},"geometry":{"type":"LineString","coordinates":[[77.56134,13.04369],[77.56124,13.04365],[77.5611,13.04362],[77.56098,13.0436]]}},{"type":"Feature","properties":{"name":"Kuvempu Underpass","highway":"trunk","policy":"HGV restrictions on select corridors (BTP)"},"geometry":{"type":"LineString","coordinates":[[77.55676,13.0438],[77.5555,13.044],[77.55527,13.04403],[77.5551,13.04405],[77.55497,13.04405],[77.55477,13.04404]]}},{"type":"Feature","properties":{"name":"Kuvempu Underpass","highway":"trunk","policy":"HGV restrictions on select corridors (BTP)"},"geometry":{"type":"LineString","coordinates":[[77.55721,13.04372],[77.55676,13.0438]]}},{"type":"Feature","properties":{"name":"Kuvempu Underpass","highway":"trunk","policy":"HGV restrictions on select corridors (BTP)"},"geometry":{"type":"LineString","coordinates":[[77.56239,13.04433],[77.56189,13.04396],[77.56174,13.04387],[77.5616,13.04379],[77.56147,13.04374],[77.56134,13.04369]]}},{"type":"Feature","properties":{"name":"Kuvempu Underpass","highway":"trunk","policy":"HGV restrictions on select corridors (BTP)"},"geometry":{"type":"LineString","coordinates":[[77.56098,13.0436],[77.56072,13.04359],[77.55868,13.04359],[77.55841,13.04359],[77.55825,13.04359],[77.55808,13.04361],[77.55721,13.04372]]}},{"type":"Feature","properties":{"name":"Kuvempu Underpass","highway":"trunk","policy":"HGV restrictions on select corridors (BTP)"},"geometry":{"type":"LineString","coordinates":[[77.55677,13.0439],[77.55722,13.04384]]}},{"type":"Feature","properties":{"name":"Kuvempu Underpass","highway":"trunk","policy":"HGV restrictions on select corridors (BTP)"},"geometry":{"type":"LineString","coordinates":[[77.56097,13.0437],[77.56107,13.04372],[77.5612,13.04375],[77.5613,13.04378]]}},{"type":"Feature","properties":{"name":"Kuvempu Underpass","highway":"trunk","policy":"HGV restrictions on select corridors (BTP)"},"geometry":{"type":"LineString","coordinates":[[77.55722,13.04384],[77.55806,13.04372],[77.55827,13.0437],[77.55846,13.04369],[77.56069,13.04368],[77.56085,13.04368],[77.56097,13.0437]]}},{"type":"Feature","properties":{"name":"Kuvempu Underpass","highway":"trunk","policy":"HGV restrictions on select corridors (BTP)"},"geometry":{"type":"LineString","coordinates":[[77.5613,13.04378],[77.56144,13.04383],[77.56169,13.04396],[77.56185,13.04406],[77.56234,13.04442]]}},{"type":"Feature","properties":{"name":"Kuvempu Underpass","highway":"trunk","policy":"HGV restrictions on select corridors (BTP)"},"geometry":{"type":"LineString","coordinates":[[77.55476,13.04415],[77.55496,13.04417],[77.55513,13.04417],[77.55535,13.04414],[77.55677,13.0439]]}},{"type":"Feature","properties":{"name":"Outer Ring Road","highway":"trunk","policy":"HGV restrictions on select corridors (BTP)"},"geometry":{"type":"LineString","coordinates":[[77.55464,13.04402],[77.55419,13.04391],[77.55409,13.04389],[77.55378,13.04381]]}},{"type":"Feature","properties":{"name":"Outer Ring Road","highway":"trunk","policy":"HGV restrictions on select corridors (BTP)"},"geometry":{"type":"LineString","coordinates":[[77.57905,13.04756],[77.57924,13.04749],[77.57944,13.0474],[77.57963,13.04729],[77.57979,13.04718],[77.5806,13.04658],[77.58072,13.04649],[77.58087,13.04637],[77.58123,13.04607],[77.58211,13.04531],[77.58228,13.04518],[77.58249,13.04504],[77.58274,13.04486],[77.58295,13.04473],[77.58436,13.04381],[77.58459,13.04366],[77.58459,13.04365],[77.58475,13.04356],[77.58491,13.04347],[77.58507,13.04338],[77.58524,13.04331],[77.58541,13.04325],[77.58559,13.0432],[77.58623,13.04305],[77.58766,13.04277],[77.58827,13.04268],[77.58844,13.04267],[77.5886,13.04268],[77.58876,13.04271]]}},{"type":"Feature","properties":{"name":"Outer Ring Road","highway":"trunk","policy":"HGV restrictions on select corridors (BTP)"},"geometry":{"type":"LineString","coordinates":[[77.56264,13.04461],[77.5634,13.04513],[77.56479,13.04615],[77.56497,13.04627],[77.56515,13.04639],[77.56533,13.04648],[77.56551,13.04655],[77.56573,13.04663],[77.56593,13.04669],[77.56614,13.04672],[77.56638,13.04675],[77.56784,13.0469],[77.56865,13.04697],[77.56878,13.04698],[77.56921,13.04701],[77.56937,13.04703],[77.56958,13.04706],[77.56998,13.04712],[77.57014,13.04713]]}},{"type":"Feature","properties":{"name":"Bhadrappa Layout Flyover","highway":"trunk","policy":"HGV restrictions on select corridors (BTP)"},"geometry":{"type":"LineString","coordinates":[[77.578,13.04769],[77.57821,13.04769],[77.57837,13.04769]]}},{"type":"Feature","properties":{"name":"Tumkur Road","highway":"trunk","policy":"HGV restrictions on select corridors (BTP)"},"geometry":{"type":"LineString","coordinates":[[77.53671,13.03081],[77.53708,13.0306],[77.53721,13.03053],[77.53724,13.03052]]}},{"type":"Feature","properties":{"name":"Goraguntepalya Flyover","highway":"motorway","policy":"HGV restrictions on select corridors (BTP)"},"geometry":{"type":"LineString","coordinates":[[77.49688,13.04885],[77.49663,13.04887]]}},{"type":"Feature","properties":{"name":"Goraguntepalya Flyover","highway":"motorway","policy":"HGV restrictions on select corridors (BTP)"},"geometry":{"type":"LineString","coordinates":[[77.53363,13.03243],[77.53273,13.03298],[77.53147,13.03374],[77.53071,13.03419],[77.53051,13.0343],[77.5303,13.03441],[77.53009,13.0345],[77.52986,13.03459],[77.52964,13.03467],[77.52938,13.03475],[77.52913,13.03481],[77.52734,13.03524],[77.52709,13.0353],[77.5269,13.03535],[77.52671,13.03542],[77.52654,13.03548],[77.52634,13.03556],[77.52614,13.03565],[77.52587,13.0358],[77.52445,13.03658],[77.5228,13.03749],[77.5217,13.03809],[77.51971,13.03917],[77.51888,13.03963],[77.51868,13.03975],[77.51854,13.03984],[77.5184,13.03994],[77.51828,13.04003],[77.51812,13.04016],[77.51745,13.04075],[77.51687,13.04129],[77.51669,13.04143],[77.51652,13.04155],[77.51637,13.04165],[77.51618,13.04176],[77.51598,13.04186],[77.51577,13.04195],[77.51554,13.04203],[77.51345,13.04273],[77.51177,13.0433],[77.51156,13.04338],[77.51133,13.04348],[77.51107,13.0436],[77.51055,13.04386],[77.50953,13.0444],[77.50886,13.04474],[77.50864,13.04484],[77.50835,13.04496],[77.50802,13.04508],[77.50768,13.04519],[77.50631,13.04557],[77.50527,13.04586],[77.50503,13.04594],[77.50475,13.04603],[77.50445,13.04613],[77.50237,13.04687],[77.4995,13.0479],[77.49688,13.04885]]}},{"type":"Feature","properties":{"name":"Goraguntepalya Flyover","highway":"motorway","policy":"HGV restrictions on select corridors (BTP)"},"geometry":{"type":"LineString","coordinates":[[77.49696,13.0489],[77.49708,13.04885]]}},{"type":"Feature","properties":{"name":"Goraguntepalya Flyover","highway":"motorway","policy":"HGV restrictions on select corridors (BTP)"},"geometry":{"type":"LineString","coordinates":[[77.49708,13.04885],[77.50014,13.04775],[77.50376,13.04646],[77.50439,13.04623],[77.50471,13.04612],[77.50503,13.04601],[77.50533,13.04592],[77.5058,13.04579],[77.50683,13.0455],[77.50771,13.04525],[77.50797,13.04517],[77.50827,13.04507],[77.50852,13.04497],[77.50873,13.04488],[77.50896,13.04478],[77.50926,13.04462],[77.50957,13.04446],[77.51065,13.04389],[77.5111,13.04367],[77.51137,13.04354],[77.51161,13.04343],[77.5119,13.04333],[77.51406,13.04261],[77.51573,13.04205],[77.51597,13.04195],[77.51615,13.04186],[77.51632,13.04177],[77.51648,13.04167],[77.51664,13.04156],[77.51683,13.04142],[77.51714,13.04115],[77.51778,13.04055],[77.51809,13.04028],[77.51828,13.04012],[77.51842,13.04002],[77.51857,13.03991],[77.51872,13.03982],[77.51894,13.03969],[77.52019,13.039],[77.52119,13.03845],[77.52339,13.03725],[77.52581,13.03591],[77.52615,13.03573],[77.52636,13.03563],[77.52659,13.03554],[77.52685,13.03545],[77.5272,13.03535],[77.52798,13.03517],[77.52919,13.03487],[77.52966,13.03474],[77.5299,13.03466],[77.5301,13.03458],[77.53027,13.03451],[77.53045,13.03442],[77.53063,13.03432],[77.53081,13.03422],[77.5318,13.03362],[77.53367,13.0325]]}},{"type":"Feature","properties":{"name":"Outer Ring Road","highway":"trunk","policy":"HGV restrictions on select corridors (BTP)"},"geometry":{"type":"LineString","coordinates":[[77.63132,13.02931],[77.63124,13.02949],[77.6311,13.02982],[77.63061,13.03082],[77.63008,13.03189],[77.62938,13.03331],[77.62859,13.03485],[77.62838,13.03525],[77.62812,13.03573],[77.62761,13.03664],[77.62751,13.03677],[77.62739,13.03691],[77.62722,13.03707],[77.62706,13.03721],[77.62687,13.03735],[77.6264,13.03765],[77.6263,13.03771]]}},{"type":"Feature","properties":{"name":"Outer Ring Road Underpass","highway":"trunk","policy":"HGV restrictions on select corridors (BTP)"},"geometry":{"type":"LineString","coordinates":[[77.63553,13.02665],[77.63526,13.02672],[77.63468,13.0269],[77.63398,13.02715],[77.63335,13.02742],[77.63318,13.02749]]}},{"type":"Feature","properties":{"name":"Outer Ring Road","highway":"trunk","policy":"HGV restrictions on select corridors (BTP)"},"geometry":{"type":"LineString","coordinates":[[77.66198,13.01593],[77.66193,13.01609],[77.66186,13.01623],[77.6618,13.01631],[77.6617,13.0164],[77.66155,13.01648],[77.66095,13.01673],[77.66034,13.01698],[77.66029,13.017],[77.65978,13.01721],[77.65891,13.01756],[77.65845,13.01775]]}},{"type":"Feature","properties":{"name":"Outer Ring Road","highway":"trunk","policy":"HGV restrictions on select corridors (BTP)"},"geometry":{"type":"LineString","coordinates":[[77.65845,13.01775],[77.65759,13.01813],[77.65576,13.01892]]}},{"type":"Feature","properties":{"name":"Outer Ring Road","highway":"trunk","policy":"HGV restrictions on select corridors (BTP)"},"geometry":{"type":"LineString","coordinates":[[77.65331,13.01987],[77.65324,13.0199],[77.65302,13.01999],[77.65138,13.02071],[77.64819,13.0221],[77.64803,13.02216],[77.64796,13.02219],[77.64759,13.02236],[77.64742,13.02243],[77.64683,13.02269],[77.64606,13.02302]]}},{"type":"Feature","properties":{"name":"Outer Ring Road Underpass","highway":"trunk","policy":"HGV restrictions on select corridors (BTP)"},"geometry":{"type":"LineString","coordinates":[[77.66221,13.01299],[77.66218,13.01351]]}},{"type":"Feature","properties":{"name":"Marathahalli Underpass","highway":"trunk","policy":"HGV restrictions on select corridors (BTP)"},"geometry":{"type":"LineString","coordinates":[[77.70104,12.95677],[77.70111,12.95714]]}},{"type":"Feature","properties":{"name":"Marathahalli Underpass","highway":"trunk","policy":"HGV restrictions on select corridors (BTP)"},"geometry":{"type":"LineString","coordinates":[[77.70111,12.95714],[77.70112,12.9573],[77.70114,12.95753],[77.70116,12.95782],[77.70117,12.95814],[77.70115,12.95867],[77.70116,12.95892],[77.70122,12.95962]]}},{"type":"Feature","properties":{"name":"Outer Ring Road Underpass","highway":"trunk","policy":"HGV restrictions on select corridors (BTP)"},"geometry":{"type":"LineString","coordinates":[[77.66218,13.01351],[77.66209,13.015]]}},{"type":"Feature","properties":{"name":"Outer Ring Road","highway":"trunk","policy":"HGV restrictions on select corridors (BTP)"},"geometry":{"type":"LineString","coordinates":[[77.65411,12.92386],[77.65439,12.92379]]}},{"type":"Feature","properties":{"name":"Outer Ring Road","highway":"trunk","policy":"HGV restrictions on select corridors (BTP)"},"geometry":{"type":"LineString","coordinates":[[77.65309,12.92407],[77.65411,12.92386]]}},{"type":"Feature","properties":{"name":"Outer Ring Road","highway":"trunk","policy":"HGV restrictions on select corridors (BTP)"},"geometry":{"type":"LineString","coordinates":[[77.63237,12.91658],[77.63321,12.9165],[77.63424,12.9164],[77.63475,12.91636],[77.63493,12.91634],[77.63507,12.91634],[77.63555,12.91632]]}},{"type":"Feature","properties":{"name":"Srinagar - Kanyakumari Highway","highway":"trunk","policy":"HGV restrictions on select corridors (BTP)"},"geometry":{"type":"LineString","coordinates":[[77.6242,12.9146],[77.62401,12.91464]]}},{"type":"Feature","properties":{"name":"Outer Ring Road","highway":"trunk","policy":"HGV restrictions on select corridors (BTP)"},"geometry":{"type":"LineString","coordinates":[[77.62283,12.91737],[77.62293,12.9174]]}},{"type":"Feature","properties":{"name":"Outer Ring Road Underpass","highway":"trunk","policy":"HGV restrictions on select corridors (BTP)"},"geometry":{"type":"LineString","coordinates":[[77.6323,13.02808],[77.63244,13.02802],[77.63298,13.02779]]}},{"type":"Feature","properties":{"name":"Outer Ring Road Underpass","highway":"trunk","policy":"HGV restrictions on select corridors (BTP)"},"geometry":{"type":"LineString","coordinates":[[77.63147,13.02934],[77.63189,13.02847],[77.63198,13.02833],[77.63207,13.02822],[77.63219,13.02813],[77.6323,13.02808]]}},{"type":"Feature","properties":{"name":"Outer Ring Road Underpass","highway":"trunk","policy":"HGV restrictions on select corridors (BTP)"},"geometry":{"type":"LineString","coordinates":[[77.63298,13.02779],[77.63406,13.02734],[77.63477,13.02708],[77.63559,13.02683]]}},{"type":"Feature","properties":{"name":"Outer Ring Road Underpass","highway":"trunk","policy":"HGV restrictions on select corridors (BTP)"},"geometry":{"type":"LineString","coordinates":[[77.66222,13.01492],[77.66229,13.01351]]}},{"type":"Feature","properties":{"name":"Outer Ring Road","highway":"trunk","policy":"HGV restrictions on select corridors (BTP)"},"geometry":{"type":"LineString","coordinates":[[77.65452,13.01955],[77.65544,13.0192]]}},{"type":"Feature","properties":{"name":"Benniganahalli Flyover","highway":"trunk","policy":"HGV restrictions on select corridors (BTP)"},"geometry":{"type":"LineString","coordinates":[[77.66351,13.00038],[77.66362,12.99891],[77.66364,12.99863],[77.66366,12.9985],[77.66369,12.99835],[77.66374,12.99823],[77.66382,12.99809],[77.6642,12.99745],[77.66468,12.99658]]}},{"type":"Feature","properties":{"name":"Outer Ring Road","highway":"trunk","policy":"HGV restrictions on select corridors (BTP)"},"geometry":{"type":"LineString","coordinates":[[77.66249,13.01052],[77.66263,13.00856],[77.66265,13.0082],[77.6627,13.00787],[77.66318,13.00508],[77.66322,13.00476],[77.66325,13.00443],[77.66327,13.00413],[77.66336,13.0027],[77.66341,13.00186],[77.66343,13.00157]]}},{"type":"Feature","properties":{"name":"Outer Ring Road Underpass","highway":"trunk","policy":"HGV restrictions on select corridors (BTP)"},"geometry":{"type":"LineString","coordinates":[[77.66229,13.01351],[77.66232,13.013]]}},{"type":"Feature","properties":{"name":"Outer Ring Road","highway":"trunk","policy":"HGV restrictions on select corridors (BTP)"},"geometry":{"type":"LineString","coordinates":[[77.64235,13.02486],[77.64489,13.02375]]}},{"type":"Feature","properties":{"name":"Outer Ring Road","highway":"trunk","policy":"HGV restrictions on select corridors (BTP)"},"geometry":{"type":"LineString","coordinates":[[77.64614,13.02319],[77.64692,13.02284],[77.64724,13.0227],[77.64734,13.02266],[77.64751,13.02259],[77.64802,13.02235],[77.64844,13.02217],[77.6527,13.02032]]}},{"type":"Feature","properties":{"name":"Outer Ring Road","highway":"trunk","policy":"HGV restrictions on select corridors (BTP)"},"geometry":{"type":"LineString","coordinates":[[77.63712,13.02645],[77.63719,13.02644],[77.63735,13.02641],[77.63967,13.02598],[77.63986,13.02593],[77.64004,13.02586],[77.64079,13.02553],[77.64087,13.02549],[77.6412,13.02536]]}},{"type":"Feature","properties":{"name":"Outer Ring Road","highway":"trunk","policy":"HGV restrictions on select corridors (BTP)"},"geometry":{"type":"LineString","coordinates":[[77.65544,13.0192],[77.65581,13.01903]]}},{"type":"Feature","properties":{"name":"Outer Ring Road","highway":"trunk","policy":"HGV restrictions on select corridors (BTP)"},"geometry":{"type":"LineString","coordinates":[[77.66756,12.99623],[77.66853,12.99664],[77.66868,12.99671],[77.66898,12.99684],[77.66923,12.99694],[77.66939,12.99701]]}},{"type":"Feature","properties":{"name":"Outer Ring Road","highway":"trunk","policy":"HGV restrictions on select corridors (BTP)"},"geometry":{"type":"LineString","coordinates":[[77.65581,13.01903],[77.65767,13.01821],[77.65848,13.01786]]}},{"type":"Feature","properties":{"name":"Outer Ring Road","highway":"trunk","policy":"HGV restrictions on select corridors (BTP)"},"geometry":{"type":"LineString","coordinates":[[77.65848,13.01786],[77.65892,13.01768],[77.65902,13.01763],[77.65903,13.01763],[77.66072,13.01692],[77.66119,13.01674]]}},{"type":"Feature","properties":{"name":"Outer Ring Road Underpass","highway":"trunk","policy":"HGV restrictions on select corridors (BTP)"},"geometry":{"type":"LineString","coordinates":[[77.66232,13.013],[77.66244,13.01137]]}},{"type":"Feature","properties":{"name":"Benniganahalli Flyover","highway":"trunk","policy":"HGV restrictions on select corridors (BTP)"},"geometry":{"type":"LineString","coordinates":[[77.66695,12.99577],[77.66618,12.99548],[77.66603,12.99544],[77.66592,12.99543],[77.66579,12.99542],[77.66567,12.99543],[77.66553,12.99547],[77.66541,12.99551],[77.66528,12.99558],[77.66518,12.99566],[77.66509,12.99577],[77.66496,12.99592],[77.66483,12.99613],[77.66471,12.99633],[77.66455,12.99662],[77.66441,12.99683],[77.66364,12.9982],[77.66359,12.99831],[77.66356,12.99844],[77.66354,12.99859],[77.66352,12.99893],[77.6634,13.00038]]}},{"type":"Feature","properties":{"name":"Outer Ring Road","highway":"trunk","policy":"HGV restrictions on select corridors (BTP)"},"geometry":{"type":"LineString","coordinates":[[77.68007,13.00046],[77.68064,13.00046],[77.68076,13.00045],[77.68086,13.00044],[77.68095,13.00041],[77.68104,13.00038],[77.68114,13.00034],[77.68125,13.00027],[77.68133,13.00021],[77.68141,13.00014],[77.68153,12.99998]]}},{"type":"Feature","properties":{"name":"Outer Ring Road","highway":"trunk","policy":"HGV restrictions on select corridors (BTP)"},"geometry":{"type":"LineString","coordinates":[[77.68385,12.99622],[77.68419,12.99576],[77.68515,12.99443],[77.68542,12.99407],[77.68575,12.99363],[77.68603,12.99326],[77.68625,12.99295],[77.68649,12.99265]]}},{"type":"Feature","properties":{"name":"Outer Ring Road","highway":"trunk","policy":"HGV restrictions on select corridors (BTP)"},"geometry":{"type":"LineString","coordinates":[[77.67963,13.00043],[77.6798,13.00045],[77.68007,13.00046]]}},{"type":"Feature","properties":{"name":"Marathahalli Underpass","highway":"trunk","policy":"HGV restrictions on select corridors (BTP)"},"geometry":{"type":"LineString","coordinates":[[77.70117,12.95676],[77.70107,12.95634],[77.70099,12.95606],[77.70091,12.95585],[77.70086,12.95566],[77.70082,12.95552],[77.70078,12.95537],[77.70073,12.95519],[77.70049,12.95425]]}},{"type":"Feature","properties":{"name":"Marathahalli Underpass","highway":"trunk","policy":"HGV restrictions on select corridors (BTP)"},"geometry":{"type":"LineString","coordinates":[[77.70138,12.95959],[77.7013,12.95893],[77.70128,12.95869],[77.70129,12.95801],[77.70129,12.95782],[77.70128,12.95758],[77.70125,12.95733],[77.70123,12.95712]]}},{"type":"Feature","properties":{"name":"Marathahalli Underpass","highway":"trunk","policy":"HGV restrictions on select corridors (BTP)"},"geometry":{"type":"LineString","coordinates":[[77.70123,12.95712],[77.70117,12.95676]]}},{"type":"Feature","properties":{"name":"Outer Ring Road","highway":"trunk","policy":"HGV restrictions on select corridors (BTP)"},"geometry":{"type":"LineString","coordinates":[[77.66367,12.92092],[77.66298,12.92111]]}},{"type":"Feature","properties":{"name":"Outer Ring Road","highway":"trunk","policy":"HGV restrictions on select corridors (BTP)"},"geometry":{"type":"LineString","coordinates":[[77.66659,12.92122],[77.66569,12.9208],[77.66546,12.92071],[77.66528,12.92066],[77.66514,12.92064],[77.66498,12.92063],[77.66477,12.92064],[77.66455,12.92068],[77.66367,12.92092]]}},{"type":"Feature","properties":{"name":"Outer Ring Road","highway":"trunk","policy":"HGV restrictions on select corridors (BTP)"},"geometry":{"type":"LineString","coordinates":[[77.68212,12.92854],[77.68191,12.92844],[77.68181,12.9284],[77.6817,12.92835],[77.68145,12.92823],[77.68059,12.92781],[77.6802,12.92763],[77.67961,12.92734]]}},{"type":"Feature","properties":{"name":"Outer Ring Road","highway":"trunk","policy":"HGV restrictions on select corridors (BTP)"},"geometry":{"type":"LineString","coordinates":[[77.69518,12.93921],[77.69496,12.93894],[77.69472,12.93865],[77.69432,12.93827],[77.69379,12.93777],[77.69366,12.93765],[77.69339,12.93741]]}},{"type":"Feature","properties":{"name":"Outer Ring Road","highway":"trunk","policy":"HGV restrictions on select corridors (BTP)"},"geometry":{"type":"LineString","coordinates":[[77.6844,12.92962],[77.68353,12.9292],[77.68309,12.92899],[77.68242,12.92868],[77.68224,12.9286],[77.68212,12.92854]]}},{"type":"Feature","properties":{"name":"Outer Ring Road","highway":"trunk","policy":"HGV restrictions on select corridors (BTP)"},"geometry":{"type":"LineString","coordinates":[[77.69639,12.94118],[77.69623,12.94089],[77.696,12.94049],[77.69554,12.93975]]}},{"type":"Feature","properties":{"name":"Outer Ring Road","highway":"trunk","policy":"HGV restrictions on select corridors (BTP)"},"geometry":{"type":"LineString","coordinates":[[77.67437,12.92478],[77.67418,12.9247],[77.67403,12.92463],[77.67389,12.92458],[77.67377,12.92453],[77.67351,12.92442],[77.67274,12.92408],[77.67267,12.92405],[77.67175,12.92365],[77.67048,12.92306],[77.66987,12.92279],[77.66868,12.92222],[77.66803,12.9219]]}},{"type":"Feature","properties":{"name":"Outer Ring Road","highway":"trunk","policy":"HGV restrictions on select corridors (BTP)"},"geometry":{"type":"LineString","coordinates":[[77.67876,12.92692],[77.67714,12.92615],[77.67625,12.92573],[77.67535,12.92528]]}},{"type":"Feature","properties":{"name":"Outer Ring Road","highway":"trunk","policy":"HGV restrictions on select corridors (BTP)"},"geometry":{"type":"LineString","coordinates":[[77.69554,12.93975],[77.69518,12.93921]]}},{"type":"Feature","properties":{"name":"Outer Ring Road","highway":"trunk","policy":"HGV restrictions on select corridors (BTP)"},"geometry":{"type":"LineString","coordinates":[[77.66788,12.92183],[77.66659,12.92122]]}},{"type":"Feature","properties":{"name":"Outer Ring Road","highway":"trunk","policy":"HGV restrictions on select corridors (BTP)"},"geometry":{"type":"LineString","coordinates":[[77.69339,12.93741],[77.69274,12.93686],[77.69259,12.93673],[77.69225,12.93642],[77.69191,12.93609],[77.69175,12.93594],[77.6912,12.93543],[77.69107,12.93531],[77.69048,12.93478],[77.69046,12.93476],[77.69005,12.93439],[77.68977,12.93412],[77.68861,12.93306],[77.68843,12.9329],[77.68774,12.93227],[77.68745,12.932],[77.68734,12.9319],[77.68722,12.93179]]}},{"type":"Feature","properties":{"name":"Outer Ring Road","highway":"trunk","policy":"HGV restrictions on select corridors (BTP)"},"geometry":{"type":"LineString","coordinates":[[77.65305,12.9239],[77.65194,12.92413],[77.65078,12.92434],[77.65051,12.92437],[77.65019,12.92437],[77.64987,12.92436],[77.64873,12.92428],[77.64844,12.92424]]}},{"type":"Feature","properties":{"name":"Outer Ring Road","highway":"trunk","policy":"HGV restrictions on select corridors (BTP)"},"geometry":{"type":"LineString","coordinates":[[77.63229,12.91649],[77.63176,12.91654],[77.63094,12.91661],[77.62994,12.91666],[77.62932,12.91669],[77.62922,12.91669],[77.62879,12.91673],[77.62859,12.91675],[77.62838,12.9168],[77.626,12.91753],[77.62576,12.91758],[77.62556,12.91761],[77.62534,12.91762],[77.62513,12.91762],[77.62493,12.91762],[77.62471,12.91761],[77.62445,12.91756],[77.62442,12.91755],[77.62427,12.91753],[77.6239,12.91748],[77.6238,12.91746],[77.62356,12.9174],[77.62331,12.91735]]}},{"type":"Feature","properties":{"name":"Outer Ring Road","highway":"trunk","policy":"HGV restrictions on select corridors (BTP)"},"geometry":{"type":"LineString","coordinates":[[77.63711,12.91595],[77.63554,12.91613]]}},{"type":"Feature","properties":{"name":"Outer Ring Road","highway":"trunk","policy":"HGV restrictions on select corridors (BTP)"},"geometry":{"type":"LineString","coordinates":[[77.6475,12.92395],[77.64744,12.92393],[77.64729,12.92387],[77.64707,12.92377]]}},{"type":"Feature","properties":{"name":"Outer Ring Road","highway":"trunk","policy":"HGV restrictions on select corridors (BTP)"},"geometry":{"type":"LineString","coordinates":[[77.64844,12.92424],[77.64809,12.92417],[77.64789,12.9241],[77.6475,12.92395]]}},{"type":"Feature","properties":{"name":"Outer Ring Road","highway":"trunk","policy":"HGV restrictions on select corridors (BTP)"},"geometry":{"type":"LineString","coordinates":[[77.63932,12.91614],[77.63897,12.91601],[77.6388,12.91596],[77.63862,12.91591],[77.63832,12.91586],[77.63802,12.91585],[77.63784,12.91586],[77.63766,12.91588],[77.63711,12.91595]]}},{"type":"Feature","properties":{"name":"Outer Ring Road","highway":"trunk","policy":"HGV restrictions on select corridors (BTP)"},"geometry":{"type":"LineString","coordinates":[[77.64054,12.91687],[77.64025,12.91664],[77.64005,12.91649],[77.63973,12.9163],[77.63952,12.91622],[77.63932,12.91614]]}},{"type":"Feature","properties":{"name":"Bangalore - Nelamangala Expressway","highway":"motorway","policy":"HGV restrictions on select corridors (BTP)"},"geometry":{"type":"LineString","coordinates":[[77.46685,13.05858],[77.46628,13.05873]]}},{"type":"Feature","properties":{"name":"Bangalore - Nelamangala Expressway","highway":"motorway","policy":"HGV restrictions on select corridors (BTP)"},"geometry":{"type":"LineString","coordinates":[[77.45067,13.06721],[77.44797,13.06869]]}},{"type":"Feature","properties":{"name":"Bangalore - Nelamangala Expressway","highway":"motorway","policy":"HGV restrictions on select corridors (BTP)"},"geometry":{"type":"LineString","coordinates":[[77.46367,13.05959],[77.46313,13.05989],[77.46125,13.06101],[77.45759,13.06321],[77.45678,13.06368],[77.45593,13.06416]]}},{"type":"Feature","properties":{"name":"Bangalore - Nelamangala Expressway","highway":"motorway","policy":"HGV restrictions on select corridors (BTP)"},"geometry":{"type":"LineString","coordinates":[[77.46933,13.05793],[77.46685,13.05858]]}},{"type":"Feature","properties":{"name":"Bangalore - Nelamangala Expressway","highway":"motorway","policy":"HGV restrictions on select corridors (BTP)"},"geometry":{"type":"LineString","coordinates":[[77.46628,13.05873],[77.46505,13.05906],[77.46482,13.05913],[77.46458,13.0592],[77.46436,13.05928],[77.46413,13.05937],[77.46393,13.05946],[77.46367,13.05959]]}},{"type":"Feature","properties":{"name":"Bangalore - Nelamangala Expressway","highway":"motorway","policy":"HGV restrictions on select corridors (BTP)"},"geometry":{"type":"LineString","coordinates":[[77.45553,13.06439],[77.45355,13.06558],[77.45212,13.06641],[77.45067,13.06721]]}},{"type":"Feature","properties":{"name":"Bangalore - Nelamangala Expressway","highway":"motorway","policy":"HGV restrictions on select corridors (BTP)"},"geometry":{"type":"LineString","coordinates":[[77.45593,13.06416],[77.45553,13.06439]]}},{"type":"Feature","properties":{"name":"Bangalore - Nelamangala Expressway","highway":"motorway","policy":"HGV restrictions on select corridors (BTP)"},"geometry":{"type":"LineString","coordinates":[[77.48238,13.05404],[77.48172,13.05427],[77.48073,13.05462],[77.47926,13.05513],[77.47862,13.05533],[77.47756,13.05563],[77.47376,13.0567]]}},{"type":"Feature","properties":{"name":"Bangalore - Nelamangala Expressway","highway":"motorway","policy":"HGV restrictions on select corridors (BTP)"},"geometry":{"type":"LineString","coordinates":[[77.48516,13.05299],[77.48311,13.05375],[77.48238,13.05404]]}},{"type":"Feature","properties":{"name":"Bangalore - Nelamangala Expressway","highway":"motorway","policy":"HGV restrictions on select corridors (BTP)"},"geometry":{"type":"LineString","coordinates":[[77.48579,13.05277],[77.48516,13.05299]]}},{"type":"Feature","properties":{"name":"Bangalore - Nelamangala Expressway","highway":"motorway","policy":"HGV restrictions on select corridors (BTP)"},"geometry":{"type":"LineString","coordinates":[[77.44803,13.0688],[77.45073,13.06733]]}},{"type":"Feature","properties":{"name":"Bangalore - Nelamangala Expressway","highway":"motorway","policy":"HGV restrictions on select corridors (BTP)"},"geometry":{"type":"LineString","coordinates":[[77.45073,13.06733],[77.4517,13.0668],[77.45291,13.06612],[77.45411,13.06542],[77.45561,13.06453]]}},{"type":"Feature","properties":{"name":"Bangalore - Nelamangala Expressway","highway":"motorway","policy":"HGV restrictions on select corridors (BTP)"},"geometry":{"type":"LineString","coordinates":[[77.45561,13.06453],[77.45601,13.06429]]}},{"type":"Feature","properties":{"name":"Bangalore - Nelamangala Expressway","highway":"motorway","policy":"HGV restrictions on select corridors (BTP)"},"geometry":{"type":"LineString","coordinates":[[77.46375,13.05971],[77.46391,13.05961],[77.46406,13.05954],[77.46432,13.05944],[77.46462,13.05933],[77.46495,13.05923],[77.46536,13.05913],[77.46632,13.05887]]}},{"type":"Feature","properties":{"name":"Bangalore - Nelamangala Expressway","highway":"motorway","policy":"HGV restrictions on select corridors (BTP)"},"geometry":{"type":"LineString","coordinates":[[77.46632,13.05887],[77.46689,13.05871]]}},{"type":"Feature","properties":{"name":"Bangalore - Nelamangala Expressway","highway":"motorway","policy":"HGV restrictions on select corridors (BTP)"},"geometry":{"type":"LineString","coordinates":[[77.45601,13.06429],[77.4567,13.06389],[77.45761,13.06336],[77.45911,13.06246],[77.46329,13.05996],[77.46375,13.05971]]}},{"type":"Feature","properties":{"name":"Bangalore - Nelamangala Expressway","highway":"motorway","policy":"HGV restrictions on select corridors (BTP)"},"geometry":{"type":"LineString","coordinates":[[77.48586,13.05291],[77.48858,13.05192]]}},{"type":"Feature","properties":{"name":"Bangalore - Nelamangala Expressway","highway":"motorway","policy":"HGV restrictions on select corridors (BTP)"},"geometry":{"type":"LineString","coordinates":[[77.4853,13.05311],[77.48586,13.05291]]}},{"type":"Feature","properties":{"name":"Bangalore - Nelamangala Expressway","highway":"motorway","policy":"HGV restrictions on select corridors (BTP)"},"geometry":{"type":"LineString","coordinates":[[77.4738,13.05681],[77.4783,13.05558],[77.47889,13.05539],[77.47941,13.05522],[77.48115,13.05462],[77.48247,13.05415]]}},{"type":"Feature","properties":{"name":"Bangalore - Nelamangala Expressway","highway":"motorway","policy":"HGV restrictions on select corridors (BTP)"},"geometry":{"type":"LineString","coordinates":[[77.48852,13.05179],[77.48579,13.05277]]}},{"type":"Feature","properties":{"name":"Bangalore - Nelamangala Expressway","highway":"motorway","policy":"HGV restrictions on select corridors (BTP)"},"geometry":{"type":"LineString","coordinates":[[77.48247,13.05415],[77.48344,13.05379],[77.4853,13.05311]]}},{"type":"Feature","properties":{"name":"Tumkur Road","highway":"trunk","policy":"HGV restrictions on select corridors (BTP)"},"geometry":{"type":"LineString","coordinates":[[77.5136,13.04283],[77.51468,13.04246],[77.51557,13.04217],[77.51591,13.04204],[77.51619,13.0419],[77.51647,13.04174],[77.51673,13.04156],[77.5175,13.04087],[77.51781,13.04058],[77.51811,13.04032],[77.51842,13.04007]]}},{"type":"Feature","properties":{"name":"Tumkur Road","highway":"trunk","policy":"HGV restrictions on select corridors (BTP)"},"geometry":{"type":"LineString","coordinates":[[77.51836,13.03989],[77.51828,13.03994]]}},{"type":"Feature","properties":{"name":"Tumkur Road","highway":"trunk","policy":"HGV restrictions on select corridors (BTP)"},"geometry":{"type":"LineString","coordinates":[[77.53725,13.03034],[77.53717,13.03039]]}},{"type":"Feature","properties":{"name":"Tumkur Road","highway":"trunk","policy":"HGV restrictions on select corridors (BTP)"},"geometry":{"type":"LineString","coordinates":[[77.53724,13.03052],[77.53733,13.03047]]}},{"type":"Feature","properties":{"name":"Outer Ring Road","highway":"trunk","policy":"HGV restrictions on select corridors (BTP)"},"geometry":{"type":"LineString","coordinates":[[77.53849,13.02987],[77.53894,13.02967],[77.5397,13.02927],[77.53991,13.02914],[77.53997,13.02912],[77.54001,13.02912],[77.54005,13.02913],[77.54008,13.02917],[77.5401,13.02924],[77.54017,13.02959],[77.54034,13.03047],[77.5404,13.03075],[77.54067,13.03229],[77.5407,13.03251],[77.54073,13.03264],[77.54104,13.03418],[77.54124,13.03509],[77.54131,13.03541],[77.54132,13.03547],[77.54154,13.03649],[77.5416,13.03681],[77.54175,13.03756]]}},{"type":"Feature","properties":{"name":"Tumkur Road","highway":"trunk","policy":"HGV restrictions on select corridors (BTP)"},"geometry":{"type":"LineString","coordinates":[[77.53849,13.02987],[77.53892,13.02961],[77.53987,13.02907],[77.53993,13.02904],[77.54008,13.02896]]}},{"type":"Feature","properties":{"name":"Outer Ring Road","highway":"trunk","policy":"HGV restrictions on select corridors (BTP)"},"geometry":{"type":"LineString","coordinates":[[77.59179,12.90627],[77.5914,12.90627],[77.59119,12.90627],[77.59111,12.90628],[77.59032,12.90628],[77.59019,12.90628],[77.59007,12.90628],[77.58828,12.90629],[77.58762,12.90629]]}},{"type":"Feature","properties":{"name":"Hosur Road","highway":"trunk","policy":"HGV restrictions on select corridors (BTP)"},"geometry":{"type":"LineString","coordinates":[[77.66056,12.86092],[77.66136,12.85992],[77.66209,12.859],[77.66229,12.85876],[77.66232,12.85872],[77.66234,12.8587],[77.66241,12.8586],[77.66261,12.85835],[77.66347,12.85728],[77.66385,12.8568],[77.66404,12.85656],[77.66432,12.8562],[77.66437,12.85615]]}},{"type":"Feature","properties":{"name":"Tumkur Road","highway":"trunk","policy":"HGV restrictions on select corridors (BTP)"},"geometry":{"type":"LineString","coordinates":[[77.53733,13.03047],[77.53759,13.03036],[77.53772,13.0303],[77.53849,13.02987]]}},{"type":"Feature","properties":{"name":"Outer Ring Road","highway":"trunk","policy":"HGV restrictions on select corridors (BTP)"},"geometry":{"type":"LineString","coordinates":[[77.60052,12.90734],[77.6006,12.90737]]}},{"type":"Feature","properties":{"name":"Hebbal Flyover","highway":"trunk","policy":"HGV restrictions on select corridors (BTP)"},"geometry":{"type":"LineString","coordinates":[[77.59128,13.04602],[77.59132,13.04625],[77.59134,13.04637],[77.59137,13.04655]]}},{"type":"Feature","properties":{"name":"Benniganahalli Flyover","highway":"trunk","policy":"HGV restrictions on select corridors (BTP)"},"geometry":{"type":"LineString","coordinates":[[77.66775,12.9961],[77.66695,12.99577]]}},{"type":"Feature","properties":{"name":"Mekhri Circle Underpass","highway":"trunk","policy":"HGV restrictions on select corridors (BTP)"},"geometry":{"type":"LineString","coordinates":[[77.584,13.01425],[77.58397,13.01301],[77.5839,13.01077]]}},{"type":"Feature","properties":{"name":"Mekhri Circle Underpass","highway":"trunk","policy":"HGV restrictions on select corridors (BTP)"},"geometry":{"type":"LineString","coordinates":[[77.58379,13.01075],[77.58387,13.01304],[77.5839,13.01425]]}},{"type":"Feature","properties":{"name":"CNR Rao Underpass","highway":"trunk","policy":"HGV restrictions on select corridors (BTP)"},"geometry":{"type":"LineString","coordinates":[[77.56748,13.013],[77.567,13.01326]]}},{"type":"Feature","properties":{"name":"CNR Rao Underpass","highway":"trunk","policy":"HGV restrictions on select corridors (BTP)"},"geometry":{"type":"LineString","coordinates":[[77.56704,13.01333],[77.56752,13.01306]]}},{"type":"Feature","properties":{"name":"CV Raman Road","highway":"trunk","policy":"HGV restrictions on select corridors (BTP)"},"geometry":{"type":"LineString","coordinates":[[77.56059,13.01713],[77.56158,13.01658],[77.56252,13.01606],[77.56405,13.01516]]}},{"type":"Feature","properties":{"name":"Tumkur Road","highway":"trunk","policy":"HGV restrictions on select corridors (BTP)"},"geometry":{"type":"LineString","coordinates":[[77.55454,13.01551],[77.55458,13.01549],[77.55474,13.01549],[77.55495,13.0155],[77.55506,13.01552],[77.55514,13.01553],[77.5553,13.01559],[77.55547,13.01566],[77.55567,13.01578]]}},{"type":"Feature","properties":{"name":"Tumkur Road","highway":"trunk","policy":"HGV restrictions on select corridors (BTP)"},"geometry":{"type":"LineString","coordinates":[[77.55652,13.01655],[77.55647,13.01645],[77.55636,13.01629],[77.55623,13.01613],[77.55613,13.01602],[77.55599,13.01589]]}},{"type":"Feature","properties":{"name":"Tumkur Road","highway":"trunk","policy":"HGV restrictions on select corridors (BTP)"},"geometry":{"type":"LineString","coordinates":[[77.55401,13.01585],[77.5542,13.01567]]}},{"type":"Feature","properties":{"name":"Tumkur Road","highway":"trunk","policy":"HGV restrictions on select corridors (BTP)"},"geometry":{"type":"LineString","coordinates":[[77.55416,13.0156],[77.55405,13.01568],[77.55394,13.0158]]}},{"type":"Feature","properties":{"name":"BGS Flyover","highway":"trunk","policy":"HGV restrictions on select corridors (BTP)"},"geometry":{"type":"LineString","coordinates":[[77.57463,12.9646],[77.57243,12.96441],[77.5721,12.96439],[77.57167,12.96435],[77.57127,12.96431],[77.57089,12.96427],[77.5704,12.96423],[77.57028,12.96422],[77.57015,12.96421],[77.56997,12.96418],[77.5698,12.96415],[77.5695,12.96405],[77.56878,12.9638],[77.56828,12.96362],[77.56764,12.96335],[77.56747,12.96326],[77.56705,12.9631],[77.56667,12.96296],[77.56597,12.96275],[77.56486,12.96242],[77.56481,12.96241],[77.5644,12.96227],[77.56419,12.9622],[77.56355,12.96199],[77.56325,12.96189],[77.56259,12.9617],[77.56243,12.96166],[77.56193,12.96164],[77.56086,12.96159],[77.56052,12.96155],[77.56008,12.96144],[77.55936,12.96126],[77.55861,12.96111],[77.55842,12.96106],[77.55802,12.96095],[77.55759,12.96072]]}},{"type":"Feature","properties":{"name":"BGS Flyover","highway":"trunk","policy":"HGV restrictions on select corridors (BTP)"},"geometry":{"type":"LineString","coordinates":[[77.56738,12.96328],[77.56758,12.96336],[77.56805,12.96356],[77.56846,12.96374],[77.56876,12.96386],[77.56948,12.96412],[77.56979,12.96421],[77.56995,12.96425],[77.57015,12.96428],[77.57088,12.96434],[77.57126,12.96438],[77.57166,12.96442],[77.57242,12.96448],[77.57339,12.96454],[77.5744,12.96463],[77.57463,12.96466],[77.57509,12.96474],[77.57527,12.96474],[77.57542,12.96472],[77.57556,12.96469],[77.5757,12.96464],[77.57658,12.96427],[77.57695,12.96413],[77.5773,12.96406],[77.57757,12.96397],[77.57817,12.96374],[77.57832,12.9637],[77.5787,12.96364],[77.57904,12.96365],[77.57956,12.96366],[77.57983,12.96365],[77.58076,12.96358]]}},{"type":"Feature","properties":{"name":"Tumkur Road","highway":"trunk","policy":"HGV restrictions on select corridors (BTP)"},"geometry":{"type":"LineString","coordinates":[[77.54843,13.02422],[77.54849,13.02418],[77.54856,13.02414],[77.54889,13.02396],[77.54915,13.02378],[77.54964,13.02349],[77.55035,13.02305]]}},{"type":"Feature","properties":{"name":"Tumkur Road","highway":"trunk","policy":"HGV restrictions on select corridors (BTP)"},"geometry":{"type":"LineString","coordinates":[[77.55035,13.02305],[77.55081,13.0228],[77.55103,13.0227],[77.55132,13.0225],[77.55148,13.02236],[77.55164,13.02221],[77.55178,13.02203],[77.5519,13.02185],[77.55204,13.02163],[77.55233,13.02107],[77.55304,13.01975],[77.55314,13.01953],[77.55321,13.01937],[77.55326,13.01922],[77.5533,13.01905]]}},{"type":"Feature","properties":{"name":"Dr. CV Raman Road","highway":"trunk","policy":"HGV restrictions on select corridors (BTP)"},"geometry":{"type":"LineString","coordinates":[[77.57235,13.01459],[77.57219,13.01458],[77.57172,13.01455],[77.57136,13.01453],[77.57018,13.01446],[77.56813,13.01429],[77.56775,13.01426],[77.56733,13.01418],[77.56641,13.0141]]}},{"type":"Feature","properties":{"name":"Tumkur Road","highway":"trunk","policy":"HGV restrictions on select corridors (BTP)"},"geometry":{"type":"LineString","coordinates":[[77.55499,13.01541],[77.55481,13.0154],[77.55467,13.01541],[77.55448,13.01544],[77.55433,13.01548],[77.55416,13.0156]]}},{"type":"Feature","properties":{"name":"Mysore Road","highway":"trunk","policy":"HGV restrictions on select corridors (BTP)"},"geometry":{"type":"LineString","coordinates":[[77.5435,12.954],[77.54358,12.95406],[77.54366,12.95412],[77.54379,12.95423],[77.54392,12.95433],[77.544,12.95439],[77.54408,12.95446],[77.5441,12.95448],[77.54496,12.95528],[77.54521,12.95548],[77.54556,12.95572],[77.54569,12.95579],[77.546,12.95596],[77.54618,12.95604],[77.54627,12.95609],[77.54646,12.95619],[77.5468,12.95634],[77.54716,12.95644],[77.54839,12.95667],[77.54951,12.95687],[77.55002,12.95696],[77.55026,12.95698],[77.55059,12.95702],[77.55072,12.95706],[77.5509,12.95711],[77.55103,12.95715],[77.5511,12.95717],[77.55124,12.95721],[77.55164,12.95733],[77.55169,12.95734],[77.55183,12.95738],[77.55194,12.95742],[77.55202,12.95744],[77.55206,12.95745],[77.55214,12.95748],[77.55246,12.95757],[77.55288,12.95771],[77.55316,12.9578],[77.55407,12.95811],[77.55428,12.95817],[77.55444,12.95823],[77.55469,12.95832],[77.55493,12.95844],[77.55514,12.95861],[77.55532,12.95879],[77.55562,12.95928],[77.55578,12.9595],[77.55582,12.95956]]}},{"type":"Feature","properties":{"name":"Mysore Road","highway":"trunk","policy":"HGV restrictions on select corridors (BTP)"},"geometry":{"type":"LineString","coordinates":[[77.54167,12.95306],[77.54182,12.95316],[77.54189,12.95323],[77.5421,12.95341],[77.54214,12.95344],[77.54227,12.95354],[77.54232,12.95358],[77.54251,12.95367],[77.54267,12.95372],[77.54288,12.95379],[77.54291,12.9538],[77.5432,12.9539],[77.5435,12.954]]}},{"type":"Feature","properties":{"name":"Kanakapura Road","highway":"trunk","policy":"HGV restrictions on select corridors (BTP)"},"geometry":{"type":"LineString","coordinates":[[77.57334,12.90642],[77.57336,12.90626],[77.57337,12.90621]]}},{"type":"Feature","properties":{"name":"Outer Ring Road","highway":"trunk","policy":"HGV restrictions on select corridors (BTP)"},"geometry":{"type":"LineString","coordinates":[[77.62128,12.91685],[77.62149,12.91692],[77.62167,12.91698]]}},{"type":"Feature","properties":{"name":"Outer Ring Road","highway":"trunk","policy":"HGV restrictions on select corridors (BTP)"},"geometry":{"type":"LineString","coordinates":[[77.62223,12.91717],[77.62246,12.91725],[77.6226,12.9173]]}},{"type":"Feature","properties":{"name":"Hosur Road","highway":"trunk","policy":"HGV restrictions on select corridors (BTP)"},"geometry":{"type":"LineString","coordinates":[[77.62105,12.91968],[77.62085,12.92001],[77.62063,12.92037],[77.6205,12.9206],[77.6203,12.92093],[77.62025,12.92101]]}},{"type":"Feature","properties":{"name":"Yeshwantpura Circle Flyover","highway":"trunk","policy":"HGV restrictions on select corridors (BTP)"},"geometry":{"type":"LineString","coordinates":[[77.55888,13.01808],[77.5587,13.01819]]}},{"type":"Feature","properties":{"name":"Outer Ring Road","highway":"trunk","policy":"HGV restrictions on select corridors (BTP)"},"geometry":{"type":"LineString","coordinates":[[77.55337,13.04369],[77.55265,13.04345],[77.55163,13.04312],[77.55097,13.04291],[77.55087,13.04288],[77.55055,13.04278],[77.55021,13.04267],[77.54985,13.04256],[77.549,13.04229],[77.54834,13.04206],[77.54771,13.04182],[77.5476,13.04177],[77.54737,13.04168]]}},{"type":"Feature","properties":{"name":"Mysore Road","highway":"trunk","policy":"HGV restrictions on select corridors (BTP)"},"geometry":{"type":"LineString","coordinates":[[77.4822,12.91046],[77.48237,12.91046],[77.48257,12.91045],[77.48276,12.91045],[77.48367,12.91044],[77.48406,12.91051],[77.4841,12.91052],[77.48419,12.91056],[77.48435,12.91067],[77.48444,12.9108],[77.48453,12.91096],[77.48459,12.91112],[77.48499,12.91243],[77.4851,12.91266],[77.48518,12.91279]]}},{"type":"Feature","properties":{"name":"Mysore Road","highway":"trunk","policy":"HGV restrictions on select corridors (BTP)"},"geometry":{"type":"LineString","coordinates":[[77.49113,12.91859],[77.49122,12.91876],[77.49141,12.9191],[77.49172,12.91941],[77.49197,12.91967],[77.4926,12.92016],[77.49297,12.92055],[77.49309,12.92073],[77.49312,12.92077],[77.49325,12.92096],[77.49336,12.92113],[77.49344,12.92125],[77.49359,12.92146],[77.49398,12.92178],[77.49424,12.92194],[77.49426,12.92195],[77.49459,12.92213],[77.4957,12.92272],[77.49578,12.92276],[77.49585,12.9228],[77.49593,12.92284],[77.49614,12.92293],[77.49686,12.92325],[77.49697,12.92329],[77.49728,12.92352],[77.49743,12.92363],[77.49763,12.92379],[77.49776,12.92392],[77.49801,12.92418],[77.49875,12.92481],[77.49876,12.92482],[77.49877,12.92483],[77.49908,12.92514],[77.49923,12.92528],[77.49927,12.92533],[77.49934,12.92538],[77.49971,12.92575],[77.50018,12.92615],[77.50054,12.92643],[77.50136,12.927],[77.50213,12.92757],[77.50265,12.92801],[77.50291,12.92827],[77.50323,12.92867],[77.50353,12.92896],[77.50383,12.92918],[77.50397,12.92923],[77.50408,12.92927],[77.5041,12.92928],[77.50456,12.92943],[77.50475,12.92949],[77.50496,12.92956]]}},{"type":"Feature","properties":{"name":"Bhadrappa Layout Flyover","highway":"trunk","policy":"HGV restrictions on select corridors (BTP)"},"geometry":{"type":"LineString","coordinates":[[77.57829,13.04758],[77.578,13.04759],[77.57645,13.04743]]}},{"type":"Feature","properties":{"name":"Bhadrappa Layout Flyover","highway":"trunk","policy":"HGV restrictions on select corridors (BTP)"},"geometry":{"type":"LineString","coordinates":[[77.57536,13.04743],[77.57604,13.04748],[77.57644,13.04753]]}},{"type":"Feature","properties":{"name":"Bhadrappa Layout Flyover","highway":"trunk","policy":"HGV restrictions on select corridors (BTP)"},"geometry":{"type":"LineString","coordinates":[[77.57387,13.04723],[77.57349,13.04721]]}},{"type":"Feature","properties":{"name":"Bhadrappa Layout Flyover","highway":"trunk","policy":"HGV restrictions on select corridors (BTP)"},"geometry":{"type":"LineString","coordinates":[[77.57346,13.04732],[77.57374,13.04734]]}},{"type":"Feature","properties":{"name":"Outer Ring Road","highway":"trunk","policy":"HGV restrictions on select corridors (BTP)"},"geometry":{"type":"LineString","coordinates":[[77.5467,13.04151],[77.54693,13.04159],[77.54716,13.04168],[77.5472,13.0417],[77.54734,13.04175],[77.54744,13.04179],[77.54771,13.0419],[77.54802,13.04202],[77.54838,13.04215],[77.5486,13.04223],[77.54897,13.04236],[77.54933,13.04248],[77.54961,13.04256],[77.54991,13.04265],[77.55016,13.04273],[77.55057,13.04286],[77.55086,13.04296],[77.55215,13.04336],[77.55312,13.04367],[77.55319,13.04369],[77.55321,13.0437],[77.55334,13.04374],[77.55336,13.04375],[77.55374,13.04387],[77.55404,13.04396],[77.55416,13.04399],[77.55428,13.04402],[77.55461,13.04412]]}},{"type":"Feature","properties":{"name":"Outer Ring Road","highway":"trunk","policy":"HGV restrictions on select corridors (BTP)"},"geometry":{"type":"LineString","coordinates":[[77.54199,13.03837],[77.54194,13.0382],[77.5419,13.03803],[77.54183,13.03759],[77.54168,13.03679],[77.54151,13.03592],[77.54149,13.03581],[77.54101,13.03359],[77.54094,13.03325],[77.54082,13.03273],[77.54077,13.03244]]}},{"type":"Feature","properties":{"name":"Outer Ring Road","highway":"trunk","policy":"HGV restrictions on select corridors (BTP)"},"geometry":{"type":"LineString","coordinates":[[77.54541,13.04102],[77.54517,13.04095],[77.54495,13.04085],[77.54474,13.04074],[77.54454,13.04062],[77.54435,13.04047],[77.54317,13.03944],[77.5427,13.03903],[77.54252,13.03887]]}},{"type":"Feature","properties":{"name":"Outer Ring Road","highway":"trunk","policy":"HGV restrictions on select corridors (BTP)"},"geometry":{"type":"LineString","coordinates":[[77.66904,12.99666],[77.66828,12.99634]]}},{"type":"Feature","properties":{"name":"freight corridor","highway":"trunk","policy":"HGV restrictions on select corridors (BTP)"},"geometry":{"type":"LineString","coordinates":[[77.62017,12.92116],[77.6203,12.92121]]}},{"type":"Feature","properties":{"name":"Outer Ring Road","highway":"trunk","policy":"HGV restrictions on select corridors (BTP)"},"geometry":{"type":"LineString","coordinates":[[77.55872,12.92224],[77.55936,12.92204],[77.55946,12.92202]]}},{"type":"Feature","properties":{"name":"Outer Ring Road","highway":"trunk","policy":"HGV restrictions on select corridors (BTP)"},"geometry":{"type":"LineString","coordinates":[[77.56185,12.92119],[77.56206,12.92075],[77.5621,12.92064],[77.56219,12.92042],[77.56225,12.92031],[77.56242,12.92017],[77.56275,12.91999],[77.5634,12.91958],[77.56353,12.91946],[77.56387,12.91902],[77.5642,12.91849],[77.56434,12.91819],[77.56449,12.91784]]}},{"type":"Feature","properties":{"name":"Outer Ring Road","highway":"trunk","policy":"HGV restrictions on select corridors (BTP)"},"geometry":{"type":"LineString","coordinates":[[77.55946,12.92202],[77.55965,12.92197],[77.56007,12.92191],[77.56039,12.92186],[77.56059,12.92183],[77.5608,12.92179],[77.56121,12.9217]]}},{"type":"Feature","properties":{"name":"Outer Ring Road","highway":"trunk","policy":"HGV restrictions on select corridors (BTP)"},"geometry":{"type":"LineString","coordinates":[[77.55944,12.92195],[77.55933,12.92197],[77.5587,12.92217]]}},{"type":"Feature","properties":{"name":"Outer Ring Road","highway":"trunk","policy":"HGV restrictions on select corridors (BTP)"},"geometry":{"type":"LineString","coordinates":[[77.56118,12.92163],[77.56078,12.92172],[77.56058,12.92176],[77.56038,12.92179],[77.56006,12.92184],[77.55963,12.9219],[77.55944,12.92195]]}},{"type":"Feature","properties":{"name":"Outer Ring Road","highway":"trunk","policy":"HGV restrictions on select corridors (BTP)"},"geometry":{"type":"LineString","coordinates":[[77.55857,12.92221],[77.55795,12.92239],[77.55628,12.92296],[77.55528,12.92329],[77.55448,12.92355],[77.55445,12.92355]]}},{"type":"Feature","properties":{"name":"Outer Ring Road","highway":"trunk","policy":"HGV restrictions on select corridors (BTP)"},"geometry":{"type":"LineString","coordinates":[[77.61884,12.91619],[77.61863,12.91619],[77.61811,12.91619],[77.61743,12.91618],[77.61724,12.91616],[77.61718,12.91615],[77.61696,12.91614],[77.61685,12.91614]]}},{"type":"Feature","properties":{"name":"Outer Ring Road","highway":"trunk","policy":"HGV restrictions on select corridors (BTP)"},"geometry":{"type":"LineString","coordinates":[[77.6163,12.91635],[77.61669,12.91632],[77.61707,12.91632],[77.61754,12.91635],[77.61872,12.91635],[77.61927,12.91637],[77.61944,12.91639],[77.61988,12.91647],[77.62003,12.91651],[77.62018,12.91655],[77.62103,12.91677],[77.62111,12.9168],[77.62128,12.91685]]}},{"type":"Feature","properties":{"name":"NICE Expressway","highway":"motorway","policy":"HGV restrictions on select corridors (BTP)"},"geometry":{"type":"LineString","coordinates":[[77.53171,12.93651],[77.53158,12.93569],[77.5314,12.93472]]}},{"type":"Feature","properties":{"name":"NICE Expressway","highway":"motorway","policy":"HGV restrictions on select corridors (BTP)"},"geometry":{"type":"LineString","coordinates":[[77.53173,12.93661],[77.53172,12.93655],[77.53171,12.93651]]}},{"type":"Feature","properties":{"name":"NICE Expressway","highway":"motorway","policy":"HGV restrictions on select corridors (BTP)"},"geometry":{"type":"LineString","coordinates":[[77.53118,12.9366],[77.53119,12.93664],[77.5312,12.9367]]}},{"type":"Feature","properties":{"name":"NICE Expressway","highway":"motorway","policy":"HGV restrictions on select corridors (BTP)"},"geometry":{"type":"LineString","coordinates":[[77.53128,12.93472],[77.53116,12.93636],[77.53118,12.9366]]}},{"type":"Feature","properties":{"name":"NICE Road","highway":"motorway","policy":"HGV restrictions on select corridors (BTP)"},"geometry":{"type":"LineString","coordinates":[[77.65592,12.85878],[77.65581,12.85882],[77.65577,12.85883]]}},{"type":"Feature","properties":{"name":"NICE Road","highway":"motorway","policy":"HGV restrictions on select corridors (BTP)"},"geometry":{"type":"LineString","coordinates":[[77.66103,12.85775],[77.66085,12.85775],[77.66063,12.85775],[77.66044,12.85776],[77.66023,12.85778],[77.65983,12.85786],[77.65761,12.85836],[77.65747,12.85839],[77.65734,12.85842],[77.65631,12.85866],[77.6562,12.85869],[77.65609,12.85872],[77.65592,12.85878]]}},{"type":"Feature","properties":{"name":"CV Raman Road","highway":"trunk","policy":"HGV restrictions on select corridors (BTP)"},"geometry":{"type":"LineString","coordinates":[[77.55906,13.01806],[77.5597,13.01767],[77.56059,13.01713]]}},{"type":"Feature","properties":{"name":"Ganga Nagar Flyover","highway":"trunk","policy":"HGV restrictions on select corridors (BTP)"},"geometry":{"type":"LineString","coordinates":[[77.58517,13.02557],[77.58528,13.02612]]}},{"type":"Feature","properties":{"name":"Tumkur Road","highway":"trunk","policy":"HGV restrictions on select corridors (BTP)"},"geometry":{"type":"LineString","coordinates":[[77.55564,13.01567],[77.55551,13.01559],[77.55536,13.01552],[77.55523,13.01548],[77.55499,13.01541]]}},{"type":"Feature","properties":{"name":"Tumkur Road","highway":"trunk","policy":"HGV restrictions on select corridors (BTP)"},"geometry":{"type":"LineString","coordinates":[[77.55599,13.01589],[77.55571,13.01571]]}},{"type":"Feature","properties":{"name":"Bala Gangadhara Swamy Flyover","highway":"trunk","policy":"HGV restrictions on select corridors (BTP)"},"geometry":{"type":"LineString","coordinates":[[77.55733,12.96065],[77.55756,12.96079]]}},{"type":"Feature","properties":{"name":"Mysore Road","highway":"trunk","policy":"HGV restrictions on select corridors (BTP)"},"geometry":{"type":"LineString","coordinates":[[77.55743,12.9606],[77.55737,12.96056],[77.55724,12.96046],[77.55711,12.96037],[77.55698,12.96029],[77.55681,12.96016]]}},{"type":"Feature","properties":{"name":"Old Madras Road","highway":"trunk","policy":"HGV restrictions on select corridors (BTP)"},"geometry":{"type":"LineString","coordinates":[[77.69695,13.00949],[77.69628,13.00863],[77.69599,13.00837],[77.69589,13.00833]]}},{"type":"Feature","properties":{"name":"Kanakapura Road","highway":"trunk","policy":"HGV restrictions on select corridors (BTP)"},"geometry":{"type":"LineString","coordinates":[[77.5732,12.90645],[77.57318,12.90656]]}},{"type":"Feature","properties":{"name":"Outer Ring Road","highway":"trunk","policy":"HGV restrictions on select corridors (BTP)"},"geometry":{"type":"LineString","coordinates":[[77.57334,12.90642],[77.5732,12.90645]]}},{"type":"Feature","properties":{"name":"Mysore Road","highway":"trunk","policy":"HGV restrictions on select corridors (BTP)"},"geometry":{"type":"LineString","coordinates":[[77.5383,12.9508],[77.53808,12.95069],[77.53805,12.95067],[77.53799,12.95063]]}},{"type":"Feature","properties":{"name":"Bellary Road","highway":"trunk","policy":"HGV restrictions on select corridors (BTP)"},"geometry":{"type":"LineString","coordinates":[[77.59279,13.07345],[77.5928,13.07326],[77.59293,13.07122],[77.59302,13.07001],[77.59306,13.06923],[77.59309,13.06882],[77.5932,13.06749],[77.59322,13.06726],[77.59323,13.06707],[77.59326,13.06679],[77.59332,13.06614],[77.59334,13.066],[77.59334,13.06555],[77.59335,13.06535],[77.5934,13.06454],[77.5934,13.06398],[77.59341,13.06372],[77.59343,13.0633],[77.59346,13.06249],[77.59349,13.06193],[77.59352,13.06164],[77.59354,13.06087],[77.59357,13.06004],[77.59357,13.05935],[77.59357,13.05922],[77.59356,13.0584],[77.59354,13.05762],[77.59354,13.0575],[77.59354,13.0574],[77.59354,13.05736]]}},{"type":"Feature","properties":{"name":"Outer Ring Road","highway":"trunk","policy":"HGV restrictions on select corridors (BTP)"},"geometry":{"type":"LineString","coordinates":[[77.62167,12.91698],[77.62223,12.91717]]}},{"type":"Feature","properties":{"name":"Mysore Road","highway":"trunk","policy":"HGV restrictions on select corridors (BTP)"},"geometry":{"type":"LineString","coordinates":[[77.48527,12.91266],[77.48513,12.91243],[77.48509,12.91231],[77.48492,12.91177],[77.48475,12.91123],[77.48471,12.9111],[77.48461,12.91083],[77.48449,12.91066],[77.48439,12.91055],[77.48423,12.91043],[77.48407,12.91039],[77.48369,12.91032],[77.48351,12.91032],[77.48317,12.91033],[77.48271,12.91033],[77.48254,12.91034],[77.48248,12.91034],[77.48247,12.91034],[77.48234,12.91035],[77.48218,12.91035],[77.48215,12.91035],[77.48198,12.9103],[77.48182,12.91025],[77.48171,12.9102],[77.4812,12.91002],[77.48076,12.90986],[77.48041,12.90974],[77.48037,12.90972],[77.48028,12.90969]]}},{"type":"Feature","properties":{"name":"Mysore Road","highway":"trunk","policy":"HGV restrictions on select corridors (BTP)"},"geometry":{"type":"LineString","coordinates":[[77.55582,12.95956],[77.55606,12.95981],[77.55657,12.96015],[77.55733,12.96065]]}},{"type":"Feature","properties":{"name":"Mysore Road","highway":"trunk","policy":"HGV restrictions on select corridors (BTP)"},"geometry":{"type":"LineString","coordinates":[[77.55681,12.96016],[77.55615,12.95977],[77.55595,12.95955],[77.55589,12.95949]]}},{"type":"Feature","properties":{"name":"Dr. CV Raman Road","highway":"trunk","policy":"HGV restrictions on select corridors (BTP)"},"geometry":{"type":"LineString","coordinates":[[77.56641,13.0141],[77.56601,13.01409],[77.56585,13.01411]]}},{"type":"Feature","properties":{"name":"Bangalore-Mysore Road","highway":"trunk","policy":"HGV restrictions on select corridors (BTP)"},"geometry":{"type":"LineString","coordinates":[[77.48688,12.91449],[77.48696,12.91458],[77.48706,12.91469]]}},{"type":"Feature","properties":{"name":"Outer Ring Road","highway":"trunk","policy":"HGV restrictions on select corridors (BTP)"},"geometry":{"type":"LineString","coordinates":[[77.68284,12.99783],[77.68358,12.99662],[77.68371,12.99641],[77.68385,12.99622]]}},{"type":"Feature","properties":{"name":"Mysore Road","highway":"trunk","policy":"HGV restrictions on select corridors (BTP)"},"geometry":{"type":"LineString","coordinates":[[77.51366,12.93579],[77.51393,12.93588]]}},{"type":"Feature","properties":{"name":"Mysore Road","highway":"trunk","policy":"HGV restrictions on select corridors (BTP)"},"geometry":{"type":"LineString","coordinates":[[77.51393,12.93588],[77.51408,12.93593],[77.51437,12.93602],[77.51446,12.93604],[77.51456,12.93606],[77.51478,12.9361],[77.51483,12.93611],[77.51507,12.93615],[77.51537,12.93619],[77.51541,12.9362],[77.51582,12.93625],[77.51661,12.93635],[77.5167,12.93636],[77.51734,12.93639],[77.51783,12.9364],[77.51815,12.93642],[77.51824,12.93642]]}},{"type":"Feature","properties":{"name":"Mysore Road","highway":"trunk","policy":"HGV restrictions on select corridors (BTP)"},"geometry":{"type":"LineString","coordinates":[[77.50671,12.93141],[77.50658,12.9313],[77.50647,12.93121],[77.5064,12.93113],[77.50618,12.93072],[77.50616,12.93068],[77.50599,12.93038],[77.50596,12.93031],[77.50592,12.93024],[77.50583,12.93008],[77.50563,12.92982],[77.50551,12.92974],[77.5053,12.92961],[77.50516,12.92955],[77.50503,12.92948],[77.50477,12.9294],[77.50444,12.92929],[77.50429,12.92924],[77.50409,12.92916],[77.50386,12.92907],[77.50364,12.9289],[77.50339,12.92866],[77.50292,12.92814],[77.50274,12.92794],[77.50266,12.92787],[77.50258,12.9278],[77.50228,12.92755],[77.50223,12.92751],[77.50162,12.92704],[77.50142,12.92689],[77.50136,12.92685],[77.50115,12.92671],[77.50099,12.9266],[77.50093,12.92656],[77.50082,12.92649],[77.50073,12.92643],[77.50064,12.92636]]}},{"type":"Feature","properties":{"name":"Mysore Road","highway":"trunk","policy":"HGV restrictions on select corridors (BTP)"},"geometry":{"type":"LineString","coordinates":[[77.51399,12.93578],[77.51369,12.93569]]}},{"type":"Feature","properties":{"name":"Outer Ring Road","highway":"trunk","policy":"HGV restrictions on select corridors (BTP)"},"geometry":{"type":"LineString","coordinates":[[77.66626,12.92127],[77.66805,12.92205],[77.67042,12.92318],[77.67258,12.92416],[77.67263,12.92419],[77.67267,12.9242],[77.67351,12.92458],[77.67383,12.92472],[77.67399,12.9248],[77.67411,12.92486],[77.67428,12.92495]]}},{"type":"Feature","properties":{"name":"Outer Ring Road","highway":"trunk","policy":"HGV restrictions on select corridors (BTP)"},"geometry":{"type":"LineString","coordinates":[[77.62295,12.91729],[77.6228,12.91726]]}},{"type":"Feature","properties":{"name":"Outer Ring Road","highway":"trunk","policy":"HGV restrictions on select corridors (BTP)"},"geometry":{"type":"LineString","coordinates":[[77.63932,12.91634],[77.63952,12.91642],[77.63975,12.91653],[77.63999,12.91666],[77.64018,12.9168],[77.64039,12.91698],[77.64051,12.9171]]}},{"type":"Feature","properties":{"name":"Outer Ring Road","highway":"trunk","policy":"HGV restrictions on select corridors (BTP)"},"geometry":{"type":"LineString","coordinates":[[77.63711,12.91614],[77.63767,12.91607],[77.63785,12.91604],[77.63804,12.91604],[77.63833,12.91605],[77.63863,12.9161],[77.63882,12.91616],[77.63932,12.91634]]}},{"type":"Feature","properties":{"name":"Outer Ring Road","highway":"trunk","policy":"HGV restrictions on select corridors (BTP)"},"geometry":{"type":"LineString","coordinates":[[77.67815,13.00026],[77.67765,13.00027],[77.67718,13.00027],[77.67703,13.00025],[77.6769,13.00022],[77.67681,13.00021],[77.67669,13.00019],[77.67663,13.00016],[77.67644,12.99998],[77.67635,12.99993],[77.67563,12.99965],[77.67522,12.99949],[77.67508,12.99947],[77.67504,12.99945],[77.67475,12.99932],[77.67459,12.99924],[77.67456,12.99923],[77.67377,12.99884],[77.67368,12.99879],[77.67361,12.99876],[77.67272,12.99831],[77.6722,12.99804],[77.6719,12.9979],[77.67147,12.99769],[77.67115,12.99754],[77.67054,12.99724],[77.67003,12.99702],[77.66967,12.99693]]}},{"type":"Feature","properties":{"name":"freight corridor","highway":"trunk","policy":"HGV restrictions on select corridors (BTP)"},"geometry":{"type":"LineString","coordinates":[[77.62266,12.91721],[77.6226,12.9173]]}},{"type":"Feature","properties":{"name":"Outer Ring Road","highway":"trunk","policy":"HGV restrictions on select corridors (BTP)"},"geometry":{"type":"LineString","coordinates":[[77.69557,12.97802],[77.69469,12.97947],[77.6942,12.98027]]}},{"type":"Feature","properties":{"name":"Outer Ring Road","highway":"trunk","policy":"HGV restrictions on select corridors (BTP)"},"geometry":{"type":"LineString","coordinates":[[77.6931,12.98206],[77.69291,12.98239],[77.6927,12.98273],[77.69266,12.98279],[77.69232,12.98334],[77.69227,12.98343],[77.69218,12.98357],[77.69193,12.98396],[77.69146,12.98474],[77.69041,12.98644],[77.68996,12.9872],[77.68962,12.98778],[77.6895,12.98799],[77.68934,12.98824],[77.68925,12.98839],[77.68899,12.98878],[77.6888,12.98907]]}},{"type":"Feature","properties":{"name":"Outer Ring Road","highway":"trunk","policy":"HGV restrictions on select corridors (BTP)"},"geometry":{"type":"LineString","coordinates":[[77.69901,12.97253],[77.69928,12.97211],[77.70077,12.96967],[77.70102,12.96926],[77.70154,12.96839],[77.70165,12.96821],[77.70177,12.968],[77.7018,12.96795],[77.70193,12.96772],[77.70201,12.96755],[77.70206,12.96744],[77.70217,12.96701]]}},{"type":"Feature","properties":{"name":"Outer Ring Road","highway":"trunk","policy":"HGV restrictions on select corridors (BTP)"},"geometry":{"type":"LineString","coordinates":[[77.69436,12.98038],[77.69574,12.97809]]}},{"type":"Feature","properties":{"name":"Outer Ring Road","highway":"trunk","policy":"HGV restrictions on select corridors (BTP)"},"geometry":{"type":"LineString","coordinates":[[77.69701,12.97598],[77.69769,12.97479]]}},{"type":"Feature","properties":{"name":"Outer Ring Road","highway":"trunk","policy":"HGV restrictions on select corridors (BTP)"},"geometry":{"type":"LineString","coordinates":[[77.6412,13.02536],[77.64235,13.02486]]}},{"type":"Feature","properties":{"name":"Outer Ring Road","highway":"trunk","policy":"HGV restrictions on select corridors (BTP)"},"geometry":{"type":"LineString","coordinates":[[77.64228,13.02468],[77.64113,13.02519]]}},{"type":"Feature","properties":{"name":"Outer Ring Road","highway":"trunk","policy":"HGV restrictions on select corridors (BTP)"},"geometry":{"type":"LineString","coordinates":[[77.64606,13.02302],[77.6448,13.02357]]}},{"type":"Feature","properties":{"name":"Outer Ring Road","highway":"trunk","policy":"HGV restrictions on select corridors (BTP)"},"geometry":{"type":"LineString","coordinates":[[77.64489,13.02375],[77.64614,13.02319]]}},{"type":"Feature","properties":{"name":"Chord Road Flyover","highway":"trunk","policy":"HGV restrictions on select corridors (BTP)"},"geometry":{"type":"LineString","coordinates":[[77.53715,12.95222],[77.53719,12.95233],[77.53731,12.95253],[77.53739,12.95269]]}},{"type":"Feature","properties":{"name":"Outer Ring Road","highway":"trunk","policy":"HGV restrictions on select corridors (BTP)"},"geometry":{"type":"LineString","coordinates":[[77.53895,12.93376],[77.53835,12.93412],[77.53823,12.9342]]}},{"type":"Feature","properties":{"name":"NICE Expressway","highway":"motorway","policy":"HGV restrictions on select corridors (BTP)"},"geometry":{"type":"LineString","coordinates":[[77.53148,12.93335],[77.53155,12.93235],[77.53159,12.93192],[77.53169,12.93063],[77.53187,12.92824]]}},{"type":"Feature","properties":{"name":"NICE Expressway","highway":"motorway","policy":"HGV restrictions on select corridors (BTP)"},"geometry":{"type":"LineString","coordinates":[[77.53144,12.93398],[77.53148,12.93335]]}},{"type":"Feature","properties":{"name":"NICE Expressway","highway":"motorway","policy":"HGV restrictions on select corridors (BTP)"},"geometry":{"type":"LineString","coordinates":[[77.53132,12.93396],[77.53128,12.93472]]}},{"type":"Feature","properties":{"name":"NICE Expressway","highway":"motorway","policy":"HGV restrictions on select corridors (BTP)"},"geometry":{"type":"LineString","coordinates":[[77.53137,12.93334],[77.53135,12.93351],[77.53134,12.93375],[77.53132,12.93396]]}},{"type":"Feature","properties":{"name":"Outer Ring Road","highway":"trunk","policy":"HGV restrictions on select corridors (BTP)"},"geometry":{"type":"LineString","coordinates":[[77.55435,12.92366],[77.55449,12.92361]]}},{"type":"Feature","properties":{"name":"Outer Ring Road","highway":"trunk","policy":"HGV restrictions on select corridors (BTP)"},"geometry":{"type":"LineString","coordinates":[[77.55449,12.92361],[77.55456,12.92359],[77.55486,12.92348],[77.55517,12.92338],[77.55546,12.92328],[77.55574,12.9232],[77.55605,12.9231],[77.5563,12.92302],[77.55651,12.92296],[77.55706,12.92278],[77.55737,12.92268],[77.55744,12.92265],[77.55765,12.92258],[77.55856,12.9223]]}},{"type":"Feature","properties":{"name":"Outer Ring Road","highway":"trunk","policy":"HGV restrictions on select corridors (BTP)"},"geometry":{"type":"LineString","coordinates":[[77.55445,12.92355],[77.55432,12.9236]]}},{"type":"Feature","properties":{"name":"Outer Ring Road","highway":"trunk","policy":"HGV restrictions on select corridors (BTP)"},"geometry":{"type":"LineString","coordinates":[[77.55432,12.9236],[77.55409,12.92367],[77.55385,12.92374],[77.55366,12.9238],[77.55349,12.92385]]}},{"type":"Feature","properties":{"name":"NICE Expressway","highway":"motorway","policy":"HGV restrictions on select corridors (BTP)"},"geometry":{"type":"LineString","coordinates":[[77.49267,12.87604],[77.49223,12.87543],[77.49203,12.87516],[77.4917,12.87471],[77.49078,12.87346],[77.49034,12.87295],[77.48991,12.87248],[77.48977,12.87233],[77.48795,12.87051],[77.48741,12.86989],[77.48662,12.86898],[77.4839,12.86574],[77.48386,12.86569],[77.48348,12.86524],[77.48226,12.8638],[77.48201,12.86345],[77.48159,12.86287],[77.48137,12.86257],[77.48067,12.86143],[77.4801,12.8604],[77.47941,12.85916]]}},{"type":"Feature","properties":{"name":"NICE Expressway","highway":"motorway","policy":"HGV restrictions on select corridors (BTP)"},"geometry":{"type":"LineString","coordinates":[[77.53774,12.94969],[77.53773,12.94974]]}},{"type":"Feature","properties":{"name":"NICE Expressway","highway":"motorway","policy":"HGV restrictions on select corridors (BTP)"},"geometry":{"type":"LineString","coordinates":[[77.53805,12.95067],[77.53805,12.95064],[77.53804,12.95061],[77.53802,12.95057],[77.53799,12.95054],[77.53796,12.95051],[77.53791,12.95045],[77.53786,12.95039],[77.53781,12.95032],[77.53777,12.95026],[77.53776,12.9502],[77.53776,12.95014],[77.53776,12.95008],[77.53778,12.94989],[77.53781,12.94974]]}},{"type":"Feature","properties":{"name":"NICE Expressway","highway":"motorway","policy":"HGV restrictions on select corridors (BTP)"},"geometry":{"type":"LineString","coordinates":[[77.53303,12.94058],[77.53313,12.9407],[77.53371,12.9413],[77.53428,12.94189],[77.53457,12.94219],[77.53563,12.94314],[77.5362,12.94382],[77.53688,12.94479]]}},{"type":"Feature","properties":{"name":"NICE Expressway","highway":"motorway","policy":"HGV restrictions on select corridors (BTP)"},"geometry":{"type":"LineString","coordinates":[[77.53701,12.94476],[77.53663,12.94422],[77.53628,12.94373],[77.5357,12.94306],[77.53511,12.94251],[77.53497,12.94239],[77.53471,12.94214],[77.53457,12.94199],[77.53437,12.9418],[77.53379,12.94125],[77.53321,12.94055],[77.53288,12.94011]]}},{"type":"Feature","properties":{"name":"NICE Expressway","highway":"motorway","policy":"HGV restrictions on select corridors (BTP)"},"geometry":{"type":"LineString","coordinates":[[77.53786,12.94931],[77.53786,12.94891],[77.5379,12.94875],[77.53794,12.94869],[77.53798,12.94864],[77.53826,12.94843],[77.53839,12.94828],[77.53846,12.94811],[77.53847,12.94791],[77.53844,12.94775],[77.53808,12.94652],[77.53793,12.9462],[77.53761,12.94579],[77.53739,12.94546],[77.53701,12.94476]]}},{"type":"Feature","properties":{"name":"Outer Ring Road","highway":"trunk","policy":"HGV restrictions on select corridors (BTP)"},"geometry":{"type":"LineString","coordinates":[[77.53757,12.93472],[77.53766,12.93467]]}},{"type":"Feature","properties":{"name":"Outer Ring Road","highway":"trunk","policy":"HGV restrictions on select corridors (BTP)"},"geometry":{"type":"LineString","coordinates":[[77.54015,12.93313],[77.54031,12.93302]]}},{"type":"Feature","properties":{"name":"KEB Junction Flyover","highway":"trunk","policy":"HGV restrictions on select corridors (BTP)"},"geometry":{"type":"LineString","coordinates":[[77.53851,12.93416],[77.53913,12.9338],[77.53941,12.93364]]}},{"type":"Feature","properties":{"name":"Outer Ring Road","highway":"trunk","policy":"HGV restrictions on select corridors (BTP)"},"geometry":{"type":"LineString","coordinates":[[77.64662,12.92349],[77.64643,12.92333],[77.64506,12.9221],[77.64498,12.92203],[77.64492,12.92197],[77.64483,12.92188],[77.64467,12.92171],[77.64322,12.91996],[77.64311,12.91983],[77.6425,12.91899],[77.64224,12.91864],[77.64204,12.91838],[77.64186,12.91819],[77.64162,12.91792],[77.64106,12.91737],[77.64096,12.91728],[77.64075,12.91709],[77.64054,12.91687]]}},{"type":"Feature","properties":{"name":"Outer Ring Road","highway":"trunk","policy":"HGV restrictions on select corridors (BTP)"},"geometry":{"type":"LineString","coordinates":[[77.66206,12.92137],[77.66021,12.92182],[77.65996,12.9219],[77.6572,12.92289],[77.65647,12.92314],[77.65594,12.92331],[77.65563,12.92341],[77.65536,12.92347],[77.65499,12.92355],[77.65483,12.92358]]}},{"type":"Feature","properties":{"name":"Tumkur Road","highway":"trunk","policy":"HGV restrictions on select corridors (BTP)"},"geometry":{"type":"LineString","coordinates":[[77.53434,13.03199],[77.53419,13.03203],[77.53359,13.03236],[77.53095,13.03397],[77.5307,13.03412],[77.53046,13.03425],[77.53026,13.03435],[77.53023,13.03436],[77.52998,13.03448],[77.52997,13.03448],[77.52965,13.03461],[77.52959,13.03462],[77.52928,13.03469],[77.52893,13.03478],[77.52839,13.03492],[77.52836,13.03493],[77.52763,13.0351],[77.52737,13.03516],[77.52719,13.0352],[77.52706,13.03524],[77.52694,13.03526],[77.52666,13.03536],[77.5265,13.03541],[77.52625,13.03552],[77.52602,13.03563],[77.52566,13.03583],[77.52561,13.03585],[77.52524,13.03607],[77.52467,13.03638],[77.52319,13.03719],[77.52228,13.03769]]}},{"type":"Feature","properties":{"name":"Outer Ring Road","highway":"trunk","policy":"HGV restrictions on select corridors (BTP)"},"geometry":{"type":"LineString","coordinates":[[77.60064,12.9073],[77.60057,12.90727]]}},{"type":"Feature","properties":{"name":"Outer Ring Road","highway":"trunk","policy":"HGV restrictions on select corridors (BTP)"},"geometry":{"type":"LineString","coordinates":[[77.59636,12.90617],[77.59653,12.90617],[77.59662,12.90619],[77.5973,12.90639],[77.59754,12.90646],[77.59907,12.90692],[77.59939,12.90703]]}},{"type":"Feature","properties":{"name":"Outer Ring Road","highway":"trunk","policy":"HGV restrictions on select corridors (BTP)"},"geometry":{"type":"LineString","coordinates":[[77.59474,12.90633],[77.59493,12.90633],[77.59521,12.90631],[77.59558,12.90627]]}},{"type":"Feature","properties":{"name":"Outer Ring Road","highway":"trunk","policy":"HGV restrictions on select corridors (BTP)"},"geometry":{"type":"LineString","coordinates":[[77.54237,12.9314],[77.54158,12.932],[77.54141,12.93212],[77.54101,12.93241],[77.54038,12.93287],[77.53969,12.93336],[77.53958,12.93343],[77.53936,12.93353]]}},{"type":"Feature","properties":{"name":"Doctor Muthuraj Underpass","highway":"trunk","policy":"HGV restrictions on select corridors (BTP)"},"geometry":{"type":"LineString","coordinates":[[77.54359,12.93033],[77.54327,12.93064]]}},{"type":"Feature","properties":{"name":"Doctor Muthuraj Underpass","highway":"trunk","policy":"HGV restrictions on select corridors (BTP)"},"geometry":{"type":"LineString","coordinates":[[77.54333,12.9307],[77.54365,12.93039]]}},{"type":"Feature","properties":{"name":"Outer Ring Road","highway":"trunk","policy":"HGV restrictions on select corridors (BTP)"},"geometry":{"type":"LineString","coordinates":[[77.54031,12.93302],[77.54142,12.93222],[77.54159,12.9321],[77.54164,12.93206],[77.54245,12.93145]]}},{"type":"Feature","properties":{"name":"Outer Ring Road","highway":"trunk","policy":"HGV restrictions on select corridors (BTP)"},"geometry":{"type":"LineString","coordinates":[[77.54737,13.04168],[77.54719,13.04162],[77.54696,13.04154],[77.54665,13.04143]]}},{"type":"Feature","properties":{"name":"Tumkur Road","highway":"trunk","policy":"HGV restrictions on select corridors (BTP)"},"geometry":{"type":"LineString","coordinates":[[77.49963,13.04776],[77.49683,13.04875],[77.49663,13.04887]]}},{"type":"Feature","properties":{"name":"Tumkur Road","highway":"trunk","policy":"HGV restrictions on select corridors (BTP)"},"geometry":{"type":"LineString","coordinates":[[77.50719,13.04523],[77.50682,13.04533],[77.50657,13.04541],[77.50618,13.04553],[77.50602,13.04557],[77.50556,13.0457],[77.50543,13.04574],[77.50526,13.04578],[77.50519,13.04581],[77.50498,13.04587],[77.50469,13.04597],[77.50463,13.04599],[77.50437,13.04609],[77.50421,13.04614],[77.50336,13.04645],[77.5033,13.04647],[77.50265,13.0467],[77.50235,13.04681],[77.50197,13.04694],[77.50167,13.04705],[77.50145,13.04713],[77.50126,13.0472],[77.50067,13.04741],[77.50037,13.04751],[77.49999,13.04764],[77.49963,13.04776]]}},{"type":"Feature","properties":{"name":"Bellary Road","highway":"trunk","policy":"HGV restrictions on select corridors (BTP)"},"geometry":{"type":"LineString","coordinates":[[77.59287,13.05015],[77.59315,13.05129]]}},{"type":"Feature","properties":{"name":"Bellary Road","highway":"trunk","policy":"HGV restrictions on select corridors (BTP)"},"geometry":{"type":"LineString","coordinates":[[77.58934,13.03893],[77.58948,13.03961]]}},{"type":"Feature","properties":{"name":"Bellary Road","highway":"trunk","policy":"HGV restrictions on select corridors (BTP)"},"geometry":{"type":"LineString","coordinates":[[77.58449,13.02292],[77.58452,13.02306]]}},{"type":"Feature","properties":{"name":"Tumkur Road","highway":"trunk","policy":"HGV restrictions on select corridors (BTP)"},"geometry":{"type":"LineString","coordinates":[[77.55571,13.01571],[77.55564,13.01567]]}},{"type":"Feature","properties":{"name":"Veerannapalya Flyover","highway":"trunk","policy":"HGV restrictions on select corridors (BTP)"},"geometry":{"type":"LineString","coordinates":[[77.61046,13.04302],[77.61073,13.04296]]}},{"type":"Feature","properties":{"name":"Outer Ring Road","highway":"trunk","policy":"HGV restrictions on select corridors (BTP)"},"geometry":{"type":"LineString","coordinates":[[77.59378,13.04217],[77.59412,13.04206],[77.59429,13.04201]]}},{"type":"Feature","properties":{"name":"Outer Ring Road","highway":"trunk","policy":"HGV restrictions on select corridors (BTP)"},"geometry":{"type":"LineString","coordinates":[[77.57847,13.04768],[77.57867,13.04765],[77.57886,13.04761],[77.57905,13.04756]]}},{"type":"Feature","properties":{"name":"Mysore Road","highway":"trunk","policy":"HGV restrictions on select corridors (BTP)"},"geometry":{"type":"LineString","coordinates":[[77.51748,12.93629],[77.51742,12.93629],[77.51721,12.93628],[77.51674,12.93627],[77.51635,12.93622],[77.51624,12.9362],[77.51581,12.93615],[77.51512,12.93606],[77.51472,12.93598],[77.51442,12.93591],[77.51399,12.93578]]}},{"type":"Feature","properties":{"name":"Mysore Road","highway":"trunk","policy":"HGV restrictions on select corridors (BTP)"},"geometry":{"type":"LineString","coordinates":[[77.53314,12.94741],[77.53295,12.94737]]}},{"type":"Feature","properties":{"name":"Mysore Road","highway":"trunk","policy":"HGV restrictions on select corridors (BTP)"},"geometry":{"type":"LineString","coordinates":[[77.54135,12.95263],[77.54124,12.95252],[77.54117,12.95246],[77.54098,12.95231],[77.54006,12.95177],[77.53996,12.9517],[77.53988,12.95164],[77.53974,12.95154],[77.5395,12.95139],[77.5392,12.95119]]}},{"type":"Feature","properties":{"name":"Chord Road Flyover","highway":"trunk","policy":"HGV restrictions on select corridors (BTP)"},"geometry":{"type":"LineString","coordinates":[[77.53824,12.95323],[77.53887,12.95317],[77.53989,12.95302],[77.54046,12.95291]]}},{"type":"Feature","properties":{"name":"Old Madras Road","highway":"trunk","policy":"HGV restrictions on select corridors (BTP)"},"geometry":{"type":"LineString","coordinates":[[77.69209,13.00818],[77.69244,13.00822]]}},{"type":"Feature","properties":{"name":"Old Madras Road","highway":"trunk","policy":"HGV restrictions on select corridors (BTP)"},"geometry":{"type":"LineString","coordinates":[[77.69244,13.00822],[77.69297,13.0083],[77.69332,13.00834],[77.69346,13.00835],[77.69431,13.00836],[77.6945,13.00837],[77.69482,13.00839],[77.69487,13.00839],[77.69518,13.00838],[77.69529,13.00837],[77.6955,13.00837],[77.69577,13.00841]]}},{"type":"Feature","properties":{"name":"NICE Expressway","highway":"motorway","policy":"HGV restrictions on select corridors (BTP)"},"geometry":{"type":"LineString","coordinates":[[77.51421,12.8942],[77.51433,12.89432]]}},{"type":"Feature","properties":{"name":"NICE Expressway","highway":"motorway","policy":"HGV restrictions on select corridors (BTP)"},"geometry":{"type":"LineString","coordinates":[[77.51433,12.89432],[77.51515,12.89519],[77.5158,12.89587],[77.51608,12.89616],[77.51678,12.89688],[77.5171,12.89722],[77.51779,12.89788],[77.51856,12.89851],[77.52104,12.90045],[77.52246,12.90156],[77.52322,12.90216],[77.5237,12.90254],[77.52392,12.90272],[77.52412,12.90287],[77.52431,12.90301],[77.52447,12.90314],[77.52462,12.90326],[77.5247,12.90333],[77.52481,12.90343],[77.52499,12.90359],[77.52509,12.90369]]}},{"type":"Feature","properties":{"name":"NICE Expressway","highway":"motorway","policy":"HGV restrictions on select corridors (BTP)"},"geometry":{"type":"LineString","coordinates":[[77.5144,12.89425],[77.51424,12.89408]]}},{"type":"Feature","properties":{"name":"NICE Expressway","highway":"motorway","policy":"HGV restrictions on select corridors (BTP)"},"geometry":{"type":"LineString","coordinates":[[77.51348,12.89329],[77.51297,12.89273],[77.51275,12.89247],[77.51238,12.89199],[77.51177,12.89114],[77.51119,12.89029],[77.51065,12.88955],[77.51028,12.88912],[77.50992,12.88876],[77.50958,12.88843],[77.5089,12.88788],[77.50809,12.88736],[77.50751,12.88706],[77.50694,12.8868],[77.50613,12.88639],[77.50561,12.88614],[77.503,12.88484],[77.50187,12.8842]]}},{"type":"Feature","properties":{"name":"Kanakapura Road","highway":"trunk","policy":"HGV restrictions on select corridors (BTP)"},"geometry":{"type":"LineString","coordinates":[[77.52333,12.85367],[77.52347,12.85382],[77.52384,12.85421],[77.52414,12.8545],[77.5246,12.85496],[77.52551,12.85583],[77.52614,12.85645],[77.52646,12.85677],[77.52667,12.85699],[77.52721,12.8575],[77.52747,12.85786]]}},{"type":"Feature","properties":{"name":"Kanakapura Road","highway":"trunk","policy":"HGV restrictions on select corridors (BTP)"},"geometry":{"type":"LineString","coordinates":[[77.53893,12.87197],[77.53794,12.87076],[77.53755,12.87026],[77.5375,12.87019],[77.53708,12.86966],[77.5369,12.86945],[77.5368,12.86932],[77.53674,12.86924],[77.53664,12.86912],[77.53654,12.869],[77.53653,12.86897],[77.53636,12.86876],[77.5363,12.86868],[77.53616,12.8685],[77.53606,12.86837],[77.53592,12.86819],[77.53578,12.86799],[77.53563,12.86779],[77.53553,12.86766],[77.53547,12.86758],[77.5353,12.86736],[77.53527,12.86733],[77.53499,12.86697],[77.53465,12.8665],[77.53454,12.86635],[77.53446,12.86625],[77.53426,12.86597],[77.53389,12.86551],[77.5334,12.86488],[77.53325,12.86472],[77.53325,12.86471],[77.533,12.86442],[77.533,12.86441],[77.53274,12.86415],[77.53264,12.86406],[77.53247,12.8639],[77.5324,12.86383]]}},{"type":"Feature","properties":{"name":"Kanakapura Road","highway":"trunk","policy":"HGV restrictions on select corridors (BTP)"},"geometry":{"type":"LineString","coordinates":[[77.5635,12.88959],[77.56343,12.88952]]}},{"type":"Feature","properties":{"name":"NICE Road","highway":"motorway","policy":"HGV restrictions on select corridors (BTP)"},"geometry":{"type":"LineString","coordinates":[[77.47644,12.8956],[77.47716,12.895],[77.47751,12.89472],[77.47865,12.89375],[77.48024,12.8924],[77.48072,12.89199],[77.48173,12.89114],[77.48295,12.89012],[77.48322,12.8899],[77.48353,12.88962],[77.48376,12.88939],[77.48422,12.88892],[77.4851,12.88803],[77.48563,12.8875],[77.4864,12.88672],[77.48693,12.88621],[77.4873,12.88587],[77.48761,12.88562],[77.48803,12.88529],[77.4898,12.88385],[77.49107,12.88287],[77.49242,12.88175],[77.49326,12.88109],[77.49335,12.88102],[77.49349,12.88091],[77.49369,12.88075],[77.49386,12.88056],[77.49411,12.88031],[77.49436,12.88005],[77.49471,12.87958]]}},{"type":"Feature","properties":{"name":"NICE Road","highway":"motorway","policy":"HGV restrictions on select corridors (BTP)"},"geometry":{"type":"LineString","coordinates":[[77.47613,12.89587],[77.47644,12.8956]]}},{"type":"Feature","properties":{"name":"NICE Road","highway":"motorway","policy":"HGV restrictions on select corridors (BTP)"},"geometry":{"type":"LineString","coordinates":[[77.47633,12.89547],[77.47595,12.89579]]}},{"type":"Feature","properties":{"name":"NICE Road","highway":"motorway","policy":"HGV restrictions on select corridors (BTP)"},"geometry":{"type":"LineString","coordinates":[[77.47595,12.89579],[77.4758,12.89592],[77.47564,12.89606],[77.47549,12.89619],[77.47536,12.89631],[77.47527,12.89639],[77.47519,12.89645],[77.47431,12.89719],[77.47349,12.8979],[77.47301,12.89835]]}},{"type":"Feature","properties":{"name":"Outer Ring Road","highway":"trunk","policy":"HGV restrictions on select corridors (BTP)"},"geometry":{"type":"LineString","coordinates":[[77.59024,13.04271],[77.59014,13.04275]]}},{"type":"Feature","properties":{"name":"Hebbal Flyover","highway":"trunk","policy":"HGV restrictions on select corridors (BTP)"},"geometry":{"type":"LineString","coordinates":[[77.59016,13.04209],[77.5901,13.0419],[77.58972,13.04057],[77.58968,13.04043],[77.58965,13.04027],[77.58955,13.0396]]}},{"type":"Feature","properties":{"name":"Mysore Road","highway":"trunk","policy":"HGV restrictions on select corridors (BTP)"},"geometry":{"type":"LineString","coordinates":[[77.47163,12.90549],[77.4719,12.90569],[77.47218,12.90587],[77.47263,12.90622],[77.47295,12.90649],[77.47296,12.90651],[77.47302,12.90656],[77.47316,12.90666],[77.47325,12.90671],[77.47348,12.90684],[77.47396,12.90703],[77.47432,12.90712],[77.47505,12.90728],[77.47543,12.90741],[77.47558,12.90746],[77.4757,12.90753],[77.47579,12.90758],[77.47594,12.90767],[77.47657,12.90814],[77.47706,12.90845],[77.47719,12.90852],[77.47729,12.90859],[77.47743,12.90865]]}},{"type":"Feature","properties":{"name":"Mysore Road","highway":"trunk","policy":"HGV restrictions on select corridors (BTP)"},"geometry":{"type":"LineString","coordinates":[[77.47596,12.90752],[77.47559,12.90731],[77.47538,12.90722],[77.47521,12.90718],[77.47511,12.90715],[77.47405,12.90696],[77.47401,12.90694],[77.47396,12.90692],[77.47355,12.90674],[77.47327,12.90656],[77.47324,12.90654],[77.4732,12.90652],[77.47309,12.90643],[77.47269,12.90612],[77.47224,12.90579],[77.47194,12.9056],[77.47167,12.9054]]}},{"type":"Feature","properties":{"name":"freight corridor","highway":"trunk","policy":"HGV restrictions on select corridors (BTP)"},"geometry":{"type":"LineString","coordinates":[[77.59256,13.0736],[77.59255,13.07435],[77.59256,13.07473],[77.59257,13.07512],[77.5926,13.07563],[77.59262,13.07598],[77.59265,13.07627],[77.5927,13.07689],[77.59274,13.07722],[77.59274,13.07723],[77.59276,13.07746],[77.59282,13.07805],[77.59284,13.07832],[77.59288,13.07865],[77.59299,13.07986],[77.59301,13.08016],[77.59303,13.08046],[77.59309,13.08144],[77.59312,13.08178],[77.59313,13.08187]]}},{"type":"Feature","properties":{"name":"Bellary Road","highway":"trunk","policy":"HGV restrictions on select corridors (BTP)"},"geometry":{"type":"LineString","coordinates":[[77.59327,13.05129],[77.59315,13.05079]]}},{"type":"Feature","properties":{"name":"freight corridor","highway":"trunk","policy":"HGV restrictions on select corridors (BTP)"},"geometry":{"type":"LineString","coordinates":[[77.5922,13.04776],[77.59213,13.0476],[77.59206,13.04747],[77.59203,13.04738],[77.59196,13.04717],[77.59171,13.04647],[77.5916,13.04638]]}},{"type":"Feature","properties":{"name":"freight corridor","highway":"trunk","policy":"HGV restrictions on select corridors (BTP)"},"geometry":{"type":"LineString","coordinates":[[77.59231,13.048],[77.59223,13.04783],[77.5922,13.04776]]}},{"type":"Feature","properties":{"name":"Bellary Road","highway":"trunk","policy":"HGV restrictions on select corridors (BTP)"},"geometry":{"type":"LineString","coordinates":[[77.59137,13.04655],[77.59182,13.04751],[77.59191,13.0477],[77.592,13.04788]]}},{"type":"Feature","properties":{"name":"Bellary Road","highway":"trunk","policy":"HGV restrictions on select corridors (BTP)"},"geometry":{"type":"LineString","coordinates":[[77.592,13.04788],[77.59213,13.04815]]}},{"type":"Feature","properties":{"name":"Bellary Road","highway":"trunk","policy":"HGV restrictions on select corridors (BTP)"},"geometry":{"type":"LineString","coordinates":[[77.5921,13.04781],[77.59201,13.04763],[77.5919,13.04739],[77.59186,13.0473]]}},{"type":"Feature","properties":{"name":"Bellary Road","highway":"trunk","policy":"HGV restrictions on select corridors (BTP)"},"geometry":{"type":"LineString","coordinates":[[77.59223,13.04806],[77.5921,13.04781]]}},{"type":"Feature","properties":{"name":"Nagawara Flyover","highway":"trunk","policy":"HGV restrictions on select corridors (BTP)"},"geometry":{"type":"LineString","coordinates":[[77.62573,13.03817],[77.62565,13.03826]]}},{"type":"Feature","properties":{"name":"Outer Ring Road","highway":"trunk","policy":"HGV restrictions on select corridors (BTP)"},"geometry":{"type":"LineString","coordinates":[[77.6263,13.03771],[77.62601,13.03789]]}},{"type":"Feature","properties":{"name":"NICE Road","highway":"motorway","policy":"HGV restrictions on select corridors (BTP)"},"geometry":{"type":"LineString","coordinates":[[77.46967,12.94067],[77.46957,12.93887],[77.46955,12.93811],[77.46958,12.9366]]}},{"type":"Feature","properties":{"name":"NICE Road","highway":"motorway","policy":"HGV restrictions on select corridors (BTP)"},"geometry":{"type":"LineString","coordinates":[[77.4694,12.9366],[77.4694,12.9375],[77.46939,12.93811],[77.4694,12.93885],[77.46943,12.93951],[77.4695,12.94066]]}},{"type":"Feature","properties":{"name":"NICE Expressway","highway":"motorway","policy":"HGV restrictions on select corridors (BTP)"},"geometry":{"type":"LineString","coordinates":[[77.53778,12.94928],[77.53778,12.94932],[77.53777,12.9495],[77.53774,12.94969]]}},{"type":"Feature","properties":{"name":"NICE Expressway","highway":"motorway","policy":"HGV restrictions on select corridors (BTP)"},"geometry":{"type":"LineString","coordinates":[[77.53781,12.94974],[77.53785,12.94955],[77.53785,12.94938],[77.53786,12.94931]]}},{"type":"Feature","properties":{"name":"NICE Road","highway":"motorway","policy":"HGV restrictions on select corridors (BTP)"},"geometry":{"type":"LineString","coordinates":[[77.63018,12.86623],[77.62994,12.86615],[77.62923,12.86592]]}},{"type":"Feature","properties":{"name":"NICE Road","highway":"motorway","policy":"HGV restrictions on select corridors (BTP)"},"geometry":{"type":"LineString","coordinates":[[77.62913,12.86606],[77.63017,12.86639]]}},{"type":"Feature","properties":{"name":"Outer Ring Road","highway":"trunk","policy":"HGV restrictions on select corridors (BTP)"},"geometry":{"type":"LineString","coordinates":[[77.55378,13.04381],[77.5535,13.04373],[77.55338,13.04369],[77.55337,13.04369]]}},{"type":"Feature","properties":{"name":"Outer Ring Road","highway":"trunk","policy":"HGV restrictions on select corridors (BTP)"},"geometry":{"type":"LineString","coordinates":[[77.54077,13.03244],[77.54027,13.02969],[77.54022,13.02942],[77.54015,13.02911],[77.54012,13.02906],[77.54008,13.02896],[77.54001,13.02881]]}},{"type":"Feature","properties":{"name":"Kanakapura Road","highway":"trunk","policy":"HGV restrictions on select corridors (BTP)"},"geometry":{"type":"LineString","coordinates":[[77.56622,12.89218],[77.56628,12.89224],[77.56653,12.89247],[77.56713,12.89301],[77.56722,12.89309],[77.56777,12.89363],[77.56798,12.89382],[77.56817,12.89402],[77.56857,12.89439],[77.56895,12.89483],[77.56991,12.89593],[77.57002,12.89605],[77.57052,12.89662],[77.57066,12.89677],[77.57075,12.89686],[77.57078,12.89689],[77.57079,12.8969],[77.57093,12.89706],[77.57094,12.89707],[77.571,12.89714],[77.57108,12.89723],[77.57125,12.89743],[77.57148,12.89766],[77.57186,12.89817],[77.57189,12.89821],[77.57222,12.89867],[77.57243,12.89896],[77.57262,12.89925],[77.57273,12.89946],[77.57284,12.89977],[77.57292,12.90003],[77.57295,12.90015],[77.57309,12.90062],[77.57318,12.90093],[77.5733,12.90135],[77.57337,12.9017],[77.5734,12.90206],[77.57337,12.90234],[77.57334,12.9025],[77.57327,12.90305],[77.5732,12.90344],[77.57319,12.90353],[77.57319,12.90357],[77.57317,12.90385],[77.57317,12.90394],[77.57317,12.90402],[77.57321,12.90432],[77.57325,12.90473],[77.57328,12.90502],[77.57331,12.90547],[77.5733,12.90566],[77.57328,12.90576],[77.57324,12.90619],[77.57323,12.90625],[77.57322,12.90631],[77.57321,12.90635]]}},{"type":"Feature","properties":{"name":"Outer Ring Road Underpass","highway":"trunk","policy":"HGV restrictions on select corridors (BTP)"},"geometry":{"type":"LineString","coordinates":[[77.63559,13.02683],[77.63608,13.02669],[77.63637,13.02662],[77.6368,13.02652],[77.63712,13.02645]]}},{"type":"Feature","properties":{"name":"Kanakapura Road","highway":"trunk","policy":"HGV restrictions on select corridors (BTP)"},"geometry":{"type":"LineString","coordinates":[[77.52747,12.85786],[77.52764,12.85808],[77.52774,12.85824],[77.52793,12.85848],[77.52796,12.85852],[77.52805,12.85862]]}},{"type":"Feature","properties":{"name":"Kanakapura Road","highway":"trunk","policy":"HGV restrictions on select corridors (BTP)"},"geometry":{"type":"LineString","coordinates":[[77.528,12.85835],[77.52785,12.85815],[77.52772,12.85798],[77.52742,12.85755],[77.52734,12.85746],[77.52686,12.85693],[77.5268,12.85687],[77.52656,12.85664],[77.52634,12.85644],[77.52625,12.85635],[77.52566,12.85576],[77.52374,12.85388],[77.52357,12.85372],[77.52345,12.85359]]}},{"type":"Feature","properties":{"name":"Kanakapura Road","highway":"trunk","policy":"HGV restrictions on select corridors (BTP)"},"geometry":{"type":"LineString","coordinates":[[77.52222,12.84906],[77.5221,12.84886],[77.52206,12.84877],[77.52198,12.84866],[77.52177,12.84834],[77.52123,12.84762],[77.52104,12.84729],[77.52082,12.84693],[77.5207,12.84671],[77.52055,12.84643],[77.52031,12.84597],[77.52003,12.84554],[77.51986,12.84531]]}},{"type":"Feature","properties":{"name":"Kanakapura Road","highway":"trunk","policy":"HGV restrictions on select corridors (BTP)"},"geometry":{"type":"LineString","coordinates":[[77.52057,12.84677],[77.52091,12.84732],[77.52114,12.84768],[77.52143,12.84807],[77.52171,12.84845],[77.5219,12.84872],[77.52196,12.84881],[77.52201,12.8489],[77.5221,12.84908]]}},{"type":"Feature","properties":{"name":"Bannerghatta Road","highway":"trunk","policy":"HGV restrictions on select corridors (BTP)"},"geometry":{"type":"LineString","coordinates":[[77.6006,12.90737],[77.60064,12.9073]]}},{"type":"Feature","properties":{"name":"Bannerghatta Road","highway":"trunk","policy":"HGV restrictions on select corridors (BTP)"},"geometry":{"type":"LineString","coordinates":[[77.60057,12.90727],[77.60052,12.90734]]}},{"type":"Feature","properties":{"name":"Tumkur Road","highway":"trunk","policy":"HGV restrictions on select corridors (BTP)"},"geometry":{"type":"LineString","coordinates":[[77.54128,13.02828],[77.54136,13.02823],[77.54146,13.02817],[77.5415,13.02815],[77.54153,13.02813],[77.54163,13.02808],[77.54172,13.02803],[77.54191,13.02793],[77.54207,13.02783],[77.54246,13.02763],[77.54292,13.02737],[77.543,13.02732],[77.54335,13.02711],[77.54354,13.027],[77.5439,13.02679],[77.54412,13.02666],[77.54432,13.02655],[77.54437,13.02652],[77.54451,13.02644],[77.54479,13.02628],[77.54503,13.02614],[77.5451,13.02611],[77.54526,13.02601],[77.54575,13.02573],[77.54671,13.02519],[77.54717,13.02493],[77.54751,13.02474],[77.54757,13.02471],[77.54774,13.02461],[77.54782,13.02457],[77.54793,13.0245],[77.54801,13.02446],[77.54809,13.02441],[77.54826,13.02431],[77.54843,13.02422]]}},{"type":"Feature","properties":{"name":"Veerannapalya Flyover","highway":"trunk","policy":"HGV restrictions on select corridors (BTP)"},"geometry":{"type":"LineString","coordinates":[[77.61107,13.04268],[77.61036,13.04287]]}},{"type":"Feature","properties":{"name":"Outer Ring Road","highway":"trunk","policy":"HGV restrictions on select corridors (BTP)"},"geometry":{"type":"LineString","coordinates":[[77.62293,12.9174],[77.62315,12.91745],[77.62363,12.91756],[77.62438,12.91768]]}},{"type":"Feature","properties":{"name":"Outer Ring Road","highway":"trunk","policy":"HGV restrictions on select corridors (BTP)"},"geometry":{"type":"LineString","coordinates":[[77.5908,13.04272],[77.59063,13.04271],[77.59056,13.04269],[77.59051,13.04269],[77.59024,13.04271]]}},{"type":"Feature","properties":{"name":"Outer Ring Road","highway":"trunk","policy":"HGV restrictions on select corridors (BTP)"},"geometry":{"type":"LineString","coordinates":[[77.61984,13.04113],[77.61992,13.04113],[77.62014,13.04114],[77.62041,13.04115],[77.62112,13.04117],[77.62198,13.0412],[77.62228,13.04121],[77.62231,13.04121]]}},{"type":"Feature","properties":{"name":"Nagawara Flyover","highway":"trunk","policy":"HGV restrictions on select corridors (BTP)"},"geometry":{"type":"LineString","coordinates":[[77.62559,13.03859],[77.6258,13.03829]]}},{"type":"Feature","properties":{"name":"NICE Road","highway":"motorway","policy":"HGV restrictions on select corridors (BTP)"},"geometry":{"type":"LineString","coordinates":[[77.47303,12.99282],[77.47296,12.99248],[77.47292,12.99226],[77.47274,12.9914]]}},{"type":"Feature","properties":{"name":"NICE Road","highway":"motorway","policy":"HGV restrictions on select corridors (BTP)"},"geometry":{"type":"LineString","coordinates":[[77.47616,13.016],[77.47615,13.01566],[77.4761,13.01485],[77.47602,13.01413],[77.47594,13.01355],[77.47584,13.01278],[77.47573,13.01221],[77.47565,13.01181],[77.47534,13.01036],[77.47503,13.00899],[77.47478,13.00778],[77.47468,13.0072],[77.47463,13.00691],[77.47456,13.00614],[77.47443,13.00404],[77.47438,13.00318],[77.47432,13.00212],[77.4742,13.00034],[77.47415,12.99944],[77.47405,12.99824],[77.47403,12.99799],[77.474,12.99768],[77.47397,12.9975],[77.47384,12.99681]]}},{"type":"Feature","properties":{"name":"NICE Road","highway":"motorway","policy":"HGV restrictions on select corridors (BTP)"},"geometry":{"type":"LineString","coordinates":[[77.47368,12.99683],[77.4738,12.99754],[77.47383,12.99775],[77.47386,12.99801],[77.47388,12.99826],[77.47403,13.00038],[77.47421,13.00317],[77.47426,13.00405],[77.47439,13.00614],[77.47447,13.00694],[77.47451,13.0072],[77.47461,13.00782],[77.47486,13.00897],[77.47518,13.01042],[77.47548,13.01186],[77.47555,13.01224],[77.47566,13.01283],[77.47573,13.01326],[77.47576,13.01346],[77.47584,13.01414],[77.47591,13.01484],[77.47596,13.01565],[77.47598,13.016]]}},{"type":"Feature","properties":{"name":"NICE Road","highway":"motorway","policy":"HGV restrictions on select corridors (BTP)"},"geometry":{"type":"LineString","coordinates":[[77.47212,12.98928],[77.47236,12.99048],[77.47246,12.99094],[77.47253,12.99131],[77.47266,12.99189],[77.47287,12.99286],[77.4729,12.99301],[77.47297,12.99337],[77.47304,12.99371],[77.47321,12.99457],[77.47368,12.99683]]}},{"type":"Feature","properties":{"name":"Hosur Road","highway":"trunk","policy":"HGV restrictions on select corridors (BTP)"},"geometry":{"type":"LineString","coordinates":[[77.66534,12.85493],[77.66648,12.85348],[77.66656,12.85337],[77.66828,12.85119],[77.66928,12.84999],[77.66954,12.84965],[77.67027,12.8487],[77.67043,12.84849],[77.67088,12.84796],[77.67097,12.84785],[77.67153,12.84719],[77.67181,12.84685],[77.67185,12.84682],[77.67202,12.84661],[77.67244,12.846],[77.67413,12.84384],[77.6749,12.84284],[77.67537,12.84236],[77.67557,12.84212],[77.67622,12.84117],[77.67632,12.84101],[77.6764,12.84089]]}},{"type":"Feature","properties":{"name":"Mysore Road","highway":"trunk","policy":"HGV restrictions on select corridors (BTP)"},"geometry":{"type":"LineString","coordinates":[[77.51008,12.93397],[77.50993,12.93384],[77.50962,12.93359],[77.5096,12.93357],[77.50914,12.93319],[77.50854,12.93262],[77.50671,12.93141]]}},{"type":"Feature","properties":{"name":"Mysore Road","highway":"trunk","policy":"HGV restrictions on select corridors (BTP)"},"geometry":{"type":"LineString","coordinates":[[77.51369,12.93569],[77.51364,12.93567],[77.51357,12.93565],[77.51347,12.93562],[77.51332,12.93558],[77.51314,12.93554],[77.51309,12.93553],[77.513,12.93551],[77.51292,12.93548],[77.5129,12.93548],[77.51289,12.93548],[77.51287,12.93547],[77.51223,12.93529],[77.51172,12.9351],[77.51164,12.93508],[77.51148,12.935],[77.51143,12.93497],[77.5112,12.93486],[77.5107,12.93447],[77.51019,12.93406],[77.51008,12.93397]]}},{"type":"Feature","properties":{"name":"Outer Ring Road","highway":"trunk","policy":"HGV restrictions on select corridors (BTP)"},"geometry":{"type":"LineString","coordinates":[[77.7003,12.95345],[77.70005,12.95244]]}},{"type":"Feature","properties":{"name":"Marathahalli Underpass","highway":"trunk","policy":"HGV restrictions on select corridors (BTP)"},"geometry":{"type":"LineString","coordinates":[[77.70122,12.95962],[77.70127,12.95997],[77.70128,12.96004],[77.70129,12.96008],[77.70131,12.96024]]}},{"type":"Feature","properties":{"name":"Outer Ring Road","highway":"trunk","policy":"HGV restrictions on select corridors (BTP)"},"geometry":{"type":"LineString","coordinates":[[77.70217,12.96701],[77.70218,12.96698],[77.70222,12.96673],[77.70224,12.96651],[77.70224,12.96624],[77.70221,12.96575],[77.70215,12.96515],[77.70211,12.96477],[77.70208,12.96454],[77.70208,12.9645],[77.70191,12.96333],[77.70184,12.96291],[77.70171,12.96209],[77.70153,12.96076],[77.70152,12.9607],[77.70151,12.96061],[77.70142,12.95996],[77.70141,12.95988],[77.7014,12.9598]]}},{"type":"Feature","properties":{"name":"Marathahalli Underpass","highway":"trunk","policy":"HGV restrictions on select corridors (BTP)"},"geometry":{"type":"LineString","coordinates":[[77.7014,12.9598],[77.70138,12.95968],[77.70138,12.95959]]}},{"type":"Feature","properties":{"name":"Outer Ring Road","highway":"trunk","policy":"HGV restrictions on select corridors (BTP)"},"geometry":{"type":"LineString","coordinates":[[77.66967,12.99693],[77.66937,12.9968],[77.66924,12.99674],[77.66912,12.99669],[77.66907,12.99667],[77.66904,12.99666]]}},{"type":"Feature","properties":{"name":"Benniganahalli Flyover","highway":"trunk","policy":"HGV restrictions on select corridors (BTP)"},"geometry":{"type":"LineString","coordinates":[[77.66828,12.99634],[77.66775,12.9961]]}},{"type":"Feature","properties":{"name":"Outer Ring Road","highway":"trunk","policy":"HGV restrictions on select corridors (BTP)"},"geometry":{"type":"LineString","coordinates":[[77.67912,13.00041],[77.67963,13.00043]]}},{"type":"Feature","properties":{"name":"Outer Ring Road","highway":"trunk","policy":"HGV restrictions on select corridors (BTP)"},"geometry":{"type":"LineString","coordinates":[[77.68096,13.00023],[77.68086,13.00027]]}},{"type":"Feature","properties":{"name":"Outer Ring Road","highway":"trunk","policy":"HGV restrictions on select corridors (BTP)"},"geometry":{"type":"LineString","coordinates":[[77.62438,12.91768],[77.62474,12.91771]]}},{"type":"Feature","properties":{"name":"Outer Ring Road","highway":"trunk","policy":"HGV restrictions on select corridors (BTP)"},"geometry":{"type":"LineString","coordinates":[[77.54195,13.03839],[77.54206,13.03855],[77.54216,13.03864],[77.54228,13.03874]]}},{"type":"Feature","properties":{"name":"Outer Ring Road","highway":"trunk","policy":"HGV restrictions on select corridors (BTP)"},"geometry":{"type":"LineString","coordinates":[[77.54228,13.03874],[77.54248,13.03891]]}},{"type":"Feature","properties":{"name":"Hosur Road","highway":"trunk","policy":"HGV restrictions on select corridors (BTP)"},"geometry":{"type":"LineString","coordinates":[[77.67405,12.84357],[77.67276,12.84526]]}},{"type":"Feature","properties":{"name":"Outer Ring Road","highway":"trunk","policy":"HGV restrictions on select corridors (BTP)"},"geometry":{"type":"LineString","coordinates":[[77.64707,12.92377],[77.64687,12.92365],[77.64662,12.92349]]}},{"type":"Feature","properties":{"name":"Hebbal Service Road towards Bengaluru","highway":"trunk","policy":"HGV restrictions on select corridors (BTP)"},"geometry":{"type":"LineString","coordinates":[[77.5935,13.08164],[77.59338,13.0814],[77.59332,13.08088],[77.59321,13.07975],[77.59297,13.07723],[77.59294,13.07692],[77.59282,13.07562],[77.59279,13.07513],[77.59278,13.07456],[77.59278,13.07383]]}},{"type":"Feature","properties":{"name":"Hebbal Service Road towards Bengaluru","highway":"trunk","policy":"HGV restrictions on select corridors (BTP)"},"geometry":{"type":"LineString","coordinates":[[77.59279,13.0736],[77.59279,13.07345]]}},{"type":"Feature","properties":{"name":"Nagawara Flyover","highway":"trunk","policy":"HGV restrictions on select corridors (BTP)"},"geometry":{"type":"LineString","coordinates":[[77.62264,13.04107],[77.62239,13.04106],[77.62203,13.04105],[77.62155,13.04104],[77.61872,13.04095],[77.61865,13.04094],[77.61808,13.04091],[77.61762,13.04088],[77.61735,13.04087]]}},{"type":"Feature","properties":{"name":"Outer Ring Road","highway":"trunk","policy":"HGV restrictions on select corridors (BTP)"},"geometry":{"type":"LineString","coordinates":[[77.62598,13.03809],[77.62608,13.038],[77.62611,13.03797]]}},{"type":"Feature","properties":{"name":"Outer Ring Road","highway":"trunk","policy":"HGV restrictions on select corridors (BTP)"},"geometry":{"type":"LineString","coordinates":[[77.62611,13.03797],[77.62632,13.03785]]}},{"type":"Feature","properties":{"name":"Outer Ring Road","highway":"trunk","policy":"HGV restrictions on select corridors (BTP)"},"geometry":{"type":"LineString","coordinates":[[77.70131,12.96024],[77.70138,12.96063],[77.70147,12.96127],[77.70157,12.9619],[77.70168,12.96264],[77.70188,12.96396],[77.70201,12.9649],[77.70204,12.96519],[77.70211,12.96606],[77.70212,12.96625],[77.70211,12.96638],[77.70211,12.96644],[77.70209,12.96666],[77.70207,12.96673],[77.70203,12.96694],[77.70202,12.96697]]}},{"type":"Feature","properties":{"name":"Kanakapura Road","highway":"trunk","policy":"HGV restrictions on select corridors (BTP)"},"geometry":{"type":"LineString","coordinates":[[77.52898,12.85994],[77.52893,12.85985],[77.52891,12.8598],[77.52878,12.85961],[77.52848,12.8591],[77.52843,12.85902],[77.52831,12.85883],[77.528,12.85835]]}},{"type":"Feature","properties":{"name":"Bangalore - Nelamangala Expressway","highway":"motorway","policy":"HGV restrictions on select corridors (BTP)"},"geometry":{"type":"LineString","coordinates":[[77.46938,13.05807],[77.47182,13.05737],[77.47353,13.05689]]}},{"type":"Feature","properties":{"name":"Bangalore - Nelamangala Expressway","highway":"motorway","policy":"HGV restrictions on select corridors (BTP)"},"geometry":{"type":"LineString","coordinates":[[77.47353,13.05689],[77.4738,13.05681]]}},{"type":"Feature","properties":{"name":"Bangalore - Nelamangala Expressway","highway":"motorway","policy":"HGV restrictions on select corridors (BTP)"},"geometry":{"type":"LineString","coordinates":[[77.4735,13.05678],[77.47093,13.05748],[77.46933,13.05793]]}},{"type":"Feature","properties":{"name":"Bangalore - Nelamangala Expressway","highway":"motorway","policy":"HGV restrictions on select corridors (BTP)"},"geometry":{"type":"LineString","coordinates":[[77.47376,13.0567],[77.4735,13.05678]]}},{"type":"Feature","properties":{"name":"Outer Ring Road","highway":"trunk","policy":"HGV restrictions on select corridors (BTP)"},"geometry":{"type":"LineString","coordinates":[[77.62197,12.91693],[77.62152,12.91678]]}},{"type":"Feature","properties":{"name":"Outer Ring Road","highway":"trunk","policy":"HGV restrictions on select corridors (BTP)"},"geometry":{"type":"LineString","coordinates":[[77.62152,12.91678],[77.61994,12.91631]]}},{"type":"Feature","properties":{"name":"Outer Ring Road","highway":"trunk","policy":"HGV restrictions on select corridors (BTP)"},"geometry":{"type":"LineString","coordinates":[[77.52067,12.99127],[77.52089,12.99193],[77.52116,12.99269],[77.52132,12.99307],[77.52135,12.99316],[77.52171,12.99399],[77.52175,12.99406],[77.52182,12.99422],[77.52184,12.99427]]}},{"type":"Feature","properties":{"name":"Outer Ring Road","highway":"trunk","policy":"HGV restrictions on select corridors (BTP)"},"geometry":{"type":"LineString","coordinates":[[77.52184,12.99427],[77.52188,12.99435]]}},{"type":"Feature","properties":{"name":"Outer Ring Road","highway":"trunk","policy":"HGV restrictions on select corridors (BTP)"},"geometry":{"type":"LineString","coordinates":[[77.52188,12.99435],[77.52214,12.99491],[77.52245,12.99555],[77.52278,12.99626],[77.523,12.99675],[77.52339,12.9976]]}},{"type":"Feature","properties":{"name":"Outer Ring Road","highway":"trunk","policy":"HGV restrictions on select corridors (BTP)"},"geometry":{"type":"LineString","coordinates":[[77.52368,12.99819],[77.52374,12.99831],[77.52396,12.99879],[77.52408,12.99905]]}},{"type":"Feature","properties":{"name":"Outer Ring Road","highway":"trunk","policy":"HGV restrictions on select corridors (BTP)"},"geometry":{"type":"LineString","coordinates":[[77.52195,12.99422],[77.52189,12.99407],[77.52183,12.99394],[77.52152,12.99326],[77.52152,12.99324],[77.52143,12.99303],[77.52128,12.99266],[77.52098,12.99184],[77.5208,12.9913],[77.52079,12.99123]]}},{"type":"Feature","properties":{"name":"Outer Ring Road","highway":"trunk","policy":"HGV restrictions on select corridors (BTP)"},"geometry":{"type":"LineString","coordinates":[[77.52199,12.99429],[77.52195,12.99422]]}},{"type":"Feature","properties":{"name":"Outer Ring Road","highway":"trunk","policy":"HGV restrictions on select corridors (BTP)"},"geometry":{"type":"LineString","coordinates":[[77.61422,12.91652],[77.61457,12.9165],[77.61508,12.91647],[77.61513,12.91647]]}},{"type":"Feature","properties":{"name":"Outer Ring Road","highway":"trunk","policy":"HGV restrictions on select corridors (BTP)"},"geometry":{"type":"LineString","coordinates":[[77.61524,12.91645],[77.61526,12.91645],[77.61573,12.91641],[77.6163,12.91635]]}},{"type":"Feature","properties":{"name":"Outer Ring Road","highway":"trunk","policy":"HGV restrictions on select corridors (BTP)"},"geometry":{"type":"LineString","coordinates":[[77.6157,12.91626],[77.61528,12.9163]]}},{"type":"Feature","properties":{"name":"Mysore Road","highway":"trunk","policy":"HGV restrictions on select corridors (BTP)"},"geometry":{"type":"LineString","coordinates":[[77.53913,12.95113],[77.53896,12.95103],[77.53878,12.95094],[77.53875,12.95094]]}},{"type":"Feature","properties":{"name":"Mysore Road","highway":"trunk","policy":"HGV restrictions on select corridors (BTP)"},"geometry":{"type":"LineString","coordinates":[[77.5392,12.95119],[77.53913,12.95113]]}},{"type":"Feature","properties":{"name":"Outer Ring Road","highway":"trunk","policy":"HGV restrictions on select corridors (BTP)"},"geometry":{"type":"LineString","coordinates":[[77.66545,12.92092],[77.66556,12.92093]]}},{"type":"Feature","properties":{"name":"Outer Ring Road","highway":"trunk","policy":"HGV restrictions on select corridors (BTP)"},"geometry":{"type":"LineString","coordinates":[[77.66556,12.92093],[77.66599,12.92115]]}},{"type":"Feature","properties":{"name":"Hosur Road","highway":"trunk","policy":"HGV restrictions on select corridors (BTP)"},"geometry":{"type":"LineString","coordinates":[[77.65337,12.86999],[77.6534,12.86995]]}},{"type":"Feature","properties":{"name":"Hosur Road","highway":"trunk","policy":"HGV restrictions on select corridors (BTP)"},"geometry":{"type":"LineString","coordinates":[[77.6533,12.86983],[77.65327,12.86987]]}},{"type":"Feature","properties":{"name":"Hosur Road","highway":"trunk","policy":"HGV restrictions on select corridors (BTP)"},"geometry":{"type":"LineString","coordinates":[[77.65339,12.86972],[77.65336,12.86975],[77.65333,12.86979]]}},{"type":"Feature","properties":{"name":"Srinagar - Kanyakumari Highway","highway":"trunk","policy":"HGV restrictions on select corridors (BTP)"},"geometry":{"type":"LineString","coordinates":[[77.62293,12.9174],[77.62295,12.91729]]}},{"type":"Feature","properties":{"name":"Outer Ring Road","highway":"trunk","policy":"HGV restrictions on select corridors (BTP)"},"geometry":{"type":"LineString","coordinates":[[77.62331,12.91735],[77.62316,12.91732],[77.62295,12.91729]]}},{"type":"Feature","properties":{"name":"Tumkur Road","highway":"trunk","policy":"HGV restrictions on select corridors (BTP)"},"geometry":{"type":"LineString","coordinates":[[77.5484,13.02405],[77.5476,13.02452],[77.54555,13.02569],[77.54457,13.02625],[77.54443,13.02632],[77.54436,13.02636],[77.54428,13.02641],[77.54422,13.02644]]}},{"type":"Feature","properties":{"name":"Hosur Road","highway":"trunk","policy":"HGV restrictions on select corridors (BTP)"},"geometry":{"type":"LineString","coordinates":[[77.6203,12.92121],[77.62037,12.92108]]}},{"type":"Feature","properties":{"name":"Bannerghatta Road","highway":"trunk","policy":"HGV restrictions on select corridors (BTP)"},"geometry":{"type":"LineString","coordinates":[[77.60014,12.91065],[77.60016,12.91043],[77.60019,12.9102]]}},{"type":"Feature","properties":{"name":"Dr. CV Raman Road","highway":"trunk","policy":"HGV restrictions on select corridors (BTP)"},"geometry":{"type":"LineString","coordinates":[[77.56762,13.01433],[77.56776,13.01435],[77.56808,13.01437],[77.56852,13.01439],[77.56991,13.01449],[77.56994,13.01449],[77.57135,13.01459],[77.57179,13.01463],[77.57218,13.01465],[77.57235,13.01467]]}},{"type":"Feature","properties":{"name":"Dr. CV Raman Road","highway":"trunk","policy":"HGV restrictions on select corridors (BTP)"},"geometry":{"type":"LineString","coordinates":[[77.57235,13.01467],[77.57241,13.01467]]}},{"type":"Feature","properties":{"name":"Dr. CV Raman Road","highway":"trunk","policy":"HGV restrictions on select corridors (BTP)"},"geometry":{"type":"LineString","coordinates":[[77.57276,13.01462],[77.57248,13.0146]]}},{"type":"Feature","properties":{"name":"Dr. CV Raman Road","highway":"trunk","policy":"HGV restrictions on select corridors (BTP)"},"geometry":{"type":"LineString","coordinates":[[77.57241,13.01459],[77.57235,13.01459]]}},{"type":"Feature","properties":{"name":"Hosur Road","highway":"trunk","policy":"HGV restrictions on select corridors (BTP)"},"geometry":{"type":"LineString","coordinates":[[77.66431,12.85593],[77.66425,12.85602]]}},{"type":"Feature","properties":{"name":"Outer Ring Road","highway":"trunk","policy":"HGV restrictions on select corridors (BTP)"},"geometry":{"type":"LineString","coordinates":[[77.54248,13.03891],[77.54266,13.03906],[77.5429,13.03927]]}},{"type":"Feature","properties":{"name":"Outer Ring Road","highway":"trunk","policy":"HGV restrictions on select corridors (BTP)"},"geometry":{"type":"LineString","coordinates":[[77.5429,13.03927],[77.54314,13.03947]]}},{"type":"Feature","properties":{"name":"Outer Ring Road","highway":"trunk","policy":"HGV restrictions on select corridors (BTP)"},"geometry":{"type":"LineString","coordinates":[[77.54314,13.03947],[77.54331,13.03962],[77.54369,13.03998],[77.54396,13.0402]]}},{"type":"Feature","properties":{"name":"Outer Ring Road","highway":"trunk","policy":"HGV restrictions on select corridors (BTP)"},"geometry":{"type":"LineString","coordinates":[[77.54995,12.92545],[77.55001,12.92542]]}},{"type":"Feature","properties":{"name":"Outer Ring Road","highway":"trunk","policy":"HGV restrictions on select corridors (BTP)"},"geometry":{"type":"LineString","coordinates":[[77.54991,12.92537],[77.54987,12.9254],[77.54967,12.92551]]}},{"type":"Feature","properties":{"name":"Outer Ring Road","highway":"trunk","policy":"HGV restrictions on select corridors (BTP)"},"geometry":{"type":"LineString","coordinates":[[77.54997,12.92534],[77.54991,12.92537]]}},{"type":"Feature","properties":{"name":"Outer Ring Road","highway":"trunk","policy":"HGV restrictions on select corridors (BTP)"},"geometry":{"type":"LineString","coordinates":[[77.55001,12.92542],[77.55011,12.92536],[77.55053,12.92512],[77.55084,12.92495],[77.55108,12.92483],[77.55155,12.92458],[77.55161,12.92455],[77.5517,12.92452],[77.55209,12.92438],[77.55318,12.92402]]}},{"type":"Feature","properties":{"name":"NICE Road","highway":"motorway","policy":"HGV restrictions on select corridors (BTP)"},"geometry":{"type":"LineString","coordinates":[[77.47598,13.016],[77.47598,13.01607]]}},{"type":"Feature","properties":{"name":"NICE Road","highway":"motorway","policy":"HGV restrictions on select corridors (BTP)"},"geometry":{"type":"LineString","coordinates":[[77.47616,13.01606],[77.47616,13.016]]}},{"type":"Feature","properties":{"name":"Bengaluru-Mysuru Expressway","highway":"trunk","policy":"HGV restrictions on select corridors (BTP)"},"geometry":{"type":"LineString","coordinates":[[77.46739,12.90086],[77.46629,12.90016],[77.46596,12.89994],[77.4655,12.89965],[77.46505,12.89936],[77.4648,12.8992],[77.46457,12.89903],[77.46452,12.899],[77.46415,12.89874],[77.46405,12.89867],[77.46363,12.89837],[77.46354,12.89832],[77.46329,12.89815]]}},{"type":"Feature","properties":{"name":"Bannerghatta Road","highway":"trunk","policy":"HGV restrictions on select corridors (BTP)"},"geometry":{"type":"LineString","coordinates":[[77.60035,12.90773],[77.60017,12.90836],[77.6001,12.90901],[77.60003,12.90922],[77.59995,12.90993],[77.59993,12.91015],[77.59992,12.91022],[77.5999,12.91039],[77.59992,12.91048],[77.59996,12.91062],[77.59997,12.91065],[77.59998,12.91072],[77.59998,12.91096],[77.59984,12.91273],[77.59984,12.91302],[77.59983,12.91307],[77.59983,12.91366],[77.59983,12.91376],[77.59982,12.91426]]}},{"type":"Feature","properties":{"name":"Bannerghatta Road","highway":"trunk","policy":"HGV restrictions on select corridors (BTP)"},"geometry":{"type":"LineString","coordinates":[[77.60052,12.90734],[77.60046,12.90745],[77.60041,12.90755],[77.60038,12.90764],[77.60035,12.90773]]}},{"type":"Feature","properties":{"name":"Outer Ring Road","highway":"trunk","policy":"HGV restrictions on select corridors (BTP)"},"geometry":{"type":"LineString","coordinates":[[77.60025,12.90727],[77.60033,12.90729],[77.60052,12.90734]]}},{"type":"Feature","properties":{"name":"Outer Ring Road","highway":"trunk","policy":"HGV restrictions on select corridors (BTP)"},"geometry":{"type":"LineString","coordinates":[[77.60017,12.90724],[77.60025,12.90727]]}},{"type":"Feature","properties":{"name":"Outer Ring Road","highway":"trunk","policy":"HGV restrictions on select corridors (BTP)"},"geometry":{"type":"LineString","coordinates":[[77.60057,12.90727],[77.6005,12.90725],[77.59836,12.90661],[77.5967,12.90613],[77.59656,12.9061],[77.59649,12.9061],[77.59635,12.9061]]}},{"type":"Feature","properties":{"name":"Outer Ring Road","highway":"trunk","policy":"HGV restrictions on select corridors (BTP)"},"geometry":{"type":"LineString","coordinates":[[77.57318,12.90656],[77.57333,12.90653]]}},{"type":"Feature","properties":{"name":"Kanakapura Road","highway":"trunk","policy":"HGV restrictions on select corridors (BTP)"},"geometry":{"type":"LineString","coordinates":[[77.57321,12.90635],[77.5732,12.90645]]}},{"type":"Feature","properties":{"name":"Outer Ring Road","highway":"trunk","policy":"HGV restrictions on select corridors (BTP)"},"geometry":{"type":"LineString","coordinates":[[77.53725,13.03034],[77.53717,13.03021]]}},{"type":"Feature","properties":{"name":"Outer Ring Road","highway":"trunk","policy":"HGV restrictions on select corridors (BTP)"},"geometry":{"type":"LineString","coordinates":[[77.53717,13.03039],[77.53724,13.03052]]}},{"type":"Feature","properties":{"name":"Tumkur Road","highway":"trunk","policy":"HGV restrictions on select corridors (BTP)"},"geometry":{"type":"LineString","coordinates":[[77.53717,13.03039],[77.53712,13.03041],[77.53671,13.03063],[77.5362,13.03092],[77.53612,13.03096],[77.53595,13.03105],[77.53572,13.03118],[77.5355,13.03131],[77.53544,13.03135],[77.53539,13.03137],[77.53434,13.03199]]}},{"type":"Feature","properties":{"name":"Hosur Road","highway":"trunk","policy":"HGV restrictions on select corridors (BTP)"},"geometry":{"type":"LineString","coordinates":[[77.66437,12.85615],[77.66444,12.85605]]}},{"type":"Feature","properties":{"name":"Outer Ring Road","highway":"trunk","policy":"HGV restrictions on select corridors (BTP)"},"geometry":{"type":"LineString","coordinates":[[77.56728,12.91229],[77.56721,12.91238]]}},{"type":"Feature","properties":{"name":"Outer Ring Road","highway":"trunk","policy":"HGV restrictions on select corridors (BTP)"},"geometry":{"type":"LineString","coordinates":[[77.56851,12.91086],[77.56929,12.90998],[77.56967,12.90953],[77.56984,12.90932],[77.57022,12.90882],[77.57026,12.90876],[77.57036,12.90863],[77.57039,12.9086],[77.57084,12.90798],[77.57149,12.90726],[77.57164,12.90709],[77.57178,12.90695],[77.57203,12.90675],[77.57219,12.90669],[77.57245,12.90666],[77.573,12.90659],[77.57301,12.90658],[77.57308,12.90658],[77.57313,12.90657],[77.57318,12.90656]]}},{"type":"Feature","properties":{"name":"Kaderanahali Underpass","highway":"trunk","policy":"HGV restrictions on select corridors (BTP)"},"geometry":{"type":"LineString","coordinates":[[77.56722,12.91253],[77.56729,12.91245]]}},{"type":"Feature","properties":{"name":"Kaderanahali Underpass","highway":"trunk","policy":"HGV restrictions on select corridors (BTP)"},"geometry":{"type":"LineString","coordinates":[[77.56721,12.91238],[77.56714,12.91246]]}},{"type":"Feature","properties":{"name":"Outer Ring Road","highway":"trunk","policy":"HGV restrictions on select corridors (BTP)"},"geometry":{"type":"LineString","coordinates":[[77.54967,12.92551],[77.54963,12.92553],[77.54937,12.92568],[77.54932,12.92571],[77.5491,12.92584],[77.54893,12.92595],[77.54871,12.9261],[77.54869,12.92611],[77.54843,12.92631],[77.54836,12.92637],[77.54796,12.92669],[77.54697,12.92746],[77.54696,12.92746],[77.54695,12.92747],[77.54672,12.92766]]}},{"type":"Feature","properties":{"name":"Hosur Road","highway":"trunk","policy":"HGV restrictions on select corridors (BTP)"},"geometry":{"type":"LineString","coordinates":[[77.62037,12.92108],[77.62054,12.92078],[77.62069,12.9205],[77.62072,12.92045],[77.62075,12.92042],[77.62086,12.92023]]}},{"type":"Feature","properties":{"name":"Mysore Road","highway":"trunk","policy":"HGV restrictions on select corridors (BTP)"},"geometry":{"type":"LineString","coordinates":[[77.51857,12.93634],[77.51825,12.93631]]}},{"type":"Feature","properties":{"name":"Mysore Road","highway":"trunk","policy":"HGV restrictions on select corridors (BTP)"},"geometry":{"type":"LineString","coordinates":[[77.51825,12.93631],[77.51809,12.93631],[77.51756,12.93629],[77.51748,12.93629]]}},{"type":"Feature","properties":{"name":"Mysore Road","highway":"trunk","policy":"HGV restrictions on select corridors (BTP)"},"geometry":{"type":"LineString","coordinates":[[77.51824,12.93642],[77.51855,12.93644],[77.51876,12.93648],[77.51886,12.93651],[77.52019,12.93692],[77.52033,12.93701],[77.52056,12.93715],[77.52098,12.93758],[77.521,12.9376],[77.52116,12.93776],[77.52128,12.93786],[77.5216,12.93816],[77.52235,12.93871],[77.52287,12.93904],[77.52323,12.93944],[77.52339,12.93962],[77.52351,12.93975],[77.52394,12.94024],[77.52422,12.94056],[77.52464,12.94116],[77.52467,12.94121],[77.52546,12.94244],[77.52553,12.94256],[77.52559,12.94265],[77.52612,12.94327],[77.52622,12.94337]]}},{"type":"Feature","properties":{"name":"Outer Ring Road","highway":"trunk","policy":"HGV restrictions on select corridors (BTP)"},"geometry":{"type":"LineString","coordinates":[[77.63705,13.0263],[77.63697,13.02632]]}},{"type":"Feature","properties":{"name":"Outer Ring Road","highway":"trunk","policy":"HGV restrictions on select corridors (BTP)"},"geometry":{"type":"LineString","coordinates":[[77.63697,13.02632],[77.63647,13.02643],[77.63635,13.02645],[77.63591,13.02656]]}},{"type":"Feature","properties":{"name":"Outer Ring Road","highway":"trunk","policy":"HGV restrictions on select corridors (BTP)"},"geometry":{"type":"LineString","coordinates":[[77.56729,12.91245],[77.56769,12.91191],[77.56851,12.91086]]}},{"type":"Feature","properties":{"name":"Mysore Road","highway":"trunk","policy":"HGV restrictions on select corridors (BTP)"},"geometry":{"type":"LineString","coordinates":[[77.4775,12.90855],[77.47713,12.90829]]}},{"type":"Feature","properties":{"name":"Mysore Road","highway":"trunk","policy":"HGV restrictions on select corridors (BTP)"},"geometry":{"type":"LineString","coordinates":[[77.47713,12.90829],[77.47596,12.90752]]}},{"type":"Feature","properties":{"name":"Hosur Road","highway":"trunk","policy":"HGV restrictions on select corridors (BTP)"},"geometry":{"type":"LineString","coordinates":[[77.62612,12.91146],[77.62516,12.91303],[77.62481,12.91359],[77.62436,12.9143],[77.6242,12.9146],[77.62409,12.91479]]}},{"type":"Feature","properties":{"name":"Hosakerehalli Flyover","highway":"trunk","policy":"HGV restrictions on select corridors (BTP)"},"geometry":{"type":"LineString","coordinates":[[77.53285,12.93945],[77.53293,12.93925],[77.53304,12.93908]]}},{"type":"Feature","properties":{"name":"Hosakerehalli Flyover","highway":"trunk","policy":"HGV restrictions on select corridors (BTP)"},"geometry":{"type":"LineString","coordinates":[[77.53297,12.93903],[77.53285,12.93921],[77.53271,12.9394]]}},{"type":"Feature","properties":{"name":"Hosakerehalli Flyover","highway":"trunk","policy":"HGV restrictions on select corridors (BTP)"},"geometry":{"type":"LineString","coordinates":[[77.53304,12.93908],[77.53319,12.93885],[77.53324,12.93877],[77.53347,12.93841],[77.53379,12.93787],[77.53387,12.93773],[77.53393,12.93762],[77.53412,12.93701],[77.53422,12.93671],[77.53439,12.93652]]}},{"type":"Feature","properties":{"name":"Hosakerehalli Flyover","highway":"trunk","policy":"HGV restrictions on select corridors (BTP)"},"geometry":{"type":"LineString","coordinates":[[77.53432,12.93646],[77.53414,12.93667],[77.53404,12.93698],[77.53384,12.93758],[77.53379,12.93769],[77.53371,12.93782],[77.53339,12.93837],[77.53316,12.93872],[77.53311,12.93881],[77.53297,12.93903]]}},{"type":"Feature","properties":{"name":"Outer Ring Road","highway":"trunk","policy":"HGV restrictions on select corridors (BTP)"},"geometry":{"type":"LineString","coordinates":[[77.54615,12.9281],[77.5459,12.9283],[77.54553,12.92859],[77.54474,12.92926]]}},{"type":"Feature","properties":{"name":"Outer Ring Road","highway":"trunk","policy":"HGV restrictions on select corridors (BTP)"},"geometry":{"type":"LineString","coordinates":[[77.5448,12.92934],[77.54559,12.92865],[77.54598,12.92835],[77.54621,12.92817]]}},{"type":"Feature","properties":{"name":"Outer Ring Road","highway":"trunk","policy":"HGV restrictions on select corridors (BTP)"},"geometry":{"type":"LineString","coordinates":[[77.54638,12.92803],[77.54776,12.92696]]}},{"type":"Feature","properties":{"name":"Old Madras Road","highway":"trunk","policy":"HGV restrictions on select corridors (BTP)"},"geometry":{"type":"LineString","coordinates":[[77.70845,13.01948],[77.70985,13.02026],[77.71271,13.02196],[77.71406,13.02277],[77.71564,13.0236],[77.71578,13.02368],[77.71591,13.02374],[77.71617,13.02391],[77.71703,13.02439]]}},{"type":"Feature","properties":{"name":"Tumkur Road","highway":"trunk","policy":"HGV restrictions on select corridors (BTP)"},"geometry":{"type":"LineString","coordinates":[[77.51344,13.04266],[77.51298,13.04282],[77.51258,13.04295],[77.51189,13.04317],[77.51167,13.04326],[77.51164,13.04327],[77.51151,13.04332],[77.51136,13.04338],[77.51133,13.04339],[77.51112,13.04349],[77.5111,13.0435],[77.51084,13.04363],[77.51042,13.04385],[77.51019,13.04397],[77.50993,13.0441],[77.50989,13.04413],[77.50968,13.04424],[77.50907,13.04456],[77.509,13.04459],[77.5087,13.04474],[77.50844,13.04485],[77.50812,13.04497],[77.50784,13.04506],[77.50771,13.0451],[77.50735,13.04519],[77.5073,13.0452]]}},{"type":"Feature","properties":{"name":"Tumkur Road","highway":"trunk","policy":"HGV restrictions on select corridors (BTP)"},"geometry":{"type":"LineString","coordinates":[[77.5135,13.04264],[77.51344,13.04266]]}},{"type":"Feature","properties":{"name":"Goraguntepalya Flyover","highway":"motorway","policy":"HGV restrictions on select corridors (BTP)"},"geometry":{"type":"LineString","coordinates":[[77.53434,13.03199],[77.53424,13.03208],[77.53363,13.03243]]}},{"type":"Feature","properties":{"name":"Goraguntepalya Flyover","highway":"motorway","policy":"HGV restrictions on select corridors (BTP)"},"geometry":{"type":"LineString","coordinates":[[77.53367,13.0325],[77.53425,13.03217],[77.53447,13.03209]]}},{"type":"Feature","properties":{"name":"Tumkur Road","highway":"trunk","policy":"HGV restrictions on select corridors (BTP)"},"geometry":{"type":"LineString","coordinates":[[77.55362,13.01777],[77.55374,13.01724],[77.55379,13.01694],[77.55383,13.0167],[77.55386,13.01629],[77.55387,13.01615],[77.55388,13.01605],[77.55391,13.01596],[77.55396,13.0159],[77.55401,13.01585]]}},{"type":"Feature","properties":{"name":"Kumbalagodu Flyover","highway":"trunk","policy":"HGV restrictions on select corridors (BTP)"},"geometry":{"type":"LineString","coordinates":[[77.46321,12.89843],[77.46416,12.89906]]}},{"type":"Feature","properties":{"name":"Bengaluru-Mysuru Expressway","highway":"trunk","policy":"HGV restrictions on select corridors (BTP)"},"geometry":{"type":"LineString","coordinates":[[77.44069,12.87356],[77.44097,12.87378],[77.44271,12.8751],[77.44295,12.87531],[77.4432,12.87552],[77.44357,12.87589],[77.44372,12.87604],[77.44386,12.8762],[77.444,12.87636],[77.44415,12.87655],[77.4443,12.87674],[77.44443,12.87694],[77.44456,12.87714],[77.44514,12.87803],[77.44657,12.88035],[77.44828,12.88318],[77.44838,12.88336],[77.44849,12.88353],[77.4486,12.88371],[77.44871,12.88386],[77.44883,12.88402],[77.44895,12.88417],[77.45263,12.88879],[77.45273,12.88892],[77.45283,12.88904],[77.45294,12.88916],[77.45306,12.88928],[77.45321,12.88943],[77.45337,12.88957],[77.45354,12.8897],[77.45432,12.89031],[77.45464,12.89055],[77.45497,12.89079],[77.45531,12.89104],[77.45567,12.89127],[77.45745,12.89239],[77.45764,12.89252],[77.45777,12.89264],[77.4579,12.89275],[77.45802,12.89286],[77.45813,12.89298],[77.45824,12.8931],[77.46079,12.89642],[77.46093,12.89658],[77.46107,12.89675],[77.46121,12.89691],[77.46137,12.89706],[77.46153,12.89721],[77.46169,12.89735],[77.46193,12.89754],[77.46285,12.89819],[77.46321,12.89843]]}},{"type":"Feature","properties":{"name":"Bengaluru-Mysuru Flyover","highway":"trunk","policy":"HGV restrictions on select corridors (BTP)"},"geometry":{"type":"LineString","coordinates":[[77.46327,12.89831],[77.46202,12.89746],[77.46177,12.89727],[77.46161,12.89713],[77.46145,12.89698],[77.4613,12.89683],[77.46115,12.89667],[77.46102,12.89651],[77.46088,12.89635],[77.45833,12.89303],[77.45821,12.89291],[77.4581,12.89279],[77.45798,12.89267],[77.45785,12.89255],[77.45771,12.89244],[77.45752,12.89229],[77.45573,12.89118],[77.45538,12.89095],[77.45503,12.8907],[77.45471,12.89047],[77.45439,12.89022],[77.45361,12.88961],[77.45344,12.88948],[77.45329,12.88935],[77.45314,12.8892],[77.45303,12.88909],[77.45292,12.88897],[77.45282,12.88885],[77.45272,12.88873],[77.44904,12.8841],[77.44892,12.88395],[77.44881,12.8838],[77.4487,12.88364],[77.44859,12.88348],[77.44848,12.8833],[77.44838,12.88313],[77.44667,12.88029],[77.44525,12.87799],[77.44466,12.87708],[77.44453,12.87688],[77.44439,12.87668],[77.44425,12.87648],[77.44409,12.87629],[77.44395,12.87613],[77.4438,12.87597],[77.44365,12.87582],[77.44328,12.87544],[77.44303,12.87522],[77.44279,12.87501],[77.44104,12.87369],[77.44077,12.87347]]}},{"type":"Feature","properties":{"name":"Bengaluru-Mysuru Expressway","highway":"trunk","policy":"HGV restrictions on select corridors (BTP)"},"geometry":{"type":"LineString","coordinates":[[77.46416,12.89906],[77.4651,12.8997],[77.466,12.9003],[77.46662,12.90068],[77.46717,12.90101],[77.46728,12.90107],[77.46734,12.9011]]}},{"type":"Feature","properties":{"name":"Outer Ring Road","highway":"trunk","policy":"HGV restrictions on select corridors (BTP)"},"geometry":{"type":"LineString","coordinates":[[77.58023,12.90637],[77.57849,12.90641],[77.57844,12.90641],[77.57836,12.90641],[77.57828,12.90642],[77.57594,12.90643],[77.57576,12.90643],[77.57552,12.90644],[77.57514,12.90644]]}},{"type":"Feature","properties":{"name":"Outer Ring Road","highway":"trunk","policy":"HGV restrictions on select corridors (BTP)"},"geometry":{"type":"LineString","coordinates":[[77.58051,12.90644],[77.5823,12.90643],[77.58273,12.90642]]}},{"type":"Feature","properties":{"name":"Outer Ring Road","highway":"trunk","policy":"HGV restrictions on select corridors (BTP)"},"geometry":{"type":"LineString","coordinates":[[77.61589,12.91624],[77.6157,12.91626]]}},{"type":"Feature","properties":{"name":"Outer Ring Road","highway":"trunk","policy":"HGV restrictions on select corridors (BTP)"},"geometry":{"type":"LineString","coordinates":[[77.61685,12.91614],[77.6167,12.91614],[77.61589,12.91624]]}},{"type":"Feature","properties":{"name":"Outer Ring Road","highway":"trunk","policy":"HGV restrictions on select corridors (BTP)"},"geometry":{"type":"LineString","coordinates":[[77.6228,12.91726],[77.62266,12.91721]]}},{"type":"Feature","properties":{"name":"Hosur Road","highway":"trunk","policy":"HGV restrictions on select corridors (BTP)"},"geometry":{"type":"LineString","coordinates":[[77.62141,12.91945],[77.62149,12.91928]]}},{"type":"Feature","properties":{"name":"Doctor Muthuraj Underpass","highway":"trunk","policy":"HGV restrictions on select corridors (BTP)"},"geometry":{"type":"LineString","coordinates":[[77.54267,12.93116],[77.54237,12.9314]]}},{"type":"Feature","properties":{"name":"Doctor Muthuraj Underpass","highway":"trunk","policy":"HGV restrictions on select corridors (BTP)"},"geometry":{"type":"LineString","coordinates":[[77.54245,12.93145],[77.54272,12.93123]]}},{"type":"Feature","properties":{"name":"Doctor Muthuraj Underpass","highway":"trunk","policy":"HGV restrictions on select corridors (BTP)"},"geometry":{"type":"LineString","coordinates":[[77.54327,12.93064],[77.54298,12.93091],[77.54267,12.93116]]}},{"type":"Feature","properties":{"name":"Doctor Muthuraj Underpass","highway":"trunk","policy":"HGV restrictions on select corridors (BTP)"},"geometry":{"type":"LineString","coordinates":[[77.54272,12.93123],[77.54303,12.93097],[77.54333,12.9307]]}},{"type":"Feature","properties":{"name":"Doctor Muthuraj Underpass","highway":"trunk","policy":"HGV restrictions on select corridors (BTP)"},"geometry":{"type":"LineString","coordinates":[[77.54461,12.9295],[77.5448,12.92934]]}},{"type":"Feature","properties":{"name":"Doctor Muthuraj Underpass","highway":"trunk","policy":"HGV restrictions on select corridors (BTP)"},"geometry":{"type":"LineString","coordinates":[[77.54455,12.92944],[77.54359,12.93033]]}},{"type":"Feature","properties":{"name":"Doctor Muthuraj Underpass","highway":"trunk","policy":"HGV restrictions on select corridors (BTP)"},"geometry":{"type":"LineString","coordinates":[[77.54474,12.92926],[77.54455,12.92944]]}},{"type":"Feature","properties":{"name":"Doctor Muthuraj Underpass","highway":"trunk","policy":"HGV restrictions on select corridors (BTP)"},"geometry":{"type":"LineString","coordinates":[[77.54365,12.93039],[77.54461,12.9295]]}},{"type":"Feature","properties":{"name":"Outer Ring Road","highway":"trunk","policy":"HGV restrictions on select corridors (BTP)"},"geometry":{"type":"LineString","coordinates":[[77.51683,12.95893],[77.516,12.95944]]}},{"type":"Feature","properties":{"name":"Nagarabhavi Underpass","highway":"trunk","policy":"HGV restrictions on select corridors (BTP)"},"geometry":{"type":"LineString","coordinates":[[77.51659,12.95922],[77.51666,12.95918],[77.51672,12.95914],[77.51695,12.959],[77.51715,12.95889],[77.51734,12.9588]]}},{"type":"Feature","properties":{"name":"Nagarabhavi Underpass","highway":"trunk","policy":"HGV restrictions on select corridors (BTP)"},"geometry":{"type":"LineString","coordinates":[[77.51944,12.95656],[77.51942,12.95698],[77.5194,12.95711],[77.51937,12.95725],[77.51934,12.95738],[77.51928,12.95753],[77.51921,12.95767],[77.51914,12.95779],[77.51904,12.95791],[77.51894,12.95802]]}},{"type":"Feature","properties":{"name":"Nagarabhavi Underpass","highway":"trunk","policy":"HGV restrictions on select corridors (BTP)"},"geometry":{"type":"LineString","coordinates":[[77.51901,12.9581],[77.51912,12.958],[77.51921,12.95788],[77.51932,12.95772],[77.5194,12.95756],[77.51946,12.95739],[77.51949,12.95723],[77.51952,12.95707],[77.51956,12.95652]]}},{"type":"Feature","properties":{"name":"Outer Ring Road","highway":"trunk","policy":"HGV restrictions on select corridors (BTP)"},"geometry":{"type":"LineString","coordinates":[[77.58258,12.90634],[77.58051,12.90636]]}},{"type":"Feature","properties":{"name":"Outer Ring Road Underpass","highway":"trunk","policy":"HGV restrictions on select corridors (BTP)"},"geometry":{"type":"LineString","coordinates":[[77.58289,12.90642],[77.58546,12.90638]]}},{"type":"Feature","properties":{"name":"Outer Ring Road Underpass","highway":"trunk","policy":"HGV restrictions on select corridors (BTP)"},"geometry":{"type":"LineString","coordinates":[[77.58736,12.9063],[77.58593,12.9063]]}},{"type":"Feature","properties":{"name":"Outer Ring Road Underpass","highway":"trunk","policy":"HGV restrictions on select corridors (BTP)"},"geometry":{"type":"LineString","coordinates":[[77.58593,12.90638],[77.58736,12.90637]]}},{"type":"Feature","properties":{"name":"Kaderanahali Underpass","highway":"trunk","policy":"HGV restrictions on select corridors (BTP)"},"geometry":{"type":"LineString","coordinates":[[77.56541,12.91546],[77.56546,12.91532],[77.56577,12.91454]]}},{"type":"Feature","properties":{"name":"Kumbalagodu Flyover","highway":"trunk","policy":"HGV restrictions on select corridors (BTP)"},"geometry":{"type":"LineString","coordinates":[[77.46738,12.90099],[77.46606,12.90017],[77.46424,12.89896],[77.46345,12.89842],[77.46327,12.89831]]}},{"type":"Feature","properties":{"name":"Hosur Road","highway":"trunk","policy":"HGV restrictions on select corridors (BTP)"},"geometry":{"type":"LineString","coordinates":[[77.6776,12.83927],[77.67802,12.83872],[77.67836,12.83825],[77.67854,12.83794],[77.67856,12.8379],[77.6786,12.83784],[77.67888,12.83724],[77.67931,12.83612],[77.67933,12.83608],[77.67935,12.83603],[77.67954,12.83553],[77.6798,12.83485],[77.67982,12.83478],[77.68018,12.83376],[77.68027,12.8335],[77.68038,12.83318],[77.68064,12.83235],[77.68087,12.83156],[77.68111,12.83081],[77.68138,12.82995],[77.68157,12.8293],[77.68173,12.8288],[77.6819,12.82832],[77.68196,12.82814],[77.68208,12.82782],[77.68215,12.82765],[77.6822,12.82752],[77.68247,12.82696],[77.68274,12.82646],[77.68303,12.82589],[77.68317,12.82566],[77.68327,12.82549],[77.68349,12.82517],[77.68387,12.82465],[77.68416,12.8243],[77.68455,12.82384],[77.68503,12.82332],[77.68526,12.82307],[77.6869,12.82133],[77.68733,12.82087],[77.68748,12.82072]]}},{"type":"Feature","properties":{"name":"Hosur Road","highway":"trunk","policy":"HGV restrictions on select corridors (BTP)"},"geometry":{"type":"LineString","coordinates":[[77.67276,12.84526],[77.67254,12.84554],[77.6725,12.84559]]}},{"type":"Feature","properties":{"name":"Electronic City Flyover","highway":"motorway","policy":"HGV restrictions on select corridors (BTP)"},"geometry":{"type":"LineString","coordinates":[[77.6707,12.84807],[77.67084,12.84779],[77.67087,12.84768],[77.67088,12.84758],[77.67087,12.8475],[77.67085,12.84739],[77.67082,12.84731],[77.67076,12.84721],[77.67068,12.84713],[77.67056,12.84703],[77.67045,12.84696],[77.66992,12.84669]]}},{"type":"Feature","properties":{"name":"SM Krishna Road","highway":"trunk","policy":"HGV restrictions on select corridors (BTP)"},"geometry":{"type":"LineString","coordinates":[[77.45494,12.90372],[77.45477,12.90431],[77.45458,12.90485],[77.45442,12.90553],[77.4543,12.90634]]}},{"type":"Feature","properties":{"name":"SM Krishna Road","highway":"trunk","policy":"HGV restrictions on select corridors (BTP)"},"geometry":{"type":"LineString","coordinates":[[77.45931,12.89472],[77.45874,12.89551]]}},{"type":"Feature","properties":{"name":"Rotary 6","highway":"trunk","policy":"HGV restrictions on select corridors (BTP)"},"geometry":{"type":"LineString","coordinates":[[77.45105,12.91926],[77.45111,12.91929],[77.45118,12.91929],[77.45125,12.91928],[77.45131,12.91924],[77.45135,12.91918],[77.45137,12.91912],[77.45136,12.91905],[77.45133,12.91899],[77.45129,12.91894],[77.45122,12.9189],[77.45116,12.91889]]}},{"type":"Feature","properties":{"name":"SM Krishna Road","highway":"trunk","policy":"HGV restrictions on select corridors (BTP)"},"geometry":{"type":"LineString","coordinates":[[77.45105,12.91926],[77.45098,12.9197],[77.45085,12.92046],[77.45081,12.92106],[77.45079,12.92122],[77.45072,12.92215],[77.45055,12.92376],[77.45031,12.9271],[77.45029,12.92739]]}},{"type":"Feature","properties":{"name":"SM Krishna Road","highway":"trunk","policy":"HGV restrictions on select corridors (BTP)"},"geometry":{"type":"LineString","coordinates":[[77.45042,12.92736],[77.45043,12.9271],[77.45068,12.92377],[77.45084,12.92216],[77.45093,12.92082],[77.45096,12.92049],[77.45111,12.91968],[77.45118,12.91929]]}},{"type":"Feature","properties":{"name":"SM Krishna Road","highway":"trunk","policy":"HGV restrictions on select corridors (BTP)"},"geometry":{"type":"LineString","coordinates":[[77.45389,12.91048],[77.45394,12.91022],[77.45412,12.90961],[77.45422,12.90931],[77.45428,12.90899],[77.45428,12.90881]]}},{"type":"Feature","properties":{"name":"SM Krishna Road","highway":"trunk","policy":"HGV restrictions on select corridors (BTP)"},"geometry":{"type":"LineString","coordinates":[[77.45506,12.90377],[77.4552,12.90325],[77.4558,12.90124]]}},{"type":"Feature","properties":{"name":"SM Krishna Road","highway":"trunk","policy":"HGV restrictions on select corridors (BTP)"},"geometry":{"type":"LineString","coordinates":[[77.45563,12.90126],[77.45494,12.90372]]}},{"type":"Feature","properties":{"name":"Outer Ring Road","highway":"trunk","policy":"HGV restrictions on select corridors (BTP)"},"geometry":{"type":"LineString","coordinates":[[77.54175,13.03756],[77.54175,13.03761],[77.54186,13.03807],[77.54186,13.03811]]}},{"type":"Feature","properties":{"name":"Tumkur Road","highway":"trunk","policy":"HGV restrictions on select corridors (BTP)"},"geometry":{"type":"LineString","coordinates":[[77.49696,13.0489],[77.497,13.04891],[77.49702,13.04892],[77.49705,13.04893],[77.49708,13.04892],[77.49738,13.04883],[77.49904,13.04823],[77.49983,13.04794],[77.50045,13.04772],[77.5009,13.04756],[77.50119,13.04746],[77.50338,13.04667],[77.50478,13.04617],[77.5052,13.04604],[77.50562,13.04591],[77.50607,13.04579],[77.50725,13.04546],[77.50729,13.04545],[77.50738,13.04542],[77.50791,13.04527],[77.50835,13.04512],[77.50872,13.04497],[77.5091,13.04478],[77.51046,13.04407],[77.51106,13.04376],[77.51147,13.04357],[77.51171,13.04347],[77.51174,13.04346],[77.51201,13.04336],[77.51297,13.04304],[77.51305,13.04302],[77.51355,13.04285]]}},{"type":"Feature","properties":{"name":"Tumkur Road","highway":"trunk","policy":"HGV restrictions on select corridors (BTP)"},"geometry":{"type":"LineString","coordinates":[[77.51355,13.04285],[77.5136,13.04283]]}},{"type":"Feature","properties":{"name":"Outer Ring Road","highway":"trunk","policy":"HGV restrictions on select corridors (BTP)"},"geometry":{"type":"LineString","coordinates":[[77.69871,12.97283],[77.69844,12.97329]]}},{"type":"Feature","properties":{"name":"Outer Ring Road","highway":"trunk","policy":"HGV restrictions on select corridors (BTP)"},"geometry":{"type":"LineString","coordinates":[[77.69844,12.97329],[77.69747,12.97492],[77.6974,12.97505],[77.69731,12.97521],[77.69705,12.97566],[77.69693,12.97583],[77.69637,12.9767]]}},{"type":"Feature","properties":{"name":"Outer Ring Road","highway":"trunk","policy":"HGV restrictions on select corridors (BTP)"},"geometry":{"type":"LineString","coordinates":[[77.69769,12.97479],[77.69803,12.9742],[77.6985,12.97339]]}},{"type":"Feature","properties":{"name":"Outer Ring Road","highway":"trunk","policy":"HGV restrictions on select corridors (BTP)"},"geometry":{"type":"LineString","coordinates":[[77.6985,12.97339],[77.69863,12.97316],[77.69901,12.97253]]}},{"type":"Feature","properties":{"name":"Old Madras Road","highway":"trunk","policy":"HGV restrictions on select corridors (BTP)"},"geometry":{"type":"LineString","coordinates":[[77.70447,13.01715],[77.7046,13.01721],[77.70468,13.01724],[77.70477,13.01729],[77.70485,13.01734],[77.70611,13.01806],[77.7079,13.01914],[77.70845,13.01948]]}},{"type":"Feature","properties":{"name":"SM Krishna Road","highway":"trunk","policy":"HGV restrictions on select corridors (BTP)"},"geometry":{"type":"LineString","coordinates":[[77.45436,12.96838],[77.45432,12.96879],[77.4543,12.96895],[77.4542,12.96984],[77.45395,12.97212],[77.45389,12.9725],[77.45357,12.97412],[77.45328,12.97514],[77.45232,12.97848],[77.45187,12.98006]]}},{"type":"Feature","properties":{"name":"SM Krishna Road","highway":"trunk","policy":"HGV restrictions on select corridors (BTP)"},"geometry":{"type":"LineString","coordinates":[[77.45199,12.98008],[77.45262,12.97786],[77.45368,12.97414],[77.45401,12.97248],[77.45407,12.97205],[77.45418,12.97111],[77.45432,12.96985],[77.45444,12.96895],[77.45446,12.96879],[77.45451,12.9684]]}},{"type":"Feature","properties":{"name":"SM Krishna Road","highway":"trunk","policy":"HGV restrictions on select corridors (BTP)"},"geometry":{"type":"LineString","coordinates":[[77.44961,12.98907],[77.45013,12.98671],[77.45033,12.98588]]}},{"type":"Feature","properties":{"name":"Hosur Road","highway":"trunk","policy":"HGV restrictions on select corridors (BTP)"},"geometry":{"type":"LineString","coordinates":[[77.62554,12.91263],[77.62585,12.91213],[77.62611,12.91172],[77.62628,12.91144],[77.62736,12.9097]]}},{"type":"Feature","properties":{"name":"Hosur Road","highway":"trunk","policy":"HGV restrictions on select corridors (BTP)"},"geometry":{"type":"LineString","coordinates":[[77.62736,12.9097],[77.62745,12.9096],[77.62817,12.90849],[77.62825,12.90835],[77.62853,12.9079],[77.62891,12.90726],[77.62892,12.90724],[77.62893,12.90723]]}},{"type":"Feature","properties":{"name":"Hosur Road","highway":"trunk","policy":"HGV restrictions on select corridors (BTP)"},"geometry":{"type":"LineString","coordinates":[[77.62893,12.90723],[77.62896,12.90717]]}},{"type":"Feature","properties":{"name":"Hosur Road","highway":"trunk","policy":"HGV restrictions on select corridors (BTP)"},"geometry":{"type":"LineString","coordinates":[[77.62896,12.90717],[77.62958,12.90616],[77.6299,12.90563],[77.63026,12.90505],[77.6304,12.90482],[77.63046,12.90472]]}},{"type":"Feature","properties":{"name":"Hosur Road","highway":"trunk","policy":"HGV restrictions on select corridors (BTP)"},"geometry":{"type":"LineString","coordinates":[[77.63046,12.90472],[77.63124,12.90341],[77.63136,12.90322],[77.63166,12.90273]]}},{"type":"Feature","properties":{"name":"Hosur Road","highway":"trunk","policy":"HGV restrictions on select corridors (BTP)"},"geometry":{"type":"LineString","coordinates":[[77.63166,12.90273],[77.63409,12.89876]]}},{"type":"Feature","properties":{"name":"Hosur Road","highway":"trunk","policy":"HGV restrictions on select corridors (BTP)"},"geometry":{"type":"LineString","coordinates":[[77.63409,12.89876],[77.63447,12.89816],[77.63524,12.8969],[77.63548,12.89651],[77.63564,12.89625],[77.6358,12.896],[77.6363,12.89518],[77.63674,12.89447],[77.63679,12.8944]]}},{"type":"Feature","properties":{"name":"Hosur Road","highway":"trunk","policy":"HGV restrictions on select corridors (BTP)"},"geometry":{"type":"LineString","coordinates":[[77.63679,12.8944],[77.63692,12.89417],[77.63802,12.89238]]}},{"type":"Feature","properties":{"name":"Hosur Road","highway":"trunk","policy":"HGV restrictions on select corridors (BTP)"},"geometry":{"type":"LineString","coordinates":[[77.63802,12.89238],[77.63848,12.89163],[77.63995,12.88925],[77.63997,12.88921]]}},{"type":"Feature","properties":{"name":"Hosur Road","highway":"trunk","policy":"HGV restrictions on select corridors (BTP)"},"geometry":{"type":"LineString","coordinates":[[77.63997,12.88921],[77.64,12.88916]]}},{"type":"Feature","properties":{"name":"Mysore Road","highway":"trunk","policy":"HGV restrictions on select corridors (BTP)"},"geometry":{"type":"LineString","coordinates":[[77.48131,12.91016],[77.4818,12.91034],[77.48193,12.91039],[77.48196,12.9104],[77.48204,12.91042],[77.4822,12.91046]]}},{"type":"Feature","properties":{"name":"Outer Ring Road","highway":"trunk","policy":"HGV restrictions on select corridors (BTP)"},"geometry":{"type":"LineString","coordinates":[[77.54672,12.92766],[77.54632,12.92797],[77.54625,12.92803]]}},{"type":"Feature","properties":{"name":"Outer Ring Road","highway":"trunk","policy":"HGV restrictions on select corridors (BTP)"},"geometry":{"type":"LineString","coordinates":[[77.54631,12.9281],[77.54638,12.92803]]}},{"type":"Feature","properties":{"name":"Outer Ring Road","highway":"trunk","policy":"HGV restrictions on select corridors (BTP)"},"geometry":{"type":"LineString","coordinates":[[77.54625,12.92803],[77.54615,12.9281]]}},{"type":"Feature","properties":{"name":"Outer Ring Road","highway":"trunk","policy":"HGV restrictions on select corridors (BTP)"},"geometry":{"type":"LineString","coordinates":[[77.54621,12.92817],[77.54631,12.9281]]}},{"type":"Feature","properties":{"name":"NICE Road","highway":"motorway","policy":"HGV restrictions on select corridors (BTP)"},"geometry":{"type":"LineString","coordinates":[[77.47514,13.04383],[77.47516,13.04403],[77.47523,13.04494],[77.4757,13.04793],[77.476,13.04985],[77.47621,13.05104],[77.47633,13.05166],[77.47638,13.05192],[77.47647,13.05251],[77.47654,13.05294],[77.47662,13.05348],[77.47668,13.05385],[77.47672,13.05412],[77.47673,13.05419]]}},{"type":"Feature","properties":{"name":"Outer Ring Road","highway":"trunk","policy":"HGV restrictions on select corridors (BTP)"},"geometry":{"type":"LineString","coordinates":[[77.66803,12.9219],[77.66788,12.92183]]}},{"type":"Feature","properties":{"name":"Outer Ring Road","highway":"trunk","policy":"HGV restrictions on select corridors (BTP)"},"geometry":{"type":"LineString","coordinates":[[77.66119,13.01674],[77.66139,13.01667],[77.66162,13.01657],[77.66177,13.01648],[77.6619,13.01636],[77.66199,13.01621],[77.66207,13.01605],[77.66214,13.01572],[77.66217,13.0154],[77.66221,13.01504]]}},{"type":"Feature","properties":{"name":"Outer Ring Road","highway":"trunk","policy":"HGV restrictions on select corridors (BTP)"},"geometry":{"type":"LineString","coordinates":[[77.66208,13.0151],[77.66207,13.01521],[77.66202,13.01577],[77.66198,13.01593]]}},{"type":"Feature","properties":{"name":"Outer Ring Road","highway":"trunk","policy":"HGV restrictions on select corridors (BTP)"},"geometry":{"type":"LineString","coordinates":[[77.65446,13.01943],[77.65361,13.01975]]}},{"type":"Feature","properties":{"name":"Outer Ring Road","highway":"trunk","policy":"HGV restrictions on select corridors (BTP)"},"geometry":{"type":"LineString","coordinates":[[77.65361,13.01975],[77.65344,13.01982],[77.65331,13.01987]]}},{"type":"Feature","properties":{"name":"Outer Ring Road","highway":"trunk","policy":"HGV restrictions on select corridors (BTP)"},"geometry":{"type":"LineString","coordinates":[[77.64113,13.02519],[77.64068,13.02538],[77.64039,13.02552],[77.64012,13.02565],[77.63992,13.02573]]}},{"type":"Feature","properties":{"name":"Hosur Road","highway":"trunk","policy":"HGV restrictions on select corridors (BTP)"},"geometry":{"type":"LineString","coordinates":[[77.64,12.88916],[77.64077,12.88791],[77.64305,12.88421]]}},{"type":"Feature","properties":{"name":"Outer Ring Road","highway":"trunk","policy":"HGV restrictions on select corridors (BTP)"},"geometry":{"type":"LineString","coordinates":[[77.6923,12.98359],[77.69281,12.98279],[77.69305,12.98243],[77.69306,12.98242],[77.69348,12.98174],[77.69351,12.9817]]}},{"type":"Feature","properties":{"name":"Hosur Road","highway":"trunk","policy":"HGV restrictions on select corridors (BTP)"},"geometry":{"type":"LineString","coordinates":[[77.67136,12.84708],[77.67115,12.84736],[77.67092,12.84767]]}},{"type":"Feature","properties":{"name":"Outer Ring Road","highway":"trunk","policy":"HGV restrictions on select corridors (BTP)"},"geometry":{"type":"LineString","coordinates":[[77.61036,13.04287],[77.60961,13.04307],[77.60843,13.04337],[77.60786,13.04347],[77.6072,13.04358]]}},{"type":"Feature","properties":{"name":"Outer Ring Road","highway":"trunk","policy":"HGV restrictions on select corridors (BTP)"},"geometry":{"type":"LineString","coordinates":[[77.59881,13.04332],[77.59744,13.04228],[77.59723,13.04214],[77.59706,13.04205],[77.59689,13.04197],[77.59674,13.04191],[77.59659,13.04188],[77.59644,13.04187],[77.59623,13.04186],[77.59446,13.0419],[77.59427,13.04191],[77.59411,13.04192],[77.59388,13.04195]]}},{"type":"Feature","properties":{"name":"Outer Ring Road","highway":"trunk","policy":"HGV restrictions on select corridors (BTP)"},"geometry":{"type":"LineString","coordinates":[[77.59429,13.04201],[77.59454,13.042],[77.59627,13.04195],[77.5965,13.04196],[77.59668,13.04199],[77.59687,13.04207],[77.59704,13.04214],[77.59721,13.04224],[77.5986,13.04329]]}},{"type":"Feature","properties":{"name":"Hosur Road","highway":"trunk","policy":"HGV restrictions on select corridors (BTP)"},"geometry":{"type":"LineString","coordinates":[[77.67704,12.83998],[77.67748,12.83941],[77.6776,12.83927]]}},{"type":"Feature","properties":{"name":"Veerannapalya Flyover","highway":"trunk","policy":"HGV restrictions on select corridors (BTP)"},"geometry":{"type":"LineString","coordinates":[[77.61073,13.04296],[77.61256,13.04253]]}},{"type":"Feature","properties":{"name":"Outer Ring Road","highway":"trunk","policy":"HGV restrictions on select corridors (BTP)"},"geometry":{"type":"LineString","coordinates":[[77.69773,12.94378],[77.69751,12.94321],[77.69745,12.94307],[77.69739,12.94295],[77.69733,12.94282],[77.69685,12.94202],[77.69678,12.9419],[77.69661,12.94162],[77.69648,12.94135]]}},{"type":"Feature","properties":{"name":"Outer Ring Road","highway":"trunk","policy":"HGV restrictions on select corridors (BTP)"},"geometry":{"type":"LineString","coordinates":[[77.69634,12.94139],[77.69672,12.94202],[77.69676,12.94209],[77.69712,12.94271],[77.69724,12.94292],[77.69736,12.94316],[77.69748,12.94344],[77.69763,12.94386],[77.6979,12.94464],[77.69799,12.9449],[77.69826,12.94564],[77.69831,12.9458]]}},{"type":"Feature","properties":{"name":"Outer Ring Road","highway":"trunk","policy":"HGV restrictions on select corridors (BTP)"},"geometry":{"type":"LineString","coordinates":[[77.69831,12.9458],[77.69834,12.94588],[77.69845,12.94619]]}},{"type":"Feature","properties":{"name":"Outer Ring Road","highway":"trunk","policy":"HGV restrictions on select corridors (BTP)"},"geometry":{"type":"LineString","coordinates":[[77.69842,12.9458],[77.69839,12.9457],[77.69835,12.9456],[77.69775,12.94383],[77.69773,12.94378]]}},{"type":"Feature","properties":{"name":"Outer Ring Road","highway":"trunk","policy":"HGV restrictions on select corridors (BTP)"},"geometry":{"type":"LineString","coordinates":[[77.69853,12.94609],[77.69842,12.9458]]}},{"type":"Feature","properties":{"name":"Outer Ring Road","highway":"trunk","policy":"HGV restrictions on select corridors (BTP)"},"geometry":{"type":"LineString","coordinates":[[77.62632,13.03785],[77.62646,13.03776],[77.62691,13.03746],[77.62714,13.0373],[77.62749,13.03697],[77.62765,13.03681]]}},{"type":"Feature","properties":{"name":"Outer Ring Road","highway":"trunk","policy":"HGV restrictions on select corridors (BTP)"},"geometry":{"type":"LineString","coordinates":[[77.63554,12.91613],[77.6354,12.91616],[77.63496,12.91622],[77.63248,12.91647],[77.63243,12.91647],[77.63237,12.91648]]}},{"type":"Feature","properties":{"name":"Outer Ring Road","highway":"trunk","policy":"HGV restrictions on select corridors (BTP)"},"geometry":{"type":"LineString","coordinates":[[77.66335,13.00149],[77.66334,13.00176]]}},{"type":"Feature","properties":{"name":"Outer Ring Road","highway":"trunk","policy":"HGV restrictions on select corridors (BTP)"},"geometry":{"type":"LineString","coordinates":[[77.66255,13.00835],[77.66248,13.0093],[77.66239,13.01051]]}},{"type":"Feature","properties":{"name":"Outer Ring Road","highway":"trunk","policy":"HGV restrictions on select corridors (BTP)"},"geometry":{"type":"LineString","coordinates":[[77.6527,13.02032],[77.65369,13.0199],[77.65432,13.01963],[77.65452,13.01955]]}},{"type":"Feature","properties":{"name":"Outer Ring Road","highway":"trunk","policy":"HGV restrictions on select corridors (BTP)"},"geometry":{"type":"LineString","coordinates":[[77.58318,13.04446],[77.58252,13.04488],[77.58232,13.04501],[77.58217,13.04512],[77.58117,13.04598],[77.58092,13.04618],[77.58088,13.04621],[77.58073,13.04633],[77.58051,13.0465],[77.58,13.04689],[77.57973,13.04708],[77.57954,13.04721],[77.57938,13.04731],[77.57922,13.04739],[77.57883,13.0475],[77.57865,13.04753]]}},{"type":"Feature","properties":{"name":"Outer Ring Road","highway":"trunk","policy":"HGV restrictions on select corridors (BTP)"},"geometry":{"type":"LineString","coordinates":[[77.54186,13.03811],[77.54189,13.03828],[77.54193,13.03836],[77.54195,13.03839]]}},{"type":"Feature","properties":{"name":"Chord Road","highway":"trunk","policy":"HGV restrictions on select corridors (BTP)"},"geometry":{"type":"LineString","coordinates":[[77.53729,12.95124],[77.53729,12.95136],[77.53726,12.95148],[77.53724,12.95154],[77.5372,12.95168],[77.53712,12.95203]]}},{"type":"Feature","properties":{"name":"Mysore Road","highway":"trunk","policy":"HGV restrictions on select corridors (BTP)"},"geometry":{"type":"LineString","coordinates":[[77.5384,12.95084],[77.5383,12.9508]]}},{"type":"Feature","properties":{"name":"Silk Board Flyover","highway":"trunk","policy":"HGV restrictions on select corridors (BTP)"},"geometry":{"type":"LineString","coordinates":[[77.62186,12.91862],[77.6216,12.91897],[77.62129,12.91938]]}},{"type":"Feature","properties":{"name":"Silk Board Flyover","highway":"trunk","policy":"HGV restrictions on select corridors (BTP)"},"geometry":{"type":"LineString","coordinates":[[77.62149,12.91928],[77.62194,12.91866]]}},{"type":"Feature","properties":{"name":"Outer Ring Road","highway":"trunk","policy":"HGV restrictions on select corridors (BTP)"},"geometry":{"type":"LineString","coordinates":[[77.58023,12.90645],[77.5804,12.90644]]}},{"type":"Feature","properties":{"name":"Outer Ring Road","highway":"trunk","policy":"HGV restrictions on select corridors (BTP)"},"geometry":{"type":"LineString","coordinates":[[77.5804,12.90636],[77.58023,12.90637]]}},{"type":"Feature","properties":{"name":"Outer Ring Road","highway":"trunk","policy":"HGV restrictions on select corridors (BTP)"},"geometry":{"type":"LineString","coordinates":[[77.5804,12.90644],[77.58051,12.90644]]}},{"type":"Feature","properties":{"name":"Outer Ring Road","highway":"trunk","policy":"HGV restrictions on select corridors (BTP)"},"geometry":{"type":"LineString","coordinates":[[77.58051,12.90636],[77.5804,12.90636]]}},{"type":"Feature","properties":{"name":"Hebbal Service Road towards Bengaluru","highway":"trunk","policy":"HGV restrictions on select corridors (BTP)"},"geometry":{"type":"LineString","coordinates":[[77.59278,13.07383],[77.59279,13.0736]]}},{"type":"Feature","properties":{"name":"Outer Ring Road","highway":"trunk","policy":"HGV restrictions on select corridors (BTP)"},"geometry":{"type":"LineString","coordinates":[[77.7016,12.96805],[77.70154,12.96816],[77.70134,12.96851],[77.70097,12.96911],[77.70081,12.96937],[77.69993,12.9708],[77.69901,12.97232],[77.69871,12.97283]]}},{"type":"Feature","properties":{"name":"Tumkur Road","highway":"trunk","policy":"HGV restrictions on select corridors (BTP)"},"geometry":{"type":"LineString","coordinates":[[77.5533,13.01905],[77.55359,13.01789],[77.55362,13.01777]]}},{"type":"Feature","properties":{"name":"Mysore Road","highway":"trunk","policy":"HGV restrictions on select corridors (BTP)"},"geometry":{"type":"LineString","coordinates":[[77.53799,12.95063],[77.53783,12.9505],[77.53764,12.95033]]}},{"type":"Feature","properties":{"name":"Outer Ring Road","highway":"trunk","policy":"HGV restrictions on select corridors (BTP)"},"geometry":{"type":"LineString","coordinates":[[77.67864,12.92709],[77.67952,12.92751]]}},{"type":"Feature","properties":{"name":"Outer Ring Road","highway":"trunk","policy":"HGV restrictions on select corridors (BTP)"},"geometry":{"type":"LineString","coordinates":[[77.67961,12.92734],[77.67876,12.92692]]}},{"type":"Feature","properties":{"name":"Kanakapura Road","highway":"trunk","policy":"HGV restrictions on select corridors (BTP)"},"geometry":{"type":"LineString","coordinates":[[77.5324,12.86383],[77.53219,12.86366],[77.53205,12.86355],[77.53124,12.863],[77.5309,12.86278],[77.53081,12.86272],[77.53066,12.86262],[77.53058,12.86255],[77.53048,12.86244],[77.53042,12.86235],[77.53039,12.86229],[77.53036,12.86224],[77.53035,12.86221],[77.52975,12.86119],[77.52969,12.86111],[77.52963,12.86102],[77.52951,12.86079],[77.52927,12.86044],[77.52907,12.86008],[77.529,12.85997],[77.52898,12.85994]]}},{"type":"Feature","properties":{"name":"Outer Ring Road","highway":"trunk","policy":"HGV restrictions on select corridors (BTP)"},"geometry":{"type":"LineString","coordinates":[[77.5936,12.90626],[77.59337,12.90626],[77.59285,12.90626],[77.59201,12.90627],[77.59196,12.90627]]}},{"type":"Feature","properties":{"name":"Outer Ring Road","highway":"trunk","policy":"HGV restrictions on select corridors (BTP)"},"geometry":{"type":"LineString","coordinates":[[77.59195,12.90634],[77.59216,12.90634],[77.59286,12.90634],[77.5931,12.90634],[77.59337,12.90634],[77.59358,12.90633],[77.5936,12.90633]]}},{"type":"Feature","properties":{"name":"Outer Ring Road","highway":"trunk","policy":"HGV restrictions on select corridors (BTP)"},"geometry":{"type":"LineString","coordinates":[[77.59196,12.90627],[77.59179,12.90627]]}},{"type":"Feature","properties":{"name":"Outer Ring Road","highway":"trunk","policy":"HGV restrictions on select corridors (BTP)"},"geometry":{"type":"LineString","coordinates":[[77.59179,12.90634],[77.59195,12.90634]]}},{"type":"Feature","properties":{"name":"Bannerghatta Road","highway":"trunk","policy":"HGV restrictions on select corridors (BTP)"},"geometry":{"type":"LineString","coordinates":[[77.6006,12.9075],[77.6006,12.90737]]}},{"type":"Feature","properties":{"name":"Bellary Road","highway":"trunk","policy":"HGV restrictions on select corridors (BTP)"},"geometry":{"type":"LineString","coordinates":[[77.59327,13.05737],[77.5933,13.05742],[77.59331,13.05758],[77.59335,13.05828],[77.59336,13.05905],[77.59336,13.06034],[77.59332,13.06118],[77.59329,13.06189],[77.59321,13.06356],[77.59318,13.06399],[77.59316,13.06513],[77.59314,13.06548],[77.59312,13.06597],[77.59308,13.06655],[77.59301,13.06712],[77.593,13.06725],[77.59296,13.06779],[77.59292,13.06818],[77.59284,13.06932],[77.59277,13.07019],[77.59272,13.07107],[77.59266,13.07212],[77.59265,13.07232],[77.5926,13.07301],[77.59258,13.07323],[77.59257,13.07346]]}},{"type":"Feature","properties":{"name":"Outer Ring Road","highway":"trunk","policy":"HGV restrictions on select corridors (BTP)"},"geometry":{"type":"LineString","coordinates":[[77.68722,12.93179],[77.68709,12.93166],[77.68591,12.93059]]}},{"type":"Feature","properties":{"name":"Outer Ring Road","highway":"trunk","policy":"HGV restrictions on select corridors (BTP)"},"geometry":{"type":"LineString","coordinates":[[77.68581,12.93076],[77.68625,12.93115],[77.68648,12.93136],[77.68699,12.9318]]}},{"type":"Feature","properties":{"name":"Outer Ring Road","highway":"trunk","policy":"HGV restrictions on select corridors (BTP)"},"geometry":{"type":"LineString","coordinates":[[77.68591,12.93059],[77.68577,12.93048],[77.68548,12.93025],[77.68533,12.93015],[77.68506,12.92997],[77.6849,12.92988],[77.68458,12.92971],[77.6844,12.92962]]}},{"type":"Feature","properties":{"name":"Outer Ring Road","highway":"trunk","policy":"HGV restrictions on select corridors (BTP)"},"geometry":{"type":"LineString","coordinates":[[77.68433,12.92977],[77.68449,12.92985],[77.68466,12.92994],[77.68482,12.93003],[77.68498,12.93012],[77.68524,12.9303],[77.68539,12.9304],[77.68567,12.93064],[77.68581,12.93076]]}},{"type":"Feature","properties":{"name":"Outer Ring Road","highway":"trunk","policy":"HGV restrictions on select corridors (BTP)"},"geometry":{"type":"LineString","coordinates":[[77.66485,12.92081],[77.66494,12.92083],[77.66505,12.92084],[77.66517,12.92085],[77.66527,12.92087],[77.66532,12.92089],[77.66545,12.92092]]}},{"type":"Feature","properties":{"name":"Bangalore-Mysore Road","highway":"trunk","policy":"HGV restrictions on select corridors (BTP)"},"geometry":{"type":"LineString","coordinates":[[77.48706,12.91469],[77.48766,12.91531],[77.48812,12.91562],[77.48835,12.91575],[77.48896,12.91608],[77.48944,12.91643],[77.48996,12.91694],[77.49055,12.91765],[77.49064,12.91775]]}},{"type":"Feature","properties":{"name":"Kanakapura Road","highway":"trunk","policy":"HGV restrictions on select corridors (BTP)"},"geometry":{"type":"LineString","coordinates":[[77.56343,12.88968],[77.56347,12.88971]]}},{"type":"Feature","properties":{"name":"Kanakapura Road","highway":"trunk","policy":"HGV restrictions on select corridors (BTP)"},"geometry":{"type":"LineString","coordinates":[[77.56428,12.89045],[77.56452,12.89068],[77.56472,12.89088],[77.56488,12.89101],[77.56513,12.89123],[77.56516,12.89126],[77.56551,12.89155],[77.56573,12.89174],[77.56609,12.89207],[77.56622,12.89218]]}},{"type":"Feature","properties":{"name":"Sumanahalli Flyover","highway":"trunk","policy":"HGV restrictions on select corridors (BTP)"},"geometry":{"type":"LineString","coordinates":[[77.51608,12.97996],[77.51596,12.9798],[77.51565,12.97935],[77.51535,12.97889],[77.51527,12.97875]]}},{"type":"Feature","properties":{"name":"Sumanahalli Flyover","highway":"trunk","policy":"HGV restrictions on select corridors (BTP)"},"geometry":{"type":"LineString","coordinates":[[77.5206,12.99062],[77.52039,12.99004]]}},{"type":"Feature","properties":{"name":"Kanteerava Studio Flyover","highway":"trunk","policy":"HGV restrictions on select corridors (BTP)"},"geometry":{"type":"LineString","coordinates":[[77.53205,13.01923],[77.532,13.01898],[77.53199,13.01893]]}},{"type":"Feature","properties":{"name":"Tumkur Road","highway":"trunk","policy":"HGV restrictions on select corridors (BTP)"},"geometry":{"type":"LineString","coordinates":[[77.55681,13.01709],[77.55652,13.01655]]}},{"type":"Feature","properties":{"name":"Yeshwantpura Circle Flyover","highway":"trunk","policy":"HGV restrictions on select corridors (BTP)"},"geometry":{"type":"LineString","coordinates":[[77.55649,13.01669],[77.55656,13.0168]]}},{"type":"Feature","properties":{"name":"Tumkur Road","highway":"trunk","policy":"HGV restrictions on select corridors (BTP)"},"geometry":{"type":"LineString","coordinates":[[77.5542,13.01567],[77.55429,13.01561],[77.5544,13.01555],[77.55449,13.01552],[77.55454,13.01551]]}},{"type":"Feature","properties":{"name":"Outer Ring Road","highway":"trunk","policy":"HGV restrictions on select corridors (BTP)"},"geometry":{"type":"LineString","coordinates":[[77.52415,12.94751],[77.52405,12.94763]]}},{"type":"Feature","properties":{"name":"Outer Ring Road","highway":"trunk","policy":"HGV restrictions on select corridors (BTP)"},"geometry":{"type":"LineString","coordinates":[[77.53012,12.94391],[77.52998,12.94415],[77.52978,12.94442],[77.52953,12.94466]]}},{"type":"Feature","properties":{"name":"Outer Ring Road","highway":"trunk","policy":"HGV restrictions on select corridors (BTP)"},"geometry":{"type":"LineString","coordinates":[[77.56204,12.92062],[77.56183,12.92104],[77.56178,12.92114]]}},{"type":"Feature","properties":{"name":"Kanakapura Road","highway":"trunk","policy":"HGV restrictions on select corridors (BTP)"},"geometry":{"type":"LineString","coordinates":[[77.56441,12.8904],[77.56426,12.89027],[77.56415,12.89018],[77.56372,12.88979],[77.56365,12.88972],[77.56354,12.88962]]}},{"type":"Feature","properties":{"name":"Kanakapura Road","highway":"trunk","policy":"HGV restrictions on select corridors (BTP)"},"geometry":{"type":"LineString","coordinates":[[77.54858,12.88354],[77.54981,12.88385],[77.55089,12.88417],[77.5509,12.88417],[77.55194,12.8845],[77.55208,12.88454],[77.55215,12.88457],[77.55228,12.8846],[77.55273,12.88474],[77.5535,12.88494],[77.55382,12.88502],[77.55391,12.88506],[77.55469,12.88531],[77.55475,12.88533],[77.55491,12.88538],[77.555,12.88541],[77.55513,12.88545],[77.55529,12.8855],[77.55539,12.88553],[77.55557,12.88558],[77.5558,12.88566],[77.55604,12.88575],[77.55625,12.88581],[77.55659,12.8859],[77.55665,12.88591],[77.55688,12.88599],[77.5573,12.88614],[77.55741,12.88617],[77.55772,12.88629],[77.55902,12.88668],[77.55946,12.88683],[77.5599,12.88701],[77.56015,12.88713],[77.56035,12.88724],[77.56052,12.88737],[77.56084,12.8876],[77.56129,12.88792],[77.5617,12.88821],[77.56198,12.88845],[77.56204,12.8885],[77.56222,12.88866],[77.56263,12.88903],[77.5629,12.88928],[77.56312,12.88945],[77.56334,12.8896],[77.56343,12.88968]]}},{"type":"Feature","properties":{"name":"SM Krishna Road","highway":"trunk","policy":"HGV restrictions on select corridors (BTP)"},"geometry":{"type":"LineString","coordinates":[[77.45027,12.98562],[77.45025,12.9857],[77.45021,12.98586]]}},{"type":"Feature","properties":{"name":"Rotary 6","highway":"trunk","policy":"HGV restrictions on select corridors (BTP)"},"geometry":{"type":"LineString","coordinates":[[77.45116,12.91889],[77.4511,12.91891],[77.45104,12.91894],[77.45099,12.91898],[77.45096,12.91904],[77.45096,12.9191],[77.45097,12.91916],[77.451,12.91922],[77.45105,12.91926]]}},{"type":"Feature","properties":{"name":"Mysore Road","highway":"trunk","policy":"HGV restrictions on select corridors (BTP)"},"geometry":{"type":"LineString","coordinates":[[77.50064,12.92636],[77.50058,12.92632],[77.50042,12.9262],[77.50028,12.92609],[77.50013,12.92596],[77.49952,12.92543],[77.49905,12.92495],[77.49897,12.92488],[77.49892,12.92482],[77.49884,12.92474],[77.49875,12.92467],[77.49832,12.92428],[77.49774,12.92368],[77.49764,12.92358],[77.49745,12.92341],[77.4974,12.92337],[77.49723,12.92325],[77.49709,12.92315],[77.49647,12.92292],[77.49614,12.92279],[77.49611,12.92277],[77.49601,12.92273],[77.49595,12.9227],[77.49591,12.92267],[77.4951,12.92225],[77.49469,12.92203],[77.49449,12.92193],[77.49424,12.9218],[77.4942,12.92177],[77.49416,12.92175],[77.49406,12.92168],[77.49382,12.92151],[77.49359,12.92126],[77.49339,12.92094],[77.49308,12.92052],[77.49267,12.92006],[77.49205,12.91957],[77.49151,12.91904],[77.49126,12.91858],[77.49101,12.91812],[77.49088,12.91787],[77.49086,12.91784],[77.49079,12.91769]]}},{"type":"Feature","properties":{"name":"Bangalore-Mysore Road","highway":"trunk","policy":"HGV restrictions on select corridors (BTP)"},"geometry":{"type":"LineString","coordinates":[[77.49064,12.91775],[77.49085,12.91813],[77.49111,12.91856],[77.49113,12.91859]]}},{"type":"Feature","properties":{"name":"freight corridor","highway":"trunk","policy":"HGV restrictions on select corridors (BTP)"},"geometry":{"type":"LineString","coordinates":[[77.59257,13.07346],[77.59256,13.0736]]}},{"type":"Feature","properties":{"name":"Bellary Road","highway":"trunk","policy":"HGV restrictions on select corridors (BTP)"},"geometry":{"type":"LineString","coordinates":[[77.61249,13.12563],[77.61287,13.12641],[77.61324,13.12719],[77.61347,13.12767],[77.61353,13.1278],[77.61358,13.1279]]}},{"type":"Feature","properties":{"name":"Yeshwantpura Circle Flyover","highway":"trunk","policy":"HGV restrictions on select corridors (BTP)"},"geometry":{"type":"LineString","coordinates":[[77.55873,13.01825],[77.55906,13.01806]]}},{"type":"Feature","properties":{"name":"Mysore Road","highway":"trunk","policy":"HGV restrictions on select corridors (BTP)"},"geometry":{"type":"LineString","coordinates":[[77.54292,12.95367],[77.54255,12.95356],[77.54234,12.95344],[77.54217,12.95333],[77.542,12.95319],[77.54189,12.95309],[77.54186,12.95308],[77.54171,12.95298]]}},{"type":"Feature","properties":{"name":"Srinagar - Kanyakumari Highway","highway":"trunk","policy":"HGV restrictions on select corridors (BTP)"},"geometry":{"type":"LineString","coordinates":[[77.59014,13.04275],[77.59027,13.04306]]}},{"type":"Feature","properties":{"name":"Outer Ring Road","highway":"trunk","policy":"HGV restrictions on select corridors (BTP)"},"geometry":{"type":"LineString","coordinates":[[77.59027,13.04306],[77.59065,13.04302]]}},{"type":"Feature","properties":{"name":"Bangalore-Mysore Road","highway":"trunk","policy":"HGV restrictions on select corridors (BTP)"},"geometry":{"type":"LineString","coordinates":[[77.52622,12.94337],[77.52636,12.94348],[77.52646,12.94358],[77.52664,12.94378],[77.52673,12.94389]]}},{"type":"Feature","properties":{"name":"Bengaluru-Mysuru Highway","highway":"trunk","policy":"HGV restrictions on select corridors (BTP)"},"geometry":{"type":"LineString","coordinates":[[77.4555,12.89099],[77.45511,12.89071],[77.45479,12.89047],[77.45422,12.89003],[77.45353,12.88947],[77.45332,12.88929],[77.45321,12.88919],[77.45319,12.88917],[77.45315,12.88912],[77.45312,12.88909],[77.45308,12.88906],[77.45278,12.88871],[77.4526,12.88849],[77.45236,12.8882],[77.45218,12.88798],[77.45217,12.88797],[77.45183,12.88754],[77.45144,12.88705],[77.45112,12.88665],[77.45065,12.88606],[77.45033,12.88566],[77.44978,12.88498],[77.44931,12.88438],[77.44923,12.88429],[77.449,12.88399],[77.44875,12.88363],[77.44851,12.88324],[77.44804,12.88249],[77.44747,12.88152],[77.44724,12.88113],[77.44689,12.88054],[77.44652,12.87994],[77.44599,12.87907],[77.44547,12.87826],[77.44486,12.8773],[77.44479,12.87719],[77.44441,12.87661],[77.44405,12.87614],[77.44373,12.87581],[77.44314,12.87522],[77.44275,12.87489],[77.44238,12.87464],[77.44195,12.8743],[77.44073,12.87335]]}},{"type":"Feature","properties":{"name":"Bengaluru-Mysuru Expressway","highway":"trunk","policy":"HGV restrictions on select corridors (BTP)"},"geometry":{"type":"LineString","coordinates":[[77.44643,12.88021],[77.44652,12.88035],[77.44672,12.88071],[77.44688,12.88095],[77.44704,12.88122],[77.44719,12.88147],[77.44739,12.8818],[77.44752,12.88202],[77.44767,12.88229],[77.44784,12.88258],[77.44806,12.88295],[77.44827,12.8833],[77.44847,12.88363],[77.44871,12.88397],[77.44911,12.88447],[77.44947,12.88492],[77.44961,12.8851],[77.44992,12.88551],[77.44994,12.88554],[77.45034,12.88602],[77.4507,12.88648],[77.45072,12.88657]]}},{"type":"Feature","properties":{"name":"Bengaluru-Mysuru Expressway","highway":"trunk","policy":"HGV restrictions on select corridors (BTP)"},"geometry":{"type":"LineString","coordinates":[[77.46081,12.89662],[77.46123,12.89706],[77.4617,12.89748],[77.46208,12.89779],[77.46319,12.89857],[77.46356,12.8988]]}},{"type":"Feature","properties":{"name":"Bengaluru-Mysuru Expressway","highway":"trunk","policy":"HGV restrictions on select corridors (BTP)"},"geometry":{"type":"LineString","coordinates":[[77.45599,12.89154],[77.45632,12.89175],[77.45686,12.89209],[77.45707,12.89223],[77.45749,12.89252],[77.45781,12.89277],[77.45794,12.89291],[77.45825,12.89324],[77.45866,12.89376],[77.45902,12.89424],[77.45909,12.89434],[77.45944,12.89479],[77.45972,12.89513],[77.45998,12.89551],[77.46032,12.89592],[77.46056,12.89622],[77.46063,12.89633],[77.4607,12.89644],[77.46081,12.89662]]}},{"type":"Feature","properties":{"name":"Bengaluru-Mysuru Expressway","highway":"trunk","policy":"HGV restrictions on select corridors (BTP)"},"geometry":{"type":"LineString","coordinates":[[77.45536,12.89113],[77.45599,12.89154]]}},{"type":"Feature","properties":{"name":"Bengaluru-Mysuru Expressway","highway":"trunk","policy":"HGV restrictions on select corridors (BTP)"},"geometry":{"type":"LineString","coordinates":[[77.45129,12.88727],[77.45133,12.88729],[77.45143,12.88738],[77.45181,12.88785],[77.45226,12.88843],[77.45233,12.88852],[77.45271,12.88898],[77.453,12.88928],[77.45301,12.88929],[77.45304,12.88932],[77.45306,12.88934],[77.4532,12.88947],[77.4536,12.88979],[77.454,12.89011],[77.45437,12.89039],[77.45477,12.8907],[77.4551,12.89093],[77.4552,12.891],[77.45536,12.89113]]}},{"type":"Feature","properties":{"name":"Bengaluru-Mysuru Expressway","highway":"trunk","policy":"HGV restrictions on select corridors (BTP)"},"geometry":{"type":"LineString","coordinates":[[77.45072,12.88657],[77.45078,12.88664],[77.45087,12.88676],[77.45093,12.88682],[77.45095,12.88685],[77.45101,12.88693],[77.45129,12.88727]]}},{"type":"Feature","properties":{"name":"Dr. CV Raman Road","highway":"trunk","policy":"HGV restrictions on select corridors (BTP)"},"geometry":{"type":"LineString","coordinates":[[77.57241,13.01467],[77.57246,13.01468]]}},{"type":"Feature","properties":{"name":"Bengaluru-Mysuru Service lane","highway":"trunk","policy":"HGV restrictions on select corridors (BTP)"},"geometry":{"type":"LineString","coordinates":[[77.46329,12.89815],[77.46292,12.89792],[77.46242,12.89758],[77.4621,12.89737],[77.4617,12.8971]]}},{"type":"Feature","properties":{"name":"Bengaluru-Mysuru Highway","highway":"trunk","policy":"HGV restrictions on select corridors (BTP)"},"geometry":{"type":"LineString","coordinates":[[77.4617,12.8971],[77.46155,12.89702],[77.46128,12.89676],[77.461,12.89642],[77.46091,12.89631],[77.46077,12.89612],[77.46024,12.89543],[77.45954,12.89453],[77.45928,12.8942],[77.45909,12.89396],[77.45899,12.89382],[77.45852,12.89319],[77.45825,12.89286],[77.45811,12.89269],[77.45794,12.89256],[77.45777,12.89243],[77.45754,12.89226],[77.45718,12.89203],[77.45679,12.89178],[77.45678,12.89178],[77.45631,12.8915],[77.4561,12.89136]]}},{"type":"Feature","properties":{"name":"Bengaluru-Mysuru Highway","highway":"trunk","policy":"HGV restrictions on select corridors (BTP)"},"geometry":{"type":"LineString","coordinates":[[77.4561,12.89136],[77.4555,12.89099]]}},{"type":"Feature","properties":{"name":"NICE Expressway","highway":"motorway","policy":"HGV restrictions on select corridors (BTP)"},"geometry":{"type":"LineString","coordinates":[[77.53145,12.91546],[77.53138,12.91472],[77.53131,12.91421],[77.53125,12.91388],[77.53119,12.91361],[77.53105,12.91311],[77.53098,12.91287],[77.53072,12.91222],[77.5305,12.91176],[77.53001,12.91093],[77.52917,12.90953],[77.52868,12.90871]]}},{"type":"Feature","properties":{"name":"NICE Expressway","highway":"motorway","policy":"HGV restrictions on select corridors (BTP)"},"geometry":{"type":"LineString","coordinates":[[77.53146,12.91556],[77.53145,12.91546]]}},{"type":"Feature","properties":{"name":"NICE Expressway","highway":"motorway","policy":"HGV restrictions on select corridors (BTP)"},"geometry":{"type":"LineString","coordinates":[[77.52811,12.90802],[77.52907,12.9096],[77.52991,12.91098],[77.52998,12.9111],[77.53009,12.91128],[77.53019,12.91145],[77.53027,12.91159],[77.53033,12.9117],[77.53037,12.91177],[77.5304,12.91181],[77.53063,12.91228],[77.53088,12.9129],[77.53095,12.91314],[77.53109,12.91364],[77.53115,12.91389],[77.53121,12.91423],[77.53128,12.91474],[77.53134,12.91547]]}},{"type":"Feature","properties":{"name":"NICE Expressway","highway":"motorway","policy":"HGV restrictions on select corridors (BTP)"},"geometry":{"type":"LineString","coordinates":[[77.53134,12.91547],[77.53135,12.91557]]}},{"type":"Feature","properties":{"name":"NICE Expressway","highway":"motorway","policy":"HGV restrictions on select corridors (BTP)"},"geometry":{"type":"LineString","coordinates":[[77.51362,12.89358],[77.51421,12.8942]]}},{"type":"Feature","properties":{"name":"NICE Expressway","highway":"motorway","policy":"HGV restrictions on select corridors (BTP)"},"geometry":{"type":"LineString","coordinates":[[77.51341,12.89335],[77.51362,12.89358]]}},{"type":"Feature","properties":{"name":"NICE Expressway","highway":"motorway","policy":"HGV restrictions on select corridors (BTP)"},"geometry":{"type":"LineString","coordinates":[[77.51369,12.89351],[77.51348,12.89329]]}},{"type":"Feature","properties":{"name":"NICE Expressway","highway":"motorway","policy":"HGV restrictions on select corridors (BTP)"},"geometry":{"type":"LineString","coordinates":[[77.51424,12.89408],[77.51369,12.89351]]}},{"type":"Feature","properties":{"name":"Outer Ring Road","highway":"trunk","policy":"HGV restrictions on select corridors (BTP)"},"geometry":{"type":"LineString","coordinates":[[77.62586,13.03822],[77.62598,13.03809]]}},{"type":"Feature","properties":{"name":"Old Madras Road","highway":"trunk","policy":"HGV restrictions on select corridors (BTP)"},"geometry":{"type":"LineString","coordinates":[[77.69589,13.00833],[77.6958,13.00829],[77.69576,13.00827],[77.69571,13.00826],[77.69462,13.00822],[77.69424,13.00823],[77.69415,13.00823],[77.69408,13.00824],[77.69393,13.00825],[77.6938,13.00826],[77.69353,13.00827],[77.69347,13.00827],[77.69319,13.00823],[77.69295,13.00819],[77.6925,13.00811]]}},{"type":"Feature","properties":{"name":"NH48","highway":"trunk","policy":"HGV restrictions on select corridors (BTP)"},"geometry":{"type":"LineString","coordinates":[[77.53447,13.03209],[77.53472,13.03195],[77.53671,13.03081]]}},{"type":"Feature","properties":{"name":"Outer Ring Road","highway":"trunk","policy":"HGV restrictions on select corridors (BTP)"},"geometry":{"type":"LineString","coordinates":[[77.52353,12.99757],[77.52339,12.99726],[77.52298,12.99639],[77.52289,12.99619],[77.52246,12.99532],[77.52237,12.99512],[77.52199,12.99429]]}},{"type":"Feature","properties":{"name":"Outer Ring Road","highway":"trunk","policy":"HGV restrictions on select corridors (BTP)"},"geometry":{"type":"LineString","coordinates":[[77.5242,12.99902],[77.5238,12.99814]]}},{"type":"Feature","properties":{"name":"freight corridor","highway":"trunk","policy":"HGV restrictions on select corridors (BTP)"},"geometry":{"type":"LineString","coordinates":[[77.59322,13.05549],[77.5932,13.05605],[77.5932,13.05612],[77.59321,13.05627],[77.59321,13.05644],[77.59321,13.05646],[77.59321,13.0565],[77.59321,13.05655],[77.59322,13.0568],[77.59323,13.05711],[77.59323,13.05714],[77.59323,13.05718],[77.59327,13.05737]]}},{"type":"Feature","properties":{"name":"Bellary Road","highway":"trunk","policy":"HGV restrictions on select corridors (BTP)"},"geometry":{"type":"LineString","coordinates":[[77.59354,13.05736],[77.59365,13.0571],[77.59365,13.05699],[77.59364,13.05664],[77.59364,13.0563],[77.59364,13.05605],[77.59363,13.05594],[77.59363,13.05585],[77.59366,13.05543],[77.59366,13.05537],[77.59371,13.0548],[77.59372,13.05473],[77.59373,13.0546],[77.59373,13.05457],[77.59373,13.05453],[77.59375,13.05428],[77.59379,13.05365],[77.5938,13.05326],[77.5938,13.05294],[77.59376,13.0526],[77.5937,13.05232],[77.59369,13.05224],[77.59364,13.05203],[77.59361,13.05192],[77.5936,13.05185],[77.59352,13.05152],[77.59351,13.05147],[77.59342,13.05113],[77.59341,13.05111],[77.5934,13.05105],[77.5934,13.05104],[77.59333,13.05074],[77.59313,13.05002],[77.59309,13.04989],[77.59294,13.04956],[77.59281,13.04911],[77.59275,13.04894],[77.59271,13.04887],[77.59245,13.0483],[77.59236,13.04812],[77.59231,13.048]]}},{"type":"Feature","properties":{"name":"Outer Ring Road","highway":"trunk","policy":"HGV restrictions on select corridors (BTP)"},"geometry":{"type":"LineString","coordinates":[[77.52365,12.99782],[77.52362,12.99777],[77.52353,12.99757]]}},{"type":"Feature","properties":{"name":"Outer Ring Road","highway":"trunk","policy":"HGV restrictions on select corridors (BTP)"},"geometry":{"type":"LineString","coordinates":[[77.5238,12.99814],[77.52365,12.99782]]}},{"type":"Feature","properties":{"name":"Outer Ring Road","highway":"trunk","policy":"HGV restrictions on select corridors (BTP)"},"geometry":{"type":"LineString","coordinates":[[77.52339,12.9976],[77.5234,12.99762],[77.52344,12.9977],[77.52347,12.99777],[77.52352,12.99786]]}},{"type":"Feature","properties":{"name":"Outer Ring Road","highway":"trunk","policy":"HGV restrictions on select corridors (BTP)"},"geometry":{"type":"LineString","coordinates":[[77.52352,12.99786],[77.52368,12.99819]]}},{"type":"Feature","properties":{"name":"Old Madras Road","highway":"trunk","policy":"HGV restrictions on select corridors (BTP)"},"geometry":{"type":"LineString","coordinates":[[77.71703,13.02439],[77.72022,13.02616]]}},{"type":"Feature","properties":{"name":"Old Madras Road","highway":"trunk","policy":"HGV restrictions on select corridors (BTP)"},"geometry":{"type":"LineString","coordinates":[[77.72027,13.02607],[77.71708,13.02429]]}},{"type":"Feature","properties":{"name":"Old Madras Road","highway":"trunk","policy":"HGV restrictions on select corridors (BTP)"},"geometry":{"type":"LineString","coordinates":[[77.72477,13.02867],[77.72498,13.02879],[77.72565,13.02918],[77.72775,13.03032]]}},{"type":"Feature","properties":{"name":"Old Madras Road","highway":"trunk","policy":"HGV restrictions on select corridors (BTP)"},"geometry":{"type":"LineString","coordinates":[[77.7278,13.03023],[77.72548,13.02891],[77.7254,13.02887],[77.7253,13.02881],[77.72483,13.02856]]}},{"type":"Feature","properties":{"name":"Old Madras Road","highway":"trunk","policy":"HGV restrictions on select corridors (BTP)"},"geometry":{"type":"LineString","coordinates":[[77.7336,13.03411],[77.72989,13.03145],[77.72926,13.03105],[77.72846,13.03061],[77.72817,13.03044]]}},{"type":"Feature","properties":{"name":"Old Madras Road Flyover","highway":"trunk","policy":"HGV restrictions on select corridors (BTP)"},"geometry":{"type":"LineString","coordinates":[[77.73354,13.03418],[77.73484,13.03511]]}},{"type":"Feature","properties":{"name":"Old Madras Road Flyover","highway":"trunk","policy":"HGV restrictions on select corridors (BTP)"},"geometry":{"type":"LineString","coordinates":[[77.73799,13.03723],[77.73556,13.03551],[77.7336,13.03411]]}},{"type":"Feature","properties":{"name":"Old Madras Road Flyover","highway":"trunk","policy":"HGV restrictions on select corridors (BTP)"},"geometry":{"type":"LineString","coordinates":[[77.73629,13.03615],[77.73792,13.03731]]}},{"type":"Feature","properties":{"name":"Outer Ring Road","highway":"trunk","policy":"HGV restrictions on select corridors (BTP)"},"geometry":{"type":"LineString","coordinates":[[77.65483,12.92358],[77.65437,12.92367]]}},{"type":"Feature","properties":{"name":"Srinagar - Kanyakumari Highway","highway":"trunk","policy":"HGV restrictions on select corridors (BTP)"},"geometry":{"type":"LineString","coordinates":[[77.59125,13.04636],[77.59137,13.04655]]}},{"type":"Feature","properties":{"name":"Bellary Road","highway":"trunk","policy":"HGV restrictions on select corridors (BTP)"},"geometry":{"type":"LineString","coordinates":[[77.58463,13.02304],[77.5846,13.02276]]}},{"type":"Feature","properties":{"name":"Hebbal Flyover","highway":"trunk","policy":"HGV restrictions on select corridors (BTP)"},"geometry":{"type":"LineString","coordinates":[[77.58955,13.0396],[77.58952,13.03933]]}},{"type":"Feature","properties":{"name":"Tumkur Road Exit","highway":"trunk","policy":"HGV restrictions on select corridors (BTP)"},"geometry":{"type":"LineString","coordinates":[[77.59065,13.04302],[77.59058,13.04284],[77.59056,13.0428],[77.59053,13.04274],[77.59051,13.04269]]}},{"type":"Feature","properties":{"name":"Bellary Road","highway":"trunk","policy":"HGV restrictions on select corridors (BTP)"},"geometry":{"type":"LineString","coordinates":[[77.5916,13.04638],[77.59144,13.04601]]}},{"type":"Feature","properties":{"name":"Bellary Road","highway":"trunk","policy":"HGV restrictions on select corridors (BTP)"},"geometry":{"type":"LineString","coordinates":[[77.59186,13.0473],[77.59186,13.04717],[77.5916,13.0465],[77.5916,13.04638]]}},{"type":"Feature","properties":{"name":"Outer Ring Road","highway":"trunk","policy":"HGV restrictions on select corridors (BTP)"},"geometry":{"type":"LineString","coordinates":[[77.57333,12.90653],[77.57339,12.90653],[77.57352,12.90653],[77.57441,12.90653],[77.57508,12.90652]]}},{"type":"Feature","properties":{"name":"Outer Ring Road","highway":"trunk","policy":"HGV restrictions on select corridors (BTP)"},"geometry":{"type":"LineString","coordinates":[[77.59105,13.04292],[77.59131,13.04281]]}},{"type":"Feature","properties":{"name":"Kanakapura Road","highway":"trunk","policy":"HGV restrictions on select corridors (BTP)"},"geometry":{"type":"LineString","coordinates":[[77.52225,12.85002],[77.52226,12.85041]]}},{"type":"Feature","properties":{"name":"Kanakapura Road","highway":"trunk","policy":"HGV restrictions on select corridors (BTP)"},"geometry":{"type":"LineString","coordinates":[[77.52242,12.85041],[77.5224,12.85002]]}},{"type":"Feature","properties":{"name":"Kanakapura Road","highway":"trunk","policy":"HGV restrictions on select corridors (BTP)"},"geometry":{"type":"LineString","coordinates":[[77.5224,12.85002],[77.52231,12.8494],[77.52222,12.84906]]}},{"type":"Feature","properties":{"name":"Kanakapura Road","highway":"trunk","policy":"HGV restrictions on select corridors (BTP)"},"geometry":{"type":"LineString","coordinates":[[77.52226,12.85041],[77.52229,12.85084],[77.52232,12.85124],[77.52235,12.85154],[77.52241,12.85179],[77.52246,12.85195]]}},{"type":"Feature","properties":{"name":"Kanakapura Road","highway":"trunk","policy":"HGV restrictions on select corridors (BTP)"},"geometry":{"type":"LineString","coordinates":[[77.52258,12.85192],[77.52249,12.85152],[77.52243,12.85084],[77.52242,12.85041]]}},{"type":"Feature","properties":{"name":"Kanakapura Road","highway":"trunk","policy":"HGV restrictions on select corridors (BTP)"},"geometry":{"type":"LineString","coordinates":[[77.5221,12.84908],[77.52217,12.8494],[77.52225,12.85002]]}},{"type":"Feature","properties":{"name":"Kanakapura Road","highway":"trunk","policy":"HGV restrictions on select corridors (BTP)"},"geometry":{"type":"LineString","coordinates":[[77.52345,12.85359],[77.52335,12.85349],[77.52319,12.85323],[77.52307,12.85305],[77.52301,12.85294],[77.52295,12.85283],[77.5228,12.85251],[77.5227,12.85227],[77.52258,12.85192]]}},{"type":"Feature","properties":{"name":"Kanakapura Road","highway":"trunk","policy":"HGV restrictions on select corridors (BTP)"},"geometry":{"type":"LineString","coordinates":[[77.52246,12.85195],[77.52257,12.85231],[77.52266,12.85255],[77.52281,12.85288],[77.5229,12.85303],[77.52297,12.85315],[77.5232,12.85354],[77.52333,12.85367]]}},{"type":"Feature","properties":{"name":"Kanakapura Road","highway":"trunk","policy":"HGV restrictions on select corridors (BTP)"},"geometry":{"type":"LineString","coordinates":[[77.51336,12.83204],[77.51341,12.83225],[77.51352,12.83271],[77.51356,12.83288],[77.51362,12.83313],[77.51366,12.83324],[77.51369,12.83336],[77.51377,12.83368],[77.51382,12.83388],[77.51385,12.834],[77.51389,12.83414],[77.51395,12.83429],[77.51412,12.83471],[77.51432,12.83503],[77.5145,12.83527],[77.51464,12.83544],[77.51467,12.83548],[77.51486,12.83567],[77.51495,12.83575],[77.51506,12.83585],[77.51515,12.83592],[77.51525,12.83602],[77.51542,12.83619],[77.51559,12.83636],[77.51578,12.83659],[77.51589,12.83674],[77.51592,12.83679],[77.51593,12.8368],[77.51603,12.83702],[77.51609,12.83715],[77.51624,12.83751],[77.51643,12.83793],[77.51659,12.83833],[77.51674,12.83879],[77.51683,12.83912],[77.51691,12.83952],[77.517,12.84001],[77.51717,12.84092],[77.51732,12.84145],[77.51748,12.84204],[77.51757,12.84232],[77.51772,12.84264],[77.51784,12.84284],[77.51792,12.84297],[77.51818,12.84329],[77.5185,12.84368],[77.51892,12.84422],[77.51966,12.84524],[77.51977,12.84539]]}},{"type":"Feature","properties":{"name":"Mysore Road","highway":"trunk","policy":"HGV restrictions on select corridors (BTP)"},"geometry":{"type":"LineString","coordinates":[[77.54171,12.95298],[77.54159,12.95286],[77.54153,12.95281],[77.54135,12.95263]]}},{"type":"Feature","properties":{"name":"Bellary Road","highway":"trunk","policy":"HGV restrictions on select corridors (BTP)"},"geometry":{"type":"LineString","coordinates":[[77.59358,13.05379],[77.59361,13.0532],[77.5936,13.05291],[77.59356,13.05258],[77.5935,13.05217],[77.59327,13.05129]]}},{"type":"Feature","properties":{"name":"Bellary Road","highway":"trunk","policy":"HGV restrictions on select corridors (BTP)"},"geometry":{"type":"LineString","coordinates":[[77.59315,13.05129],[77.59336,13.05217],[77.59344,13.05259],[77.59348,13.0529],[77.59348,13.05295],[77.59349,13.05321],[77.59348,13.05337],[77.59348,13.05352],[77.59347,13.05366],[77.59346,13.05378]]}},{"type":"Feature","properties":{"name":"freight corridor","highway":"trunk","policy":"HGV restrictions on select corridors (BTP)"},"geometry":{"type":"LineString","coordinates":[[77.59338,13.05347],[77.59336,13.05366],[77.59326,13.05463],[77.59325,13.05472],[77.59324,13.0548],[77.59322,13.05549]]}},{"type":"Feature","properties":{"name":"Bellary Road","highway":"trunk","policy":"HGV restrictions on select corridors (BTP)"},"geometry":{"type":"LineString","coordinates":[[77.61544,13.13154],[77.61542,13.1315],[77.6151,13.13084],[77.61432,13.12918],[77.61409,13.12871],[77.61401,13.12855],[77.61372,13.12795],[77.61336,13.12717],[77.61298,13.12636],[77.61261,13.1256]]}},{"type":"Feature","properties":{"name":"Bellary Road","highway":"trunk","policy":"HGV restrictions on select corridors (BTP)"},"geometry":{"type":"LineString","coordinates":[[77.6155,13.13167],[77.61544,13.13154]]}},{"type":"Feature","properties":{"name":"Bellary Road","highway":"trunk","policy":"HGV restrictions on select corridors (BTP)"},"geometry":{"type":"LineString","coordinates":[[77.61533,13.13159],[77.61539,13.13172]]}},{"type":"Feature","properties":{"name":"Bellary Road","highway":"trunk","policy":"HGV restrictions on select corridors (BTP)"},"geometry":{"type":"LineString","coordinates":[[77.61358,13.1279],[77.61399,13.12877],[77.6145,13.12982],[77.61454,13.12991],[77.61499,13.13088],[77.61514,13.1312],[77.61533,13.13159]]}},{"type":"Feature","properties":{"name":"NICE Road","highway":"motorway","policy":"HGV restrictions on select corridors (BTP)"},"geometry":{"type":"LineString","coordinates":[[77.53027,12.85688],[77.52955,12.85709],[77.52868,12.85736],[77.52784,12.85765]]}},{"type":"Feature","properties":{"name":"NICE Road","highway":"motorway","policy":"HGV restrictions on select corridors (BTP)"},"geometry":{"type":"LineString","coordinates":[[77.53118,12.8566],[77.53048,12.85682]]}},{"type":"Feature","properties":{"name":"NICE Road","highway":"motorway","policy":"HGV restrictions on select corridors (BTP)"},"geometry":{"type":"LineString","coordinates":[[77.52217,12.85986],[77.52195,12.85995]]}},{"type":"Feature","properties":{"name":"NICE Road","highway":"motorway","policy":"HGV restrictions on select corridors (BTP)"},"geometry":{"type":"LineString","coordinates":[[77.523,12.85952],[77.52239,12.85976]]}},{"type":"Feature","properties":{"name":"NICE Road","highway":"motorway","policy":"HGV restrictions on select corridors (BTP)"},"geometry":{"type":"LineString","coordinates":[[77.47536,13.04278],[77.47537,13.04266],[77.4754,13.04239],[77.47543,13.04213],[77.47545,13.04202],[77.47564,13.04051]]}},{"type":"Feature","properties":{"name":"NICE Road","highway":"motorway","policy":"HGV restrictions on select corridors (BTP)"},"geometry":{"type":"LineString","coordinates":[[77.47581,13.03808],[77.47543,13.04047]]}},{"type":"Feature","properties":{"name":"NICE Road","highway":"motorway","policy":"HGV restrictions on select corridors (BTP)"},"geometry":{"type":"LineString","coordinates":[[77.4769,13.05399],[77.47688,13.05386],[77.47676,13.05292],[77.47666,13.05247],[77.47656,13.05178],[77.47607,13.04901],[77.47554,13.04563],[77.47544,13.04491],[77.47538,13.04382]]}},{"type":"Feature","properties":{"name":"NICE Road","highway":"motorway","policy":"HGV restrictions on select corridors (BTP)"},"geometry":{"type":"LineString","coordinates":[[77.47543,13.04047],[77.47511,13.04199],[77.47509,13.04209],[77.47504,13.04236],[77.47503,13.04265],[77.47503,13.04275]]}},{"type":"Feature","properties":{"name":"NICE Road","highway":"motorway","policy":"HGV restrictions on select corridors (BTP)"},"geometry":{"type":"LineString","coordinates":[[77.47384,12.99681],[77.47338,12.99455],[77.47335,12.99438],[77.47312,12.99328]]}},{"type":"Feature","properties":{"name":"NICE Road","highway":"motorway","policy":"HGV restrictions on select corridors (BTP)"},"geometry":{"type":"LineString","coordinates":[[77.47312,12.99328],[77.47303,12.99282]]}},{"type":"Feature","properties":{"name":"NICE Road","highway":"motorway","policy":"HGV restrictions on select corridors (BTP)"},"geometry":{"type":"LineString","coordinates":[[77.47259,12.9907],[77.47228,12.98924]]}},{"type":"Feature","properties":{"name":"NICE Road","highway":"motorway","policy":"HGV restrictions on select corridors (BTP)"},"geometry":{"type":"LineString","coordinates":[[77.47274,12.9914],[77.47272,12.99134],[77.47259,12.9907]]}},{"type":"Feature","properties":{"name":"NICE Road","highway":"motorway","policy":"HGV restrictions on select corridors (BTP)"},"geometry":{"type":"LineString","coordinates":[[77.47148,12.96225],[77.47149,12.9609],[77.47149,12.9601],[77.4715,12.95976],[77.4715,12.95907],[77.47151,12.95711],[77.47148,12.95677],[77.47146,12.95638],[77.47141,12.9558],[77.47133,12.95504],[77.47112,12.95312],[77.47104,12.95239],[77.47095,12.95159],[77.47086,12.95073],[77.47074,12.94977],[77.47061,12.94892],[77.47051,12.94834],[77.4703,12.94724],[77.4702,12.94665],[77.47009,12.94608]]}},{"type":"Feature","properties":{"name":"NICE Road","highway":"motorway","policy":"HGV restrictions on select corridors (BTP)"},"geometry":{"type":"LineString","coordinates":[[77.46954,12.94131],[77.46961,12.94268],[77.46966,12.94363],[77.4697,12.9442],[77.46972,12.94469],[77.46978,12.94514],[77.46982,12.9455],[77.46987,12.94586]]}},{"type":"Feature","properties":{"name":"NICE Road","highway":"motorway","policy":"HGV restrictions on select corridors (BTP)"},"geometry":{"type":"LineString","coordinates":[[77.46987,12.94586],[77.4699,12.94605]]}},{"type":"Feature","properties":{"name":"NICE Road","highway":"motorway","policy":"HGV restrictions on select corridors (BTP)"},"geometry":{"type":"LineString","coordinates":[[77.47006,12.9459],[77.47,12.94557],[77.46996,12.94527],[77.46992,12.94481],[77.46989,12.94437],[77.46983,12.9436],[77.4697,12.94128]]}},{"type":"Feature","properties":{"name":"NICE Road","highway":"motorway","policy":"HGV restrictions on select corridors (BTP)"},"geometry":{"type":"LineString","coordinates":[[77.47009,12.94608],[77.47006,12.9459]]}},{"type":"Feature","properties":{"name":"NICE Road","highway":"motorway","policy":"HGV restrictions on select corridors (BTP)"},"geometry":{"type":"LineString","coordinates":[[77.46901,12.90667],[77.46915,12.90633]]}},{"type":"Feature","properties":{"name":"NICE Road","highway":"motorway","policy":"HGV restrictions on select corridors (BTP)"},"geometry":{"type":"LineString","coordinates":[[77.46967,12.90493],[77.46997,12.90412]]}},{"type":"Feature","properties":{"name":"NICE Road","highway":"motorway","policy":"HGV restrictions on select corridors (BTP)"},"geometry":{"type":"LineString","coordinates":[[77.46959,12.90517],[77.46966,12.90495],[77.46967,12.90493]]}},{"type":"Feature","properties":{"name":"NICE Road","highway":"motorway","policy":"HGV restrictions on select corridors (BTP)"},"geometry":{"type":"LineString","coordinates":[[77.47126,12.90061],[77.47106,12.90093],[77.47078,12.9015],[77.47063,12.90184],[77.47049,12.90218],[77.47019,12.90298]]}},{"type":"Feature","properties":{"name":"NICE Road","highway":"motorway","policy":"HGV restrictions on select corridors (BTP)"},"geometry":{"type":"LineString","coordinates":[[77.47211,12.89933],[77.47189,12.89965],[77.47168,12.89994],[77.47126,12.90061]]}},{"type":"Feature","properties":{"name":"NICE Road","highway":"motorway","policy":"HGV restrictions on select corridors (BTP)"},"geometry":{"type":"LineString","coordinates":[[77.47301,12.89835],[77.47253,12.89882],[77.47211,12.89933]]}},{"type":"Feature","properties":{"name":"NICE Expressway","highway":"motorway","policy":"HGV restrictions on select corridors (BTP)"},"geometry":{"type":"LineString","coordinates":[[77.5312,12.9367],[77.53127,12.93706],[77.53137,12.93741],[77.5317,12.93807],[77.53174,12.93819]]}},{"type":"Feature","properties":{"name":"NICE Expressway","highway":"motorway","policy":"HGV restrictions on select corridors (BTP)"},"geometry":{"type":"LineString","coordinates":[[77.53174,12.93819],[77.53188,12.93852]]}},{"type":"Feature","properties":{"name":"NICE Expressway","highway":"motorway","policy":"HGV restrictions on select corridors (BTP)"},"geometry":{"type":"LineString","coordinates":[[77.5252,12.9038],[77.52561,12.9042],[77.52594,12.9046],[77.52631,12.90509],[77.52706,12.90628],[77.52751,12.90701],[77.52756,12.90709],[77.52788,12.90764]]}},{"type":"Feature","properties":{"name":"NICE Expressway","highway":"motorway","policy":"HGV restrictions on select corridors (BTP)"},"geometry":{"type":"LineString","coordinates":[[77.52509,12.90369],[77.5252,12.9038]]}},{"type":"Feature","properties":{"name":"NICE Road","highway":"motorway","policy":"HGV restrictions on select corridors (BTP)"},"geometry":{"type":"LineString","coordinates":[[77.59994,12.85366],[77.60058,12.85369],[77.60321,12.85379],[77.60337,12.8538],[77.6038,12.85382],[77.60411,12.85384],[77.60437,12.85387],[77.60466,12.8539],[77.60509,12.85397],[77.60533,12.85403],[77.60588,12.85417]]}},{"type":"Feature","properties":{"name":"NICE Road","highway":"motorway","policy":"HGV restrictions on select corridors (BTP)"},"geometry":{"type":"LineString","coordinates":[[77.60588,12.85417],[77.606,12.85421]]}},{"type":"Feature","properties":{"name":"NICE Road","highway":"motorway","policy":"HGV restrictions on select corridors (BTP)"},"geometry":{"type":"LineString","coordinates":[[77.60593,12.85402],[77.60545,12.85389],[77.60503,12.85379],[77.60475,12.85375],[77.60443,12.8537],[77.60416,12.85367],[77.60378,12.85365],[77.60314,12.85362],[77.60189,12.85357],[77.59994,12.8535]]}},{"type":"Feature","properties":{"name":"NICE Road","highway":"motorway","policy":"HGV restrictions on select corridors (BTP)"},"geometry":{"type":"LineString","coordinates":[[77.60605,12.85405],[77.60593,12.85402]]}},{"type":"Feature","properties":{"name":"NICE Road","highway":"motorway","policy":"HGV restrictions on select corridors (BTP)"},"geometry":{"type":"LineString","coordinates":[[77.62913,12.86588],[77.62832,12.86556],[77.62768,12.86528],[77.62725,12.86506],[77.62672,12.86478],[77.62618,12.86445],[77.62556,12.86406],[77.6232,12.86258],[77.62231,12.86202],[77.6213,12.86138],[77.62106,12.86122],[77.62086,12.86109],[77.6205,12.86082]]}},{"type":"Feature","properties":{"name":"NICE Road","highway":"motorway","policy":"HGV restrictions on select corridors (BTP)"},"geometry":{"type":"LineString","coordinates":[[77.59281,12.85182],[77.59242,12.85145]]}},{"type":"Feature","properties":{"name":"NICE Road","highway":"motorway","policy":"HGV restrictions on select corridors (BTP)"},"geometry":{"type":"LineString","coordinates":[[77.58254,12.8505],[77.58374,12.85042],[77.58393,12.85041],[77.58462,12.85038],[77.58585,12.8503],[77.58794,12.85017]]}},{"type":"Feature","properties":{"name":"NICE Road","highway":"motorway","policy":"HGV restrictions on select corridors (BTP)"},"geometry":{"type":"LineString","coordinates":[[77.53807,12.8545],[77.53478,12.85552],[77.53429,12.85567],[77.53287,12.8561],[77.53246,12.85623]]}},{"type":"Feature","properties":{"name":"NICE Road","highway":"motorway","policy":"HGV restrictions on select corridors (BTP)"},"geometry":{"type":"LineString","coordinates":[[77.5305,12.85699],[77.53082,12.85689],[77.53316,12.85618]]}},{"type":"Feature","properties":{"name":"NICE Road","highway":"motorway","policy":"HGV restrictions on select corridors (BTP)"},"geometry":{"type":"LineString","coordinates":[[77.5421,12.85333],[77.54067,12.85373],[77.53993,12.85394],[77.53951,12.85406],[77.53928,12.85412],[77.53872,12.85429],[77.53814,12.85448]]}},{"type":"Feature","properties":{"name":"NICE Road","highway":"motorway","policy":"HGV restrictions on select corridors (BTP)"},"geometry":{"type":"LineString","coordinates":[[77.53814,12.85448],[77.53807,12.8545]]}},{"type":"Feature","properties":{"name":"NICE Road","highway":"motorway","policy":"HGV restrictions on select corridors (BTP)"},"geometry":{"type":"LineString","coordinates":[[77.5382,12.85463],[77.53911,12.85435],[77.53984,12.85414],[77.54088,12.85385],[77.54095,12.85383],[77.54103,12.85381],[77.54124,12.85375],[77.54142,12.8537],[77.54157,12.85366],[77.54177,12.8536],[77.54194,12.85356]]}},{"type":"Feature","properties":{"name":"NICE Road","highway":"motorway","policy":"HGV restrictions on select corridors (BTP)"},"geometry":{"type":"LineString","coordinates":[[77.53812,12.85466],[77.5382,12.85463]]}},{"type":"Feature","properties":{"name":"NICE Road","highway":"motorway","policy":"HGV restrictions on select corridors (BTP)"},"geometry":{"type":"LineString","coordinates":[[77.53246,12.85623],[77.5323,12.85627],[77.53208,12.85633],[77.53144,12.85652],[77.53118,12.8566]]}},{"type":"Feature","properties":{"name":"NICE Road","highway":"motorway","policy":"HGV restrictions on select corridors (BTP)"},"geometry":{"type":"LineString","coordinates":[[77.53316,12.85618],[77.53442,12.8558],[77.53692,12.85503],[77.53812,12.85466]]}},{"type":"Feature","properties":{"name":"NICE Road","highway":"motorway","policy":"HGV restrictions on select corridors (BTP)"},"geometry":{"type":"LineString","coordinates":[[77.52794,12.85779],[77.52871,12.85753],[77.52948,12.85729],[77.5303,12.85706]]}},{"type":"Feature","properties":{"name":"NICE Road","highway":"motorway","policy":"HGV restrictions on select corridors (BTP)"},"geometry":{"type":"LineString","coordinates":[[77.53036,12.85704],[77.5305,12.85699]]}},{"type":"Feature","properties":{"name":"NICE Road","highway":"motorway","policy":"HGV restrictions on select corridors (BTP)"},"geometry":{"type":"LineString","coordinates":[[77.5303,12.85706],[77.53036,12.85704]]}},{"type":"Feature","properties":{"name":"NICE Road","highway":"motorway","policy":"HGV restrictions on select corridors (BTP)"},"geometry":{"type":"LineString","coordinates":[[77.53033,12.85686],[77.53027,12.85688]]}},{"type":"Feature","properties":{"name":"NICE Road","highway":"motorway","policy":"HGV restrictions on select corridors (BTP)"},"geometry":{"type":"LineString","coordinates":[[77.53048,12.85682],[77.53033,12.85686]]}},{"type":"Feature","properties":{"name":"NICE Road","highway":"motorway","policy":"HGV restrictions on select corridors (BTP)"},"geometry":{"type":"LineString","coordinates":[[77.51823,12.86155],[77.51773,12.86175],[77.51766,12.86177],[77.51708,12.862],[77.51495,12.86283],[77.51478,12.8629],[77.51378,12.86329],[77.51348,12.86341],[77.51322,12.86352],[77.51296,12.86363],[77.51272,12.86372],[77.51249,12.86382],[77.51229,12.8639],[77.51212,12.86397],[77.51198,12.86402],[77.51187,12.86407],[77.51179,12.8641],[77.51132,12.86429]]}},{"type":"Feature","properties":{"name":"NICE Road","highway":"motorway","policy":"HGV restrictions on select corridors (BTP)"},"geometry":{"type":"LineString","coordinates":[[77.50426,12.86869],[77.50408,12.86881]]}},{"type":"Feature","properties":{"name":"NICE Road","highway":"motorway","policy":"HGV restrictions on select corridors (BTP)"},"geometry":{"type":"LineString","coordinates":[[77.50436,12.86882],[77.50522,12.86824],[77.50605,12.86768],[77.50751,12.8667],[77.50816,12.86624],[77.50853,12.866],[77.50891,12.86574],[77.50953,12.86536],[77.51007,12.86505],[77.51051,12.86484],[77.51105,12.86458],[77.51126,12.8645],[77.51299,12.8638],[77.514,12.8634],[77.51519,12.86292],[77.51778,12.86192],[77.51866,12.86158],[77.51943,12.86124],[77.52084,12.86063],[77.52214,12.86008]]}},{"type":"Feature","properties":{"name":"NICE Road","highway":"motorway","policy":"HGV restrictions on select corridors (BTP)"},"geometry":{"type":"LineString","coordinates":[[77.50417,12.86895],[77.50436,12.86882]]}},{"type":"Feature","properties":{"name":"NICE Road","highway":"motorway","policy":"HGV restrictions on select corridors (BTP)"},"geometry":{"type":"LineString","coordinates":[[77.51132,12.86429],[77.51108,12.86439],[77.51048,12.86467],[77.51,12.8649],[77.50945,12.86521],[77.50905,12.86545],[77.50884,12.86559],[77.50842,12.86586],[77.50808,12.86609],[77.50714,12.86673],[77.50666,12.86706],[77.50598,12.86752],[77.50513,12.8681],[77.50426,12.86869]]}},{"type":"Feature","properties":{"name":"NICE Road","highway":"motorway","policy":"HGV restrictions on select corridors (BTP)"},"geometry":{"type":"LineString","coordinates":[[77.52195,12.85995],[77.52174,12.86004],[77.5199,12.86084],[77.51961,12.86097],[77.51919,12.86115],[77.51871,12.86136],[77.51823,12.86155]]}},{"type":"Feature","properties":{"name":"NICE Road","highway":"motorway","policy":"HGV restrictions on select corridors (BTP)"},"geometry":{"type":"LineString","coordinates":[[77.50408,12.86881],[77.50338,12.86928],[77.50197,12.87024],[77.50074,12.87107],[77.49944,12.87195],[77.49925,12.87209],[77.49853,12.87258],[77.49823,12.87281],[77.49782,12.87316],[77.49767,12.87333],[77.49751,12.87349],[77.49737,12.87365],[77.49717,12.8739],[77.49696,12.87419],[77.49679,12.8745],[77.49668,12.8747],[77.49656,12.87489]]}},{"type":"Feature","properties":{"name":"NICE Road","highway":"motorway","policy":"HGV restrictions on select corridors (BTP)"},"geometry":{"type":"LineString","coordinates":[[77.49656,12.87489],[77.49655,12.8749],[77.49649,12.87506]]}},{"type":"Feature","properties":{"name":"NICE Road","highway":"motorway","policy":"HGV restrictions on select corridors (BTP)"},"geometry":{"type":"LineString","coordinates":[[77.49673,12.87499],[77.49685,12.87474],[77.49709,12.87429],[77.49727,12.87403],[77.49747,12.87378],[77.4976,12.87361],[77.49783,12.87339],[77.49816,12.87309],[77.49839,12.87289],[77.4988,12.87259],[77.49945,12.87217],[77.50076,12.87128],[77.5021,12.87036],[77.50353,12.86939],[77.50417,12.86895]]}},{"type":"Feature","properties":{"name":"NICE Road","highway":"motorway","policy":"HGV restrictions on select corridors (BTP)"},"geometry":{"type":"LineString","coordinates":[[77.49667,12.87512],[77.49673,12.87499]]}},{"type":"Feature","properties":{"name":"NICE Road","highway":"motorway","policy":"HGV restrictions on select corridors (BTP)"},"geometry":{"type":"LineString","coordinates":[[77.49649,12.87506],[77.49609,12.876]]}},{"type":"Feature","properties":{"name":"NICE Road","highway":"motorway","policy":"HGV restrictions on select corridors (BTP)"},"geometry":{"type":"LineString","coordinates":[[77.49609,12.876],[77.49542,12.87763],[77.49536,12.87777]]}},{"type":"Feature","properties":{"name":"NICE Road","highway":"motorway","policy":"HGV restrictions on select corridors (BTP)"},"geometry":{"type":"LineString","coordinates":[[77.49536,12.87777],[77.49505,12.87847],[77.49499,12.87859],[77.4949,12.87878],[77.49467,12.87923]]}},{"type":"Feature","properties":{"name":"NICE Road","highway":"motorway","policy":"HGV restrictions on select corridors (BTP)"},"geometry":{"type":"LineString","coordinates":[[77.49524,12.8785],[77.49559,12.87769],[77.49587,12.87703]]}},{"type":"Feature","properties":{"name":"NICE Road","highway":"motorway","policy":"HGV restrictions on select corridors (BTP)"},"geometry":{"type":"LineString","coordinates":[[77.49471,12.87958],[77.49485,12.87933],[77.49494,12.87918],[77.49507,12.87891],[77.49524,12.8785]]}},{"type":"Feature","properties":{"name":"NICE Expressway","highway":"motorway","policy":"HGV restrictions on select corridors (BTP)"},"geometry":{"type":"LineString","coordinates":[[77.49525,12.87928],[77.49532,12.87934],[77.49559,12.87963]]}},{"type":"Feature","properties":{"name":"NICE Expressway","highway":"motorway","policy":"HGV restrictions on select corridors (BTP)"},"geometry":{"type":"LineString","coordinates":[[77.49559,12.87963],[77.49597,12.88],[77.49635,12.88034],[77.49668,12.88063],[77.4977,12.88142]]}},{"type":"Feature","properties":{"name":"NICE Road","highway":"motorway","policy":"HGV restrictions on select corridors (BTP)"},"geometry":{"type":"LineString","coordinates":[[77.49627,12.87608],[77.49667,12.87512]]}},{"type":"Feature","properties":{"name":"NICE Expressway","highway":"motorway","policy":"HGV restrictions on select corridors (BTP)"},"geometry":{"type":"LineString","coordinates":[[77.49273,12.87653],[77.49285,12.87667]]}},{"type":"Feature","properties":{"name":"NICE Expressway","highway":"motorway","policy":"HGV restrictions on select corridors (BTP)"},"geometry":{"type":"LineString","coordinates":[[77.49307,12.87652],[77.49294,12.87638]]}},{"type":"Feature","properties":{"name":"NICE Expressway","highway":"motorway","policy":"HGV restrictions on select corridors (BTP)"},"geometry":{"type":"LineString","coordinates":[[77.49955,12.88268],[77.49901,12.88229],[77.49881,12.88213],[77.49856,12.88194],[77.49853,12.88191]]}},{"type":"Feature","properties":{"name":"NICE Expressway","highway":"motorway","policy":"HGV restrictions on select corridors (BTP)"},"geometry":{"type":"LineString","coordinates":[[77.50019,12.88314],[77.49998,12.88298],[77.49955,12.88268]]}},{"type":"Feature","properties":{"name":"NICE Expressway","highway":"motorway","policy":"HGV restrictions on select corridors (BTP)"},"geometry":{"type":"LineString","coordinates":[[77.50179,12.88426],[77.50294,12.88494],[77.50543,12.88618]]}},{"type":"Feature","properties":{"name":"NICE Expressway","highway":"motorway","policy":"HGV restrictions on select corridors (BTP)"},"geometry":{"type":"LineString","coordinates":[[77.50543,12.88618],[77.50606,12.88649]]}},{"type":"Feature","properties":{"name":"Benniganahalli Flyover","highway":"trunk","policy":"HGV restrictions on select corridors (BTP)"},"geometry":{"type":"LineString","coordinates":[[77.66631,12.99581],[77.66726,12.99618]]}},{"type":"Feature","properties":{"name":"Benniganahalli Flyover","highway":"trunk","policy":"HGV restrictions on select corridors (BTP)"},"geometry":{"type":"LineString","coordinates":[[77.66468,12.99658],[77.6648,12.99638],[77.66489,12.99623],[77.66502,12.99606],[77.66514,12.99594],[77.66528,12.99585],[77.66543,12.99577],[77.66558,12.99572],[77.66573,12.9957],[77.66589,12.9957],[77.66608,12.99573],[77.66631,12.99581]]}},{"type":"Feature","properties":{"name":"Bellary Road","highway":"trunk","policy":"HGV restrictions on select corridors (BTP)"},"geometry":{"type":"LineString","coordinates":[[77.59346,13.05378],[77.59338,13.05506],[77.59336,13.0554]]}},{"type":"Feature","properties":{"name":"Bellary Road","highway":"trunk","policy":"HGV restrictions on select corridors (BTP)"},"geometry":{"type":"LineString","coordinates":[[77.59348,13.0554],[77.59349,13.05506],[77.59358,13.05379]]}},{"type":"Feature","properties":{"name":"Outer Ring Road","highway":"trunk","policy":"HGV restrictions on select corridors (BTP)"},"geometry":{"type":"LineString","coordinates":[[77.59474,12.90625],[77.59434,12.90626],[77.5936,12.90626]]}},{"type":"Feature","properties":{"name":"Outer Ring Road","highway":"trunk","policy":"HGV restrictions on select corridors (BTP)"},"geometry":{"type":"LineString","coordinates":[[77.5936,12.90633],[77.59474,12.90633]]}},{"type":"Feature","properties":{"name":"Outer Ring Road","highway":"trunk","policy":"HGV restrictions on select corridors (BTP)"},"geometry":{"type":"LineString","coordinates":[[77.59558,12.90627],[77.59622,12.90618],[77.59636,12.90617]]}},{"type":"Feature","properties":{"name":"Outer Ring Road","highway":"trunk","policy":"HGV restrictions on select corridors (BTP)"},"geometry":{"type":"LineString","coordinates":[[77.59635,12.9061],[77.59621,12.90611],[77.59557,12.9062]]}},{"type":"Feature","properties":{"name":"Outer Ring Road","highway":"trunk","policy":"HGV restrictions on select corridors (BTP)"},"geometry":{"type":"LineString","coordinates":[[77.66599,12.92115],[77.66626,12.92127]]}},{"type":"Feature","properties":{"name":"Outer Ring Road","highway":"trunk","policy":"HGV restrictions on select corridors (BTP)"},"geometry":{"type":"LineString","coordinates":[[77.67535,12.92528],[77.67437,12.92478]]}},{"type":"Feature","properties":{"name":"Outer Ring Road","highway":"trunk","policy":"HGV restrictions on select corridors (BTP)"},"geometry":{"type":"LineString","coordinates":[[77.67428,12.92495],[77.67475,12.92519],[77.67529,12.92546]]}},{"type":"Feature","properties":{"name":"Outer Ring Road","highway":"trunk","policy":"HGV restrictions on select corridors (BTP)"},"geometry":{"type":"LineString","coordinates":[[77.54665,13.04143],[77.54576,13.04114],[77.54541,13.04102]]}},{"type":"Feature","properties":{"name":"Outer Ring Road","highway":"trunk","policy":"HGV restrictions on select corridors (BTP)"},"geometry":{"type":"LineString","coordinates":[[77.54396,13.0402],[77.54432,13.04051],[77.54452,13.04066],[77.54472,13.04078],[77.54493,13.0409],[77.54515,13.04099],[77.54539,13.04107]]}},{"type":"Feature","properties":{"name":"Outer Ring Road","highway":"trunk","policy":"HGV restrictions on select corridors (BTP)"},"geometry":{"type":"LineString","coordinates":[[77.54252,13.03887],[77.5421,13.03852],[77.54199,13.03837]]}},{"type":"Feature","properties":{"name":"Tumkur Road","highway":"trunk","policy":"HGV restrictions on select corridors (BTP)"},"geometry":{"type":"LineString","coordinates":[[77.54026,13.02867],[77.54016,13.02873],[77.54012,13.02875],[77.54001,13.02881]]}},{"type":"Feature","properties":{"name":"Tumkur Road","highway":"trunk","policy":"HGV restrictions on select corridors (BTP)"},"geometry":{"type":"LineString","coordinates":[[77.54135,13.02806],[77.54071,13.02842],[77.54026,13.02867]]}},{"type":"Feature","properties":{"name":"Outer Ring Road","highway":"trunk","policy":"HGV restrictions on select corridors (BTP)"},"geometry":{"type":"LineString","coordinates":[[77.53411,13.02493],[77.53408,13.02487],[77.53366,13.02409],[77.53355,13.02388],[77.5332,13.02329]]}},{"type":"Feature","properties":{"name":"Kanteerava Studio Flyover","highway":"trunk","policy":"HGV restrictions on select corridors (BTP)"},"geometry":{"type":"LineString","coordinates":[[77.53301,13.02319],[77.53395,13.02482]]}},{"type":"Feature","properties":{"name":"Chord Road","highway":"trunk","policy":"HGV restrictions on select corridors (BTP)"},"geometry":{"type":"LineString","coordinates":[[77.5375,12.95071],[77.53739,12.95098],[77.53732,12.95118],[77.53729,12.95124]]}},{"type":"Feature","properties":{"name":"Outer Ring Road","highway":"trunk","policy":"HGV restrictions on select corridors (BTP)"},"geometry":{"type":"LineString","coordinates":[[77.52433,12.94728],[77.52422,12.94741],[77.52415,12.94751]]}},{"type":"Feature","properties":{"name":"Outer Ring Road","highway":"trunk","policy":"HGV restrictions on select corridors (BTP)"},"geometry":{"type":"LineString","coordinates":[[77.53242,12.93987],[77.53238,12.93994]]}},{"type":"Feature","properties":{"name":"NICE Road","highway":"motorway","policy":"HGV restrictions on select corridors (BTP)"},"geometry":{"type":"LineString","coordinates":[[77.49587,12.87703],[77.49627,12.87608]]}},{"type":"Feature","properties":{"name":"NICE Expressway","highway":"motorway","policy":"HGV restrictions on select corridors (BTP)"},"geometry":{"type":"LineString","coordinates":[[77.49853,12.88191],[77.49833,12.88175],[77.49811,12.88158],[77.49684,12.88046]]}},{"type":"Feature","properties":{"name":"Outer Ring Road","highway":"trunk","policy":"HGV restrictions on select corridors (BTP)"},"geometry":{"type":"LineString","coordinates":[[77.52099,12.95186],[77.52101,12.95183],[77.52112,12.95169]]}},{"type":"Feature","properties":{"name":"Kanakapura Road","highway":"trunk","policy":"HGV restrictions on select corridors (BTP)"},"geometry":{"type":"LineString","coordinates":[[77.54854,12.88353],[77.54855,12.88354],[77.54858,12.88354]]}},{"type":"Feature","properties":{"name":"Kanakapura Road","highway":"trunk","policy":"HGV restrictions on select corridors (BTP)"},"geometry":{"type":"LineString","coordinates":[[77.54552,12.87949],[77.54553,12.87952],[77.54556,12.87958],[77.54558,12.87962],[77.54562,12.87973],[77.54572,12.87999],[77.54573,12.88003],[77.54582,12.88024],[77.54587,12.88035],[77.54588,12.88037],[77.54589,12.8804],[77.54603,12.88073],[77.54611,12.88093],[77.54619,12.88114],[77.54624,12.88126],[77.5464,12.88164],[77.54655,12.88204],[77.54672,12.88243],[77.54685,12.88271],[77.54699,12.8829],[77.54705,12.88298],[77.54717,12.88306],[77.54734,12.88316],[77.54764,12.88331],[77.54783,12.88337],[77.54798,12.88341],[77.5481,12.88344],[77.5483,12.88348],[77.5484,12.8835],[77.54845,12.88351],[77.54854,12.88353]]}},{"type":"Feature","properties":{"name":"Mysore Road","highway":"trunk","policy":"HGV restrictions on select corridors (BTP)"},"geometry":{"type":"LineString","coordinates":[[77.49079,12.91769],[77.49035,12.91718],[77.49005,12.91682],[77.48979,12.91657],[77.4897,12.91649],[77.48959,12.91641],[77.48913,12.91609],[77.48876,12.91584],[77.48855,12.91571],[77.48833,12.91556],[77.48815,12.91546],[77.48808,12.91542],[77.48807,12.91541],[77.4879,12.9153],[77.48777,12.9152],[77.48744,12.91491],[77.48702,12.9145],[77.48697,12.91444],[77.48686,12.91431],[77.48684,12.91429],[77.4868,12.91424],[77.48659,12.91402],[77.4863,12.91373]]}},{"type":"Feature","properties":{"name":"Kanakapura Road","highway":"trunk","policy":"HGV restrictions on select corridors (BTP)"},"geometry":{"type":"LineString","coordinates":[[77.54851,12.88338],[77.54825,12.88332],[77.54814,12.8833],[77.54796,12.88325],[77.54772,12.88318],[77.54763,12.88315],[77.54754,12.8831],[77.54735,12.88297],[77.54729,12.88292],[77.5471,12.88274],[77.54699,12.88261],[77.54686,12.88236],[77.54685,12.88233],[77.54662,12.88183],[77.54658,12.88173],[77.54638,12.88122],[77.5463,12.88103],[77.54628,12.88097],[77.54623,12.88085],[77.54606,12.88041],[77.54602,12.88033],[77.54585,12.87991],[77.54573,12.87964],[77.5457,12.87958],[77.54569,12.87955]]}},{"type":"Feature","properties":{"name":"Kanakapura Road","highway":"trunk","policy":"HGV restrictions on select corridors (BTP)"},"geometry":{"type":"LineString","coordinates":[[77.54858,12.8834],[77.54851,12.88338]]}},{"type":"Feature","properties":{"name":"Outer Ring Road","highway":"trunk","policy":"HGV restrictions on select corridors (BTP)"},"geometry":{"type":"LineString","coordinates":[[77.55856,12.9223],[77.55864,12.92227],[77.55872,12.92224]]}},{"type":"Feature","properties":{"name":"Outer Ring Road","highway":"trunk","policy":"HGV restrictions on select corridors (BTP)"},"geometry":{"type":"LineString","coordinates":[[77.5587,12.92217],[77.55857,12.92221]]}},{"type":"Feature","properties":{"name":"Outer Ring Road","highway":"trunk","policy":"HGV restrictions on select corridors (BTP)"},"geometry":{"type":"LineString","coordinates":[[77.56121,12.9217],[77.56138,12.92164],[77.56154,12.92154],[77.5617,12.92141],[77.56185,12.92119]]}},{"type":"Feature","properties":{"name":"Outer Ring Road","highway":"trunk","policy":"HGV restrictions on select corridors (BTP)"},"geometry":{"type":"LineString","coordinates":[[77.56178,12.92114],[77.56163,12.92136],[77.56149,12.92149],[77.56136,12.92157],[77.56118,12.92163]]}},{"type":"Feature","properties":{"name":"Outer Ring Road","highway":"trunk","policy":"HGV restrictions on select corridors (BTP)"},"geometry":{"type":"LineString","coordinates":[[77.69622,12.94123],[77.69632,12.94136],[77.69634,12.94139]]}},{"type":"Feature","properties":{"name":"Outer Ring Road","highway":"trunk","policy":"HGV restrictions on select corridors (BTP)"},"geometry":{"type":"LineString","coordinates":[[77.69637,12.9767],[77.69557,12.97802]]}},{"type":"Feature","properties":{"name":"Outer Ring Road","highway":"trunk","policy":"HGV restrictions on select corridors (BTP)"},"geometry":{"type":"LineString","coordinates":[[77.69574,12.97809],[77.6964,12.97697],[77.69652,12.97676]]}},{"type":"Feature","properties":{"name":"Outer Ring Road","highway":"trunk","policy":"HGV restrictions on select corridors (BTP)"},"geometry":{"type":"LineString","coordinates":[[77.68698,12.99169],[77.68635,12.99251]]}},{"type":"Feature","properties":{"name":"Outer Ring Road","highway":"trunk","policy":"HGV restrictions on select corridors (BTP)"},"geometry":{"type":"LineString","coordinates":[[77.68649,12.99265],[77.68709,12.99186]]}},{"type":"Feature","properties":{"name":"Mahadevapura Flyover","highway":"trunk","policy":"HGV restrictions on select corridors (BTP)"},"geometry":{"type":"LineString","coordinates":[[77.68826,12.99028],[77.68858,12.9898],[77.68872,12.98955],[77.68897,12.98913]]}},{"type":"Feature","properties":{"name":"Outer Ring Road","highway":"trunk","policy":"HGV restrictions on select corridors (BTP)"},"geometry":{"type":"LineString","coordinates":[[77.6888,12.98907],[77.68843,12.98972],[77.68816,12.99011]]}},{"type":"Feature","properties":{"name":"Outer Ring Road","highway":"trunk","policy":"HGV restrictions on select corridors (BTP)"},"geometry":{"type":"LineString","coordinates":[[77.6822,12.99888],[77.68284,12.99783]]}},{"type":"Feature","properties":{"name":"Benniganahalli Flyover","highway":"trunk","policy":"HGV restrictions on select corridors (BTP)"},"geometry":{"type":"LineString","coordinates":[[77.66344,13.00144],[77.66351,13.00038]]}},{"type":"Feature","properties":{"name":"Benniganahalli Flyover","highway":"trunk","policy":"HGV restrictions on select corridors (BTP)"},"geometry":{"type":"LineString","coordinates":[[77.6634,13.00038],[77.66335,13.00143]]}},{"type":"Feature","properties":{"name":"Outer Ring Road","highway":"trunk","policy":"HGV restrictions on select corridors (BTP)"},"geometry":{"type":"LineString","coordinates":[[77.68153,12.99998],[77.6822,12.99888]]}},{"type":"Feature","properties":{"name":"Nagawara Flyover","highway":"trunk","policy":"HGV restrictions on select corridors (BTP)"},"geometry":{"type":"LineString","coordinates":[[77.62542,13.03855],[77.62488,13.03927]]}},{"type":"Feature","properties":{"name":"Nagawara Flyover","highway":"trunk","policy":"HGV restrictions on select corridors (BTP)"},"geometry":{"type":"LineString","coordinates":[[77.62498,13.03945],[77.62522,13.03913],[77.62559,13.03859]]}},{"type":"Feature","properties":{"name":"Kuvempu Underpass","highway":"trunk","policy":"HGV restrictions on select corridors (BTP)"},"geometry":{"type":"LineString","coordinates":[[77.56234,13.04442],[77.56264,13.04461]]}},{"type":"Feature","properties":{"name":"Outer Ring Road","highway":"trunk","policy":"HGV restrictions on select corridors (BTP)"},"geometry":{"type":"LineString","coordinates":[[77.54539,13.04107],[77.54594,13.04124],[77.5467,13.04151]]}},{"type":"Feature","properties":{"name":"Srinagar - Kanyakumari Highway","highway":"trunk","policy":"HGV restrictions on select corridors (BTP)"},"geometry":{"type":"LineString","coordinates":[[77.62295,12.91655],[77.62289,12.91676],[77.62285,12.91687],[77.62284,12.91695],[77.62283,12.91699],[77.62284,12.91705],[77.62285,12.9171],[77.62286,12.91716],[77.6229,12.91722]]}},{"type":"Feature","properties":{"name":"Outer Ring Road","highway":"trunk","policy":"HGV restrictions on select corridors (BTP)"},"geometry":{"type":"LineString","coordinates":[[77.66291,12.92128],[77.66308,12.92124],[77.66359,12.92112]]}},{"type":"Feature","properties":{"name":"Outer Ring Road","highway":"trunk","policy":"HGV restrictions on select corridors (BTP)"},"geometry":{"type":"LineString","coordinates":[[77.6942,12.98027],[77.69395,12.98068],[77.69332,12.98167]]}},{"type":"Feature","properties":{"name":"Electronic City Flyover","highway":"motorway","policy":"HGV restrictions on select corridors (BTP)"},"geometry":{"type":"LineString","coordinates":[[77.62756,12.90932],[77.6284,12.90794]]}},{"type":"Feature","properties":{"name":"Electronic City Flyover","highway":"motorway","policy":"HGV restrictions on select corridors (BTP)"},"geometry":{"type":"LineString","coordinates":[[77.62834,12.9079],[77.6275,12.90928],[77.62749,12.9093]]}},{"type":"Feature","properties":{"name":"Electronic City Flyover","highway":"motorway","policy":"HGV restrictions on select corridors (BTP)"},"geometry":{"type":"LineString","coordinates":[[77.6683,12.84595],[77.66989,12.84675]]}},{"type":"Feature","properties":{"name":"Electronic City Flyover","highway":"motorway","policy":"HGV restrictions on select corridors (BTP)"},"geometry":{"type":"LineString","coordinates":[[77.66992,12.84669],[77.6688,12.84611],[77.66837,12.84589]]}},{"type":"Feature","properties":{"name":"Outer Ring Road","highway":"trunk","policy":"HGV restrictions on select corridors (BTP)"},"geometry":{"type":"LineString","coordinates":[[77.66298,12.92111],[77.66278,12.92117],[77.6626,12.92122]]}},{"type":"Feature","properties":{"name":"NICE Road","highway":"motorway","policy":"HGV restrictions on select corridors (BTP)"},"geometry":{"type":"LineString","coordinates":[[77.65577,12.85883],[77.65558,12.85893],[77.65548,12.85898],[77.65392,12.85972]]}},{"type":"Feature","properties":{"name":"NICE Road","highway":"motorway","policy":"HGV restrictions on select corridors (BTP)"},"geometry":{"type":"LineString","coordinates":[[77.65447,12.85964],[77.65461,12.8596],[77.65472,12.85957],[77.65576,12.8594],[77.65593,12.85937],[77.65639,12.85927],[77.65675,12.85915],[77.6568,12.85912],[77.65704,12.859],[77.65721,12.85892],[77.65734,12.85886],[77.65752,12.85874],[77.65788,12.85844],[77.65792,12.85841],[77.65797,12.85839],[77.65896,12.85817],[77.65898,12.85817],[77.65956,12.85805]]}},{"type":"Feature","properties":{"name":"NICE Road","highway":"motorway","policy":"HGV restrictions on select corridors (BTP)"},"geometry":{"type":"LineString","coordinates":[[77.47031,12.90321],[77.47073,12.90214],[77.4708,12.90197],[77.47093,12.90166],[77.47117,12.90117],[77.47148,12.90059],[77.47157,12.90043],[77.47187,12.89996],[77.47224,12.89949]]}},{"type":"Feature","properties":{"name":"SM Krishna Road","highway":"trunk","policy":"HGV restrictions on select corridors (BTP)"},"geometry":{"type":"LineString","coordinates":[[77.45344,12.91168],[77.45302,12.91293],[77.45168,12.9172],[77.45157,12.91755],[77.45125,12.91859],[77.45116,12.91889]]}},{"type":"Feature","properties":{"name":"SM Krishna Road","highway":"trunk","policy":"HGV restrictions on select corridors (BTP)"},"geometry":{"type":"LineString","coordinates":[[77.45377,12.91045],[77.45374,12.91062],[77.45352,12.91141],[77.45344,12.91168]]}},{"type":"Feature","properties":{"name":"SM Krishna Road","highway":"trunk","policy":"HGV restrictions on select corridors (BTP)"},"geometry":{"type":"LineString","coordinates":[[77.45129,12.91894],[77.45138,12.91862],[77.45166,12.9177],[77.45175,12.91739],[77.45187,12.91698],[77.45275,12.91418],[77.45353,12.91172]]}},{"type":"Feature","properties":{"name":"SM Krishna Road","highway":"trunk","policy":"HGV restrictions on select corridors (BTP)"},"geometry":{"type":"LineString","coordinates":[[77.45353,12.91172],[77.45363,12.91144],[77.4538,12.91084],[77.45389,12.91048]]}},{"type":"Feature","properties":{"name":"SM Krishna Road","highway":"trunk","policy":"HGV restrictions on select corridors (BTP)"},"geometry":{"type":"LineString","coordinates":[[77.45243,12.95526],[77.45237,12.95511],[77.45211,12.95427],[77.4517,12.95292],[77.45126,12.95146],[77.45078,12.94992],[77.45056,12.94905],[77.45041,12.94844],[77.45041,12.94841],[77.4504,12.94834],[77.45031,12.94783]]}},{"type":"Feature","properties":{"name":"SM Krishna Road","highway":"trunk","policy":"HGV restrictions on select corridors (BTP)"},"geometry":{"type":"LineString","coordinates":[[77.45029,12.92739],[77.45029,12.92755],[77.45029,12.92769],[77.45026,12.92913],[77.45013,12.93068]]}},{"type":"Feature","properties":{"name":"SM Krishna Road","highway":"trunk","policy":"HGV restrictions on select corridors (BTP)"},"geometry":{"type":"LineString","coordinates":[[77.45418,12.90881],[77.45416,12.90898],[77.4541,12.90928],[77.45402,12.90953],[77.45382,12.91021],[77.45377,12.91045]]}},{"type":"Feature","properties":{"name":"SM Krishna Road","highway":"trunk","policy":"HGV restrictions on select corridors (BTP)"},"geometry":{"type":"LineString","coordinates":[[77.4543,12.90634],[77.45425,12.90692],[77.45422,12.90783]]}},{"type":"Feature","properties":{"name":"SM Krishna Road","highway":"trunk","policy":"HGV restrictions on select corridors (BTP)"},"geometry":{"type":"LineString","coordinates":[[77.45441,12.90636],[77.45456,12.9055],[77.45473,12.90484],[77.4549,12.90431],[77.45506,12.90377]]}},{"type":"Feature","properties":{"name":"SM Krishna Road","highway":"trunk","policy":"HGV restrictions on select corridors (BTP)"},"geometry":{"type":"LineString","coordinates":[[77.45433,12.90783],[77.45436,12.90693],[77.45441,12.90636]]}},{"type":"Feature","properties":{"name":"SM Krishna Road","highway":"trunk","policy":"HGV restrictions on select corridors (BTP)"},"geometry":{"type":"LineString","coordinates":[[77.45422,12.90783],[77.45418,12.90881]]}},{"type":"Feature","properties":{"name":"SM Krishna Road","highway":"trunk","policy":"HGV restrictions on select corridors (BTP)"},"geometry":{"type":"LineString","coordinates":[[77.45428,12.90881],[77.45433,12.90783]]}},{"type":"Feature","properties":{"name":"Kaderanahali Underpass","highway":"trunk","policy":"HGV restrictions on select corridors (BTP)"},"geometry":{"type":"LineString","coordinates":[[77.56536,12.9156],[77.56541,12.91546]]}},{"type":"Feature","properties":{"name":"Kaderanahali Underpass","highway":"trunk","policy":"HGV restrictions on select corridors (BTP)"},"geometry":{"type":"LineString","coordinates":[[77.56535,12.91544],[77.56531,12.91554]]}},{"type":"Feature","properties":{"name":"Outer Ring Road","highway":"trunk","policy":"HGV restrictions on select corridors (BTP)"},"geometry":{"type":"LineString","coordinates":[[77.53711,13.03028],[77.53717,13.03039]]}},{"type":"Feature","properties":{"name":"Outer Ring Road","highway":"trunk","policy":"HGV restrictions on select corridors (BTP)"},"geometry":{"type":"LineString","coordinates":[[77.53706,13.03018],[77.53706,13.0302],[77.53709,13.03026],[77.53711,13.03028]]}},{"type":"Feature","properties":{"name":"Outer Ring Road","highway":"trunk","policy":"HGV restrictions on select corridors (BTP)"},"geometry":{"type":"LineString","coordinates":[[77.53717,13.03021],[77.53714,13.03016],[77.53684,13.02963],[77.53662,13.02925],[77.53642,13.02889],[77.53618,13.02849],[77.53602,13.02821],[77.53585,13.02791],[77.53565,13.02757],[77.53552,13.02734],[77.53533,13.02702],[77.5352,13.02679],[77.53501,13.02647],[77.53413,13.02497],[77.53411,13.02493]]}},{"type":"Feature","properties":{"name":"Outer Ring Road","highway":"trunk","policy":"HGV restrictions on select corridors (BTP)"},"geometry":{"type":"LineString","coordinates":[[77.69652,12.97676],[77.69701,12.97598]]}},{"type":"Feature","properties":{"name":"Outer Ring Road","highway":"trunk","policy":"HGV restrictions on select corridors (BTP)"},"geometry":{"type":"LineString","coordinates":[[77.69332,12.98167],[77.6931,12.98206]]}},{"type":"Feature","properties":{"name":"Outer Ring Road","highway":"trunk","policy":"HGV restrictions on select corridors (BTP)"},"geometry":{"type":"LineString","coordinates":[[77.69351,12.9817],[77.69384,12.98118],[77.69389,12.9811],[77.69409,12.98078],[77.69436,12.98038]]}},{"type":"Feature","properties":{"name":"Outer Ring Road","highway":"trunk","policy":"HGV restrictions on select corridors (BTP)"},"geometry":{"type":"LineString","coordinates":[[77.68635,12.99251],[77.68596,12.99314]]}},{"type":"Feature","properties":{"name":"Yeshwantpura Circle Flyover","highway":"trunk","policy":"HGV restrictions on select corridors (BTP)"},"geometry":{"type":"LineString","coordinates":[[77.55686,13.01718],[77.55681,13.01709]]}},{"type":"Feature","properties":{"name":"Outer Ring Road","highway":"trunk","policy":"HGV restrictions on select corridors (BTP)"},"geometry":{"type":"LineString","coordinates":[[77.6626,12.92122],[77.66239,12.92128]]}},{"type":"Feature","properties":{"name":"Bala Gangadhara Swamy Flyover","highway":"trunk","policy":"HGV restrictions on select corridors (BTP)"},"geometry":{"type":"LineString","coordinates":[[77.55759,12.96072],[77.55743,12.9606]]}},{"type":"Feature","properties":{"name":"Chord Road Flyover","highway":"trunk","policy":"HGV restrictions on select corridors (BTP)"},"geometry":{"type":"LineString","coordinates":[[77.53712,12.95203],[77.53715,12.95222]]}},{"type":"Feature","properties":{"name":"Chord Road Flyover","highway":"trunk","policy":"HGV restrictions on select corridors (BTP)"},"geometry":{"type":"LineString","coordinates":[[77.54161,12.95303],[77.54167,12.95306]]}},{"type":"Feature","properties":{"name":"Kanteerava Studio Flyover","highway":"trunk","policy":"HGV restrictions on select corridors (BTP)"},"geometry":{"type":"LineString","coordinates":[[77.5319,13.01914],[77.53193,13.01925]]}},{"type":"Feature","properties":{"name":"Kanteerava Studio Flyover","highway":"trunk","policy":"HGV restrictions on select corridors (BTP)"},"geometry":{"type":"LineString","coordinates":[[77.5332,13.02329],[77.53312,13.02317]]}},{"type":"Feature","properties":{"name":"Outer Ring Road","highway":"trunk","policy":"HGV restrictions on select corridors (BTP)"},"geometry":{"type":"LineString","coordinates":[[77.53395,13.02482],[77.53399,13.0249],[77.534,13.02492]]}},{"type":"Feature","properties":{"name":"Bhadrappa Layout Flyover","highway":"trunk","policy":"HGV restrictions on select corridors (BTP)"},"geometry":{"type":"LineString","coordinates":[[77.57837,13.04769],[77.57847,13.04768]]}},{"type":"Feature","properties":{"name":"Nagawara Flyover","highway":"trunk","policy":"HGV restrictions on select corridors (BTP)"},"geometry":{"type":"LineString","coordinates":[[77.62565,13.03826],[77.62542,13.03855]]}},{"type":"Feature","properties":{"name":"Outer Ring Road","highway":"trunk","policy":"HGV restrictions on select corridors (BTP)"},"geometry":{"type":"LineString","coordinates":[[77.62601,13.03789],[77.62592,13.03797],[77.62577,13.03813],[77.62573,13.03817]]}},{"type":"Feature","properties":{"name":"Nagawara Flyover","highway":"trunk","policy":"HGV restrictions on select corridors (BTP)"},"geometry":{"type":"LineString","coordinates":[[77.6258,13.03829],[77.62586,13.03822]]}},{"type":"Feature","properties":{"name":"Nagawara Flyover","highway":"trunk","policy":"HGV restrictions on select corridors (BTP)"},"geometry":{"type":"LineString","coordinates":[[77.62231,13.04121],[77.62267,13.04123]]}},{"type":"Feature","properties":{"name":"Ballari Road Flyover","highway":"trunk","policy":"HGV restrictions on select corridors (BTP)"},"geometry":{"type":"LineString","coordinates":[[77.61746,13.1384],[77.61745,13.13909]]}},{"type":"Feature","properties":{"name":"Ballari Road Flyover","highway":"trunk","policy":"HGV restrictions on select corridors (BTP)"},"geometry":{"type":"LineString","coordinates":[[77.61756,13.13909],[77.61756,13.13883]]}},{"type":"Feature","properties":{"name":"Sumanahalli Flyover","highway":"trunk","policy":"HGV restrictions on select corridors (BTP)"},"geometry":{"type":"LineString","coordinates":[[77.51523,12.97893],[77.51534,12.97911],[77.51554,12.97941],[77.51586,12.97986],[77.51597,12.98002]]}},{"type":"Feature","properties":{"name":"Sumanahalli Flyover","highway":"trunk","policy":"HGV restrictions on select corridors (BTP)"},"geometry":{"type":"LineString","coordinates":[[77.52027,12.99007],[77.52049,12.99071],[77.52053,12.99083],[77.52059,12.99101],[77.52067,12.99127]]}},{"type":"Feature","properties":{"name":"Outer Ring Road","highway":"trunk","policy":"HGV restrictions on select corridors (BTP)"},"geometry":{"type":"LineString","coordinates":[[77.52079,12.99123],[77.52074,12.99107],[77.52064,12.99075],[77.5206,12.99062]]}},{"type":"Feature","properties":{"name":"Old Madras Road Flyover","highway":"trunk","policy":"HGV restrictions on select corridors (BTP)"},"geometry":{"type":"LineString","coordinates":[[77.74448,13.04199],[77.74495,13.04232]]}},{"type":"Feature","properties":{"name":"Old Madras Road Flyover","highway":"trunk","policy":"HGV restrictions on select corridors (BTP)"},"geometry":{"type":"LineString","coordinates":[[77.73243,13.0334],[77.73354,13.03418]]}},{"type":"Feature","properties":{"name":"Old Madras Road","highway":"trunk","policy":"HGV restrictions on select corridors (BTP)"},"geometry":{"type":"LineString","coordinates":[[77.74016,13.03891],[77.74171,13.04003]]}},{"type":"Feature","properties":{"name":"Old Madras Road Flyover","highway":"trunk","policy":"HGV restrictions on select corridors (BTP)"},"geometry":{"type":"LineString","coordinates":[[77.74023,13.03878],[77.73886,13.03785],[77.73799,13.03723]]}},{"type":"Feature","properties":{"name":"Tin Factory Flyover","highway":"trunk","policy":"HGV restrictions on select corridors (BTP)"},"geometry":{"type":"LineString","coordinates":[[77.68444,13.00482],[77.68469,13.00497]]}},{"type":"Feature","properties":{"name":"Tin Factory Flyover","highway":"trunk","policy":"HGV restrictions on select corridors (BTP)"},"geometry":{"type":"LineString","coordinates":[[77.68486,13.00493],[77.68451,13.00473]]}},{"type":"Feature","properties":{"name":"Bellary Road","highway":"trunk","policy":"HGV restrictions on select corridors (BTP)"},"geometry":{"type":"LineString","coordinates":[[77.58527,13.02552],[77.58517,13.02515]]}},{"type":"Feature","properties":{"name":"Ganga Nagar Flyover","highway":"trunk","policy":"HGV restrictions on select corridors (BTP)"},"geometry":{"type":"LineString","coordinates":[[77.58624,13.02862],[77.58619,13.02853]]}},{"type":"Feature","properties":{"name":"Ganga Nagar Flyover","highway":"trunk","policy":"HGV restrictions on select corridors (BTP)"},"geometry":{"type":"LineString","coordinates":[[77.5861,13.02864],[77.58623,13.0289],[77.58637,13.02927],[77.58639,13.02933]]}},{"type":"Feature","properties":{"name":"Outer Ring Road","highway":"trunk","policy":"HGV restrictions on select corridors (BTP)"},"geometry":{"type":"LineString","coordinates":[[77.67892,13.00027],[77.67874,13.0002],[77.67834,13.00018],[77.6779,13.00016],[77.6774,13.00012],[77.67709,13.0001],[77.67706,13.0001],[77.67683,13.00007],[77.67672,13.00005],[77.67667,13.00005],[77.67644,12.99998]]}},{"type":"Feature","properties":{"name":"Marathahalli Underpass","highway":"trunk","policy":"HGV restrictions on select corridors (BTP)"},"geometry":{"type":"LineString","coordinates":[[77.70014,12.95341],[77.70028,12.95399],[77.70036,12.95428]]}},{"type":"Feature","properties":{"name":"Marathahalli Underpass","highway":"trunk","policy":"HGV restrictions on select corridors (BTP)"},"geometry":{"type":"LineString","coordinates":[[77.70049,12.95425],[77.70047,12.95417],[77.7003,12.95345]]}},{"type":"Feature","properties":{"name":"Outer Ring Road","highway":"trunk","policy":"HGV restrictions on select corridors (BTP)"},"geometry":{"type":"LineString","coordinates":[[77.53823,12.9342],[77.5374,12.93471],[77.53706,12.9349],[77.53686,12.93502],[77.5365,12.93523],[77.53639,12.93528],[77.5354,12.9358],[77.53511,12.93595],[77.53503,12.93599],[77.53494,12.93604],[77.53469,12.93616],[77.53458,12.93624]]}},{"type":"Feature","properties":{"name":"Outer Ring Road","highway":"trunk","policy":"HGV restrictions on select corridors (BTP)"},"geometry":{"type":"LineString","coordinates":[[77.5241,12.94778],[77.52415,12.94773],[77.52423,12.94763],[77.52427,12.94757]]}},{"type":"Feature","properties":{"name":"Outer Ring Road","highway":"trunk","policy":"HGV restrictions on select corridors (BTP)"},"geometry":{"type":"LineString","coordinates":[[77.52099,12.95165],[77.52087,12.95181]]}},{"type":"Feature","properties":{"name":"Nagarabhavi Underpass","highway":"trunk","policy":"HGV restrictions on select corridors (BTP)"},"geometry":{"type":"LineString","coordinates":[[77.51726,12.9587],[77.51703,12.95882],[77.51683,12.95893]]}},{"type":"Feature","properties":{"name":"Outer Ring Road","highway":"trunk","policy":"HGV restrictions on select corridors (BTP)"},"geometry":{"type":"LineString","coordinates":[[77.51606,12.95954],[77.51636,12.95936],[77.51659,12.95922]]}},{"type":"Feature","properties":{"name":"Outer Ring Road","highway":"trunk","policy":"HGV restrictions on select corridors (BTP)"},"geometry":{"type":"LineString","coordinates":[[77.56531,12.91554],[77.56528,12.91565]]}},{"type":"Feature","properties":{"name":"Kuvempu Underpass","highway":"trunk","policy":"HGV restrictions on select corridors (BTP)"},"geometry":{"type":"LineString","coordinates":[[77.56266,13.04451],[77.56239,13.04433]]}},{"type":"Feature","properties":{"name":"Kuvempu Underpass","highway":"trunk","policy":"HGV restrictions on select corridors (BTP)"},"geometry":{"type":"LineString","coordinates":[[77.55477,13.04404],[77.55464,13.04402]]}},{"type":"Feature","properties":{"name":"Outer Ring Road Underpass","highway":"trunk","policy":"HGV restrictions on select corridors (BTP)"},"geometry":{"type":"LineString","coordinates":[[77.5829,12.90633],[77.58258,12.90634]]}},{"type":"Feature","properties":{"name":"Outer Ring Road Underpass","highway":"trunk","policy":"HGV restrictions on select corridors (BTP)"},"geometry":{"type":"LineString","coordinates":[[77.58273,12.90642],[77.58287,12.90642],[77.58289,12.90642]]}},{"type":"Feature","properties":{"name":"Outer Ring Road Underpass","highway":"trunk","policy":"HGV restrictions on select corridors (BTP)"},"geometry":{"type":"LineString","coordinates":[[77.58762,12.90629],[77.58736,12.9063]]}},{"type":"Feature","properties":{"name":"Outer Ring Road Underpass","highway":"trunk","policy":"HGV restrictions on select corridors (BTP)"},"geometry":{"type":"LineString","coordinates":[[77.58736,12.90637],[77.58762,12.90636]]}},{"type":"Feature","properties":{"name":"Outer Ring Road","highway":"trunk","policy":"HGV restrictions on select corridors (BTP)"},"geometry":{"type":"LineString","coordinates":[[77.69648,12.94135],[77.6964,12.9412],[77.69639,12.94118]]}},{"type":"Feature","properties":{"name":"Outer Ring Road Underpass","highway":"trunk","policy":"HGV restrictions on select corridors (BTP)"},"geometry":{"type":"LineString","coordinates":[[77.66209,13.015],[77.66208,13.0151]]}},{"type":"Feature","properties":{"name":"Outer Ring Road Underpass","highway":"trunk","policy":"HGV restrictions on select corridors (BTP)"},"geometry":{"type":"LineString","coordinates":[[77.66221,13.01504],[77.66222,13.01492]]}},{"type":"Feature","properties":{"name":"Outer Ring Road Underpass","highway":"trunk","policy":"HGV restrictions on select corridors (BTP)"},"geometry":{"type":"LineString","coordinates":[[77.66244,13.01137],[77.66244,13.01126],[77.66249,13.01052]]}},{"type":"Feature","properties":{"name":"Outer Ring Road Underpass","highway":"trunk","policy":"HGV restrictions on select corridors (BTP)"},"geometry":{"type":"LineString","coordinates":[[77.66239,13.01051],[77.66237,13.01084],[77.66233,13.01136]]}},{"type":"Feature","properties":{"name":"Outer Ring Road Underpass","highway":"trunk","policy":"HGV restrictions on select corridors (BTP)"},"geometry":{"type":"LineString","coordinates":[[77.63591,13.02656],[77.63566,13.02662],[77.63553,13.02665]]}},{"type":"Feature","properties":{"name":"Outer Ring Road Underpass","highway":"trunk","policy":"HGV restrictions on select corridors (BTP)"},"geometry":{"type":"LineString","coordinates":[[77.63121,13.02987],[77.63147,13.02934]]}},{"type":"Feature","properties":{"name":"Outer Ring Road Underpass","highway":"trunk","policy":"HGV restrictions on select corridors (BTP)"},"geometry":{"type":"LineString","coordinates":[[77.63133,13.02928],[77.63132,13.02931]]}},{"type":"Feature","properties":{"name":"SM Krishna Road","highway":"trunk","policy":"HGV restrictions on select corridors (BTP)"},"geometry":{"type":"LineString","coordinates":[[77.45706,12.89818],[77.45887,12.8956]]}},{"type":"Feature","properties":{"name":"Outer Ring Road","highway":"trunk","policy":"HGV restrictions on select corridors (BTP)"},"geometry":{"type":"LineString","coordinates":[[77.68086,13.00027],[77.68069,13.0003],[77.68049,13.00032],[77.68035,13.00032],[77.67997,13.00033],[77.67979,13.00032],[77.67971,13.00032],[77.67951,13.00031],[77.67928,13.0003],[77.67913,13.00029],[77.67892,13.00027]]}},{"type":"Feature","properties":{"name":"Outer Ring Road","highway":"trunk","policy":"HGV restrictions on select corridors (BTP)"},"geometry":{"type":"LineString","coordinates":[[77.67866,13.00028],[77.67837,13.00026],[77.67815,13.00026]]}},{"type":"Feature","properties":{"name":"Hosur Road","highway":"trunk","policy":"HGV restrictions on select corridors (BTP)"},"geometry":{"type":"LineString","coordinates":[[77.62025,12.92101],[77.62017,12.92116]]}},{"type":"Feature","properties":{"name":"Outer Ring Road","highway":"trunk","policy":"HGV restrictions on select corridors (BTP)"},"geometry":{"type":"LineString","coordinates":[[77.61513,12.91647],[77.61516,12.91646],[77.6152,12.91646]]}},{"type":"Feature","properties":{"name":"Outer Ring Road","highway":"trunk","policy":"HGV restrictions on select corridors (BTP)"},"geometry":{"type":"LineString","coordinates":[[77.61523,12.91631],[77.61518,12.91632]]}},{"type":"Feature","properties":{"name":"Outer Ring Road","highway":"trunk","policy":"HGV restrictions on select corridors (BTP)"},"geometry":{"type":"LineString","coordinates":[[77.6152,12.91646],[77.61524,12.91645]]}},{"type":"Feature","properties":{"name":"Dr. CV Raman Road","highway":"trunk","policy":"HGV restrictions on select corridors (BTP)"},"geometry":{"type":"LineString","coordinates":[[77.57246,13.01468],[77.57259,13.01469],[77.57275,13.0147]]}},{"type":"Feature","properties":{"name":"Dr. CV Raman Road","highway":"trunk","policy":"HGV restrictions on select corridors (BTP)"},"geometry":{"type":"LineString","coordinates":[[77.57248,13.0146],[77.57241,13.01459]]}},{"type":"Feature","properties":{"name":"Outer Ring Road","highway":"trunk","policy":"HGV restrictions on select corridors (BTP)"},"geometry":{"type":"LineString","coordinates":[[77.60748,12.91668],[77.60877,12.91667],[77.60884,12.91667]]}},{"type":"Feature","properties":{"name":"Outer Ring Road","highway":"trunk","policy":"HGV restrictions on select corridors (BTP)"},"geometry":{"type":"LineString","coordinates":[[77.60884,12.91667],[77.60915,12.91666],[77.6093,12.91665],[77.60942,12.91665],[77.60954,12.91664],[77.60998,12.91663],[77.61,12.91663],[77.61005,12.91663],[77.61012,12.91663],[77.61019,12.91663],[77.61046,12.91662],[77.61058,12.91662],[77.612,12.91661],[77.61242,12.9166],[77.61353,12.91655],[77.61362,12.91655],[77.61416,12.91652],[77.61422,12.91652]]}},{"type":"Feature","properties":{"name":"Nagawara Flyover","highway":"trunk","policy":"HGV restrictions on select corridors (BTP)"},"geometry":{"type":"LineString","coordinates":[[77.62267,13.04123],[77.62288,13.04123],[77.62308,13.04121],[77.62326,13.04117],[77.62347,13.04109],[77.62364,13.04101]]}},{"type":"Feature","properties":{"name":"Tumkur Road","highway":"trunk","policy":"HGV restrictions on select corridors (BTP)"},"geometry":{"type":"LineString","coordinates":[[77.5073,13.0452],[77.50719,13.04523]]}},{"type":"Feature","properties":{"name":"Outer Ring Road","highway":"trunk","policy":"HGV restrictions on select corridors (BTP)"},"geometry":{"type":"LineString","coordinates":[[77.61994,12.91631],[77.61967,12.91626],[77.61941,12.9162],[77.61916,12.91619],[77.61884,12.91619]]}},{"type":"Feature","properties":{"name":"Outer Ring Road","highway":"trunk","policy":"HGV restrictions on select corridors (BTP)"},"geometry":{"type":"LineString","coordinates":[[77.53277,12.93959],[77.53285,12.93945]]}},{"type":"Feature","properties":{"name":"Hosur Road","highway":"trunk","policy":"HGV restrictions on select corridors (BTP)"},"geometry":{"type":"LineString","coordinates":[[77.66444,12.85605],[77.66517,12.85513],[77.66523,12.85506],[77.66534,12.85493]]}},{"type":"Feature","properties":{"name":"NICE Road","highway":"motorway","policy":"HGV restrictions on select corridors (BTP)"},"geometry":{"type":"LineString","coordinates":[[77.47224,12.89949],[77.47269,12.89895]]}},{"type":"Feature","properties":{"name":"Mysore Road","highway":"trunk","policy":"HGV restrictions on select corridors (BTP)"},"geometry":{"type":"LineString","coordinates":[[77.4863,12.91373],[77.48615,12.91357],[77.4861,12.91353],[77.48592,12.91333],[77.48579,12.91319],[77.48568,12.91307],[77.48549,12.91291],[77.48542,12.91283],[77.48538,12.9128],[77.48536,12.91277],[77.48527,12.91266]]}},{"type":"Feature","properties":{"name":"Mysore Road","highway":"motorway","policy":"HGV restrictions on select corridors (BTP)"},"geometry":{"type":"LineString","coordinates":[[77.47084,12.90472],[77.47069,12.90451],[77.47049,12.90416]]}},{"type":"Feature","properties":{"name":"Mysore Road","highway":"motorway","policy":"HGV restrictions on select corridors (BTP)"},"geometry":{"type":"LineString","coordinates":[[77.47167,12.9054],[77.47102,12.90492],[77.47084,12.90472]]}},{"type":"Feature","properties":{"name":"Mysore Road","highway":"trunk","policy":"HGV restrictions on select corridors (BTP)"},"geometry":{"type":"LineString","coordinates":[[77.46734,12.9011],[77.46771,12.90132]]}},{"type":"Feature","properties":{"name":"NICE Road","highway":"motorway","policy":"HGV restrictions on select corridors (BTP)"},"geometry":{"type":"LineString","coordinates":[[77.46983,12.90399],[77.46981,12.90405],[77.46973,12.90428]]}},{"type":"Feature","properties":{"name":"Mysore Road","highway":"motorway","policy":"HGV restrictions on select corridors (BTP)"},"geometry":{"type":"LineString","coordinates":[[77.47105,12.90507],[77.47163,12.90549]]}},{"type":"Feature","properties":{"name":"Tumkur Road","highway":"trunk","policy":"HGV restrictions on select corridors (BTP)"},"geometry":{"type":"LineString","coordinates":[[77.5405,13.02873],[77.54128,13.02828]]}},{"type":"Feature","properties":{"name":"Nayandahalli Flyover","highway":"trunk","policy":"HGV restrictions on select corridors (BTP)"},"geometry":{"type":"LineString","coordinates":[[77.53295,12.94737],[77.53218,12.94711],[77.5317,12.94697]]}},{"type":"Feature","properties":{"name":"Nayandahalli Flyover","highway":"trunk","policy":"HGV restrictions on select corridors (BTP)"},"geometry":{"type":"LineString","coordinates":[[77.53167,12.94703],[77.53215,12.94718],[77.5328,12.94741]]}},{"type":"Feature","properties":{"name":"Nayandahalli Flyover","highway":"trunk","policy":"HGV restrictions on select corridors (BTP)"},"geometry":{"type":"LineString","coordinates":[[77.52673,12.94389],[77.52702,12.94424]]}},{"type":"Feature","properties":{"name":"Nayandahalli Flyover","highway":"trunk","policy":"HGV restrictions on select corridors (BTP)"},"geometry":{"type":"LineString","coordinates":[[77.52707,12.94419],[77.52629,12.94323],[77.52617,12.94308]]}},{"type":"Feature","properties":{"name":"Marenahalli Road","highway":"trunk","policy":"HGV restrictions on select corridors (BTP)"},"geometry":{"type":"LineString","coordinates":[[77.60009,12.91665],[77.60007,12.91665],[77.59998,12.91665],[77.59981,12.91666]]}},{"type":"Feature","properties":{"name":"KEB Junction Flyover","highway":"trunk","policy":"HGV restrictions on select corridors (BTP)"},"geometry":{"type":"LineString","coordinates":[[77.53766,12.93467],[77.53851,12.93416]]}},{"type":"Feature","properties":{"name":"KEB Junction Flyover","highway":"trunk","policy":"HGV restrictions on select corridors (BTP)"},"geometry":{"type":"LineString","coordinates":[[77.53941,12.93364],[77.53984,12.93335],[77.54015,12.93313]]}},{"type":"Feature","properties":{"name":"Sumanahalli Flyover","highway":"trunk","policy":"HGV restrictions on select corridors (BTP)"},"geometry":{"type":"LineString","coordinates":[[77.52039,12.99004],[77.51985,12.98842]]}},{"type":"Feature","properties":{"name":"Sumanahalli Flyover","highway":"trunk","policy":"HGV restrictions on select corridors (BTP)"},"geometry":{"type":"LineString","coordinates":[[77.51974,12.98844],[77.52027,12.99007]]}},{"type":"Feature","properties":{"name":"Nagarabhavi Circle Flyover","highway":"trunk","policy":"HGV restrictions on select corridors (BTP)"},"geometry":{"type":"LineString","coordinates":[[77.51237,12.96366],[77.51235,12.96467]]}},{"type":"Feature","properties":{"name":"Nagarabhavi Circle Flyover","highway":"trunk","policy":"HGV restrictions on select corridors (BTP)"},"geometry":{"type":"LineString","coordinates":[[77.51247,12.96467],[77.5125,12.96367]]}},{"type":"Feature","properties":{"name":"Nagarabhavi Circle Flyover","highway":"trunk","policy":"HGV restrictions on select corridors (BTP)"},"geometry":{"type":"LineString","coordinates":[[77.5125,12.96367],[77.5125,12.96356]]}},{"type":"Feature","properties":{"name":"Nagarabhavi Circle Flyover","highway":"trunk","policy":"HGV restrictions on select corridors (BTP)"},"geometry":{"type":"LineString","coordinates":[[77.51238,12.96356],[77.51237,12.96366]]}},{"type":"Feature","properties":{"name":"Nagarabhavi Circle Flyover","highway":"trunk","policy":"HGV restrictions on select corridors (BTP)"},"geometry":{"type":"LineString","coordinates":[[77.51266,12.96101],[77.51262,12.96106],[77.51255,12.96119],[77.5125,12.96132],[77.51247,12.96146],[77.51244,12.9616],[77.51243,12.96173],[77.51242,12.96191],[77.51238,12.96356]]}},{"type":"Feature","properties":{"name":"Nagarabhavi Circle Flyover","highway":"trunk","policy":"HGV restrictions on select corridors (BTP)"},"geometry":{"type":"LineString","coordinates":[[77.51288,12.96077],[77.51279,12.96085],[77.5127,12.96095],[77.51266,12.96101]]}},{"type":"Feature","properties":{"name":"Nagarabhavi Circle Flyover","highway":"trunk","policy":"HGV restrictions on select corridors (BTP)"},"geometry":{"type":"LineString","coordinates":[[77.5125,12.96356],[77.51255,12.96194],[77.51257,12.9617],[77.51258,12.96157],[77.51261,12.96143],[77.51265,12.96131],[77.5127,12.96119],[77.51277,12.96107]]}},{"type":"Feature","properties":{"name":"Nagarabhavi Circle Flyover","highway":"trunk","policy":"HGV restrictions on select corridors (BTP)"},"geometry":{"type":"LineString","coordinates":[[77.51277,12.96107],[77.51288,12.96095],[77.51299,12.96085]]}},{"type":"Feature","properties":{"name":"Outer Ring Road","highway":"trunk","policy":"HGV restrictions on select corridors (BTP)"},"geometry":{"type":"LineString","coordinates":[[77.51566,12.95975],[77.51606,12.95954]]}},{"type":"Feature","properties":{"name":"Outer Ring Road","highway":"trunk","policy":"HGV restrictions on select corridors (BTP)"},"geometry":{"type":"LineString","coordinates":[[77.51532,12.9599],[77.51566,12.95975]]}},{"type":"Feature","properties":{"name":"Outer Ring Road","highway":"trunk","policy":"HGV restrictions on select corridors (BTP)"},"geometry":{"type":"LineString","coordinates":[[77.516,12.95944],[77.51578,12.95957],[77.51562,12.95965]]}},{"type":"Feature","properties":{"name":"Outer Ring Road","highway":"trunk","policy":"HGV restrictions on select corridors (BTP)"},"geometry":{"type":"LineString","coordinates":[[77.51562,12.95965],[77.51542,12.95974],[77.51523,12.95982]]}},{"type":"Feature","properties":{"name":"Yeshwantpura Circle Flyover","highway":"trunk","policy":"HGV restrictions on select corridors (BTP)"},"geometry":{"type":"LineString","coordinates":[[77.5587,13.01819],[77.55846,13.01832],[77.55821,13.01847]]}},{"type":"Feature","properties":{"name":"Yeshwantpura Circle Flyover","highway":"trunk","policy":"HGV restrictions on select corridors (BTP)"},"geometry":{"type":"LineString","coordinates":[[77.55826,13.01852],[77.55873,13.01825]]}},{"type":"Feature","properties":{"name":"Kanteerava Studio Flyover","highway":"trunk","policy":"HGV restrictions on select corridors (BTP)"},"geometry":{"type":"LineString","coordinates":[[77.53275,13.02266],[77.53301,13.02319]]}},{"type":"Feature","properties":{"name":"Kanteerava Studio Flyover","highway":"trunk","policy":"HGV restrictions on select corridors (BTP)"},"geometry":{"type":"LineString","coordinates":[[77.53312,13.02317],[77.53297,13.02286],[77.53286,13.02264]]}},{"type":"Feature","properties":{"name":"Kanteerava Studio Flyover","highway":"trunk","policy":"HGV restrictions on select corridors (BTP)"},"geometry":{"type":"LineString","coordinates":[[77.53193,13.01925],[77.53202,13.01966],[77.53215,13.02041],[77.53222,13.02092],[77.53229,13.02134]]}},{"type":"Feature","properties":{"name":"Outer Ring Road","highway":"trunk","policy":"HGV restrictions on select corridors (BTP)"},"geometry":{"type":"LineString","coordinates":[[77.53238,12.93994],[77.53151,12.94139]]}},{"type":"Feature","properties":{"name":"Outer Ring Road","highway":"trunk","policy":"HGV restrictions on select corridors (BTP)"},"geometry":{"type":"LineString","coordinates":[[77.53191,12.94096],[77.53223,12.94046],[77.53253,12.93998]]}},{"type":"Feature","properties":{"name":"Outer Ring Road","highway":"trunk","policy":"HGV restrictions on select corridors (BTP)"},"geometry":{"type":"LineString","coordinates":[[77.53497,12.93613],[77.53554,12.93584],[77.53604,12.93558],[77.53621,12.93548],[77.53643,12.93537],[77.53703,12.93503],[77.53757,12.93472]]}},{"type":"Feature","properties":{"name":"Outer Ring Road","highway":"trunk","policy":"HGV restrictions on select corridors (BTP)"},"geometry":{"type":"LineString","coordinates":[[77.59939,12.90703],[77.59983,12.90714],[77.60017,12.90724]]}},{"type":"Feature","properties":{"name":"Outer Ring Road","highway":"trunk","policy":"HGV restrictions on select corridors (BTP)"},"geometry":{"type":"LineString","coordinates":[[77.55351,12.92393],[77.55376,12.92385],[77.55387,12.92382],[77.55403,12.92376],[77.55435,12.92366]]}},{"type":"Feature","properties":{"name":"Outer Ring Road","highway":"trunk","policy":"HGV restrictions on select corridors (BTP)"},"geometry":{"type":"LineString","coordinates":[[77.55318,12.92402],[77.55327,12.92399]]}},{"type":"Feature","properties":{"name":"Outer Ring Road","highway":"trunk","policy":"HGV restrictions on select corridors (BTP)"},"geometry":{"type":"LineString","coordinates":[[77.55314,12.92395],[77.55272,12.92409],[77.55207,12.92429],[77.55166,12.92445],[77.55155,12.9245],[77.55111,12.92473],[77.5505,12.92505],[77.55009,12.92527],[77.55006,12.92529],[77.54997,12.92534]]}},{"type":"Feature","properties":{"name":"Kuvempu Underpass","highway":"trunk","policy":"HGV restrictions on select corridors (BTP)"},"geometry":{"type":"LineString","coordinates":[[77.55461,13.04412],[77.55476,13.04415]]}},{"type":"Feature","properties":{"name":"Outer Ring Road","highway":"trunk","policy":"HGV restrictions on select corridors (BTP)"},"geometry":{"type":"LineString","coordinates":[[77.55349,12.92385],[77.55324,12.92392]]}},{"type":"Feature","properties":{"name":"Outer Ring Road","highway":"trunk","policy":"HGV restrictions on select corridors (BTP)"},"geometry":{"type":"LineString","coordinates":[[77.55327,12.92399],[77.55351,12.92393]]}},{"type":"Feature","properties":{"name":"Outer Ring Road","highway":"trunk","policy":"HGV restrictions on select corridors (BTP)"},"geometry":{"type":"LineString","coordinates":[[77.55324,12.92392],[77.55314,12.92395]]}},{"type":"Feature","properties":{"name":"NICE Road","highway":"motorway","policy":"HGV restrictions on select corridors (BTP)"},"geometry":{"type":"LineString","coordinates":[[77.47538,13.04382],[77.47536,13.04336],[77.47536,13.04317]]}},{"type":"Feature","properties":{"name":"NICE Road","highway":"motorway","policy":"HGV restrictions on select corridors (BTP)"},"geometry":{"type":"LineString","coordinates":[[77.47507,13.04318],[77.47514,13.04383]]}},{"type":"Feature","properties":{"name":"NICE Road","highway":"motorway","policy":"HGV restrictions on select corridors (BTP)"},"geometry":{"type":"LineString","coordinates":[[77.47536,13.04317],[77.47536,13.04278]]}},{"type":"Feature","properties":{"name":"NICE Road","highway":"motorway","policy":"HGV restrictions on select corridors (BTP)"},"geometry":{"type":"LineString","coordinates":[[77.47503,13.04275],[77.47507,13.04318]]}},{"type":"Feature","properties":{"name":"Dr. CV Raman Road","highway":"trunk","policy":"HGV restrictions on select corridors (BTP)"},"geometry":{"type":"LineString","coordinates":[[77.57285,13.01462],[77.57276,13.01462]]}},{"type":"Feature","properties":{"name":"Dr. CV Raman Road","highway":"trunk","policy":"HGV restrictions on select corridors (BTP)"},"geometry":{"type":"LineString","coordinates":[[77.57275,13.0147],[77.57284,13.0147]]}},{"type":"Feature","properties":{"name":"Dr. CV Raman Road","highway":"trunk","policy":"HGV restrictions on select corridors (BTP)"},"geometry":{"type":"LineString","coordinates":[[77.57849,13.01481],[77.57903,13.01481],[77.57916,13.01481],[77.5794,13.0148],[77.57965,13.0148],[77.57996,13.01479],[77.58054,13.01476],[77.58152,13.01471],[77.58223,13.01467],[77.58228,13.01467],[77.58258,13.01465],[77.58314,13.01462],[77.58342,13.0146]]}},{"type":"Feature","properties":{"name":"Dr. CV Raman Road","highway":"trunk","policy":"HGV restrictions on select corridors (BTP)"},"geometry":{"type":"LineString","coordinates":[[77.58352,13.01451],[77.58327,13.01453],[77.58284,13.01455],[77.58232,13.01458],[77.58227,13.01458],[77.58212,13.01459],[77.58115,13.01464],[77.57971,13.01472],[77.57946,13.01472],[77.57849,13.01475]]}},{"type":"Feature","properties":{"name":"Outer Ring Road","highway":"trunk","policy":"HGV restrictions on select corridors (BTP)"},"geometry":{"type":"LineString","coordinates":[[77.59014,13.04275],[77.59008,13.04276],[77.59002,13.04278],[77.58987,13.0428],[77.58971,13.0428],[77.58953,13.04278],[77.58931,13.04274],[77.58876,13.04259]]}},{"type":"Feature","properties":{"name":"Outer Ring Road","highway":"trunk","policy":"HGV restrictions on select corridors (BTP)"},"geometry":{"type":"LineString","coordinates":[[77.58876,13.04271],[77.58957,13.04293],[77.5898,13.043],[77.58985,13.043],[77.58987,13.043],[77.59006,13.04305],[77.59008,13.04305],[77.59027,13.04306]]}},{"type":"Feature","properties":{"name":"Bhadrappa Layout Flyover","highway":"trunk","policy":"HGV restrictions on select corridors (BTP)"},"geometry":{"type":"LineString","coordinates":[[77.57644,13.04753],[77.578,13.04769]]}},{"type":"Feature","properties":{"name":"Bhadrappa Layout Flyover","highway":"trunk","policy":"HGV restrictions on select corridors (BTP)"},"geometry":{"type":"LineString","coordinates":[[77.57645,13.04743],[77.57604,13.04739],[77.57537,13.04733]]}},{"type":"Feature","properties":{"name":"Bhadrappa Layout Flyover","highway":"trunk","policy":"HGV restrictions on select corridors (BTP)"},"geometry":{"type":"LineString","coordinates":[[77.57537,13.04733],[77.57387,13.04723]]}},{"type":"Feature","properties":{"name":"Bhadrappa Layout Flyover","highway":"trunk","policy":"HGV restrictions on select corridors (BTP)"},"geometry":{"type":"LineString","coordinates":[[77.57374,13.04734],[77.57536,13.04743]]}},{"type":"Feature","properties":{"name":"Outer Ring Road","highway":"trunk","policy":"HGV restrictions on select corridors (BTP)"},"geometry":{"type":"LineString","coordinates":[[77.57014,13.04713],[77.5727,13.04728],[77.57288,13.04729],[77.57341,13.04732],[77.57346,13.04732]]}},{"type":"Feature","properties":{"name":"Dr. CV Raman Road","highway":"trunk","policy":"HGV restrictions on select corridors (BTP)"},"geometry":{"type":"LineString","coordinates":[[77.57298,13.01463],[77.57289,13.01462],[77.57287,13.01462],[77.57285,13.01462]]}},{"type":"Feature","properties":{"name":"Outer Ring Road","highway":"trunk","policy":"HGV restrictions on select corridors (BTP)"},"geometry":{"type":"LineString","coordinates":[[77.5734,12.90642],[77.57334,12.90642]]}},{"type":"Feature","properties":{"name":"Kanakapura Road","highway":"trunk","policy":"HGV restrictions on select corridors (BTP)"},"geometry":{"type":"LineString","coordinates":[[77.57337,12.90621],[77.57338,12.90609],[77.57339,12.90573],[77.57339,12.90567],[77.57339,12.90563],[77.57339,12.90531],[77.57338,12.90502],[77.57337,12.90487],[77.57337,12.90483],[77.57335,12.90473],[77.5733,12.9041],[77.57328,12.90386],[77.57329,12.90357],[77.57332,12.9034],[77.57343,12.90265],[77.57349,12.90234],[77.57352,12.9021],[77.57352,12.9019],[77.57347,12.90148],[77.57337,12.90108],[77.57332,12.90092],[77.57331,12.90089],[77.57301,12.90001],[77.57286,12.89948],[77.57284,12.89944],[77.57278,12.89932],[77.57259,12.89898],[77.57243,12.89875],[77.57196,12.89811],[77.57192,12.89805],[77.57159,12.89761],[77.57157,12.89759],[77.57142,12.89736],[77.57125,12.89717],[77.57086,12.89678],[77.57072,12.89665],[77.57069,12.89661],[77.57064,12.89656],[77.57061,12.89653],[77.57006,12.89592],[77.56968,12.89549],[77.56962,12.89543],[77.56918,12.89492],[77.56908,12.89481],[77.56902,12.89476],[77.56879,12.89453],[77.56875,12.89449],[77.56854,12.89427],[77.5684,12.89414],[77.56821,12.89392],[77.56806,12.89377],[77.56764,12.89333],[77.5664,12.89219],[77.56632,12.89212],[77.566,12.89181],[77.56536,12.89127],[77.56441,12.8904]]}},{"type":"Feature","properties":{"name":"Outer Ring Road","highway":"trunk","policy":"HGV restrictions on select corridors (BTP)"},"geometry":{"type":"LineString","coordinates":[[77.57514,12.90652],[77.57594,12.90652]]}},{"type":"Feature","properties":{"name":"Outer Ring Road","highway":"trunk","policy":"HGV restrictions on select corridors (BTP)"},"geometry":{"type":"LineString","coordinates":[[77.57508,12.90652],[77.57514,12.90652]]}},{"type":"Feature","properties":{"name":"Outer Ring Road","highway":"trunk","policy":"HGV restrictions on select corridors (BTP)"},"geometry":{"type":"LineString","coordinates":[[77.57508,12.90644],[77.57504,12.90644],[77.57494,12.90644],[77.5744,12.90644],[77.57345,12.90642],[77.57343,12.90642],[77.5734,12.90642]]}},{"type":"Feature","properties":{"name":"Outer Ring Road","highway":"trunk","policy":"HGV restrictions on select corridors (BTP)"},"geometry":{"type":"LineString","coordinates":[[77.57514,12.90644],[77.57508,12.90644]]}},{"type":"Feature","properties":{"name":"NICE Expressway","highway":"motorway","policy":"HGV restrictions on select corridors (BTP)"},"geometry":{"type":"LineString","coordinates":[[77.47941,12.85916],[77.47924,12.85925]]}},{"type":"Feature","properties":{"name":"SM Krishna Road","highway":"trunk","policy":"HGV restrictions on select corridors (BTP)"},"geometry":{"type":"LineString","coordinates":[[77.45631,12.8996],[77.45563,12.90126]]}},{"type":"Feature","properties":{"name":"SM Krishna Road","highway":"trunk","policy":"HGV restrictions on select corridors (BTP)"},"geometry":{"type":"LineString","coordinates":[[77.4558,12.90124],[77.45646,12.89963]]}},{"type":"Feature","properties":{"name":"Outer Ring Road","highway":"trunk","policy":"HGV restrictions on select corridors (BTP)"},"geometry":{"type":"LineString","coordinates":[[77.6001,12.91682],[77.60011,12.91682],[77.60015,12.91682],[77.60043,12.91681],[77.60047,12.91681],[77.60078,12.9168],[77.60107,12.9168],[77.60141,12.91679],[77.60171,12.91679],[77.6018,12.91679],[77.60206,12.91679],[77.60274,12.91679],[77.60283,12.91679],[77.60301,12.91678],[77.60307,12.91679],[77.60326,12.91679],[77.60412,12.91678],[77.60534,12.91674],[77.60559,12.91673],[77.6058,12.91672],[77.60604,12.91671],[77.60646,12.91669],[77.60668,12.91669],[77.60686,12.91668],[77.60699,12.91668],[77.60729,12.91668],[77.60745,12.91668],[77.60748,12.91668]]}},{"type":"Feature","properties":{"name":"Tumkur Road","highway":"trunk","policy":"HGV restrictions on select corridors (BTP)"},"geometry":{"type":"LineString","coordinates":[[77.52218,13.03774],[77.52182,13.03794]]}},{"type":"Feature","properties":{"name":"Tumkur Road","highway":"trunk","policy":"HGV restrictions on select corridors (BTP)"},"geometry":{"type":"LineString","coordinates":[[77.51841,13.03985],[77.51836,13.03989]]}},{"type":"Feature","properties":{"name":"Tumkur Road","highway":"trunk","policy":"HGV restrictions on select corridors (BTP)"},"geometry":{"type":"LineString","coordinates":[[77.51842,13.04007],[77.51846,13.04004]]}},{"type":"Feature","properties":{"name":"Tumkur Road","highway":"trunk","policy":"HGV restrictions on select corridors (BTP)"},"geometry":{"type":"LineString","coordinates":[[77.51828,13.03994],[77.51814,13.04005],[77.51799,13.04018],[77.51782,13.04033],[77.51769,13.04044],[77.51689,13.04118],[77.51666,13.04137],[77.51648,13.0415],[77.51631,13.04161],[77.51609,13.04173],[77.51605,13.04175],[77.51583,13.04185],[77.51555,13.04196],[77.51551,13.04197],[77.51515,13.04209],[77.51463,13.04227],[77.51376,13.04255],[77.5135,13.04264]]}},{"type":"Feature","properties":{"name":"Tumkur Road","highway":"trunk","policy":"HGV restrictions on select corridors (BTP)"},"geometry":{"type":"LineString","coordinates":[[77.51846,13.04004],[77.51872,13.03987],[77.52192,13.03811],[77.52229,13.03791]]}},{"type":"Feature","properties":{"name":"SM Krishna Road","highway":"trunk","policy":"HGV restrictions on select corridors (BTP)"},"geometry":{"type":"LineString","coordinates":[[77.45025,12.93069],[77.45037,12.92912],[77.45041,12.92763],[77.45041,12.92751],[77.45042,12.92736]]}},{"type":"Feature","properties":{"name":"SM Krishna Road","highway":"trunk","policy":"HGV restrictions on select corridors (BTP)"},"geometry":{"type":"LineString","coordinates":[[77.45013,12.93068],[77.44982,12.93346],[77.44981,12.93361]]}},{"type":"Feature","properties":{"name":"SM Krishna Road","highway":"trunk","policy":"HGV restrictions on select corridors (BTP)"},"geometry":{"type":"LineString","coordinates":[[77.45021,12.94783],[77.4503,12.94836],[77.45031,12.94846],[77.45046,12.94907],[77.45068,12.94995],[77.45117,12.95149],[77.4516,12.95295],[77.45201,12.9543],[77.45227,12.95514],[77.45235,12.95532]]}},{"type":"Feature","properties":{"name":"SM Krishna Road","highway":"trunk","policy":"HGV restrictions on select corridors (BTP)"},"geometry":{"type":"LineString","coordinates":[[77.45447,12.96602],[77.45449,12.96615],[77.4545,12.96628],[77.45451,12.96642],[77.45451,12.96658],[77.45451,12.96674],[77.45448,12.9674],[77.45446,12.96785]]}},{"type":"Feature","properties":{"name":"Rotary 2","highway":"trunk","policy":"HGV restrictions on select corridors (BTP)"},"geometry":{"type":"LineString","coordinates":[[77.45422,12.96801],[77.4542,12.96806],[77.45419,12.96811],[77.45419,12.96816],[77.4542,12.96821],[77.45422,12.96825],[77.45425,12.9683],[77.45428,12.96833],[77.45432,12.96837],[77.45435,12.96838],[77.45436,12.96838],[77.45437,12.96839],[77.45442,12.9684],[77.45447,12.96841],[77.45449,12.96841],[77.45451,12.9684],[77.45452,12.9684],[77.45457,12.96839],[77.45462,12.96837],[77.45466,12.96834],[77.4547,12.9683],[77.45473,12.96826],[77.45475,12.96821],[77.45476,12.96816],[77.45476,12.96811],[77.45475,12.96806],[77.45473,12.96801],[77.45471,12.96797],[77.45467,12.96793],[77.45463,12.9679],[77.45458,12.96787],[77.45457,12.96787],[77.45453,12.96786],[77.45448,12.96785],[77.45448,12.96785],[77.45446,12.96785],[77.45442,12.96785],[77.45441,12.96786],[77.45437,12.96787],[77.45432,12.96789],[77.45428,12.96792],[77.45424,12.96796],[77.45422,12.96801]]}},{"type":"Feature","properties":{"name":"SM Krishna Road","highway":"trunk","policy":"HGV restrictions on select corridors (BTP)"},"geometry":{"type":"LineString","coordinates":[[77.45145,12.98149],[77.45136,12.98181],[77.45134,12.98188]]}},{"type":"Feature","properties":{"name":"SM Krishna Road","highway":"trunk","policy":"HGV restrictions on select corridors (BTP)"},"geometry":{"type":"LineString","coordinates":[[77.45116,12.98293],[77.45131,12.98245],[77.45136,12.98231]]}},{"type":"Feature","properties":{"name":"SM Krishna Road","highway":"trunk","policy":"HGV restrictions on select corridors (BTP)"},"geometry":{"type":"LineString","coordinates":[[77.45155,12.98151],[77.45183,12.98059],[77.45199,12.98008]]}},{"type":"Feature","properties":{"name":"SM Krishna Road","highway":"trunk","policy":"HGV restrictions on select corridors (BTP)"},"geometry":{"type":"LineString","coordinates":[[77.45187,12.98006],[77.45172,12.98056],[77.45145,12.98149]]}},{"type":"Feature","properties":{"name":"Sumanahalli Flyover","highway":"trunk","policy":"HGV restrictions on select corridors (BTP)"},"geometry":{"type":"LineString","coordinates":[[77.51893,12.98479],[77.51898,12.98504],[77.51903,12.98536],[77.51915,12.98631],[77.51918,12.9865],[77.51924,12.98674],[77.51931,12.98701],[77.51974,12.98844]]}},{"type":"Feature","properties":{"name":"Sumanahalli Flyover","highway":"trunk","policy":"HGV restrictions on select corridors (BTP)"},"geometry":{"type":"LineString","coordinates":[[77.51985,12.98842],[77.51942,12.98698],[77.51935,12.98671],[77.51929,12.98648],[77.51927,12.9863],[77.51917,12.98568],[77.51915,12.98538],[77.51909,12.98502],[77.51905,12.98477]]}},{"type":"Feature","properties":{"name":"Sumanahalli Flyover","highway":"trunk","policy":"HGV restrictions on select corridors (BTP)"},"geometry":{"type":"LineString","coordinates":[[77.51729,12.98165],[77.51718,12.98149],[77.51649,12.9805],[77.51608,12.97996]]}},{"type":"Feature","properties":{"name":"Sumanahalli Flyover","highway":"trunk","policy":"HGV restrictions on select corridors (BTP)"},"geometry":{"type":"LineString","coordinates":[[77.51739,12.98179],[77.51729,12.98165]]}},{"type":"Feature","properties":{"name":"Sumanahalli Flyover","highway":"trunk","policy":"HGV restrictions on select corridors (BTP)"},"geometry":{"type":"LineString","coordinates":[[77.51719,12.98169],[77.51728,12.98182]]}},{"type":"Feature","properties":{"name":"Sumanahalli Flyover","highway":"trunk","policy":"HGV restrictions on select corridors (BTP)"},"geometry":{"type":"LineString","coordinates":[[77.51597,12.98002],[77.51638,12.98056],[77.51719,12.98169]]}},{"type":"Feature","properties":{"name":"Outer Ring Road","highway":"trunk","policy":"HGV restrictions on select corridors (BTP)"},"geometry":{"type":"LineString","coordinates":[[77.51353,12.97451],[77.51334,12.97395],[77.51319,12.97347],[77.51308,12.97298]]}},{"type":"Feature","properties":{"name":"Outer Ring Road","highway":"trunk","policy":"HGV restrictions on select corridors (BTP)"},"geometry":{"type":"LineString","coordinates":[[77.51359,12.97469],[77.51353,12.97451]]}},{"type":"Feature","properties":{"name":"Outer Ring Road","highway":"trunk","policy":"HGV restrictions on select corridors (BTP)"},"geometry":{"type":"LineString","coordinates":[[77.51348,12.97473],[77.5138,12.9756],[77.51426,12.97681]]}},{"type":"Feature","properties":{"name":"Outer Ring Road","highway":"trunk","policy":"HGV restrictions on select corridors (BTP)"},"geometry":{"type":"LineString","coordinates":[[77.51342,12.97455],[77.51348,12.97473]]}},{"type":"Feature","properties":{"name":"Outer Ring Road","highway":"trunk","policy":"HGV restrictions on select corridors (BTP)"},"geometry":{"type":"LineString","coordinates":[[77.51398,12.96042],[77.51522,12.95994],[77.51532,12.9599]]}},{"type":"Feature","properties":{"name":"Outer Ring Road","highway":"trunk","policy":"HGV restrictions on select corridors (BTP)"},"geometry":{"type":"LineString","coordinates":[[77.51523,12.95982],[77.51395,12.9603]]}},{"type":"Feature","properties":{"name":"Outer Ring Road","highway":"trunk","policy":"HGV restrictions on select corridors (BTP)"},"geometry":{"type":"LineString","coordinates":[[77.52314,12.94886],[77.52303,12.949]]}},{"type":"Feature","properties":{"name":"Outer Ring Road","highway":"trunk","policy":"HGV restrictions on select corridors (BTP)"},"geometry":{"type":"LineString","coordinates":[[77.52405,12.94763],[77.52339,12.94854],[77.52314,12.94886]]}},{"type":"Feature","properties":{"name":"Outer Ring Road","highway":"trunk","policy":"HGV restrictions on select corridors (BTP)"},"geometry":{"type":"LineString","coordinates":[[77.52325,12.94892],[77.52336,12.94878],[77.5241,12.94778]]}},{"type":"Feature","properties":{"name":"Outer Ring Road","highway":"trunk","policy":"HGV restrictions on select corridors (BTP)"},"geometry":{"type":"LineString","coordinates":[[77.52312,12.94908],[77.52325,12.94892]]}},{"type":"Feature","properties":{"name":"Outer Ring Road","highway":"trunk","policy":"HGV restrictions on select corridors (BTP)"},"geometry":{"type":"LineString","coordinates":[[77.52679,13.00701],[77.52679,13.0056]]}},{"type":"Feature","properties":{"name":"Outer Ring Road","highway":"trunk","policy":"HGV restrictions on select corridors (BTP)"},"geometry":{"type":"LineString","coordinates":[[77.52704,13.00934],[77.527,13.00923],[77.52693,13.00903],[77.52681,13.00857],[77.52679,13.00827],[77.52678,13.0081],[77.52679,13.00726],[77.52679,13.00701]]}},{"type":"Feature","properties":{"name":"Kanakapura Road","highway":"trunk","policy":"HGV restrictions on select corridors (BTP)"},"geometry":{"type":"LineString","coordinates":[[77.51313,12.83113],[77.51325,12.83157],[77.51326,12.83161],[77.5133,12.8318],[77.51332,12.83189],[77.51336,12.83204]]}},{"type":"Feature","properties":{"name":"Kanakapura Road","highway":"trunk","policy":"HGV restrictions on select corridors (BTP)"},"geometry":{"type":"LineString","coordinates":[[77.5127,12.82796],[77.51268,12.82804],[77.51263,12.8283],[77.5126,12.82851],[77.51259,12.8286],[77.51259,12.82878],[77.51263,12.82908],[77.51267,12.82933],[77.51285,12.83002],[77.51286,12.83006],[77.51289,12.83021],[77.51295,12.83043],[77.51301,12.83067],[77.51313,12.83113]]}},{"type":"Feature","properties":{"name":"Kanakapura Road","highway":"trunk","policy":"HGV restrictions on select corridors (BTP)"},"geometry":{"type":"LineString","coordinates":[[77.51345,12.83202],[77.51326,12.83121],[77.51312,12.83064],[77.513,12.83019],[77.51295,12.83],[77.51278,12.82931],[77.51273,12.82906],[77.51271,12.82878],[77.51271,12.82853],[77.51274,12.82832],[77.5128,12.82799],[77.51289,12.82766]]}},{"type":"Feature","properties":{"name":"Kanakapura Road","highway":"trunk","policy":"HGV restrictions on select corridors (BTP)"},"geometry":{"type":"LineString","coordinates":[[77.51365,12.83285],[77.51354,12.83239],[77.51351,12.83225],[77.51347,12.83211],[77.51345,12.83202]]}},{"type":"Feature","properties":{"name":"Kanakapura Road","highway":"trunk","policy":"HGV restrictions on select corridors (BTP)"},"geometry":{"type":"LineString","coordinates":[[77.51977,12.84539],[77.51983,12.84548],[77.52,12.84578],[77.52017,12.84604],[77.52039,12.8465],[77.52057,12.84677]]}},{"type":"Feature","properties":{"name":"Mysore Road","highway":"trunk","policy":"HGV restrictions on select corridors (BTP)"},"geometry":{"type":"LineString","coordinates":[[77.51296,12.93559],[77.51307,12.93562],[77.51338,12.9357],[77.51351,12.93574],[77.51358,12.93576],[77.51366,12.93579]]}},{"type":"Feature","properties":{"name":"Mysore Road","highway":"trunk","policy":"HGV restrictions on select corridors (BTP)"},"geometry":{"type":"LineString","coordinates":[[77.48028,12.90969],[77.47913,12.9093],[77.47884,12.90917],[77.47876,12.90913],[77.47848,12.90902],[77.47826,12.90893],[77.47816,12.90889]]}},{"type":"Feature","properties":{"name":"Bellary Road","highway":"trunk","policy":"HGV restrictions on select corridors (BTP)"},"geometry":{"type":"LineString","coordinates":[[77.59265,13.04939],[77.59273,13.04962],[77.59275,13.04967],[77.59279,13.04987],[77.59281,13.04994],[77.59287,13.05015]]}},{"type":"Feature","properties":{"name":"Hosur Road","highway":"trunk","policy":"HGV restrictions on select corridors (BTP)"},"geometry":{"type":"LineString","coordinates":[[77.6764,12.84089],[77.67666,12.84051],[77.67695,12.8401],[77.67704,12.83998]]}},{"type":"Feature","properties":{"name":"Hosur Road","highway":"trunk","policy":"HGV restrictions on select corridors (BTP)"},"geometry":{"type":"LineString","coordinates":[[77.62439,12.91452],[77.62466,12.91407]]}},{"type":"Feature","properties":{"name":"Tumkur Road","highway":"trunk","policy":"HGV restrictions on select corridors (BTP)"},"geometry":{"type":"LineString","coordinates":[[77.54422,13.02644],[77.54399,13.02658],[77.54213,13.02763],[77.54135,13.02806]]}},{"type":"Feature","properties":{"name":"Outer Ring Road","highway":"trunk","policy":"HGV restrictions on select corridors (BTP)"},"geometry":{"type":"LineString","coordinates":[[77.67892,13.00027],[77.67876,13.00027],[77.67866,13.00028]]}},{"type":"Feature","properties":{"name":"Outer Ring Road","highway":"trunk","policy":"HGV restrictions on select corridors (BTP)"},"geometry":{"type":"LineString","coordinates":[[77.62474,12.91771],[77.62502,12.91771],[77.62546,12.91771],[77.62573,12.91768],[77.62596,12.91763],[77.6268,12.9174],[77.62839,12.91693],[77.6286,12.91688],[77.62882,12.91686],[77.62926,12.91682]]}},{"type":"Feature","properties":{"name":"SM Krishna Road","highway":"trunk","policy":"HGV restrictions on select corridors (BTP)"},"geometry":{"type":"LineString","coordinates":[[77.45679,12.89828],[77.45658,12.89863],[77.45647,12.89899],[77.45644,12.89916],[77.45642,12.89929],[77.45631,12.8996]]}},{"type":"Feature","properties":{"name":"SM Krishna Road","highway":"trunk","policy":"HGV restrictions on select corridors (BTP)"},"geometry":{"type":"LineString","coordinates":[[77.45646,12.89963],[77.45656,12.89932],[77.45663,12.899],[77.45673,12.89872],[77.45675,12.89864],[77.4568,12.89857],[77.45694,12.89834]]}},{"type":"Feature","properties":{"name":"Kanakapura Road","highway":"trunk","policy":"HGV restrictions on select corridors (BTP)"},"geometry":{"type":"LineString","coordinates":[[77.54569,12.87955],[77.54569,12.87953]]}},{"type":"Feature","properties":{"name":"Rotary 5","highway":"trunk","policy":"HGV restrictions on select corridors (BTP)"},"geometry":{"type":"LineString","coordinates":[[77.44963,12.93385],[77.44963,12.93388],[77.44965,12.93392],[77.44968,12.93396],[77.44971,12.93399],[77.44975,12.93401],[77.44978,12.93403],[77.44979,12.93403],[77.44984,12.93404],[77.44989,12.93403],[77.4499,12.93403],[77.44993,12.93402],[77.44998,12.93399],[77.45001,12.93396],[77.45004,12.93392],[77.45006,12.93388],[77.45007,12.93383],[77.45007,12.93379],[77.45005,12.93374],[77.45004,12.93371]]}},{"type":"Feature","properties":{"name":"NICE Road","highway":"motorway","policy":"HGV restrictions on select corridors (BTP)"},"geometry":{"type":"LineString","coordinates":[[77.65956,12.85805],[77.65991,12.85797]]}},{"type":"Feature","properties":{"name":"Kanakapura Road","highway":"trunk","policy":"HGV restrictions on select corridors (BTP)"},"geometry":{"type":"LineString","coordinates":[[77.54084,12.874],[77.54081,12.87398],[77.54073,12.87392],[77.54058,12.87381],[77.54028,12.87355],[77.54023,12.8735],[77.54013,12.87341],[77.54008,12.87336],[77.54006,12.87334],[77.53997,12.87325],[77.53977,12.87303],[77.53967,12.87289],[77.53959,12.87279],[77.53931,12.87245],[77.5392,12.87232],[77.53908,12.87216],[77.53901,12.87208],[77.53894,12.87198],[77.53893,12.87197]]}},{"type":"Feature","properties":{"name":"Kanakapura Road","highway":"trunk","policy":"HGV restrictions on select corridors (BTP)"},"geometry":{"type":"LineString","coordinates":[[77.54569,12.87953],[77.54566,12.87947],[77.54552,12.87914],[77.54539,12.87882],[77.5453,12.8786],[77.54527,12.87853],[77.54525,12.87847],[77.54517,12.87828],[77.54513,12.87818],[77.54498,12.87785],[77.54455,12.87685],[77.54454,12.87681],[77.54452,12.87676],[77.54442,12.87656],[77.54436,12.87643],[77.54428,12.87627],[77.54425,12.87617],[77.54422,12.87612],[77.54415,12.876],[77.54386,12.87568],[77.54371,12.87553],[77.54367,12.87549],[77.5434,12.87528],[77.54326,12.87518],[77.54306,12.87506],[77.54294,12.87501],[77.5428,12.87494],[77.54252,12.87483],[77.54239,12.87477],[77.54218,12.87468],[77.54166,12.87445],[77.54145,12.87436],[77.54139,12.87433],[77.54116,12.87419],[77.54106,12.87413],[77.54096,12.87407],[77.5409,12.87403],[77.54084,12.874]]}},{"type":"Feature","properties":{"name":"Dr. CV Raman Road","highway":"trunk","policy":"HGV restrictions on select corridors (BTP)"},"geometry":{"type":"LineString","coordinates":[[77.56583,13.0142],[77.56585,13.01417],[77.56585,13.01413],[77.56585,13.01411],[77.56585,13.0141],[77.56583,13.01406],[77.56581,13.01404],[77.56577,13.01402],[77.56574,13.01401],[77.56571,13.01401],[77.5657,13.01401],[77.56568,13.01402],[77.56566,13.01403],[77.56564,13.01406],[77.56563,13.01407],[77.56562,13.01409],[77.56561,13.01412],[77.56561,13.01416],[77.56563,13.0142],[77.56566,13.01422],[77.56569,13.01424],[77.56573,13.01425],[77.56575,13.01425],[77.56577,13.01424],[77.5658,13.01423],[77.56581,13.01422],[77.56583,13.0142]]}},{"type":"Feature","properties":{"name":"SM Krishna Road","highway":"trunk","policy":"HGV restrictions on select corridors (BTP)"},"geometry":{"type":"LineString","coordinates":[[77.45372,12.95905],[77.45391,12.95988],[77.45413,12.96158]]}},{"type":"Feature","properties":{"name":"SM Krishna Road","highway":"trunk","policy":"HGV restrictions on select corridors (BTP)"},"geometry":{"type":"LineString","coordinates":[[77.45423,12.96157],[77.45401,12.95985],[77.4538,12.95902]]}},{"type":"Feature","properties":{"name":"Rotary 3","highway":"trunk","policy":"HGV restrictions on select corridors (BTP)"},"geometry":{"type":"LineString","coordinates":[[77.45363,12.95868],[77.45361,12.95869],[77.4536,12.95869],[77.45357,12.95871],[77.45355,12.95874],[77.45353,12.95877],[77.45352,12.9588],[77.45351,12.95883],[77.45351,12.95887],[77.45351,12.9589],[77.45353,12.95893],[77.45354,12.95896],[77.45356,12.95899],[77.45359,12.95901],[77.45363,12.95903],[77.45366,12.95904],[77.4537,12.95905],[77.45372,12.95905],[77.45373,12.95904],[77.45377,12.95904],[77.45378,12.95903],[77.4538,12.95902],[77.45383,12.959],[77.45386,12.95897],[77.45388,12.95894],[77.45389,12.95891],[77.4539,12.95887],[77.4539,12.95884],[77.45389,12.95881],[77.45388,12.95877],[77.45386,12.95874],[77.45384,12.95872],[77.45381,12.9587],[77.45377,12.95868],[77.45374,12.95867],[77.45373,12.95867],[77.45371,12.95867],[77.4537,12.95867],[77.45369,12.95867],[77.45367,12.95867],[77.45363,12.95868]]}},{"type":"Feature","properties":{"name":"SM Krishna Road","highway":"trunk","policy":"HGV restrictions on select corridors (BTP)"},"geometry":{"type":"LineString","coordinates":[[77.44942,12.93937],[77.44941,12.9397],[77.44955,12.94133],[77.44976,12.94271],[77.4502,12.94548],[77.45025,12.94593],[77.45022,12.94639],[77.45019,12.9468],[77.45018,12.94706],[77.45019,12.94734]]}},{"type":"Feature","properties":{"name":"SM Krishna Road","highway":"trunk","policy":"HGV restrictions on select corridors (BTP)"},"geometry":{"type":"LineString","coordinates":[[77.45029,12.94734],[77.45028,12.9472],[77.45031,12.94671],[77.45037,12.94593],[77.45032,12.94546],[77.44976,12.94189],[77.4497,12.94131],[77.44966,12.94097],[77.44953,12.93971],[77.44954,12.93937]]}},{"type":"Feature","properties":{"name":"Rotary 4","highway":"trunk","policy":"HGV restrictions on select corridors (BTP)"},"geometry":{"type":"LineString","coordinates":[[77.45027,12.94733],[77.45022,12.94734],[77.45019,12.94734],[77.45018,12.94734],[77.45014,12.94736],[77.4501,12.94739],[77.45006,12.94742],[77.45004,12.94745],[77.45002,12.94749],[77.45,12.94754],[77.45,12.94758],[77.45,12.94763],[77.45001,12.94767],[77.45003,12.94771],[77.45006,12.94775],[77.45009,12.94778],[77.45013,12.9478],[77.45017,12.94782],[77.45019,12.94783],[77.45021,12.94783],[77.45025,12.94784],[77.4503,12.94783],[77.45031,12.94783],[77.45034,12.94782],[77.45038,12.94781],[77.45041,12.94778],[77.45045,12.94776],[77.45047,12.94772],[77.45049,12.94768],[77.45051,12.94764],[77.45051,12.9476],[77.45051,12.94756],[77.4505,12.94751],[77.45049,12.94747],[77.45046,12.94743],[77.45043,12.9474],[77.4504,12.94737],[77.45036,12.94735],[77.45032,12.94734],[77.45029,12.94734],[77.45027,12.94733]]}},{"type":"Feature","properties":{"name":"Electronic City Flyover","highway":"motorway","policy":"HGV restrictions on select corridors (BTP)"},"geometry":{"type":"LineString","coordinates":[[77.66753,12.84567],[77.66822,12.84592],[77.6683,12.84595]]}},{"type":"Feature","properties":{"name":"Electronic City Flyover","highway":"motorway","policy":"HGV restrictions on select corridors (BTP)"},"geometry":{"type":"LineString","coordinates":[[77.66837,12.84589],[77.66829,12.84585],[77.66753,12.84552]]}},{"type":"Feature","properties":{"name":"Kanakapura Road","highway":"trunk","policy":"HGV restrictions on select corridors (BTP)"},"geometry":{"type":"LineString","coordinates":[[77.56354,12.88962],[77.5635,12.88959]]}},{"type":"Feature","properties":{"name":"Kanakapura Road","highway":"trunk","policy":"HGV restrictions on select corridors (BTP)"},"geometry":{"type":"LineString","coordinates":[[77.56347,12.88971],[77.56398,12.89017],[77.56428,12.89045]]}},{"type":"Feature","properties":{"name":"Kanakapura Road","highway":"trunk","policy":"HGV restrictions on select corridors (BTP)"},"geometry":{"type":"LineString","coordinates":[[77.56343,12.88952],[77.56287,12.88902],[77.56219,12.88841],[77.5621,12.88834],[77.56181,12.88809],[77.56164,12.88796],[77.56109,12.88757],[77.56056,12.88718],[77.56041,12.88707],[77.56026,12.88699],[77.56015,12.88693],[77.56,12.88687],[77.55975,12.88676],[77.55939,12.88665],[77.559,12.88652],[77.55855,12.88639],[77.55835,12.88633],[77.55831,12.88632],[77.55775,12.88614],[77.55767,12.88611],[77.55743,12.88603],[77.55699,12.88587],[77.55697,12.88587],[77.55683,12.88583],[77.55673,12.8858],[77.5567,12.88579],[77.55624,12.88565],[77.55602,12.88558],[77.55568,12.88547],[77.55539,12.88538],[77.55505,12.88528],[77.55418,12.88499],[77.55383,12.88488],[77.55348,12.88478],[77.55292,12.88462],[77.55193,12.88433],[77.5516,12.88421],[77.55103,12.88405],[77.551,12.88404],[77.55088,12.88401],[77.55077,12.88398],[77.55003,12.88377],[77.54876,12.88345],[77.54863,12.88342],[77.54861,12.88341],[77.54858,12.8834]]}},{"type":"Feature","properties":{"name":"Hosakerehalli Flyover","highway":"trunk","policy":"HGV restrictions on select corridors (BTP)"},"geometry":{"type":"LineString","coordinates":[[77.53439,12.93652],[77.5345,12.93642],[77.53464,12.9363],[77.53485,12.9362]]}},{"type":"Feature","properties":{"name":"Hosakerehalli Flyover","highway":"trunk","policy":"HGV restrictions on select corridors (BTP)"},"geometry":{"type":"LineString","coordinates":[[77.53458,12.93624],[77.53444,12.93635],[77.53432,12.93646]]}},{"type":"Feature","properties":{"name":"Outer Ring Road","highway":"trunk","policy":"HGV restrictions on select corridors (BTP)"},"geometry":{"type":"LineString","coordinates":[[77.53485,12.9362],[77.53497,12.93613]]}},{"type":"Feature","properties":{"name":"Benniganahalli Flyover","highway":"trunk","policy":"HGV restrictions on select corridors (BTP)"},"geometry":{"type":"LineString","coordinates":[[77.66335,13.00143],[77.66335,13.00149]]}},{"type":"Feature","properties":{"name":"Benniganahalli Flyover","highway":"trunk","policy":"HGV restrictions on select corridors (BTP)"},"geometry":{"type":"LineString","coordinates":[[77.66343,13.00157],[77.66344,13.00144]]}},{"type":"Feature","properties":{"name":"Benniganahalli Flyover","highway":"trunk","policy":"HGV restrictions on select corridors (BTP)"},"geometry":{"type":"LineString","coordinates":[[77.66726,12.99618],[77.66756,12.99623]]}},{"type":"Feature","properties":{"name":"Veerannapalya Flyover","highway":"trunk","policy":"HGV restrictions on select corridors (BTP)"},"geometry":{"type":"LineString","coordinates":[[77.6163,13.04121],[77.61662,13.04114],[77.61673,13.04111],[77.61702,13.04106],[77.6171,13.04105]]}},{"type":"Feature","properties":{"name":"Outer Ring Road","highway":"trunk","policy":"HGV restrictions on select corridors (BTP)"},"geometry":{"type":"LineString","coordinates":[[77.59109,13.0427],[77.59097,13.04272],[77.59087,13.04273],[77.5908,13.04272]]}},{"type":"Feature","properties":{"name":"Outer Ring Road","highway":"trunk","policy":"HGV restrictions on select corridors (BTP)"},"geometry":{"type":"LineString","coordinates":[[77.59065,13.04302],[77.59088,13.04298]]}},{"type":"Feature","properties":{"name":"Tumkur Road Exit","highway":"trunk","policy":"HGV restrictions on select corridors (BTP)"},"geometry":{"type":"LineString","coordinates":[[77.59075,13.04334],[77.59065,13.04302]]}},{"type":"Feature","properties":{"name":"Outer Ring Road","highway":"trunk","policy":"HGV restrictions on select corridors (BTP)"},"geometry":{"type":"LineString","coordinates":[[77.59088,13.04298],[77.59105,13.04292]]}},{"type":"Feature","properties":{"name":"Srinagar - Kanyakumari Highway","highway":"trunk","policy":"HGV restrictions on select corridors (BTP)"},"geometry":{"type":"LineString","coordinates":[[77.6229,12.91722],[77.62292,12.91725],[77.62295,12.91729]]}},{"type":"Feature","properties":{"name":"Service Road","highway":"trunk","policy":"HGV restrictions on select corridors (BTP)"},"geometry":{"type":"LineString","coordinates":[[77.62401,12.91464],[77.62396,12.91472]]}},{"type":"Feature","properties":{"name":"Tumkur Road","highway":"trunk","policy":"HGV restrictions on select corridors (BTP)"},"geometry":{"type":"LineString","coordinates":[[77.54001,13.02881],[77.53988,13.02888]]}},{"type":"Feature","properties":{"name":"SM Krishna Road","highway":"trunk","policy":"HGV restrictions on select corridors (BTP)"},"geometry":{"type":"LineString","coordinates":[[77.45874,12.89551],[77.45693,12.89809]]}},{"type":"Feature","properties":{"name":"Outer Ring Road","highway":"trunk","policy":"HGV restrictions on select corridors (BTP)"},"geometry":{"type":"LineString","coordinates":[[77.54981,12.92553],[77.54988,12.92548],[77.5499,12.92547],[77.54993,12.92546],[77.54995,12.92545]]}},{"type":"Feature","properties":{"name":"SM Krishna Road","highway":"trunk","policy":"HGV restrictions on select corridors (BTP)"},"geometry":{"type":"LineString","coordinates":[[77.45123,12.98227],[77.45119,12.98241],[77.45105,12.98291]]}},{"type":"Feature","properties":{"name":"SM Krishna Road","highway":"trunk","policy":"HGV restrictions on select corridors (BTP)"},"geometry":{"type":"LineString","coordinates":[[77.45144,12.9819],[77.45146,12.98184],[77.45148,12.98176],[77.45155,12.98151]]}},{"type":"Feature","properties":{"name":"Rotary 1","highway":"trunk","policy":"HGV restrictions on select corridors (BTP)"},"geometry":{"type":"LineString","coordinates":[[77.45115,12.98198],[77.45113,12.98203],[77.45112,12.98207],[77.45112,12.98211],[77.45112,12.98212],[77.45113,12.98216],[77.45114,12.98218],[77.45115,12.9822],[77.45118,12.98223],[77.45121,12.98226],[77.45123,12.98227],[77.45125,12.98229],[77.45128,12.9823],[77.45129,12.9823],[77.45131,12.98231],[77.45134,12.98231],[77.45136,12.98231],[77.45139,12.9823],[77.4514,12.9823],[77.45143,12.98229],[77.45147,12.98227],[77.45151,12.98224],[77.45154,12.9822],[77.45156,12.98215],[77.45156,12.98212],[77.45157,12.98211],[77.45156,12.98206],[77.45155,12.98201],[77.45154,12.98198],[77.45153,12.98197],[77.4515,12.98194],[77.45147,12.98191],[77.45144,12.9819],[77.45143,12.98189],[77.45138,12.98188],[77.45134,12.98188],[77.45132,12.98188],[77.45129,12.98188],[77.45125,12.9819],[77.45121,12.98192],[77.45118,12.98195],[77.45115,12.98198]]}},{"type":"Feature","properties":{"name":"Rotary 5","highway":"trunk","policy":"HGV restrictions on select corridors (BTP)"},"geometry":{"type":"LineString","coordinates":[[77.45004,12.93371],[77.45003,12.9337],[77.45,12.93367],[77.44997,12.93364],[77.44994,12.93362],[77.44993,12.93362],[77.44992,12.93362],[77.44988,12.93361],[77.44984,12.9336],[77.44982,12.9336],[77.44981,12.93361],[77.44979,12.93361],[77.44975,12.93362],[77.44971,12.93365],[77.44968,12.93368],[77.44965,12.93371],[77.44963,12.93375],[77.44962,12.9338],[77.44962,12.93384],[77.44963,12.93385]]}},{"type":"Feature","properties":{"name":"Outer Ring Road","highway":"trunk","policy":"HGV restrictions on select corridors (BTP)"},"geometry":{"type":"LineString","coordinates":[[77.54786,12.92687],[77.5484,12.92645],[77.54876,12.92619],[77.54896,12.92605],[77.54981,12.92553]]}},{"type":"Feature","properties":{"name":"SM Krishna Road","highway":"trunk","policy":"HGV restrictions on select corridors (BTP)"},"geometry":{"type":"LineString","coordinates":[[77.45887,12.8956],[77.45941,12.89484]]}},{"type":"Feature","properties":{"name":"SM Krishna Road","highway":"trunk","policy":"HGV restrictions on select corridors (BTP)"},"geometry":{"type":"LineString","coordinates":[[77.45694,12.89834],[77.45706,12.89818]]}},{"type":"Feature","properties":{"name":"NICE Expressway","highway":"motorway","policy":"HGV restrictions on select corridors (BTP)"},"geometry":{"type":"LineString","coordinates":[[77.53773,12.94974],[77.53759,12.9503]]}},{"type":"Feature","properties":{"name":"SM Krishna Road","highway":"trunk","policy":"HGV restrictions on select corridors (BTP)"},"geometry":{"type":"LineString","coordinates":[[77.45238,12.9554],[77.45261,12.95597],[77.45309,12.95711],[77.45334,12.95784],[77.45361,12.95869]]}},{"type":"Feature","properties":{"name":"SM Krishna Road","highway":"trunk","policy":"HGV restrictions on select corridors (BTP)"},"geometry":{"type":"LineString","coordinates":[[77.45235,12.95532],[77.45238,12.9554]]}},{"type":"Feature","properties":{"name":"SM Krishna Road","highway":"trunk","policy":"HGV restrictions on select corridors (BTP)"},"geometry":{"type":"LineString","coordinates":[[77.45246,12.95533],[77.45243,12.95526]]}},{"type":"Feature","properties":{"name":"SM Krishna Road","highway":"trunk","policy":"HGV restrictions on select corridors (BTP)"},"geometry":{"type":"LineString","coordinates":[[77.45371,12.95867],[77.45344,12.95781],[77.45318,12.95707],[77.4527,12.95593],[77.45246,12.95533]]}},{"type":"Feature","properties":{"name":"SM Krishna Road","highway":"trunk","policy":"HGV restrictions on select corridors (BTP)"},"geometry":{"type":"LineString","coordinates":[[77.44992,12.93362],[77.44993,12.93346],[77.45025,12.93069]]}},{"type":"Feature","properties":{"name":"SM Krishna Road","highway":"trunk","policy":"HGV restrictions on select corridors (BTP)"},"geometry":{"type":"LineString","coordinates":[[77.45457,12.96787],[77.45459,12.96744],[77.45462,12.96674],[77.45462,12.96658],[77.45462,12.96641],[77.45462,12.96628],[77.4546,12.96614],[77.45459,12.96601]]}},{"type":"Feature","properties":{"name":"SM Krishna Road","highway":"trunk","policy":"HGV restrictions on select corridors (BTP)"},"geometry":{"type":"LineString","coordinates":[[77.45413,12.96158],[77.45433,12.96304],[77.45447,12.96602]]}},{"type":"Feature","properties":{"name":"SM Krishna Road","highway":"trunk","policy":"HGV restrictions on select corridors (BTP)"},"geometry":{"type":"LineString","coordinates":[[77.45459,12.96601],[77.45446,12.96353],[77.45423,12.96157]]}},{"type":"Feature","properties":{"name":"SM Krishna Road","highway":"trunk","policy":"HGV restrictions on select corridors (BTP)"},"geometry":{"type":"LineString","coordinates":[[77.45033,12.98588],[77.45037,12.98572],[77.45039,12.98564]]}},{"type":"Feature","properties":{"name":"SM Krishna Road","highway":"trunk","policy":"HGV restrictions on select corridors (BTP)"},"geometry":{"type":"LineString","coordinates":[[77.45021,12.98586],[77.45001,12.98669],[77.4495,12.98901]]}},{"type":"Feature","properties":{"name":"SM Krishna Road","highway":"trunk","policy":"HGV restrictions on select corridors (BTP)"},"geometry":{"type":"LineString","coordinates":[[77.45039,12.98564],[77.45066,12.98465],[77.45116,12.98293]]}},{"type":"Feature","properties":{"name":"SM Krishna Road","highway":"trunk","policy":"HGV restrictions on select corridors (BTP)"},"geometry":{"type":"LineString","coordinates":[[77.45105,12.98291],[77.45056,12.98462],[77.45027,12.98562]]}},{"type":"Feature","properties":{"name":"Tumkur Road","highway":"trunk","policy":"HGV restrictions on select corridors (BTP)"},"geometry":{"type":"LineString","coordinates":[[77.52228,13.03769],[77.52218,13.03774]]}},{"type":"Feature","properties":{"name":"Tumkur Road","highway":"trunk","policy":"HGV restrictions on select corridors (BTP)"},"geometry":{"type":"LineString","coordinates":[[77.52239,13.03785],[77.52289,13.03758],[77.52596,13.03589],[77.52632,13.0357],[77.52663,13.03557],[77.52699,13.03546],[77.52729,13.03538],[77.52775,13.03527],[77.52919,13.03492],[77.52948,13.03485],[77.52967,13.03479],[77.52974,13.03477],[77.53001,13.03467],[77.53032,13.03454],[77.53064,13.03437],[77.53234,13.03338],[77.53367,13.03258],[77.53429,13.03223],[77.53447,13.03209]]}},{"type":"Feature","properties":{"name":"Tumkur Road","highway":"trunk","policy":"HGV restrictions on select corridors (BTP)"},"geometry":{"type":"LineString","coordinates":[[77.52182,13.03794],[77.52146,13.03814],[77.52064,13.03859],[77.52025,13.0388],[77.51875,13.03963],[77.51866,13.03968],[77.51861,13.03971],[77.51841,13.03985]]}},{"type":"Feature","properties":{"name":"Tumkur Road","highway":"trunk","policy":"HGV restrictions on select corridors (BTP)"},"geometry":{"type":"LineString","coordinates":[[77.52229,13.03791],[77.52239,13.03785]]}},{"type":"Feature","properties":{"name":"SM Krishna Road","highway":"trunk","policy":"HGV restrictions on select corridors (BTP)"},"geometry":{"type":"LineString","coordinates":[[77.45693,12.89809],[77.45679,12.89828]]}},{"type":"Feature","properties":{"name":"Outer Ring Road","highway":"trunk","policy":"HGV restrictions on select corridors (BTP)"},"geometry":{"type":"LineString","coordinates":[[77.62926,12.91682],[77.6299,12.91678],[77.63064,12.91673],[77.63107,12.91671],[77.6322,12.9166],[77.63229,12.91659]]}},{"type":"Feature","properties":{"name":"Outer Ring Road","highway":"trunk","policy":"HGV restrictions on select corridors (BTP)"},"geometry":{"type":"LineString","coordinates":[[77.63229,12.91659],[77.63237,12.91658]]}},{"type":"Feature","properties":{"name":"Outer Ring Road","highway":"trunk","policy":"HGV restrictions on select corridors (BTP)"},"geometry":{"type":"LineString","coordinates":[[77.63237,12.91648],[77.63229,12.91649]]}},{"type":"Feature","properties":{"name":"Outer Ring Road","highway":"trunk","policy":"HGV restrictions on select corridors (BTP)"},"geometry":{"type":"LineString","coordinates":[[77.5732,12.90645],[77.57314,12.90645]]}},{"type":"Feature","properties":{"name":"Outer Ring Road","highway":"trunk","policy":"HGV restrictions on select corridors (BTP)"},"geometry":{"type":"LineString","coordinates":[[77.61528,12.9163],[77.61525,12.91631],[77.61523,12.91631]]}},{"type":"Feature","properties":{"name":"Kanakapura Road","highway":"trunk","policy":"HGV restrictions on select corridors (BTP)"},"geometry":{"type":"LineString","coordinates":[[77.52805,12.85862],[77.52828,12.85901],[77.52847,12.85932],[77.52869,12.85969],[77.52877,12.85983],[77.52887,12.85999],[77.52922,12.86058],[77.52943,12.86096]]}}]}