{"type":"FeatureCollection","features":[{"type":"Feature","properties":{"name":"MIT Flyover","highway":"trunk","policy":""},"geometry":{"type":"LineString","coordinates":[[80.13672,12.94697],[80.13671,12.94703],[80.13671,12.94709],[80.13673,12.94713],[80.13676,12.94716],[80.13679,12.94719],[80.13685,12.94721],[80.13691,12.94722],[80.13697,12.9472],[80.13702,12.94717],[80.13705,12.94713],[80.13708,12.94707],[80.13708,12.94703],[80.13707,12.94699],[80.13706,12.94694],[80.13703,12.9469],[80.13699,12.94687],[80.13696,12.94686],[80.1369,12.94685],[80.13684,12.94686],[80.13679,12.94688],[80.13674,12.94692],[80.13672,12.94697]]}},{"type":"Feature","properties":{"name":"MIT Flyover Ramp","highway":"trunk","policy":""},"geometry":{"type":"LineString","coordinates":[[80.13696,12.94686],[80.13534,12.94477]]}},{"type":"Feature","properties":{"name":"Basin Bridge","highway":"trunk","policy":""},"geometry":{"type":"LineString","coordinates":[[80.27263,13.10378],[80.2725,13.10378],[80.27237,13.10384],[80.272,13.10419],[80.27189,13.10427],[80.27171,13.10433]]}},{"type":"Feature","properties":{"name":"Chennai Bypass Expressway","highway":"trunk","policy":""},"geometry":{"type":"LineString","coordinates":[[80.119,12.96769],[80.11908,12.96593]]}},{"type":"Feature","properties":{"name":"SHU87","highway":"trunk","policy":""},"geometry":{"type":"LineString","coordinates":[[80.21996,13.14409],[80.21981,13.14417],[80.21969,13.14429],[80.21962,13.14444],[80.2196,13.14461],[80.21964,13.14478],[80.21973,13.14492],[80.21987,13.14503],[80.21996,13.14507],[80.22007,13.1451],[80.22021,13.14509],[80.22035,13.14506],[80.22047,13.14498],[80.22057,13.14488],[80.22065,13.14472],[80.22066,13.14455],[80.22063,13.1444],[80.22055,13.14426],[80.22044,13.14416],[80.2203,13.1441],[80.22013,13.14406],[80.21996,13.14409]]}},{"type":"Feature","properties":{"name":"Grand Northern Trunk Road","highway":"trunk","policy":""},"geometry":{"type":"LineString","coordinates":[[80.24903,13.12302],[80.24924,13.12285],[80.24964,13.12269],[80.24973,13.12265],[80.25012,13.12249],[80.2502,13.12246],[80.25043,13.12237],[80.25152,13.12193],[80.25173,13.12184],[80.2526,13.12162],[80.25286,13.12155],[80.25308,13.1215],[80.2532,13.12147],[80.25339,13.12139],[80.2535,13.12134],[80.25359,13.12131],[80.25374,13.12123],[80.25385,13.12116],[80.25403,13.12101],[80.25422,13.12082],[80.2544,13.12065],[80.25442,13.12063],[80.25451,13.12053],[80.25503,13.12002],[80.25522,13.11988],[80.25549,13.11969],[80.25583,13.1195],[80.25643,13.11919],[80.25687,13.11902],[80.25693,13.119],[80.25717,13.11891],[80.2573,13.11888],[80.25777,13.11877],[80.25878,13.11851],[80.25903,13.11846],[80.25944,13.11837],[80.26059,13.11818],[80.26144,13.11803],[80.2617,13.11791],[80.26191,13.11776],[80.26218,13.11736]]}},{"type":"Feature","properties":{"name":"Chennai Bypass Expressway","highway":"trunk","policy":""},"geometry":{"type":"LineString","coordinates":[[80.14881,13.03225],[80.1485,13.03148],[80.14801,13.03049],[80.1477,13.03],[80.14703,13.02916],[80.14608,13.02818],[80.14077,13.02392],[80.13704,13.02091]]}},{"type":"Feature","properties":{"name":"Grand Southern Trunk Road","highway":"trunk","policy":""},"geometry":{"type":"LineString","coordinates":[[80.20593,13.00758],[80.20569,13.00748],[80.20563,13.00746],[80.2055,13.00742],[80.20537,13.00738],[80.20534,13.00737],[80.20527,13.00735],[80.20516,13.0073],[80.20505,13.00726],[80.20494,13.00721],[80.20483,13.00716],[80.20473,13.00712],[80.20469,13.0071],[80.20458,13.00705],[80.20431,13.00691],[80.20417,13.00683],[80.20407,13.00677],[80.20388,13.00666],[80.20375,13.00657],[80.20342,13.00635],[80.20341,13.00634],[80.20329,13.00626],[80.20314,13.00615],[80.20293,13.00599],[80.20282,13.0059],[80.20269,13.0058],[80.20267,13.00579],[80.20244,13.00568],[80.20216,13.00553],[80.20196,13.00539],[80.20179,13.00523],[80.20161,13.00506],[80.20142,13.00497]]}},{"type":"Feature","properties":{"name":"Moorthinagar Street","highway":"trunk","policy":""},"geometry":{"type":"LineString","coordinates":[[80.26147,13.11423],[80.26147,13.1143],[80.2615,13.11441],[80.26162,13.11484],[80.26176,13.11533],[80.26185,13.1157],[80.26193,13.11597],[80.26199,13.11618],[80.26202,13.11639],[80.26201,13.11733]]}},{"type":"Feature","properties":{"name":"Muthu Street","highway":"trunk","policy":""},"geometry":{"type":"LineString","coordinates":[[80.26354,13.11408],[80.26338,13.11409],[80.26278,13.11418],[80.26248,13.11421],[80.26157,13.1142],[80.26147,13.11423]]}},{"type":"Feature","properties":{"name":"freight corridor","highway":"trunk","policy":""},"geometry":{"type":"LineString","coordinates":[[80.26354,13.11408],[80.26362,13.11408],[80.26371,13.11408],[80.26393,13.11412],[80.26421,13.11412],[80.26446,13.11413],[80.26454,13.11412],[80.2649,13.11412],[80.26523,13.11412],[80.2653,13.11412],[80.26555,13.11412],[80.26567,13.11412]]}},{"type":"Feature","properties":{"name":"Grand Northern Trunk Road","highway":"trunk","policy":""},"geometry":{"type":"LineString","coordinates":[[80.26218,13.11736],[80.26229,13.11721],[80.26274,13.11631],[80.26285,13.11611],[80.26294,13.1159],[80.26296,13.11585],[80.26311,13.11558],[80.26325,13.1153],[80.26352,13.11475],[80.26355,13.11441],[80.26354,13.11408]]}},{"type":"Feature","properties":{"name":"Pattaravakkam Bridge","highway":"trunk","policy":""},"geometry":{"type":"LineString","coordinates":[[80.16461,13.11803],[80.16444,13.1175],[80.16435,13.11695],[80.16427,13.11577]]}},{"type":"Feature","properties":{"name":"Grand Southern Trunk Road","highway":"trunk","policy":""},"geometry":{"type":"LineString","coordinates":[[80.20142,13.00497],[80.20131,13.00479],[80.20122,13.0046],[80.20118,13.00447],[80.20112,13.00425],[80.201,13.00373]]}},{"type":"Feature","properties":{"name":"Airport Flyover","highway":"trunk","policy":""},"geometry":{"type":"LineString","coordinates":[[80.16234,12.9797],[80.16253,12.9798],[80.16279,12.97991],[80.1632,12.98004],[80.16424,12.98031],[80.16459,12.98042],[80.16502,12.98059],[80.16541,12.98077],[80.16583,12.981],[80.16735,12.98189],[80.17135,12.98427]]}},{"type":"Feature","properties":{"name":"Grand Southern Trunk Road","highway":"trunk","policy":""},"geometry":{"type":"LineString","coordinates":[[80.17154,12.9844],[80.17277,12.98533],[80.17369,12.98593],[80.17397,12.98613],[80.1744,12.98642],[80.17448,12.98648],[80.1748,12.98668],[80.17559,12.98717],[80.17593,12.98739],[80.17727,12.98834],[80.17807,12.98897],[80.17884,12.98956],[80.18207,12.99203],[80.1822,12.99213],[80.18247,12.99234],[80.18329,12.99291],[80.1853,12.994]]}},{"type":"Feature","properties":{"name":"Grand Southern Trunk Road","highway":"trunk","policy":""},"geometry":{"type":"LineString","coordinates":[[80.1016,12.91379],[80.10163,12.91398],[80.1017,12.91439],[80.10181,12.91463],[80.10198,12.9149],[80.10218,12.91514],[80.10239,12.91531],[80.10264,12.91545],[80.10293,12.91557],[80.10321,12.91563],[80.10357,12.91568],[80.10406,12.91575],[80.10422,12.91578],[80.10433,12.9158],[80.10437,12.91581],[80.10463,12.91586]]}},{"type":"Feature","properties":{"name":"Grand Southern Trunk Road","highway":"trunk","policy":""},"geometry":{"type":"LineString","coordinates":[[80.10164,12.91238],[80.10151,12.9113]]}},{"type":"Feature","properties":{"name":"Grand Northern Trunk Road","highway":"trunk","policy":""},"geometry":{"type":"LineString","coordinates":[[80.2691,13.10738],[80.26962,13.10684],[80.27066,13.10579],[80.27087,13.10554],[80.27098,13.10533]]}},{"type":"Feature","properties":{"name":"MIT Flyover Ramp","highway":"trunk","policy":""},"geometry":{"type":"LineString","coordinates":[[80.13506,12.94493],[80.13671,12.94709]]}},{"type":"Feature","properties":{"name":"Porur Bridge","highway":"trunk","policy":""},"geometry":{"type":"LineString","coordinates":[[80.14865,13.03228],[80.14878,13.03274],[80.14892,13.03344],[80.14904,13.0343],[80.14915,13.03643]]}},{"type":"Feature","properties":{"name":"Porur Bridge","highway":"trunk","policy":""},"geometry":{"type":"LineString","coordinates":[[80.14929,13.03643],[80.14918,13.03428],[80.14907,13.0334],[80.14893,13.03269],[80.14881,13.03225]]}},{"type":"Feature","properties":{"name":"Chennai Bypass Expressway","highway":"trunk","policy":""},"geometry":{"type":"LineString","coordinates":[[80.14982,13.0494],[80.14994,13.04993],[80.15014,13.05048],[80.15043,13.05099],[80.15075,13.05138],[80.15109,13.05173],[80.1516,13.05208],[80.15212,13.05237],[80.15428,13.05343]]}},{"type":"Feature","properties":{"name":"freight corridor","highway":"trunk","policy":""},"geometry":{"type":"LineString","coordinates":[[80.14974,13.04413],[80.14974,13.04395],[80.14975,13.0436],[80.14968,13.04294]]}},{"type":"Feature","properties":{"name":"freight corridor","highway":"trunk","policy":""},"geometry":{"type":"LineString","coordinates":[[80.14948,13.04294],[80.14956,13.04351],[80.14956,13.04363]]}},{"type":"Feature","properties":{"name":"freight corridor","highway":"trunk","policy":""},"geometry":{"type":"LineString","coordinates":[[80.14948,13.04294],[80.14951,13.04352],[80.1495,13.04414]]}},{"type":"Feature","properties":{"name":"Grand Southern Trunk Road","highway":"trunk","policy":""},"geometry":{"type":"LineString","coordinates":[[80.12113,12.93007],[80.12146,12.93042],[80.12257,12.93154],[80.12275,12.93172],[80.12289,12.93187],[80.12319,12.93216],[80.12378,12.93275],[80.1244,12.93335],[80.12482,12.93376],[80.12519,12.93412],[80.12552,12.93445],[80.12581,12.93476],[80.12615,12.93515],[80.12657,12.93561],[80.12695,12.93599],[80.12701,12.93606],[80.1271,12.93617],[80.12713,12.93621],[80.12746,12.93661],[80.12747,12.93663],[80.12818,12.9375],[80.12827,12.93759],[80.12859,12.93796],[80.12872,12.93811],[80.1301,12.93968],[80.13062,12.94022],[80.13099,12.94058],[80.13109,12.94067],[80.13209,12.94162],[80.13214,12.94167],[80.13302,12.94248],[80.13305,12.94252],[80.13356,12.943],[80.13372,12.94317],[80.13384,12.9433],[80.13402,12.94348],[80.13408,12.94354],[80.13463,12.94415]]}},{"type":"Feature","properties":{"name":"Chennai Bypass Expressway","highway":"trunk","policy":""},"geometry":{"type":"LineString","coordinates":[[80.12734,13.01102],[80.12748,13.0119]]}},{"type":"Feature","properties":{"name":"Chennai Bypass Expressway","highway":"trunk","policy":""},"geometry":{"type":"LineString","coordinates":[[80.12762,13.01187],[80.12747,13.01104]]}},{"type":"Feature","properties":{"name":"Chennai Bypass Expressway","highway":"trunk","policy":""},"geometry":{"type":"LineString","coordinates":[[80.12747,13.01104],[80.12746,13.01015],[80.12739,13.00512],[80.12724,13.00346],[80.12694,13.00236],[80.12648,13.00132],[80.12367,12.99701]]}},{"type":"Feature","properties":{"name":"Chennai Bypass Expressway","highway":"trunk","policy":""},"geometry":{"type":"LineString","coordinates":[[80.12748,13.0119],[80.12777,13.01267],[80.12812,13.01336],[80.12868,13.0141],[80.12921,13.01464],[80.12991,13.01516],[80.13202,13.01677],[80.13305,13.01765],[80.13553,13.01989],[80.13616,13.0204]]}},{"type":"Feature","properties":{"name":"Chennai Bypass Expressway","highway":"trunk","policy":""},"geometry":{"type":"LineString","coordinates":[[80.11876,12.97171],[80.11899,12.96802]]}},{"type":"Feature","properties":{"name":"Chennai Bypass Expressway","highway":"trunk","policy":""},"geometry":{"type":"LineString","coordinates":[[80.1186,12.97208],[80.11865,12.97271],[80.11879,12.97332],[80.12037,12.97917],[80.12055,12.98001],[80.12067,12.98094],[80.1209,12.98514]]}},{"type":"Feature","properties":{"name":"Chennai Bypass Expressway","highway":"trunk","policy":""},"geometry":{"type":"LineString","coordinates":[[80.11861,12.97169],[80.1186,12.97208]]}},{"type":"Feature","properties":{"name":"Chennai Bypass Expressway","highway":"trunk","policy":""},"geometry":{"type":"LineString","coordinates":[[80.11875,12.97207],[80.11876,12.97171]]}},{"type":"Feature","properties":{"name":"Chennai Bypass Expressway","highway":"trunk","policy":""},"geometry":{"type":"LineString","coordinates":[[80.11899,12.96802],[80.119,12.96769]]}},{"type":"Feature","properties":{"name":"Chennai Bypass Expressway","highway":"trunk","policy":""},"geometry":{"type":"LineString","coordinates":[[80.11884,12.96767],[80.11882,12.96804]]}},{"type":"Feature","properties":{"name":"Chennai Bypass Expressway","highway":"trunk","policy":""},"geometry":{"type":"LineString","coordinates":[[80.11882,12.96804],[80.11861,12.97169]]}},{"type":"Feature","properties":{"name":"Grand Southern Trunk Road","highway":"trunk","policy":""},"geometry":{"type":"LineString","coordinates":[[80.1077,12.91726],[80.10718,12.91695],[80.10611,12.9164],[80.10441,12.91544],[80.10303,12.91472],[80.10259,12.91441],[80.10218,12.91413],[80.10208,12.91403],[80.10194,12.91391],[80.10187,12.91379],[80.10177,12.91373]]}},{"type":"Feature","properties":{"name":"Chennai Bypass Expressway","highway":"trunk","policy":""},"geometry":{"type":"LineString","coordinates":[[80.15466,13.05346],[80.1543,13.05327]]}},{"type":"Feature","properties":{"name":"Chennai Bypass Expressway","highway":"trunk","policy":""},"geometry":{"type":"LineString","coordinates":[[80.1543,13.05327],[80.15218,13.05224],[80.15168,13.05195],[80.15119,13.05161],[80.1509,13.05133],[80.15058,13.05094],[80.1503,13.05043],[80.1501,13.04989],[80.14999,13.04939]]}},{"type":"Feature","properties":{"name":"Chennai Bypass Expressway","highway":"trunk","policy":""},"geometry":{"type":"LineString","coordinates":[[80.15428,13.05343],[80.15461,13.05361]]}},{"type":"Feature","properties":{"name":"Chennai Bypass Expressway","highway":"trunk","policy":""},"geometry":{"type":"LineString","coordinates":[[80.15461,13.05361],[80.15549,13.05418],[80.15872,13.0564],[80.15948,13.05697],[80.15996,13.05749],[80.1603,13.058],[80.16057,13.05858],[80.16059,13.05863],[80.16077,13.05911],[80.16092,13.05962],[80.16098,13.06022]]}},{"type":"Feature","properties":{"name":"Grand Northern Trunk Road","highway":"trunk","policy":""},"geometry":{"type":"LineString","coordinates":[[80.27091,13.1053],[80.27081,13.10549],[80.27062,13.10572],[80.26955,13.10678],[80.26913,13.10719]]}},{"type":"Feature","properties":{"name":"Basin Bridge","highway":"trunk","policy":""},"geometry":{"type":"LineString","coordinates":[[80.27172,13.10441],[80.27189,13.10436],[80.272,13.10428],[80.27241,13.1039],[80.27253,13.10385],[80.27262,13.10385]]}},{"type":"Feature","properties":{"name":"Chennai Bypass Expressway","highway":"trunk","policy":""},"geometry":{"type":"LineString","coordinates":[[80.13704,13.02091],[80.13631,13.02033]]}},{"type":"Feature","properties":{"name":"Chennai Bypass Expressway","highway":"trunk","policy":""},"geometry":{"type":"LineString","coordinates":[[80.13689,13.02099],[80.14046,13.02388],[80.14599,13.02834],[80.14691,13.02926],[80.14757,13.03012],[80.14787,13.03061],[80.14834,13.03154],[80.14865,13.03228]]}},{"type":"Feature","properties":{"name":"Chennai Bypass Expressway","highway":"trunk","policy":""},"geometry":{"type":"LineString","coordinates":[[80.13616,13.0204],[80.13689,13.02099]]}},{"type":"Feature","properties":{"name":"Chennai Bypass Expressway","highway":"trunk","policy":""},"geometry":{"type":"LineString","coordinates":[[80.13631,13.02033],[80.13568,13.01982],[80.13449,13.01876],[80.13313,13.01754],[80.13233,13.01682],[80.13096,13.01578],[80.12977,13.01488],[80.12953,13.01471],[80.1293,13.0145],[80.12905,13.01427],[80.12882,13.01402],[80.12853,13.01369],[80.12829,13.01335],[80.12807,13.01299],[80.1279,13.01262],[80.12762,13.01187]]}},{"type":"Feature","properties":{"name":"Chennai Bypass Expressway","highway":"trunk","policy":""},"geometry":{"type":"LineString","coordinates":[[80.16112,13.06022],[80.16109,13.05985],[80.16075,13.05856],[80.16062,13.05834],[80.16043,13.05794],[80.16007,13.05743],[80.15955,13.05685],[80.15879,13.05628],[80.15562,13.05406],[80.15466,13.05346]]}},{"type":"Feature","properties":{"name":"Maduravoyal Interchange","highway":"trunk","policy":""},"geometry":{"type":"LineString","coordinates":[[80.16111,13.06426],[80.16112,13.06295],[80.16114,13.06209],[80.16116,13.0608]]}},{"type":"Feature","properties":{"name":"Chennai Bypass Expressway","highway":"trunk","policy":""},"geometry":{"type":"LineString","coordinates":[[80.16098,13.06425],[80.16091,13.06717],[80.16107,13.07506],[80.16111,13.07693],[80.16117,13.07881],[80.16123,13.07986],[80.16125,13.08019]]}},{"type":"Feature","properties":{"name":"Maduravoyal Interchange","highway":"trunk","policy":""},"geometry":{"type":"LineString","coordinates":[[80.16098,13.06022],[80.16101,13.06067],[80.161,13.06158],[80.16099,13.06292]]}},{"type":"Feature","properties":{"name":"Grand Southern Trunk Road","highway":"trunk","policy":""},"geometry":{"type":"LineString","coordinates":[[80.10138,12.91133],[80.10153,12.91236]]}},{"type":"Feature","properties":{"name":"Pallavaram Flyover","highway":"trunk","policy":""},"geometry":{"type":"LineString","coordinates":[[80.14458,12.95852],[80.14447,12.95833],[80.1444,12.95833]]}},{"type":"Feature","properties":{"name":"Chennai Bypass Expressway","highway":"trunk","policy":""},"geometry":{"type":"LineString","coordinates":[[80.16412,13.1139],[80.16398,13.1125],[80.1639,13.1116],[80.16372,13.10993],[80.16343,13.10705],[80.16333,13.10646],[80.16244,13.10314],[80.16237,13.1029],[80.16231,13.10263],[80.16227,13.10243],[80.16212,13.1005],[80.16195,13.09757],[80.16169,13.093],[80.16138,13.0877]]}},{"type":"Feature","properties":{"name":"Pallavaram Flyover","highway":"trunk","policy":""},"geometry":{"type":"LineString","coordinates":[[80.14429,12.95865],[80.14512,12.96026],[80.14519,12.96038]]}},{"type":"Feature","properties":{"name":"Pallavaram Flyover","highway":"trunk","policy":""},"geometry":{"type":"LineString","coordinates":[[80.14523,12.96051],[80.14538,12.96069],[80.14548,12.96088],[80.14679,12.96336]]}},{"type":"Feature","properties":{"name":"Pallavaram Flyover","highway":"trunk","policy":""},"geometry":{"type":"LineString","coordinates":[[80.14714,12.96348],[80.14716,12.96334],[80.14707,12.9632]]}},{"type":"Feature","properties":{"name":"Pallavaram Flyover","highway":"trunk","policy":""},"geometry":{"type":"LineString","coordinates":[[80.14707,12.9632],[80.14568,12.96064],[80.14564,12.96056],[80.14556,12.96042]]}},{"type":"Feature","properties":{"name":"Pallavaram Flyover","highway":"trunk","policy":""},"geometry":{"type":"LineString","coordinates":[[80.1455,12.96026],[80.14545,12.96022],[80.14539,12.96021],[80.14533,12.96021],[80.14528,12.96023],[80.14523,12.96027],[80.1452,12.96032],[80.14519,12.96038],[80.14519,12.96043],[80.1452,12.96047],[80.14523,12.96051],[80.14527,12.96055],[80.14533,12.96057],[80.14539,12.96058],[80.14544,12.96056],[80.14549,12.96054],[80.14553,12.96049],[80.14556,12.96044],[80.14556,12.96042],[80.14556,12.96039],[80.14556,12.96034],[80.14554,12.96029],[80.1455,12.96026]]}},{"type":"Feature","properties":{"name":"Pallavaram Flyover","highway":"trunk","policy":""},"geometry":{"type":"LineString","coordinates":[[80.14545,12.96022],[80.14543,12.96016],[80.14537,12.96005],[80.14458,12.95852]]}},{"type":"Feature","properties":{"name":"Pallavaram Flyover","highway":"trunk","policy":""},"geometry":{"type":"LineString","coordinates":[[80.14425,12.95842],[80.14424,12.95853],[80.14429,12.95865]]}},{"type":"Feature","properties":{"name":"Grand Northern Trunk Road","highway":"trunk","policy":""},"geometry":{"type":"LineString","coordinates":[[80.19218,13.18425],[80.1922,13.18413],[80.19221,13.18409],[80.1923,13.18365],[80.19244,13.18315],[80.19254,13.18279],[80.19271,13.18241],[80.19293,13.18202],[80.19313,13.18165],[80.19369,13.18065],[80.19415,13.17984],[80.19462,13.17903],[80.19526,13.17794],[80.19634,13.17604],[80.19902,13.1712],[80.20046,13.16866],[80.20075,13.16815],[80.20119,13.16742],[80.20163,13.16664],[80.20184,13.1662],[80.20202,13.16581],[80.20208,13.16566],[80.20224,13.1652],[80.20254,13.16414],[80.20284,13.163],[80.20321,13.161],[80.20334,13.1602],[80.20341,13.15981],[80.20349,13.15943],[80.20362,13.15895],[80.20373,13.15864],[80.20377,13.15852]]}},{"type":"Feature","properties":{"name":"Sholavaram Bypass","highway":"trunk","policy":""},"geometry":{"type":"LineString","coordinates":[[80.16605,13.22541],[80.16568,13.22597],[80.16558,13.22608],[80.16553,13.22614],[80.1654,13.22629],[80.16515,13.22656],[80.16505,13.22665],[80.16491,13.22678],[80.16393,13.22757],[80.16316,13.22819],[80.16298,13.22834],[80.16269,13.2286],[80.16253,13.22875],[80.16214,13.22919],[80.1618,13.22961],[80.16123,13.23049],[80.16016,13.23254],[80.1577,13.23752],[80.15711,13.2387],[80.15601,13.24089]]}},{"type":"Feature","properties":{"name":"Grand Southern Trunk Road","highway":"trunk","policy":""},"geometry":{"type":"LineString","coordinates":[[80.14313,12.95632],[80.14318,12.95642],[80.14356,12.95712],[80.14382,12.95763],[80.14406,12.95803],[80.14421,12.95832],[80.14425,12.95842],[80.14573,12.96124],[80.1459,12.96153],[80.14652,12.96259],[80.14702,12.96355],[80.14705,12.96359],[80.14708,12.96364],[80.14715,12.96378],[80.14732,12.96405],[80.1475,12.96433],[80.14766,12.96462],[80.14783,12.9649],[80.14795,12.96513]]}},{"type":"Feature","properties":{"name":"Grand Southern Trunk Road","highway":"trunk","policy":""},"geometry":{"type":"LineString","coordinates":[[80.13663,12.94656],[80.13644,12.9463],[80.13512,12.94461],[80.13502,12.94448],[80.13494,12.94437],[80.13485,12.94426],[80.13468,12.94405],[80.13464,12.944],[80.13446,12.9438],[80.1342,12.94352],[80.13389,12.94319],[80.13362,12.94292],[80.13335,12.94266],[80.13313,12.94245],[80.13309,12.94241],[80.13305,12.94237],[80.13274,12.94207],[80.13222,12.94156],[80.13198,12.94133],[80.13166,12.94101],[80.13164,12.94099],[80.13151,12.94086],[80.13121,12.94057],[80.1311,12.94046],[80.13096,12.94033],[80.13074,12.94011],[80.13026,12.93963],[80.13011,12.93945],[80.1299,12.93922],[80.12839,12.93751]]}},{"type":"Feature","properties":{"name":"Grand Southern Trunk Road","highway":"trunk","policy":""},"geometry":{"type":"LineString","coordinates":[[80.16232,12.97954],[80.16216,12.97943],[80.1617,12.9791],[80.16121,12.97876],[80.16011,12.97798],[80.15627,12.97543],[80.1561,12.9753],[80.15568,12.975]]}},{"type":"Feature","properties":{"name":"Chennai Bypass","highway":"trunk","policy":""},"geometry":{"type":"LineString","coordinates":[[80.16608,13.12178],[80.16616,13.12199],[80.16852,13.12678],[80.16956,13.12893],[80.17065,13.13102],[80.17124,13.132]]}},{"type":"Feature","properties":{"name":"Chennai Bypass","highway":"trunk","policy":""},"geometry":{"type":"LineString","coordinates":[[80.18242,13.13645],[80.18237,13.13644],[80.18191,13.13632],[80.18175,13.13632],[80.18163,13.13632],[80.18136,13.13638],[80.18115,13.13648],[80.18098,13.13653]]}},{"type":"Feature","properties":{"name":"Grand Northern Trunk Road","highway":"trunk","policy":""},"geometry":{"type":"LineString","coordinates":[[80.2196,13.14461],[80.21943,13.14491],[80.21919,13.14514],[80.21894,13.14534],[80.21861,13.1456],[80.2183,13.14582],[80.21796,13.14608],[80.21729,13.14656],[80.21687,13.14686],[80.21654,13.1471],[80.21631,13.14726],[80.21538,13.14794],[80.21451,13.14857],[80.21366,13.14921],[80.21305,13.14972],[80.21246,13.15017],[80.21177,13.15073],[80.21104,13.15128],[80.2101,13.15197],[80.20978,13.1522],[80.20973,13.15224]]}},{"type":"Feature","properties":{"name":"Chennai Bypass","highway":"trunk","policy":""},"geometry":{"type":"LineString","coordinates":[[80.17138,13.13201],[80.17076,13.13094],[80.1697,13.12885],[80.16865,13.12672],[80.16622,13.12173]]}},{"type":"Feature","properties":{"name":"Chennai Bypass","highway":"trunk","policy":""},"geometry":{"type":"LineString","coordinates":[[80.17159,13.13231],[80.17138,13.13201]]}},{"type":"Feature","properties":{"name":"Chennai Bypass Expressway","highway":"trunk","policy":""},"geometry":{"type":"LineString","coordinates":[[80.16143,13.08021],[80.16133,13.07883],[80.16126,13.07693],[80.16123,13.07508],[80.16108,13.06718],[80.16111,13.06426]]}},{"type":"Feature","properties":{"name":"Pattaravakkam Bridge","highway":"trunk","policy":""},"geometry":{"type":"LineString","coordinates":[[80.16408,13.11578],[80.16418,13.11697],[80.16427,13.11754],[80.16444,13.11808]]}},{"type":"Feature","properties":{"name":"Chennai Bypass","highway":"trunk","policy":""},"geometry":{"type":"LineString","coordinates":[[80.18236,13.13672],[80.18274,13.13674],[80.18303,13.13681],[80.18369,13.13707],[80.18436,13.13741],[80.18554,13.138],[80.18589,13.13817],[80.18976,13.14003],[80.19057,13.14032],[80.19108,13.14047]]}},{"type":"Feature","properties":{"name":"Chennai Bypass","highway":"trunk","policy":""},"geometry":{"type":"LineString","coordinates":[[80.17124,13.132],[80.17144,13.13232]]}},{"type":"Feature","properties":{"name":"Chennai Bypass Expressway","highway":"trunk","policy":""},"geometry":{"type":"LineString","coordinates":[[80.16119,13.08769],[80.16138,13.09119],[80.16159,13.09511],[80.16161,13.09548],[80.16177,13.09842],[80.16188,13.1005],[80.16206,13.10241],[80.16209,13.10261],[80.16215,13.10292],[80.16223,13.10322],[80.16305,13.10633],[80.1631,13.1065],[80.16321,13.10707],[80.16349,13.10994],[80.1636,13.11106],[80.16365,13.11162],[80.16372,13.11217],[80.16383,13.11334],[80.1639,13.11393]]}},{"type":"Feature","properties":{"name":"Grand Northern Trunk Road","highway":"trunk","policy":""},"geometry":{"type":"LineString","coordinates":[[80.19205,13.18625],[80.19206,13.18673],[80.19206,13.18744],[80.192,13.18787],[80.19195,13.18811],[80.19187,13.18839],[80.19176,13.18874],[80.19161,13.1891]]}},{"type":"Feature","properties":{"name":"Grand Northern Trunk Road:old NH5","highway":"trunk","policy":""},"geometry":{"type":"LineString","coordinates":[[80.19201,13.18532],[80.19205,13.18625]]}},{"type":"Feature","properties":{"name":"Grand Northern Trunk Road","highway":"trunk","policy":""},"geometry":{"type":"LineString","coordinates":[[80.19215,13.18624],[80.19212,13.18531]]}},{"type":"Feature","properties":{"name":"Moolakadai Flyover","highway":"trunk","policy":""},"geometry":{"type":"LineString","coordinates":[[80.24007,13.13005],[80.24054,13.12971],[80.24133,13.12918],[80.24168,13.12893],[80.24226,13.12853],[80.24268,13.12823],[80.24309,13.12791]]}},{"type":"Feature","properties":{"name":"Grand Northern Trunk Road","highway":"trunk","policy":""},"geometry":{"type":"LineString","coordinates":[[80.2275,13.1392],[80.22788,13.13893],[80.22932,13.13784],[80.23064,13.1369],[80.23075,13.13681],[80.23155,13.13624],[80.23193,13.13595],[80.23218,13.13576],[80.23345,13.1348],[80.23407,13.13434],[80.23435,13.13413],[80.23474,13.13385],[80.23705,13.13227],[80.23763,13.13188],[80.23819,13.13141]]}},{"type":"Feature","properties":{"name":"Grand Northern Trunk Road","highway":"trunk","policy":""},"geometry":{"type":"LineString","coordinates":[[80.23819,13.13141],[80.23853,13.13117]]}},{"type":"Feature","properties":{"name":"Grand Northern Trunk Road","highway":"trunk","policy":""},"geometry":{"type":"LineString","coordinates":[[80.19161,13.1891],[80.19156,13.18918],[80.19133,13.18956],[80.19131,13.1896],[80.1911,13.18989],[80.1909,13.19013],[80.19056,13.19046],[80.19007,13.19087],[80.1895,13.19134],[80.18906,13.19172],[80.18881,13.19192],[80.18797,13.19268],[80.18756,13.1931],[80.18675,13.19381],[80.18603,13.1945],[80.18576,13.19474],[80.18537,13.1951],[80.18513,13.19532],[80.18459,13.19584],[80.18412,13.19611],[80.18351,13.19634],[80.18201,13.19654],[80.18132,13.19672]]}},{"type":"Feature","properties":{"name":"Grand Northern Trunk Road","highway":"trunk","policy":""},"geometry":{"type":"LineString","coordinates":[[80.2487,13.12328],[80.24903,13.12302]]}},{"type":"Feature","properties":{"name":"Vyasarpadi Flyover","highway":"trunk","policy":""},"geometry":{"type":"LineString","coordinates":[[80.26838,13.10794],[80.26729,13.10904],[80.26682,13.10951],[80.26664,13.1097],[80.26623,13.11021],[80.26567,13.11093],[80.26479,13.11193],[80.26444,13.11238],[80.26395,13.11307]]}},{"type":"Feature","properties":{"name":"Vyasarpadi Flyover","highway":"trunk","policy":""},"geometry":{"type":"LineString","coordinates":[[80.26567,13.11359],[80.26567,13.11129],[80.26569,13.11106],[80.26573,13.11097],[80.26588,13.11079],[80.26659,13.10991],[80.26688,13.10955],[80.26737,13.10905],[80.26845,13.10799]]}},{"type":"Feature","properties":{"name":"Grand Northern Trunk Road","highway":"trunk","policy":""},"geometry":{"type":"LineString","coordinates":[[80.17167,13.21087],[80.17172,13.21074],[80.17182,13.21049],[80.17198,13.21004],[80.17212,13.20965],[80.17231,13.20916],[80.17245,13.20882],[80.17254,13.20863],[80.17275,13.20816],[80.173,13.20763],[80.17308,13.20749],[80.17342,13.2069],[80.17378,13.2063],[80.17427,13.20554],[80.17453,13.20515],[80.1749,13.20456],[80.17492,13.20454]]}},{"type":"Feature","properties":{"name":"Grand Northern Trunk Road","highway":"trunk","policy":""},"geometry":{"type":"LineString","coordinates":[[80.19168,13.18913],[80.19184,13.18878],[80.19196,13.18841],[80.19204,13.18813],[80.1921,13.18787],[80.19216,13.18743],[80.19218,13.1867]]}},{"type":"Feature","properties":{"name":"Sholavaram Bypass","highway":"trunk","policy":""},"geometry":{"type":"LineString","coordinates":[[80.15616,13.24095],[80.15723,13.23876],[80.15784,13.23757],[80.16031,13.23259],[80.16138,13.23054],[80.16194,13.22968],[80.16241,13.22914],[80.1628,13.2287],[80.16327,13.22829],[80.16402,13.22769],[80.16448,13.22734],[80.16469,13.22717],[80.16502,13.22688],[80.16506,13.22684],[80.16526,13.22666],[80.16567,13.22621],[80.16581,13.22603],[80.1662,13.22546]]}},{"type":"Feature","properties":{"name":"Grand Northern Trunk Road","highway":"trunk","policy":""},"geometry":{"type":"LineString","coordinates":[[80.20631,13.15476],[80.20595,13.15509],[80.20562,13.15541],[80.20535,13.15573],[80.20521,13.15587],[80.20508,13.15602]]}},{"type":"Feature","properties":{"name":"Grand Northern Trunk Road","highway":"trunk","policy":""},"geometry":{"type":"LineString","coordinates":[[80.20635,13.15485],[80.20743,13.15406],[80.2075,13.15401],[80.20809,13.15357]]}},{"type":"Feature","properties":{"name":"Grand Southern Trunk Road","highway":"trunk","policy":""},"geometry":{"type":"LineString","coordinates":[[80.11214,12.92091],[80.11132,12.92014],[80.11093,12.91982],[80.1104,12.91941],[80.10989,12.91903],[80.10841,12.91777],[80.1081,12.91753],[80.1077,12.91726]]}},{"type":"Feature","properties":{"name":"Grand Southern Trunk Road","highway":"trunk","policy":""},"geometry":{"type":"LineString","coordinates":[[80.18948,12.99613],[80.18894,12.99572],[80.18876,12.99562],[80.18869,12.99558],[80.18846,12.99545],[80.18799,12.9952],[80.18767,12.99503],[80.18755,12.99497],[80.18737,12.99489],[80.18724,12.99482],[80.18716,12.99478],[80.18682,12.99461],[80.18661,12.9945],[80.18631,12.99435],[80.18554,12.99396]]}},{"type":"Feature","properties":{"name":"Grand Southern Trunk Road","highway":"trunk","policy":""},"geometry":{"type":"LineString","coordinates":[[80.1921,12.99827],[80.19025,12.99681],[80.1902,12.99677],[80.18948,12.99613]]}},{"type":"Feature","properties":{"name":"Grand Southern Trunk Road","highway":"trunk","policy":""},"geometry":{"type":"LineString","coordinates":[[80.18546,12.99392],[80.18521,12.99379],[80.18477,12.99355],[80.18336,12.99279],[80.18274,12.99238],[80.18258,12.99227],[80.18096,12.99101],[80.17989,12.99018],[80.17925,12.98968],[80.17894,12.98944],[80.17795,12.98867],[80.1773,12.98818],[80.17602,12.98728],[80.17598,12.98724],[80.17592,12.98719],[80.17588,12.98717],[80.1748,12.98643],[80.1741,12.98594],[80.17311,12.98527],[80.17106,12.98392],[80.16818,12.98222],[80.16741,12.98173],[80.16712,12.98157],[80.167,12.98152],[80.16683,12.98143],[80.16549,12.98068],[80.16507,12.9805],[80.16506,12.9805],[80.16463,12.98034],[80.16339,12.98],[80.16295,12.97987],[80.16264,12.97972],[80.16232,12.97954]]}},{"type":"Feature","properties":{"name":"Wall Tax Road","highway":"trunk","policy":""},"geometry":{"type":"LineString","coordinates":[[80.27446,13.10194],[80.27452,13.10181],[80.2747,13.10135],[80.27499,13.10068],[80.27514,13.1002],[80.27524,13.09973],[80.27528,13.09931],[80.27528,13.09924],[80.27528,13.0983],[80.27528,13.09805],[80.27528,13.0974],[80.27527,13.0968],[80.27526,13.09667],[80.27524,13.09619],[80.27524,13.09596],[80.27525,13.0957],[80.27526,13.09557],[80.27526,13.09407],[80.2753,13.09366],[80.27529,13.09272],[80.2753,13.09247]]}},{"type":"Feature","properties":{"name":"Wall Tax Road","highway":"trunk","policy":""},"geometry":{"type":"LineString","coordinates":[[80.2762,13.08188],[80.27624,13.08196],[80.27626,13.08207],[80.27624,13.08231],[80.27621,13.08257],[80.27587,13.08509],[80.27568,13.08664],[80.27565,13.08706],[80.27554,13.08804],[80.27551,13.08831],[80.27539,13.0892],[80.27538,13.08927],[80.27529,13.08994],[80.27522,13.09066],[80.2752,13.09142],[80.27521,13.09153],[80.27521,13.09233],[80.27521,13.09409],[80.27519,13.09484],[80.2752,13.09558],[80.2752,13.09569],[80.2752,13.09657],[80.2752,13.09742],[80.2752,13.09869],[80.2752,13.09921],[80.2752,13.09924],[80.27519,13.09931],[80.27515,13.09972],[80.27509,13.10009],[80.27502,13.1003],[80.2746,13.10142],[80.27446,13.10169],[80.27436,13.10191],[80.27428,13.10207],[80.27392,13.10285],[80.27353,13.10374],[80.2735,13.10384]]}},{"type":"Feature","properties":{"name":"Grand Northern Trunk Road","highway":"trunk","policy":""},"geometry":{"type":"LineString","coordinates":[[80.20805,13.15345],[80.20734,13.15396],[80.20631,13.15476]]}},{"type":"Feature","properties":{"name":"Grand Northern Trunk Road","highway":"trunk","policy":""},"geometry":{"type":"LineString","coordinates":[[80.20953,13.15248],[80.2108,13.15154],[80.21137,13.1511],[80.21152,13.15099],[80.21159,13.15093],[80.21177,13.1508],[80.2119,13.15071],[80.21206,13.15059],[80.21361,13.14937],[80.21526,13.14815],[80.21603,13.1476],[80.21641,13.14732],[80.21678,13.14706],[80.21726,13.14671],[80.21737,13.14664],[80.21807,13.14613],[80.21808,13.14612],[80.21811,13.14611],[80.21813,13.14609],[80.2182,13.14604],[80.21898,13.14544],[80.21937,13.14519],[80.21954,13.14509],[80.21963,13.14507],[80.21976,13.14504],[80.21987,13.14503]]}},{"type":"Feature","properties":{"name":"Grand Southern Trunk Road","highway":"trunk","policy":""},"geometry":{"type":"LineString","coordinates":[[80.201,13.00373],[80.20096,13.00358],[80.20095,13.00352],[80.20092,13.00341],[80.20076,13.00276],[80.2007,13.00258],[80.20064,13.00243],[80.20054,13.00227],[80.20046,13.00216],[80.20037,13.00208],[80.20027,13.00202],[80.20011,13.00194],[80.19994,13.00186],[80.19976,13.00181],[80.19956,13.00176],[80.19948,13.00176],[80.19941,13.00176],[80.19936,13.00176],[80.19933,13.00176],[80.19911,13.00179],[80.19828,13.00189],[80.19826,13.00189],[80.19785,13.00192],[80.19775,13.00193],[80.19739,13.00198],[80.19723,13.00197],[80.19705,13.00196],[80.19673,13.00187],[80.19651,13.00175],[80.19611,13.00147]]}},{"type":"Feature","properties":{"name":"Grand Northern Trunk Road","highway":"trunk","policy":""},"geometry":{"type":"LineString","coordinates":[[80.22066,13.14455],[80.22088,13.14413],[80.22089,13.14411],[80.22096,13.14401],[80.22113,13.14385],[80.22202,13.14317],[80.22218,13.14305],[80.22239,13.14289],[80.22253,13.14278],[80.22487,13.14111],[80.22499,13.14103],[80.22552,13.14064],[80.2275,13.1392]]}},{"type":"Feature","properties":{"name":"Grand Northern Trunk Road","highway":"trunk","policy":""},"geometry":{"type":"LineString","coordinates":[[80.23906,13.13069],[80.23901,13.13073],[80.23857,13.13103],[80.23847,13.13111]]}},{"type":"Feature","properties":{"name":"Grand Northern Trunk Road","highway":"trunk","policy":""},"geometry":{"type":"LineString","coordinates":[[80.25502,13.11994],[80.25479,13.12015],[80.25467,13.12027],[80.25437,13.12058],[80.2541,13.12084],[80.25389,13.12103],[80.25366,13.12121],[80.25339,13.12131],[80.25306,13.12144],[80.2525,13.12157],[80.25148,13.12185],[80.25045,13.12228],[80.25009,13.12242],[80.24967,13.12258],[80.24939,13.1227],[80.24921,13.12278],[80.24909,13.12286],[80.24898,13.12295]]}},{"type":"Feature","properties":{"name":"Chennai Bangalore Highway","highway":"trunk","policy":""},"geometry":{"type":"LineString","coordinates":[[80.15984,13.06145],[80.16044,13.0614],[80.16085,13.06138],[80.16164,13.06137]]}},{"type":"Feature","properties":{"name":"Maduravoyal Interchange","highway":"trunk","policy":""},"geometry":{"type":"LineString","coordinates":[[80.16099,13.06292],[80.16098,13.06425]]}},{"type":"Feature","properties":{"name":"Grand Northern Trunk Road:old NH5","highway":"trunk","policy":""},"geometry":{"type":"LineString","coordinates":[[80.20809,13.15357],[80.20835,13.15337],[80.20851,13.15324],[80.20863,13.15315],[80.20931,13.15266],[80.20933,13.15264],[80.20953,13.15248]]}},{"type":"Feature","properties":{"name":"SHU88","highway":"trunk","policy":""},"geometry":{"type":"LineString","coordinates":[[80.15853,12.97703],[80.16204,12.97952],[80.16234,12.9797]]}},{"type":"Feature","properties":{"name":"Service Road","highway":"trunk","policy":""},"geometry":{"type":"LineString","coordinates":[[80.16681,12.98168],[80.16744,12.98205],[80.16844,12.98265],[80.17067,12.98397],[80.17134,12.98438],[80.17154,12.9844]]}},{"type":"Feature","properties":{"name":"Grand Southern Trunk Road","highway":"trunk","policy":""},"geometry":{"type":"LineString","coordinates":[[80.19581,13.00143],[80.19584,13.00145],[80.1959,13.00149],[80.19602,13.00158]]}},{"type":"Feature","properties":{"name":"Grand Southern Trunk Road","highway":"trunk","policy":""},"geometry":{"type":"LineString","coordinates":[[80.14728,12.96375],[80.14718,12.96355],[80.14714,12.96348],[80.14633,12.96205],[80.14586,12.9612],[80.1444,12.95833],[80.14406,12.95774],[80.14385,12.95731],[80.14362,12.95686],[80.14345,12.95654],[80.1433,12.95624]]}},{"type":"Feature","properties":{"name":"Vyasarpadi Flyover","highway":"trunk","policy":""},"geometry":{"type":"LineString","coordinates":[[80.26395,13.11307],[80.2637,13.11345]]}},{"type":"Feature","properties":{"name":"Vyasarpadi Flyover","highway":"trunk","policy":""},"geometry":{"type":"LineString","coordinates":[[80.26845,13.10799],[80.26905,13.10743]]}},{"type":"Feature","properties":{"name":"Vyasarpadi Flyover","highway":"trunk","policy":""},"geometry":{"type":"LineString","coordinates":[[80.26903,13.1073],[80.26838,13.10794]]}},{"type":"Feature","properties":{"name":"Basin Bridge","highway":"trunk","policy":""},"geometry":{"type":"LineString","coordinates":[[80.27109,13.10508],[80.2713,13.10459],[80.27133,13.10455],[80.27138,13.1045],[80.27147,13.10447]]}},{"type":"Feature","properties":{"name":"Basin Bridge","highway":"trunk","policy":""},"geometry":{"type":"LineString","coordinates":[[80.27103,13.10504],[80.27091,13.1053]]}},{"type":"Feature","properties":{"name":"Basin Bridge","highway":"trunk","policy":""},"geometry":{"type":"LineString","coordinates":[[80.27147,13.10447],[80.27172,13.10441]]}},{"type":"Feature","properties":{"name":"Basin Bridge","highway":"trunk","policy":""},"geometry":{"type":"LineString","coordinates":[[80.27171,13.10433],[80.27146,13.1044]]}},{"type":"Feature","properties":{"name":"Basin Bridge","highway":"trunk","policy":""},"geometry":{"type":"LineString","coordinates":[[80.27098,13.10533],[80.27109,13.10508]]}},{"type":"Feature","properties":{"name":"Basin Bridge","highway":"trunk","policy":""},"geometry":{"type":"LineString","coordinates":[[80.27124,13.10452],[80.2712,13.1046],[80.27103,13.10504]]}},{"type":"Feature","properties":{"name":"Basin Bridge","highway":"trunk","policy":""},"geometry":{"type":"LineString","coordinates":[[80.27314,13.10386],[80.27263,13.10378]]}},{"type":"Feature","properties":{"name":"Basin Bridge","highway":"trunk","policy":""},"geometry":{"type":"LineString","coordinates":[[80.27262,13.10385],[80.27317,13.10394]]}},{"type":"Feature","properties":{"name":"Basin Bridge Road","highway":"trunk","policy":""},"geometry":{"type":"LineString","coordinates":[[80.27349,13.10389],[80.27315,13.10386],[80.27314,13.10386]]}},{"type":"Feature","properties":{"name":"Vyasarpadi Flyover","highway":"trunk","policy":""},"geometry":{"type":"LineString","coordinates":[[80.26567,13.11398],[80.26567,13.11359]]}},{"type":"Feature","properties":{"name":"Grand Northern Trunk Road","highway":"trunk","policy":""},"geometry":{"type":"LineString","coordinates":[[80.26365,13.11352],[80.26359,13.11377],[80.26354,13.11408]]}},{"type":"Feature","properties":{"name":"Outer Ring Road","highway":"motorway","policy":""},"geometry":{"type":"LineString","coordinates":[[80.22931,13.24669],[80.22689,13.24476],[80.22672,13.24463],[80.22543,13.2436],[80.22463,13.24297],[80.22343,13.24201],[80.22151,13.24048],[80.2205,13.23968],[80.21998,13.23927],[80.21981,13.23914]]}},{"type":"Feature","properties":{"name":"Outer Ring Road","highway":"motorway","policy":""},"geometry":{"type":"LineString","coordinates":[[80.23086,13.24794],[80.23075,13.24785]]}},{"type":"Feature","properties":{"name":"Outer Ring Road","highway":"motorway","policy":""},"geometry":{"type":"LineString","coordinates":[[80.23066,13.24822],[80.23082,13.24835]]}},{"type":"Feature","properties":{"name":"Outer Ring Road","highway":"motorway","policy":""},"geometry":{"type":"LineString","coordinates":[[80.21946,13.23929],[80.22008,13.23978],[80.22036,13.24],[80.22274,13.2419],[80.22337,13.24242],[80.22377,13.24274],[80.22387,13.24282],[80.22422,13.2431],[80.22465,13.24343],[80.22507,13.24376],[80.22575,13.24431],[80.22618,13.24465],[80.22669,13.24505],[80.22715,13.24542],[80.2275,13.2457],[80.22828,13.24633],[80.22905,13.24693]]}},{"type":"Feature","properties":{"name":"Outer Ring Road","highway":"motorway","policy":""},"geometry":{"type":"LineString","coordinates":[[80.21906,13.23854],[80.21828,13.23792],[80.21771,13.23747],[80.2173,13.23714]]}},{"type":"Feature","properties":{"name":"Outer Ring Road","highway":"motorway","policy":""},"geometry":{"type":"LineString","coordinates":[[80.21548,13.2363],[80.21586,13.23655],[80.21628,13.23684],[80.2165,13.23699],[80.21675,13.23718],[80.21714,13.23747]]}},{"type":"Feature","properties":{"name":"Outer Ring Road","highway":"motorway","policy":""},"geometry":{"type":"LineString","coordinates":[[80.16506,13.20922],[80.16553,13.2098],[80.16574,13.21006],[80.1659,13.21025],[80.16608,13.21043],[80.16629,13.21064],[80.16655,13.21089],[80.16682,13.21114],[80.16711,13.21136],[80.16733,13.21154],[80.16759,13.21171],[80.16792,13.21192],[80.16823,13.21212],[80.16857,13.2123],[80.16885,13.21245],[80.16924,13.21262],[80.16959,13.21277],[80.16983,13.21287]]}},{"type":"Feature","properties":{"name":"Outer Ring Road","highway":"motorway","policy":""},"geometry":{"type":"LineString","coordinates":[[80.16507,13.20867],[80.1648,13.20831],[80.1636,13.20678],[80.16319,13.20625],[80.16253,13.20539]]}},{"type":"Feature","properties":{"name":"Outer Ring Road","highway":"motorway","policy":""},"geometry":{"type":"LineString","coordinates":[[80.16996,13.21253],[80.16982,13.21248],[80.16939,13.2123],[80.16904,13.21215],[80.16875,13.212],[80.16842,13.21182],[80.16813,13.21165],[80.16788,13.21148],[80.16752,13.21124],[80.16726,13.21104],[80.16696,13.21079],[80.16663,13.21048],[80.16631,13.21016],[80.16612,13.20997],[80.16588,13.20966],[80.16533,13.20898]]}},{"type":"Feature","properties":{"name":"Outer Ring Road","highway":"motorway","policy":""},"geometry":{"type":"LineString","coordinates":[[80.16224,13.2056],[80.16296,13.20653],[80.16325,13.20691],[80.16456,13.20859],[80.16481,13.20891]]}},{"type":"Feature","properties":{"name":"Outer Ring Road","highway":"motorway","policy":""},"geometry":{"type":"LineString","coordinates":[[80.17154,13.2132],[80.17009,13.21259],[80.17007,13.21258],[80.16996,13.21253]]}},{"type":"Feature","properties":{"name":"Outer Ring Road","highway":"motorway","policy":""},"geometry":{"type":"LineString","coordinates":[[80.16983,13.21287],[80.16988,13.21289],[80.17106,13.21341],[80.17157,13.21362]]}},{"type":"Feature","properties":{"name":"Outer Ring Road","highway":"motorway","policy":""},"geometry":{"type":"LineString","coordinates":[[80.12083,13.18137],[80.12138,13.18129],[80.12199,13.18121],[80.12354,13.181],[80.12383,13.18096],[80.12436,13.18088],[80.12484,13.1808],[80.1255,13.18068],[80.12595,13.1806],[80.12623,13.18054],[80.12707,13.18036],[80.1294,13.17986]]}},{"type":"Feature","properties":{"name":"Grand Southern Trunk Road","highway":"trunk","policy":""},"geometry":{"type":"LineString","coordinates":[[80.10153,12.91327],[80.1016,12.91379]]}},{"type":"Feature","properties":{"name":"Grand Southern Trunk Road","highway":"trunk","policy":""},"geometry":{"type":"LineString","coordinates":[[80.10463,12.91586],[80.10499,12.91596],[80.10548,12.9162],[80.10687,12.91696],[80.1071,12.91707],[80.10756,12.91733]]}},{"type":"Feature","properties":{"name":"Grand Southern Trunk Road","highway":"trunk","policy":""},"geometry":{"type":"LineString","coordinates":[[80.10153,12.91236],[80.10154,12.91262],[80.10153,12.91327]]}},{"type":"Feature","properties":{"name":"Grand Southern Trunk Road","highway":"trunk","policy":""},"geometry":{"type":"LineString","coordinates":[[80.10177,12.91373],[80.10167,12.91336],[80.10166,12.91319],[80.10166,12.91278]]}},{"type":"Feature","properties":{"name":"Grand Southern Trunk Road","highway":"trunk","policy":""},"geometry":{"type":"LineString","coordinates":[[80.10166,12.91278],[80.10164,12.91238]]}},{"type":"Feature","properties":{"name":"Chennai Bypass Expressway","highway":"trunk","policy":""},"geometry":{"type":"LineString","coordinates":[[80.10027,12.92489],[80.10025,12.92512]]}},{"type":"Feature","properties":{"name":"Chennai Bypass Expressway","highway":"trunk","policy":""},"geometry":{"type":"LineString","coordinates":[[80.10124,12.91749],[80.10113,12.91841],[80.10069,12.92149],[80.10065,12.92177],[80.10061,12.92205],[80.10054,12.92271],[80.10052,12.92284],[80.1003,12.92462],[80.10027,12.92489]]}},{"type":"Feature","properties":{"name":"Chennai Bypass Expressway","highway":"trunk","policy":""},"geometry":{"type":"LineString","coordinates":[[80.1004,12.92494],[80.10042,12.9247],[80.10067,12.92285],[80.10068,12.92275],[80.10084,12.92157],[80.1013,12.91845],[80.10138,12.9178],[80.1014,12.91763]]}},{"type":"Feature","properties":{"name":"Chennai Bypass Expressway","highway":"trunk","policy":""},"geometry":{"type":"LineString","coordinates":[[80.10037,12.92514],[80.1004,12.92494]]}},{"type":"Feature","properties":{"name":"Chennai Bypass Expressway","highway":"trunk","policy":""},"geometry":{"type":"LineString","coordinates":[[80.10015,12.9273],[80.10019,12.92691],[80.10037,12.92514]]}},{"type":"Feature","properties":{"name":"Chennai Bypass Expressway","highway":"trunk","policy":""},"geometry":{"type":"LineString","coordinates":[[80.10012,12.92759],[80.10015,12.9273]]}},{"type":"Feature","properties":{"name":"Chennai Bypass Expressway","highway":"trunk","policy":""},"geometry":{"type":"LineString","coordinates":[[80.10025,12.92512],[80.10004,12.92688],[80.1,12.92729]]}},{"type":"Feature","properties":{"name":"Kathipara Interchange Flyover","highway":"trunk","policy":""},"geometry":{"type":"LineString","coordinates":[[80.2015,13.00511],[80.20142,13.00497]]}},{"type":"Feature","properties":{"name":"Chennai Bypass Expressway","highway":"trunk","policy":""},"geometry":{"type":"LineString","coordinates":[[80.12105,12.98513],[80.1208,12.98091],[80.12071,12.97999],[80.12051,12.97913],[80.11892,12.97331],[80.1188,12.9727],[80.11875,12.97207]]}},{"type":"Feature","properties":{"name":"Chennai Bypass Expressway","highway":"trunk","policy":""},"geometry":{"type":"LineString","coordinates":[[80.12116,12.98698],[80.12105,12.98513]]}},{"type":"Feature","properties":{"name":"Chennai Bypass Expressway","highway":"trunk","policy":""},"geometry":{"type":"LineString","coordinates":[[80.12354,12.99707],[80.12636,13.00142],[80.12683,13.00244],[80.12711,13.0035],[80.12724,13.00512],[80.12725,13.00591]]}},{"type":"Feature","properties":{"name":"Chennai Bypass Expressway","highway":"trunk","policy":""},"geometry":{"type":"LineString","coordinates":[[80.1209,12.98514],[80.12101,12.98699]]}},{"type":"Feature","properties":{"name":"Chennai Bypass Expressway","highway":"trunk","policy":""},"geometry":{"type":"LineString","coordinates":[[80.1191,12.96544],[80.11934,12.96087],[80.11939,12.95957],[80.11929,12.95815]]}},{"type":"Feature","properties":{"name":"Chennai Bypass Expressway","highway":"trunk","policy":""},"geometry":{"type":"LineString","coordinates":[[80.11908,12.96593],[80.1191,12.96544]]}},{"type":"Feature","properties":{"name":"Chennai Bypass Expressway","highway":"trunk","policy":""},"geometry":{"type":"LineString","coordinates":[[80.11893,12.96592],[80.11884,12.96767]]}},{"type":"Feature","properties":{"name":"Chennai Bypass Expressway","highway":"trunk","policy":""},"geometry":{"type":"LineString","coordinates":[[80.11895,12.96543],[80.11893,12.96592]]}},{"type":"Feature","properties":{"name":"Chennai Bypass Expressway","highway":"trunk","policy":""},"geometry":{"type":"LineString","coordinates":[[80.11646,12.95194],[80.11615,12.95182],[80.11068,12.95013],[80.10986,12.94982],[80.10913,12.9494],[80.10861,12.94901],[80.10804,12.94837],[80.10758,12.94764],[80.10749,12.94748]]}},{"type":"Feature","properties":{"name":"Chennai Bypass Expressway","highway":"trunk","policy":""},"geometry":{"type":"LineString","coordinates":[[80.11665,12.95202],[80.11646,12.95194]]}},{"type":"Feature","properties":{"name":"Chennai Bypass Expressway","highway":"trunk","policy":""},"geometry":{"type":"LineString","coordinates":[[80.11667,12.95219],[80.11673,12.95223],[80.11682,12.95228],[80.117,12.95238],[80.1172,12.95251],[80.11734,12.95262],[80.1175,12.95275],[80.11773,12.95295],[80.11788,12.9531],[80.11801,12.95323],[80.11812,12.95337],[80.11825,12.95353],[80.11833,12.95364],[80.11841,12.95376],[80.1185,12.9539],[80.11857,12.95404],[80.11864,12.95418],[80.11872,12.95437],[80.11876,12.95448],[80.11882,12.95465],[80.11889,12.95484],[80.11893,12.955],[80.11897,12.95515],[80.119,12.9553],[80.11903,12.95544],[80.11905,12.95558],[80.11907,12.95571],[80.11908,12.95588],[80.11909,12.95613],[80.11909,12.95647],[80.1191,12.95683],[80.11911,12.95722],[80.11913,12.95802]]}},{"type":"Feature","properties":{"name":"Chennai Bypass Expressway","highway":"trunk","policy":""},"geometry":{"type":"LineString","coordinates":[[80.11649,12.95211],[80.11667,12.95219]]}},{"type":"Feature","properties":{"name":"Chennai Bypass Expressway","highway":"trunk","policy":""},"geometry":{"type":"LineString","coordinates":[[80.11928,12.95794],[80.11926,12.95715],[80.11925,12.95687],[80.11925,12.95648],[80.11924,12.95627],[80.11924,12.95607],[80.11923,12.95589],[80.11921,12.95571],[80.11919,12.95555],[80.11917,12.95538],[80.11913,12.95519],[80.11909,12.95502],[80.11905,12.95488],[80.119,12.95471],[80.11892,12.95449],[80.11884,12.95428],[80.11876,12.95409],[80.11867,12.95391],[80.11857,12.95375],[80.11844,12.95355],[80.11835,12.95342],[80.11821,12.95325],[80.11807,12.95309],[80.11796,12.95297],[80.11776,12.95278],[80.11761,12.95265],[80.11743,12.9525],[80.11728,12.95239],[80.11711,12.95228],[80.11696,12.9522],[80.11677,12.95208],[80.11665,12.95202]]}},{"type":"Feature","properties":{"name":"Chennai Bypass Expressway","highway":"trunk","policy":""},"geometry":{"type":"LineString","coordinates":[[80.11929,12.95815],[80.11928,12.95794]]}},{"type":"Feature","properties":{"name":"Chennai Bypass Expressway","highway":"trunk","policy":""},"geometry":{"type":"LineString","coordinates":[[80.11914,12.95824],[80.11923,12.95956],[80.1192,12.96077],[80.11895,12.96543]]}},{"type":"Feature","properties":{"name":"Chennai Bypass Expressway","highway":"trunk","policy":""},"geometry":{"type":"LineString","coordinates":[[80.11913,12.95802],[80.11914,12.95824]]}},{"type":"Feature","properties":{"name":"Chennai Bypass Expressway","highway":"trunk","policy":""},"geometry":{"type":"LineString","coordinates":[[80.09939,12.93606],[80.09937,12.93584],[80.09942,12.93455],[80.10012,12.92759]]}},{"type":"Feature","properties":{"name":"Chennai Bypass Expressway","highway":"trunk","policy":""},"geometry":{"type":"LineString","coordinates":[[80.0993,12.93652],[80.0993,12.93658],[80.09945,12.9374],[80.09996,12.93864],[80.1006,12.9396],[80.10104,12.94011],[80.10132,12.94036],[80.10211,12.94098],[80.10412,12.94239],[80.10481,12.94297],[80.10532,12.9437],[80.10701,12.94694]]}},{"type":"Feature","properties":{"name":"Chennai Bypass Expressway","highway":"trunk","policy":""},"geometry":{"type":"LineString","coordinates":[[80.10717,12.94689],[80.10682,12.94623],[80.10607,12.94483],[80.10544,12.94363],[80.10493,12.94288],[80.10426,12.94229],[80.10219,12.94086],[80.1014,12.94025],[80.10107,12.93992],[80.10068,12.93946],[80.10046,12.93917],[80.10008,12.93855],[80.0996,12.93733],[80.09945,12.93657],[80.09943,12.93646]]}},{"type":"Feature","properties":{"name":"Chennai Bypass Expressway","highway":"trunk","policy":""},"geometry":{"type":"LineString","coordinates":[[80.10749,12.94748],[80.10717,12.94689]]}},{"type":"Feature","properties":{"name":"Chennai Bypass Expressway","highway":"trunk","policy":""},"geometry":{"type":"LineString","coordinates":[[80.10735,12.9476],[80.10742,12.94774],[80.10793,12.94851],[80.10847,12.94912],[80.10902,12.94955],[80.10977,12.94997],[80.11055,12.95025],[80.1127,12.95092],[80.11307,12.95104],[80.11486,12.95157],[80.11533,12.9517],[80.11612,12.95196],[80.11649,12.95211]]}},{"type":"Feature","properties":{"name":"Chennai Bypass Expressway","highway":"trunk","policy":""},"geometry":{"type":"LineString","coordinates":[[80.10701,12.94694],[80.10735,12.9476]]}},{"type":"Feature","properties":{"name":"Grand Southern Trunk Road","highway":"trunk","policy":""},"geometry":{"type":"LineString","coordinates":[[80.1894,12.99622],[80.19039,12.99708],[80.19182,12.99825],[80.19189,12.99831],[80.19223,12.99858],[80.19229,12.99862],[80.19297,12.99911],[80.19581,13.00143]]}},{"type":"Feature","properties":{"name":"Grand Northern Trunk Road","highway":"trunk","policy":""},"geometry":{"type":"LineString","coordinates":[[80.24399,13.12723],[80.24554,13.12608],[80.24583,13.12587],[80.24639,13.12535]]}},{"type":"Feature","properties":{"name":"Moolakadai Flyover","highway":"trunk","policy":""},"geometry":{"type":"LineString","coordinates":[[80.24304,13.12785],[80.24279,13.12804],[80.2423,13.12838],[80.24215,13.1285],[80.24175,13.12878],[80.24143,13.129],[80.24073,13.12949],[80.24003,13.12999]]}},{"type":"Feature","properties":{"name":"Grand Northern Trunk Road","highway":"trunk","policy":""},"geometry":{"type":"LineString","coordinates":[[80.23853,13.13117],[80.23908,13.13077]]}},{"type":"Feature","properties":{"name":"Grand Northern Trunk Road","highway":"trunk","policy":""},"geometry":{"type":"LineString","coordinates":[[80.23847,13.13111],[80.23815,13.13134]]}},{"type":"Feature","properties":{"name":"Grand Northern Trunk Road","highway":"trunk","policy":""},"geometry":{"type":"LineString","coordinates":[[80.23815,13.13134],[80.23697,13.13216],[80.23692,13.1322],[80.23474,13.13375],[80.2342,13.13415],[80.2341,13.13422],[80.23403,13.13427],[80.23211,13.13568],[80.2309,13.13656],[80.23067,13.13673],[80.23052,13.13683],[80.22799,13.1387],[80.22748,13.13911]]}},{"type":"Feature","properties":{"name":"Grand Southern Trunk Road","highway":"trunk","policy":""},"geometry":{"type":"LineString","coordinates":[[80.12072,12.92944],[80.12063,12.92936],[80.12024,12.92897],[80.11954,12.92827],[80.11774,12.92649],[80.1177,12.92645]]}},{"type":"Feature","properties":{"name":"Grand Southern Trunk Road","highway":"trunk","policy":""},"geometry":{"type":"LineString","coordinates":[[80.11876,12.92768],[80.1192,12.92812],[80.12004,12.929],[80.12009,12.92905],[80.1205,12.92946]]}},{"type":"Feature","properties":{"name":"SHU88","highway":"trunk","policy":""},"geometry":{"type":"LineString","coordinates":[[80.10756,12.91733],[80.10792,12.91758],[80.10823,12.91783],[80.10964,12.91895],[80.10986,12.91915],[80.11032,12.91947],[80.111,12.92002],[80.11194,12.92089],[80.11225,12.92118],[80.11422,12.92319],[80.11446,12.92342]]}},{"type":"Feature","properties":{"name":"Grand Southern Trunk Road","highway":"trunk","policy":""},"geometry":{"type":"LineString","coordinates":[[80.11756,12.92647],[80.11816,12.92708],[80.11817,12.9271]]}},{"type":"Feature","properties":{"name":"Grand Southern Trunk Road","highway":"trunk","policy":""},"geometry":{"type":"LineString","coordinates":[[80.11817,12.9271],[80.11847,12.92739]]}},{"type":"Feature","properties":{"name":"Grand Southern Trunk Road","highway":"trunk","policy":""},"geometry":{"type":"LineString","coordinates":[[80.19224,12.99838],[80.1921,12.99827]]}},{"type":"Feature","properties":{"name":"Chennai Bangalore Highway","highway":"trunk","policy":""},"geometry":{"type":"LineString","coordinates":[[80.16174,13.06127],[80.1605,13.0613]]}},{"type":"Feature","properties":{"name":"Grand Northern Trunk Road","highway":"trunk","policy":""},"geometry":{"type":"LineString","coordinates":[[80.24636,13.12527],[80.24629,13.12534],[80.24585,13.1257],[80.24571,13.12582],[80.24552,13.12597],[80.24515,13.12625],[80.24492,13.12645],[80.24468,13.12664],[80.24448,13.12678],[80.24406,13.1271],[80.24399,13.12714]]}},{"type":"Feature","properties":{"name":"Grand Northern Trunk Road","highway":"trunk","policy":""},"geometry":{"type":"LineString","coordinates":[[80.24898,13.12295],[80.24865,13.12323]]}},{"type":"Feature","properties":{"name":"Grand Southern Trunk Road","highway":"trunk","policy":""},"geometry":{"type":"LineString","coordinates":[[80.15524,12.97483],[80.15555,12.97507],[80.15572,12.97516],[80.15652,12.97571],[80.15766,12.97649],[80.15841,12.97695]]}},{"type":"Feature","properties":{"name":"Pallavaram Flyover","highway":"trunk","policy":""},"geometry":{"type":"LineString","coordinates":[[80.14805,12.9653],[80.1483,12.96576],[80.14853,12.96624],[80.14875,12.96666],[80.1491,12.96745],[80.1499,12.96914],[80.15009,12.96952],[80.15021,12.96979],[80.15045,12.97026],[80.15092,12.97128],[80.15111,12.97172],[80.15122,12.97188],[80.1513,12.97198],[80.15141,12.97213],[80.15154,12.97227],[80.15163,12.97236],[80.15182,12.97252],[80.15208,12.97271],[80.1531,12.97338],[80.15373,12.9738],[80.1543,12.97417],[80.15517,12.97477]]}},{"type":"Feature","properties":{"name":"Outer Ring Road","highway":"motorway","policy":""},"geometry":{"type":"LineString","coordinates":[[80.23075,13.24785],[80.23022,13.24743],[80.22978,13.24707],[80.22943,13.24679],[80.22931,13.24669]]}},{"type":"Feature","properties":{"name":"Outer Ring Road","highway":"motorway","policy":""},"geometry":{"type":"LineString","coordinates":[[80.22905,13.24693],[80.22935,13.24717],[80.22971,13.24746],[80.23015,13.24781],[80.23066,13.24822]]}},{"type":"Feature","properties":{"name":"Outer Ring Road","highway":"motorway","policy":""},"geometry":{"type":"LineString","coordinates":[[80.23286,13.24953],[80.23281,13.24949],[80.23236,13.24912],[80.23126,13.24826],[80.23086,13.24794]]}},{"type":"Feature","properties":{"name":"Outer Ring Road","highway":"motorway","policy":""},"geometry":{"type":"LineString","coordinates":[[80.23082,13.24835],[80.23113,13.2486],[80.23134,13.24877],[80.23168,13.24903],[80.23213,13.24938],[80.23267,13.24984],[80.23284,13.24997]]}},{"type":"Feature","properties":{"name":"Outer Ring Road","highway":"motorway","policy":""},"geometry":{"type":"LineString","coordinates":[[80.21496,13.23555],[80.2144,13.23519],[80.21281,13.23417],[80.21251,13.23397],[80.21212,13.23372]]}},{"type":"Feature","properties":{"name":"Outer Ring Road","highway":"motorway","policy":""},"geometry":{"type":"LineString","coordinates":[[80.21981,13.23914],[80.21974,13.23908],[80.21941,13.23881],[80.21906,13.23854]]}},{"type":"Feature","properties":{"name":"Outer Ring Road","highway":"motorway","policy":""},"geometry":{"type":"LineString","coordinates":[[80.21873,13.23872],[80.21893,13.23888],[80.21912,13.23903],[80.21946,13.23929]]}},{"type":"Feature","properties":{"name":"Outer Ring Road","highway":"motorway","policy":""},"geometry":{"type":"LineString","coordinates":[[80.21196,13.23403],[80.21214,13.23416],[80.21259,13.23444],[80.21431,13.23554],[80.21479,13.23585]]}},{"type":"Feature","properties":{"name":"Outer Ring Road","highway":"motorway","policy":""},"geometry":{"type":"LineString","coordinates":[[80.21479,13.23585],[80.21548,13.2363]]}},{"type":"Feature","properties":{"name":"Outer Ring Road","highway":"motorway","policy":""},"geometry":{"type":"LineString","coordinates":[[80.21565,13.23599],[80.21496,13.23555]]}},{"type":"Feature","properties":{"name":"Outer Ring Road","highway":"motorway","policy":""},"geometry":{"type":"LineString","coordinates":[[80.21212,13.23372],[80.21109,13.2331],[80.20953,13.23216]]}},{"type":"Feature","properties":{"name":"Outer Ring Road","highway":"motorway","policy":""},"geometry":{"type":"LineString","coordinates":[[80.2092,13.23236],[80.21084,13.23334],[80.21196,13.23403]]}},{"type":"Feature","properties":{"name":"Outer Ring Road","highway":"motorway","policy":""},"geometry":{"type":"LineString","coordinates":[[80.20709,13.23107],[80.20908,13.23229]]}},{"type":"Feature","properties":{"name":"Outer Ring Road","highway":"motorway","policy":""},"geometry":{"type":"LineString","coordinates":[[80.20908,13.23229],[80.2092,13.23236]]}},{"type":"Feature","properties":{"name":"Outer Ring Road","highway":"motorway","policy":""},"geometry":{"type":"LineString","coordinates":[[80.20937,13.23206],[80.20727,13.23076]]}},{"type":"Feature","properties":{"name":"Outer Ring Road","highway":"motorway","policy":""},"geometry":{"type":"LineString","coordinates":[[80.20953,13.23216],[80.20937,13.23206]]}},{"type":"Feature","properties":{"name":"Outer Ring Road","highway":"motorway","policy":""},"geometry":{"type":"LineString","coordinates":[[80.2057,13.22978],[80.20494,13.22931],[80.2035,13.22842],[80.20034,13.22647],[80.20004,13.22629],[80.19887,13.2256]]}},{"type":"Feature","properties":{"name":"Outer Ring Road","highway":"motorway","policy":""},"geometry":{"type":"LineString","coordinates":[[80.20727,13.23076],[80.20715,13.23069]]}},{"type":"Feature","properties":{"name":"Outer Ring Road","highway":"motorway","policy":""},"geometry":{"type":"LineString","coordinates":[[80.19867,13.22589],[80.19986,13.22659],[80.20009,13.22672],[80.2033,13.22871],[80.2047,13.22957],[80.20564,13.23016]]}},{"type":"Feature","properties":{"name":"Outer Ring Road","highway":"motorway","policy":""},"geometry":{"type":"LineString","coordinates":[[80.20695,13.23099],[80.20709,13.23107]]}},{"type":"Feature","properties":{"name":"Outer Ring Road","highway":"motorway","policy":""},"geometry":{"type":"LineString","coordinates":[[80.20715,13.23069],[80.2057,13.22978]]}},{"type":"Feature","properties":{"name":"Outer Ring Road","highway":"motorway","policy":""},"geometry":{"type":"LineString","coordinates":[[80.20564,13.23016],[80.20695,13.23099]]}},{"type":"Feature","properties":{"name":"Outer Ring Road","highway":"motorway","policy":""},"geometry":{"type":"LineString","coordinates":[[80.19455,13.22318],[80.19341,13.22255],[80.19313,13.22239],[80.19281,13.22224],[80.19232,13.222],[80.19185,13.22179]]}},{"type":"Feature","properties":{"name":"Outer Ring Road","highway":"motorway","policy":""},"geometry":{"type":"LineString","coordinates":[[80.19173,13.22211],[80.19197,13.22222],[80.19225,13.22235],[80.19268,13.22256],[80.19327,13.22287],[80.19441,13.2235]]}},{"type":"Feature","properties":{"name":"Outer Ring Road","highway":"motorway","policy":""},"geometry":{"type":"LineString","coordinates":[[80.19185,13.22179],[80.19088,13.22138],[80.19055,13.22125],[80.18986,13.22097],[80.18813,13.22024],[80.18621,13.21947]]}},{"type":"Feature","properties":{"name":"Outer Ring Road","highway":"motorway","policy":""},"geometry":{"type":"LineString","coordinates":[[80.18608,13.21978],[80.18809,13.22061],[80.18973,13.22129],[80.19046,13.22159],[80.1909,13.22177],[80.19173,13.22211]]}},{"type":"Feature","properties":{"name":"Outer Ring Road","highway":"motorway","policy":""},"geometry":{"type":"LineString","coordinates":[[80.18346,13.21869],[80.18476,13.21926]]}},{"type":"Feature","properties":{"name":"Outer Ring Road","highway":"motorway","policy":""},"geometry":{"type":"LineString","coordinates":[[80.1849,13.21894],[80.1835,13.21833]]}},{"type":"Feature","properties":{"name":"Outer Ring Road","highway":"motorway","policy":""},"geometry":{"type":"LineString","coordinates":[[80.18125,13.21773],[80.18346,13.21869]]}},{"type":"Feature","properties":{"name":"Outer Ring Road","highway":"motorway","policy":""},"geometry":{"type":"LineString","coordinates":[[80.1835,13.21833],[80.18141,13.21743]]}},{"type":"Feature","properties":{"name":"Outer Ring Road","highway":"motorway","policy":""},"geometry":{"type":"LineString","coordinates":[[80.18494,13.21933],[80.18608,13.21978]]}},{"type":"Feature","properties":{"name":"Outer Ring Road","highway":"motorway","policy":""},"geometry":{"type":"LineString","coordinates":[[80.18476,13.21926],[80.18494,13.21933]]}},{"type":"Feature","properties":{"name":"Outer Ring Road","highway":"motorway","policy":""},"geometry":{"type":"LineString","coordinates":[[80.18621,13.21947],[80.18507,13.21901]]}},{"type":"Feature","properties":{"name":"Outer Ring Road","highway":"motorway","policy":""},"geometry":{"type":"LineString","coordinates":[[80.18507,13.21901],[80.1849,13.21894]]}},{"type":"Feature","properties":{"name":"Outer Ring Road","highway":"motorway","policy":""},"geometry":{"type":"LineString","coordinates":[[80.17432,13.21479],[80.17564,13.21537],[80.17719,13.21606]]}},{"type":"Feature","properties":{"name":"Outer Ring Road","highway":"motorway","policy":""},"geometry":{"type":"LineString","coordinates":[[80.17991,13.21719],[80.18036,13.21737],[80.18099,13.21763],[80.18125,13.21773]]}},{"type":"Feature","properties":{"name":"Outer Ring Road","highway":"motorway","policy":""},"geometry":{"type":"LineString","coordinates":[[80.17974,13.21712],[80.17991,13.21719]]}},{"type":"Feature","properties":{"name":"Outer Ring Road","highway":"motorway","policy":""},"geometry":{"type":"LineString","coordinates":[[80.18141,13.21743],[80.18049,13.21706],[80.18003,13.21687]]}},{"type":"Feature","properties":{"name":"Outer Ring Road","highway":"motorway","policy":""},"geometry":{"type":"LineString","coordinates":[[80.18003,13.21687],[80.17988,13.21681]]}},{"type":"Feature","properties":{"name":"Outer Ring Road","highway":"motorway","policy":""},"geometry":{"type":"LineString","coordinates":[[80.17741,13.21577],[80.17447,13.21447]]}},{"type":"Feature","properties":{"name":"Outer Ring Road","highway":"motorway","policy":""},"geometry":{"type":"LineString","coordinates":[[80.17988,13.21681],[80.17741,13.21577]]}},{"type":"Feature","properties":{"name":"Outer Ring Road","highway":"motorway","policy":""},"geometry":{"type":"LineString","coordinates":[[80.17719,13.21606],[80.17974,13.21712]]}},{"type":"Feature","properties":{"name":"Outer Ring Road","highway":"motorway","policy":""},"geometry":{"type":"LineString","coordinates":[[80.17447,13.21447],[80.17186,13.21334]]}},{"type":"Feature","properties":{"name":"Outer Ring Road","highway":"motorway","policy":""},"geometry":{"type":"LineString","coordinates":[[80.17174,13.21369],[80.17432,13.21479]]}},{"type":"Feature","properties":{"name":"Outer Ring Road","highway":"motorway","policy":""},"geometry":{"type":"LineString","coordinates":[[80.16533,13.20898],[80.16525,13.20888],[80.16507,13.20867]]}},{"type":"Feature","properties":{"name":"Outer Ring Road","highway":"motorway","policy":""},"geometry":{"type":"LineString","coordinates":[[80.16481,13.20891],[80.16498,13.20912],[80.16506,13.20922]]}},{"type":"Feature","properties":{"name":"Outer Ring Road","highway":"motorway","policy":""},"geometry":{"type":"LineString","coordinates":[[80.15928,13.20114],[80.15674,13.19789]]}},{"type":"Feature","properties":{"name":"Outer Ring Road","highway":"motorway","policy":""},"geometry":{"type":"LineString","coordinates":[[80.15636,13.19798],[80.15896,13.20129]]}},{"type":"Feature","properties":{"name":"Outer Ring Road","highway":"motorway","policy":""},"geometry":{"type":"LineString","coordinates":[[80.16253,13.20539],[80.16175,13.20438]]}},{"type":"Feature","properties":{"name":"Outer Ring Road","highway":"motorway","policy":""},"geometry":{"type":"LineString","coordinates":[[80.16175,13.20438],[80.16168,13.20428]]}},{"type":"Feature","properties":{"name":"Outer Ring Road","highway":"motorway","policy":""},"geometry":{"type":"LineString","coordinates":[[80.16146,13.20458],[80.16224,13.2056]]}},{"type":"Feature","properties":{"name":"Outer Ring Road","highway":"motorway","policy":""},"geometry":{"type":"LineString","coordinates":[[80.16138,13.20447],[80.16146,13.20458]]}},{"type":"Feature","properties":{"name":"Outer Ring Road","highway":"motorway","policy":""},"geometry":{"type":"LineString","coordinates":[[80.16168,13.20428],[80.16094,13.20329]]}},{"type":"Feature","properties":{"name":"Outer Ring Road","highway":"motorway","policy":""},"geometry":{"type":"LineString","coordinates":[[80.16066,13.20351],[80.16138,13.20447]]}},{"type":"Feature","properties":{"name":"Outer Ring Road","highway":"motorway","policy":""},"geometry":{"type":"LineString","coordinates":[[80.15896,13.20129],[80.15931,13.20173],[80.15962,13.20212],[80.1599,13.20249],[80.16066,13.20351]]}},{"type":"Feature","properties":{"name":"Outer Ring Road","highway":"motorway","policy":""},"geometry":{"type":"LineString","coordinates":[[80.16094,13.20329],[80.16021,13.2023],[80.15995,13.20197],[80.15928,13.20114]]}},{"type":"Feature","properties":{"name":"Outer Ring Road","highway":"motorway","policy":""},"geometry":{"type":"LineString","coordinates":[[80.15632,13.19734],[80.15576,13.19661],[80.15554,13.19631],[80.15527,13.19596],[80.15484,13.19539],[80.15461,13.19507],[80.15437,13.19473],[80.15422,13.19452],[80.15403,13.19429],[80.15381,13.19402],[80.15363,13.1938],[80.15355,13.1937]]}},{"type":"Feature","properties":{"name":"Outer Ring Road","highway":"motorway","policy":""},"geometry":{"type":"LineString","coordinates":[[80.15315,13.19376],[80.15335,13.19402],[80.15354,13.19425],[80.15377,13.19456],[80.1539,13.19472],[80.15409,13.19497],[80.15434,13.1953],[80.15455,13.19559],[80.15473,13.19582],[80.15494,13.19611],[80.1552,13.19646],[80.15553,13.1969],[80.15594,13.19742]]}},{"type":"Feature","properties":{"name":"Outer Ring Road","highway":"motorway","policy":""},"geometry":{"type":"LineString","coordinates":[[80.15674,13.19789],[80.15632,13.19734]]}},{"type":"Feature","properties":{"name":"Outer Ring Road","highway":"motorway","policy":""},"geometry":{"type":"LineString","coordinates":[[80.15594,13.19742],[80.15636,13.19798]]}},{"type":"Feature","properties":{"name":"Outer Ring Road","highway":"motorway","policy":""},"geometry":{"type":"LineString","coordinates":[[80.15111,13.19056],[80.15134,13.19099],[80.15151,13.19128],[80.15172,13.19162],[80.15191,13.19193],[80.15217,13.19235],[80.15233,13.1926],[80.15249,13.19284],[80.1526,13.19301],[80.15283,13.19332],[80.15305,13.19363]]}},{"type":"Feature","properties":{"name":"Outer Ring Road","highway":"motorway","policy":""},"geometry":{"type":"LineString","coordinates":[[80.15305,13.19363],[80.15315,13.19376]]}},{"type":"Feature","properties":{"name":"Outer Ring Road","highway":"motorway","policy":""},"geometry":{"type":"LineString","coordinates":[[80.15341,13.19353],[80.15323,13.1933],[80.15308,13.19309],[80.15288,13.1928],[80.15251,13.19222],[80.15233,13.19193],[80.15207,13.19151],[80.1519,13.19124],[80.15172,13.19094],[80.15157,13.19068],[80.15146,13.19048],[80.15136,13.19028],[80.15119,13.18996]]}},{"type":"Feature","properties":{"name":"Outer Ring Road","highway":"motorway","policy":""},"geometry":{"type":"LineString","coordinates":[[80.15355,13.1937],[80.15341,13.19353]]}},{"type":"Feature","properties":{"name":"Outer Ring Road","highway":"motorway","policy":""},"geometry":{"type":"LineString","coordinates":[[80.14875,13.18581],[80.14892,13.18616],[80.14913,13.18659],[80.14926,13.18684],[80.14974,13.18781],[80.15037,13.1891],[80.15064,13.18964],[80.15081,13.18999],[80.15098,13.19032],[80.15111,13.19056]]}},{"type":"Feature","properties":{"name":"Outer Ring Road","highway":"motorway","policy":""},"geometry":{"type":"LineString","coordinates":[[80.15119,13.18996],[80.15089,13.18934],[80.15062,13.18884],[80.15056,13.18869],[80.1503,13.18816],[80.15004,13.1876],[80.1496,13.18673],[80.14947,13.18644],[80.14907,13.18565]]}},{"type":"Feature","properties":{"name":"Outer Ring Road","highway":"motorway","policy":""},"geometry":{"type":"LineString","coordinates":[[80.14676,13.18206],[80.14684,13.18218],[80.14691,13.18227],[80.14705,13.18248],[80.14717,13.18268],[80.14724,13.18282],[80.1473,13.18292],[80.14748,13.18327],[80.14766,13.18361],[80.14789,13.18406],[80.14817,13.18464],[80.14841,13.1851],[80.14875,13.18581]]}},{"type":"Feature","properties":{"name":"Outer Ring Road","highway":"motorway","policy":""},"geometry":{"type":"LineString","coordinates":[[80.14907,13.18565],[80.14865,13.18478],[80.14842,13.18433],[80.14812,13.18374],[80.14788,13.18327],[80.14775,13.18302],[80.14763,13.18278],[80.14754,13.18261],[80.1474,13.18238],[80.14726,13.18215],[80.14709,13.18191]]}},{"type":"Feature","properties":{"name":"Outer Ring Road","highway":"motorway","policy":""},"geometry":{"type":"LineString","coordinates":[[80.14462,13.17991],[80.14492,13.18014],[80.14519,13.18034],[80.1456,13.18071],[80.14584,13.18094],[80.14603,13.18117],[80.14631,13.18149],[80.14665,13.18192]]}},{"type":"Feature","properties":{"name":"Outer Ring Road","highway":"motorway","policy":""},"geometry":{"type":"LineString","coordinates":[[80.14665,13.18192],[80.14676,13.18206]]}},{"type":"Feature","properties":{"name":"Outer Ring Road","highway":"motorway","policy":""},"geometry":{"type":"LineString","coordinates":[[80.14698,13.18176],[80.14673,13.18145],[80.14656,13.18123],[80.14634,13.18097],[80.14616,13.18078],[80.14601,13.18062],[80.1458,13.18042],[80.14561,13.18024],[80.14539,13.18006],[80.14519,13.17989],[80.14507,13.1798]]}},{"type":"Feature","properties":{"name":"Outer Ring Road","highway":"motorway","policy":""},"geometry":{"type":"LineString","coordinates":[[80.14709,13.18191],[80.14698,13.18176]]}},{"type":"Feature","properties":{"name":"Outer Ring Road","highway":"motorway","policy":""},"geometry":{"type":"LineString","coordinates":[[80.13802,13.17831],[80.13813,13.17829],[80.13843,13.17826],[80.13869,13.17824],[80.13908,13.17823],[80.13947,13.17823],[80.13994,13.17825],[80.1404,13.17829],[80.14086,13.17835],[80.14144,13.17847],[80.14201,13.17863],[80.14268,13.17886],[80.14318,13.17908],[80.14369,13.17933],[80.14418,13.17962]]}},{"type":"Feature","properties":{"name":"Outer Ring Road","highway":"motorway","policy":""},"geometry":{"type":"LineString","coordinates":[[80.14453,13.17943],[80.14406,13.17913],[80.14362,13.1789],[80.14324,13.17872],[80.14283,13.17854],[80.14245,13.17841],[80.14203,13.17828],[80.14141,13.17811],[80.14074,13.17798],[80.14023,13.17792],[80.1395,13.17787],[80.13895,13.17787],[80.13846,13.1779],[80.13808,13.17794],[80.13787,13.17797]]}},{"type":"Feature","properties":{"name":"Outer Ring Road","highway":"motorway","policy":""},"geometry":{"type":"LineString","coordinates":[[80.14418,13.17962],[80.14433,13.17972],[80.14462,13.17991]]}},{"type":"Feature","properties":{"name":"Outer Ring Road","highway":"motorway","policy":""},"geometry":{"type":"LineString","coordinates":[[80.14507,13.1798],[80.14474,13.17957],[80.14453,13.17943]]}},{"type":"Feature","properties":{"name":"Outer Ring Road","highway":"motorway","policy":""},"geometry":{"type":"LineString","coordinates":[[80.13752,13.17803],[80.13693,13.17813],[80.13605,13.17829],[80.1353,13.17843]]}},{"type":"Feature","properties":{"name":"Outer Ring Road","highway":"motorway","policy":""},"geometry":{"type":"LineString","coordinates":[[80.13787,13.17797],[80.13752,13.17803]]}},{"type":"Feature","properties":{"name":"Outer Ring Road","highway":"motorway","policy":""},"geometry":{"type":"LineString","coordinates":[[80.1294,13.17986],[80.13006,13.17972],[80.13051,13.17962],[80.13095,13.17954],[80.13138,13.17947],[80.13182,13.1794],[80.13226,13.17932]]}},{"type":"Feature","properties":{"name":"Outer Ring Road","highway":"motorway","policy":""},"geometry":{"type":"LineString","coordinates":[[80.13206,13.179],[80.13126,13.17914],[80.13056,13.17927],[80.13005,13.17938],[80.1296,13.17947],[80.12936,13.17953],[80.12838,13.17973]]}},{"type":"Feature","properties":{"name":"Outer Ring Road","highway":"motorway","policy":""},"geometry":{"type":"LineString","coordinates":[[80.13397,13.17901],[80.13542,13.17876]]}},{"type":"Feature","properties":{"name":"Outer Ring Road","highway":"motorway","policy":""},"geometry":{"type":"LineString","coordinates":[[80.1353,13.17843],[80.1339,13.17868]]}},{"type":"Feature","properties":{"name":"Outer Ring Road","highway":"motorway","policy":""},"geometry":{"type":"LineString","coordinates":[[80.1339,13.17868],[80.13237,13.17894]]}},{"type":"Feature","properties":{"name":"Outer Ring Road","highway":"motorway","policy":""},"geometry":{"type":"LineString","coordinates":[[80.13237,13.17894],[80.13206,13.179]]}},{"type":"Feature","properties":{"name":"Outer Ring Road","highway":"motorway","policy":""},"geometry":{"type":"LineString","coordinates":[[80.13253,13.17928],[80.13397,13.17901]]}},{"type":"Feature","properties":{"name":"Outer Ring Road","highway":"motorway","policy":""},"geometry":{"type":"LineString","coordinates":[[80.13226,13.17932],[80.13253,13.17928]]}},{"type":"Feature","properties":{"name":"Outer Ring Road","highway":"motorway","policy":""},"geometry":{"type":"LineString","coordinates":[[80.12838,13.17973],[80.12691,13.18004],[80.12606,13.18022],[80.12589,13.18025],[80.1254,13.18035],[80.1248,13.18046],[80.12437,13.18052],[80.12391,13.1806],[80.12349,13.18065],[80.12201,13.18086],[80.12133,13.18095],[80.12106,13.18099],[80.12075,13.18102]]}},{"type":"Feature","properties":{"name":"Outer Ring Road","highway":"motorway","policy":""},"geometry":{"type":"LineString","coordinates":[[80.12075,13.18102],[80.12003,13.18113],[80.11948,13.1812],[80.11904,13.18126],[80.11875,13.18128],[80.11841,13.18131]]}},{"type":"Feature","properties":{"name":"Outer Ring Road","highway":"motorway","policy":""},"geometry":{"type":"LineString","coordinates":[[80.11844,13.18165],[80.11881,13.18163],[80.11922,13.18159],[80.11969,13.18153],[80.12008,13.18147],[80.12083,13.18137]]}},{"type":"Feature","properties":{"name":"Outer Ring Road","highway":"motorway","policy":""},"geometry":{"type":"LineString","coordinates":[[80.11828,13.18131],[80.11794,13.18133],[80.11749,13.18134],[80.11714,13.18135],[80.11682,13.18134],[80.11649,13.18133],[80.11612,13.18131]]}},{"type":"Feature","properties":{"name":"Outer Ring Road","highway":"motorway","policy":""},"geometry":{"type":"LineString","coordinates":[[80.11841,13.18131],[80.11828,13.18131]]}},{"type":"Feature","properties":{"name":"Outer Ring Road","highway":"motorway","policy":""},"geometry":{"type":"LineString","coordinates":[[80.11559,13.18162],[80.116,13.18165],[80.11635,13.18168],[80.11669,13.18169],[80.11701,13.1817],[80.11752,13.1817],[80.11794,13.18168],[80.11829,13.18166]]}},{"type":"Feature","properties":{"name":"Outer Ring Road","highway":"motorway","policy":""},"geometry":{"type":"LineString","coordinates":[[80.11829,13.18166],[80.11844,13.18165]]}},{"type":"Feature","properties":{"name":"Outer Ring Road","highway":"motorway","policy":""},"geometry":{"type":"LineString","coordinates":[[80.10594,13.18025],[80.10654,13.18035],[80.10672,13.18037],[80.10763,13.1805],[80.11364,13.18137],[80.11416,13.18144],[80.11466,13.18151],[80.11513,13.18157],[80.11553,13.18161],[80.11559,13.18162]]}},{"type":"Feature","properties":{"name":"Outer Ring Road","highway":"motorway","policy":""},"geometry":{"type":"LineString","coordinates":[[80.11612,13.18131],[80.1157,13.18128],[80.11521,13.18123],[80.11463,13.18116],[80.11392,13.18106],[80.11302,13.18093],[80.11291,13.18091],[80.11197,13.18078],[80.10761,13.18015],[80.1072,13.18009],[80.10676,13.18002],[80.10654,13.17999],[80.10572,13.17986]]}},{"type":"Feature","properties":{"name":"Outer Ring Road","highway":"motorway","policy":""},"geometry":{"type":"LineString","coordinates":[[80.10363,13.17984],[80.10394,13.1799],[80.10445,13.18],[80.10493,13.18009],[80.10536,13.18016],[80.10594,13.18025]]}},{"type":"Feature","properties":{"name":"Outer Ring Road","highway":"motorway","policy":""},"geometry":{"type":"LineString","coordinates":[[80.10572,13.17986],[80.10518,13.17977],[80.10442,13.17964],[80.10414,13.17958],[80.10397,13.17955],[80.1038,13.17951],[80.1036,13.17948],[80.10349,13.17947]]}},{"type":"Feature","properties":{"name":"Outer Ring Road","highway":"motorway","policy":""},"geometry":{"type":"LineString","coordinates":[[80.09917,13.17928],[80.1011,13.17951],[80.10236,13.17967],[80.10263,13.1797],[80.10295,13.17974],[80.1033,13.17979]]}},{"type":"Feature","properties":{"name":"Outer Ring Road","highway":"motorway","policy":""},"geometry":{"type":"LineString","coordinates":[[80.1033,13.17979],[80.10363,13.17984]]}},{"type":"Feature","properties":{"name":"Outer Ring Road","highway":"motorway","policy":""},"geometry":{"type":"LineString","coordinates":[[80.10313,13.17941],[80.10278,13.17937],[80.10235,13.17931],[80.10134,13.1792],[80.09921,13.17893]]}},{"type":"Feature","properties":{"name":"Outer Ring Road","highway":"motorway","policy":""},"geometry":{"type":"LineString","coordinates":[[80.10349,13.17947],[80.10313,13.17941]]}},{"type":"Feature","properties":{"name":"Pallavaram Flyover","highway":"trunk","policy":""},"geometry":{"type":"LineString","coordinates":[[80.15517,12.97477],[80.15524,12.97483]]}},{"type":"Feature","properties":{"name":"Pallavaram Flyover","highway":"trunk","policy":""},"geometry":{"type":"LineString","coordinates":[[80.14795,12.96513],[80.14805,12.9653]]}},{"type":"Feature","properties":{"name":"Grand Southern Trunk Road","highway":"trunk","policy":""},"geometry":{"type":"LineString","coordinates":[[80.11847,12.92739],[80.11876,12.92768]]}},{"type":"Feature","properties":{"name":"Grand Southern Trunk Road","highway":"trunk","policy":""},"geometry":{"type":"LineString","coordinates":[[80.11731,12.92602],[80.11643,12.92516],[80.11517,12.92393],[80.11486,12.92363],[80.11441,12.92318],[80.11432,12.9231]]}},{"type":"Feature","properties":{"name":"Grand Southern Trunk Road","highway":"trunk","policy":""},"geometry":{"type":"LineString","coordinates":[[80.1177,12.92645],[80.11767,12.92641],[80.11731,12.92602]]}},{"type":"Feature","properties":{"name":"Moolakadai Flyover","highway":"trunk","policy":""},"geometry":{"type":"LineString","coordinates":[[80.23921,13.13068],[80.24007,13.13005]]}},{"type":"Feature","properties":{"name":"Moolakadai Flyover","highway":"trunk","policy":""},"geometry":{"type":"LineString","coordinates":[[80.24003,13.12999],[80.23915,13.13062]]}},{"type":"Feature","properties":{"name":"Moolakadai Flyover","highway":"trunk","policy":""},"geometry":{"type":"LineString","coordinates":[[80.24389,13.12721],[80.2436,13.12743],[80.24341,13.12758],[80.24304,13.12785]]}},{"type":"Feature","properties":{"name":"Moolakadai Flyover","highway":"trunk","policy":""},"geometry":{"type":"LineString","coordinates":[[80.24309,13.12791],[80.24392,13.12728]]}},{"type":"Feature","properties":{"name":"Grand Southern Trunk Road","highway":"trunk","policy":""},"geometry":{"type":"LineString","coordinates":[[80.18554,12.99396],[80.18546,12.99392]]}},{"type":"Feature","properties":{"name":"Grand Southern Trunk Road","highway":"trunk","policy":""},"geometry":{"type":"LineString","coordinates":[[80.18548,12.99409],[80.18556,12.99414],[80.18669,12.99469],[80.1887,12.99572],[80.1894,12.99622]]}},{"type":"Feature","properties":{"name":"Grand Southern Trunk Road","highway":"trunk","policy":""},"geometry":{"type":"LineString","coordinates":[[80.10151,12.9113],[80.10131,12.9109],[80.10117,12.91066],[80.10099,12.91036],[80.10078,12.91015],[80.1005,12.90995],[80.09997,12.90968],[80.09936,12.90939],[80.09868,12.90894],[80.09859,12.90889],[80.09849,12.90881],[80.09841,12.90875],[80.09838,12.90873],[80.09832,12.90868],[80.09777,12.90815],[80.0969,12.90707],[80.09687,12.90702],[80.0962,12.90611],[80.09564,12.90531]]}},{"type":"Feature","properties":{"name":"Grand Southern Trunk Road","highway":"trunk","policy":""},"geometry":{"type":"LineString","coordinates":[[80.09878,12.90926],[80.09911,12.9095],[80.10041,12.91023],[80.10071,12.91049],[80.10098,12.91078],[80.10119,12.91104],[80.10133,12.91124],[80.10138,12.91133]]}},{"type":"Feature","properties":{"name":"Basin Bridge","highway":"trunk","policy":""},"geometry":{"type":"LineString","coordinates":[[80.2714,13.10441],[80.27134,13.10444],[80.27129,13.10447],[80.27124,13.10452]]}},{"type":"Feature","properties":{"name":"Basin Bridge","highway":"trunk","policy":""},"geometry":{"type":"LineString","coordinates":[[80.27146,13.1044],[80.2714,13.10441]]}},{"type":"Feature","properties":{"name":"Basin Bridge Road","highway":"trunk","policy":""},"geometry":{"type":"LineString","coordinates":[[80.27355,13.1039],[80.27349,13.10389]]}},{"type":"Feature","properties":{"name":"freight corridor","highway":"trunk","policy":""},"geometry":{"type":"LineString","coordinates":[[80.27317,13.10394],[80.27347,13.10397]]}},{"type":"Feature","properties":{"name":"freight corridor","highway":"trunk","policy":""},"geometry":{"type":"LineString","coordinates":[[80.27349,13.10389],[80.27347,13.10397]]}},{"type":"Feature","properties":{"name":"freight corridor","highway":"trunk","policy":""},"geometry":{"type":"LineString","coordinates":[[80.27355,13.1039],[80.27354,13.10399]]}},{"type":"Feature","properties":{"name":"freight corridor","highway":"trunk","policy":""},"geometry":{"type":"LineString","coordinates":[[80.27347,13.10397],[80.27354,13.10399]]}},{"type":"Feature","properties":{"name":"Grand Southern Trunk Road","highway":"trunk","policy":""},"geometry":{"type":"LineString","coordinates":[[80.11432,12.9231],[80.11233,12.9211],[80.11214,12.92091]]}},{"type":"Feature","properties":{"name":"Grand Northern Trunk Road","highway":"trunk","policy":""},"geometry":{"type":"LineString","coordinates":[[80.22748,13.13911],[80.22723,13.13928],[80.22706,13.13941],[80.22676,13.13963],[80.22638,13.13991],[80.22609,13.14012],[80.22574,13.14038],[80.22542,13.14062],[80.22534,13.14068],[80.22501,13.14092],[80.22485,13.14104],[80.22471,13.14114],[80.22411,13.14157],[80.22405,13.14162],[80.2239,13.14172],[80.22347,13.14204],[80.22283,13.14251],[80.22254,13.14272],[80.22225,13.14292],[80.22197,13.14312],[80.2218,13.14324],[80.22128,13.14363],[80.22084,13.14393],[80.22077,13.14397],[80.22068,13.14402],[80.22051,13.14407],[80.2203,13.1441]]}},{"type":"Feature","properties":{"name":"Wall Tax Road","highway":"trunk","policy":""},"geometry":{"type":"LineString","coordinates":[[80.27578,13.08662],[80.27583,13.08611],[80.27589,13.08558],[80.27595,13.08511],[80.27614,13.08367],[80.27617,13.08349],[80.27625,13.08284],[80.27626,13.08277],[80.27629,13.08259],[80.27634,13.08211],[80.27636,13.08199],[80.27638,13.08196],[80.2765,13.08192]]}},{"type":"Feature","properties":{"name":"Outer Ring Road","highway":"motorway","policy":""},"geometry":{"type":"LineString","coordinates":[[80.13542,13.17876],[80.13745,13.17839],[80.1378,13.17834],[80.13789,13.17833]]}},{"type":"Feature","properties":{"name":"Outer Ring Road","highway":"motorway","policy":""},"geometry":{"type":"LineString","coordinates":[[80.13789,13.17833],[80.13802,13.17831]]}},{"type":"Feature","properties":{"name":"Grand Northern Trunk Road","highway":"trunk","policy":""},"geometry":{"type":"LineString","coordinates":[[80.26201,13.11733],[80.262,13.11751],[80.2619,13.11765],[80.26177,13.11777],[80.26159,13.11787],[80.2614,13.11795],[80.26108,13.118],[80.26059,13.11809],[80.26051,13.1181],[80.25944,13.11828]]}},{"type":"Feature","properties":{"name":"Grand Southern Trunk Road","highway":"trunk","policy":""},"geometry":{"type":"LineString","coordinates":[[80.1205,12.92946],[80.121,12.92993],[80.12113,12.93007]]}},{"type":"Feature","properties":{"name":"Grand Southern Trunk Road","highway":"trunk","policy":""},"geometry":{"type":"LineString","coordinates":[[80.12126,12.92997],[80.12072,12.92944]]}},{"type":"Feature","properties":{"name":"Wall Tax Road","highway":"trunk","policy":""},"geometry":{"type":"LineString","coordinates":[[80.27446,13.10194],[80.27423,13.10238],[80.27398,13.10287],[80.27397,13.1029],[80.2736,13.10376],[80.27355,13.1039]]}},{"type":"Feature","properties":{"name":"Grand Northern Trunk Road","highway":"trunk","policy":""},"geometry":{"type":"LineString","coordinates":[[80.20515,13.15608],[80.2057,13.15545],[80.20635,13.15485]]}},{"type":"Feature","properties":{"name":"Grand Northern Trunk Road","highway":"trunk","policy":""},"geometry":{"type":"LineString","coordinates":[[80.2051,13.15616],[80.20515,13.15608]]}},{"type":"Feature","properties":{"name":"Grand Northern Trunk Road","highway":"trunk","policy":""},"geometry":{"type":"LineString","coordinates":[[80.20508,13.15602],[80.20502,13.15609]]}},{"type":"Feature","properties":{"name":"Grand Northern Trunk Road","highway":"trunk","policy":""},"geometry":{"type":"LineString","coordinates":[[80.19505,13.17812],[80.19497,13.17827],[80.19453,13.17905],[80.19409,13.17983],[80.19364,13.18063],[80.19305,13.18168],[80.19276,13.18219],[80.19252,13.18265],[80.19239,13.18294],[80.19226,13.18329]]}},{"type":"Feature","properties":{"name":"Grand Northern Trunk Road","highway":"trunk","policy":""},"geometry":{"type":"LineString","coordinates":[[80.24865,13.12323],[80.24822,13.1236],[80.24813,13.12366],[80.24805,13.12373],[80.24766,13.12406],[80.24726,13.12444],[80.24694,13.12473],[80.2468,13.12485],[80.2467,13.12495],[80.24665,13.125],[80.24636,13.12527]]}},{"type":"Feature","properties":{"name":"Grand Northern Trunk Road","highway":"trunk","policy":""},"geometry":{"type":"LineString","coordinates":[[80.24639,13.12535],[80.24769,13.12415],[80.24826,13.12365],[80.24867,13.12331],[80.2487,13.12328]]}},{"type":"Feature","properties":{"name":"Grand Northern Trunk Road","highway":"trunk","policy":""},"geometry":{"type":"LineString","coordinates":[[80.25714,13.11883],[80.2568,13.11895],[80.25643,13.11912],[80.25586,13.1194],[80.2558,13.11944],[80.25541,13.11967],[80.25516,13.11984],[80.25502,13.11994]]}},{"type":"Feature","properties":{"name":"Chennai Bypass","highway":"trunk","policy":""},"geometry":{"type":"LineString","coordinates":[[80.2043,13.14717],[80.20403,13.14709]]}},{"type":"Feature","properties":{"name":"Chennai Bypass","highway":"trunk","policy":""},"geometry":{"type":"LineString","coordinates":[[80.20402,13.14725],[80.20428,13.14733]]}},{"type":"Feature","properties":{"name":"Chennai Bypass","highway":"trunk","policy":""},"geometry":{"type":"LineString","coordinates":[[80.20428,13.14733],[80.20619,13.14801]]}},{"type":"Feature","properties":{"name":"Grand Northern Trunk Road","highway":"trunk","policy":""},"geometry":{"type":"LineString","coordinates":[[80.18132,13.19672],[80.18122,13.19676]]}},{"type":"Feature","properties":{"name":"Grand Northern Trunk Road","highway":"trunk","policy":""},"geometry":{"type":"LineString","coordinates":[[80.18122,13.19676],[80.18064,13.19708],[80.18004,13.19752],[80.17917,13.19873],[80.17897,13.19899],[80.17838,13.19979],[80.17782,13.20053],[80.17597,13.20299],[80.17565,13.20341],[80.17545,13.20368],[80.17487,13.20446]]}},{"type":"Feature","properties":{"name":"Grand Southern Trunk Road","highway":"trunk","policy":""},"geometry":{"type":"LineString","coordinates":[[80.11446,12.92342],[80.11501,12.92397],[80.11557,12.92451],[80.116,12.92493],[80.11631,12.92523],[80.11706,12.92596],[80.11756,12.92647]]}},{"type":"Feature","properties":{"name":"Grand Southern Trunk Road","highway":"trunk","policy":""},"geometry":{"type":"LineString","coordinates":[[80.12839,12.93751],[80.12835,12.93746],[80.12831,12.9374],[80.12827,12.93736],[80.1277,12.93672],[80.12721,12.93614],[80.12718,12.93611],[80.12709,12.93599],[80.12703,12.93593],[80.12659,12.93543],[80.12655,12.93539],[80.12616,12.93495],[80.12586,12.93461],[80.12543,12.93415],[80.12515,12.93388],[80.12455,12.93327],[80.12392,12.93264],[80.1239,12.93263],[80.12307,12.9318],[80.12126,12.92997]]}},{"type":"Feature","properties":{"name":"freight corridor","highway":"trunk","policy":""},"geometry":{"type":"LineString","coordinates":[[80.14968,13.04365],[80.14968,13.0436],[80.14966,13.04315],[80.14968,13.04294]]}},{"type":"Feature","properties":{"name":"freight corridor","highway":"trunk","policy":""},"geometry":{"type":"LineString","coordinates":[[80.14956,13.04363],[80.14953,13.04404],[80.1495,13.04414]]}},{"type":"Feature","properties":{"name":"freight corridor","highway":"trunk","policy":""},"geometry":{"type":"LineString","coordinates":[[80.14974,13.04413],[80.14971,13.04404],[80.14971,13.04395],[80.14968,13.04365]]}},{"type":"Feature","properties":{"name":"Grand Southern Trunk Road","highway":"trunk","policy":""},"geometry":{"type":"LineString","coordinates":[[80.13463,12.94415],[80.13496,12.94462],[80.13503,12.94472]]}},{"type":"Feature","properties":{"name":"SHU88","highway":"trunk","policy":""},"geometry":{"type":"LineString","coordinates":[[80.13655,12.94664],[80.13721,12.94758],[80.13805,12.9488],[80.13862,12.94952]]}},{"type":"Feature","properties":{"name":"Grand Southern Trunk Road","highway":"trunk","policy":""},"geometry":{"type":"LineString","coordinates":[[80.13503,12.94472],[80.13655,12.94664]]}},{"type":"Feature","properties":{"name":"Wall Tax Road","highway":"trunk","policy":""},"geometry":{"type":"LineString","coordinates":[[80.27527,13.09141],[80.27534,13.09038],[80.2754,13.08993],[80.27544,13.08948],[80.27546,13.08925],[80.27548,13.08903],[80.27555,13.08851],[80.27558,13.08832],[80.2756,13.08804],[80.27568,13.08759],[80.27568,13.08754],[80.27573,13.08711],[80.27578,13.08662]]}},{"type":"Feature","properties":{"name":"NH48","highway":"trunk","policy":""},"geometry":{"type":"LineString","coordinates":[[80.10973,13.05677],[80.10904,13.0568],[80.10866,13.05683],[80.10819,13.05687],[80.10759,13.05692],[80.10676,13.05702],[80.10611,13.05708],[80.10601,13.05709],[80.10582,13.05711],[80.10559,13.05713],[80.10522,13.05715],[80.10478,13.05718],[80.10274,13.05726],[80.10235,13.05728],[80.1021,13.05729],[80.10176,13.05728],[80.10141,13.05726],[80.10106,13.05722],[80.10088,13.05719],[80.10075,13.05717],[80.10057,13.05714],[80.10039,13.0571],[80.09998,13.05699],[80.09952,13.05688],[80.09924,13.05681],[80.09892,13.05673],[80.09861,13.05667],[80.09815,13.05658],[80.09773,13.05651],[80.09766,13.0565],[80.09752,13.05648],[80.09748,13.05647],[80.09736,13.05645],[80.09724,13.05644],[80.09714,13.05642],[80.09681,13.05639],[80.09636,13.05635],[80.09573,13.05628],[80.09551,13.05626],[80.09529,13.05623],[80.09511,13.0562],[80.09487,13.05615],[80.09467,13.05609],[80.09442,13.056],[80.09416,13.0559],[80.09394,13.0558],[80.09296,13.05538],[80.09245,13.05516],[80.09223,13.05505],[80.09218,13.05503],[80.09206,13.05497],[80.0919,13.05488],[80.09176,13.0548],[80.09162,13.0547],[80.09152,13.05463],[80.09144,13.05456],[80.0913,13.05444],[80.09119,13.05434],[80.09105,13.05419],[80.09093,13.05406],[80.09087,13.05399],[80.0908,13.0539],[80.09074,13.0538],[80.09067,13.0537],[80.09059,13.05356],[80.0904,13.05324],[80.09025,13.05296],[80.09008,13.0526],[80.08994,13.05232],[80.08957,13.05158],[80.08939,13.05121],[80.08914,13.05072],[80.08906,13.05058],[80.08898,13.05046],[80.08895,13.0504],[80.08891,13.05034],[80.08882,13.0502],[80.08878,13.05013],[80.08871,13.05003],[80.08866,13.04995],[80.08852,13.04975],[80.08847,13.04967],[80.08838,13.04955],[80.08833,13.0495]]}},{"type":"Feature","properties":{"name":"NH48","highway":"trunk","policy":""},"geometry":{"type":"LineString","coordinates":[[80.08797,13.04949],[80.08812,13.0496],[80.08825,13.04972],[80.08831,13.04977],[80.08855,13.05005],[80.08867,13.05024],[80.08877,13.0504],[80.08896,13.05073],[80.0891,13.05099],[80.0894,13.05156],[80.08944,13.05166],[80.08981,13.0524],[80.09025,13.0533],[80.09044,13.05359],[80.09053,13.05375],[80.09061,13.05388],[80.09071,13.05401],[80.09075,13.05407],[80.09091,13.05427],[80.09099,13.05434],[80.09108,13.05445],[80.09118,13.05453],[80.09131,13.05465],[80.09144,13.05475],[80.09156,13.05483],[80.09171,13.05493],[80.09186,13.05502],[80.09197,13.05509],[80.09214,13.05518],[80.09227,13.05524],[80.09247,13.05534],[80.09254,13.05536],[80.09264,13.05541],[80.0929,13.05552],[80.09387,13.05593],[80.09432,13.05612],[80.09449,13.05618],[80.09465,13.05623],[80.09483,13.05627],[80.09502,13.05632],[80.09519,13.05636],[80.0954,13.05639],[80.09562,13.05642],[80.09632,13.05648],[80.09681,13.05653],[80.09711,13.05656],[80.09734,13.05659],[80.09742,13.0566],[80.09754,13.05662],[80.09757,13.05663],[80.09777,13.05665],[80.09814,13.05672],[80.09857,13.0568],[80.09884,13.05686],[80.09918,13.05694],[80.09951,13.05702],[80.09994,13.05713],[80.10029,13.05721],[80.10041,13.05724],[80.10058,13.05728],[80.10086,13.05733],[80.10109,13.05736],[80.10135,13.05739],[80.10159,13.05742],[80.10184,13.05743],[80.10212,13.05744],[80.10234,13.05743],[80.10262,13.05742],[80.10277,13.05742],[80.10447,13.05734],[80.10455,13.05734],[80.10478,13.05733],[80.10495,13.05732],[80.10519,13.05731],[80.10553,13.05728],[80.10597,13.05725],[80.10651,13.0572],[80.10678,13.05717],[80.10729,13.05711],[80.10783,13.05705],[80.10827,13.05701],[80.1088,13.05697],[80.10966,13.05691]]}},{"type":"Feature","properties":{"name":"Senneer Kuppam Flyover","highway":"trunk","policy":""},"geometry":{"type":"LineString","coordinates":[[80.1174,13.05607],[80.11627,13.05642],[80.11587,13.05654],[80.11561,13.05661],[80.11533,13.05667],[80.11502,13.05672],[80.11474,13.05676],[80.11446,13.05678],[80.11417,13.05679],[80.11393,13.05679],[80.11365,13.05678],[80.11326,13.05676],[80.11254,13.05672],[80.11195,13.0567],[80.1116,13.05669],[80.11125,13.05669],[80.11102,13.0567],[80.1108,13.0567]]}},{"type":"Feature","properties":{"name":"Senneer Kuppam Flyover","highway":"trunk","policy":""},"geometry":{"type":"LineString","coordinates":[[80.1108,13.05685],[80.11134,13.05683],[80.11174,13.05684],[80.11213,13.05684],[80.11254,13.05685],[80.1129,13.05687],[80.11343,13.05688],[80.11371,13.0569],[80.11389,13.0569],[80.11413,13.0569],[80.11435,13.0569],[80.11463,13.05688],[80.1149,13.05686],[80.1151,13.05683],[80.11536,13.05678],[80.11574,13.0567],[80.116,13.05663],[80.11744,13.0562]]}},{"type":"Feature","properties":{"name":"Mumbai Highway","highway":"trunk","policy":""},"geometry":{"type":"LineString","coordinates":[[80.1195,13.05541],[80.11828,13.0558],[80.11762,13.05601]]}},{"type":"Feature","properties":{"name":"Mumbai Highway","highway":"trunk","policy":""},"geometry":{"type":"LineString","coordinates":[[80.11785,13.05609],[80.11906,13.05571],[80.1205,13.05525],[80.12105,13.05508],[80.12119,13.05504],[80.12156,13.05492],[80.12173,13.05487],[80.12191,13.05482],[80.12212,13.05477],[80.12231,13.05473],[80.12252,13.05471],[80.1227,13.0547],[80.12288,13.0547],[80.12302,13.05471],[80.12316,13.05473],[80.12334,13.05477],[80.12398,13.05491],[80.12442,13.05501],[80.12471,13.05508],[80.12494,13.05515],[80.12517,13.05525],[80.12533,13.05534],[80.12551,13.05546],[80.1257,13.05559],[80.12595,13.05577],[80.12624,13.056],[80.12641,13.05614],[80.12707,13.05668],[80.1279,13.05734],[80.12796,13.0574],[80.12812,13.05752],[80.12824,13.05761],[80.12845,13.05774]]}},{"type":"Feature","properties":{"name":"Poonamallee High Road Flyover","highway":"trunk","policy":""},"geometry":{"type":"LineString","coordinates":[[80.12354,13.0546],[80.12327,13.05454],[80.12307,13.0545],[80.1229,13.05448],[80.12273,13.05448],[80.12258,13.05448],[80.1224,13.0545],[80.12227,13.05452],[80.1221,13.05455],[80.122,13.05457],[80.12192,13.0546],[80.12178,13.05464],[80.12161,13.05471],[80.12045,13.05511]]}},{"type":"Feature","properties":{"name":"Poonamallee High Road Flyover","highway":"trunk","policy":""},"geometry":{"type":"LineString","coordinates":[[80.12717,13.05659],[80.12562,13.05533],[80.12542,13.05518],[80.12527,13.05508],[80.12513,13.05501],[80.12497,13.05495],[80.12482,13.05489],[80.12467,13.05486],[80.1243,13.05477]]}},{"type":"Feature","properties":{"name":"Poonamallee High Road Flyover","highway":"trunk","policy":""},"geometry":{"type":"LineString","coordinates":[[80.12791,13.05719],[80.12717,13.05659]]}},{"type":"Feature","properties":{"name":"Bengaluru - Chennai Highway","highway":"trunk","policy":""},"geometry":{"type":"LineString","coordinates":[[80.15143,13.06144],[80.15083,13.06174],[80.15074,13.06179],[80.15063,13.06185],[80.15051,13.06189],[80.1504,13.06192],[80.1502,13.06196],[80.15003,13.06198],[80.14987,13.06199],[80.14962,13.06199],[80.14957,13.06199],[80.14931,13.06198],[80.14748,13.06193],[80.14721,13.06192],[80.14691,13.06189],[80.14659,13.06186],[80.14637,13.06183],[80.14619,13.06181],[80.14514,13.06168],[80.14504,13.06167],[80.14502,13.06167],[80.14448,13.0616],[80.14396,13.06154],[80.14352,13.06151],[80.1426,13.06144],[80.14193,13.06139],[80.14165,13.06137],[80.14112,13.06133],[80.14058,13.06129],[80.14004,13.06126],[80.13943,13.06123],[80.13901,13.06122],[80.13876,13.06121],[80.13856,13.06119],[80.13839,13.06119]]}},{"type":"Feature","properties":{"name":"Bengaluru - Chennai Highway","highway":"trunk","policy":""},"geometry":{"type":"LineString","coordinates":[[80.12845,13.05774],[80.1286,13.05783],[80.12871,13.05789],[80.12886,13.05797],[80.1291,13.05809],[80.12946,13.05826],[80.1296,13.05832],[80.12965,13.05834],[80.13154,13.05918],[80.13226,13.0595],[80.1337,13.06015],[80.13405,13.06031],[80.13454,13.06053],[80.13466,13.06058],[80.13469,13.06059],[80.13477,13.06063],[80.13497,13.06072],[80.13514,13.0608],[80.13532,13.06086],[80.1355,13.06093],[80.13568,13.06098],[80.13593,13.06106],[80.13621,13.06112],[80.13641,13.06116],[80.13663,13.06119],[80.13694,13.06122],[80.13736,13.06125],[80.1383,13.0613],[80.1384,13.0613],[80.13871,13.06132],[80.14024,13.06139],[80.14102,13.06144],[80.14165,13.06148],[80.14327,13.0616],[80.14349,13.06163],[80.14391,13.06166],[80.14423,13.06169],[80.14431,13.0617],[80.14492,13.06178],[80.145,13.06179],[80.14504,13.06179],[80.1461,13.06193],[80.14618,13.06194],[80.14631,13.06195],[80.14643,13.06197],[80.14645,13.06197],[80.14665,13.06199],[80.14697,13.06201],[80.14719,13.06203],[80.14729,13.06204],[80.14761,13.06205],[80.1493,13.06209],[80.14953,13.0621],[80.1498,13.0621],[80.14995,13.06209],[80.15007,13.06209],[80.15024,13.06207],[80.15043,13.06203],[80.15061,13.06198],[80.15064,13.06197],[80.15073,13.06193],[80.15077,13.06192],[80.15093,13.06184],[80.15114,13.06173],[80.15145,13.06157],[80.15148,13.06155]]}},{"type":"Feature","properties":{"name":"Poonamallee High Road Flyover","highway":"trunk","policy":""},"geometry":{"type":"LineString","coordinates":[[80.1243,13.05477],[80.12354,13.0546]]}},{"type":"Feature","properties":{"name":"Bengaluru - Chennai Highway","highway":"trunk","policy":""},"geometry":{"type":"LineString","coordinates":[[80.13839,13.06119],[80.13737,13.06113],[80.13689,13.06109],[80.13661,13.06106],[80.13638,13.06103],[80.13617,13.06099],[80.13594,13.06093],[80.13575,13.06087],[80.13559,13.06083],[80.13532,13.06073],[80.13509,13.06064],[80.13482,13.06052],[80.13472,13.06048],[80.13471,13.06047],[80.1346,13.06042],[80.1342,13.06024],[80.1341,13.0602],[80.13376,13.06004],[80.13272,13.05957],[80.13262,13.05953],[80.13158,13.05908],[80.1297,13.05825],[80.12942,13.05813],[80.12913,13.058],[80.12891,13.05788],[80.12875,13.05779],[80.12863,13.05772],[80.12851,13.05763]]}},{"type":"Feature","properties":{"name":"Chennai Bangalore Highway","highway":"trunk","policy":""},"geometry":{"type":"LineString","coordinates":[[80.1605,13.0613],[80.15983,13.06136]]}},{"type":"Feature","properties":{"name":"Grand Southern Trunk Road","highway":"trunk","policy":""},"geometry":{"type":"LineString","coordinates":[[80.13862,12.94952],[80.13949,12.9505]]}},{"type":"Feature","properties":{"name":"Grand Southern Trunk Road","highway":"trunk","policy":""},"geometry":{"type":"LineString","coordinates":[[80.1433,12.95624],[80.14327,12.95618],[80.14322,12.95607],[80.14303,12.95569],[80.143,12.95564],[80.14285,12.95533],[80.14267,12.95501],[80.14253,12.95475],[80.14164,12.95317],[80.14159,12.9531],[80.1412,12.95251],[80.14062,12.95177],[80.14056,12.95168],[80.14042,12.9515],[80.14018,12.95117],[80.13966,12.95054]]}},{"type":"Feature","properties":{"name":"Grand Northern Trunk Road","highway":"trunk","policy":""},"geometry":{"type":"LineString","coordinates":[[80.16873,13.21837],[80.16861,13.21873],[80.1682,13.21995],[80.16813,13.22014],[80.16689,13.22338],[80.16651,13.22444],[80.16634,13.22482],[80.16617,13.22518],[80.16605,13.22541]]}},{"type":"Feature","properties":{"name":"Grand Northern Trunk Road","highway":"trunk","policy":""},"geometry":{"type":"LineString","coordinates":[[80.1662,13.22546],[80.16632,13.22523],[80.1665,13.22486],[80.16652,13.22479],[80.16666,13.22446],[80.16703,13.22347],[80.16773,13.22156],[80.16787,13.22119],[80.16826,13.22011],[80.1683,13.22001],[80.16838,13.21978],[80.16849,13.21951],[80.16889,13.21841]]}},{"type":"Feature","properties":{"name":"Chennai Bypass Expressway","highway":"trunk","policy":""},"geometry":{"type":"LineString","coordinates":[[80.12725,13.00591],[80.12733,13.01018],[80.12734,13.01102]]}},{"type":"Feature","properties":{"name":"Grand Southern Trunk Road","highway":"trunk","policy":""},"geometry":{"type":"LineString","coordinates":[[80.14305,12.95616],[80.14313,12.95632]]}},{"type":"Feature","properties":{"name":"Maduravoyal Interchange","highway":"trunk","policy":""},"geometry":{"type":"LineString","coordinates":[[80.16116,13.0608],[80.16112,13.06022]]}},{"type":"Feature","properties":{"name":"NH48","highway":"trunk","policy":""},"geometry":{"type":"LineString","coordinates":[[80.15932,13.06151],[80.15984,13.06145]]}},{"type":"Feature","properties":{"name":"freight corridor","highway":"trunk","policy":""},"geometry":{"type":"LineString","coordinates":[[80.14948,13.04294],[80.14942,13.04327],[80.14942,13.04362],[80.14945,13.04405],[80.1495,13.04414]]}},{"type":"Feature","properties":{"name":"Sholavaram Bypass","highway":"trunk","policy":""},"geometry":{"type":"LineString","coordinates":[[80.15588,13.24116],[80.15564,13.24163],[80.15499,13.24292],[80.1542,13.2445],[80.15308,13.24681],[80.15286,13.24726],[80.15271,13.2476],[80.15264,13.24784],[80.1526,13.24797],[80.15252,13.24837],[80.15251,13.24843],[80.15248,13.24872],[80.15247,13.24892],[80.15247,13.24899],[80.15247,13.24928],[80.15246,13.24945],[80.15246,13.24952],[80.15249,13.2497],[80.15252,13.24981],[80.15257,13.25004]]}},{"type":"Feature","properties":{"name":"Sholavaram Bypass","highway":"trunk","policy":""},"geometry":{"type":"LineString","coordinates":[[80.15601,13.24089],[80.15588,13.24116]]}},{"type":"Feature","properties":{"name":"Sholavaram Bypass","highway":"trunk","policy":""},"geometry":{"type":"LineString","coordinates":[[80.1527,13.24999],[80.15268,13.24989],[80.15264,13.24963],[80.15261,13.24915],[80.15262,13.24888],[80.15266,13.24846],[80.15276,13.24799],[80.15286,13.24768],[80.15297,13.24734],[80.15322,13.24686],[80.15435,13.24457],[80.15514,13.24306],[80.1558,13.24169],[80.15603,13.24121]]}},{"type":"Feature","properties":{"name":"Sholavaram Bypass","highway":"trunk","policy":""},"geometry":{"type":"LineString","coordinates":[[80.15603,13.24121],[80.15616,13.24095]]}},{"type":"Feature","properties":{"name":"Wall Tax Road","highway":"trunk","policy":""},"geometry":{"type":"LineString","coordinates":[[80.2753,13.09247],[80.2753,13.09232],[80.27527,13.09141]]}},{"type":"Feature","properties":{"name":"Sholavaram Bypass","highway":"trunk","policy":""},"geometry":{"type":"LineString","coordinates":[[80.15277,13.25034],[80.15273,13.25017],[80.15272,13.25012],[80.1527,13.24999]]}},{"type":"Feature","properties":{"name":"Chennai Bypass","highway":"trunk","policy":""},"geometry":{"type":"LineString","coordinates":[[80.17614,13.13705],[80.17576,13.13694],[80.17538,13.13682],[80.17501,13.13665],[80.17444,13.13628],[80.17382,13.13558],[80.17273,13.13395],[80.17159,13.13231]]}},{"type":"Feature","properties":{"name":"Chennai Bypass","highway":"trunk","policy":""},"geometry":{"type":"LineString","coordinates":[[80.17723,13.13706],[80.17706,13.13709]]}},{"type":"Feature","properties":{"name":"Chennai Bypass","highway":"trunk","policy":""},"geometry":{"type":"LineString","coordinates":[[80.17144,13.13232],[80.17259,13.13401],[80.1737,13.13569],[80.17424,13.13634],[80.17435,13.13642],[80.17446,13.13649],[80.17498,13.13679],[80.17532,13.13696],[80.1757,13.1371],[80.17607,13.13717]]}},{"type":"Feature","properties":{"name":"Chennai Bypass","highway":"trunk","policy":""},"geometry":{"type":"LineString","coordinates":[[80.17717,13.13723],[80.17736,13.1372]]}},{"type":"Feature","properties":{"name":"Chennai Bypass","highway":"trunk","policy":""},"geometry":{"type":"LineString","coordinates":[[80.17736,13.1372],[80.17753,13.13718],[80.17793,13.13712]]}},{"type":"Feature","properties":{"name":"Chennai Bypass","highway":"trunk","policy":""},"geometry":{"type":"LineString","coordinates":[[80.17789,13.13697],[80.17723,13.13706]]}},{"type":"Feature","properties":{"name":"Chennai Bypass","highway":"trunk","policy":""},"geometry":{"type":"LineString","coordinates":[[80.17706,13.13709],[80.17654,13.1371],[80.17614,13.13705]]}},{"type":"Feature","properties":{"name":"Chennai Bypass","highway":"trunk","policy":""},"geometry":{"type":"LineString","coordinates":[[80.17607,13.13717],[80.17635,13.13723],[80.17654,13.13724],[80.17714,13.13723],[80.17717,13.13723]]}},{"type":"Feature","properties":{"name":"Grand Northern Trunk Road","highway":"trunk","policy":""},"geometry":{"type":"LineString","coordinates":[[80.19218,13.1867],[80.19216,13.18638],[80.19215,13.18624]]}},{"type":"Feature","properties":{"name":"Grand Northern Trunk Road","highway":"trunk","policy":""},"geometry":{"type":"LineString","coordinates":[[80.19206,13.18424],[80.19201,13.18462],[80.192,13.18495],[80.19201,13.18532]]}},{"type":"Feature","properties":{"name":"Grand Northern Trunk Road","highway":"trunk","policy":""},"geometry":{"type":"LineString","coordinates":[[80.19212,13.18531],[80.19212,13.18527],[80.19213,13.18461],[80.19214,13.18455],[80.19218,13.18425]]}},{"type":"Feature","properties":{"name":"Grand Northern Trunk Road","highway":"trunk","policy":""},"geometry":{"type":"LineString","coordinates":[[80.18137,13.19683],[80.18195,13.1967],[80.18348,13.19644],[80.18408,13.19623],[80.18461,13.19593],[80.18519,13.19536],[80.18581,13.19478],[80.18598,13.19463],[80.1868,13.19387],[80.1876,13.19313],[80.18805,13.19273],[80.18887,13.19197],[80.18912,13.19177],[80.18957,13.19139],[80.19015,13.19092],[80.19062,13.19052],[80.19096,13.19018],[80.19116,13.18995],[80.1914,13.18962],[80.19168,13.18913]]}},{"type":"Feature","properties":{"name":"Grand Northern Trunk Road","highway":"trunk","policy":""},"geometry":{"type":"LineString","coordinates":[[80.18034,13.19748],[80.18068,13.1972],[80.18099,13.19702],[80.18128,13.19686]]}},{"type":"Feature","properties":{"name":"Grand Northern Trunk Road","highway":"trunk","policy":""},"geometry":{"type":"LineString","coordinates":[[80.17492,13.20454],[80.17538,13.20392],[80.17584,13.20332],[80.176,13.20309],[80.17658,13.20232],[80.177,13.20176],[80.17724,13.20145],[80.17729,13.20139],[80.1779,13.20058],[80.17859,13.19966],[80.17921,13.19883],[80.17937,13.19864],[80.17978,13.19812],[80.1798,13.19808],[80.18018,13.19761],[80.18034,13.19748]]}},{"type":"Feature","properties":{"name":"Grand Northern Trunk Road","highway":"trunk","policy":""},"geometry":{"type":"LineString","coordinates":[[80.17487,13.20446],[80.17442,13.20515],[80.17388,13.20599],[80.17335,13.20685],[80.17296,13.20755],[80.17295,13.20758],[80.17269,13.20809],[80.17246,13.20859],[80.17231,13.2089],[80.17229,13.20893],[80.17226,13.20902],[80.17222,13.2091],[80.17221,13.20913],[80.17218,13.20921],[80.17196,13.20973],[80.17177,13.21027],[80.17172,13.21041],[80.17158,13.21078]]}},{"type":"Feature","properties":{"name":"Grand Northern Trunk Road","highway":"trunk","policy":""},"geometry":{"type":"LineString","coordinates":[[80.25944,13.11828],[80.2588,13.1184],[80.25795,13.11862],[80.25714,13.11883]]}},{"type":"Feature","properties":{"name":"Grand Northern Trunk Road","highway":"trunk","policy":""},"geometry":{"type":"LineString","coordinates":[[80.18128,13.19686],[80.18137,13.19683]]}},{"type":"Feature","properties":{"name":"Chennai Bypass Expressway","highway":"trunk","policy":""},"geometry":{"type":"LineString","coordinates":[[80.12101,12.98699],[80.12106,12.9878],[80.12118,12.98878],[80.12169,12.99324],[80.12177,12.99373],[80.12187,12.99414],[80.12205,12.99464],[80.12223,12.99503],[80.1232,12.99655],[80.12333,12.99674]]}},{"type":"Feature","properties":{"name":"Chennai Bypass Expressway","highway":"trunk","policy":""},"geometry":{"type":"LineString","coordinates":[[80.12333,12.99674],[80.12354,12.99707]]}},{"type":"Feature","properties":{"name":"Chennai Bypass Expressway","highway":"trunk","policy":""},"geometry":{"type":"LineString","coordinates":[[80.12346,12.99666],[80.12333,12.99648],[80.1224,12.99501],[80.12219,12.99461],[80.12204,12.99417],[80.12192,12.99374],[80.12182,12.99324],[80.12132,12.98875],[80.12121,12.98779],[80.12116,12.98698]]}},{"type":"Feature","properties":{"name":"Chennai Bypass Expressway","highway":"trunk","policy":""},"geometry":{"type":"LineString","coordinates":[[80.12367,12.99701],[80.12346,12.99666]]}},{"type":"Feature","properties":{"name":"Grand Northern Trunk Road","highway":"trunk","policy":""},"geometry":{"type":"LineString","coordinates":[[80.20973,13.15224],[80.20927,13.15256],[80.20845,13.15316],[80.20829,13.15328],[80.20805,13.15345]]}},{"type":"Feature","properties":{"name":"Chennai Bypass","highway":"trunk","policy":""},"geometry":{"type":"LineString","coordinates":[[80.2031,13.14687],[80.20402,13.14725]]}},{"type":"Feature","properties":{"name":"Chennai Bypass","highway":"trunk","policy":""},"geometry":{"type":"LineString","coordinates":[[80.20234,13.14659],[80.2031,13.14687]]}},{"type":"Feature","properties":{"name":"Chennai Bypass","highway":"trunk","policy":""},"geometry":{"type":"LineString","coordinates":[[80.20343,13.14686],[80.20247,13.1465]]}},{"type":"Feature","properties":{"name":"Chennai Bypass","highway":"trunk","policy":""},"geometry":{"type":"LineString","coordinates":[[80.20403,13.14709],[80.20343,13.14686]]}},{"type":"Feature","properties":{"name":"Grand Northern Trunk Road","highway":"trunk","policy":""},"geometry":{"type":"LineString","coordinates":[[80.17158,13.21078],[80.17146,13.21111],[80.17131,13.21151],[80.17115,13.21194],[80.17092,13.21257],[80.17067,13.2132],[80.17025,13.21435],[80.17021,13.21447],[80.17001,13.21501],[80.16977,13.21558]]}},{"type":"Feature","properties":{"name":"Grand Northern Trunk Road","highway":"trunk","policy":""},"geometry":{"type":"LineString","coordinates":[[80.16993,13.21561],[80.17016,13.21497],[80.17069,13.21354],[80.171,13.2127],[80.17125,13.21202],[80.17134,13.21174],[80.17144,13.21146],[80.17153,13.21125],[80.17167,13.21087]]}},{"type":"Feature","properties":{"name":"Chennai Bypass","highway":"trunk","policy":""},"geometry":{"type":"LineString","coordinates":[[80.20247,13.1465],[80.2001,13.14563],[80.19926,13.1452],[80.19851,13.14458],[80.19762,13.14373]]}},{"type":"Feature","properties":{"name":"Chennai Bypass","highway":"trunk","policy":""},"geometry":{"type":"LineString","coordinates":[[80.19762,13.14373],[80.19683,13.14297]]}},{"type":"Feature","properties":{"name":"Chennai Bypass","highway":"trunk","policy":""},"geometry":{"type":"LineString","coordinates":[[80.19775,13.14407],[80.19826,13.14457],[80.19916,13.1453],[80.20001,13.14576],[80.20234,13.14659]]}},{"type":"Feature","properties":{"name":"Chennai Bypass","highway":"trunk","policy":""},"geometry":{"type":"LineString","coordinates":[[80.19725,13.14358],[80.19775,13.14407]]}},{"type":"Feature","properties":{"name":"Grand Northern Trunk Road","highway":"trunk","policy":""},"geometry":{"type":"LineString","coordinates":[[80.20502,13.15609],[80.205,13.15613],[80.20449,13.15682],[80.20421,13.1573],[80.20399,13.15773],[80.20386,13.15801],[80.20383,13.15807],[80.2037,13.15835],[80.20368,13.15841],[80.20365,13.15848],[80.20361,13.15859],[80.20353,13.15882],[80.20336,13.15957],[80.20324,13.16026],[80.20323,13.1603],[80.2029,13.16217],[80.20276,13.16288],[80.20274,13.16301],[80.2027,13.16316],[80.20255,13.16371],[80.20244,13.16412],[80.20196,13.16569],[80.20175,13.16617],[80.20131,13.16702],[80.2009,13.16774]]}},{"type":"Feature","properties":{"name":"Grand Northern Trunk Road","highway":"trunk","policy":""},"geometry":{"type":"LineString","coordinates":[[80.2009,13.16774],[80.20029,13.16879],[80.2001,13.16912],[80.19895,13.17118],[80.19693,13.17473],[80.19668,13.17517]]}},{"type":"Feature","properties":{"name":"Grand Northern Trunk Road","highway":"trunk","policy":""},"geometry":{"type":"LineString","coordinates":[[80.19668,13.17517],[80.19619,13.17606],[80.19604,13.17632],[80.1954,13.17748],[80.19516,13.17793],[80.19513,13.17798],[80.19505,13.17812]]}},{"type":"Feature","properties":{"name":"Grand Northern Trunk Road","highway":"trunk","policy":""},"geometry":{"type":"LineString","coordinates":[[80.20377,13.15852],[80.2038,13.15846],[80.20383,13.15841],[80.20387,13.15832],[80.20411,13.15774],[80.20424,13.1575],[80.2043,13.15737],[80.20448,13.15706],[80.20465,13.15679],[80.20485,13.1565],[80.20507,13.15619],[80.2051,13.15616]]}},{"type":"Feature","properties":{"name":"Pallavaram Flyover","highway":"trunk","policy":""},"geometry":{"type":"LineString","coordinates":[[80.14679,12.96336],[80.14689,12.9635],[80.14702,12.96355]]}},{"type":"Feature","properties":{"name":"Airport Flyover","highway":"trunk","policy":""},"geometry":{"type":"LineString","coordinates":[[80.17135,12.98427],[80.17154,12.9844]]}},{"type":"Feature","properties":{"name":"Airport Flyover","highway":"trunk","policy":""},"geometry":{"type":"LineString","coordinates":[[80.15841,12.97695],[80.15853,12.97703]]}},{"type":"Feature","properties":{"name":"Moolakadai Flyover","highway":"trunk","policy":""},"geometry":{"type":"LineString","coordinates":[[80.24392,13.12728],[80.24399,13.12723]]}},{"type":"Feature","properties":{"name":"Moolakadai Flyover","highway":"trunk","policy":""},"geometry":{"type":"LineString","coordinates":[[80.24399,13.12714],[80.24389,13.12721]]}},{"type":"Feature","properties":{"name":"Moolakadai Flyover","highway":"trunk","policy":""},"geometry":{"type":"LineString","coordinates":[[80.23915,13.13062],[80.23906,13.13069]]}},{"type":"Feature","properties":{"name":"Moolakadai Flyover","highway":"trunk","policy":""},"geometry":{"type":"LineString","coordinates":[[80.23908,13.13077],[80.23921,13.13068]]}},{"type":"Feature","properties":{"name":"Vyasarpadi Flyover","highway":"trunk","policy":""},"geometry":{"type":"LineString","coordinates":[[80.2637,13.11345],[80.26365,13.11352]]}},{"type":"Feature","properties":{"name":"Vyasarpadi Flyover","highway":"trunk","policy":""},"geometry":{"type":"LineString","coordinates":[[80.26905,13.10743],[80.2691,13.10738]]}},{"type":"Feature","properties":{"name":"Vyasarpadi Flyover","highway":"trunk","policy":""},"geometry":{"type":"LineString","coordinates":[[80.26567,13.11412],[80.26567,13.11398]]}},{"type":"Feature","properties":{"name":"Vyasarpadi Flyover","highway":"trunk","policy":""},"geometry":{"type":"LineString","coordinates":[[80.26913,13.10719],[80.26903,13.1073]]}},{"type":"Feature","properties":{"name":"Senneer Kuppam Flyover","highway":"trunk","policy":""},"geometry":{"type":"LineString","coordinates":[[80.10981,13.0569],[80.11023,13.05687],[80.11028,13.05687],[80.11049,13.05686],[80.11077,13.05685],[80.1108,13.05685]]}},{"type":"Feature","properties":{"name":"Senneer Kuppam Flyover","highway":"trunk","policy":""},"geometry":{"type":"LineString","coordinates":[[80.11744,13.0562],[80.11773,13.05612]]}},{"type":"Feature","properties":{"name":"Senneer Kuppam Flyover","highway":"trunk","policy":""},"geometry":{"type":"LineString","coordinates":[[80.11773,13.05612],[80.11785,13.05609]]}},{"type":"Feature","properties":{"name":"Senneer Kuppam Flyover","highway":"trunk","policy":""},"geometry":{"type":"LineString","coordinates":[[80.10966,13.05691],[80.10981,13.0569]]}},{"type":"Feature","properties":{"name":"Senneer Kuppam Flyover","highway":"trunk","policy":""},"geometry":{"type":"LineString","coordinates":[[80.11762,13.05601],[80.1174,13.05607]]}},{"type":"Feature","properties":{"name":"Senneer Kuppam Flyover","highway":"trunk","policy":""},"geometry":{"type":"LineString","coordinates":[[80.1108,13.0567],[80.11075,13.0567],[80.11039,13.05672],[80.10993,13.05675]]}},{"type":"Feature","properties":{"name":"Senneer Kuppam Flyover","highway":"trunk","policy":""},"geometry":{"type":"LineString","coordinates":[[80.10993,13.05675],[80.10973,13.05677]]}},{"type":"Feature","properties":{"name":"Mumbai Highway","highway":"trunk","policy":""},"geometry":{"type":"LineString","coordinates":[[80.12851,13.05763],[80.12839,13.05756],[80.12826,13.05746],[80.12823,13.05744],[80.1281,13.05734]]}},{"type":"Feature","properties":{"name":"Poonamallee High Road Flyover","highway":"trunk","policy":""},"geometry":{"type":"LineString","coordinates":[[80.1281,13.05734],[80.12804,13.0573],[80.12791,13.05719]]}},{"type":"Feature","properties":{"name":"Poonamallee High Road Flyover","highway":"trunk","policy":""},"geometry":{"type":"LineString","coordinates":[[80.12045,13.05511],[80.11961,13.05537]]}},{"type":"Feature","properties":{"name":"Poonamallee High Road Flyover","highway":"trunk","policy":""},"geometry":{"type":"LineString","coordinates":[[80.11961,13.05537],[80.1195,13.05541]]}},{"type":"Feature","properties":{"name":"Grand Northern Trunk Road","highway":"trunk","policy":""},"geometry":{"type":"LineString","coordinates":[[80.19226,13.18329],[80.1922,13.18352],[80.1921,13.18401],[80.19209,13.18406],[80.19208,13.18412],[80.19206,13.18424]]}},{"type":"Feature","properties":{"name":"Chennai Bypass","highway":"trunk","policy":""},"geometry":{"type":"LineString","coordinates":[[80.19486,13.14177],[80.19509,13.1419],[80.19593,13.14244],[80.19673,13.14306],[80.19725,13.14358]]}},{"type":"Feature","properties":{"name":"Chennai Bypass","highway":"trunk","policy":""},"geometry":{"type":"LineString","coordinates":[[80.19468,13.14168],[80.19486,13.14177]]}},{"type":"Feature","properties":{"name":"Chennai Bypass","highway":"trunk","policy":""},"geometry":{"type":"LineString","coordinates":[[80.19683,13.14297],[80.19605,13.14234],[80.19561,13.14205],[80.19519,13.1418],[80.19496,13.14167]]}},{"type":"Feature","properties":{"name":"Chennai Bypass","highway":"trunk","policy":""},"geometry":{"type":"LineString","coordinates":[[80.19496,13.14167],[80.19476,13.14156]]}},{"type":"Feature","properties":{"name":"Chennai Bypass","highway":"trunk","policy":""},"geometry":{"type":"LineString","coordinates":[[80.19127,13.14052],[80.1925,13.14087],[80.19348,13.14117],[80.19448,13.14158],[80.19468,13.14168]]}},{"type":"Feature","properties":{"name":"Chennai Bypass","highway":"trunk","policy":""},"geometry":{"type":"LineString","coordinates":[[80.19108,13.14047],[80.19127,13.14052]]}},{"type":"Feature","properties":{"name":"Chennai Bypass","highway":"trunk","policy":""},"geometry":{"type":"LineString","coordinates":[[80.19476,13.14156],[80.19454,13.14143],[80.19359,13.14105],[80.19264,13.14075],[80.19128,13.14038]]}},{"type":"Feature","properties":{"name":"Chennai Bypass","highway":"trunk","policy":""},"geometry":{"type":"LineString","coordinates":[[80.19128,13.14038],[80.19108,13.14033]]}},{"type":"Feature","properties":{"name":"Grand Southern Trunk Road","highway":"trunk","policy":""},"geometry":{"type":"LineString","coordinates":[[80.18539,12.99405],[80.18548,12.99409]]}},{"type":"Feature","properties":{"name":"NH48","highway":"trunk","policy":""},"geometry":{"type":"LineString","coordinates":[[80.15983,13.06136],[80.15941,13.06141],[80.15933,13.06142],[80.15921,13.06144],[80.15866,13.06151],[80.15849,13.06153],[80.15833,13.06154],[80.15818,13.06155],[80.15801,13.06155],[80.15785,13.06154],[80.15767,13.06151],[80.15754,13.06148],[80.1574,13.06142],[80.15727,13.06137],[80.15688,13.06115],[80.15662,13.06101],[80.15657,13.06099],[80.15652,13.06096],[80.15635,13.06088],[80.15603,13.06072],[80.15585,13.06064],[80.15563,13.06057],[80.15541,13.06052],[80.15517,13.0605],[80.15495,13.06049],[80.1548,13.06049],[80.15466,13.0605],[80.15462,13.06051],[80.1544,13.06054],[80.15402,13.0606],[80.15298,13.06079],[80.15278,13.06084],[80.15256,13.0609],[80.15239,13.06097],[80.15226,13.06102],[80.15219,13.06105],[80.15206,13.06112],[80.15185,13.06122],[80.15155,13.06138],[80.15148,13.06141]]}},{"type":"Feature","properties":{"name":"NH48","highway":"trunk","policy":""},"geometry":{"type":"LineString","coordinates":[[80.15148,13.06141],[80.15143,13.06144]]}},{"type":"Feature","properties":{"name":"NH48","highway":"trunk","policy":""},"geometry":{"type":"LineString","coordinates":[[80.15153,13.06152],[80.1519,13.06133],[80.15224,13.06116],[80.15244,13.06108],[80.15265,13.061],[80.15287,13.06094],[80.1531,13.06089],[80.15404,13.06072],[80.15441,13.06065],[80.15454,13.06064],[80.15463,13.06063],[80.15489,13.06061],[80.15506,13.06061],[80.15522,13.06061],[80.15535,13.06064],[80.15556,13.06067],[80.15575,13.06073],[80.15594,13.0608],[80.15607,13.06086],[80.15627,13.06096],[80.15645,13.06105],[80.1565,13.06108],[80.15651,13.06109],[80.1568,13.06125],[80.15711,13.06141],[80.1573,13.0615],[80.15748,13.06157],[80.15767,13.06163],[80.15784,13.06166],[80.15803,13.06166],[80.15825,13.06165],[80.15853,13.06163],[80.15872,13.0616],[80.1588,13.06159],[80.15919,13.06154],[80.15932,13.06151]]}},{"type":"Feature","properties":{"name":"NH48","highway":"trunk","policy":""},"geometry":{"type":"LineString","coordinates":[[80.15148,13.06155],[80.15153,13.06152]]}},{"type":"Feature","properties":{"name":"Grand Northern Trunk Road","highway":"trunk","policy":""},"geometry":{"type":"LineString","coordinates":[[80.16977,13.21558],[80.16954,13.21614]]}},{"type":"Feature","properties":{"name":"Grand Northern Trunk Road","highway":"trunk","policy":""},"geometry":{"type":"LineString","coordinates":[[80.16975,13.2162],[80.1699,13.2157],[80.16993,13.21561]]}},{"type":"Feature","properties":{"name":"Grand Northern Trunk Road","highway":"trunk","policy":""},"geometry":{"type":"LineString","coordinates":[[80.16954,13.21614],[80.16938,13.21653],[80.16898,13.21753],[80.16882,13.21808],[80.16876,13.21828],[80.16873,13.21837]]}},{"type":"Feature","properties":{"name":"Grand Northern Trunk Road","highway":"trunk","policy":""},"geometry":{"type":"LineString","coordinates":[[80.16889,13.21841],[80.169,13.21811],[80.16923,13.21762],[80.16963,13.21659],[80.16975,13.2162]]}},{"type":"Feature","properties":{"name":"Pallavaram Flyover","highway":"trunk","policy":""},"geometry":{"type":"LineString","coordinates":[[80.15521,12.97474],[80.15465,12.97434],[80.15376,12.97376],[80.15334,12.97347],[80.15214,12.97269],[80.15183,12.97247],[80.15162,12.97228],[80.15141,12.97205],[80.15123,12.9718],[80.15097,12.9713],[80.15055,12.9704],[80.1502,12.96966],[80.14997,12.96918],[80.14959,12.96837],[80.14912,12.96738],[80.14869,12.96646],[80.14834,12.96573],[80.14808,12.96527]]}},{"type":"Feature","properties":{"name":"Pallavaram Flyover","highway":"trunk","policy":""},"geometry":{"type":"LineString","coordinates":[[80.15568,12.975],[80.15548,12.97494],[80.15521,12.97474]]}},{"type":"Feature","properties":{"name":"Grand Southern Trunk Road Flyover","highway":"trunk","policy":""},"geometry":{"type":"LineString","coordinates":[[80.148,12.96512],[80.14728,12.96388],[80.14728,12.96375]]}},{"type":"Feature","properties":{"name":"Outer Ring Road","highway":"motorway","policy":""},"geometry":{"type":"LineString","coordinates":[[80.23882,13.25329],[80.23524,13.25117],[80.23512,13.25109],[80.23394,13.25032],[80.23358,13.25008],[80.23348,13.25],[80.23317,13.24978],[80.23286,13.24953]]}},{"type":"Feature","properties":{"name":"Outer Ring Road","highway":"motorway","policy":""},"geometry":{"type":"LineString","coordinates":[[80.23284,13.24997],[80.233,13.25009],[80.23331,13.25032],[80.23338,13.25037],[80.23374,13.25062],[80.23438,13.25103],[80.23491,13.25137],[80.23509,13.25148],[80.2358,13.2519],[80.23719,13.25274],[80.23836,13.25344],[80.23864,13.2536]]}},{"type":"Feature","properties":{"name":"Outer Ring Road","highway":"motorway","policy":""},"geometry":{"type":"LineString","coordinates":[[80.2173,13.23714],[80.21717,13.23704]]}},{"type":"Feature","properties":{"name":"Outer Ring Road","highway":"motorway","policy":""},"geometry":{"type":"LineString","coordinates":[[80.21717,13.23704],[80.21671,13.23671],[80.21641,13.2365],[80.21609,13.23628],[80.21565,13.23599]]}},{"type":"Feature","properties":{"name":"Outer Ring Road","highway":"motorway","policy":""},"geometry":{"type":"LineString","coordinates":[[80.21728,13.23759],[80.2179,13.23807],[80.21828,13.23836],[80.21857,13.23859],[80.21873,13.23872]]}},{"type":"Feature","properties":{"name":"Outer Ring Road","highway":"motorway","policy":""},"geometry":{"type":"LineString","coordinates":[[80.21714,13.23747],[80.21728,13.23759]]}},{"type":"Feature","properties":{"name":"Outer Ring Road","highway":"motorway","policy":""},"geometry":{"type":"LineString","coordinates":[[80.19467,13.22325],[80.19455,13.22318]]}},{"type":"Feature","properties":{"name":"Outer Ring Road","highway":"motorway","policy":""},"geometry":{"type":"LineString","coordinates":[[80.19887,13.2256],[80.19829,13.22528],[80.19808,13.22516],[80.19467,13.22325]]}},{"type":"Feature","properties":{"name":"Outer Ring Road","highway":"motorway","policy":""},"geometry":{"type":"LineString","coordinates":[[80.19452,13.22357],[80.19777,13.22539],[80.19799,13.22551],[80.19867,13.22589]]}},{"type":"Feature","properties":{"name":"Outer Ring Road","highway":"motorway","policy":""},"geometry":{"type":"LineString","coordinates":[[80.19441,13.2235],[80.19452,13.22357]]}},{"type":"Feature","properties":{"name":"Outer Ring Road","highway":"motorway","policy":""},"geometry":{"type":"LineString","coordinates":[[80.17157,13.21362],[80.17174,13.21369]]}},{"type":"Feature","properties":{"name":"Outer Ring Road","highway":"motorway","policy":""},"geometry":{"type":"LineString","coordinates":[[80.17186,13.21334],[80.17154,13.2132]]}},{"type":"Feature","properties":{"name":"Chennai Bypass","highway":"trunk","policy":""},"geometry":{"type":"LineString","coordinates":[[80.18098,13.13653],[80.17983,13.1367],[80.17789,13.13697]]}},{"type":"Feature","properties":{"name":"Chennai Bypass","highway":"trunk","policy":""},"geometry":{"type":"LineString","coordinates":[[80.19108,13.14033],[80.19065,13.14021],[80.18979,13.13991],[80.18565,13.1379],[80.18432,13.13722],[80.18371,13.13692],[80.18307,13.13662],[80.18264,13.13651],[80.18242,13.13645]]}},{"type":"Feature","properties":{"name":"Chennai Bypass","highway":"trunk","policy":""},"geometry":{"type":"LineString","coordinates":[[80.18101,13.1367],[80.18161,13.13675],[80.18176,13.13674],[80.18186,13.13674],[80.18236,13.13672]]}},{"type":"Feature","properties":{"name":"Chennai Bypass","highway":"trunk","policy":""},"geometry":{"type":"LineString","coordinates":[[80.17793,13.13712],[80.1793,13.13692],[80.17999,13.13682],[80.18101,13.1367]]}},{"type":"Feature","properties":{"name":"Pattaravakkam Bridge","highway":"trunk","policy":""},"geometry":{"type":"LineString","coordinates":[[80.16427,13.11577],[80.16424,13.11511]]}},{"type":"Feature","properties":{"name":"Pattaravakkam Bridge","highway":"trunk","policy":""},"geometry":{"type":"LineString","coordinates":[[80.1639,13.11393],[80.164,13.11508]]}},{"type":"Feature","properties":{"name":"Chennai Bypass Expressway","highway":"trunk","policy":""},"geometry":{"type":"LineString","coordinates":[[80.14948,13.04294],[80.14945,13.04352],[80.14946,13.04355],[80.14948,13.04404],[80.1495,13.04414]]}},{"type":"Feature","properties":{"name":"Chennai Bypass Expressway","highway":"trunk","policy":""},"geometry":{"type":"LineString","coordinates":[[80.14915,13.03643],[80.14927,13.039],[80.14931,13.03971]]}},{"type":"Feature","properties":{"name":"Chennai Bypass Expressway","highway":"trunk","policy":""},"geometry":{"type":"LineString","coordinates":[[80.14974,13.04413],[80.14976,13.04404],[80.14977,13.04395],[80.1498,13.04359],[80.14974,13.04314],[80.14968,13.04294]]}},{"type":"Feature","properties":{"name":"Chennai Bypass Expressway","highway":"trunk","policy":""},"geometry":{"type":"LineString","coordinates":[[80.14948,13.03969],[80.14945,13.03902],[80.14929,13.03643]]}},{"type":"Feature","properties":{"name":"Chennai Bypass Expressway","highway":"trunk","policy":""},"geometry":{"type":"LineString","coordinates":[[80.14931,13.03971],[80.14944,13.04227],[80.14946,13.04272],[80.14947,13.04279],[80.14948,13.04294]]}},{"type":"Feature","properties":{"name":"Chennai Bypass Expressway","highway":"trunk","policy":""},"geometry":{"type":"LineString","coordinates":[[80.14968,13.04294],[80.14965,13.04277],[80.14965,13.04273],[80.14962,13.04226],[80.14953,13.04081],[80.14949,13.03997],[80.14948,13.03969]]}},{"type":"Feature","properties":{"name":"Chennai Bypass Expressway","highway":"trunk","policy":""},"geometry":{"type":"LineString","coordinates":[[80.1495,13.04414],[80.14964,13.04598],[80.14975,13.04842],[80.14982,13.0494]]}},{"type":"Feature","properties":{"name":"Chennai Bypass Expressway","highway":"trunk","policy":""},"geometry":{"type":"LineString","coordinates":[[80.14999,13.04939],[80.14991,13.04842],[80.14978,13.04598],[80.14976,13.04557],[80.14975,13.04473],[80.14974,13.04413]]}},{"type":"Feature","properties":{"name":"Grand Southern Trunk Road","highway":"trunk","policy":""},"geometry":{"type":"LineString","coordinates":[[80.13957,12.95042],[80.13948,12.9503],[80.13865,12.94932],[80.13837,12.94898],[80.13732,12.94752],[80.13663,12.94656]]}},{"type":"Feature","properties":{"name":"Grand Southern Trunk Road","highway":"trunk","policy":""},"geometry":{"type":"LineString","coordinates":[[80.13949,12.9505],[80.13963,12.95068]]}},{"type":"Feature","properties":{"name":"Grand Southern Trunk Road","highway":"trunk","policy":""},"geometry":{"type":"LineString","coordinates":[[80.13963,12.95068],[80.1407,12.95208],[80.14128,12.95285],[80.14159,12.95337],[80.14171,12.95359],[80.14203,12.95422],[80.14207,12.9543],[80.14219,12.95451],[80.14243,12.95497],[80.14268,12.95548],[80.14305,12.95616]]}},{"type":"Feature","properties":{"name":"Chennai Bypass Expressway","highway":"trunk","policy":""},"geometry":{"type":"LineString","coordinates":[[80.16128,13.08072],[80.16148,13.084],[80.16152,13.08492],[80.16148,13.08559],[80.16129,13.0867],[80.16119,13.08769]]}},{"type":"Feature","properties":{"name":"Chennai Bypass Expressway","highway":"trunk","policy":""},"geometry":{"type":"LineString","coordinates":[[80.16125,13.08019],[80.16128,13.08072]]}},{"type":"Feature","properties":{"name":"Chennai Bypass Expressway","highway":"trunk","policy":""},"geometry":{"type":"LineString","coordinates":[[80.16138,13.0877],[80.16147,13.08673],[80.16162,13.08563],[80.16168,13.08495],[80.16167,13.08435],[80.16164,13.08378],[80.16145,13.08072]]}},{"type":"Feature","properties":{"name":"Chennai Bypass Expressway","highway":"trunk","policy":""},"geometry":{"type":"LineString","coordinates":[[80.16145,13.08072],[80.16143,13.08021]]}},{"type":"Feature","properties":{"name":"Chennai Bypass","highway":"trunk","policy":""},"geometry":{"type":"LineString","coordinates":[[80.16444,13.11808],[80.16596,13.1215]]}},{"type":"Feature","properties":{"name":"Chennai Bypass","highway":"trunk","policy":""},"geometry":{"type":"LineString","coordinates":[[80.16596,13.1215],[80.16608,13.12178]]}},{"type":"Feature","properties":{"name":"Chennai Bypass","highway":"trunk","policy":""},"geometry":{"type":"LineString","coordinates":[[80.16609,13.12145],[80.16517,13.11936],[80.16461,13.11803]]}},{"type":"Feature","properties":{"name":"Chennai Bypass","highway":"trunk","policy":""},"geometry":{"type":"LineString","coordinates":[[80.16622,13.12173],[80.16609,13.12145]]}},{"type":"Feature","properties":{"name":"Pallavaram Flyover","highway":"trunk","policy":""},"geometry":{"type":"LineString","coordinates":[[80.14808,12.96527],[80.148,12.96512]]}},{"type":"Feature","properties":{"name":"Grand Southern Trunk Road","highway":"trunk","policy":""},"geometry":{"type":"LineString","coordinates":[[80.13966,12.95054],[80.13957,12.95042]]}},{"type":"Feature","properties":{"name":"Grand Southern Trunk Road","highway":"trunk","policy":""},"geometry":{"type":"LineString","coordinates":[[80.1853,12.994],[80.18539,12.99405]]}},{"type":"Feature","properties":{"name":"freight corridor","highway":"trunk","policy":""},"geometry":{"type":"LineString","coordinates":[[80.19602,13.00158],[80.19611,13.00147]]}},{"type":"Feature","properties":{"name":"freight corridor","highway":"trunk","policy":""},"geometry":{"type":"LineString","coordinates":[[80.13223,13.13079],[80.13223,13.13073]]}},{"type":"Feature","properties":{"name":"Grand Southern Trunk Road","highway":"trunk","policy":""},"geometry":{"type":"LineString","coordinates":[[80.19611,13.00147],[80.196,13.00138]]}},{"type":"Feature","properties":{"name":"Grand Southern Trunk Road","highway":"trunk","policy":""},"geometry":{"type":"LineString","coordinates":[[80.19602,13.00158],[80.1962,13.0017],[80.19659,13.00197],[80.19676,13.00206],[80.19677,13.00207],[80.197,13.00213],[80.19721,13.00212],[80.19732,13.00212],[80.19811,13.00202],[80.19912,13.00194],[80.19926,13.00193],[80.19939,13.00192],[80.19952,13.00192],[80.19963,13.00194],[80.19978,13.00198],[80.19992,13.00202],[80.20005,13.00207],[80.20014,13.00212],[80.20021,13.00216],[80.2003,13.00223],[80.20036,13.00229],[80.20042,13.00236],[80.20049,13.00247],[80.20053,13.00255],[80.20057,13.00262],[80.2006,13.00272],[80.20063,13.0028],[80.20086,13.00376],[80.201,13.00429],[80.20107,13.00454],[80.20112,13.0047],[80.20117,13.00481],[80.20136,13.00516]]}},{"type":"Feature","properties":{"name":"Grand Southern Trunk Road","highway":"trunk","policy":""},"geometry":{"type":"LineString","coordinates":[[80.196,13.00138],[80.19593,13.00133],[80.19591,13.00131],[80.19587,13.00128],[80.19426,12.99999],[80.19407,12.99984],[80.19362,12.99948],[80.193,12.99899],[80.19263,12.99867],[80.19224,12.99838]]}},{"type":"Feature","properties":{"name":"Wall Tax Road","highway":"trunk","policy":""},"geometry":{"type":"LineString","coordinates":[[80.2735,13.10384],[80.27349,13.10389]]}},{"type":"Feature","properties":{"name":"Pattaravakkam Bridge","highway":"trunk","policy":""},"geometry":{"type":"LineString","coordinates":[[80.164,13.11508],[80.16408,13.11578]]}},{"type":"Feature","properties":{"name":"Pattaravakkam Bridge","highway":"trunk","policy":""},"geometry":{"type":"LineString","coordinates":[[80.16424,13.11511],[80.16412,13.1139]]}},{"type":"Feature","properties":{"name":"Chennai Bypass","highway":"trunk","policy":""},"geometry":{"type":"LineString","coordinates":[[80.20614,13.14784],[80.2043,13.14717]]}},{"type":"Feature","properties":{"name":"Chennai Bypass","highway":"trunk","policy":""},"geometry":{"type":"LineString","coordinates":[[80.10145,12.91573],[80.10131,12.917]]}},{"type":"Feature","properties":{"name":"Chennai Bypass","highway":"trunk","policy":""},"geometry":{"type":"LineString","coordinates":[[80.10131,12.917],[80.10127,12.91724]]}},{"type":"Feature","properties":{"name":"Chennai Bypass","highway":"trunk","policy":""},"geometry":{"type":"LineString","coordinates":[[80.10127,12.91724],[80.10124,12.91749]]}}]}