{"type":"FeatureCollection","features":[{"type":"Feature","properties":{"name":"Mahatma Gandhi Marg","highway":"trunk","policy":"truck entry 23:00-07:00 (CAQM/MCD rule)"},"geometry":{"type":"LineString","coordinates":[[77.23091,28.67233],[77.23066,28.67332],[77.2302,28.67493],[77.23006,28.67584],[77.22996,28.67623],[77.22965,28.67809],[77.22937,28.67918],[77.22934,28.67928]]}},{"type":"Feature","properties":{"name":"Sohna Road","highway":"trunk","policy":"truck entry 23:00-07:00 (CAQM/MCD rule)"},"geometry":{"type":"LineString","coordinates":[[77.04268,28.40947],[77.04272,28.40931],[77.04288,28.40865],[77.0435,28.40653],[77.04453,28.40282]]}},{"type":"Feature","properties":{"name":"NH48","highway":"trunk","policy":"truck entry 23:00-07:00 (CAQM/MCD rule)"},"geometry":{"type":"LineString","coordinates":[[77.14649,28.58562],[77.14651,28.58569],[77.14657,28.58583],[77.14663,28.58593],[77.14687,28.58625],[77.14699,28.58636],[77.14709,28.58644],[77.14716,28.58649],[77.14724,28.58654],[77.14735,28.58661],[77.14746,28.58666],[77.14759,28.58674]]}},{"type":"Feature","properties":{"name":"freight corridor","highway":"trunk","policy":"truck entry 23:00-07:00 (CAQM/MCD rule)"},"geometry":{"type":"LineString","coordinates":[[76.99997,28.4435],[76.99968,28.44383],[76.99954,28.44401]]}},{"type":"Feature","properties":{"name":"Delhi-Gurugram Expressway","highway":"motorway","policy":"truck entry 23:00-07:00 (CAQM/MCD rule)"},"geometry":{"type":"LineString","coordinates":[[77.14834,28.58667],[77.14826,28.58662],[77.14817,28.58656],[77.14786,28.58634],[77.1472,28.58574],[77.14684,28.58539],[77.1465,28.58499],[77.1464,28.58483],[77.14627,28.5845],[77.14604,28.58373],[77.146,28.58357],[77.14576,28.58265],[77.14501,28.57976],[77.1449,28.57933],[77.14462,28.57821],[77.14436,28.57752],[77.14424,28.57719]]}},{"type":"Feature","properties":{"name":"NH248BB","highway":"trunk","policy":"truck entry 23:00-07:00 (CAQM/MCD rule)"},"geometry":{"type":"LineString","coordinates":[[77.08268,28.54004],[77.08348,28.53976],[77.08422,28.53954],[77.08533,28.53924],[77.08617,28.53906],[77.08752,28.5388],[77.0885,28.53864],[77.08915,28.53856],[77.08998,28.53847],[77.09039,28.53843],[77.09087,28.53837],[77.09118,28.53833],[77.09154,28.53826],[77.09195,28.53817],[77.09227,28.5381]]}},{"type":"Feature","properties":{"name":"Shubhash Chowk Underpass","highway":"trunk","policy":"truck entry 23:00-07:00 (CAQM/MCD rule)"},"geometry":{"type":"LineString","coordinates":[[77.03685,28.42895],[77.03629,28.4308],[77.03603,28.4318],[77.03591,28.43248],[77.03589,28.43261]]}},{"type":"Feature","properties":{"name":"Delhi-Gurugram Expressway","highway":"motorway","policy":"truck entry 23:00-07:00 (CAQM/MCD rule)"},"geometry":{"type":"LineString","coordinates":[[77.02661,28.4475],[77.03043,28.44644],[77.03192,28.44597]]}},{"type":"Feature","properties":{"name":"Delhi-Gurugram Expressway","highway":"motorway","policy":"truck entry 23:00-07:00 (CAQM/MCD rule)"},"geometry":{"type":"LineString","coordinates":[[77.03833,28.44825],[77.0386,28.44854],[77.03897,28.44895]]}},{"type":"Feature","properties":{"name":"Delhi-Gurugram Expressway","highway":"motorway","policy":"truck entry 23:00-07:00 (CAQM/MCD rule)"},"geometry":{"type":"LineString","coordinates":[[77.03533,28.44573],[77.03504,28.44565],[77.03453,28.44556],[77.03404,28.44552],[77.0336,28.44551],[77.03316,28.44554],[77.03278,28.4456],[77.03187,28.44582]]}},{"type":"Feature","properties":{"name":"Delhi-Gurugram Expressway","highway":"motorway","policy":"truck entry 23:00-07:00 (CAQM/MCD rule)"},"geometry":{"type":"LineString","coordinates":[[77.00914,28.43433],[77.00815,28.43316],[77.00732,28.43233],[77.00713,28.43213],[77.00658,28.43157],[77.00036,28.42412],[76.99879,28.42144],[76.99752,28.41903],[76.99589,28.41613],[76.99547,28.41537],[76.99518,28.41483],[76.99507,28.41461],[76.99421,28.41303],[76.99389,28.41244],[76.99275,28.41029],[76.99176,28.40848],[76.99105,28.40718],[76.99073,28.4066],[76.98989,28.40504],[76.98962,28.40454],[76.98961,28.40453],[76.98929,28.40392],[76.98897,28.40335],[76.98878,28.403],[76.98849,28.40247],[76.98828,28.40214],[76.98781,28.40156],[76.98636,28.40004],[76.9843,28.39791],[76.98353,28.3971],[76.98326,28.3968],[76.98304,28.39656],[76.98297,28.39648],[76.98279,28.39627],[76.98205,28.39543]]}},{"type":"Feature","properties":{"name":"Delhi-Gurugram Expressway","highway":"motorway","policy":"truck entry 23:00-07:00 (CAQM/MCD rule)"},"geometry":{"type":"LineString","coordinates":[[77.03897,28.44895],[77.03912,28.44906],[77.03915,28.44909],[77.03932,28.44928]]}},{"type":"Feature","properties":{"name":"Delhi-Gurugram Expressway","highway":"motorway","policy":"truck entry 23:00-07:00 (CAQM/MCD rule)"},"geometry":{"type":"LineString","coordinates":[[77.03885,28.44851],[77.03802,28.44757]]}},{"type":"Feature","properties":{"name":"Delhi-Gurugram Expressway","highway":"motorway","policy":"truck entry 23:00-07:00 (CAQM/MCD rule)"},"geometry":{"type":"LineString","coordinates":[[77.04538,28.45565],[77.04674,28.45707]]}},{"type":"Feature","properties":{"name":"Delhi-Gurugram Expressway","highway":"motorway","policy":"truck entry 23:00-07:00 (CAQM/MCD rule)"},"geometry":{"type":"LineString","coordinates":[[77.04475,28.45477],[77.04439,28.45438]]}},{"type":"Feature","properties":{"name":"Delhi-Gurugram Expressway","highway":"motorway","policy":"truck entry 23:00-07:00 (CAQM/MCD rule)"},"geometry":{"type":"LineString","coordinates":[[77.04674,28.45707],[77.04725,28.45759]]}},{"type":"Feature","properties":{"name":"Delhi-Gurugram Expressway","highway":"motorway","policy":"truck entry 23:00-07:00 (CAQM/MCD rule)"},"geometry":{"type":"LineString","coordinates":[[77.04645,28.45653],[77.04475,28.45477]]}},{"type":"Feature","properties":{"name":"Delhi-Gurugram Expressway","highway":"motorway","policy":"truck entry 23:00-07:00 (CAQM/MCD rule)"},"geometry":{"type":"LineString","coordinates":[[77.05102,28.46127],[77.04737,28.45748]]}},{"type":"Feature","properties":{"name":"Delhi-Gurugram Expressway","highway":"motorway","policy":"truck entry 23:00-07:00 (CAQM/MCD rule)"},"geometry":{"type":"LineString","coordinates":[[77.05179,28.46237],[77.05418,28.46487],[77.0547,28.46542]]}},{"type":"Feature","properties":{"name":"Delhi-Gurugram Expressway","highway":"motorway","policy":"truck entry 23:00-07:00 (CAQM/MCD rule)"},"geometry":{"type":"LineString","coordinates":[[77.05541,28.46619],[77.05663,28.46804],[77.05712,28.46858],[77.05741,28.46883],[77.05769,28.46906],[77.06036,28.47117]]}},{"type":"Feature","properties":{"name":"Delhi-Gurugram Expressway","highway":"motorway","policy":"truck entry 23:00-07:00 (CAQM/MCD rule)"},"geometry":{"type":"LineString","coordinates":[[77.05437,28.46475],[77.05293,28.46331],[77.05145,28.46172]]}},{"type":"Feature","properties":{"name":"Delhi-Gurugram Expressway","highway":"motorway","policy":"truck entry 23:00-07:00 (CAQM/MCD rule)"},"geometry":{"type":"LineString","coordinates":[[77.06048,28.47104],[77.05779,28.46892],[77.05731,28.46853],[77.05689,28.46807],[77.05655,28.46763],[77.05558,28.46612],[77.05557,28.4661]]}},{"type":"Feature","properties":{"name":"Delhi-Gurugram Expressway","highway":"motorway","policy":"truck entry 23:00-07:00 (CAQM/MCD rule)"},"geometry":{"type":"LineString","coordinates":[[77.06036,28.47117],[77.06131,28.47193],[77.06183,28.47235],[77.06188,28.47238],[77.06304,28.47332],[77.06334,28.47355],[77.06362,28.47377]]}},{"type":"Feature","properties":{"name":"Delhi-Gurugram Expressway","highway":"motorway","policy":"truck entry 23:00-07:00 (CAQM/MCD rule)"},"geometry":{"type":"LineString","coordinates":[[77.06362,28.47377],[77.06464,28.47457],[77.06552,28.47526],[77.06589,28.47555],[77.06819,28.47736],[77.07039,28.47921],[77.07077,28.47955],[77.07208,28.4809]]}},{"type":"Feature","properties":{"name":"Delhi-Gurugram Expressway","highway":"motorway","policy":"truck entry 23:00-07:00 (CAQM/MCD rule)"},"geometry":{"type":"LineString","coordinates":[[77.06323,28.47322],[77.06071,28.47122],[77.06055,28.4711],[77.06048,28.47104]]}},{"type":"Feature","properties":{"name":"Delhi-Gurugram Expressway","highway":"motorway","policy":"truck entry 23:00-07:00 (CAQM/MCD rule)"},"geometry":{"type":"LineString","coordinates":[[77.07427,28.48323],[77.07471,28.48369],[77.07562,28.48461],[77.08327,28.49264],[77.08528,28.49474]]}},{"type":"Feature","properties":{"name":"Delhi-Gurugram Expressway","highway":"motorway","policy":"truck entry 23:00-07:00 (CAQM/MCD rule)"},"geometry":{"type":"LineString","coordinates":[[77.07421,28.48291],[77.07364,28.48232],[77.07288,28.4815],[77.07264,28.48124],[77.07222,28.4808]]}},{"type":"Feature","properties":{"name":"Delhi-Gurugram Expressway","highway":"motorway","policy":"truck entry 23:00-07:00 (CAQM/MCD rule)"},"geometry":{"type":"LineString","coordinates":[[77.08528,28.49474],[77.08852,28.49808]]}},{"type":"Feature","properties":{"name":"Delhi-Gurugram Expressway","highway":"motorway","policy":"truck entry 23:00-07:00 (CAQM/MCD rule)"},"geometry":{"type":"LineString","coordinates":[[77.08423,28.4933],[77.08347,28.49253],[77.07614,28.48491],[77.07521,28.48395],[77.07433,28.48303],[77.07421,28.48291]]}},{"type":"Feature","properties":{"name":"Delhi-Gurugram Expressway","highway":"motorway","policy":"truck entry 23:00-07:00 (CAQM/MCD rule)"},"geometry":{"type":"LineString","coordinates":[[77.09516,28.5067],[77.09513,28.50632],[77.09505,28.50589],[77.09493,28.5055],[77.09486,28.50528]]}},{"type":"Feature","properties":{"name":"Delhi-Gurugram Expressway","highway":"motorway","policy":"truck entry 23:00-07:00 (CAQM/MCD rule)"},"geometry":{"type":"LineString","coordinates":[[77.0955,28.51777],[77.09749,28.5207]]}},{"type":"Feature","properties":{"name":"freight corridor","highway":"trunk","policy":"truck entry 23:00-07:00 (CAQM/MCD rule)"},"geometry":{"type":"LineString","coordinates":[[77.00616,28.43842],[77.00727,28.43775]]}},{"type":"Feature","properties":{"name":"Delhi-Gurugram Expressway","highway":"motorway","policy":"truck entry 23:00-07:00 (CAQM/MCD rule)"},"geometry":{"type":"LineString","coordinates":[[76.9817,28.39574],[76.98264,28.39662],[76.98272,28.3967],[76.98298,28.39694],[76.98421,28.39801],[76.98628,28.40016],[76.98773,28.40162],[76.98818,28.40222],[76.98839,28.40255],[76.98856,28.40287],[76.98882,28.40334],[76.98952,28.40463],[76.98977,28.4051],[76.99061,28.40664],[76.99081,28.40701],[76.99167,28.40857],[76.99265,28.41037],[76.99379,28.41252],[76.99509,28.41485],[76.9951,28.41487],[76.99579,28.41616],[76.99744,28.41909],[76.99869,28.42153],[77.00028,28.42424],[77.00543,28.43038],[77.00647,28.43162],[77.0072,28.43244],[77.00748,28.43269],[77.00761,28.43284],[77.00775,28.433]]}},{"type":"Feature","properties":{"name":"Delhi-Gurugram Expressway","highway":"motorway","policy":"truck entry 23:00-07:00 (CAQM/MCD rule)"},"geometry":{"type":"LineString","coordinates":[[77.13423,28.56742],[77.13421,28.56714],[77.13421,28.56707],[77.1342,28.56684],[77.13383,28.56093],[77.13375,28.55976],[77.13363,28.5593],[77.13248,28.5555],[77.13203,28.55436],[77.13153,28.55304],[77.13125,28.55255],[77.131,28.55221],[77.1307,28.55191],[77.12964,28.55105]]}},{"type":"Feature","properties":{"name":"Delhi-Gurugram Expressway","highway":"motorway","policy":"truck entry 23:00-07:00 (CAQM/MCD rule)"},"geometry":{"type":"LineString","coordinates":[[77.13077,28.55224],[77.1309,28.55238],[77.13126,28.55285],[77.1313,28.55291],[77.13132,28.55297],[77.13186,28.55442],[77.13229,28.5556],[77.1328,28.55716],[77.13344,28.55936],[77.13355,28.55991],[77.13365,28.56094],[77.13388,28.56497],[77.13393,28.5656]]}},{"type":"Feature","properties":{"name":"Delhi-Gurugram Expressway","highway":"motorway","policy":"truck entry 23:00-07:00 (CAQM/MCD rule)"},"geometry":{"type":"LineString","coordinates":[[77.10778,28.53347],[77.10625,28.53268],[77.10574,28.53232],[77.10555,28.53212],[77.10524,28.53179],[77.10479,28.53116],[77.10474,28.5311],[77.10428,28.53046],[77.1038,28.52972],[77.10269,28.52811],[77.10214,28.52729],[77.10207,28.52718]]}},{"type":"Feature","properties":{"name":"Delhi-Gurugram Expressway","highway":"motorway","policy":"truck entry 23:00-07:00 (CAQM/MCD rule)"},"geometry":{"type":"LineString","coordinates":[[77.10221,28.52773],[77.10309,28.52896],[77.10395,28.53016],[77.10468,28.53127],[77.10508,28.53187],[77.10529,28.53209],[77.10562,28.53245]]}},{"type":"Feature","properties":{"name":"Delhi-Gurugram Expressway","highway":"motorway","policy":"truck entry 23:00-07:00 (CAQM/MCD rule)"},"geometry":{"type":"LineString","coordinates":[[77.09566,28.5177],[77.0954,28.51727],[77.09524,28.517],[77.09494,28.51655],[77.09458,28.51603],[77.09404,28.51519]]}},{"type":"Feature","properties":{"name":"Sohna Road","highway":"trunk","policy":"truck entry 23:00-07:00 (CAQM/MCD rule)"},"geometry":{"type":"LineString","coordinates":[[77.0444,28.40278],[77.04336,28.40652],[77.04256,28.40927],[77.04251,28.40944]]}},{"type":"Feature","properties":{"name":"NH48","highway":"trunk","policy":"truck entry 23:00-07:00 (CAQM/MCD rule)"},"geometry":{"type":"LineString","coordinates":[[77.14759,28.58674],[77.14771,28.5868],[77.14782,28.58686],[77.14813,28.58698],[77.14831,28.58705],[77.14909,28.58733],[77.15104,28.58806]]}},{"type":"Feature","properties":{"name":"Aurobindo Marg","highway":"trunk","policy":"truck entry 23:00-07:00 (CAQM/MCD rule)"},"geometry":{"type":"LineString","coordinates":[[77.2053,28.55374],[77.20549,28.55416],[77.2061,28.55552],[77.20609,28.55568],[77.20619,28.55607],[77.20629,28.55627],[77.2063,28.55634],[77.20636,28.55655],[77.20648,28.55708],[77.20649,28.55712],[77.2065,28.55717],[77.20656,28.55749],[77.20656,28.55752],[77.20666,28.55789],[77.20672,28.55821],[77.20681,28.55866],[77.20687,28.55897],[77.20692,28.55927],[77.20696,28.55948],[77.20697,28.55954],[77.20697,28.55957],[77.20704,28.55988],[77.20713,28.56031],[77.20726,28.56132],[77.20731,28.56172],[77.20742,28.56243],[77.20752,28.56322],[77.20753,28.56373],[77.20753,28.56404],[77.20748,28.56429],[77.20739,28.56451],[77.20735,28.56477],[77.20734,28.56501],[77.20733,28.56513],[77.20733,28.56519],[77.20734,28.56524],[77.20739,28.56541],[77.20747,28.56572]]}},{"type":"Feature","properties":{"name":"Delhi-Gurugram Expressway","highway":"motorway","policy":"truck entry 23:00-07:00 (CAQM/MCD rule)"},"geometry":{"type":"LineString","coordinates":[[77.14424,28.57719],[77.1439,28.57631],[77.14357,28.57578],[77.14281,28.57499],[77.14239,28.57472]]}},{"type":"Feature","properties":{"name":"Delhi-Gurugram Expressway","highway":"motorway","policy":"truck entry 23:00-07:00 (CAQM/MCD rule)"},"geometry":{"type":"LineString","coordinates":[[77.14407,28.57725],[77.14414,28.57746],[77.14446,28.57824],[77.14476,28.57939],[77.14486,28.57976],[77.14623,28.58486],[77.14639,28.58533],[77.14649,28.58562]]}},{"type":"Feature","properties":{"name":"Shubhash Chowk Underpass","highway":"trunk","policy":"truck entry 23:00-07:00 (CAQM/MCD rule)"},"geometry":{"type":"LineString","coordinates":[[77.03604,28.43263],[77.03609,28.43227],[77.03619,28.43182],[77.03629,28.43142],[77.03645,28.43083],[77.03681,28.42961],[77.03699,28.42898]]}},{"type":"Feature","properties":{"name":"Dwarka Expressway","highway":"motorway","policy":"truck entry 23:00-07:00 (CAQM/MCD rule)"},"geometry":{"type":"LineString","coordinates":[[77.04932,28.55284],[77.04895,28.55256],[77.04872,28.55234],[77.04837,28.55193],[77.04771,28.55112],[77.04724,28.55056],[77.04618,28.54935],[77.04582,28.54892],[77.04532,28.54836],[77.04392,28.54683],[77.04282,28.54545],[77.04177,28.54422],[77.04039,28.54269],[77.03922,28.54138]]}},{"type":"Feature","properties":{"name":"NH48","highway":"trunk","policy":"truck entry 23:00-07:00 (CAQM/MCD rule)"},"geometry":{"type":"LineString","coordinates":[[77.16082,28.59183],[77.16074,28.59179],[77.15957,28.59129],[77.15804,28.59065],[77.15754,28.59046],[77.15733,28.59039],[77.15702,28.59027],[77.15622,28.58998],[77.15595,28.58989],[77.15495,28.58949],[77.15392,28.58906],[77.15383,28.58902],[77.15374,28.58898],[77.15371,28.58897],[77.151,28.58787],[77.14962,28.58731],[77.14931,28.58718],[77.14874,28.58692],[77.14852,28.58679],[77.14834,28.58667]]}},{"type":"Feature","properties":{"name":"NH248BB","highway":"trunk","policy":"truck entry 23:00-07:00 (CAQM/MCD rule)"},"geometry":{"type":"LineString","coordinates":[[77.09237,28.53795],[77.09223,28.53798],[77.0919,28.53805],[77.0915,28.53813],[77.09116,28.5382],[77.09084,28.53825],[77.09036,28.53831],[77.08997,28.53835],[77.08914,28.53843],[77.08849,28.53852],[77.08752,28.53869],[77.08615,28.53895],[77.0853,28.53912],[77.08418,28.53942],[77.08344,28.53966],[77.08265,28.53993],[77.08115,28.54049],[77.0804,28.54078],[77.08018,28.54085],[77.08001,28.54091],[77.07987,28.54094],[77.07971,28.54098],[77.07955,28.54103],[77.0776,28.54143],[77.07643,28.5417],[77.07546,28.54194],[77.07484,28.54209],[77.07401,28.54229],[77.07314,28.54246],[77.07217,28.54268],[77.0714,28.54286],[77.07116,28.5429],[77.07074,28.54297],[77.07035,28.54303],[77.07,28.54309],[77.06944,28.54319],[77.06884,28.54332],[77.06764,28.54361],[77.06649,28.54388],[77.06588,28.54402],[77.06431,28.54441],[77.06291,28.54474],[77.06235,28.54484],[77.06162,28.54493]]}},{"type":"Feature","properties":{"name":"NH248BB","highway":"trunk","policy":"truck entry 23:00-07:00 (CAQM/MCD rule)"},"geometry":{"type":"LineString","coordinates":[[77.05779,28.54712],[77.05721,28.5475]]}},{"type":"Feature","properties":{"name":"Mahatma Gandhi Marg","highway":"trunk","policy":"truck entry 23:00-07:00 (CAQM/MCD rule)"},"geometry":{"type":"LineString","coordinates":[[77.23177,28.67013],[77.23182,28.67],[77.23248,28.66845],[77.23265,28.66815],[77.23296,28.66782],[77.23341,28.66746],[77.23391,28.66708],[77.23436,28.66682],[77.23483,28.66659],[77.23502,28.66647],[77.23518,28.66624],[77.23525,28.66603],[77.23534,28.66556],[77.23538,28.6651]]}},{"type":"Feature","properties":{"name":"Ashram Flyover","highway":"motorway","policy":"truck entry 23:00-07:00 (CAQM/MCD rule)"},"geometry":{"type":"LineString","coordinates":[[77.26039,28.57394],[77.26193,28.57495],[77.26338,28.57584],[77.26474,28.57679],[77.26585,28.57751],[77.26644,28.57803]]}},{"type":"Feature","properties":{"name":"Ashram Flyover","highway":"motorway","policy":"truck entry 23:00-07:00 (CAQM/MCD rule)"},"geometry":{"type":"LineString","coordinates":[[77.26049,28.57387],[77.26037,28.57379],[77.25825,28.57243],[77.25756,28.57194],[77.25706,28.57156]]}},{"type":"Feature","properties":{"name":"Delhi-Dehradun Expressway","highway":"motorway","policy":"truck entry 23:00-07:00 (CAQM/MCD rule)"},"geometry":{"type":"LineString","coordinates":[[77.26986,28.63518],[77.26954,28.63814],[77.26925,28.64069],[77.26922,28.64097],[77.26921,28.64101]]}},{"type":"Feature","properties":{"name":"Mahipalpur Flyover","highway":"motorway","policy":"truck entry 23:00-07:00 (CAQM/MCD rule)"},"geometry":{"type":"LineString","coordinates":[[77.11744,28.54127],[77.11788,28.54219],[77.11817,28.54285],[77.11853,28.54345],[77.11895,28.54392],[77.11927,28.54422],[77.11957,28.54444],[77.11989,28.54461],[77.1202,28.54477],[77.12138,28.54535],[77.12288,28.54608],[77.1238,28.54675],[77.12516,28.54781],[77.12526,28.54789],[77.12544,28.54803],[77.1265,28.54883],[77.1292,28.55095]]}},{"type":"Feature","properties":{"name":"Acharya Shri Tulsi Marg","highway":"trunk","policy":"truck entry 23:00-07:00 (CAQM/MCD rule)"},"geometry":{"type":"LineString","coordinates":[[77.17297,28.50417],[77.17278,28.50406],[77.17182,28.50362],[77.17081,28.50323],[77.17079,28.50322],[77.17074,28.5032],[77.17039,28.50307],[77.17034,28.50305],[77.16978,28.50285],[77.16931,28.50263],[77.16882,28.50238],[77.16866,28.5023],[77.16832,28.50217],[77.16826,28.50215],[77.1681,28.50209],[77.16762,28.50191],[77.16752,28.50187],[77.16742,28.50183],[77.16717,28.50174],[77.1671,28.50171],[77.16639,28.50139],[77.16487,28.5007],[77.16326,28.49984],[77.16274,28.4996],[77.16265,28.49956],[77.16222,28.49939],[77.16108,28.49894],[77.16081,28.49883],[77.16052,28.49871],[77.1595,28.49829],[77.15944,28.49826],[77.1589,28.49801],[77.15843,28.49781],[77.1582,28.49772],[77.15753,28.49743],[77.15693,28.49717]]}},{"type":"Feature","properties":{"name":"freight corridor","highway":"motorway","policy":"truck entry 23:00-07:00 (CAQM/MCD rule)"},"geometry":{"type":"LineString","coordinates":[[77.32139,28.55892],[77.32219,28.5585],[77.32264,28.55828],[77.32329,28.55783],[77.32346,28.55774],[77.32471,28.55676],[77.32499,28.55651],[77.32574,28.55586]]}},{"type":"Feature","properties":{"name":"Noida-Greater Noida Expressway","highway":"motorway","policy":"truck entry 23:00-07:00 (CAQM/MCD rule)"},"geometry":{"type":"LineString","coordinates":[[77.35403,28.53487],[77.35394,28.53493],[77.35225,28.53607],[77.3522,28.53611],[77.349,28.53812],[77.34771,28.53892],[77.3441,28.54121],[77.3421,28.54246],[77.33968,28.54394],[77.33886,28.5445],[77.33872,28.5446],[77.33772,28.5453],[77.33696,28.54588],[77.33662,28.54615],[77.33613,28.54655],[77.3348,28.54773],[77.33366,28.54883],[77.33253,28.54989],[77.33159,28.55078],[77.33128,28.55107],[77.33033,28.55194],[77.32952,28.55265],[77.32829,28.55357],[77.32768,28.55403],[77.32688,28.5546],[77.32679,28.55467],[77.32612,28.55522],[77.32515,28.55612],[77.32476,28.55645]]}},{"type":"Feature","properties":{"name":"DND Noida Flyover","highway":"motorway","policy":"truck entry 23:00-07:00 (CAQM/MCD rule)"},"geometry":{"type":"LineString","coordinates":[[77.30967,28.57241],[77.30946,28.57236],[77.30937,28.57234]]}},{"type":"Feature","properties":{"name":"DND Flyway","highway":"motorway","policy":"truck entry 23:00-07:00 (CAQM/MCD rule)"},"geometry":{"type":"LineString","coordinates":[[77.30937,28.57234],[77.30921,28.57231],[77.30881,28.57228],[77.30844,28.57227],[77.30813,28.57229],[77.30778,28.57233],[77.30732,28.57243],[77.30689,28.57256],[77.30643,28.57274],[77.30618,28.57288],[77.30597,28.57302],[77.30596,28.57303],[77.30581,28.57313],[77.30546,28.57336]]}},{"type":"Feature","properties":{"name":"Dadri Main Road","highway":"motorway","policy":"truck entry 23:00-07:00 (CAQM/MCD rule)"},"geometry":{"type":"LineString","coordinates":[[77.32137,28.55884],[77.32045,28.55932]]}},{"type":"Feature","properties":{"name":"Mahatma Gandhi Marg","highway":"trunk","policy":"truck entry 23:00-07:00 (CAQM/MCD rule)"},"geometry":{"type":"LineString","coordinates":[[77.23391,28.66708],[77.23413,28.66685],[77.23431,28.66673],[77.23436,28.66668],[77.23439,28.66663],[77.23442,28.66658],[77.23443,28.66652],[77.23442,28.66647],[77.23442,28.66642],[77.2344,28.66636],[77.23437,28.6663],[77.23431,28.66624],[77.23425,28.66621],[77.2342,28.66619],[77.23412,28.66618],[77.23407,28.66618],[77.23398,28.66618],[77.23387,28.6662],[77.23377,28.66623],[77.23371,28.66626],[77.23344,28.66645]]}},{"type":"Feature","properties":{"name":"Mahatma Gandhi Marg","highway":"trunk","policy":"truck entry 23:00-07:00 (CAQM/MCD rule)"},"geometry":{"type":"LineString","coordinates":[[77.24712,28.62524],[77.24725,28.62471],[77.24761,28.62352],[77.24778,28.62295],[77.24862,28.62042],[77.24868,28.62023],[77.24891,28.61952],[77.24948,28.61779],[77.24959,28.61744],[77.24968,28.61718],[77.24976,28.61689],[77.25028,28.61525],[77.25031,28.61516]]}},{"type":"Feature","properties":{"name":"ITO Flyover","highway":"trunk","policy":"truck entry 23:00-07:00 (CAQM/MCD rule)"},"geometry":{"type":"LineString","coordinates":[[77.24692,28.62882],[77.24693,28.62843],[77.24693,28.62803],[77.24694,28.62753],[77.24694,28.62732],[77.24694,28.62664],[77.24695,28.62637]]}},{"type":"Feature","properties":{"name":"ITO Flyover","highway":"trunk","policy":"truck entry 23:00-07:00 (CAQM/MCD rule)"},"geometry":{"type":"LineString","coordinates":[[77.24682,28.62642],[77.24682,28.62665],[77.24682,28.62737],[77.24682,28.62753],[77.24682,28.62801],[77.24682,28.62841],[77.24678,28.63077]]}},{"type":"Feature","properties":{"name":"Ring Road","highway":"trunk","policy":"truck entry 23:00-07:00 (CAQM/MCD rule)"},"geometry":{"type":"LineString","coordinates":[[77.24396,28.65913],[77.24354,28.65944],[77.24295,28.65986],[77.24191,28.66054],[77.24169,28.66061],[77.24134,28.66081],[77.24098,28.66105]]}},{"type":"Feature","properties":{"name":"ITO Flyover","highway":"trunk","policy":"truck entry 23:00-07:00 (CAQM/MCD rule)"},"geometry":{"type":"LineString","coordinates":[[77.24678,28.63077],[77.24678,28.63101]]}},{"type":"Feature","properties":{"name":"Mahatma Gandhi Marg","highway":"trunk","policy":"truck entry 23:00-07:00 (CAQM/MCD rule)"},"geometry":{"type":"LineString","coordinates":[[77.25472,28.60081],[77.25434,28.60204],[77.25354,28.60474],[77.25169,28.6105],[77.25157,28.61081],[77.25127,28.61172],[77.25096,28.61269],[77.25084,28.61306],[77.25075,28.6133],[77.25045,28.61434],[77.25024,28.61495],[77.24978,28.61636],[77.24952,28.61713],[77.24935,28.61764],[77.24926,28.61793],[77.24919,28.61815],[77.24908,28.61848],[77.24902,28.61868],[77.24901,28.61871],[77.24875,28.61949],[77.24846,28.6204],[77.2484,28.62059],[77.24817,28.6213],[77.24762,28.62299],[77.24704,28.6251]]}},{"type":"Feature","properties":{"name":"Nizamuddin Road Flyover","highway":"trunk","policy":"truck entry 23:00-07:00 (CAQM/MCD rule)"},"geometry":{"type":"LineString","coordinates":[[77.25501,28.6004],[77.25652,28.59576]]}},{"type":"Feature","properties":{"name":"Mahatma Gandhi Marg","highway":"trunk","policy":"truck entry 23:00-07:00 (CAQM/MCD rule)"},"geometry":{"type":"LineString","coordinates":[[77.25674,28.59508],[77.25702,28.59427],[77.25756,28.59264]]}},{"type":"Feature","properties":{"name":"Nizamuddin Railway Station Flyover","highway":"trunk","policy":"truck entry 23:00-07:00 (CAQM/MCD rule)"},"geometry":{"type":"LineString","coordinates":[[77.25911,28.58747],[77.25785,28.59136]]}},{"type":"Feature","properties":{"name":"DND Flyway","highway":"motorway","policy":"truck entry 23:00-07:00 (CAQM/MCD rule)"},"geometry":{"type":"LineString","coordinates":[[77.29945,28.57978],[77.29918,28.57989]]}},{"type":"Feature","properties":{"name":"DND Flyway","highway":"motorway","policy":"truck entry 23:00-07:00 (CAQM/MCD rule)"},"geometry":{"type":"LineString","coordinates":[[77.29923,28.58],[77.29949,28.57991]]}},{"type":"Feature","properties":{"name":"DND Flyway","highway":"motorway","policy":"truck entry 23:00-07:00 (CAQM/MCD rule)"},"geometry":{"type":"LineString","coordinates":[[77.29918,28.57989],[77.29905,28.57993],[77.29841,28.58009],[77.2977,28.58018],[77.29683,28.5802],[77.29619,28.58016],[77.29589,28.58011],[77.29569,28.58007],[77.29516,28.57994],[77.2944,28.57966],[77.29331,28.57919],[77.29234,28.57878]]}},{"type":"Feature","properties":{"name":"DND Flyway","highway":"motorway","policy":"truck entry 23:00-07:00 (CAQM/MCD rule)"},"geometry":{"type":"LineString","coordinates":[[77.29949,28.57991],[77.29967,28.57984],[77.30023,28.5796],[77.30088,28.57923],[77.30136,28.57897],[77.30178,28.57858],[77.30224,28.57802],[77.30308,28.57693]]}},{"type":"Feature","properties":{"name":"Dadri Road","highway":"trunk","policy":"truck entry 23:00-07:00 (CAQM/MCD rule)"},"geometry":{"type":"LineString","coordinates":[[77.29929,28.58543],[77.29903,28.58558],[77.29864,28.58587]]}},{"type":"Feature","properties":{"name":"Dadri Road","highway":"trunk","policy":"truck entry 23:00-07:00 (CAQM/MCD rule)"},"geometry":{"type":"LineString","coordinates":[[77.29981,28.58511],[77.29929,28.58543]]}},{"type":"Feature","properties":{"name":"Dadri Road","highway":"trunk","policy":"truck entry 23:00-07:00 (CAQM/MCD rule)"},"geometry":{"type":"LineString","coordinates":[[77.30278,28.58202],[77.30305,28.58168],[77.30307,28.58164],[77.30314,28.58155],[77.30316,28.58152],[77.30331,28.58132],[77.30343,28.58116],[77.30471,28.5794],[77.30554,28.57827],[77.30659,28.57683],[77.30704,28.57622],[77.30747,28.57564],[77.30825,28.57458]]}},{"type":"Feature","properties":{"name":"Dadri Road","highway":"trunk","policy":"truck entry 23:00-07:00 (CAQM/MCD rule)"},"geometry":{"type":"LineString","coordinates":[[77.29934,28.58561],[77.29968,28.58543],[77.29991,28.58531]]}},{"type":"Feature","properties":{"name":"Dadri Main Road","highway":"trunk","policy":"truck entry 23:00-07:00 (CAQM/MCD rule)"},"geometry":{"type":"LineString","coordinates":[[77.31955,28.55976],[77.31884,28.56009],[77.31838,28.56033],[77.31817,28.56046],[77.31784,28.56076],[77.31765,28.561],[77.3175,28.56121],[77.31739,28.56137],[77.31735,28.56143],[77.31719,28.56184],[77.317,28.56222],[77.31688,28.56253]]}},{"type":"Feature","properties":{"name":"Dadri Main Road","highway":"motorway","policy":"truck entry 23:00-07:00 (CAQM/MCD rule)"},"geometry":{"type":"LineString","coordinates":[[77.32043,28.55942],[77.32139,28.55892]]}},{"type":"Feature","properties":{"name":"Delhi - Meerut Expressway","highway":"motorway","policy":"truck entry 23:00-07:00 (CAQM/MCD rule)"},"geometry":{"type":"LineString","coordinates":[[77.3254,28.62998],[77.32706,28.63051]]}},{"type":"Feature","properties":{"name":"Delhi - Meerut Expressway","highway":"motorway","policy":"truck entry 23:00-07:00 (CAQM/MCD rule)"},"geometry":{"type":"LineString","coordinates":[[77.25588,28.59852],[77.25652,28.59864],[77.25722,28.59885]]}},{"type":"Feature","properties":{"name":"Delhi - Meerut Expressway","highway":"motorway","policy":"truck entry 23:00-07:00 (CAQM/MCD rule)"},"geometry":{"type":"LineString","coordinates":[[77.33881,28.63232],[77.33775,28.63234],[77.3367,28.63235]]}},{"type":"Feature","properties":{"name":"National Highway 24 Bypass Flyover","highway":"trunk","policy":"truck entry 23:00-07:00 (CAQM/MCD rule)"},"geometry":{"type":"LineString","coordinates":[[77.33396,28.63222],[77.33346,28.63216],[77.3331,28.6321],[77.33274,28.63202],[77.33214,28.63186],[77.33172,28.63175]]}},{"type":"Feature","properties":{"name":"Delhi - Meerut Expressway","highway":"motorway","policy":"truck entry 23:00-07:00 (CAQM/MCD rule)"},"geometry":{"type":"LineString","coordinates":[[77.33152,28.632],[77.33179,28.63209],[77.33206,28.63217],[77.33233,28.63224],[77.3326,28.6323],[77.33287,28.63235],[77.33314,28.6324],[77.3334,28.63244],[77.33367,28.63247],[77.33394,28.63249],[77.3342,28.6325]]}},{"type":"Feature","properties":{"name":"Delhi - Meerut Expressway","highway":"motorway","policy":"truck entry 23:00-07:00 (CAQM/MCD rule)"},"geometry":{"type":"LineString","coordinates":[[77.32543,28.62987],[77.32221,28.62884],[77.32104,28.62843],[77.31897,28.62772]]}},{"type":"Feature","properties":{"name":"National Highway 24 Bypass Flyover","highway":"trunk","policy":"truck entry 23:00-07:00 (CAQM/MCD rule)"},"geometry":{"type":"LineString","coordinates":[[77.34859,28.63255],[77.34886,28.63254],[77.35046,28.63254],[77.35103,28.63254],[77.35125,28.63254],[77.35432,28.6325],[77.35529,28.63249]]}},{"type":"Feature","properties":{"name":"Delhi - Meerut Expressway","highway":"motorway","policy":"truck entry 23:00-07:00 (CAQM/MCD rule)"},"geometry":{"type":"LineString","coordinates":[[77.33676,28.63249],[77.33884,28.63249]]}},{"type":"Feature","properties":{"name":"National Highway 24 Bypass Flyover","highway":"trunk","policy":"truck entry 23:00-07:00 (CAQM/MCD rule)"},"geometry":{"type":"LineString","coordinates":[[77.33124,28.63159],[77.33054,28.63136],[77.3298,28.63111],[77.32885,28.63081]]}},{"type":"Feature","properties":{"name":"Akshardham Flyover","highway":"trunk","policy":"truck entry 23:00-07:00 (CAQM/MCD rule)"},"geometry":{"type":"LineString","coordinates":[[77.28238,28.6145],[77.28342,28.61319],[77.284,28.6123]]}},{"type":"Feature","properties":{"name":"Delhi - Meerut Expressway","highway":"motorway","policy":"truck entry 23:00-07:00 (CAQM/MCD rule)"},"geometry":{"type":"LineString","coordinates":[[77.26044,28.59966],[77.26007,28.59949],[77.25873,28.59889],[77.25849,28.59879],[77.25813,28.59865],[77.25759,28.59843],[77.25708,28.59827]]}},{"type":"Feature","properties":{"name":"Noida Link Road","highway":"trunk","policy":"truck entry 23:00-07:00 (CAQM/MCD rule)"},"geometry":{"type":"LineString","coordinates":[[77.28119,28.61607],[77.28063,28.61688],[77.28057,28.61695],[77.28051,28.61706],[77.28044,28.61717],[77.28042,28.61719],[77.27978,28.61821],[77.27974,28.61827],[77.27964,28.61842]]}},{"type":"Feature","properties":{"name":"Dadri Road","highway":"trunk","policy":"truck entry 23:00-07:00 (CAQM/MCD rule)"},"geometry":{"type":"LineString","coordinates":[[77.28516,28.61055],[77.28523,28.61044],[77.28533,28.61027],[77.28605,28.60916],[77.28651,28.60831],[77.28703,28.60738],[77.28739,28.60673]]}},{"type":"Feature","properties":{"name":"Delhi - Meerut Expressway","highway":"motorway","policy":"truck entry 23:00-07:00 (CAQM/MCD rule)"},"geometry":{"type":"LineString","coordinates":[[77.28988,28.61819],[77.29001,28.61823],[77.29634,28.62032],[77.29748,28.62071]]}},{"type":"Feature","properties":{"name":"Delhi - Meerut Expressway","highway":"motorway","policy":"truck entry 23:00-07:00 (CAQM/MCD rule)"},"geometry":{"type":"LineString","coordinates":[[77.26037,28.59996],[77.26587,28.60244]]}},{"type":"Feature","properties":{"name":"Delhi - Meerut Expressway","highway":"motorway","policy":"truck entry 23:00-07:00 (CAQM/MCD rule)"},"geometry":{"type":"LineString","coordinates":[[77.29748,28.62071],[77.29778,28.62082]]}},{"type":"Feature","properties":{"name":"Delhi - Meerut Expressway","highway":"motorway","policy":"truck entry 23:00-07:00 (CAQM/MCD rule)"},"geometry":{"type":"LineString","coordinates":[[77.28423,28.6147],[77.28411,28.61458],[77.28384,28.61428],[77.28333,28.61372],[77.28326,28.61362],[77.28317,28.6135],[77.28306,28.61336],[77.28291,28.61314],[77.28027,28.61021]]}},{"type":"Feature","properties":{"name":"Delhi - Meerut Expressway","highway":"trunk","policy":"truck entry 23:00-07:00 (CAQM/MCD rule)"},"geometry":{"type":"LineString","coordinates":[[77.26698,28.6032],[77.26722,28.60329],[77.26772,28.60349]]}},{"type":"Feature","properties":{"name":"Delhi - Meerut Expressway","highway":"motorway","policy":"truck entry 23:00-07:00 (CAQM/MCD rule)"},"geometry":{"type":"LineString","coordinates":[[77.2659,28.60213],[77.26044,28.59966]]}},{"type":"Feature","properties":{"name":"Delhi - Meerut Expressway","highway":"motorway","policy":"truck entry 23:00-07:00 (CAQM/MCD rule)"},"geometry":{"type":"LineString","coordinates":[[77.29784,28.62069],[77.29755,28.6206]]}},{"type":"Feature","properties":{"name":"NH24 Bypass","highway":"trunk","policy":"truck entry 23:00-07:00 (CAQM/MCD rule)"},"geometry":{"type":"LineString","coordinates":[[77.28259,28.61253],[77.28162,28.61141],[77.28142,28.61119]]}},{"type":"Feature","properties":{"name":"Delhi - Meerut Expressway","highway":"motorway","policy":"truck entry 23:00-07:00 (CAQM/MCD rule)"},"geometry":{"type":"LineString","coordinates":[[77.26731,28.60312],[77.26941,28.60402],[77.2698,28.60419]]}},{"type":"Feature","properties":{"name":"Flyover","highway":"trunk","policy":"truck entry 23:00-07:00 (CAQM/MCD rule)"},"geometry":{"type":"LineString","coordinates":[[77.28783,28.61702],[77.2875,28.61686]]}},{"type":"Feature","properties":{"name":"Flyover","highway":"trunk","policy":"truck entry 23:00-07:00 (CAQM/MCD rule)"},"geometry":{"type":"LineString","coordinates":[[77.2893,28.61764],[77.28898,28.61751],[77.28843,28.61728],[77.288,28.6171],[77.28783,28.61702]]}},{"type":"Feature","properties":{"name":"Delhi - Meerut Expressway","highway":"motorway","policy":"truck entry 23:00-07:00 (CAQM/MCD rule)"},"geometry":{"type":"LineString","coordinates":[[77.28738,28.61709],[77.28769,28.61727]]}},{"type":"Feature","properties":{"name":"Akshardham Flyover","highway":"trunk","policy":"truck entry 23:00-07:00 (CAQM/MCD rule)"},"geometry":{"type":"LineString","coordinates":[[77.2839,28.61223],[77.28329,28.61312],[77.28247,28.6141],[77.28149,28.61558]]}},{"type":"Feature","properties":{"name":"Delhi - Meerut Expressway","highway":"trunk","policy":"truck entry 23:00-07:00 (CAQM/MCD rule)"},"geometry":{"type":"LineString","coordinates":[[77.25893,28.59959],[77.25938,28.5998],[77.26015,28.60015]]}},{"type":"Feature","properties":{"name":"Delhi - Meerut Expressway","highway":"trunk","policy":"truck entry 23:00-07:00 (CAQM/MCD rule)"},"geometry":{"type":"LineString","coordinates":[[77.26015,28.60015],[77.2656,28.6026]]}},{"type":"Feature","properties":{"name":"Delhi - Meerut Expressway","highway":"motorway","policy":"truck entry 23:00-07:00 (CAQM/MCD rule)"},"geometry":{"type":"LineString","coordinates":[[77.30048,28.62174],[77.30571,28.62351],[77.30673,28.62382],[77.30844,28.62443]]}},{"type":"Feature","properties":{"name":"Delhi - Meerut Expressway","highway":"motorway","policy":"truck entry 23:00-07:00 (CAQM/MCD rule)"},"geometry":{"type":"LineString","coordinates":[[77.30879,28.62455],[77.30903,28.62462]]}},{"type":"Feature","properties":{"name":"Delhi - Meerut Expressway","highway":"motorway","policy":"truck entry 23:00-07:00 (CAQM/MCD rule)"},"geometry":{"type":"LineString","coordinates":[[77.30914,28.62451],[77.30883,28.6244]]}},{"type":"Feature","properties":{"name":"Delhi - Meerut Expressway","highway":"motorway","policy":"truck entry 23:00-07:00 (CAQM/MCD rule)"},"geometry":{"type":"LineString","coordinates":[[77.3085,28.62429],[77.3068,28.62369],[77.30055,28.6216]]}},{"type":"Feature","properties":{"name":"Delhi - Meerut Expressway","highway":"motorway","policy":"truck entry 23:00-07:00 (CAQM/MCD rule)"},"geometry":{"type":"LineString","coordinates":[[77.30954,28.62479],[77.31156,28.62545],[77.31419,28.62629],[77.31589,28.62686]]}},{"type":"Feature","properties":{"name":"DND Flyway","highway":"motorway","policy":"truck entry 23:00-07:00 (CAQM/MCD rule)"},"geometry":{"type":"LineString","coordinates":[[77.28676,28.57663],[77.29225,28.57892]]}},{"type":"Feature","properties":{"name":"DND Flyway","highway":"motorway","policy":"truck entry 23:00-07:00 (CAQM/MCD rule)"},"geometry":{"type":"LineString","coordinates":[[77.29234,28.57878],[77.28687,28.57645]]}},{"type":"Feature","properties":{"name":"DND Flyway","highway":"motorway","policy":"truck entry 23:00-07:00 (CAQM/MCD rule)"},"geometry":{"type":"LineString","coordinates":[[77.29225,28.57892],[77.2933,28.57935],[77.29437,28.5798],[77.29453,28.57985],[77.29525,28.5801],[77.29577,28.58022],[77.29627,28.58031],[77.29698,28.58036],[77.29773,28.58031],[77.29841,28.58023],[77.29904,28.58006],[77.2991,28.58005],[77.29923,28.58]]}},{"type":"Feature","properties":{"name":"Delhi - Meerut Expressway","highway":"motorway","policy":"truck entry 23:00-07:00 (CAQM/MCD rule)"},"geometry":{"type":"LineString","coordinates":[[77.31589,28.62686],[77.31786,28.62752],[77.31892,28.62786]]}},{"type":"Feature","properties":{"name":"freight corridor","highway":"trunk","policy":"truck entry 23:00-07:00 (CAQM/MCD rule)"},"geometry":{"type":"LineString","coordinates":[[77.28781,28.6023],[77.28811,28.60252],[77.28844,28.60271],[77.28872,28.60282],[77.28901,28.60293]]}},{"type":"Feature","properties":{"name":"freight corridor","highway":"trunk","policy":"truck entry 23:00-07:00 (CAQM/MCD rule)"},"geometry":{"type":"LineString","coordinates":[[77.28908,28.60278],[77.28852,28.60256],[77.2882,28.60238],[77.28792,28.60218]]}},{"type":"Feature","properties":{"name":"Aurobindo Marg","highway":"trunk","policy":"truck entry 23:00-07:00 (CAQM/MCD rule)"},"geometry":{"type":"LineString","coordinates":[[77.19741,28.53633],[77.19747,28.53644]]}},{"type":"Feature","properties":{"name":"Ring Road","highway":"trunk","policy":"truck entry 23:00-07:00 (CAQM/MCD rule)"},"geometry":{"type":"LineString","coordinates":[[77.239,28.66214],[77.2393,28.66213],[77.23958,28.6621],[77.23978,28.66211],[77.23997,28.66213],[77.2401,28.66214],[77.24026,28.66219],[77.24112,28.66255],[77.24125,28.66258],[77.24137,28.66257],[77.24179,28.66246],[77.24192,28.66245],[77.24206,28.66246],[77.24225,28.66247],[77.24314,28.66243],[77.2434,28.6624],[77.24349,28.66239],[77.24365,28.66236],[77.24384,28.66231],[77.24397,28.66224],[77.2441,28.66216],[77.24426,28.66201],[77.24457,28.66137],[77.24465,28.66118],[77.24473,28.66105],[77.24483,28.66094],[77.24501,28.66076],[77.24524,28.6606],[77.24565,28.6603],[77.24631,28.65985],[77.2481,28.65864],[77.2483,28.65847],[77.24851,28.65812]]}},{"type":"Feature","properties":{"name":"Mahatma Gandhi Marg","highway":"trunk","policy":"truck entry 23:00-07:00 (CAQM/MCD rule)"},"geometry":{"type":"LineString","coordinates":[[77.23662,28.66325],[77.23712,28.66303],[77.23772,28.6628],[77.23837,28.6624],[77.23878,28.66222],[77.239,28.66214]]}},{"type":"Feature","properties":{"name":"Doctor KB Hedgewar Marg","highway":"trunk","policy":"truck entry 23:00-07:00 (CAQM/MCD rule)"},"geometry":{"type":"LineString","coordinates":[[77.15949,28.73678],[77.15959,28.73682],[77.16105,28.73746],[77.16177,28.73767],[77.16239,28.7378],[77.16314,28.73785]]}},{"type":"Feature","properties":{"name":"Grand Trunk Road","highway":"trunk","policy":"truck entry 23:00-07:00 (CAQM/MCD rule)"},"geometry":{"type":"LineString","coordinates":[[77.14954,28.75302],[77.14552,28.7653],[77.14521,28.76622],[77.14486,28.76731],[77.1444,28.76877],[77.14386,28.77069],[77.14357,28.77174]]}},{"type":"Feature","properties":{"name":"Outer Ring Road","highway":"trunk","policy":"truck entry 23:00-07:00 (CAQM/MCD rule)"},"geometry":{"type":"LineString","coordinates":[[77.15257,28.73271],[77.15218,28.73243],[77.15138,28.73191]]}},{"type":"Feature","properties":{"name":"Outer Ring Road","highway":"trunk","policy":"truck entry 23:00-07:00 (CAQM/MCD rule)"},"geometry":{"type":"LineString","coordinates":[[77.15138,28.73191],[77.15056,28.73136]]}},{"type":"Feature","properties":{"name":"NH44","highway":"trunk","policy":"truck entry 23:00-07:00 (CAQM/MCD rule)"},"geometry":{"type":"LineString","coordinates":[[77.15522,28.73593],[77.15572,28.73527]]}},{"type":"Feature","properties":{"name":"NH44","highway":"trunk","policy":"truck entry 23:00-07:00 (CAQM/MCD rule)"},"geometry":{"type":"LineString","coordinates":[[77.15559,28.73519],[77.15511,28.73587]]}},{"type":"Feature","properties":{"name":"Outer Ring Road","highway":"trunk","policy":"truck entry 23:00-07:00 (CAQM/MCD rule)"},"geometry":{"type":"LineString","coordinates":[[77.15046,28.73146],[77.15131,28.73201]]}},{"type":"Feature","properties":{"name":"Shaheed Captain Vikram Batra Flyover","highway":"trunk","policy":"truck entry 23:00-07:00 (CAQM/MCD rule)"},"geometry":{"type":"LineString","coordinates":[[77.15538,28.7347],[77.15649,28.73536]]}},{"type":"Feature","properties":{"name":"Shaheed Captain Vikram Batra Flyover","highway":"trunk","policy":"truck entry 23:00-07:00 (CAQM/MCD rule)"},"geometry":{"type":"LineString","coordinates":[[77.15338,28.7334],[77.15432,28.73405],[77.1548,28.73437],[77.15538,28.7347]]}},{"type":"Feature","properties":{"name":"Shaheed Captain Vikram Batra Flyover","highway":"trunk","policy":"truck entry 23:00-07:00 (CAQM/MCD rule)"},"geometry":{"type":"LineString","coordinates":[[77.1566,28.73525],[77.15546,28.73458]]}},{"type":"Feature","properties":{"name":"Outer Ring Road","highway":"trunk","policy":"truck entry 23:00-07:00 (CAQM/MCD rule)"},"geometry":{"type":"LineString","coordinates":[[77.09531,28.68298],[77.09533,28.68254],[77.09531,28.68245],[77.09528,28.68227],[77.09492,28.68031],[77.09489,28.68017]]}},{"type":"Feature","properties":{"name":"Outer Ring Road Underpass","highway":"trunk","policy":"truck entry 23:00-07:00 (CAQM/MCD rule)"},"geometry":{"type":"LineString","coordinates":[[77.13087,28.70381],[77.13125,28.70424]]}},{"type":"Feature","properties":{"name":"Outer Ring Road","highway":"trunk","policy":"truck entry 23:00-07:00 (CAQM/MCD rule)"},"geometry":{"type":"LineString","coordinates":[[77.14709,28.72908],[77.14588,28.72826],[77.14565,28.7281],[77.14481,28.72745],[77.14359,28.72644],[77.14301,28.72585],[77.14238,28.72506],[77.14177,28.72411],[77.14163,28.72384],[77.14149,28.72358],[77.14144,28.72348],[77.14109,28.72263],[77.1407,28.72169],[77.14065,28.7215],[77.14065,28.7215],[77.14065,28.72149],[77.14057,28.72116],[77.14026,28.71974],[77.14008,28.71889],[77.13979,28.71754],[77.13938,28.71555],[77.13911,28.7146],[77.13888,28.71389],[77.13844,28.71284],[77.13815,28.71225],[77.1378,28.71168]]}},{"type":"Feature","properties":{"name":"Outer Ring Road","highway":"trunk","policy":"truck entry 23:00-07:00 (CAQM/MCD rule)"},"geometry":{"type":"LineString","coordinates":[[77.13767,28.71173],[77.13805,28.7123],[77.13834,28.71287],[77.13878,28.71392],[77.139,28.71464],[77.13927,28.71559],[77.13968,28.71759],[77.13996,28.71889],[77.14015,28.71976],[77.14045,28.7212],[77.14054,28.72151],[77.14054,28.72152],[77.1406,28.72174],[77.14097,28.72267],[77.14132,28.72356],[77.1414,28.72371],[77.14153,28.72394],[77.14165,28.72417],[77.14205,28.72478],[77.14228,28.72513],[77.1429,28.72591],[77.14351,28.72656],[77.14476,28.72756],[77.14579,28.72836],[77.14587,28.72842],[77.147,28.72917]]}},{"type":"Feature","properties":{"name":"Mangolpuri Flyover","highway":"trunk","policy":"truck entry 23:00-07:00 (CAQM/MCD rule)"},"geometry":{"type":"LineString","coordinates":[[77.0964,28.68915],[77.09634,28.68897],[77.09616,28.68792]]}},{"type":"Feature","properties":{"name":"Outer Ring Road","highway":"trunk","policy":"truck entry 23:00-07:00 (CAQM/MCD rule)"},"geometry":{"type":"LineString","coordinates":[[77.09526,28.68343],[77.09533,28.68387],[77.09575,28.68631]]}},{"type":"Feature","properties":{"name":"Mangolpuri Flyover","highway":"trunk","policy":"truck entry 23:00-07:00 (CAQM/MCD rule)"},"geometry":{"type":"LineString","coordinates":[[77.09605,28.68794],[77.09623,28.68899],[77.09629,28.68918]]}},{"type":"Feature","properties":{"name":"Outer Ring Road","highway":"trunk","policy":"truck entry 23:00-07:00 (CAQM/MCD rule)"},"geometry":{"type":"LineString","coordinates":[[77.09588,28.68624],[77.09546,28.68384],[77.09539,28.68343]]}},{"type":"Feature","properties":{"name":"Outer Ring Road Underpass","highway":"trunk","policy":"truck entry 23:00-07:00 (CAQM/MCD rule)"},"geometry":{"type":"LineString","coordinates":[[77.13133,28.70419],[77.13095,28.70375]]}},{"type":"Feature","properties":{"name":"Outer Ring Road","highway":"trunk","policy":"truck entry 23:00-07:00 (CAQM/MCD rule)"},"geometry":{"type":"LineString","coordinates":[[77.09539,28.68343],[77.09533,28.68313]]}},{"type":"Feature","properties":{"name":"Outer Ring Road","highway":"trunk","policy":"truck entry 23:00-07:00 (CAQM/MCD rule)"},"geometry":{"type":"LineString","coordinates":[[77.09446,28.67968],[77.09453,28.68001],[77.09458,28.68035],[77.09462,28.68056],[77.09464,28.68071],[77.09473,28.68115],[77.09498,28.68256],[77.09518,28.683]]}},{"type":"Feature","properties":{"name":"Outer Ring Road","highway":"trunk","policy":"truck entry 23:00-07:00 (CAQM/MCD rule)"},"geometry":{"type":"LineString","coordinates":[[77.09521,28.68314],[77.09526,28.68343]]}},{"type":"Feature","properties":{"name":"freight corridor","highway":"trunk","policy":"truck entry 23:00-07:00 (CAQM/MCD rule)"},"geometry":{"type":"LineString","coordinates":[[77.16618,28.59468],[77.16578,28.59507],[77.16531,28.59563],[77.16477,28.59623]]}},{"type":"Feature","properties":{"name":"Rohtak Road","highway":"trunk","policy":"truck entry 23:00-07:00 (CAQM/MCD rule)"},"geometry":{"type":"LineString","coordinates":[[77.02894,28.68251],[77.02993,28.68247],[77.03084,28.68247],[77.03256,28.68245],[77.03269,28.68245],[77.03287,28.68244],[77.03325,28.68244],[77.03431,28.68242],[77.03492,28.68241],[77.03548,28.6824],[77.03551,28.6824],[77.03781,28.68237],[77.03862,28.68235],[77.03913,28.68235],[77.03949,28.68234],[77.04135,28.68232],[77.04243,28.68231],[77.04515,28.68228],[77.04524,28.68228],[77.04662,28.68227],[77.0474,28.68226],[77.04853,28.68226],[77.05217,28.68222],[77.05224,28.68222],[77.05279,28.68222],[77.05406,28.68221],[77.05428,28.68221],[77.05521,28.68223],[77.05534,28.68223],[77.05685,28.68225],[77.05701,28.68225],[77.05835,28.68227],[77.05904,28.68229],[77.05979,28.68225]]}},{"type":"Feature","properties":{"name":"Rohtak Road","highway":"trunk","policy":"truck entry 23:00-07:00 (CAQM/MCD rule)"},"geometry":{"type":"LineString","coordinates":[[76.99495,28.68523],[76.99488,28.68523],[76.99477,28.68524],[76.99467,28.68525],[76.99456,28.68526],[76.99429,28.68528],[76.99266,28.68541],[76.9923,28.68544],[76.99212,28.68545],[76.98988,28.68566],[76.98949,28.68569],[76.98943,28.6857],[76.98786,28.68583],[76.98539,28.68604],[76.98452,28.68612],[76.98408,28.68616],[76.98397,28.68617],[76.98156,28.68639],[76.98074,28.68646],[76.98055,28.68648],[76.97886,28.68663],[76.97881,28.68664],[76.97867,28.68665],[76.97669,28.68681],[76.97659,28.68682],[76.9755,28.68692],[76.97517,28.68694],[76.9748,28.68697],[76.97398,28.68704],[76.97334,28.68709],[76.97305,28.68712],[76.97266,28.68715],[76.972,28.68721],[76.97117,28.68729],[76.9707,28.68734],[76.97032,28.68736],[76.96876,28.6875],[76.96802,28.68757],[76.96793,28.68758],[76.96697,28.68767],[76.96581,28.68777],[76.96512,28.68783],[76.96492,28.68785],[76.96319,28.68801],[76.96272,28.68805],[76.96238,28.68809]]}},{"type":"Feature","properties":{"name":"Doctor KB Hedgewar Marg","highway":"trunk","policy":"truck entry 23:00-07:00 (CAQM/MCD rule)"},"geometry":{"type":"LineString","coordinates":[[77.22666,28.71392],[77.22667,28.71405],[77.22667,28.71431],[77.22664,28.71464],[77.2263,28.71573],[77.22563,28.71748],[77.22547,28.71778],[77.22522,28.71805],[77.22489,28.7183],[77.2232,28.71934],[77.22311,28.7194],[77.22242,28.71982],[77.22238,28.71984],[77.2222,28.71995],[77.2221,28.71999],[77.2217,28.72014],[77.22165,28.72016],[77.22105,28.72034],[77.22064,28.72045],[77.22045,28.7205],[77.21858,28.72116],[77.21855,28.72118],[77.21852,28.72119],[77.2185,28.7212],[77.21788,28.72144],[77.2176,28.72155],[77.21749,28.7216],[77.21746,28.72161],[77.21727,28.72168],[77.21683,28.72186],[77.21642,28.72202],[77.21315,28.72326],[77.20659,28.72567],[77.20568,28.72601],[77.20499,28.72628],[77.20227,28.7273]]}},{"type":"Feature","properties":{"name":"Grand Trunk Road","highway":"trunk","policy":"truck entry 23:00-07:00 (CAQM/MCD rule)"},"geometry":{"type":"LineString","coordinates":[[77.14127,28.7823],[77.14122,28.78269]]}},{"type":"Feature","properties":{"name":"Grand Trunk Road","highway":"trunk","policy":"truck entry 23:00-07:00 (CAQM/MCD rule)"},"geometry":{"type":"LineString","coordinates":[[77.11921,28.88052],[77.11941,28.87999],[77.11962,28.87946],[77.1198,28.87893],[77.11994,28.87856],[77.12018,28.87793],[77.12064,28.87663]]}},{"type":"Feature","properties":{"name":"Grand Trunk Road","highway":"trunk","policy":"truck entry 23:00-07:00 (CAQM/MCD rule)"},"geometry":{"type":"LineString","coordinates":[[77.14303,28.80238],[77.14294,28.80278]]}},{"type":"Feature","properties":{"name":"Grand Trunk Road","highway":"trunk","policy":"truck entry 23:00-07:00 (CAQM/MCD rule)"},"geometry":{"type":"LineString","coordinates":[[77.13566,28.81226],[77.13441,28.81655],[77.13416,28.81735],[77.1338,28.81855]]}},{"type":"Feature","properties":{"name":"Grand Trunk Road","highway":"trunk","policy":"truck entry 23:00-07:00 (CAQM/MCD rule)"},"geometry":{"type":"LineString","coordinates":[[77.14314,28.80285],[77.14324,28.80243]]}},{"type":"Feature","properties":{"name":"Grand Trunk Road","highway":"trunk","policy":"truck entry 23:00-07:00 (CAQM/MCD rule)"},"geometry":{"type":"LineString","coordinates":[[77.14141,28.78267],[77.14144,28.78232]]}},{"type":"Feature","properties":{"name":"Grand Trunk Road","highway":"trunk","policy":"truck entry 23:00-07:00 (CAQM/MCD rule)"},"geometry":{"type":"LineString","coordinates":[[77.14375,28.77177],[77.14404,28.7707],[77.14461,28.76876],[77.14503,28.76734],[77.14792,28.75851],[77.1497,28.75307]]}},{"type":"Feature","properties":{"name":"Grand Trunk Road","highway":"trunk","policy":"truck entry 23:00-07:00 (CAQM/MCD rule)"},"geometry":{"type":"LineString","coordinates":[[77.14397,28.79584],[77.14403,28.79524],[77.14402,28.7947],[77.14398,28.79386],[77.14381,28.79306],[77.14346,28.79216]]}},{"type":"Feature","properties":{"name":"Grand Trunk Road","highway":"trunk","policy":"truck entry 23:00-07:00 (CAQM/MCD rule)"},"geometry":{"type":"LineString","coordinates":[[77.14122,28.78269],[77.14084,28.78613],[77.14088,28.78699],[77.141,28.78771],[77.14115,28.78846],[77.14139,28.78911],[77.14189,28.78993],[77.14264,28.79104],[77.1433,28.7922]]}},{"type":"Feature","properties":{"name":"Aurobindo Marg","highway":"trunk","policy":"truck entry 23:00-07:00 (CAQM/MCD rule)"},"geometry":{"type":"LineString","coordinates":[[77.20853,28.56952],[77.20875,28.57006],[77.20899,28.57133],[77.20904,28.57171]]}},{"type":"Feature","properties":{"name":"Aurobindo Marg","highway":"trunk","policy":"truck entry 23:00-07:00 (CAQM/MCD rule)"},"geometry":{"type":"LineString","coordinates":[[77.20759,28.56573],[77.20761,28.56538],[77.20766,28.56515],[77.20768,28.5647],[77.20768,28.56447],[77.20763,28.56423],[77.20765,28.56402],[77.20766,28.56362],[77.20765,28.56344],[77.20764,28.56318],[77.20762,28.56304],[77.20761,28.56287],[77.20748,28.56169],[77.20748,28.56163],[77.20745,28.56149],[77.20722,28.5602],[77.20702,28.55919],[77.20693,28.55873],[77.20675,28.55798]]}},{"type":"Feature","properties":{"name":"Loni Road","highway":"trunk","policy":"truck entry 23:00-07:00 (CAQM/MCD rule)"},"geometry":{"type":"LineString","coordinates":[[77.27638,28.79253],[77.27636,28.79271],[77.27634,28.79277],[77.27633,28.79282],[77.27628,28.79309],[77.27621,28.79352],[77.27596,28.7947],[77.27594,28.79489],[77.27585,28.79539],[77.27568,28.79618],[77.27563,28.79639],[77.27547,28.79675],[77.27534,28.797],[77.27517,28.79761],[77.27506,28.79815],[77.27493,28.79875],[77.27485,28.79909],[77.27481,28.7993],[77.27478,28.79945],[77.27461,28.80028],[77.27447,28.80099],[77.27441,28.80135],[77.27432,28.80179],[77.27427,28.80241],[77.27419,28.80287],[77.27418,28.8029],[77.27405,28.80323],[77.27384,28.80416],[77.27383,28.80424],[77.27379,28.8046],[77.27372,28.80514],[77.27362,28.8059],[77.27351,28.80645],[77.27344,28.80681],[77.27333,28.80731],[77.27325,28.80765],[77.27321,28.80784],[77.27319,28.80792],[77.27306,28.80843],[77.27304,28.80853],[77.27303,28.80866],[77.27303,28.80875],[77.27304,28.80903],[77.27304,28.80922],[77.27303,28.80941],[77.27304,28.8097],[77.27304,28.80988],[77.27308,28.81024],[77.2731,28.81036],[77.27317,28.81067],[77.27322,28.81097],[77.27326,28.81114],[77.27328,28.81123],[77.2733,28.81134],[77.27351,28.81253],[77.27365,28.81329],[77.27371,28.81367],[77.27373,28.81383],[77.27375,28.81398]]}},{"type":"Feature","properties":{"name":"Dadri Road","highway":"trunk","policy":"truck entry 23:00-07:00 (CAQM/MCD rule)"},"geometry":{"type":"LineString","coordinates":[[77.30812,28.57453],[77.30734,28.57557],[77.30692,28.57615],[77.30457,28.57932],[77.30306,28.58136],[77.30301,28.58143],[77.30272,28.58182],[77.30215,28.5826],[77.30141,28.58361],[77.30123,28.58385],[77.30108,28.58404],[77.30099,28.58413]]}},{"type":"Feature","properties":{"name":"Dadri Road","highway":"trunk","policy":"truck entry 23:00-07:00 (CAQM/MCD rule)"},"geometry":{"type":"LineString","coordinates":[[77.30825,28.57458],[77.30876,28.57391],[77.30917,28.57337],[77.30953,28.57289]]}},{"type":"Feature","properties":{"name":"freight corridor","highway":"trunk","policy":"truck entry 23:00-07:00 (CAQM/MCD rule)"},"geometry":{"type":"LineString","coordinates":[[77.26061,28.67185],[77.26096,28.67167],[77.26127,28.67147],[77.26143,28.67133],[77.26158,28.67121],[77.26206,28.6708],[77.26237,28.67053],[77.2625,28.67045],[77.26265,28.67038],[77.26284,28.67029],[77.263,28.67024],[77.26309,28.67023],[77.26319,28.67022]]}},{"type":"Feature","properties":{"name":"Mathura Road","highway":"trunk","policy":"truck entry 23:00-07:00 (CAQM/MCD rule)"},"geometry":{"type":"LineString","coordinates":[[77.31189,28.39874],[77.31176,28.40047],[77.31167,28.4016],[77.31163,28.40224],[77.3115,28.40408],[77.31145,28.40461],[77.31142,28.40493],[77.31136,28.40562],[77.31125,28.40685],[77.31124,28.40698],[77.31122,28.40723],[77.31121,28.40734],[77.31095,28.41033],[77.31094,28.41053],[77.3109,28.41101],[77.31088,28.41124]]}},{"type":"Feature","properties":{"name":"Okhla Estate Marg Flyover","highway":"trunk","policy":"truck entry 23:00-07:00 (CAQM/MCD rule)"},"geometry":{"type":"LineString","coordinates":[[77.28472,28.53657],[77.2849,28.53627],[77.2858,28.53467]]}},{"type":"Feature","properties":{"name":"Okhla Estate Marg Flyover","highway":"trunk","policy":"truck entry 23:00-07:00 (CAQM/MCD rule)"},"geometry":{"type":"LineString","coordinates":[[77.28548,28.53496],[77.28477,28.53621],[77.28463,28.53647],[77.2846,28.53652]]}},{"type":"Feature","properties":{"name":"Mayur Vihar Flyover","highway":"trunk","policy":"truck entry 23:00-07:00 (CAQM/MCD rule)"},"geometry":{"type":"LineString","coordinates":[[77.29842,28.58615],[77.29798,28.58666],[77.29762,28.58727],[77.29738,28.5877]]}},{"type":"Feature","properties":{"name":"Dadri Road","highway":"trunk","policy":"truck entry 23:00-07:00 (CAQM/MCD rule)"},"geometry":{"type":"LineString","coordinates":[[77.29883,28.58603],[77.29903,28.58584],[77.29934,28.58561]]}},{"type":"Feature","properties":{"name":"Mayur Vihar Flyover","highway":"trunk","policy":"truck entry 23:00-07:00 (CAQM/MCD rule)"},"geometry":{"type":"LineString","coordinates":[[77.29379,28.59396],[77.29442,28.59288],[77.29499,28.59194],[77.29564,28.59093],[77.29595,28.59046],[77.2963,28.58988],[77.29674,28.58913],[77.29722,28.58825],[77.29747,28.58775]]}},{"type":"Feature","properties":{"name":"Sachivalaya Road Flyover","highway":"trunk","policy":"truck entry 23:00-07:00 (CAQM/MCD rule)"},"geometry":{"type":"LineString","coordinates":[[77.24972,28.6352],[77.24813,28.63522],[77.24795,28.63522]]}},{"type":"Feature","properties":{"name":"Sachivalaya Road Flyover","highway":"trunk","policy":"truck entry 23:00-07:00 (CAQM/MCD rule)"},"geometry":{"type":"LineString","coordinates":[[77.25642,28.63586],[77.25623,28.63538],[77.25618,28.63527],[77.25612,28.63516],[77.25604,28.63506],[77.25596,28.63497],[77.25586,28.63489],[77.25575,28.63482],[77.25564,28.63476],[77.25551,28.63472],[77.25538,28.63469],[77.25525,28.63467],[77.25512,28.63467],[77.25498,28.63468],[77.25494,28.63468],[77.25469,28.63473],[77.25436,28.63481],[77.25336,28.63507],[77.25282,28.63518],[77.25235,28.63521],[77.25165,28.63521],[77.24972,28.6352]]}},{"type":"Feature","properties":{"name":"Sachivalaya Road Flyover","highway":"trunk","policy":"truck entry 23:00-07:00 (CAQM/MCD rule)"},"geometry":{"type":"LineString","coordinates":[[77.24701,28.63382],[77.24702,28.6345],[77.24702,28.63471],[77.24703,28.63483],[77.24706,28.63494],[77.24712,28.63505],[77.2472,28.63515],[77.2473,28.63523],[77.24741,28.63529],[77.24754,28.63533],[77.24767,28.63535],[77.24974,28.63533],[77.25249,28.63534],[77.25282,28.63532],[77.25326,28.63529]]}},{"type":"Feature","properties":{"name":"Sachivalaya Road Flyover","highway":"trunk","policy":"truck entry 23:00-07:00 (CAQM/MCD rule)"},"geometry":{"type":"LineString","coordinates":[[77.24672,28.63225],[77.24683,28.63247],[77.2469,28.63267]]}},{"type":"Feature","properties":{"name":"Gurgaon Rewari Narnaul Singhana Road","highway":"trunk","policy":"truck entry 23:00-07:00 (CAQM/MCD rule)"},"geometry":{"type":"LineString","coordinates":[[76.98175,28.44188],[76.9818,28.44194],[76.98211,28.44203],[76.98218,28.44204],[76.98326,28.44227],[76.98343,28.44232],[76.98349,28.44233],[76.98371,28.44239],[76.98378,28.44242],[76.9842,28.44255],[76.98465,28.4427],[76.98517,28.44289],[76.98531,28.44295],[76.98577,28.44315],[76.98622,28.44334],[76.98643,28.44344],[76.98676,28.4436],[76.98717,28.44377],[76.98719,28.44378],[76.9873,28.44383],[76.98789,28.4441],[76.98861,28.44444],[76.98918,28.44472],[76.98967,28.44498],[76.99008,28.44521],[76.99064,28.44552],[76.99161,28.44601],[76.99183,28.44612],[76.99236,28.44635],[76.99256,28.44643],[76.99301,28.44661],[76.99349,28.44681],[76.99408,28.44705],[76.99437,28.44717],[76.99448,28.44721],[76.99488,28.44738],[76.99517,28.4475],[76.99519,28.44751],[76.99522,28.44752],[76.9955,28.44764],[76.99568,28.44771],[76.99593,28.44782],[76.99682,28.44818]]}},{"type":"Feature","properties":{"name":"Acharya Shri Tulsi Marg","highway":"trunk","policy":"truck entry 23:00-07:00 (CAQM/MCD rule)"},"geometry":{"type":"LineString","coordinates":[[77.17455,28.50579],[77.17482,28.50605],[77.17561,28.50686],[77.17571,28.50695],[77.17608,28.50727],[77.17613,28.50732],[77.17623,28.50739],[77.17656,28.50765]]}},{"type":"Feature","properties":{"name":"Aurobindo Marg","highway":"trunk","policy":"truck entry 23:00-07:00 (CAQM/MCD rule)"},"geometry":{"type":"LineString","coordinates":[[77.19742,28.53609],[77.19721,28.53568],[77.19679,28.53468],[77.19651,28.53393],[77.19636,28.53358],[77.19623,28.53338],[77.19593,28.53299],[77.19561,28.53259],[77.19511,28.532]]}},{"type":"Feature","properties":{"name":"Delhi Eastern Peripheral Expressway","highway":"motorway","policy":"truck entry 23:00-07:00 (CAQM/MCD rule)"},"geometry":{"type":"LineString","coordinates":[[77.23002,28.88789],[77.23109,28.88718],[77.23175,28.88676],[77.23277,28.88601],[77.2335,28.88545],[77.23395,28.88506],[77.23456,28.88454],[77.23542,28.88376],[77.23806,28.88157],[77.23939,28.88062],[77.24073,28.87984],[77.24145,28.87949],[77.24196,28.87923],[77.24269,28.87892],[77.24342,28.87862],[77.2447,28.8781],[77.24686,28.87745],[77.24796,28.8772],[77.24899,28.87701]]}},{"type":"Feature","properties":{"name":"NH9","highway":"trunk","policy":"truck entry 23:00-07:00 (CAQM/MCD rule)"},"geometry":{"type":"LineString","coordinates":[[76.86632,28.72108],[76.86624,28.72114],[76.86577,28.72142],[76.86533,28.72165],[76.86408,28.72211],[76.86248,28.72272],[76.86199,28.72296],[76.85943,28.72436],[76.85664,28.72587],[76.85534,28.72659],[76.85372,28.72756],[76.85185,28.72871],[76.85113,28.72916],[76.85059,28.72941],[76.85023,28.72958],[76.84952,28.72986],[76.8485,28.73023],[76.84834,28.73029],[76.84722,28.7307],[76.84598,28.73114],[76.84549,28.73128],[76.84349,28.73191],[76.84085,28.73278],[76.84065,28.73284],[76.84051,28.73289]]}},{"type":"Feature","properties":{"name":"Delhi Western Peripheral Expressway","highway":"motorway","policy":"truck entry 23:00-07:00 (CAQM/MCD rule)"},"geometry":{"type":"LineString","coordinates":[[76.86509,28.42372],[76.86597,28.42013],[76.86599,28.42003],[76.86647,28.41802],[76.86685,28.41639],[76.8671,28.41505],[76.86721,28.41433],[76.86735,28.41298],[76.86736,28.41283]]}},{"type":"Feature","properties":{"name":"Delhi-Gurugram Expressway","highway":"motorway","policy":"truck entry 23:00-07:00 (CAQM/MCD rule)"},"geometry":{"type":"LineString","coordinates":[[77.03944,28.44917],[77.03898,28.44869],[77.03885,28.44851]]}},{"type":"Feature","properties":{"name":"Delhi-Gurugram Expressway","highway":"motorway","policy":"truck entry 23:00-07:00 (CAQM/MCD rule)"},"geometry":{"type":"LineString","coordinates":[[77.03932,28.44928],[77.04425,28.45448]]}},{"type":"Feature","properties":{"name":"Delhi-Gurugram Expressway","highway":"motorway","policy":"truck entry 23:00-07:00 (CAQM/MCD rule)"},"geometry":{"type":"LineString","coordinates":[[77.04725,28.45759],[77.05086,28.46139]]}},{"type":"Feature","properties":{"name":"Delhi-Gurugram Expressway","highway":"motorway","policy":"truck entry 23:00-07:00 (CAQM/MCD rule)"},"geometry":{"type":"LineString","coordinates":[[77.04737,28.45748],[77.04645,28.45653]]}},{"type":"Feature","properties":{"name":"Delhi-Gurugram Expressway","highway":"motorway","policy":"truck entry 23:00-07:00 (CAQM/MCD rule)"},"geometry":{"type":"LineString","coordinates":[[77.04439,28.45438],[77.03944,28.44917]]}},{"type":"Feature","properties":{"name":"Delhi-Gurugram Expressway","highway":"motorway","policy":"truck entry 23:00-07:00 (CAQM/MCD rule)"},"geometry":{"type":"LineString","coordinates":[[77.04425,28.45448],[77.04538,28.45565]]}},{"type":"Feature","properties":{"name":"Mahipalpur Flyover","highway":"motorway","policy":"truck entry 23:00-07:00 (CAQM/MCD rule)"},"geometry":{"type":"LineString","coordinates":[[77.11715,28.54012],[77.11632,28.53842]]}},{"type":"Feature","properties":{"name":"Delhi Western Peripheral Expressway","highway":"motorway","policy":"truck entry 23:00-07:00 (CAQM/MCD rule)"},"geometry":{"type":"LineString","coordinates":[[76.86708,28.40308],[76.86709,28.40363],[76.86714,28.40571]]}},{"type":"Feature","properties":{"name":"Delhi Western Peripheral Expressway","highway":"motorway","policy":"truck entry 23:00-07:00 (CAQM/MCD rule)"},"geometry":{"type":"LineString","coordinates":[[76.86726,28.40282],[76.86715,28.39532]]}},{"type":"Feature","properties":{"name":"Delhi Western Peripheral Expressway","highway":"motorway","policy":"truck entry 23:00-07:00 (CAQM/MCD rule)"},"geometry":{"type":"LineString","coordinates":[[76.86694,28.39525],[76.86698,28.39732],[76.86707,28.4028]]}},{"type":"Feature","properties":{"name":"Delhi Western Peripheral Expressway","highway":"motorway","policy":"truck entry 23:00-07:00 (CAQM/MCD rule)"},"geometry":{"type":"LineString","coordinates":[[76.86727,28.40309],[76.86726,28.40282]]}},{"type":"Feature","properties":{"name":"Delhi Western Peripheral Expressway","highway":"motorway","policy":"truck entry 23:00-07:00 (CAQM/MCD rule)"},"geometry":{"type":"LineString","coordinates":[[76.86707,28.4028],[76.86708,28.40308]]}},{"type":"Feature","properties":{"name":"Mathura Road","highway":"trunk","policy":"truck entry 23:00-07:00 (CAQM/MCD rule)"},"geometry":{"type":"LineString","coordinates":[[77.30194,28.4979],[77.30222,28.49744],[77.30236,28.49722],[77.30249,28.49699],[77.30261,28.49678],[77.30268,28.4966],[77.30274,28.49639],[77.3028,28.49618],[77.30288,28.49582],[77.30305,28.49509],[77.30322,28.49435],[77.30351,28.49306],[77.30369,28.49235],[77.3039,28.49159],[77.30404,28.49087],[77.3042,28.4901]]}},{"type":"Feature","properties":{"name":"Mathura Road","highway":"trunk","policy":"truck entry 23:00-07:00 (CAQM/MCD rule)"},"geometry":{"type":"LineString","coordinates":[[77.3055,28.47478],[77.30537,28.47598],[77.30524,28.47772]]}},{"type":"Feature","properties":{"name":"Mathura Road","highway":"trunk","policy":"truck entry 23:00-07:00 (CAQM/MCD rule)"},"geometry":{"type":"LineString","coordinates":[[77.30587,28.47248],[77.30596,28.47145],[77.30607,28.47048],[77.3061,28.47025],[77.3062,28.46898],[77.30632,28.46766],[77.30641,28.46655],[77.30645,28.46612]]}},{"type":"Feature","properties":{"name":"Mathura Road","highway":"trunk","policy":"truck entry 23:00-07:00 (CAQM/MCD rule)"},"geometry":{"type":"LineString","coordinates":[[77.30525,28.48018],[77.3054,28.47846],[77.30548,28.47753],[77.30562,28.47633]]}},{"type":"Feature","properties":{"name":"Baba Banda Singh Bahadur Setu","highway":"trunk","policy":"truck entry 23:00-07:00 (CAQM/MCD rule)"},"geometry":{"type":"LineString","coordinates":[[77.23405,28.57969],[77.23454,28.5797],[77.23477,28.57971],[77.23489,28.57972],[77.2355,28.57989],[77.23592,28.58009],[77.23638,28.5805],[77.23672,28.58097],[77.23721,28.58203],[77.23742,28.58238],[77.23762,28.58264],[77.23788,28.58287],[77.23808,28.58304],[77.23939,28.58414],[77.24108,28.58555],[77.2422,28.58649],[77.24268,28.58682],[77.24311,28.58697],[77.24336,28.58705],[77.24367,28.58712],[77.24408,28.58714],[77.24427,28.58713],[77.24443,28.58712],[77.24454,28.58709],[77.24496,28.58699],[77.24531,28.58687],[77.24611,28.58662],[77.24653,28.58654],[77.24694,28.58654],[77.24743,28.58662],[77.24861,28.58694],[77.24916,28.58706],[77.24957,28.58708],[77.2498,28.58707],[77.24999,28.58705],[77.25018,28.58701],[77.25039,28.58695],[77.25074,28.58682],[77.25101,28.58668],[77.25143,28.58637],[77.25205,28.58584],[77.25265,28.58531],[77.2538,28.58443],[77.25409,28.58422],[77.25473,28.58372],[77.25509,28.58343],[77.25597,28.58281],[77.25628,28.58262],[77.25676,28.58239],[77.2573,28.5822],[77.25785,28.58211],[77.25836,28.58206],[77.25868,28.58205]]}},{"type":"Feature","properties":{"name":"Baba Banda Singh Bahadur Setu","highway":"trunk","policy":"truck entry 23:00-07:00 (CAQM/MCD rule)"},"geometry":{"type":"LineString","coordinates":[[77.26456,28.58328],[77.26332,28.58264],[77.26296,28.58247],[77.26254,28.58231],[77.26223,28.58221],[77.26189,28.58213],[77.26122,28.582],[77.26085,28.58196],[77.26015,28.58192],[77.25869,28.58195],[77.25832,28.58197],[77.25795,28.58199],[77.25764,28.58203],[77.25733,28.5821],[77.25681,28.58227],[77.25639,28.58245],[77.25613,28.58258],[77.25569,28.58288],[77.25485,28.5835],[77.25403,28.58415],[77.25367,28.58441],[77.25348,28.58456],[77.25305,28.58488],[77.25201,28.58573],[77.25159,28.58612],[77.25115,28.58648],[77.2507,28.58674],[77.25035,28.58687],[77.25007,28.58694],[77.2498,28.58698],[77.24938,28.58699],[77.24905,28.58696],[77.24869,28.58686],[77.2478,28.58663],[77.24737,28.58651],[77.24695,28.58645],[77.24662,28.58645],[77.24621,28.58651],[77.24585,28.58658],[77.24522,28.5868],[77.24501,28.58686],[77.24451,28.587],[77.24428,28.58703],[77.24404,28.58704],[77.24376,28.58703],[77.24365,28.58702],[77.24334,28.58697],[77.24297,28.58684],[77.24266,28.58669],[77.24223,28.58639],[77.24118,28.58551],[77.2407,28.58511],[77.24022,28.58471],[77.2401,28.58462],[77.23931,28.58395],[77.2378,28.58267],[77.23762,28.58247],[77.23736,28.58212],[77.23727,28.58193],[77.23687,28.58106],[77.23667,28.58071],[77.23636,28.58033],[77.23598,28.58003],[77.23562,28.57984],[77.23526,28.57971],[77.23473,28.5796],[77.23406,28.57959]]}},{"type":"Feature","properties":{"name":"Barapullah Road","highway":"trunk","policy":"truck entry 23:00-07:00 (CAQM/MCD rule)"},"geometry":{"type":"LineString","coordinates":[[77.23406,28.57959],[77.23194,28.57954],[77.23099,28.57953],[77.23058,28.57953],[77.22927,28.57957],[77.22831,28.5796],[77.22819,28.5796]]}},{"type":"Feature","properties":{"name":"Delhi - Meerut Expressway","highway":"motorway","policy":"truck entry 23:00-07:00 (CAQM/MCD rule)"},"geometry":{"type":"LineString","coordinates":[[77.31897,28.62772],[77.31596,28.62672]]}},{"type":"Feature","properties":{"name":"Delhi - Meerut Expressway","highway":"motorway","policy":"truck entry 23:00-07:00 (CAQM/MCD rule)"},"geometry":{"type":"LineString","coordinates":[[77.31892,28.62786],[77.32096,28.62853],[77.32221,28.62897],[77.3254,28.62998]]}},{"type":"Feature","properties":{"name":"Delhi - Meerut Expressway","highway":"motorway","policy":"truck entry 23:00-07:00 (CAQM/MCD rule)"},"geometry":{"type":"LineString","coordinates":[[77.31396,28.62605],[77.3125,28.62561],[77.3096,28.62466]]}},{"type":"Feature","properties":{"name":"Rohtak Road","highway":"trunk","policy":"truck entry 23:00-07:00 (CAQM/MCD rule)"},"geometry":{"type":"LineString","coordinates":[[77.07671,28.6816],[77.07701,28.68156],[77.07749,28.68151],[77.07775,28.68147],[77.07818,28.68142],[77.07848,28.68139],[77.07977,28.68125],[77.08081,28.68114],[77.08114,28.68111],[77.08138,28.68108],[77.08233,28.68098],[77.08319,28.68086],[77.08412,28.68076],[77.08471,28.68069],[77.08479,28.68069],[77.08484,28.68068],[77.08491,28.68067],[77.08495,28.68066],[77.08556,28.6806],[77.08755,28.68038],[77.08947,28.68018],[77.09079,28.68005],[77.09345,28.67978],[77.09398,28.67972],[77.09435,28.67969],[77.09446,28.67968]]}},{"type":"Feature","properties":{"name":"Rohtak Road","highway":"trunk","policy":"truck entry 23:00-07:00 (CAQM/MCD rule)"},"geometry":{"type":"LineString","coordinates":[[77.0597,28.68215],[77.05922,28.68217],[77.05858,28.68215],[77.05838,28.68214],[77.05752,28.6821],[77.057,28.68207],[77.05668,28.68207],[77.0559,28.68206],[77.05522,28.68206],[77.05487,28.68205],[77.05426,28.68205],[77.05327,28.68205],[77.05276,28.68206],[77.05216,28.68206],[77.04966,28.68208],[77.04853,28.68209],[77.04835,28.68209],[77.04798,28.68209],[77.04742,28.68209],[77.04731,28.68209],[77.0466,28.6821],[77.04524,28.68211],[77.04459,28.68212],[77.04337,28.68215],[77.04244,28.68215],[77.04188,28.68215],[77.04155,28.68215],[77.04094,28.68216],[77.0403,28.68216],[77.03977,28.68216],[77.03913,28.68216],[77.0384,28.68218],[77.0375,28.6822],[77.03687,28.68222],[77.03573,28.68224],[77.03492,28.68226],[77.03325,28.68228],[77.03246,28.68228],[77.03056,28.68229],[77.03002,28.68229],[77.02961,28.6823],[77.02892,28.68239],[77.02887,28.68239],[77.02878,28.6824],[77.02788,28.68247],[77.02771,28.68248],[77.02716,28.68252],[77.02636,28.68258],[77.02518,28.68267],[77.02419,28.68274],[77.0241,28.68275],[77.02161,28.68291],[77.01966,28.68307],[77.01867,28.68315],[77.01826,28.68318],[77.0178,28.68321],[77.01627,28.68336],[77.0162,28.68336],[77.01615,28.68337],[77.01436,28.68355],[77.01334,28.68364],[77.01157,28.68379],[77.01076,28.68386],[77.00967,28.68396],[77.00957,28.68397],[77.00912,28.68401],[77.00904,28.68402],[77.00837,28.68407],[77.00675,28.68422],[77.00635,28.68425],[77.00585,28.6843],[77.00513,28.68436],[77.00314,28.68454],[77.00211,28.68463],[77.00175,28.68466],[77.0007,28.68475]]}},{"type":"Feature","properties":{"name":"Rohtak Road","highway":"trunk","policy":"truck entry 23:00-07:00 (CAQM/MCD rule)"},"geometry":{"type":"LineString","coordinates":[[77.07616,28.68166],[77.07644,28.68163],[77.07671,28.6816]]}},{"type":"Feature","properties":{"name":"Rohtak Road","highway":"trunk","policy":"truck entry 23:00-07:00 (CAQM/MCD rule)"},"geometry":{"type":"LineString","coordinates":[[77.07657,28.68144],[77.07638,28.68146],[77.07614,28.68149]]}},{"type":"Feature","properties":{"name":"Nangloi Flyover","highway":"trunk","policy":"truck entry 23:00-07:00 (CAQM/MCD rule)"},"geometry":{"type":"LineString","coordinates":[[77.07085,28.68203],[77.06644,28.68209],[77.0631,28.68209],[77.06025,28.68212]]}},{"type":"Feature","properties":{"name":"Nangloi Flyover","highway":"trunk","policy":"truck entry 23:00-07:00 (CAQM/MCD rule)"},"geometry":{"type":"LineString","coordinates":[[77.06024,28.68221],[77.0631,28.68218],[77.06644,28.68218],[77.07085,28.68212]]}},{"type":"Feature","properties":{"name":"Rohtak Road","highway":"trunk","policy":"truck entry 23:00-07:00 (CAQM/MCD rule)"},"geometry":{"type":"LineString","coordinates":[[77.07614,28.68149],[77.07607,28.6815],[77.07597,28.68151],[77.07558,28.68156],[77.07506,28.68162],[77.07319,28.68184],[77.07291,28.68187],[77.07151,28.68203]]}},{"type":"Feature","properties":{"name":"Rohtak Road","highway":"trunk","policy":"truck entry 23:00-07:00 (CAQM/MCD rule)"},"geometry":{"type":"LineString","coordinates":[[77.07118,28.68212],[77.07139,28.68211],[77.07237,28.68207],[77.07293,28.68204],[77.07301,28.68203],[77.0734,28.68198],[77.07616,28.68166]]}},{"type":"Feature","properties":{"name":"freight corridor","highway":"trunk","policy":"truck entry 23:00-07:00 (CAQM/MCD rule)"},"geometry":{"type":"LineString","coordinates":[[77.05411,28.78987],[77.05416,28.78972],[77.05422,28.78963],[77.05433,28.78955],[77.05616,28.78849],[77.05643,28.78833],[77.05876,28.78699],[77.05885,28.78695],[77.05915,28.78677],[77.06042,28.78605],[77.06122,28.78559],[77.06137,28.78551],[77.06223,28.78501],[77.06322,28.78445],[77.06331,28.7844],[77.06465,28.78365],[77.06509,28.78339],[77.06638,28.78265],[77.06865,28.78135],[77.06903,28.78133],[77.06947,28.78152]]}},{"type":"Feature","properties":{"name":"freight corridor","highway":"trunk","policy":"truck entry 23:00-07:00 (CAQM/MCD rule)"},"geometry":{"type":"LineString","coordinates":[[77.0487,28.79319],[77.04866,28.79311],[77.0486,28.79305],[77.04853,28.793],[77.04844,28.79296],[77.04835,28.79295],[77.04825,28.79297],[77.04818,28.79299],[77.04811,28.79303],[77.04805,28.79309],[77.04801,28.79315],[77.04799,28.79323],[77.04799,28.79332],[77.04802,28.79341],[77.04808,28.79349],[77.04817,28.79355],[77.04826,28.79358],[77.04835,28.79359],[77.04844,28.79358],[77.04855,28.79354],[77.04864,28.79346],[77.0487,28.79337],[77.04871,28.79328],[77.0487,28.79319]]}},{"type":"Feature","properties":{"name":"freight corridor","highway":"trunk","policy":"truck entry 23:00-07:00 (CAQM/MCD rule)"},"geometry":{"type":"LineString","coordinates":[[77.054,28.78965],[77.0539,28.78954],[77.05382,28.78949],[77.05376,28.78945],[77.05364,28.7894],[77.05354,28.78938],[77.05337,28.78937],[77.0533,28.78938],[77.05313,28.78942],[77.05299,28.78948],[77.05287,28.78957],[77.05278,28.78968],[77.05273,28.78975],[77.05268,28.78988],[77.05267,28.79001],[77.05269,28.79017],[77.05273,28.79025],[77.0528,28.79036],[77.05289,28.79046],[77.05296,28.79051],[77.053,28.79054],[77.05315,28.7906],[77.05326,28.79063],[77.0534,28.79064],[77.05353,28.79063],[77.05367,28.7906],[77.05374,28.79057],[77.05381,28.79053],[77.05391,28.79047],[77.054,28.79037],[77.05403,28.79032],[77.05407,28.79027],[77.05409,28.79021],[77.05412,28.79013],[77.05413,28.78998],[77.05411,28.78987],[77.05406,28.78974],[77.054,28.78965]]}},{"type":"Feature","properties":{"name":"NH344P","highway":"trunk","policy":"truck entry 23:00-07:00 (CAQM/MCD rule)"},"geometry":{"type":"LineString","coordinates":[[77.04655,28.79546],[77.04666,28.79531],[77.04788,28.79371],[77.04799,28.79362],[77.04817,28.79355]]}},{"type":"Feature","properties":{"name":"NH344P","highway":"trunk","policy":"truck entry 23:00-07:00 (CAQM/MCD rule)"},"geometry":{"type":"LineString","coordinates":[[77.04799,28.79332],[77.04788,28.79356],[77.04777,28.79369],[77.04659,28.79524],[77.04648,28.79538]]}},{"type":"Feature","properties":{"name":"freight corridor","highway":"trunk","policy":"truck entry 23:00-07:00 (CAQM/MCD rule)"},"geometry":{"type":"LineString","coordinates":[[77.0487,28.79319],[77.04885,28.79298],[77.04896,28.7929],[77.05017,28.79201],[77.05055,28.79175],[77.05089,28.79153],[77.05255,28.79057],[77.05261,28.79055],[77.05273,28.79052],[77.05281,28.79051],[77.05296,28.79051]]}},{"type":"Feature","properties":{"name":"freight corridor","highway":"trunk","policy":"truck entry 23:00-07:00 (CAQM/MCD rule)"},"geometry":{"type":"LineString","coordinates":[[77.05269,28.79017],[77.05258,28.79038],[77.0525,28.79047],[77.05238,28.79054],[77.05058,28.7916],[77.05047,28.79167],[77.05001,28.79199],[77.0489,28.79282],[77.04868,28.79295],[77.04853,28.793]]}},{"type":"Feature","properties":{"name":"Mathura Road","highway":"trunk","policy":"truck entry 23:00-07:00 (CAQM/MCD rule)"},"geometry":{"type":"LineString","coordinates":[[77.29807,28.5118],[77.29779,28.51248],[77.29769,28.51272],[77.29709,28.51429],[77.29685,28.5149],[77.29685,28.5149],[77.29638,28.51607],[77.29635,28.51613],[77.29629,28.51629],[77.29571,28.51766],[77.29539,28.51843],[77.29496,28.51931],[77.29474,28.51977],[77.29447,28.52032],[77.29258,28.524],[77.29188,28.52538],[77.291,28.52632],[77.29012,28.52706],[77.28962,28.52747],[77.28952,28.52757]]}},{"type":"Feature","properties":{"name":"Delhi-Dehradun Expressway","highway":"motorway","policy":"truck entry 23:00-07:00 (CAQM/MCD rule)"},"geometry":{"type":"LineString","coordinates":[[77.25636,28.66381],[77.25652,28.6637],[77.25753,28.66302],[77.25777,28.66286],[77.25799,28.66271],[77.25832,28.66248],[77.2586,28.6623],[77.25864,28.66227],[77.25909,28.66192],[77.25935,28.66168],[77.25947,28.66155],[77.25972,28.66124],[77.26002,28.66085],[77.26039,28.66035],[77.26088,28.6597],[77.2612,28.65927],[77.26282,28.6571],[77.26306,28.65679],[77.26313,28.65669],[77.26337,28.65636],[77.26346,28.65624],[77.26368,28.65593],[77.26385,28.65571],[77.26391,28.65563]]}},{"type":"Feature","properties":{"name":"Delhi-Dehradun Expressway","highway":"motorway","policy":"truck entry 23:00-07:00 (CAQM/MCD rule)"},"geometry":{"type":"LineString","coordinates":[[77.2638,28.65558],[77.26327,28.6563],[77.26295,28.65673],[77.26272,28.65704],[77.2611,28.65921],[77.26078,28.65964],[77.26036,28.6602],[77.26029,28.66029],[77.26003,28.66064],[77.25992,28.66079],[77.2598,28.66094],[77.25963,28.66117],[77.25962,28.66118],[77.25937,28.66148],[77.25925,28.66161],[77.25901,28.66184],[77.25856,28.66219],[77.25824,28.6624],[77.25779,28.66271],[77.2577,28.66277],[77.2573,28.66304],[77.2569,28.6633],[77.25665,28.66347],[77.25644,28.66361],[77.25628,28.66373]]}},{"type":"Feature","properties":{"name":"Delhi-Dehradun Expressway","highway":"motorway","policy":"truck entry 23:00-07:00 (CAQM/MCD rule)"},"geometry":{"type":"LineString","coordinates":[[77.26878,28.64685],[77.26912,28.6434],[77.26929,28.64156]]}},{"type":"Feature","properties":{"name":"Delhi-Dehradun Expressway","highway":"motorway","policy":"truck entry 23:00-07:00 (CAQM/MCD rule)"},"geometry":{"type":"LineString","coordinates":[[77.26916,28.64155],[77.26899,28.64325],[77.2687,28.64617]]}},{"type":"Feature","properties":{"name":"Delhi-Dehradun Expressway","highway":"motorway","policy":"truck entry 23:00-07:00 (CAQM/MCD rule)"},"geometry":{"type":"LineString","coordinates":[[77.26479,28.65459],[77.265,28.6543],[77.2652,28.65403]]}},{"type":"Feature","properties":{"name":"Delhi-Dehradun Expressway","highway":"motorway","policy":"truck entry 23:00-07:00 (CAQM/MCD rule)"},"geometry":{"type":"LineString","coordinates":[[77.26817,28.64995],[77.2683,28.64968],[77.26849,28.64916],[77.2686,28.6488]]}},{"type":"Feature","properties":{"name":"Delhi-Dehradun Expressway","highway":"motorway","policy":"truck entry 23:00-07:00 (CAQM/MCD rule)"},"geometry":{"type":"LineString","coordinates":[[77.2652,28.65403],[77.26649,28.65234],[77.26671,28.65206],[77.26722,28.6514],[77.26756,28.65092],[77.2676,28.65087],[77.26786,28.65052],[77.26804,28.65022],[77.26817,28.64995]]}},{"type":"Feature","properties":{"name":"Delhi-Dehradun Expressway","highway":"motorway","policy":"truck entry 23:00-07:00 (CAQM/MCD rule)"},"geometry":{"type":"LineString","coordinates":[[77.26935,28.64101],[77.26936,28.64098],[77.26938,28.64073],[77.26946,28.63973],[77.26968,28.63815],[77.27,28.63523]]}},{"type":"Feature","properties":{"name":"Ring Road","highway":"trunk","policy":"truck entry 23:00-07:00 (CAQM/MCD rule)"},"geometry":{"type":"LineString","coordinates":[[77.25747,28.64196],[77.25708,28.64241],[77.25621,28.64372],[77.25576,28.64437],[77.25528,28.64507],[77.25481,28.64579],[77.25409,28.64691],[77.25319,28.64831],[77.25311,28.64845],[77.25266,28.64923],[77.25173,28.65081],[77.25165,28.65094],[77.25074,28.65229],[77.25044,28.65272],[77.2499,28.6535],[77.24963,28.6539],[77.24927,28.65452],[77.24881,28.65552],[77.24865,28.6559],[77.2485,28.6564],[77.24844,28.6567],[77.2484,28.65779]]}},{"type":"Feature","properties":{"name":"freight corridor","highway":"trunk","policy":"truck entry 23:00-07:00 (CAQM/MCD rule)"},"geometry":{"type":"LineString","coordinates":[[77.27275,28.67185],[77.27315,28.67189],[77.27346,28.67197],[77.2747,28.67216],[77.27549,28.67231],[77.27659,28.67247]]}},{"type":"Feature","properties":{"name":"freight corridor","highway":"trunk","policy":"truck entry 23:00-07:00 (CAQM/MCD rule)"},"geometry":{"type":"LineString","coordinates":[[77.26681,28.67104],[77.26921,28.67138],[77.27017,28.6715],[77.27076,28.67158],[77.27132,28.67164]]}},{"type":"Feature","properties":{"name":"Shahdara Flyover","highway":"trunk","policy":"truck entry 23:00-07:00 (CAQM/MCD rule)"},"geometry":{"type":"LineString","coordinates":[[77.28196,28.67303],[77.28159,28.67298],[77.28118,28.67297],[77.2807,28.67296],[77.27989,28.67292],[77.27923,28.67286],[77.27764,28.67259]]}},{"type":"Feature","properties":{"name":"Shahdara Flyover","highway":"trunk","policy":"truck entry 23:00-07:00 (CAQM/MCD rule)"},"geometry":{"type":"LineString","coordinates":[[77.28387,28.67362],[77.28588,28.67415]]}},{"type":"Feature","properties":{"name":"Hanuman Mandir Flyover","highway":"trunk","policy":"truck entry 23:00-07:00 (CAQM/MCD rule)"},"geometry":{"type":"LineString","coordinates":[[77.23764,28.66266],[77.2374,28.66275]]}},{"type":"Feature","properties":{"name":"Hanuman Mandir Flyover","highway":"trunk","policy":"truck entry 23:00-07:00 (CAQM/MCD rule)"},"geometry":{"type":"LineString","coordinates":[[77.24021,28.66154],[77.23968,28.66177],[77.23902,28.66204],[77.23853,28.66221],[77.23835,28.66229]]}},{"type":"Feature","properties":{"name":"Shahdara Flyover","highway":"trunk","policy":"truck entry 23:00-07:00 (CAQM/MCD rule)"},"geometry":{"type":"LineString","coordinates":[[77.28588,28.67415],[77.28791,28.67469],[77.29004,28.67523],[77.29106,28.67547],[77.29295,28.67595],[77.29332,28.67598],[77.29373,28.67599],[77.29535,28.67593],[77.29712,28.67587],[77.29889,28.67579],[77.30068,28.67571],[77.3017,28.67569],[77.30376,28.67576],[77.30558,28.67581],[77.30655,28.67583]]}},{"type":"Feature","properties":{"name":"Shahdara Flyover","highway":"trunk","policy":"truck entry 23:00-07:00 (CAQM/MCD rule)"},"geometry":{"type":"LineString","coordinates":[[77.30655,28.67577],[77.30559,28.67575],[77.30419,28.67569],[77.30273,28.67564],[77.30172,28.67561],[77.30068,28.67564],[77.2989,28.67571],[77.2971,28.67578],[77.29535,28.67585],[77.29483,28.67586],[77.29354,28.67591],[77.29324,28.67589],[77.29295,28.67586],[77.2911,28.6754],[77.29007,28.67516],[77.28909,28.67491],[77.28795,28.67461],[77.28589,28.67407]]}},{"type":"Feature","properties":{"name":"GT Road","highway":"trunk","policy":"truck entry 23:00-07:00 (CAQM/MCD rule)"},"geometry":{"type":"LineString","coordinates":[[77.3247,28.67633],[77.31951,28.67622]]}},{"type":"Feature","properties":{"name":"freight corridor","highway":"trunk","policy":"truck entry 23:00-07:00 (CAQM/MCD rule)"},"geometry":{"type":"LineString","coordinates":[[77.27663,28.6724],[77.27553,28.67222],[77.27473,28.67207],[77.27462,28.67206],[77.27315,28.67179],[77.27269,28.67172],[77.27249,28.6717],[77.2723,28.67167]]}},{"type":"Feature","properties":{"name":"G.T Road","highway":"trunk","policy":"truck entry 23:00-07:00 (CAQM/MCD rule)"},"geometry":{"type":"LineString","coordinates":[[77.31323,28.67599],[77.31317,28.67599],[77.31307,28.67599],[77.313,28.67598],[77.31254,28.67597],[77.30895,28.67582],[77.30884,28.67582],[77.30752,28.67578],[77.30739,28.67578]]}},{"type":"Feature","properties":{"name":"G.T Road","highway":"trunk","policy":"truck entry 23:00-07:00 (CAQM/MCD rule)"},"geometry":{"type":"LineString","coordinates":[[77.3074,28.67587],[77.3079,28.6759],[77.30808,28.67591],[77.30855,28.67593],[77.30891,28.67595],[77.30915,28.67596],[77.31253,28.67608],[77.3129,28.67609]]}},{"type":"Feature","properties":{"name":"Shahdara Flyover","highway":"trunk","policy":"truck entry 23:00-07:00 (CAQM/MCD rule)"},"geometry":{"type":"LineString","coordinates":[[77.28589,28.67407],[77.28566,28.67401],[77.28458,28.67372],[77.28389,28.67353]]}},{"type":"Feature","properties":{"name":"Shahdara Flyover","highway":"trunk","policy":"truck entry 23:00-07:00 (CAQM/MCD rule)"},"geometry":{"type":"LineString","coordinates":[[77.2775,28.67266],[77.27921,28.67298],[77.27988,28.67304],[77.28048,28.67307],[77.28094,28.67307],[77.2813,28.67308],[77.28156,28.67309],[77.28192,28.67315]]}},{"type":"Feature","properties":{"name":"GT Road","highway":"trunk","policy":"truck entry 23:00-07:00 (CAQM/MCD rule)"},"geometry":{"type":"LineString","coordinates":[[77.31951,28.67622],[77.31822,28.67619],[77.3165,28.67612],[77.31644,28.67612],[77.31631,28.67612],[77.31619,28.67612],[77.31593,28.6761],[77.31576,28.6761],[77.31556,28.67609],[77.31551,28.67609],[77.31547,28.67608],[77.31546,28.67608],[77.31361,28.67601],[77.31323,28.67599]]}},{"type":"Feature","properties":{"name":"Ring Road","highway":"trunk","policy":"truck entry 23:00-07:00 (CAQM/MCD rule)"},"geometry":{"type":"LineString","coordinates":[[77.24833,28.65807],[77.24826,28.65825],[77.248,28.65855],[77.24685,28.65935],[77.24664,28.65945],[77.24646,28.65948],[77.2463,28.6595],[77.24614,28.65948],[77.24595,28.65944],[77.24543,28.65939]]}},{"type":"Feature","properties":{"name":"Loni Road","highway":"trunk","policy":"truck entry 23:00-07:00 (CAQM/MCD rule)"},"geometry":{"type":"LineString","coordinates":[[77.29095,28.71064],[77.29089,28.71079]]}},{"type":"Feature","properties":{"name":"Loni Road","highway":"trunk","policy":"truck entry 23:00-07:00 (CAQM/MCD rule)"},"geometry":{"type":"LineString","coordinates":[[77.29096,28.71086],[77.291,28.71078]]}},{"type":"Feature","properties":{"name":"Loni Road","highway":"trunk","policy":"truck entry 23:00-07:00 (CAQM/MCD rule)"},"geometry":{"type":"LineString","coordinates":[[77.29148,28.70628],[77.2915,28.70619],[77.29151,28.70587],[77.29153,28.70549],[77.29154,28.70509],[77.29154,28.70504],[77.29154,28.70493],[77.29158,28.70383],[77.29158,28.70362],[77.29159,28.70323],[77.29161,28.7027],[77.29162,28.70237],[77.29165,28.70148],[77.29166,28.70107],[77.29167,28.70084],[77.29168,28.7004],[77.29169,28.7003],[77.2917,28.70005],[77.29176,28.69793],[77.29177,28.69716],[77.29178,28.69689],[77.29181,28.69582],[77.29182,28.69577],[77.29185,28.69486],[77.29187,28.69402],[77.29189,28.69349],[77.29191,28.69286],[77.29193,28.69227],[77.29193,28.69216],[77.29195,28.69172],[77.29199,28.69103],[77.29198,28.6908],[77.29198,28.69061],[77.29198,28.69054],[77.29199,28.6903],[77.29198,28.69015],[77.29198,28.69007],[77.29199,28.68991],[77.292,28.6896],[77.29201,28.68952],[77.29202,28.68947],[77.29203,28.68938],[77.29204,28.68928],[77.29203,28.68918],[77.29206,28.6882],[77.29208,28.68775],[77.29208,28.68768],[77.29212,28.68692],[77.29213,28.68673],[77.29214,28.68665]]}},{"type":"Feature","properties":{"name":"Loni Road","highway":"trunk","policy":"truck entry 23:00-07:00 (CAQM/MCD rule)"},"geometry":{"type":"LineString","coordinates":[[77.27725,28.78843],[77.27728,28.78824],[77.27739,28.78732],[77.27741,28.78723],[77.27744,28.787],[77.27747,28.7868],[77.27749,28.7867],[77.27753,28.78652],[77.27798,28.78384],[77.27813,28.78299],[77.2782,28.78258],[77.27821,28.78251],[77.27834,28.7816],[77.27835,28.78149],[77.27845,28.78104],[77.2786,28.7804],[77.27862,28.78033],[77.27871,28.77993],[77.27893,28.77905],[77.27908,28.77858],[77.27912,28.77843],[77.27927,28.77782],[77.27935,28.77752],[77.27956,28.77663],[77.27985,28.77556],[77.28001,28.77501],[77.28019,28.77437],[77.28021,28.77427],[77.28043,28.77345],[77.28067,28.77255],[77.28105,28.77114],[77.28144,28.76969],[77.2815,28.76947],[77.28158,28.76918],[77.28164,28.76896],[77.28167,28.76886],[77.2818,28.76839],[77.28183,28.76829],[77.28183,28.76827],[77.28185,28.7682],[77.28228,28.76651],[77.28242,28.76616],[77.28244,28.7661],[77.28255,28.76569],[77.28265,28.76534],[77.28281,28.76478],[77.28301,28.76404],[77.28321,28.76332],[77.28339,28.76264],[77.28357,28.76197],[77.28374,28.76134],[77.28384,28.76094],[77.28395,28.76055],[77.28402,28.76027],[77.28428,28.75935],[77.28451,28.75848],[77.28475,28.75755],[77.28485,28.75712],[77.28491,28.75686],[77.28495,28.75672],[77.28496,28.75667],[77.28503,28.75638],[77.28505,28.75628],[77.2852,28.75568],[77.28524,28.75554],[77.28535,28.7551],[77.28553,28.75439],[77.28559,28.75415],[77.28604,28.75237],[77.28607,28.75224],[77.28613,28.75202],[77.28618,28.75183],[77.28621,28.75169],[77.28632,28.75131],[77.2865,28.75063],[77.28673,28.74956],[77.28677,28.74937],[77.2868,28.74917],[77.28693,28.74849],[77.28713,28.74747],[77.28715,28.74738],[77.28739,28.74609],[77.28753,28.74535],[77.28771,28.74439],[77.28774,28.74424],[77.28779,28.74399],[77.2878,28.74391],[77.28786,28.74359],[77.28787,28.74352],[77.28788,28.74346],[77.28791,28.74324],[77.28812,28.742],[77.28815,28.74184],[77.28819,28.74157],[77.28828,28.74097],[77.28829,28.7409],[77.2883,28.74075],[77.28832,28.7404],[77.28836,28.7397],[77.28841,28.73873],[77.28844,28.73827],[77.28847,28.73762],[77.28848,28.73747],[77.28852,28.73693],[77.28859,28.73588],[77.28862,28.73526],[77.28866,28.73454],[77.28871,28.73365],[77.28875,28.73309],[77.28879,28.7325],[77.28882,28.732],[77.28883,28.73191],[77.28885,28.73164],[77.28889,28.73094],[77.28895,28.73008],[77.28895,28.72995],[77.28897,28.72971],[77.28905,28.72851],[77.28906,28.7284],[77.28911,28.72771],[77.28911,28.72763],[77.28914,28.72715],[77.28921,28.72618],[77.28921,28.7261],[77.28921,28.72608],[77.28937,28.7238],[77.28938,28.72356],[77.28942,28.72296],[77.28944,28.72263],[77.28962,28.71973],[77.28963,28.71945],[77.28966,28.71894],[77.28967,28.71885],[77.28972,28.71785],[77.28972,28.71777],[77.28976,28.71699],[77.28976,28.71696],[77.28989,28.71512],[77.28996,28.71409],[77.28997,28.71404],[77.29011,28.71324],[77.29011,28.71321],[77.29016,28.71294],[77.29025,28.71258],[77.29033,28.71236],[77.29039,28.71219],[77.29062,28.71161],[77.29066,28.71152],[77.29081,28.71119],[77.29093,28.71092],[77.29096,28.71086]]}},{"type":"Feature","properties":{"name":"Loni Road","highway":"trunk","policy":"truck entry 23:00-07:00 (CAQM/MCD rule)"},"geometry":{"type":"LineString","coordinates":[[77.28668,28.74941],[77.28664,28.7496],[77.28638,28.75063],[77.28623,28.75119],[77.28621,28.75129],[77.28608,28.75181],[77.28598,28.75224],[77.28595,28.75237],[77.28587,28.75262],[77.28579,28.75293],[77.28571,28.75326],[77.2856,28.75369],[77.28549,28.75413],[77.28545,28.7543],[77.2854,28.75452],[77.28508,28.75565],[77.28498,28.75602],[77.28491,28.75625],[77.2847,28.75706],[77.28446,28.75792],[77.28442,28.75808],[77.28433,28.75846],[77.2842,28.75897],[77.28405,28.75954],[77.28392,28.76004],[77.2838,28.76054],[77.28371,28.76086],[77.28362,28.76125],[77.28342,28.76194],[77.28334,28.76223],[77.28323,28.76258],[77.28304,28.76332],[77.28264,28.76476],[77.28252,28.76522],[77.28239,28.76565],[77.28231,28.76599],[77.28227,28.76614],[77.28221,28.76643],[77.28191,28.76758],[77.28185,28.76785],[77.28178,28.76816],[77.28176,28.76824],[77.28175,28.76826],[77.2816,28.76883],[77.28157,28.76894],[77.28155,28.769],[77.28137,28.7696],[77.28133,28.76974],[77.28111,28.77058],[77.28096,28.77115],[77.28076,28.77191],[77.28055,28.7727],[77.2804,28.77327],[77.28027,28.77377],[77.28011,28.77436],[77.28009,28.77441],[77.2798,28.77551],[77.27912,28.77783],[77.27895,28.77844],[77.27893,28.77851],[77.27872,28.77925],[77.27847,28.78032],[77.27844,28.78047],[77.27829,28.78118],[77.27826,28.78132],[77.27823,28.78148]]}},{"type":"Feature","properties":{"name":"Loni Road","highway":"trunk","policy":"truck entry 23:00-07:00 (CAQM/MCD rule)"},"geometry":{"type":"LineString","coordinates":[[77.2924,28.67895],[77.29238,28.67951],[77.29238,28.67986],[77.29237,28.68038],[77.29237,28.68047],[77.29237,28.68053],[77.29236,28.68059],[77.29233,28.68087],[77.29231,28.68115],[77.29231,28.68156],[77.2923,28.68199],[77.29228,28.68219],[77.2923,28.68223],[77.29228,28.68252],[77.29227,28.68256],[77.29226,28.6828],[77.29225,28.683],[77.29224,28.68322],[77.29223,28.68342],[77.29222,28.68384],[77.2922,28.68431],[77.2922,28.68448],[77.29218,28.68471],[77.29218,28.68476],[77.29217,28.68507],[77.29216,28.6852],[77.29215,28.68531],[77.29215,28.68549],[77.29214,28.68555],[77.29214,28.68566],[77.29213,28.68573],[77.29213,28.68579],[77.29212,28.68591],[77.29212,28.68601],[77.29211,28.6862],[77.2921,28.68637],[77.29208,28.68655]]}},{"type":"Feature","properties":{"name":"Delhi-Dehradun Expressway","highway":"motorway","policy":"truck entry 23:00-07:00 (CAQM/MCD rule)"},"geometry":{"type":"LineString","coordinates":[[77.2555,28.66987],[77.2555,28.66995],[77.2555,28.67018],[77.25551,28.67035],[77.25553,28.67071],[77.25558,28.67119],[77.25561,28.67141],[77.25566,28.67174],[77.25574,28.6721],[77.2558,28.6724]]}},{"type":"Feature","properties":{"name":"Delhi-Dehradun Expressway","highway":"motorway","policy":"truck entry 23:00-07:00 (CAQM/MCD rule)"},"geometry":{"type":"LineString","coordinates":[[77.25765,28.71613],[77.2578,28.71718],[77.25789,28.71781],[77.25798,28.71844],[77.25809,28.71926],[77.25837,28.7212],[77.25931,28.72751],[77.25959,28.72943],[77.25998,28.73236],[77.26051,28.7359],[77.26057,28.73631],[77.2606,28.73659],[77.26067,28.73715]]}},{"type":"Feature","properties":{"name":"Delhi-Dehradun Expressway","highway":"motorway","policy":"truck entry 23:00-07:00 (CAQM/MCD rule)"},"geometry":{"type":"LineString","coordinates":[[77.26866,28.75351],[77.26803,28.75208],[77.26777,28.75154],[77.26746,28.751],[77.26733,28.75081],[77.26722,28.75064],[77.26683,28.75008],[77.26661,28.74976],[77.26656,28.74969],[77.26622,28.74928],[77.26559,28.74827],[77.26533,28.74784],[77.26518,28.74758],[77.26457,28.74657],[77.26297,28.74392],[77.26165,28.74173],[77.2615,28.74149],[77.26144,28.74137],[77.26142,28.74133],[77.26134,28.74115],[77.26128,28.74102],[77.26127,28.74098],[77.26121,28.7408],[77.26118,28.74068],[77.26116,28.74064],[77.26113,28.74047],[77.26111,28.74037],[77.2611,28.7403],[77.26108,28.74013],[77.26107,28.73996]]}},{"type":"Feature","properties":{"name":"Ring Road","highway":"trunk","policy":"truck entry 23:00-07:00 (CAQM/MCD rule)"},"geometry":{"type":"LineString","coordinates":[[77.2484,28.65779],[77.24833,28.65807]]}},{"type":"Feature","properties":{"name":"Ring Road","highway":"trunk","policy":"truck entry 23:00-07:00 (CAQM/MCD rule)"},"geometry":{"type":"LineString","coordinates":[[77.24851,28.65812],[77.24858,28.6578]]}},{"type":"Feature","properties":{"name":"Delhi-Dehradun Expressway","highway":"motorway","policy":"truck entry 23:00-07:00 (CAQM/MCD rule)"},"geometry":{"type":"LineString","coordinates":[[77.26094,28.73997],[77.26096,28.74014],[77.26096,28.74019],[77.26098,28.74032],[77.26101,28.74049],[77.26101,28.74052],[77.26104,28.74066],[77.26109,28.74083],[77.26111,28.74089],[77.26115,28.74101],[77.26122,28.74119],[77.26125,28.74125],[77.2613,28.74137],[77.26139,28.74154],[77.26153,28.74176],[77.26218,28.74284],[77.26262,28.74357],[77.26322,28.74456],[77.26353,28.74507],[77.26446,28.74662],[77.26523,28.74789],[77.26524,28.74791],[77.26548,28.74832],[77.26564,28.74857],[77.26585,28.74891],[77.26612,28.74934],[77.26626,28.74956]]}},{"type":"Feature","properties":{"name":"Delhi-Dehradun Expressway","highway":"motorway","policy":"truck entry 23:00-07:00 (CAQM/MCD rule)"},"geometry":{"type":"LineString","coordinates":[[77.25667,28.67755],[77.25663,28.67773],[77.25645,28.67838],[77.25619,28.67934],[77.25599,28.68008],[77.25582,28.68075],[77.2557,28.68119],[77.25517,28.68325],[77.25507,28.68362],[77.2549,28.68427],[77.25459,28.68546],[77.25452,28.68573],[77.25439,28.68627],[77.25429,28.68661],[77.25424,28.6868],[77.25415,28.68717],[77.25411,28.68732],[77.25402,28.68767],[77.25401,28.68774]]}},{"type":"Feature","properties":{"name":"Delhi-Dehradun Expressway","highway":"motorway","policy":"truck entry 23:00-07:00 (CAQM/MCD rule)"},"geometry":{"type":"LineString","coordinates":[[77.2563,28.70555],[77.25607,28.70388],[77.256,28.70332],[77.2559,28.70261],[77.25581,28.70191],[77.25555,28.69995],[77.25552,28.69972],[77.2551,28.69661],[77.25501,28.69596],[77.25485,28.69474],[77.25473,28.6939],[77.25462,28.69303],[77.25459,28.69284],[77.25452,28.69231],[77.25448,28.69204],[77.25447,28.69196],[77.25443,28.69169],[77.25432,28.69093],[77.25418,28.68999],[77.25417,28.68993],[77.25413,28.68961],[77.25408,28.68922],[77.25408,28.6892],[77.25404,28.68886],[77.25403,28.68868],[77.25403,28.6885],[77.25404,28.68831],[77.25406,28.68813],[77.25409,28.68794],[77.25413,28.68776]]}},{"type":"Feature","properties":{"name":"NH9","highway":"trunk","policy":"truck entry 23:00-07:00 (CAQM/MCD rule)"},"geometry":{"type":"LineString","coordinates":[[77.24811,28.70498],[77.24691,28.70488],[77.24568,28.7048],[77.24462,28.70465],[77.24358,28.70443],[77.24302,28.70428],[77.24217,28.70406],[77.24169,28.70391],[77.2408,28.70365],[77.23974,28.7036],[77.23865,28.70378],[77.23655,28.70444]]}},{"type":"Feature","properties":{"name":"NH9","highway":"trunk","policy":"truck entry 23:00-07:00 (CAQM/MCD rule)"},"geometry":{"type":"LineString","coordinates":[[77.23664,28.70458],[77.23806,28.70415],[77.23872,28.70395],[77.23979,28.70376],[77.24076,28.70382],[77.24139,28.70399],[77.2421,28.70415],[77.24271,28.70433],[77.24356,28.70457],[77.2446,28.7048],[77.24568,28.70496],[77.2468,28.70502],[77.24801,28.70509],[77.24993,28.70521]]}},{"type":"Feature","properties":{"name":"Wazirabad Road","highway":"trunk","policy":"truck entry 23:00-07:00 (CAQM/MCD rule)"},"geometry":{"type":"LineString","coordinates":[[77.25384,28.70492],[77.25551,28.70475],[77.25633,28.70463],[77.25715,28.70445],[77.25831,28.70412]]}},{"type":"Feature","properties":{"name":"Wazirabad Road","highway":"trunk","policy":"truck entry 23:00-07:00 (CAQM/MCD rule)"},"geometry":{"type":"LineString","coordinates":[[77.25826,28.70403],[77.25712,28.70434],[77.25628,28.70453],[77.2555,28.70463],[77.25383,28.7048]]}},{"type":"Feature","properties":{"name":"Wazirabad Road","highway":"trunk","policy":"truck entry 23:00-07:00 (CAQM/MCD rule)"},"geometry":{"type":"LineString","coordinates":[[77.26033,28.70381],[77.26074,28.70378],[77.26218,28.70367],[77.26223,28.70367],[77.26274,28.70363],[77.26284,28.70362],[77.26486,28.70346],[77.26494,28.70345],[77.265,28.70345],[77.26542,28.70341],[77.26549,28.7034],[77.26557,28.7034],[77.26634,28.70333],[77.26671,28.70332],[77.26706,28.7033],[77.26805,28.70325],[77.26917,28.70318],[77.26937,28.70315],[77.26953,28.70314],[77.26957,28.70314],[77.26967,28.70312],[77.26981,28.7031],[77.26986,28.7031],[77.26995,28.70309],[77.27018,28.70308]]}},{"type":"Feature","properties":{"name":"Wazirabad Road","highway":"trunk","policy":"truck entry 23:00-07:00 (CAQM/MCD rule)"},"geometry":{"type":"LineString","coordinates":[[77.27973,28.7021],[77.2791,28.70216],[77.27786,28.70226],[77.27589,28.70243],[77.27392,28.70262],[77.27246,28.70274],[77.27225,28.70275],[77.27016,28.70291],[77.26993,28.70292],[77.26983,28.70292],[77.26955,28.70293],[77.26937,28.70294],[77.26914,28.70296],[77.26853,28.70302],[77.26637,28.70317],[77.26615,28.70318],[77.26505,28.70324],[77.26221,28.7035],[77.26175,28.70352],[77.26093,28.70356],[77.26042,28.70361]]}},{"type":"Feature","properties":{"name":"Wazirabad Road","highway":"trunk","policy":"truck entry 23:00-07:00 (CAQM/MCD rule)"},"geometry":{"type":"LineString","coordinates":[[77.28168,28.70208],[77.28532,28.70174]]}},{"type":"Feature","properties":{"name":"GT Road","highway":"trunk","policy":"truck entry 23:00-07:00 (CAQM/MCD rule)"},"geometry":{"type":"LineString","coordinates":[[77.32523,28.67643],[77.32589,28.67645],[77.3271,28.67652],[77.32804,28.67656],[77.32827,28.67656],[77.33062,28.67664],[77.33187,28.67668],[77.3325,28.67671],[77.33309,28.67673],[77.33428,28.67675],[77.33455,28.67677],[77.33548,28.67679],[77.33583,28.6768],[77.33664,28.67682],[77.33727,28.67684],[77.33761,28.67685],[77.33809,28.67686],[77.33892,28.67688],[77.33952,28.67691],[77.33984,28.67692],[77.34005,28.67692],[77.34116,28.67696],[77.34193,28.67698],[77.34414,28.67704],[77.34559,28.6771],[77.3463,28.67715],[77.34679,28.67717],[77.34756,28.6772],[77.34785,28.67721],[77.34809,28.67722],[77.3486,28.67724],[77.34918,28.67727],[77.34929,28.67728],[77.34938,28.67728],[77.35065,28.67733],[77.35139,28.67737],[77.35228,28.6774],[77.35248,28.67741],[77.35379,28.67747],[77.35403,28.67748],[77.3547,28.67751],[77.35802,28.67769],[77.3591,28.67774],[77.35951,28.67776]]}},{"type":"Feature","properties":{"name":"Delhi Loni Road Flyover","highway":"trunk","policy":"truck entry 23:00-07:00 (CAQM/MCD rule)"},"geometry":{"type":"LineString","coordinates":[[77.29365,28.70069],[77.29181,28.70088],[77.28884,28.70124]]}},{"type":"Feature","properties":{"name":"Delhi Loni Road Flyover","highway":"trunk","policy":"truck entry 23:00-07:00 (CAQM/MCD rule)"},"geometry":{"type":"LineString","coordinates":[[77.2891,28.70131],[77.29182,28.70096],[77.29365,28.70076]]}},{"type":"Feature","properties":{"name":"GT Road","highway":"trunk","policy":"truck entry 23:00-07:00 (CAQM/MCD rule)"},"geometry":{"type":"LineString","coordinates":[[77.31952,28.67632],[77.32251,28.67638],[77.3247,28.67643]]}},{"type":"Feature","properties":{"name":"Wazirabad Road","highway":"trunk","policy":"truck entry 23:00-07:00 (CAQM/MCD rule)"},"geometry":{"type":"LineString","coordinates":[[77.28531,28.70165],[77.28288,28.70187],[77.28168,28.70193]]}},{"type":"Feature","properties":{"name":"Wazirabad Road","highway":"trunk","policy":"truck entry 23:00-07:00 (CAQM/MCD rule)"},"geometry":{"type":"LineString","coordinates":[[77.28532,28.70174],[77.28736,28.70152]]}},{"type":"Feature","properties":{"name":"Wazirabad Road","highway":"trunk","policy":"truck entry 23:00-07:00 (CAQM/MCD rule)"},"geometry":{"type":"LineString","coordinates":[[77.28847,28.70128],[77.28762,28.70142],[77.28736,28.70144]]}},{"type":"Feature","properties":{"name":"Wazirabad Road","highway":"trunk","policy":"truck entry 23:00-07:00 (CAQM/MCD rule)"},"geometry":{"type":"LineString","coordinates":[[77.32994,28.69696],[77.32985,28.69698],[77.32982,28.69702],[77.32982,28.69706],[77.32986,28.69708],[77.32992,28.69708],[77.32998,28.69706],[77.33025,28.69699],[77.33148,28.69668],[77.33171,28.69663],[77.33217,28.69652],[77.33221,28.69651],[77.33239,28.69646],[77.33275,28.69637],[77.33279,28.69636],[77.33305,28.69632],[77.33328,28.69629],[77.33332,28.69628],[77.33357,28.69623],[77.33387,28.69616],[77.33427,28.69608],[77.33453,28.69603],[77.33524,28.69588],[77.33601,28.6957],[77.33608,28.6957],[77.33613,28.69569],[77.33626,28.69567],[77.33636,28.69564],[77.33645,28.69559],[77.33727,28.69537],[77.33762,28.69528],[77.33782,28.69523],[77.33826,28.69515],[77.33834,28.69514],[77.33842,28.69511],[77.33851,28.69507],[77.33858,28.69502]]}},{"type":"Feature","properties":{"name":"Wazirabad Road","highway":"trunk","policy":"truck entry 23:00-07:00 (CAQM/MCD rule)"},"geometry":{"type":"LineString","coordinates":[[77.3585,28.68886],[77.35843,28.68894],[77.3583,28.689],[77.35768,28.68901],[77.35703,28.68907],[77.35689,28.68909],[77.3559,28.68922],[77.35563,28.68925],[77.35505,28.68933],[77.35461,28.6894],[77.35396,28.68955],[77.35388,28.68958],[77.35317,28.6898],[77.35293,28.68987],[77.35269,28.68996],[77.3522,28.69019],[77.35163,28.69047],[77.35123,28.69067],[77.3501,28.69123],[77.3499,28.69133],[77.34946,28.69153],[77.34918,28.69166],[77.3477,28.6924],[77.34767,28.69241],[77.34695,28.69277],[77.34677,28.69283],[77.34672,28.69285],[77.34636,28.69295],[77.34522,28.69323],[77.34501,28.69329],[77.34486,28.69333],[77.34475,28.69336],[77.34411,28.69351],[77.34356,28.69366],[77.34356,28.69366],[77.34354,28.69366],[77.34212,28.69404],[77.34157,28.69417]]}},{"type":"Feature","properties":{"name":"GT Road","highway":"trunk","policy":"truck entry 23:00-07:00 (CAQM/MCD rule)"},"geometry":{"type":"LineString","coordinates":[[77.31551,28.6762],[77.31556,28.6762],[77.31602,28.67622],[77.31607,28.67622],[77.31618,28.67623],[77.3163,28.67623],[77.3166,28.67624],[77.31685,28.67625],[77.31712,28.67626],[77.31795,28.67628],[77.31816,28.67629],[77.31822,28.67629],[77.31952,28.67632]]}},{"type":"Feature","properties":{"name":"Wazirabad Road","highway":"trunk","policy":"truck entry 23:00-07:00 (CAQM/MCD rule)"},"geometry":{"type":"LineString","coordinates":[[77.29493,28.70062],[77.2955,28.70056],[77.29575,28.70051],[77.29711,28.70025],[77.29755,28.70018],[77.29819,28.70008]]}},{"type":"Feature","properties":{"name":"Barapullah Road Flyover","highway":"trunk","policy":"truck entry 23:00-07:00 (CAQM/MCD rule)"},"geometry":{"type":"LineString","coordinates":[[77.22259,28.57933],[77.22247,28.57923],[77.22232,28.5791],[77.22223,28.57903]]}},{"type":"Feature","properties":{"name":"DND Flyway","highway":"motorway","policy":"truck entry 23:00-07:00 (CAQM/MCD rule)"},"geometry":{"type":"LineString","coordinates":[[77.30389,28.57623],[77.30405,28.57586],[77.30417,28.57561],[77.3048,28.5744],[77.30512,28.57401],[77.30526,28.57384],[77.30541,28.57366],[77.30567,28.57346],[77.30594,28.57324]]}},{"type":"Feature","properties":{"name":"DND Flyway","highway":"motorway","policy":"truck entry 23:00-07:00 (CAQM/MCD rule)"},"geometry":{"type":"LineString","coordinates":[[77.30324,28.57589],[77.30303,28.5763],[77.30279,28.57677]]}},{"type":"Feature","properties":{"name":"Dadri Main Road","highway":"trunk","policy":"truck entry 23:00-07:00 (CAQM/MCD rule)"},"geometry":{"type":"LineString","coordinates":[[77.31607,28.56411],[77.31722,28.56252],[77.3177,28.56177],[77.31794,28.56144]]}},{"type":"Feature","properties":{"name":"Dadri Road","highway":"trunk","policy":"truck entry 23:00-07:00 (CAQM/MCD rule)"},"geometry":{"type":"LineString","coordinates":[[77.30953,28.57289],[77.30994,28.57234],[77.31022,28.57196]]}},{"type":"Feature","properties":{"name":"Dadri Road","highway":"trunk","policy":"truck entry 23:00-07:00 (CAQM/MCD rule)"},"geometry":{"type":"LineString","coordinates":[[77.31091,28.57074],[77.30955,28.57247],[77.30937,28.5727],[77.30915,28.57301],[77.30901,28.57326],[77.30836,28.57418],[77.30812,28.57453]]}},{"type":"Feature","properties":{"name":"Delhi-Gurugram Expressway","highway":"motorway","policy":"truck entry 23:00-07:00 (CAQM/MCD rule)"},"geometry":{"type":"LineString","coordinates":[[77.08868,28.49799],[77.08423,28.4933]]}},{"type":"Feature","properties":{"name":"Delhi-Gurugram Expressway","highway":"motorway","policy":"truck entry 23:00-07:00 (CAQM/MCD rule)"},"geometry":{"type":"LineString","coordinates":[[77.08852,28.49808],[77.09157,28.50144],[77.09295,28.50308],[77.09359,28.50384],[77.09448,28.50505],[77.09466,28.50536]]}},{"type":"Feature","properties":{"name":"Mathura Road","highway":"trunk","policy":"truck entry 23:00-07:00 (CAQM/MCD rule)"},"geometry":{"type":"LineString","coordinates":[[77.30698,28.4596],[77.30708,28.4585],[77.30727,28.4563],[77.30729,28.45601],[77.3076,28.4523]]}},{"type":"Feature","properties":{"name":"Mathura Road","highway":"trunk","policy":"truck entry 23:00-07:00 (CAQM/MCD rule)"},"geometry":{"type":"LineString","coordinates":[[77.30628,28.46611],[77.30622,28.46669],[77.30599,28.46941],[77.30591,28.47036],[77.3057,28.47269],[77.3057,28.47277],[77.30568,28.47296]]}},{"type":"Feature","properties":{"name":"Urban Extension Road-II","highway":"trunk","policy":"truck entry 23:00-07:00 (CAQM/MCD rule)"},"geometry":{"type":"LineString","coordinates":[[77.12459,28.80816],[77.12387,28.808],[77.11957,28.80703],[77.11699,28.80644],[77.11533,28.80606],[77.11422,28.80581],[77.11381,28.80573]]}},{"type":"Feature","properties":{"name":"freight corridor","highway":"trunk","policy":"truck entry 23:00-07:00 (CAQM/MCD rule)"},"geometry":{"type":"LineString","coordinates":[[77.06902,28.78056],[77.06896,28.7808],[77.06884,28.78105],[77.06853,28.78129],[77.06633,28.78258],[77.0658,28.78289],[77.06397,28.78394],[77.06324,28.78433],[77.06315,28.78438],[77.06293,28.78451],[77.06115,28.78553],[77.0597,28.78635],[77.05879,28.78689],[77.0587,28.78693],[77.05765,28.78754],[77.05637,28.78827],[77.05497,28.78906],[77.05426,28.78946],[77.05409,28.78952],[77.05398,28.78952],[77.05382,28.78949]]}},{"type":"Feature","properties":{"name":"Delhi-Gurugram Expressway","highway":"motorway","policy":"truck entry 23:00-07:00 (CAQM/MCD rule)"},"geometry":{"type":"LineString","coordinates":[[77.03187,28.44582],[77.03041,28.44625],[77.02628,28.4474],[77.02593,28.4475]]}},{"type":"Feature","properties":{"name":"Delhi-Gurugram Expressway","highway":"motorway","policy":"truck entry 23:00-07:00 (CAQM/MCD rule)"},"geometry":{"type":"LineString","coordinates":[[77.03192,28.44597],[77.03281,28.44575],[77.0331,28.4457],[77.03318,28.44569],[77.0336,28.44567],[77.03408,28.44569],[77.03452,28.44574],[77.03477,28.44577],[77.03511,28.44584],[77.03526,28.44589]]}},{"type":"Feature","properties":{"name":"Delhi-Gurugram Expressway","highway":"motorway","policy":"truck entry 23:00-07:00 (CAQM/MCD rule)"},"geometry":{"type":"LineString","coordinates":[[77.09337,28.51401],[77.0932,28.51346],[77.09313,28.51281],[77.09315,28.51253],[77.09318,28.51208],[77.09336,28.51149],[77.09373,28.51064]]}},{"type":"Feature","properties":{"name":"Delhi-Gurugram Expressway","highway":"motorway","policy":"truck entry 23:00-07:00 (CAQM/MCD rule)"},"geometry":{"type":"LineString","coordinates":[[77.09749,28.5207],[77.09893,28.52285]]}},{"type":"Feature","properties":{"name":"Delhi-Gurugram Expressway","highway":"motorway","policy":"truck entry 23:00-07:00 (CAQM/MCD rule)"},"geometry":{"type":"LineString","coordinates":[[77.09909,28.52277],[77.09766,28.52061]]}},{"type":"Feature","properties":{"name":"Delhi-Gurugram Expressway","highway":"motorway","policy":"truck entry 23:00-07:00 (CAQM/MCD rule)"},"geometry":{"type":"LineString","coordinates":[[77.09766,28.52061],[77.09566,28.5177]]}},{"type":"Feature","properties":{"name":"Delhi-Gurugram Expressway","highway":"motorway","policy":"truck entry 23:00-07:00 (CAQM/MCD rule)"},"geometry":{"type":"LineString","coordinates":[[77.0944,28.51611],[77.09477,28.51668],[77.09531,28.51748],[77.0955,28.51777]]}},{"type":"Feature","properties":{"name":"Bharthal Railway Underpass","highway":"trunk","policy":"truck entry 23:00-07:00 (CAQM/MCD rule)"},"geometry":{"type":"LineString","coordinates":[[77.05977,28.54588],[77.05854,28.54667]]}},{"type":"Feature","properties":{"name":"Bharthal Railway Underpass","highway":"trunk","policy":"truck entry 23:00-07:00 (CAQM/MCD rule)"},"geometry":{"type":"LineString","coordinates":[[77.05862,28.54677],[77.05986,28.54601]]}},{"type":"Feature","properties":{"name":"Urban Extension Road-II","highway":"trunk","policy":"truck entry 23:00-07:00 (CAQM/MCD rule)"},"geometry":{"type":"LineString","coordinates":[[76.99888,28.64984],[76.99854,28.64886],[76.99813,28.64756],[76.99803,28.64729],[76.99791,28.64707],[76.99755,28.64636],[76.99657,28.64493],[76.99585,28.64383]]}},{"type":"Feature","properties":{"name":"Urban Extension Road-II","highway":"trunk","policy":"truck entry 23:00-07:00 (CAQM/MCD rule)"},"geometry":{"type":"LineString","coordinates":[[76.99585,28.64383],[76.99568,28.64356],[76.99544,28.64319],[76.99523,28.64287],[76.99497,28.64242],[76.99476,28.64185],[76.99463,28.64143],[76.99456,28.64097],[76.99451,28.64044],[76.99451,28.64014],[76.99455,28.63981],[76.99461,28.63946],[76.99466,28.63921],[76.99486,28.63868],[76.99515,28.63811],[76.99577,28.63713],[76.99629,28.63642],[76.99712,28.63536],[76.99775,28.63444],[76.99823,28.63373],[76.99919,28.63256],[76.99932,28.63238],[76.9994,28.63215],[76.99947,28.63193],[76.99967,28.63044],[76.99974,28.62946],[76.99979,28.62849],[76.99977,28.62787]]}},{"type":"Feature","properties":{"name":"Rohtak Road","highway":"trunk","policy":"truck entry 23:00-07:00 (CAQM/MCD rule)"},"geometry":{"type":"LineString","coordinates":[[77.09443,28.67944],[77.09431,28.67945],[77.09402,28.67949],[77.09354,28.67955],[77.09334,28.67957],[77.09327,28.67958],[77.09257,28.67963],[77.09217,28.67968],[77.09148,28.67975],[77.09124,28.67978],[77.09025,28.67991],[77.08963,28.67999],[77.08811,28.68012],[77.08756,28.68019],[77.08751,28.68019],[77.08492,28.6805],[77.08481,28.68051],[77.0842,28.68058],[77.08383,28.68061],[77.08317,28.68069],[77.08129,28.6809],[77.0811,28.68092],[77.07961,28.68109],[77.07846,28.68121],[77.07842,28.68122],[77.07745,28.68135],[77.07657,28.68144]]}},{"type":"Feature","properties":{"name":"Mathura Road","highway":"trunk","policy":"truck entry 23:00-07:00 (CAQM/MCD rule)"},"geometry":{"type":"LineString","coordinates":[[77.27018,28.55658],[77.27022,28.55653],[77.27061,28.55602],[77.2709,28.55563],[77.27107,28.5554],[77.27199,28.55417],[77.27221,28.55387],[77.27311,28.55267],[77.27334,28.55235],[77.27395,28.55153],[77.27443,28.55092],[77.27513,28.54993],[77.27544,28.54951],[77.27674,28.54807],[77.27706,28.54771],[77.2773,28.54745],[77.27777,28.54686],[77.27833,28.54586],[77.27858,28.54535],[77.2789,28.54476],[77.27917,28.54433],[77.27957,28.54366],[77.28033,28.54273],[77.28063,28.54236],[77.28148,28.54126],[77.28157,28.54117],[77.28182,28.54089],[77.28208,28.54053],[77.2822,28.54036],[77.28227,28.54027],[77.28253,28.5399],[77.28254,28.53988],[77.283,28.53923],[77.28341,28.53866]]}},{"type":"Feature","properties":{"name":"Anuvrat Marg","highway":"trunk","policy":"truck entry 23:00-07:00 (CAQM/MCD rule)"},"geometry":{"type":"LineString","coordinates":[[77.18324,28.51139],[77.18275,28.5113],[77.18257,28.51125],[77.18168,28.51105],[77.18137,28.51085],[77.18053,28.51005],[77.18025,28.50973],[77.18002,28.50955],[77.17986,28.50946],[77.17963,28.50934],[77.17948,28.5093],[77.1793,28.50926],[77.17908,28.50924],[77.17888,28.50923],[77.17822,28.50922],[77.17814,28.50922],[77.17805,28.50921],[77.17795,28.50919],[77.17784,28.50915],[77.17778,28.50911],[77.17773,28.50906],[77.17766,28.50899],[77.17761,28.50892],[77.17739,28.5085],[77.17713,28.50806],[77.17681,28.50771]]}},{"type":"Feature","properties":{"name":"Nizamuddin Railway Station Flyover","highway":"trunk","policy":"truck entry 23:00-07:00 (CAQM/MCD rule)"},"geometry":{"type":"LineString","coordinates":[[77.25756,28.59264],[77.25764,28.59241],[77.25781,28.59184]]}},{"type":"Feature","properties":{"name":"Doctor KB Hedgewar Marg","highway":"trunk","policy":"truck entry 23:00-07:00 (CAQM/MCD rule)"},"geometry":{"type":"LineString","coordinates":[[77.22928,28.67999],[77.22928,28.68006],[77.22927,28.68023],[77.2292,28.68101],[77.22916,28.6815],[77.2291,28.68236],[77.22908,28.68269],[77.22896,28.68453],[77.22881,28.68659],[77.22877,28.68719],[77.22871,28.68769],[77.22854,28.68819],[77.22816,28.68916],[77.2279,28.68981],[77.22779,28.69018],[77.22779,28.6902],[77.22772,28.69062],[77.22772,28.69085],[77.22771,28.69129],[77.2277,28.69154],[77.22766,28.69276],[77.22764,28.6934],[77.22765,28.69418],[77.22762,28.6949],[77.22759,28.69502],[77.22718,28.69647]]}},{"type":"Feature","properties":{"name":"Mahatma Gandhi Road","highway":"trunk","policy":"truck entry 23:00-07:00 (CAQM/MCD rule)"},"geometry":{"type":"LineString","coordinates":[[77.23011,28.6776],[77.23028,28.67741],[77.23058,28.67712],[77.23086,28.67682],[77.23094,28.67674],[77.231,28.67664],[77.23105,28.67654],[77.23107,28.67643],[77.23107,28.67632],[77.23105,28.67621],[77.23099,28.67594],[77.2309,28.67556],[77.23085,28.67537],[77.23065,28.67486],[77.23056,28.67442],[77.23058,28.67414],[77.2308,28.67334],[77.23108,28.67239],[77.23162,28.67062],[77.23177,28.67013]]}},{"type":"Feature","properties":{"name":"Delhi - Meerut Expressway","highway":"motorway","policy":"truck entry 23:00-07:00 (CAQM/MCD rule)"},"geometry":{"type":"LineString","coordinates":[[77.28107,28.6114],[77.28177,28.6121],[77.28285,28.61335],[77.28328,28.6139],[77.28343,28.61406],[77.28402,28.61467],[77.28455,28.61519],[77.28477,28.6154],[77.2848,28.61542],[77.28594,28.61624]]}},{"type":"Feature","properties":{"name":"Delhi - Meerut Expressway","highway":"motorway","policy":"truck entry 23:00-07:00 (CAQM/MCD rule)"},"geometry":{"type":"LineString","coordinates":[[77.27296,28.60565],[77.27374,28.606],[77.27545,28.60676],[77.27588,28.60695]]}},{"type":"Feature","properties":{"name":"Flyover","highway":"trunk","policy":"truck entry 23:00-07:00 (CAQM/MCD rule)"},"geometry":{"type":"LineString","coordinates":[[77.27099,28.60489],[77.27289,28.60576]]}},{"type":"Feature","properties":{"name":"Delhi - Meerut Expressway","highway":"motorway","policy":"truck entry 23:00-07:00 (CAQM/MCD rule)"},"geometry":{"type":"LineString","coordinates":[[77.27596,28.60685],[77.27551,28.60664],[77.27381,28.60589],[77.27304,28.60553]]}},{"type":"Feature","properties":{"name":"Flyover","highway":"trunk","policy":"truck entry 23:00-07:00 (CAQM/MCD rule)"},"geometry":{"type":"LineString","coordinates":[[77.2731,28.60543],[77.27164,28.60475],[77.27121,28.60455]]}},{"type":"Feature","properties":{"name":"Flyover","highway":"trunk","policy":"truck entry 23:00-07:00 (CAQM/MCD rule)"},"geometry":{"type":"LineString","coordinates":[[77.27581,28.60707],[77.27608,28.60721],[77.27677,28.60758],[77.2775,28.60806],[77.27792,28.6084]]}},{"type":"Feature","properties":{"name":"Flyover","highway":"trunk","policy":"truck entry 23:00-07:00 (CAQM/MCD rule)"},"geometry":{"type":"LineString","coordinates":[[77.27873,28.60853],[77.278,28.60796],[77.27736,28.6075],[77.27702,28.60729],[77.27646,28.60698],[77.27602,28.60676]]}},{"type":"Feature","properties":{"name":"Delhi - Meerut Expressway","highway":"motorway","policy":"truck entry 23:00-07:00 (CAQM/MCD rule)"},"geometry":{"type":"LineString","coordinates":[[77.26968,28.60396],[77.26782,28.60313],[77.26739,28.60291],[77.26719,28.60278],[77.26688,28.60259],[77.26661,28.60245],[77.2659,28.60213]]}},{"type":"Feature","properties":{"name":"Urban Extension Road-II","highway":"trunk","policy":"truck entry 23:00-07:00 (CAQM/MCD rule)"},"geometry":{"type":"LineString","coordinates":[[77.00699,28.58474],[77.00693,28.58456],[77.00681,28.58395],[77.00677,28.58329],[77.00678,28.58056],[77.00677,28.57954],[77.00678,28.57924],[77.00684,28.57747],[77.00692,28.57616],[77.00697,28.57476],[77.00699,28.57438],[77.00715,28.57355]]}},{"type":"Feature","properties":{"name":"Urban Extension Road-II","highway":"trunk","policy":"truck entry 23:00-07:00 (CAQM/MCD rule)"},"geometry":{"type":"LineString","coordinates":[[77.007,28.57336],[77.00683,28.57436],[77.00676,28.57599],[77.00669,28.57747],[77.00663,28.57907],[77.00662,28.57955],[77.0066,28.58053],[77.00664,28.58329],[77.00667,28.58403],[77.00675,28.58438],[77.00681,28.58465],[77.00684,28.58474]]}},{"type":"Feature","properties":{"name":"Urban Extension Road-II","highway":"trunk","policy":"truck entry 23:00-07:00 (CAQM/MCD rule)"},"geometry":{"type":"LineString","coordinates":[[77.01179,28.6744],[77.01218,28.67506],[77.0124,28.67544],[77.01292,28.67646],[77.01409,28.67857],[77.01463,28.67949],[77.01507,28.68023],[77.01552,28.68099]]}},{"type":"Feature","properties":{"name":"Dwarka Expressway","highway":"motorway","policy":"truck entry 23:00-07:00 (CAQM/MCD rule)"},"geometry":{"type":"LineString","coordinates":[[77.03682,28.53864],[77.03737,28.53944],[77.03914,28.5415]]}},{"type":"Feature","properties":{"name":"Delhi-Gurugram Expressway","highway":"motorway","policy":"truck entry 23:00-07:00 (CAQM/MCD rule)"},"geometry":{"type":"LineString","coordinates":[[77.1341,28.56825],[77.13413,28.56884],[77.13416,28.5691],[77.13418,28.5693],[77.13423,28.56953],[77.13429,28.56974],[77.13436,28.56992],[77.13443,28.5701],[77.13452,28.57027],[77.13461,28.57043],[77.13472,28.57059],[77.13483,28.57075],[77.13498,28.57092],[77.13512,28.57107],[77.13527,28.5712],[77.13541,28.57133],[77.13559,28.57145],[77.13682,28.57227],[77.13839,28.5732],[77.13919,28.57368],[77.14035,28.57421],[77.1412,28.57453],[77.14196,28.57483],[77.1424,28.57508],[77.14268,28.57525],[77.14307,28.57557],[77.14343,28.57593],[77.14375,28.57642],[77.14391,28.57684],[77.14407,28.57725]]}},{"type":"Feature","properties":{"name":"Mahipalpur Flyover","highway":"motorway","policy":"truck entry 23:00-07:00 (CAQM/MCD rule)"},"geometry":{"type":"LineString","coordinates":[[77.12936,28.55082],[77.12667,28.54871],[77.12402,28.54663],[77.12356,28.54629],[77.12303,28.54591],[77.12218,28.54546],[77.12152,28.54516],[77.12035,28.54459],[77.11963,28.54423],[77.11929,28.54397],[77.11894,28.54362],[77.11863,28.54322],[77.11844,28.54291],[77.11813,28.54225],[77.11715,28.54012]]}},{"type":"Feature","properties":{"name":"Delhi-Dehradun Expressway","highway":"trunk","policy":"truck entry 23:00-07:00 (CAQM/MCD rule)"},"geometry":{"type":"LineString","coordinates":[[77.27622,28.62365],[77.27587,28.62415],[77.27583,28.62421],[77.27572,28.62437],[77.27551,28.62465],[77.2754,28.62483],[77.27507,28.62534],[77.27492,28.62554],[77.27479,28.62569],[77.27467,28.6258],[77.27452,28.62593],[77.27434,28.62606],[77.27418,28.62616],[77.27395,28.6263],[77.27365,28.62644],[77.27245,28.62702],[77.2723,28.62712],[77.27217,28.62721],[77.27206,28.6273],[77.27197,28.62739],[77.27185,28.62751],[77.27175,28.62763],[77.27163,28.62779]]}},{"type":"Feature","properties":{"name":"Delhi-Dehradun Expressway","highway":"trunk","policy":"truck entry 23:00-07:00 (CAQM/MCD rule)"},"geometry":{"type":"LineString","coordinates":[[77.27847,28.62033],[77.2773,28.62206]]}},{"type":"Feature","properties":{"name":"Delhi-Dehradun Expressway","highway":"trunk","policy":"truck entry 23:00-07:00 (CAQM/MCD rule)"},"geometry":{"type":"LineString","coordinates":[[77.27742,28.62209],[77.27861,28.62038]]}},{"type":"Feature","properties":{"name":"Noida Link Road","highway":"trunk","policy":"truck entry 23:00-07:00 (CAQM/MCD rule)"},"geometry":{"type":"LineString","coordinates":[[77.27978,28.61847],[77.28076,28.61695],[77.28137,28.61604]]}},{"type":"Feature","properties":{"name":"Mayur Vihar Phase1 Flyover","highway":"trunk","policy":"truck entry 23:00-07:00 (CAQM/MCD rule)"},"geometry":{"type":"LineString","coordinates":[[77.28842,28.60466],[77.29015,28.60126]]}},{"type":"Feature","properties":{"name":"Mayur Vihar Phase1 Flyover","highway":"trunk","policy":"truck entry 23:00-07:00 (CAQM/MCD rule)"},"geometry":{"type":"LineString","coordinates":[[77.28739,28.60673],[77.28742,28.60667],[77.28744,28.60663],[77.28747,28.60655],[77.28782,28.60581],[77.28842,28.60466]]}},{"type":"Feature","properties":{"name":"Mayur Vihar Phase1 Flyover","highway":"trunk","policy":"truck entry 23:00-07:00 (CAQM/MCD rule)"},"geometry":{"type":"LineString","coordinates":[[77.29015,28.60126],[77.29112,28.59938],[77.29135,28.599]]}},{"type":"Feature","properties":{"name":"Mayur Vihar Flyover","highway":"trunk","policy":"truck entry 23:00-07:00 (CAQM/MCD rule)"},"geometry":{"type":"LineString","coordinates":[[77.29747,28.58775],[77.29772,28.5873],[77.29793,28.58697],[77.29813,28.58672],[77.2984,28.58642],[77.29856,28.58625]]}},{"type":"Feature","properties":{"name":"Mayur Vihar Flyover","highway":"trunk","policy":"truck entry 23:00-07:00 (CAQM/MCD rule)"},"geometry":{"type":"LineString","coordinates":[[77.29738,28.5877],[77.29711,28.58821],[77.29664,28.58908],[77.2962,28.58983],[77.29583,28.59042],[77.2949,28.5919],[77.29441,28.59267],[77.29396,28.59339],[77.29369,28.59393]]}},{"type":"Feature","properties":{"name":"Mayur Vihar Flyover","highway":"trunk","policy":"truck entry 23:00-07:00 (CAQM/MCD rule)"},"geometry":{"type":"LineString","coordinates":[[77.29369,28.59393],[77.29306,28.59515],[77.29285,28.5956]]}},{"type":"Feature","properties":{"name":"Dadri Road","highway":"trunk","policy":"truck entry 23:00-07:00 (CAQM/MCD rule)"},"geometry":{"type":"LineString","coordinates":[[77.29135,28.599],[77.29167,28.59828],[77.29204,28.59754],[77.29256,28.59652],[77.29272,28.59619],[77.29274,28.59613]]}},{"type":"Feature","properties":{"name":"Mayur Vihar Phase1 Flyover","highway":"trunk","policy":"truck entry 23:00-07:00 (CAQM/MCD rule)"},"geometry":{"type":"LineString","coordinates":[[77.28816,28.60488],[77.28756,28.60601],[77.28685,28.6074]]}},{"type":"Feature","properties":{"name":"Urban Extension Road-II","highway":"trunk","policy":"truck entry 23:00-07:00 (CAQM/MCD rule)"},"geometry":{"type":"LineString","coordinates":[[76.9985,28.6164],[76.99847,28.61699],[76.99844,28.61723],[76.99838,28.61747],[76.99801,28.61907],[76.99795,28.61937],[76.9979,28.61967],[76.99781,28.62021],[76.99778,28.62055],[76.99777,28.62093],[76.99777,28.62115],[76.9978,28.62162],[76.99789,28.62227],[76.99803,28.62285],[76.99851,28.62438],[76.99853,28.62443]]}},{"type":"Feature","properties":{"name":"Urban Extension Road-II","highway":"trunk","policy":"truck entry 23:00-07:00 (CAQM/MCD rule)"},"geometry":{"type":"LineString","coordinates":[[76.99474,28.63863],[76.99466,28.6388],[76.99454,28.63915],[76.99448,28.63944],[76.99441,28.63974],[76.99437,28.64009],[76.99437,28.64043],[76.9944,28.64096],[76.99449,28.64144],[76.99462,28.64182],[76.99486,28.64245],[76.99511,28.64292],[76.9953,28.64323],[76.99555,28.6436],[76.99575,28.64388]]}},{"type":"Feature","properties":{"name":"Delhi-Gurugram Expressway","highway":"motorway","policy":"truck entry 23:00-07:00 (CAQM/MCD rule)"},"geometry":{"type":"LineString","coordinates":[[77.09274,28.51253],[77.09279,28.51301],[77.09286,28.51328],[77.09291,28.51344],[77.09314,28.51409]]}},{"type":"Feature","properties":{"name":"Grand Trunk Road","highway":"trunk","policy":"truck entry 23:00-07:00 (CAQM/MCD rule)"},"geometry":{"type":"LineString","coordinates":[[77.12704,28.84508],[77.12709,28.8448],[77.12764,28.84186],[77.1277,28.84151],[77.12777,28.84118],[77.12786,28.84071],[77.12807,28.83953],[77.12844,28.83748],[77.12846,28.83739],[77.12857,28.83684],[77.12859,28.83672],[77.12863,28.83655]]}},{"type":"Feature","properties":{"name":"Bahadurgarh Bypass","highway":"trunk","policy":"truck entry 23:00-07:00 (CAQM/MCD rule)"},"geometry":{"type":"LineString","coordinates":[[76.91201,28.668],[76.9119,28.66806],[76.91142,28.66834],[76.91087,28.66864],[76.91014,28.66899],[76.90911,28.6694],[76.90858,28.66962],[76.90647,28.67047],[76.90481,28.67116],[76.90407,28.67151]]}},{"type":"Feature","properties":{"name":"Bahadurgarh Bypass","highway":"trunk","policy":"truck entry 23:00-07:00 (CAQM/MCD rule)"},"geometry":{"type":"LineString","coordinates":[[76.89508,28.67591],[76.89516,28.67587],[76.89683,28.67508],[76.8985,28.67428],[76.89932,28.67389],[76.89947,28.67382],[76.90111,28.67303],[76.90314,28.67209],[76.90401,28.67169]]}},{"type":"Feature","properties":{"name":"Bahadurgarh Bypass","highway":"trunk","policy":"truck entry 23:00-07:00 (CAQM/MCD rule)"},"geometry":{"type":"LineString","coordinates":[[76.88564,28.68483],[76.88596,28.68419],[76.88651,28.6831],[76.88726,28.68158],[76.88763,28.68083],[76.88808,28.68014],[76.88843,28.67973],[76.8887,28.67949],[76.88931,28.67901],[76.88996,28.67866],[76.8902,28.67853],[76.89066,28.67829],[76.89131,28.67793],[76.89225,28.67743],[76.89428,28.6763],[76.89431,28.67629]]}},{"type":"Feature","properties":{"name":"Bahadurgarh Bypass","highway":"trunk","policy":"truck entry 23:00-07:00 (CAQM/MCD rule)"},"geometry":{"type":"LineString","coordinates":[[76.92257,28.66359],[76.92274,28.66366],[76.92629,28.66521],[76.92649,28.6653],[76.92772,28.66584],[76.92802,28.66597],[76.92897,28.66639],[76.92968,28.66672],[76.92999,28.66683],[76.93103,28.66729],[76.93208,28.66775],[76.93475,28.66886],[76.93632,28.66944]]}},{"type":"Feature","properties":{"name":"Bahadurgarh Bypass","highway":"trunk","policy":"truck entry 23:00-07:00 (CAQM/MCD rule)"},"geometry":{"type":"LineString","coordinates":[[76.89415,28.67622],[76.89411,28.67624],[76.89194,28.67743],[76.89055,28.67817],[76.89008,28.67844],[76.88925,28.67892],[76.88863,28.67936],[76.88826,28.67974],[76.88789,28.68021],[76.88754,28.68075],[76.88659,28.68265],[76.88656,28.6827],[76.88598,28.68382],[76.88581,28.68416],[76.88549,28.68478]]}},{"type":"Feature","properties":{"name":"Bahadurgarh Bypass","highway":"trunk","policy":"truck entry 23:00-07:00 (CAQM/MCD rule)"},"geometry":{"type":"LineString","coordinates":[[76.94308,28.67151],[76.94327,28.67156],[76.94375,28.67175],[76.94423,28.6721],[76.94437,28.67225],[76.94461,28.67259],[76.94482,28.67299],[76.94492,28.67342],[76.94502,28.67444],[76.94503,28.67466],[76.94506,28.67497],[76.94531,28.6785],[76.94547,28.6806],[76.94549,28.68068],[76.9455,28.68073],[76.94571,28.68153],[76.9461,28.68319],[76.94618,28.68351],[76.94627,28.68481],[76.94627,28.68486],[76.94627,28.68489],[76.94641,28.68683],[76.94651,28.6881]]}},{"type":"Feature","properties":{"name":"Bahadurgarh Bypass","highway":"trunk","policy":"truck entry 23:00-07:00 (CAQM/MCD rule)"},"geometry":{"type":"LineString","coordinates":[[76.94665,28.68799],[76.94657,28.68682],[76.94642,28.68488],[76.94633,28.68377],[76.94629,28.68342],[76.94614,28.68263],[76.94565,28.68072],[76.94563,28.68067],[76.94563,28.68064],[76.94562,28.68059],[76.94561,28.68046],[76.9456,28.68036],[76.94557,28.68012],[76.94545,28.67826],[76.94535,28.6769],[76.9452,28.67493],[76.94513,28.67397],[76.9451,28.67347],[76.94503,28.67301],[76.94488,28.67265],[76.94463,28.6723],[76.94427,28.67192],[76.94386,28.67162],[76.94331,28.67144],[76.94312,28.67139]]}},{"type":"Feature","properties":{"name":"Bahadurgarh Bypass","highway":"trunk","policy":"truck entry 23:00-07:00 (CAQM/MCD rule)"},"geometry":{"type":"LineString","coordinates":[[76.94023,28.67061],[76.93941,28.67039]]}},{"type":"Feature","properties":{"name":"Bahadurgarh Bypass","highway":"trunk","policy":"truck entry 23:00-07:00 (CAQM/MCD rule)"},"geometry":{"type":"LineString","coordinates":[[76.93936,28.67054],[76.94018,28.67076]]}},{"type":"Feature","properties":{"name":"Bahadurgarh Bypass","highway":"trunk","policy":"truck entry 23:00-07:00 (CAQM/MCD rule)"},"geometry":{"type":"LineString","coordinates":[[76.94651,28.6881],[76.94652,28.68835]]}},{"type":"Feature","properties":{"name":"Bahadurgarh Bypass","highway":"trunk","policy":"truck entry 23:00-07:00 (CAQM/MCD rule)"},"geometry":{"type":"LineString","coordinates":[[76.94667,28.68823],[76.94665,28.68799]]}},{"type":"Feature","properties":{"name":"Bahadurgarh Bypass","highway":"trunk","policy":"truck entry 23:00-07:00 (CAQM/MCD rule)"},"geometry":{"type":"LineString","coordinates":[[76.89431,28.67629],[76.89508,28.67591]]}},{"type":"Feature","properties":{"name":"Bahadurgarh Bypass","highway":"trunk","policy":"truck entry 23:00-07:00 (CAQM/MCD rule)"},"geometry":{"type":"LineString","coordinates":[[76.89491,28.67585],[76.89415,28.67622]]}},{"type":"Feature","properties":{"name":"Bahadurgarh Bypass","highway":"trunk","policy":"truck entry 23:00-07:00 (CAQM/MCD rule)"},"geometry":{"type":"LineString","coordinates":[[76.86619,28.72139],[76.86636,28.72125],[76.86649,28.72113],[76.86655,28.72108],[76.86665,28.721],[76.86677,28.72091]]}},{"type":"Feature","properties":{"name":"Bahadurgarh Bypass","highway":"trunk","policy":"truck entry 23:00-07:00 (CAQM/MCD rule)"},"geometry":{"type":"LineString","coordinates":[[76.87902,28.69722],[76.87851,28.69828],[76.87748,28.7004],[76.87657,28.7023],[76.8755,28.70441],[76.87438,28.7066],[76.8729,28.70942],[76.87203,28.71102],[76.8715,28.712],[76.87072,28.71348],[76.86894,28.71681],[76.8687,28.71724],[76.86804,28.71852],[76.86773,28.71915]]}},{"type":"Feature","properties":{"name":"Bahadurgarh Bypass","highway":"trunk","policy":"truck entry 23:00-07:00 (CAQM/MCD rule)"},"geometry":{"type":"LineString","coordinates":[[76.88367,28.6887],[76.88508,28.68591],[76.88564,28.68483]]}},{"type":"Feature","properties":{"name":"Bahadurgarh Bypass","highway":"trunk","policy":"truck entry 23:00-07:00 (CAQM/MCD rule)"},"geometry":{"type":"LineString","coordinates":[[76.88549,28.68478],[76.88493,28.68586],[76.88353,28.68858]]}},{"type":"Feature","properties":{"name":"Bahadurgarh Bypass","highway":"trunk","policy":"truck entry 23:00-07:00 (CAQM/MCD rule)"},"geometry":{"type":"LineString","coordinates":[[76.93637,28.66932],[76.93481,28.66874],[76.93387,28.66839],[76.93211,28.66764],[76.93007,28.66676],[76.92974,28.66662],[76.9281,28.66589],[76.92754,28.66565],[76.92658,28.66522],[76.92634,28.66512],[76.92263,28.66347]]}},{"type":"Feature","properties":{"name":"Rohtak Road","highway":"trunk","policy":"truck entry 23:00-07:00 (CAQM/MCD rule)"},"geometry":{"type":"LineString","coordinates":[[76.96237,28.68822],[76.96275,28.68818],[76.963,28.68816],[76.96331,28.68813],[76.96492,28.68798],[76.96511,28.68797],[76.96662,28.68783],[76.96804,28.6877],[76.9693,28.68759],[76.97033,28.6875],[76.97334,28.68723],[76.9742,28.68715],[76.97518,28.68706],[76.97669,28.68694],[76.97866,28.68678],[76.97895,28.68675],[76.97946,28.68671],[76.97952,28.68671],[76.98017,28.68665],[76.98059,28.68661],[76.98076,28.68659],[76.98359,28.68634],[76.98408,28.68629],[76.98453,28.68625],[76.98531,28.68618],[76.98541,28.68618],[76.98941,28.68584],[76.98958,28.68582],[76.99211,28.68559],[76.99232,28.68557],[76.99407,28.68542],[76.99461,28.68538],[76.99465,28.68538],[76.99483,28.68536]]}},{"type":"Feature","properties":{"name":"Anuvrat Marg","highway":"trunk","policy":"truck entry 23:00-07:00 (CAQM/MCD rule)"},"geometry":{"type":"LineString","coordinates":[[77.17697,28.50812],[77.17705,28.50823],[77.17726,28.5086],[77.1776,28.50913],[77.17766,28.5092],[77.17771,28.50924],[77.17776,28.50928],[77.17794,28.50934],[77.17801,28.50936],[77.17822,28.50937],[77.17838,28.50938],[77.17857,28.50939],[77.17913,28.5094],[77.17939,28.50943],[77.17951,28.50945],[77.17962,28.50949],[77.17974,28.50955],[77.17985,28.50961],[77.17995,28.50968],[77.18004,28.50975],[77.18044,28.51011],[77.18127,28.51102],[77.18133,28.51107],[77.18141,28.51111],[77.1815,28.51115],[77.18156,28.51116],[77.18198,28.51126],[77.18255,28.51138],[77.1832,28.5115]]}},{"type":"Feature","properties":{"name":"Acharya Shri Tulsi Marg","highway":"trunk","policy":"truck entry 23:00-07:00 (CAQM/MCD rule)"},"geometry":{"type":"LineString","coordinates":[[77.17681,28.50771],[77.17677,28.50768],[77.17666,28.50758],[77.17661,28.50754],[77.17591,28.50695],[77.17583,28.50689],[77.17512,28.50621],[77.17489,28.50598],[77.1747,28.50572]]}},{"type":"Feature","properties":{"name":"Mathura Road","highway":"trunk","policy":"truck entry 23:00-07:00 (CAQM/MCD rule)"},"geometry":{"type":"LineString","coordinates":[[77.28971,28.52763],[77.29116,28.52637],[77.29188,28.52563],[77.29203,28.52542],[77.29219,28.52515],[77.29254,28.52455],[77.29266,28.52429],[77.29321,28.52324],[77.29344,28.52275],[77.29422,28.52111],[77.29434,28.52087],[77.29437,28.5208],[77.29449,28.52058],[77.29453,28.5205],[77.2946,28.52036],[77.29463,28.5203],[77.2948,28.51995],[77.29552,28.5185],[77.29652,28.51611],[77.29695,28.51505],[77.297,28.51493],[77.29732,28.51415],[77.29741,28.51393],[77.29777,28.51304],[77.29783,28.51289],[77.29792,28.51268]]}},{"type":"Feature","properties":{"name":"Okhla Estate Marg Flyover","highway":"trunk","policy":"truck entry 23:00-07:00 (CAQM/MCD rule)"},"geometry":{"type":"LineString","coordinates":[[77.28344,28.53835],[77.28331,28.53854],[77.28328,28.5386]]}},{"type":"Feature","properties":{"name":"Mathura Road","highway":"trunk","policy":"truck entry 23:00-07:00 (CAQM/MCD rule)"},"geometry":{"type":"LineString","coordinates":[[77.28328,28.5386],[77.28299,28.53902],[77.28285,28.53921],[77.28261,28.53956],[77.28257,28.53962],[77.28233,28.53997],[77.28225,28.54008],[77.28215,28.54021],[77.28208,28.5403],[77.28195,28.54046],[77.28136,28.54121],[77.28116,28.54146],[77.28103,28.54163],[77.28089,28.5418],[77.28051,28.54228],[77.28008,28.54282],[77.27946,28.5436],[77.27876,28.54469],[77.27823,28.54579],[77.2777,28.54676],[77.27698,28.54764],[77.27531,28.54943],[77.27432,28.55079],[77.27428,28.55083],[77.27382,28.55146],[77.27379,28.5515],[77.27358,28.55178],[77.27344,28.55197],[77.27316,28.55235],[77.27211,28.55377],[77.2719,28.55404],[77.27074,28.55555],[77.27008,28.55647],[77.26972,28.55697],[77.26935,28.55747],[77.2692,28.55767],[77.2686,28.55849],[77.26794,28.55939],[77.26727,28.56021]]}},{"type":"Feature","properties":{"name":"NH48","highway":"trunk","policy":"truck entry 23:00-07:00 (CAQM/MCD rule)"},"geometry":{"type":"LineString","coordinates":[[77.16378,28.59326],[77.16402,28.59337],[77.16521,28.59391]]}},{"type":"Feature","properties":{"name":"Barapullah Road Flyover","highway":"trunk","policy":"truck entry 23:00-07:00 (CAQM/MCD rule)"},"geometry":{"type":"LineString","coordinates":[[77.22151,28.57802],[77.22139,28.57788],[77.22124,28.5777],[77.2211,28.57758],[77.22088,28.57741],[77.22002,28.57682]]}},{"type":"Feature","properties":{"name":"Wazirabad Road","highway":"trunk","policy":"truck entry 23:00-07:00 (CAQM/MCD rule)"},"geometry":{"type":"LineString","coordinates":[[77.34161,28.6943],[77.3422,28.69412],[77.34246,28.69405],[77.34334,28.69382],[77.34358,28.69375],[77.3436,28.69375],[77.34365,28.69374],[77.3437,28.69372],[77.34417,28.6936],[77.34518,28.69335],[77.34537,28.69331],[77.34582,28.69319],[77.34657,28.693],[77.34683,28.69292],[77.34705,28.69283],[77.34781,28.69246],[77.34797,28.69238],[77.34924,28.69175],[77.34984,28.69148],[77.35,28.69142],[77.35019,28.69132],[77.35066,28.69109],[77.35155,28.69064],[77.35173,28.69055],[77.35187,28.69048],[77.35245,28.6902],[77.35298,28.68996],[77.35326,28.68988],[77.35392,28.68968],[77.354,28.68965],[77.35454,28.68951],[77.35467,28.68948],[77.35501,28.68944],[77.35508,28.68943],[77.35571,28.68934],[77.3559,28.68931],[77.35683,28.68919],[77.35691,28.68918],[77.35709,28.68915],[77.35727,28.68914],[77.35773,28.6891],[77.35834,28.6891],[77.35841,28.6891],[77.35865,28.68911]]}},{"type":"Feature","properties":{"name":"Wazirabad Road","highway":"trunk","policy":"truck entry 23:00-07:00 (CAQM/MCD rule)"},"geometry":{"type":"LineString","coordinates":[[77.33852,28.69495],[77.33842,28.69497],[77.33834,28.69498],[77.33817,28.69504],[77.33778,28.69514],[77.33759,28.69519],[77.33736,28.69525],[77.33654,28.69544],[77.33643,28.69545],[77.33625,28.69546],[77.33604,28.69552],[77.33594,28.69558],[77.3358,28.69564],[77.33522,28.6958],[77.33459,28.69592],[77.3339,28.69606],[77.33348,28.69614],[77.3333,28.69618],[77.33318,28.6962],[77.33276,28.69628],[77.33169,28.69654],[77.3316,28.69656],[77.33023,28.69689],[77.32994,28.69696]]}},{"type":"Feature","properties":{"name":"Acharya Shri Tulsi Marg","highway":"trunk","policy":"truck entry 23:00-07:00 (CAQM/MCD rule)"},"geometry":{"type":"LineString","coordinates":[[77.11509,28.4814],[77.1163,28.48119],[77.11682,28.4811],[77.11719,28.48102],[77.11726,28.48099],[77.11778,28.48085],[77.11825,28.48063],[77.11831,28.48059],[77.11901,28.48012],[77.11987,28.47956],[77.12,28.47948],[77.12016,28.47938],[77.12031,28.47929],[77.12082,28.47901],[77.12144,28.47884],[77.12215,28.47886],[77.12218,28.47886],[77.12248,28.47889],[77.12275,28.47894],[77.12295,28.47899],[77.12312,28.47904],[77.12344,28.47918],[77.12421,28.47971],[77.12474,28.48009],[77.12489,28.48021],[77.12504,28.48032],[77.1253,28.48051],[77.12554,28.48069],[77.12569,28.4808],[77.12616,28.48115],[77.12677,28.48162],[77.12752,28.48216],[77.12981,28.48385],[77.12986,28.48389],[77.1305,28.48438],[77.13128,28.48506],[77.13139,28.48515],[77.13195,28.48561],[77.13281,28.48635],[77.13316,28.48662],[77.13348,28.48683],[77.13368,28.48694],[77.13387,28.48705],[77.13451,28.48737],[77.13453,28.48738],[77.13478,28.4875],[77.13506,28.48764],[77.13514,28.48768],[77.13644,28.48835],[77.13681,28.48853],[77.13785,28.48903],[77.13877,28.48948],[77.13977,28.48997],[77.13987,28.49001],[77.14006,28.4901],[77.14124,28.49066],[77.14174,28.49091],[77.14211,28.49107],[77.14235,28.49119],[77.14298,28.49141],[77.14338,28.49154],[77.14492,28.4921],[77.14517,28.49219],[77.14631,28.49265],[77.14648,28.49271],[77.14785,28.4933],[77.14909,28.49386],[77.14958,28.49408],[77.15034,28.49434],[77.15036,28.49435],[77.15045,28.49439],[77.15052,28.49443],[77.15105,28.49466],[77.15151,28.49487],[77.15308,28.49558],[77.15454,28.49624],[77.15576,28.49679],[77.15589,28.49684],[77.1559,28.49685],[77.15637,28.49706],[77.15646,28.4971],[77.1567,28.49721],[77.15711,28.49739],[77.15934,28.49845],[77.15944,28.49849],[77.16042,28.49889],[77.16093,28.4991],[77.1615,28.49936],[77.1621,28.4996],[77.16247,28.49973],[77.16263,28.4998],[77.16479,28.5008],[77.16548,28.50114],[77.16645,28.5016],[77.16702,28.50184],[77.16709,28.50186],[77.16714,28.50189],[77.16716,28.50189],[77.16733,28.50196],[77.16834,28.50234],[77.16852,28.50241],[77.16934,28.50281],[77.16973,28.50299],[77.17155,28.5037],[77.17186,28.50382],[77.17193,28.50384],[77.17258,28.50413],[77.17272,28.5042],[77.17274,28.50421],[77.17293,28.50431],[77.17311,28.50444]]}},{"type":"Feature","properties":{"name":"Mehrauli Gurgaon Road","highway":"trunk","policy":"truck entry 23:00-07:00 (CAQM/MCD rule)"},"geometry":{"type":"LineString","coordinates":[[77.11469,28.48126],[77.11413,28.48138],[77.11356,28.48138],[77.11329,28.48142],[77.1114,28.48143],[77.1107,28.48153],[77.11018,28.48172],[77.10928,28.48213],[77.10907,28.48222],[77.10894,28.48227],[77.1088,28.48233],[77.10865,28.48238],[77.10832,28.48248],[77.10821,28.48251],[77.10788,28.48255],[77.10729,28.48254],[77.10686,28.48248],[77.10633,28.48234],[77.10592,28.48226],[77.10582,28.48224],[77.10531,28.48216],[77.10473,28.4821],[77.10445,28.48208],[77.1044,28.48208],[77.10411,28.48206],[77.10375,28.48206],[77.10366,28.48206],[77.10329,28.48205],[77.10323,28.48204],[77.10301,28.482],[77.10285,28.48199],[77.10243,28.48194],[77.10117,28.48178],[77.10097,28.48176],[77.10077,28.48174],[77.1006,28.48176],[77.10044,28.48179],[77.09978,28.48203],[77.09956,28.48217],[77.0988,28.48268]]}},{"type":"Feature","properties":{"name":"Mehrauli Gurgaon Road","highway":"trunk","policy":"truck entry 23:00-07:00 (CAQM/MCD rule)"},"geometry":{"type":"LineString","coordinates":[[77.096,28.48464],[77.09668,28.48423],[77.09691,28.4841],[77.09762,28.48374],[77.0979,28.48356],[77.09807,28.48341],[77.09858,28.48294],[77.0991,28.48258],[77.09985,28.48217],[77.10044,28.48193],[77.10051,28.48192],[77.10063,28.48193],[77.10189,28.48203],[77.1024,28.48208],[77.10322,28.48219],[77.10324,28.48219],[77.10339,28.48219],[77.10443,28.48218],[77.10473,28.48221],[77.10577,28.48238],[77.10588,28.4824],[77.10596,28.48242],[77.10653,28.48254],[77.1066,28.48256],[77.10682,28.48261],[77.10736,28.4827],[77.10753,28.48271],[77.10777,28.48273],[77.10792,28.48273],[77.10813,28.48272],[77.10818,28.48271],[77.10851,28.48265],[77.10885,28.48252],[77.10902,28.48245],[77.11005,28.48198],[77.11052,28.48178],[77.11083,28.48169],[77.11086,28.48169],[77.11129,28.48164],[77.11172,28.48163],[77.11185,28.48164],[77.11336,28.48172],[77.11378,28.48168],[77.11431,28.48156],[77.11475,28.48147]]}},{"type":"Feature","properties":{"name":"NH334B","highway":"trunk","policy":"truck entry 23:00-07:00 (CAQM/MCD rule)"},"geometry":{"type":"LineString","coordinates":[[76.92323,28.87703],[76.92324,28.87717],[76.92323,28.87723],[76.92324,28.87749],[76.92325,28.87771],[76.92327,28.87838],[76.92327,28.87941],[76.92327,28.87949]]}},{"type":"Feature","properties":{"name":"NH334B","highway":"trunk","policy":"truck entry 23:00-07:00 (CAQM/MCD rule)"},"geometry":{"type":"LineString","coordinates":[[76.85912,28.8441],[76.85942,28.84423]]}},{"type":"Feature","properties":{"name":"NH334B","highway":"trunk","policy":"truck entry 23:00-07:00 (CAQM/MCD rule)"},"geometry":{"type":"LineString","coordinates":[[76.85942,28.84423],[76.85964,28.84432],[76.86001,28.84449],[76.86131,28.84508],[76.86345,28.84601]]}},{"type":"Feature","properties":{"name":"NH9","highway":"trunk","policy":"truck entry 23:00-07:00 (CAQM/MCD rule)"},"geometry":{"type":"LineString","coordinates":[[76.84025,28.73297],[76.8376,28.73383],[76.83447,28.7348],[76.8337,28.73502],[76.83303,28.73515],[76.83197,28.7353],[76.83181,28.73532],[76.83161,28.73535],[76.83156,28.73535],[76.83043,28.73549],[76.82977,28.73563],[76.82932,28.73576],[76.82896,28.73592],[76.82811,28.73642],[76.8273,28.73689],[76.82721,28.73694],[76.82717,28.73696]]}},{"type":"Feature","properties":{"name":"NH9","highway":"trunk","policy":"truck entry 23:00-07:00 (CAQM/MCD rule)"},"geometry":{"type":"LineString","coordinates":[[76.82718,28.73713],[76.82722,28.7371],[76.82731,28.73706],[76.82791,28.73671],[76.82918,28.736],[76.82954,28.73585],[76.82994,28.73574],[76.83068,28.73561],[76.83164,28.7355],[76.832,28.73546],[76.8327,28.73535],[76.83314,28.73528],[76.83388,28.73511],[76.83539,28.73467],[76.83698,28.73418],[76.83834,28.73375],[76.83954,28.73335],[76.84032,28.7331]]}},{"type":"Feature","properties":{"name":"NH9","highway":"trunk","policy":"truck entry 23:00-07:00 (CAQM/MCD rule)"},"geometry":{"type":"LineString","coordinates":[[76.84032,28.7331],[76.8406,28.73302]]}},{"type":"Feature","properties":{"name":"NH9","highway":"trunk","policy":"truck entry 23:00-07:00 (CAQM/MCD rule)"},"geometry":{"type":"LineString","coordinates":[[76.84051,28.73289],[76.84025,28.73297]]}},{"type":"Feature","properties":{"name":"NH9","highway":"trunk","policy":"truck entry 23:00-07:00 (CAQM/MCD rule)"},"geometry":{"type":"LineString","coordinates":[[76.8406,28.73302],[76.84208,28.73255],[76.84305,28.73222],[76.84587,28.73131],[76.8468,28.73101],[76.84728,28.73086],[76.84878,28.73029],[76.8489,28.73024],[76.84973,28.72996],[76.85031,28.7297]]}},{"type":"Feature","properties":{"name":"Bahadurgarh Bypass","highway":"trunk","policy":"truck entry 23:00-07:00 (CAQM/MCD rule)"},"geometry":{"type":"LineString","coordinates":[[76.86786,28.71929],[76.86889,28.71729],[76.86907,28.71696],[76.86999,28.7153],[76.87046,28.71447],[76.87067,28.71404],[76.87078,28.71383],[76.87192,28.71168],[76.87272,28.71024],[76.87298,28.70974],[76.87355,28.70869],[76.87382,28.70817],[76.87395,28.7079],[76.87408,28.70762],[76.87469,28.70646],[76.87498,28.70588],[76.87527,28.7053],[76.87574,28.70438],[76.87596,28.70396],[76.8763,28.70329],[76.87662,28.70262],[76.8767,28.70248],[76.87922,28.69724]]}},{"type":"Feature","properties":{"name":"Bahadurgarh Bypass","highway":"trunk","policy":"truck entry 23:00-07:00 (CAQM/MCD rule)"},"geometry":{"type":"LineString","coordinates":[[76.86653,28.72091],[76.86637,28.72104],[76.86632,28.72108]]}},{"type":"Feature","properties":{"name":"Bahadurgarh Bypass","highway":"trunk","policy":"truck entry 23:00-07:00 (CAQM/MCD rule)"},"geometry":{"type":"LineString","coordinates":[[76.86683,28.72057],[76.86653,28.72091]]}},{"type":"Feature","properties":{"name":"Bahadurgarh Bypass","highway":"trunk","policy":"truck entry 23:00-07:00 (CAQM/MCD rule)"},"geometry":{"type":"LineString","coordinates":[[76.86677,28.72091],[76.86704,28.72062]]}},{"type":"Feature","properties":{"name":"Bahadurgarh Bypass","highway":"trunk","policy":"truck entry 23:00-07:00 (CAQM/MCD rule)"},"geometry":{"type":"LineString","coordinates":[[76.90407,28.67151],[76.90388,28.6716]]}},{"type":"Feature","properties":{"name":"Bahadurgarh Bypass","highway":"trunk","policy":"truck entry 23:00-07:00 (CAQM/MCD rule)"},"geometry":{"type":"LineString","coordinates":[[76.90401,28.67169],[76.90419,28.6716]]}},{"type":"Feature","properties":{"name":"Bahadurgarh Bypass","highway":"trunk","policy":"truck entry 23:00-07:00 (CAQM/MCD rule)"},"geometry":{"type":"LineString","coordinates":[[76.90419,28.6716],[76.9043,28.67155],[76.90667,28.67053],[76.90823,28.66989],[76.90936,28.66943],[76.91026,28.66907],[76.91099,28.66871],[76.91122,28.66858],[76.91149,28.66843],[76.91157,28.66839],[76.91159,28.66837],[76.91165,28.66834],[76.91197,28.66816]]}},{"type":"Feature","properties":{"name":"Bahadurgarh Bypass","highway":"trunk","policy":"truck entry 23:00-07:00 (CAQM/MCD rule)"},"geometry":{"type":"LineString","coordinates":[[76.90388,28.6716],[76.90103,28.67294],[76.89945,28.67371],[76.89928,28.67378],[76.89846,28.67418],[76.89697,28.67486],[76.89514,28.67574],[76.89491,28.67585]]}},{"type":"Feature","properties":{"name":"NH352R","highway":"trunk","policy":"truck entry 23:00-07:00 (CAQM/MCD rule)"},"geometry":{"type":"LineString","coordinates":[[76.84341,28.66634],[76.84349,28.66636]]}},{"type":"Feature","properties":{"name":"NH352R","highway":"trunk","policy":"truck entry 23:00-07:00 (CAQM/MCD rule)"},"geometry":{"type":"LineString","coordinates":[[76.84349,28.66636],[76.84459,28.6665],[76.84478,28.66652],[76.84601,28.66668],[76.84823,28.66697],[76.85172,28.66741],[76.85446,28.66778],[76.85533,28.6679],[76.85559,28.66794],[76.85858,28.66832],[76.85915,28.66839],[76.85977,28.66847],[76.86064,28.66858],[76.86269,28.66884],[76.86273,28.66884],[76.866,28.66926],[76.86674,28.66936],[76.86895,28.66965],[76.86943,28.66971],[76.87072,28.66987],[76.87208,28.67003],[76.87226,28.67005],[76.87249,28.67009],[76.87311,28.67019],[76.87316,28.6702],[76.8733,28.67022],[76.87348,28.67025],[76.87376,28.67029],[76.87387,28.67032],[76.87399,28.67035],[76.87469,28.67052],[76.87499,28.67061],[76.87526,28.67069],[76.87559,28.67079],[76.87593,28.6709],[76.87622,28.67098]]}},{"type":"Feature","properties":{"name":"NH352R","highway":"trunk","policy":"truck entry 23:00-07:00 (CAQM/MCD rule)"},"geometry":{"type":"LineString","coordinates":[[76.83171,28.66482],[76.83352,28.66505],[76.83658,28.66546],[76.83677,28.66549],[76.83699,28.66552],[76.8406,28.66597],[76.84341,28.66634]]}},{"type":"Feature","properties":{"name":"Barapullah Road Flyover","highway":"trunk","policy":"truck entry 23:00-07:00 (CAQM/MCD rule)"},"geometry":{"type":"LineString","coordinates":[[77.22164,28.5784],[77.22182,28.5787],[77.22209,28.57905]]}},{"type":"Feature","properties":{"name":"Barapullah Road Flyover","highway":"trunk","policy":"truck entry 23:00-07:00 (CAQM/MCD rule)"},"geometry":{"type":"LineString","coordinates":[[77.22209,28.57905],[77.22243,28.57932]]}},{"type":"Feature","properties":{"name":"Barapullah Road Flyover","highway":"trunk","policy":"truck entry 23:00-07:00 (CAQM/MCD rule)"},"geometry":{"type":"LineString","coordinates":[[77.22243,28.57932],[77.22274,28.57956],[77.22305,28.5797],[77.22331,28.57976],[77.22364,28.57981],[77.22435,28.57991],[77.22504,28.5799],[77.22536,28.57989],[77.22629,28.57981],[77.22674,28.57979],[77.22708,28.57977],[77.2276,28.57972]]}},{"type":"Feature","properties":{"name":"Doctor KB Hedgewar Marg","highway":"trunk","policy":"truck entry 23:00-07:00 (CAQM/MCD rule)"},"geometry":{"type":"LineString","coordinates":[[77.22732,28.69649],[77.22776,28.69491],[77.22776,28.69477],[77.22779,28.69432],[77.22778,28.69418],[77.22777,28.6934],[77.22785,28.69153],[77.22786,28.69128],[77.2279,28.69062],[77.22796,28.69018],[77.22798,28.69012],[77.22807,28.68981],[77.22831,28.68921],[77.22869,28.68823],[77.22869,28.68822],[77.22886,28.68771],[77.22895,28.68717],[77.22898,28.68658],[77.22911,28.68453],[77.22924,28.68236],[77.22927,28.682],[77.22927,28.68168],[77.22928,28.68154],[77.22934,28.68048]]}},{"type":"Feature","properties":{"name":"Wazirabad Flyover","highway":"trunk","policy":"truck entry 23:00-07:00 (CAQM/MCD rule)"},"geometry":{"type":"LineString","coordinates":[[77.22774,28.707],[77.22771,28.70721],[77.22765,28.70762],[77.22745,28.70825],[77.22725,28.70893],[77.22713,28.70959],[77.2271,28.70986],[77.22706,28.71016],[77.22701,28.71037],[77.22693,28.71058],[77.22686,28.71075],[77.22672,28.71112],[77.2266,28.71146],[77.2265,28.71174],[77.22646,28.712],[77.22646,28.71219],[77.22646,28.71235]]}},{"type":"Feature","properties":{"name":"Wazirabad Flyover","highway":"trunk","policy":"truck entry 23:00-07:00 (CAQM/MCD rule)"},"geometry":{"type":"LineString","coordinates":[[77.22709,28.71051],[77.22714,28.7103],[77.22717,28.71015],[77.2272,28.70999],[77.22724,28.70975],[77.22725,28.70958],[77.22728,28.70938],[77.2273,28.7092],[77.22734,28.70901],[77.2274,28.70877],[77.22749,28.70846],[77.22761,28.70812],[77.22768,28.70787],[77.22774,28.70766],[77.22778,28.70747],[77.22781,28.70728],[77.22786,28.707],[77.22789,28.70673],[77.2279,28.70649],[77.22791,28.7063],[77.2279,28.70609],[77.22789,28.7059],[77.22787,28.70572],[77.22784,28.7055]]}},{"type":"Feature","properties":{"name":"Wazirabad Flyover","highway":"trunk","policy":"truck entry 23:00-07:00 (CAQM/MCD rule)"},"geometry":{"type":"LineString","coordinates":[[77.22646,28.71235],[77.22657,28.71308],[77.22661,28.71331],[77.22665,28.71367]]}},{"type":"Feature","properties":{"name":"Doctor KB Hedgewar Marg","highway":"trunk","policy":"truck entry 23:00-07:00 (CAQM/MCD rule)"},"geometry":{"type":"LineString","coordinates":[[77.22794,28.70513],[77.22784,28.70469],[77.22769,28.70424]]}},{"type":"Feature","properties":{"name":"Grand Trunk Road","highway":"trunk","policy":"truck entry 23:00-07:00 (CAQM/MCD rule)"},"geometry":{"type":"LineString","coordinates":[[77.15439,28.73866],[77.15443,28.73845],[77.15453,28.73794],[77.1546,28.73722],[77.15469,28.73679],[77.15482,28.7365],[77.15486,28.73642],[77.15516,28.73602],[77.15522,28.73593]]}},{"type":"Feature","properties":{"name":"NH44","highway":"trunk","policy":"truck entry 23:00-07:00 (CAQM/MCD rule)"},"geometry":{"type":"LineString","coordinates":[[77.15622,28.73434],[77.15611,28.73449],[77.15559,28.73519]]}},{"type":"Feature","properties":{"name":"NH248BB","highway":"trunk","policy":"truck entry 23:00-07:00 (CAQM/MCD rule)"},"geometry":{"type":"LineString","coordinates":[[77.05722,28.54769],[77.0579,28.54724]]}},{"type":"Feature","properties":{"name":"Loni Road","highway":"trunk","policy":"truck entry 23:00-07:00 (CAQM/MCD rule)"},"geometry":{"type":"LineString","coordinates":[[77.25218,28.87113],[77.25278,28.86943],[77.2531,28.86869],[77.25333,28.86816],[77.25397,28.8667],[77.25408,28.86643],[77.25497,28.86437],[77.25536,28.86346],[77.25632,28.86145],[77.25764,28.85855],[77.25772,28.85838],[77.25824,28.85723],[77.25851,28.85662],[77.25872,28.85603],[77.2593,28.85411],[77.25978,28.85249],[77.25981,28.85242],[77.25993,28.85215],[77.26008,28.85188],[77.26027,28.85162],[77.26053,28.85126],[77.26104,28.85061],[77.26117,28.8504],[77.26123,28.8503],[77.26141,28.84991],[77.26155,28.84951],[77.262,28.84815],[77.26238,28.84703],[77.26304,28.84501],[77.26313,28.84476],[77.26339,28.844],[77.26348,28.84371],[77.26349,28.84366]]}},{"type":"Feature","properties":{"name":"Loni Road","highway":"trunk","policy":"truck entry 23:00-07:00 (CAQM/MCD rule)"},"geometry":{"type":"LineString","coordinates":[[77.2634,28.84364],[77.26338,28.84371],[77.26323,28.84416],[77.2627,28.84576],[77.26263,28.846],[77.26255,28.84623],[77.26209,28.84761],[77.26188,28.84825],[77.26147,28.84949],[77.2613,28.84996],[77.26118,28.85021],[77.26103,28.85048],[77.26083,28.85074],[77.26058,28.85105],[77.26043,28.85125],[77.26013,28.85166],[77.25991,28.85201],[77.25974,28.85239],[77.25973,28.85242],[77.25957,28.85288],[77.259,28.85478],[77.25862,28.85601],[77.25855,28.85621],[77.25841,28.85663],[77.25804,28.85745],[77.25732,28.85904],[77.25593,28.86207],[77.2558,28.86234],[77.25509,28.86389],[77.25488,28.86436],[77.25398,28.86643],[77.25342,28.86773],[77.25286,28.86903],[77.25187,28.87104],[77.25032,28.87455],[77.25035,28.87472]]}},{"type":"Feature","properties":{"name":"Mahatma Gandhi Marg","highway":"trunk","policy":"truck entry 23:00-07:00 (CAQM/MCD rule)"},"geometry":{"type":"LineString","coordinates":[[77.23478,28.66465],[77.2341,28.66549],[77.23344,28.66645],[77.23271,28.66756],[77.23252,28.66794],[77.23227,28.66849],[77.23207,28.66887]]}},{"type":"Feature","properties":{"name":"Dwarka Expressway","highway":"motorway","policy":"truck entry 23:00-07:00 (CAQM/MCD rule)"},"geometry":{"type":"LineString","coordinates":[[76.96006,28.43912],[76.96005,28.43941],[76.96001,28.44077],[76.96002,28.44116],[76.96005,28.44169],[76.96008,28.4421],[76.96014,28.44267],[76.96023,28.44337],[76.96037,28.44451],[76.96053,28.44585],[76.96063,28.44659]]}},{"type":"Feature","properties":{"name":"Gurgaon Rewari Narnaul Singhana Road","highway":"trunk","policy":"truck entry 23:00-07:00 (CAQM/MCD rule)"},"geometry":{"type":"LineString","coordinates":[[76.98168,28.44184],[76.9815,28.44174]]}},{"type":"Feature","properties":{"name":"Gurgaon Rewari Narnaul Singhana Road","highway":"trunk","policy":"truck entry 23:00-07:00 (CAQM/MCD rule)"},"geometry":{"type":"LineString","coordinates":[[76.97781,28.43892],[76.97777,28.43888],[76.97771,28.43886],[76.97742,28.4388],[76.97683,28.43867],[76.97625,28.43854],[76.97579,28.43844],[76.97548,28.43834],[76.97531,28.43828],[76.97508,28.43816],[76.97466,28.43793],[76.97346,28.43728],[76.97326,28.43717],[76.97284,28.43694],[76.97235,28.43668],[76.97204,28.43651],[76.97139,28.43617],[76.97074,28.43582],[76.96958,28.4352],[76.96897,28.43486],[76.96809,28.43439],[76.96769,28.43415],[76.96723,28.43391],[76.96718,28.43389],[76.966,28.43323],[76.96541,28.4329],[76.96517,28.43277],[76.965,28.43267],[76.96479,28.43252],[76.96431,28.43216],[76.96283,28.431],[76.96279,28.43097],[76.96244,28.43071],[76.9616,28.43014],[76.961,28.42978],[76.96086,28.42971],[76.96078,28.42968],[76.9603,28.42946],[76.95983,28.42925],[76.95946,28.42908],[76.95931,28.429],[76.95893,28.42875],[76.95873,28.42856],[76.95854,28.42837],[76.95844,28.42829],[76.95826,28.42815],[76.95802,28.42802],[76.95788,28.42795],[76.95777,28.42792],[76.95772,28.42791],[76.9575,28.42786],[76.95719,28.42784],[76.95693,28.42784],[76.95658,28.42786],[76.95626,28.42791],[76.95588,28.42798],[76.95577,28.42801],[76.95519,28.42811],[76.9551,28.42813],[76.9548,28.4282],[76.95443,28.42827],[76.95426,28.42831]]}},{"type":"Feature","properties":{"name":"Dwarka Expressway","highway":"motorway","policy":"truck entry 23:00-07:00 (CAQM/MCD rule)"},"geometry":{"type":"LineString","coordinates":[[77.03922,28.54138],[77.03755,28.53935],[77.03696,28.53856]]}},{"type":"Feature","properties":{"name":"Dwarka Expressway","highway":"motorway","policy":"truck entry 23:00-07:00 (CAQM/MCD rule)"},"geometry":{"type":"LineString","coordinates":[[76.96398,28.45575],[76.96306,28.45374],[76.96257,28.45266],[76.96221,28.45177],[76.96198,28.45111],[76.96169,28.45021]]}},{"type":"Feature","properties":{"name":"Dwarka Expressway","highway":"motorway","policy":"truck entry 23:00-07:00 (CAQM/MCD rule)"},"geometry":{"type":"LineString","coordinates":[[76.96149,28.45026],[76.96171,28.45094],[76.96195,28.45161],[76.96229,28.45251],[76.96329,28.4547],[76.9638,28.45581]]}},{"type":"Feature","properties":{"name":"Urban Extension Road-II","highway":"trunk","policy":"truck entry 23:00-07:00 (CAQM/MCD rule)"},"geometry":{"type":"LineString","coordinates":[[77.11373,28.80586],[77.11417,28.80592],[77.11528,28.80619],[77.11694,28.80657],[77.11957,28.80716],[77.12383,28.80812],[77.12448,28.80828],[77.12476,28.80834],[77.1261,28.80864],[77.12839,28.80914],[77.12898,28.80928]]}},{"type":"Feature","properties":{"name":"NH344M","highway":"trunk","policy":"truck entry 23:00-07:00 (CAQM/MCD rule)"},"geometry":{"type":"LineString","coordinates":[[77.09827,28.80218],[77.10697,28.80441]]}},{"type":"Feature","properties":{"name":"NH344M","highway":"trunk","policy":"truck entry 23:00-07:00 (CAQM/MCD rule)"},"geometry":{"type":"LineString","coordinates":[[77.107,28.80429],[77.10133,28.80277],[77.09832,28.80206]]}},{"type":"Feature","properties":{"name":"Urban Extension Road-II","highway":"trunk","policy":"truck entry 23:00-07:00 (CAQM/MCD rule)"},"geometry":{"type":"LineString","coordinates":[[77.07264,28.78709],[77.07372,28.78893],[77.07399,28.78938],[77.07525,28.79148],[77.07571,28.79218],[77.07603,28.79258],[77.07635,28.79291],[77.0766,28.79314],[77.07716,28.79356],[77.07767,28.79386],[77.07914,28.79448],[77.08043,28.79497],[77.08143,28.79537]]}},{"type":"Feature","properties":{"name":"Urban Extension Road-II","highway":"trunk","policy":"truck entry 23:00-07:00 (CAQM/MCD rule)"},"geometry":{"type":"LineString","coordinates":[[77.08146,28.79523],[77.08046,28.79484],[77.07917,28.79434],[77.07777,28.79376],[77.07728,28.79347],[77.07676,28.79308],[77.07648,28.79284],[77.07614,28.7925],[77.07585,28.79215],[77.07538,28.79142],[77.07413,28.78932],[77.07276,28.78699]]}},{"type":"Feature","properties":{"name":"Delhi-Dehradun Expressway","highway":"trunk","policy":"truck entry 23:00-07:00 (CAQM/MCD rule)"},"geometry":{"type":"LineString","coordinates":[[77.27171,28.62795],[77.27187,28.62769],[77.27202,28.62753],[77.27215,28.6274],[77.27229,28.62728],[77.27245,28.62717],[77.27269,28.62703],[77.27393,28.62644],[77.27435,28.62621],[77.27446,28.62615],[77.27457,28.62607],[77.27467,28.62599],[77.27477,28.62591],[77.27486,28.62582],[77.27494,28.62573],[77.27502,28.62563]]}},{"type":"Feature","properties":{"name":"Mathura Road","highway":"trunk","policy":"truck entry 23:00-07:00 (CAQM/MCD rule)"},"geometry":{"type":"LineString","coordinates":[[77.30903,28.43339],[77.30902,28.43352],[77.30881,28.43597],[77.30874,28.43675],[77.30844,28.44026],[77.3084,28.44071]]}},{"type":"Feature","properties":{"name":"Mathura Road Flyover","highway":"trunk","policy":"truck entry 23:00-07:00 (CAQM/MCD rule)"},"geometry":{"type":"LineString","coordinates":[[77.30985,28.42374],[77.30949,28.42804]]}},{"type":"Feature","properties":{"name":"Mathura Road Flyover","highway":"trunk","policy":"truck entry 23:00-07:00 (CAQM/MCD rule)"},"geometry":{"type":"LineString","coordinates":[[77.30965,28.42804],[77.30969,28.42759],[77.30972,28.42722],[77.30973,28.42716]]}},{"type":"Feature","properties":{"name":"NH9","highway":"trunk","policy":"truck entry 23:00-07:00 (CAQM/MCD rule)"},"geometry":{"type":"LineString","coordinates":[[76.94705,28.68969],[76.94751,28.68965],[76.94873,28.68953],[76.94947,28.68946],[76.95136,28.68928],[76.95199,28.68922],[76.95233,28.68919],[76.95343,28.68909],[76.95421,28.68902],[76.9548,28.68897],[76.9561,28.68886],[76.95734,28.68875],[76.95871,28.68862],[76.95983,28.68851],[76.96014,28.68847],[76.96034,28.68845]]}},{"type":"Feature","properties":{"name":"GT Road","highway":"trunk","policy":"truck entry 23:00-07:00 (CAQM/MCD rule)"},"geometry":{"type":"LineString","coordinates":[[77.3247,28.67643],[77.32523,28.67643]]}},{"type":"Feature","properties":{"name":"Mathura Road","highway":"trunk","policy":"truck entry 23:00-07:00 (CAQM/MCD rule)"},"geometry":{"type":"LineString","coordinates":[[77.3042,28.4901],[77.3043,28.48964],[77.30438,28.48911],[77.30449,28.48791],[77.30481,28.48465],[77.30511,28.48174],[77.30525,28.48018]]}},{"type":"Feature","properties":{"name":"Gurgaon Rewari Narnaul Singhana Road","highway":"trunk","policy":"truck entry 23:00-07:00 (CAQM/MCD rule)"},"geometry":{"type":"LineString","coordinates":[[76.90745,28.41987],[76.90781,28.4199],[76.9085,28.41991],[76.90894,28.41991],[76.90971,28.41991],[76.91005,28.41992],[76.91072,28.41992],[76.91093,28.41992],[76.91143,28.41992],[76.91165,28.41992],[76.91235,28.41999],[76.91282,28.42008],[76.91307,28.42015],[76.91316,28.42018],[76.91331,28.42022],[76.91355,28.4203],[76.91427,28.42055],[76.91451,28.42064],[76.91476,28.42073],[76.91498,28.42083]]}},{"type":"Feature","properties":{"name":"Anuvrat Marg","highway":"trunk","policy":"truck entry 23:00-07:00 (CAQM/MCD rule)"},"geometry":{"type":"LineString","coordinates":[[77.11475,28.48147],[77.11498,28.48142],[77.11509,28.4814]]}},{"type":"Feature","properties":{"name":"Delhi-Noida Direct Flyway","highway":"motorway","policy":"truck entry 23:00-07:00 (CAQM/MCD rule)"},"geometry":{"type":"LineString","coordinates":[[77.26886,28.57993],[77.26753,28.57882],[77.26697,28.57837],[77.26644,28.57789]]}},{"type":"Feature","properties":{"name":"DND Flyway","highway":"motorway","policy":"truck entry 23:00-07:00 (CAQM/MCD rule)"},"geometry":{"type":"LineString","coordinates":[[77.30546,28.57336],[77.30511,28.57371],[77.30466,28.57415],[77.30371,28.57533]]}},{"type":"Feature","properties":{"name":"Delhi-Noida Direct Flyway","highway":"motorway","policy":"truck entry 23:00-07:00 (CAQM/MCD rule)"},"geometry":{"type":"LineString","coordinates":[[77.26875,28.58],[77.26918,28.58034],[77.26953,28.58063],[77.27004,28.58095],[77.2706,28.58116],[77.27107,28.58128],[77.27142,28.58135],[77.27177,28.58139],[77.27258,28.58139],[77.27316,28.58129]]}},{"type":"Feature","properties":{"name":"DND Noida Flyover","highway":"motorway","policy":"truck entry 23:00-07:00 (CAQM/MCD rule)"},"geometry":{"type":"LineString","coordinates":[[77.30929,28.5725],[77.30953,28.57255]]}},{"type":"Feature","properties":{"name":"Shaheed Captain Vikram Batra Flyover","highway":"trunk","policy":"truck entry 23:00-07:00 (CAQM/MCD rule)"},"geometry":{"type":"LineString","coordinates":[[77.15649,28.73536],[77.15713,28.73574],[77.15796,28.73614],[77.15861,28.73641]]}},{"type":"Feature","properties":{"name":"Nizamuddin Road Flyover","highway":"trunk","policy":"truck entry 23:00-07:00 (CAQM/MCD rule)"},"geometry":{"type":"LineString","coordinates":[[77.2548,28.60103],[77.25482,28.60099],[77.25501,28.6004]]}},{"type":"Feature","properties":{"name":"Mahatma Gandhi Marg","highway":"trunk","policy":"truck entry 23:00-07:00 (CAQM/MCD rule)"},"geometry":{"type":"LineString","coordinates":[[77.23207,28.66887],[77.23204,28.66904],[77.23188,28.66942],[77.23185,28.66951],[77.23162,28.6701]]}},{"type":"Feature","properties":{"name":"Nizamuddin Railway Station Flyover","highway":"trunk","policy":"truck entry 23:00-07:00 (CAQM/MCD rule)"},"geometry":{"type":"LineString","coordinates":[[77.25771,28.59181],[77.25749,28.59243]]}},{"type":"Feature","properties":{"name":"Mahatma Gandhi Road","highway":"trunk","policy":"truck entry 23:00-07:00 (CAQM/MCD rule)"},"geometry":{"type":"LineString","coordinates":[[77.22961,28.67881],[77.22962,28.67868],[77.22963,28.67861],[77.22969,28.67835],[77.22978,28.67812],[77.22987,28.67795],[77.22992,28.67787],[77.23011,28.6776]]}},{"type":"Feature","properties":{"name":"freight corridor","highway":"trunk","policy":"truck entry 23:00-07:00 (CAQM/MCD rule)"},"geometry":{"type":"LineString","coordinates":[[77.23878,28.6725],[77.23364,28.67055]]}},{"type":"Feature","properties":{"name":"freight corridor","highway":"trunk","policy":"truck entry 23:00-07:00 (CAQM/MCD rule)"},"geometry":{"type":"LineString","coordinates":[[77.23348,28.67068],[77.23872,28.67264]]}},{"type":"Feature","properties":{"name":"Shaheed Captain Vikram Batra Flyover","highway":"trunk","policy":"truck entry 23:00-07:00 (CAQM/MCD rule)"},"geometry":{"type":"LineString","coordinates":[[77.15546,28.73458],[77.1545,28.73401]]}},{"type":"Feature","properties":{"name":"Baba Banda Singh Bahadur Setu","highway":"trunk","policy":"truck entry 23:00-07:00 (CAQM/MCD rule)"},"geometry":{"type":"LineString","coordinates":[[77.25868,28.58205],[77.25955,28.582],[77.25986,28.58199],[77.26019,28.58201],[77.26051,28.58203],[77.26082,28.58206],[77.26112,28.58212],[77.26144,28.58218],[77.26176,28.58226],[77.26207,28.58237],[77.26238,28.58249],[77.26286,28.5827],[77.26326,28.58291],[77.26413,28.58337],[77.26503,28.58381]]}},{"type":"Feature","properties":{"name":"Mathura Road Flyover","highway":"trunk","policy":"truck entry 23:00-07:00 (CAQM/MCD rule)"},"geometry":{"type":"LineString","coordinates":[[77.31031,28.42009],[77.31036,28.41946],[77.3105,28.41793],[77.31058,28.41705],[77.31064,28.41646]]}},{"type":"Feature","properties":{"name":"Delhi - Meerut Expressway","highway":"motorway","policy":"truck entry 23:00-07:00 (CAQM/MCD rule)"},"geometry":{"type":"LineString","coordinates":[[77.25708,28.59827],[77.25696,28.59825],[77.2567,28.59826],[77.25655,28.59827],[77.25613,28.59832],[77.25592,28.59831]]}},{"type":"Feature","properties":{"name":"Delhi - Meerut Expressway","highway":"motorway","policy":"truck entry 23:00-07:00 (CAQM/MCD rule)"},"geometry":{"type":"LineString","coordinates":[[77.27304,28.60553],[77.26968,28.60396]]}},{"type":"Feature","properties":{"name":"Flyover","highway":"trunk","policy":"truck entry 23:00-07:00 (CAQM/MCD rule)"},"geometry":{"type":"LineString","coordinates":[[77.2875,28.61686],[77.28708,28.61662],[77.28665,28.61634],[77.28599,28.61588]]}},{"type":"Feature","properties":{"name":"Delhi - Meerut Expressway","highway":"motorway","policy":"truck entry 23:00-07:00 (CAQM/MCD rule)"},"geometry":{"type":"LineString","coordinates":[[77.28027,28.61021],[77.27997,28.60988],[77.27983,28.60973],[77.27947,28.60934],[77.27914,28.60902],[77.27838,28.60838],[77.27794,28.60805],[77.27722,28.60753],[77.27666,28.6072],[77.27618,28.60695],[77.27596,28.60685]]}},{"type":"Feature","properties":{"name":"Wazirabad Road","highway":"trunk","policy":"truck entry 23:00-07:00 (CAQM/MCD rule)"},"geometry":{"type":"LineString","coordinates":[[77.24993,28.70521],[77.25073,28.70523],[77.25111,28.70519],[77.2517,28.70513]]}},{"type":"Feature","properties":{"name":"Wazirabad Road","highway":"trunk","policy":"truck entry 23:00-07:00 (CAQM/MCD rule)"},"geometry":{"type":"LineString","coordinates":[[77.25169,28.70501],[77.25071,28.7051],[77.24962,28.7051],[77.24842,28.70501],[77.24811,28.70498]]}},{"type":"Feature","properties":{"name":"Mehrauli Gurgaon Road","highway":"trunk","policy":"truck entry 23:00-07:00 (CAQM/MCD rule)"},"geometry":{"type":"LineString","coordinates":[[77.0988,28.48268],[77.09868,28.48267],[77.09839,28.48287],[77.09828,28.48296],[77.09769,28.48345],[77.09756,28.48354],[77.09739,28.48361],[77.09725,28.48364],[77.09701,28.48365],[77.09663,28.48358],[77.0962,28.48352],[77.0954,28.48344],[77.0952,28.48336],[77.09514,28.4833],[77.09508,28.48316]]}},{"type":"Feature","properties":{"name":"Mehrauli Gurgaon Road","highway":"trunk","policy":"truck entry 23:00-07:00 (CAQM/MCD rule)"},"geometry":{"type":"LineString","coordinates":[[77.09508,28.48316],[77.09503,28.48293],[77.09488,28.48221],[77.09481,28.48197],[77.09474,28.48175],[77.0947,28.48164],[77.09444,28.48158]]}},{"type":"Feature","properties":{"name":"Mehrauli Gurgaon Road","highway":"trunk","policy":"truck entry 23:00-07:00 (CAQM/MCD rule)"},"geometry":{"type":"LineString","coordinates":[[77.09446,28.48188],[77.09453,28.48197],[77.09458,28.48209],[77.09479,28.48323],[77.09485,28.48358]]}},{"type":"Feature","properties":{"name":"Doctor KB Hedgewar Marg","highway":"trunk","policy":"truck entry 23:00-07:00 (CAQM/MCD rule)"},"geometry":{"type":"LineString","coordinates":[[77.19415,28.72938],[77.19352,28.72953],[77.1912,28.73005],[77.18774,28.73092]]}},{"type":"Feature","properties":{"name":"Doctor KB Hedgewar Marg","highway":"trunk","policy":"truck entry 23:00-07:00 (CAQM/MCD rule)"},"geometry":{"type":"LineString","coordinates":[[77.16297,28.73768],[77.16241,28.73765],[77.1618,28.73755],[77.16172,28.73753],[77.16112,28.73733],[77.15966,28.73669]]}},{"type":"Feature","properties":{"name":"Doctor KB Hedgewar Marg","highway":"trunk","policy":"truck entry 23:00-07:00 (CAQM/MCD rule)"},"geometry":{"type":"LineString","coordinates":[[77.20239,28.72749],[77.20272,28.72737],[77.20666,28.72587],[77.21321,28.72342],[77.21619,28.72232],[77.21644,28.72223],[77.21675,28.72213],[77.21753,28.72192],[77.21801,28.72175],[77.21802,28.72174],[77.21832,28.72164],[77.21847,28.72159],[77.22062,28.72083],[77.22123,28.72058],[77.22135,28.72053],[77.22173,28.72037],[77.22214,28.72018],[77.2222,28.72015],[77.22231,28.7201],[77.22309,28.71964],[77.22321,28.71958],[77.22503,28.71845],[77.22522,28.71833],[77.22539,28.7182],[77.22554,28.71805],[77.22567,28.71788],[77.22578,28.7177],[77.22586,28.71752],[77.22648,28.71575],[77.22681,28.71466],[77.22684,28.71433],[77.22683,28.71394]]}},{"type":"Feature","properties":{"name":"Doctor KB Hedgewar Marg","highway":"trunk","policy":"truck entry 23:00-07:00 (CAQM/MCD rule)"},"geometry":{"type":"LineString","coordinates":[[77.18784,28.73112],[77.18827,28.731],[77.19421,28.72959]]}},{"type":"Feature","properties":{"name":"Hindon Elevated Road","highway":"motorway","policy":"truck entry 23:00-07:00 (CAQM/MCD rule)"},"geometry":{"type":"LineString","coordinates":[[77.33578,28.63264],[77.33604,28.63269],[77.33619,28.63272],[77.33635,28.63274]]}},{"type":"Feature","properties":{"name":"Hindon Elevated Road","highway":"motorway","policy":"truck entry 23:00-07:00 (CAQM/MCD rule)"},"geometry":{"type":"LineString","coordinates":[[77.33635,28.63274],[77.33654,28.63279],[77.3368,28.63288],[77.33711,28.63302],[77.33739,28.63316],[77.33766,28.6333],[77.33793,28.63346],[77.33818,28.63363],[77.33843,28.63381],[77.33866,28.634],[77.33888,28.6342],[77.33909,28.63441],[77.33942,28.63479],[77.34118,28.63677],[77.34317,28.63905],[77.34536,28.64167],[77.34729,28.64391],[77.34822,28.64471],[77.34888,28.64518],[77.34958,28.64558],[77.35362,28.64731],[77.36235,28.65095],[77.3718,28.6549],[77.37425,28.65597],[77.37606,28.65673],[77.37696,28.65709],[77.37798,28.65747],[77.3786,28.65773],[77.3847,28.66027],[77.39075,28.66278],[77.3941,28.66418],[77.39551,28.66491],[77.39737,28.66594],[77.39805,28.66644],[77.3987,28.66703],[77.39916,28.66764]]}},{"type":"Feature","properties":{"name":"Delhi Eastern Peripheral Expressway","highway":"motorway","policy":"truck entry 23:00-07:00 (CAQM/MCD rule)"},"geometry":{"type":"LineString","coordinates":[[77.33093,28.86533],[77.33102,28.86527]]}},{"type":"Feature","properties":{"name":"Delhi Eastern Peripheral Expressway","highway":"motorway","policy":"truck entry 23:00-07:00 (CAQM/MCD rule)"},"geometry":{"type":"LineString","coordinates":[[77.32521,28.86892],[77.32543,28.86877]]}},{"type":"Feature","properties":{"name":"Delhi Eastern Peripheral Expressway","highway":"motorway","policy":"truck entry 23:00-07:00 (CAQM/MCD rule)"},"geometry":{"type":"LineString","coordinates":[[77.33888,28.86039],[77.33897,28.86033]]}},{"type":"Feature","properties":{"name":"Delhi Eastern Peripheral Expressway","highway":"motorway","policy":"truck entry 23:00-07:00 (CAQM/MCD rule)"},"geometry":{"type":"LineString","coordinates":[[77.32543,28.86877],[77.32603,28.8684]]}},{"type":"Feature","properties":{"name":"Delhi Eastern Peripheral Expressway","highway":"motorway","policy":"truck entry 23:00-07:00 (CAQM/MCD rule)"},"geometry":{"type":"LineString","coordinates":[[77.32599,28.86818],[77.32502,28.86876]]}},{"type":"Feature","properties":{"name":"Delhi Eastern Peripheral Expressway","highway":"motorway","policy":"truck entry 23:00-07:00 (CAQM/MCD rule)"},"geometry":{"type":"LineString","coordinates":[[77.33556,28.86223],[77.33546,28.86229]]}},{"type":"Feature","properties":{"name":"Delhi Eastern Peripheral Expressway","highway":"motorway","policy":"truck entry 23:00-07:00 (CAQM/MCD rule)"},"geometry":{"type":"LineString","coordinates":[[77.32918,28.8662],[77.32907,28.86626]]}},{"type":"Feature","properties":{"name":"Delhi Eastern Peripheral Expressway","highway":"motorway","policy":"truck entry 23:00-07:00 (CAQM/MCD rule)"},"geometry":{"type":"LineString","coordinates":[[77.3292,28.86641],[77.3293,28.86634]]}},{"type":"Feature","properties":{"name":"Delhi Eastern Peripheral Expressway","highway":"motorway","policy":"truck entry 23:00-07:00 (CAQM/MCD rule)"},"geometry":{"type":"LineString","coordinates":[[77.32612,28.8681],[77.32599,28.86818]]}},{"type":"Feature","properties":{"name":"Delhi Eastern Peripheral Expressway","highway":"motorway","policy":"truck entry 23:00-07:00 (CAQM/MCD rule)"},"geometry":{"type":"LineString","coordinates":[[77.34212,28.85816],[77.34203,28.85821]]}},{"type":"Feature","properties":{"name":"Delhi Eastern Peripheral Expressway","highway":"motorway","policy":"truck entry 23:00-07:00 (CAQM/MCD rule)"},"geometry":{"type":"LineString","coordinates":[[77.34796,28.85455],[77.34781,28.85464]]}},{"type":"Feature","properties":{"name":"Delhi Eastern Peripheral Expressway","highway":"motorway","policy":"truck entry 23:00-07:00 (CAQM/MCD rule)"},"geometry":{"type":"LineString","coordinates":[[77.32366,28.86989],[77.3238,28.8698],[77.32501,28.86904],[77.32521,28.86892]]}},{"type":"Feature","properties":{"name":"Delhi Eastern Peripheral Expressway","highway":"motorway","policy":"truck entry 23:00-07:00 (CAQM/MCD rule)"},"geometry":{"type":"LineString","coordinates":[[77.33559,28.86244],[77.33567,28.86238]]}},{"type":"Feature","properties":{"name":"Delhi Eastern Peripheral Expressway","highway":"motorway","policy":"truck entry 23:00-07:00 (CAQM/MCD rule)"},"geometry":{"type":"LineString","coordinates":[[77.34215,28.85836],[77.34223,28.8583]]}},{"type":"Feature","properties":{"name":"Delhi Eastern Peripheral Expressway","highway":"motorway","policy":"truck entry 23:00-07:00 (CAQM/MCD rule)"},"geometry":{"type":"LineString","coordinates":[[77.3309,28.86513],[77.33082,28.86519]]}},{"type":"Feature","properties":{"name":"Delhi Eastern Peripheral Expressway","highway":"motorway","policy":"truck entry 23:00-07:00 (CAQM/MCD rule)"},"geometry":{"type":"LineString","coordinates":[[77.3293,28.86634],[77.33093,28.86533]]}},{"type":"Feature","properties":{"name":"Delhi Eastern Peripheral Expressway","highway":"motorway","policy":"truck entry 23:00-07:00 (CAQM/MCD rule)"},"geometry":{"type":"LineString","coordinates":[[77.32502,28.86876],[77.32478,28.86891]]}},{"type":"Feature","properties":{"name":"Delhi Eastern Peripheral Expressway","highway":"motorway","policy":"truck entry 23:00-07:00 (CAQM/MCD rule)"},"geometry":{"type":"LineString","coordinates":[[77.33887,28.86018],[77.33877,28.86024]]}},{"type":"Feature","properties":{"name":"Delhi Eastern Peripheral Expressway","highway":"motorway","policy":"truck entry 23:00-07:00 (CAQM/MCD rule)"},"geometry":{"type":"LineString","coordinates":[[77.32478,28.86891],[77.32455,28.86905],[77.32341,28.86974]]}},{"type":"Feature","properties":{"name":"Delhi Eastern Peripheral Expressway","highway":"motorway","policy":"truck entry 23:00-07:00 (CAQM/MCD rule)"},"geometry":{"type":"LineString","coordinates":[[77.32603,28.8684],[77.32617,28.86831]]}},{"type":"Feature","properties":{"name":"Delhi Eastern Peripheral Expressway","highway":"motorway","policy":"truck entry 23:00-07:00 (CAQM/MCD rule)"},"geometry":{"type":"LineString","coordinates":[[77.34788,28.8548],[77.34802,28.85472]]}},{"type":"Feature","properties":{"name":"Delhi Eastern Peripheral Expressway","highway":"motorway","policy":"truck entry 23:00-07:00 (CAQM/MCD rule)"},"geometry":{"type":"LineString","coordinates":[[77.33567,28.86238],[77.3383,28.86075],[77.33888,28.86039]]}},{"type":"Feature","properties":{"name":"Delhi Eastern Peripheral Expressway","highway":"motorway","policy":"truck entry 23:00-07:00 (CAQM/MCD rule)"},"geometry":{"type":"LineString","coordinates":[[77.34203,28.85821],[77.34116,28.85875],[77.33887,28.86018]]}},{"type":"Feature","properties":{"name":"Delhi Eastern Peripheral Expressway","highway":"motorway","policy":"truck entry 23:00-07:00 (CAQM/MCD rule)"},"geometry":{"type":"LineString","coordinates":[[77.32617,28.86831],[77.32873,28.8667],[77.3292,28.86641]]}},{"type":"Feature","properties":{"name":"Delhi Eastern Peripheral Expressway","highway":"motorway","policy":"truck entry 23:00-07:00 (CAQM/MCD rule)"},"geometry":{"type":"LineString","coordinates":[[77.33897,28.86033],[77.34119,28.85895],[77.34215,28.85836]]}},{"type":"Feature","properties":{"name":"Delhi Eastern Peripheral Expressway","highway":"motorway","policy":"truck entry 23:00-07:00 (CAQM/MCD rule)"},"geometry":{"type":"LineString","coordinates":[[77.32907,28.86626],[77.32856,28.86657],[77.32612,28.8681]]}},{"type":"Feature","properties":{"name":"Delhi Eastern Peripheral Expressway","highway":"motorway","policy":"truck entry 23:00-07:00 (CAQM/MCD rule)"},"geometry":{"type":"LineString","coordinates":[[77.33082,28.86519],[77.33016,28.8656],[77.32918,28.8662]]}},{"type":"Feature","properties":{"name":"Delhi Eastern Peripheral Expressway","highway":"motorway","policy":"truck entry 23:00-07:00 (CAQM/MCD rule)"},"geometry":{"type":"LineString","coordinates":[[77.33877,28.86024],[77.33824,28.86057],[77.33556,28.86223]]}},{"type":"Feature","properties":{"name":"Delhi Eastern Peripheral Expressway","highway":"motorway","policy":"truck entry 23:00-07:00 (CAQM/MCD rule)"},"geometry":{"type":"LineString","coordinates":[[77.33546,28.86229],[77.33518,28.86247],[77.33152,28.86474],[77.3309,28.86513]]}},{"type":"Feature","properties":{"name":"Delhi Eastern Peripheral Expressway","highway":"motorway","policy":"truck entry 23:00-07:00 (CAQM/MCD rule)"},"geometry":{"type":"LineString","coordinates":[[77.34802,28.85472],[77.34921,28.85399],[77.34981,28.85361],[77.35191,28.8523],[77.3531,28.85156]]}},{"type":"Feature","properties":{"name":"Delhi Eastern Peripheral Expressway","highway":"motorway","policy":"truck entry 23:00-07:00 (CAQM/MCD rule)"},"geometry":{"type":"LineString","coordinates":[[77.34781,28.85464],[77.34662,28.85539],[77.34405,28.85696],[77.34212,28.85816]]}},{"type":"Feature","properties":{"name":"Delhi Eastern Peripheral Expressway","highway":"motorway","policy":"truck entry 23:00-07:00 (CAQM/MCD rule)"},"geometry":{"type":"LineString","coordinates":[[77.33102,28.86527],[77.33199,28.86467],[77.33495,28.86283],[77.33559,28.86244]]}},{"type":"Feature","properties":{"name":"Delhi Eastern Peripheral Expressway","highway":"motorway","policy":"truck entry 23:00-07:00 (CAQM/MCD rule)"},"geometry":{"type":"LineString","coordinates":[[77.34223,28.8583],[77.34358,28.85748],[77.34658,28.85561],[77.34788,28.8548]]}},{"type":"Feature","properties":{"name":"Delhi Eastern Peripheral Expressway","highway":"motorway","policy":"truck entry 23:00-07:00 (CAQM/MCD rule)"},"geometry":{"type":"LineString","coordinates":[[77.35298,28.85141],[77.35218,28.8519],[77.34969,28.85346],[77.34914,28.85381],[77.34796,28.85455]]}},{"type":"Feature","properties":{"name":"Wazirabad Flyover","highway":"trunk","policy":"truck entry 23:00-07:00 (CAQM/MCD rule)"},"geometry":{"type":"LineString","coordinates":[[77.22784,28.7055],[77.22772,28.70465],[77.22769,28.70424]]}},{"type":"Feature","properties":{"name":"Wazirabad Flyover","highway":"trunk","policy":"truck entry 23:00-07:00 (CAQM/MCD rule)"},"geometry":{"type":"LineString","coordinates":[[77.22678,28.71365],[77.22667,28.71304],[77.22662,28.71273],[77.22659,28.7125],[77.22658,28.71232]]}},{"type":"Feature","properties":{"name":"Doctor KB Hedgewar Marg","highway":"trunk","policy":"truck entry 23:00-07:00 (CAQM/MCD rule)"},"geometry":{"type":"LineString","coordinates":[[77.17873,28.73345],[77.17686,28.73412],[77.17651,28.73428],[77.17307,28.73551],[77.17129,28.73619]]}},{"type":"Feature","properties":{"name":"Burari Flyover","highway":"trunk","policy":"truck entry 23:00-07:00 (CAQM/MCD rule)"},"geometry":{"type":"LineString","coordinates":[[77.19877,28.72831],[77.19721,28.72869]]}},{"type":"Feature","properties":{"name":"Burari Flyover","highway":"trunk","policy":"truck entry 23:00-07:00 (CAQM/MCD rule)"},"geometry":{"type":"LineString","coordinates":[[77.19723,28.72879],[77.1988,28.72841]]}},{"type":"Feature","properties":{"name":"Bhalswa Flyover","highway":"trunk","policy":"truck entry 23:00-07:00 (CAQM/MCD rule)"},"geometry":{"type":"LineString","coordinates":[[77.16815,28.73724],[77.16654,28.73753]]}},{"type":"Feature","properties":{"name":"Bhalswa Flyover","highway":"trunk","policy":"truck entry 23:00-07:00 (CAQM/MCD rule)"},"geometry":{"type":"LineString","coordinates":[[77.16657,28.73767],[77.16818,28.73736]]}},{"type":"Feature","properties":{"name":"Doctor KB Hedgewar Marg","highway":"trunk","policy":"truck entry 23:00-07:00 (CAQM/MCD rule)"},"geometry":{"type":"LineString","coordinates":[[77.18451,28.73175],[77.18186,28.73243]]}},{"type":"Feature","properties":{"name":"Doctor KB Hedgewar Marg","highway":"trunk","policy":"truck entry 23:00-07:00 (CAQM/MCD rule)"},"geometry":{"type":"LineString","coordinates":[[77.1819,28.73254],[77.18319,28.7322],[77.18455,28.73185]]}},{"type":"Feature","properties":{"name":"Bhalswa Flyover","highway":"trunk","policy":"truck entry 23:00-07:00 (CAQM/MCD rule)"},"geometry":{"type":"LineString","coordinates":[[77.16818,28.73736],[77.16897,28.73714],[77.16984,28.73685],[77.17077,28.73654]]}},{"type":"Feature","properties":{"name":"Outer Ring Road","highway":"trunk","policy":"truck entry 23:00-07:00 (CAQM/MCD rule)"},"geometry":{"type":"LineString","coordinates":[[77.15056,28.73136],[77.15018,28.73111],[77.14958,28.73072],[77.1481,28.72975],[77.14709,28.72908]]}},{"type":"Feature","properties":{"name":"Outer Ring Road","highway":"trunk","policy":"truck entry 23:00-07:00 (CAQM/MCD rule)"},"geometry":{"type":"LineString","coordinates":[[77.147,28.72917],[77.148,28.72983],[77.14911,28.73059],[77.14921,28.73071]]}},{"type":"Feature","properties":{"name":"Outer Ring Road","highway":"trunk","policy":"truck entry 23:00-07:00 (CAQM/MCD rule)"},"geometry":{"type":"LineString","coordinates":[[77.1378,28.71168],[77.1375,28.71125],[77.13722,28.71089],[77.13694,28.71053],[77.13685,28.71042],[77.13523,28.70861],[77.13519,28.70856],[77.13421,28.70746],[77.13404,28.70728],[77.13384,28.70704],[77.13364,28.70682],[77.13341,28.70657],[77.1333,28.70643],[77.1332,28.70632]]}},{"type":"Feature","properties":{"name":"Outer Ring Road","highway":"trunk","policy":"truck entry 23:00-07:00 (CAQM/MCD rule)"},"geometry":{"type":"LineString","coordinates":[[77.1331,28.70637],[77.13321,28.70649],[77.13324,28.70652],[77.13331,28.7066],[77.13397,28.70735],[77.1351,28.70862],[77.13515,28.70867],[77.13538,28.70894],[77.13544,28.70901],[77.13644,28.7102],[77.13666,28.71045]]}},{"type":"Feature","properties":{"name":"Mangolpuri Flyover","highway":"trunk","policy":"truck entry 23:00-07:00 (CAQM/MCD rule)"},"geometry":{"type":"LineString","coordinates":[[77.09945,28.69245],[77.09915,28.69229],[77.09845,28.69186],[77.09804,28.69154],[77.09762,28.69113]]}},{"type":"Feature","properties":{"name":"Mangolpuri Flyover","highway":"trunk","policy":"truck entry 23:00-07:00 (CAQM/MCD rule)"},"geometry":{"type":"LineString","coordinates":[[77.12287,28.69918],[77.12259,28.69907],[77.12161,28.69873],[77.12001,28.69824]]}},{"type":"Feature","properties":{"name":"Mangolpuri Flyover","highway":"trunk","policy":"truck entry 23:00-07:00 (CAQM/MCD rule)"},"geometry":{"type":"LineString","coordinates":[[77.09754,28.69124],[77.09797,28.69163],[77.09838,28.69194],[77.09911,28.69241],[77.0994,28.69256]]}},{"type":"Feature","properties":{"name":"Outer Ring Road","highway":"trunk","policy":"truck entry 23:00-07:00 (CAQM/MCD rule)"},"geometry":{"type":"LineString","coordinates":[[77.12323,28.69951],[77.12528,28.7003],[77.12617,28.7008],[77.12796,28.7018],[77.1286,28.70214]]}},{"type":"Feature","properties":{"name":"Mangolpuri Flyover","highway":"trunk","policy":"truck entry 23:00-07:00 (CAQM/MCD rule)"},"geometry":{"type":"LineString","coordinates":[[77.0994,28.69256],[77.09972,28.69271],[77.10011,28.69285],[77.10072,28.69305],[77.10274,28.69357],[77.10473,28.69409],[77.10621,28.69451],[77.10772,28.69496],[77.10922,28.6954],[77.11073,28.69586],[77.11227,28.6963],[77.11426,28.69678],[77.11614,28.69728],[77.11838,28.69784],[77.11973,28.69826],[77.11997,28.69833]]}},{"type":"Feature","properties":{"name":"Mangolpuri Flyover","highway":"trunk","policy":"truck entry 23:00-07:00 (CAQM/MCD rule)"},"geometry":{"type":"LineString","coordinates":[[77.12001,28.69824],[77.11841,28.69775],[77.1156,28.69703],[77.11364,28.69653],[77.1123,28.69622],[77.11175,28.69607],[77.11139,28.69595],[77.10953,28.69539],[77.10779,28.69488],[77.1057,28.69426],[77.10404,28.69382],[77.10246,28.6934],[77.10073,28.69294],[77.10018,28.69276],[77.09977,28.6926],[77.09945,28.69245]]}},{"type":"Feature","properties":{"name":"Flyover","highway":"trunk","policy":"truck entry 23:00-07:00 (CAQM/MCD rule)"},"geometry":{"type":"LineString","coordinates":[[77.37056,28.63203],[77.36827,28.63203],[77.36815,28.63203],[77.36779,28.63203],[77.36599,28.63204],[77.36401,28.63205],[77.36377,28.63205],[77.36263,28.63206],[77.35959,28.63207],[77.35798,28.63208],[77.35792,28.63208],[77.35765,28.63208],[77.35758,28.63208],[77.35743,28.63208],[77.35658,28.63209],[77.35617,28.6321],[77.35555,28.63211],[77.35535,28.63211],[77.35517,28.63212],[77.3549,28.63212],[77.35387,28.63213],[77.35343,28.63213],[77.34859,28.63214],[77.34837,28.63215],[77.34768,28.63215],[77.34526,28.63219]]}},{"type":"Feature","properties":{"name":"Nizamuddin Road Flyover","highway":"trunk","policy":"truck entry 23:00-07:00 (CAQM/MCD rule)"},"geometry":{"type":"LineString","coordinates":[[77.25652,28.59576],[77.25674,28.59508]]}},{"type":"Feature","properties":{"name":"Delhi Western Peripheral Expressway","highway":"motorway","policy":"truck entry 23:00-07:00 (CAQM/MCD rule)"},"geometry":{"type":"LineString","coordinates":[[76.85447,28.47669],[76.85471,28.47603],[76.85503,28.47509],[76.85516,28.47466],[76.85535,28.47393],[76.85562,28.47285],[76.85572,28.47228],[76.8559,28.47126],[76.85609,28.46973],[76.85613,28.46904],[76.8563,28.46719]]}},{"type":"Feature","properties":{"name":"Delhi Western Peripheral Expressway","highway":"motorway","policy":"truck entry 23:00-07:00 (CAQM/MCD rule)"},"geometry":{"type":"LineString","coordinates":[[76.85609,28.46708],[76.85609,28.46715]]}},{"type":"Feature","properties":{"name":"Delhi Western Peripheral Expressway","highway":"motorway","policy":"truck entry 23:00-07:00 (CAQM/MCD rule)"},"geometry":{"type":"LineString","coordinates":[[76.8636,28.42908],[76.86357,28.42918]]}},{"type":"Feature","properties":{"name":"Delhi Western Peripheral Expressway","highway":"motorway","policy":"truck entry 23:00-07:00 (CAQM/MCD rule)"},"geometry":{"type":"LineString","coordinates":[[76.85682,28.45887],[76.85666,28.4604]]}},{"type":"Feature","properties":{"name":"Delhi Western Peripheral Expressway","highway":"motorway","policy":"truck entry 23:00-07:00 (CAQM/MCD rule)"},"geometry":{"type":"LineString","coordinates":[[76.86493,28.42353],[76.86489,28.42369]]}},{"type":"Feature","properties":{"name":"Delhi Western Peripheral Expressway","highway":"motorway","policy":"truck entry 23:00-07:00 (CAQM/MCD rule)"},"geometry":{"type":"LineString","coordinates":[[76.86377,28.42923],[76.86379,28.42914]]}},{"type":"Feature","properties":{"name":"Delhi Western Peripheral Expressway","highway":"motorway","policy":"truck entry 23:00-07:00 (CAQM/MCD rule)"},"geometry":{"type":"LineString","coordinates":[[76.85609,28.46715],[76.85588,28.46956],[76.85571,28.47117],[76.85554,28.47217],[76.85544,28.47279],[76.85524,28.47369],[76.85504,28.47443],[76.85467,28.47556],[76.85427,28.47663]]}},{"type":"Feature","properties":{"name":"Delhi Western Peripheral Expressway","highway":"motorway","policy":"truck entry 23:00-07:00 (CAQM/MCD rule)"},"geometry":{"type":"LineString","coordinates":[[76.86505,28.42391],[76.86509,28.42372]]}},{"type":"Feature","properties":{"name":"Delhi Western Peripheral Expressway","highway":"motorway","policy":"truck entry 23:00-07:00 (CAQM/MCD rule)"},"geometry":{"type":"LineString","coordinates":[[76.86736,28.40703],[76.86735,28.40581]]}},{"type":"Feature","properties":{"name":"Delhi Western Peripheral Expressway","highway":"motorway","policy":"truck entry 23:00-07:00 (CAQM/MCD rule)"},"geometry":{"type":"LineString","coordinates":[[76.86716,28.41274],[76.86715,28.41282]]}},{"type":"Feature","properties":{"name":"Delhi Western Peripheral Expressway","highway":"motorway","policy":"truck entry 23:00-07:00 (CAQM/MCD rule)"},"geometry":{"type":"LineString","coordinates":[[76.8563,28.46707],[76.85664,28.46305]]}},{"type":"Feature","properties":{"name":"Delhi Western Peripheral Expressway","highway":"motorway","policy":"truck entry 23:00-07:00 (CAQM/MCD rule)"},"geometry":{"type":"LineString","coordinates":[[76.86736,28.41283],[76.86737,28.41276]]}},{"type":"Feature","properties":{"name":"Delhi Western Peripheral Expressway","highway":"motorway","policy":"truck entry 23:00-07:00 (CAQM/MCD rule)"},"geometry":{"type":"LineString","coordinates":[[76.86735,28.40581],[76.86733,28.40516],[76.86727,28.40309]]}},{"type":"Feature","properties":{"name":"Delhi Western Peripheral Expressway","highway":"motorway","policy":"truck entry 23:00-07:00 (CAQM/MCD rule)"},"geometry":{"type":"LineString","coordinates":[[76.85687,28.46037],[76.85702,28.45892]]}},{"type":"Feature","properties":{"name":"Delhi Western Peripheral Expressway","highway":"motorway","policy":"truck entry 23:00-07:00 (CAQM/MCD rule)"},"geometry":{"type":"LineString","coordinates":[[76.85643,28.46306],[76.85609,28.46708]]}},{"type":"Feature","properties":{"name":"Delhi Western Peripheral Expressway","highway":"motorway","policy":"truck entry 23:00-07:00 (CAQM/MCD rule)"},"geometry":{"type":"LineString","coordinates":[[76.86714,28.40571],[76.86716,28.40698]]}},{"type":"Feature","properties":{"name":"Delhi Western Peripheral Expressway","highway":"motorway","policy":"truck entry 23:00-07:00 (CAQM/MCD rule)"},"geometry":{"type":"LineString","coordinates":[[76.86379,28.42914],[76.86505,28.42391]]}},{"type":"Feature","properties":{"name":"Delhi Western Peripheral Expressway","highway":"motorway","policy":"truck entry 23:00-07:00 (CAQM/MCD rule)"},"geometry":{"type":"LineString","coordinates":[[76.8563,28.46719],[76.8563,28.46707]]}},{"type":"Feature","properties":{"name":"Delhi Western Peripheral Expressway","highway":"motorway","policy":"truck entry 23:00-07:00 (CAQM/MCD rule)"},"geometry":{"type":"LineString","coordinates":[[76.86489,28.42369],[76.86484,28.42392],[76.8644,28.42585],[76.8636,28.42908]]}},{"type":"Feature","properties":{"name":"Delhi Western Peripheral Expressway","highway":"motorway","policy":"truck entry 23:00-07:00 (CAQM/MCD rule)"},"geometry":{"type":"LineString","coordinates":[[76.86716,28.40698],[76.86715,28.40753],[76.86717,28.40899],[76.8672,28.41109],[76.86718,28.41213],[76.86716,28.41274]]}},{"type":"Feature","properties":{"name":"Delhi Western Peripheral Expressway","highway":"motorway","policy":"truck entry 23:00-07:00 (CAQM/MCD rule)"},"geometry":{"type":"LineString","coordinates":[[76.86737,28.41276],[76.86738,28.41228],[76.86736,28.40703]]}},{"type":"Feature","properties":{"name":"Delhi Western Peripheral Expressway","highway":"motorway","policy":"truck entry 23:00-07:00 (CAQM/MCD rule)"},"geometry":{"type":"LineString","coordinates":[[76.8601,28.44392],[76.85949,28.44672],[76.85936,28.44727],[76.85869,28.45015]]}},{"type":"Feature","properties":{"name":"Delhi Western Peripheral Expressway","highway":"motorway","policy":"truck entry 23:00-07:00 (CAQM/MCD rule)"},"geometry":{"type":"LineString","coordinates":[[76.85702,28.45892],[76.85718,28.45788],[76.85744,28.45663],[76.85787,28.45473],[76.85811,28.45367],[76.85824,28.4531],[76.85885,28.45039]]}},{"type":"Feature","properties":{"name":"Delhi Western Peripheral Expressway","highway":"motorway","policy":"truck entry 23:00-07:00 (CAQM/MCD rule)"},"geometry":{"type":"LineString","coordinates":[[76.86715,28.41282],[76.86713,28.41298],[76.86708,28.41363],[76.867,28.41437],[76.86692,28.41492],[76.86684,28.41536],[76.86671,28.41614],[76.86648,28.41711],[76.86577,28.42009],[76.86493,28.42353]]}},{"type":"Feature","properties":{"name":"Delhi-Gurugram Expressway","highway":"motorway","policy":"truck entry 23:00-07:00 (CAQM/MCD rule)"},"geometry":{"type":"LineString","coordinates":[[77.13621,28.57164],[77.1358,28.5714],[77.13564,28.5713],[77.13544,28.57114],[77.13524,28.57096],[77.13509,28.57079],[77.13493,28.5706],[77.1348,28.57041],[77.13466,28.57017],[77.13456,28.56997],[77.13449,28.56977],[77.13442,28.56959],[77.13438,28.56942],[77.13434,28.56919],[77.13431,28.56893],[77.13429,28.56867],[77.13426,28.56824]]}},{"type":"Feature","properties":{"name":"Delhi-Gurugram Expressway","highway":"motorway","policy":"truck entry 23:00-07:00 (CAQM/MCD rule)"},"geometry":{"type":"LineString","coordinates":[[77.14239,28.57472],[77.14186,28.57451],[77.14002,28.57376],[77.13861,28.57307],[77.13692,28.57213],[77.13621,28.57164]]}},{"type":"Feature","properties":{"name":"Delhi-Gurugram Expressway","highway":"motorway","policy":"truck entry 23:00-07:00 (CAQM/MCD rule)"},"geometry":{"type":"LineString","coordinates":[[77.02593,28.4475],[77.02488,28.4478],[77.02388,28.44809],[77.02313,28.44823],[77.02266,28.44825],[77.02216,28.44821],[77.02167,28.44812],[77.0212,28.44798],[77.02079,28.44783],[77.0204,28.44762],[77.02002,28.44737],[77.01961,28.44698],[77.01925,28.44661],[77.01712,28.44405],[77.01323,28.43943],[77.01301,28.43918],[77.01256,28.43844],[77.0117,28.43737]]}},{"type":"Feature","properties":{"name":"Delhi-Gurugram Expressway","highway":"motorway","policy":"truck entry 23:00-07:00 (CAQM/MCD rule)"},"geometry":{"type":"LineString","coordinates":[[77.01266,28.43891],[77.01313,28.43953],[77.01398,28.44057],[77.01696,28.44416],[77.01906,28.44667],[77.01944,28.4471],[77.01985,28.44747],[77.02022,28.44772],[77.0207,28.44799],[77.02114,28.44816],[77.02164,28.44833],[77.02209,28.44839],[77.02263,28.44844],[77.02311,28.44841],[77.02353,28.44836],[77.02396,28.44825],[77.02491,28.44797],[77.02661,28.4475]]}},{"type":"Feature","properties":{"name":"Delhi-Gurugram Expressway","highway":"motorway","policy":"truck entry 23:00-07:00 (CAQM/MCD rule)"},"geometry":{"type":"LineString","coordinates":[[77.00901,28.43442],[77.01156,28.43744]]}},{"type":"Feature","properties":{"name":"Delhi-Gurugram Expressway","highway":"motorway","policy":"truck entry 23:00-07:00 (CAQM/MCD rule)"},"geometry":{"type":"LineString","coordinates":[[77.0117,28.43737],[77.01071,28.43625],[77.01008,28.43546],[77.00961,28.43493],[77.00914,28.43433]]}},{"type":"Feature","properties":{"name":"NH48","highway":"trunk","policy":"truck entry 23:00-07:00 (CAQM/MCD rule)"},"geometry":{"type":"LineString","coordinates":[[77.16268,28.5926],[77.1623,28.59244],[77.16082,28.59183]]}},{"type":"Feature","properties":{"name":"NH48","highway":"trunk","policy":"truck entry 23:00-07:00 (CAQM/MCD rule)"},"geometry":{"type":"LineString","coordinates":[[77.16409,28.5932],[77.16369,28.59302],[77.16288,28.59268],[77.16268,28.5926]]}},{"type":"Feature","properties":{"name":"NH48","highway":"trunk","policy":"truck entry 23:00-07:00 (CAQM/MCD rule)"},"geometry":{"type":"LineString","coordinates":[[77.16515,28.59373],[77.16476,28.59354],[77.16455,28.59343],[77.16409,28.5932]]}},{"type":"Feature","properties":{"name":"NH48","highway":"trunk","policy":"truck entry 23:00-07:00 (CAQM/MCD rule)"},"geometry":{"type":"LineString","coordinates":[[77.16233,28.59275],[77.16378,28.59326]]}},{"type":"Feature","properties":{"name":"NH48","highway":"trunk","policy":"truck entry 23:00-07:00 (CAQM/MCD rule)"},"geometry":{"type":"LineString","coordinates":[[77.15104,28.58806],[77.15154,28.58828],[77.15362,28.58916],[77.15373,28.58921],[77.15525,28.58983],[77.15648,28.59034]]}},{"type":"Feature","properties":{"name":"Okhla Estate Marg Flyover","highway":"trunk","policy":"truck entry 23:00-07:00 (CAQM/MCD rule)"},"geometry":{"type":"LineString","coordinates":[[77.2846,28.53652],[77.28344,28.53835]]}},{"type":"Feature","properties":{"name":"Okhla Estate Marg Flyover","highway":"trunk","policy":"truck entry 23:00-07:00 (CAQM/MCD rule)"},"geometry":{"type":"LineString","coordinates":[[77.28354,28.53842],[77.28472,28.53657]]}},{"type":"Feature","properties":{"name":"Nizamuddin Railway Station Flyover","highway":"trunk","policy":"truck entry 23:00-07:00 (CAQM/MCD rule)"},"geometry":{"type":"LineString","coordinates":[[77.2593,28.5869],[77.25911,28.58747]]}},{"type":"Feature","properties":{"name":"Delhi - Meerut Expressway","highway":"motorway","policy":"truck entry 23:00-07:00 (CAQM/MCD rule)"},"geometry":{"type":"LineString","coordinates":[[77.26595,28.60252],[77.26731,28.60312]]}},{"type":"Feature","properties":{"name":"Delhi - Meerut Expressway","highway":"motorway","policy":"truck entry 23:00-07:00 (CAQM/MCD rule)"},"geometry":{"type":"LineString","coordinates":[[77.25722,28.59885],[77.2574,28.59888],[77.25765,28.59889],[77.25787,28.59892],[77.2581,28.59899],[77.25904,28.59938],[77.26028,28.59997]]}},{"type":"Feature","properties":{"name":"Mahatma Gandhi Marg","highway":"trunk","policy":"truck entry 23:00-07:00 (CAQM/MCD rule)"},"geometry":{"type":"LineString","coordinates":[[77.25681,28.59439],[77.25677,28.5945],[77.25637,28.59572],[77.2559,28.59703],[77.25589,28.59704],[77.25552,28.59822],[77.25551,28.59828],[77.25547,28.5984]]}},{"type":"Feature","properties":{"name":"Mahatma Gandhi Marg","highway":"trunk","policy":"truck entry 23:00-07:00 (CAQM/MCD rule)"},"geometry":{"type":"LineString","coordinates":[[77.25547,28.5984],[77.25528,28.599],[77.2548,28.60055],[77.25472,28.60081]]}},{"type":"Feature","properties":{"name":"Delhi - Meerut Expressway","highway":"motorway","policy":"truck entry 23:00-07:00 (CAQM/MCD rule)"},"geometry":{"type":"LineString","coordinates":[[77.2698,28.60419],[77.27296,28.60565]]}},{"type":"Feature","properties":{"name":"Delhi - Meerut Expressway","highway":"motorway","policy":"truck entry 23:00-07:00 (CAQM/MCD rule)"},"geometry":{"type":"LineString","coordinates":[[77.27588,28.60695],[77.27612,28.60706],[77.27657,28.60731],[77.27708,28.60762],[77.27778,28.60811],[77.27842,28.60862],[77.27874,28.60889],[77.27939,28.60957],[77.28107,28.6114]]}},{"type":"Feature","properties":{"name":"Delhi - Meerut Expressway","highway":"motorway","policy":"truck entry 23:00-07:00 (CAQM/MCD rule)"},"geometry":{"type":"LineString","coordinates":[[77.28594,28.61624],[77.28599,28.61627],[77.28657,28.61664],[77.28703,28.61692],[77.28738,28.61709]]}},{"type":"Feature","properties":{"name":"Anuvrat Marg","highway":"trunk","policy":"truck entry 23:00-07:00 (CAQM/MCD rule)"},"geometry":{"type":"LineString","coordinates":[[77.19002,28.52647],[77.19002,28.52656],[77.19,28.52665],[77.18997,28.52673],[77.18992,28.52681],[77.18986,28.52689],[77.18981,28.52694]]}},{"type":"Feature","properties":{"name":"Aurobindo Marg","highway":"trunk","policy":"truck entry 23:00-07:00 (CAQM/MCD rule)"},"geometry":{"type":"LineString","coordinates":[[77.19511,28.532],[77.19504,28.53194],[77.19493,28.53181],[77.19484,28.53173]]}},{"type":"Feature","properties":{"name":"Aurobindo Marg","highway":"trunk","policy":"truck entry 23:00-07:00 (CAQM/MCD rule)"},"geometry":{"type":"LineString","coordinates":[[77.1925,28.53009],[77.19241,28.53003],[77.19035,28.52867],[77.19007,28.52846],[77.18997,28.52836],[77.18974,28.52814],[77.18951,28.52793],[77.18936,28.52778]]}},{"type":"Feature","properties":{"name":"Aurobindo Marg","highway":"trunk","policy":"truck entry 23:00-07:00 (CAQM/MCD rule)"},"geometry":{"type":"LineString","coordinates":[[77.20128,28.54417],[77.20118,28.544],[77.20094,28.54352],[77.20083,28.54328],[77.20014,28.54187],[77.1997,28.54099],[77.19952,28.54055],[77.19909,28.53932],[77.1986,28.53846],[77.19842,28.53814],[77.19829,28.53782],[77.19827,28.53777],[77.19821,28.53765],[77.19778,28.53678],[77.19757,28.53636]]}},{"type":"Feature","properties":{"name":"Aurobindo Marg","highway":"trunk","policy":"truck entry 23:00-07:00 (CAQM/MCD rule)"},"geometry":{"type":"LineString","coordinates":[[77.19462,28.5315],[77.19442,28.53132],[77.19409,28.53107],[77.19377,28.53086],[77.19354,28.53072],[77.19271,28.53021]]}},{"type":"Feature","properties":{"name":"Anuvrat Marg","highway":"trunk","policy":"truck entry 23:00-07:00 (CAQM/MCD rule)"},"geometry":{"type":"LineString","coordinates":[[77.18916,28.52772],[77.18925,28.52765]]}},{"type":"Feature","properties":{"name":"Aurobindo Marg","highway":"trunk","policy":"truck entry 23:00-07:00 (CAQM/MCD rule)"},"geometry":{"type":"LineString","coordinates":[[77.18925,28.52765],[77.18915,28.52756]]}},{"type":"Feature","properties":{"name":"Anuvrat Marg","highway":"trunk","policy":"truck entry 23:00-07:00 (CAQM/MCD rule)"},"geometry":{"type":"LineString","coordinates":[[77.1832,28.5115],[77.18338,28.51154],[77.18368,28.5116],[77.18409,28.51173],[77.18451,28.51213],[77.18503,28.51274],[77.18607,28.51388],[77.18618,28.514],[77.18659,28.51441],[77.18704,28.51491],[77.18739,28.51531],[77.18824,28.51624],[77.18834,28.51642],[77.18925,28.51817],[77.18929,28.51864],[77.18951,28.52106],[77.18953,28.52135],[77.18955,28.52172],[77.18963,28.52216],[77.18964,28.52225],[77.18973,28.52255],[77.18986,28.5229]]}},{"type":"Feature","properties":{"name":"Anuvrat Marg","highway":"trunk","policy":"truck entry 23:00-07:00 (CAQM/MCD rule)"},"geometry":{"type":"LineString","coordinates":[[77.19015,28.52413],[77.19017,28.52357],[77.19018,28.52345]]}},{"type":"Feature","properties":{"name":"Anuvrat Marg","highway":"trunk","policy":"truck entry 23:00-07:00 (CAQM/MCD rule)"},"geometry":{"type":"LineString","coordinates":[[77.19007,28.52689],[77.19012,28.52678],[77.19013,28.52671],[77.19014,28.52662],[77.19015,28.52653],[77.19013,28.52606],[77.19011,28.52575],[77.19011,28.52572],[77.19012,28.52508],[77.19012,28.52457],[77.19015,28.52413]]}},{"type":"Feature","properties":{"name":"Aurobindo Marg","highway":"trunk","policy":"truck entry 23:00-07:00 (CAQM/MCD rule)"},"geometry":{"type":"LineString","coordinates":[[77.19262,28.53028],[77.19305,28.53056],[77.19314,28.53062],[77.19337,28.53077],[77.19342,28.5308],[77.19366,28.53096],[77.19401,28.53118],[77.19432,28.53141],[77.19457,28.53163]]}},{"type":"Feature","properties":{"name":"Aurobindo Marg","highway":"trunk","policy":"truck entry 23:00-07:00 (CAQM/MCD rule)"},"geometry":{"type":"LineString","coordinates":[[77.1959,28.53327],[77.19612,28.53356],[77.19617,28.53365],[77.19634,28.53399],[77.19646,28.53429],[77.1966,28.5346],[77.19666,28.53474],[77.19703,28.53557],[77.19714,28.53582]]}},{"type":"Feature","properties":{"name":"Aurobindo Marg","highway":"trunk","policy":"truck entry 23:00-07:00 (CAQM/MCD rule)"},"geometry":{"type":"LineString","coordinates":[[77.19532,28.53258],[77.1959,28.53327]]}},{"type":"Feature","properties":{"name":"Aurobindo Marg","highway":"trunk","policy":"truck entry 23:00-07:00 (CAQM/MCD rule)"},"geometry":{"type":"LineString","coordinates":[[77.19479,28.53188],[77.19489,28.53201]]}},{"type":"Feature","properties":{"name":"Aurobindo Marg","highway":"trunk","policy":"truck entry 23:00-07:00 (CAQM/MCD rule)"},"geometry":{"type":"LineString","coordinates":[[77.20897,28.57026],[77.2089,28.57],[77.20875,28.56954],[77.20836,28.5688]]}},{"type":"Feature","properties":{"name":"Aurobindo Marg","highway":"trunk","policy":"truck entry 23:00-07:00 (CAQM/MCD rule)"},"geometry":{"type":"LineString","coordinates":[[77.20156,28.54482],[77.20143,28.54453]]}},{"type":"Feature","properties":{"name":"Aurobindo Marg","highway":"trunk","policy":"truck entry 23:00-07:00 (CAQM/MCD rule)"},"geometry":{"type":"LineString","coordinates":[[77.20106,28.54411],[77.2013,28.54458]]}},{"type":"Feature","properties":{"name":"Bahadurgarh Bypass","highway":"trunk","policy":"truck entry 23:00-07:00 (CAQM/MCD rule)"},"geometry":{"type":"LineString","coordinates":[[76.94652,28.68835],[76.9466,28.68947],[76.94662,28.68961]]}},{"type":"Feature","properties":{"name":"Bahadurgarh Bypass","highway":"trunk","policy":"truck entry 23:00-07:00 (CAQM/MCD rule)"},"geometry":{"type":"LineString","coordinates":[[76.94679,28.68959],[76.94678,28.68945],[76.94677,28.68939],[76.94677,28.68936],[76.94667,28.68823]]}},{"type":"Feature","properties":{"name":"Mehrauli Gurgaon Road","highway":"trunk","policy":"truck entry 23:00-07:00 (CAQM/MCD rule)"},"geometry":{"type":"LineString","coordinates":[[77.07417,28.47848],[77.07285,28.47823],[77.07259,28.47818],[77.07093,28.47788],[77.07077,28.47785],[77.07054,28.47781],[77.0697,28.47764],[77.06927,28.47747],[77.06921,28.47745],[77.06871,28.47738]]}},{"type":"Feature","properties":{"name":"Mehrauli Gurgaon Road","highway":"trunk","policy":"truck entry 23:00-07:00 (CAQM/MCD rule)"},"geometry":{"type":"LineString","coordinates":[[77.07778,28.47931],[77.07868,28.47946],[77.07877,28.47948],[77.07962,28.47961],[77.08071,28.47978],[77.08124,28.47986],[77.08128,28.47986],[77.08231,28.48001],[77.08352,28.48022],[77.08405,28.48028],[77.08527,28.48044],[77.08561,28.48049],[77.08586,28.48053],[77.08596,28.48054],[77.08615,28.48056],[77.08621,28.48056],[77.08661,28.48059],[77.08712,28.48067],[77.08781,28.48071],[77.08898,28.48064],[77.08961,28.48072],[77.09092,28.48093]]}},{"type":"Feature","properties":{"name":"Mehrauli Gurgaon Road","highway":"trunk","policy":"truck entry 23:00-07:00 (CAQM/MCD rule)"},"geometry":{"type":"LineString","coordinates":[[77.07612,28.47882],[77.07601,28.4788],[77.07563,28.47874],[77.07535,28.47869],[77.07499,28.47864],[77.07472,28.47859],[77.07443,28.47853],[77.07417,28.47848]]}},{"type":"Feature","properties":{"name":"Mehrauli Gurgaon Road","highway":"trunk","policy":"truck entry 23:00-07:00 (CAQM/MCD rule)"},"geometry":{"type":"LineString","coordinates":[[77.09092,28.48093],[77.0916,28.48108],[77.09173,28.48111],[77.09381,28.48161],[77.09425,28.48174],[77.09446,28.48188]]}},{"type":"Feature","properties":{"name":"Mehrauli Gurgaon Road","highway":"trunk","policy":"truck entry 23:00-07:00 (CAQM/MCD rule)"},"geometry":{"type":"LineString","coordinates":[[77.09139,28.48086],[77.09078,28.48075]]}},{"type":"Feature","properties":{"name":"Mehrauli Gurgaon Road","highway":"trunk","policy":"truck entry 23:00-07:00 (CAQM/MCD rule)"},"geometry":{"type":"LineString","coordinates":[[77.09078,28.48075],[77.09022,28.48065],[77.08954,28.48052],[77.0894,28.48051],[77.08909,28.48047],[77.08834,28.48052],[77.08766,28.48058],[77.0872,28.48053],[77.08655,28.48046],[77.0863,28.48042],[77.08615,28.48039],[77.0853,28.48028],[77.0848,28.48019],[77.08404,28.48007],[77.08395,28.48006],[77.08355,28.48001],[77.08268,28.47989],[77.08179,28.47975],[77.08125,28.47967],[77.08108,28.47964],[77.07969,28.47942],[77.07913,28.47933],[77.07782,28.47911]]}},{"type":"Feature","properties":{"name":"Anuvrat Marg","highway":"trunk","policy":"truck entry 23:00-07:00 (CAQM/MCD rule)"},"geometry":{"type":"LineString","coordinates":[[77.18981,28.52694],[77.18954,28.52719],[77.18915,28.52756]]}},{"type":"Feature","properties":{"name":"Anuvrat Marg","highway":"trunk","policy":"truck entry 23:00-07:00 (CAQM/MCD rule)"},"geometry":{"type":"LineString","coordinates":[[77.19002,28.52404],[77.18999,28.52448],[77.18999,28.5246],[77.18999,28.52486],[77.18999,28.52513],[77.19,28.52584],[77.19002,28.52647]]}},{"type":"Feature","properties":{"name":"Anuvrat Marg","highway":"trunk","policy":"truck entry 23:00-07:00 (CAQM/MCD rule)"},"geometry":{"type":"LineString","coordinates":[[77.19004,28.52358],[77.19005,28.52369],[77.19002,28.52404]]}},{"type":"Feature","properties":{"name":"Aurobindo Marg","highway":"trunk","policy":"truck entry 23:00-07:00 (CAQM/MCD rule)"},"geometry":{"type":"LineString","coordinates":[[77.20928,28.572],[77.20919,28.57157],[77.20897,28.57026]]}},{"type":"Feature","properties":{"name":"Aurobindo Marg","highway":"trunk","policy":"truck entry 23:00-07:00 (CAQM/MCD rule)"},"geometry":{"type":"LineString","coordinates":[[77.20546,28.55371],[77.20539,28.55357],[77.20501,28.55289],[77.20452,28.55175],[77.2045,28.55172],[77.20428,28.55122],[77.20413,28.55091],[77.20413,28.55089]]}},{"type":"Feature","properties":{"name":"Aurobindo Marg","highway":"trunk","policy":"truck entry 23:00-07:00 (CAQM/MCD rule)"},"geometry":{"type":"LineString","coordinates":[[77.20657,28.55704],[77.2065,28.55664],[77.20648,28.55649],[77.20648,28.55638],[77.20654,28.55617],[77.20647,28.55581],[77.20626,28.55529],[77.2059,28.55453],[77.20575,28.55431],[77.20546,28.55371]]}},{"type":"Feature","properties":{"name":"Aurobindo Marg","highway":"trunk","policy":"truck entry 23:00-07:00 (CAQM/MCD rule)"},"geometry":{"type":"LineString","coordinates":[[77.20413,28.55089],[77.2041,28.55081],[77.20406,28.55068],[77.20404,28.55063],[77.20372,28.54962],[77.20321,28.54799],[77.20314,28.54779],[77.20284,28.54711],[77.20253,28.54653],[77.20231,28.54614],[77.20194,28.54547]]}},{"type":"Feature","properties":{"name":"Aurobindo Marg","highway":"trunk","policy":"truck entry 23:00-07:00 (CAQM/MCD rule)"},"geometry":{"type":"LineString","coordinates":[[77.20143,28.54453],[77.20128,28.54417]]}},{"type":"Feature","properties":{"name":"Aurobindo Marg","highway":"trunk","policy":"truck entry 23:00-07:00 (CAQM/MCD rule)"},"geometry":{"type":"LineString","coordinates":[[77.18936,28.52778],[77.18925,28.52765]]}},{"type":"Feature","properties":{"name":"Anuvrat Marg","highway":"trunk","policy":"truck entry 23:00-07:00 (CAQM/MCD rule)"},"geometry":{"type":"LineString","coordinates":[[77.17311,28.50444],[77.17332,28.50461],[77.1745,28.50573],[77.17455,28.50579]]}},{"type":"Feature","properties":{"name":"Mathura Road","highway":"trunk","policy":"truck entry 23:00-07:00 (CAQM/MCD rule)"},"geometry":{"type":"LineString","coordinates":[[77.29967,28.50258],[77.30002,28.50366],[77.30054,28.50518],[77.30056,28.50561],[77.30051,28.50596],[77.30012,28.50694],[77.30007,28.50706],[77.29916,28.50929],[77.29822,28.51146]]}},{"type":"Feature","properties":{"name":"Mathura Road","highway":"trunk","policy":"truck entry 23:00-07:00 (CAQM/MCD rule)"},"geometry":{"type":"LineString","coordinates":[[77.28952,28.52757],[77.28912,28.52789],[77.28867,28.52834],[77.28839,28.52871],[77.28803,28.52932],[77.2879,28.52977],[77.28761,28.53048],[77.28686,28.53222],[77.28678,28.53236]]}},{"type":"Feature","properties":{"name":"Aurobindo Marg","highway":"trunk","policy":"truck entry 23:00-07:00 (CAQM/MCD rule)"},"geometry":{"type":"LineString","coordinates":[[77.20783,28.56737],[77.20796,28.5679],[77.20797,28.56792],[77.20798,28.56797],[77.20799,28.56803],[77.20824,28.56881],[77.20853,28.56952]]}},{"type":"Feature","properties":{"name":"Aurobindo Marg","highway":"trunk","policy":"truck entry 23:00-07:00 (CAQM/MCD rule)"},"geometry":{"type":"LineString","coordinates":[[77.20143,28.54486],[77.20153,28.54502]]}},{"type":"Feature","properties":{"name":"Aurobindo Marg","highway":"trunk","policy":"truck entry 23:00-07:00 (CAQM/MCD rule)"},"geometry":{"type":"LineString","coordinates":[[77.20904,28.57171],[77.20917,28.57261],[77.20922,28.57317]]}},{"type":"Feature","properties":{"name":"Delhi Western Peripheral Expressway","highway":"motorway","policy":"truck entry 23:00-07:00 (CAQM/MCD rule)"},"geometry":{"type":"LineString","coordinates":[[76.97401,28.88054],[76.97189,28.87882],[76.97076,28.87785]]}},{"type":"Feature","properties":{"name":"Delhi Western Peripheral Expressway","highway":"motorway","policy":"truck entry 23:00-07:00 (CAQM/MCD rule)"},"geometry":{"type":"LineString","coordinates":[[76.97064,28.87793],[76.9708,28.87806],[76.97388,28.88067]]}},{"type":"Feature","properties":{"name":"Delhi Western Peripheral Expressway","highway":"motorway","policy":"truck entry 23:00-07:00 (CAQM/MCD rule)"},"geometry":{"type":"LineString","coordinates":[[76.97076,28.87785],[76.97069,28.87779]]}},{"type":"Feature","properties":{"name":"Delhi Western Peripheral Expressway","highway":"motorway","policy":"truck entry 23:00-07:00 (CAQM/MCD rule)"},"geometry":{"type":"LineString","coordinates":[[76.97069,28.87779],[76.96919,28.8765]]}},{"type":"Feature","properties":{"name":"Delhi Western Peripheral Expressway","highway":"motorway","policy":"truck entry 23:00-07:00 (CAQM/MCD rule)"},"geometry":{"type":"LineString","coordinates":[[76.97058,28.87788],[76.97064,28.87793]]}},{"type":"Feature","properties":{"name":"Delhi Western Peripheral Expressway","highway":"motorway","policy":"truck entry 23:00-07:00 (CAQM/MCD rule)"},"geometry":{"type":"LineString","coordinates":[[76.96909,28.87664],[76.96932,28.87682],[76.97058,28.87788]]}},{"type":"Feature","properties":{"name":"Delhi Western Peripheral Expressway","highway":"motorway","policy":"truck entry 23:00-07:00 (CAQM/MCD rule)"},"geometry":{"type":"LineString","coordinates":[[76.96909,28.87642],[76.96502,28.87301]]}},{"type":"Feature","properties":{"name":"Delhi Western Peripheral Expressway","highway":"motorway","policy":"truck entry 23:00-07:00 (CAQM/MCD rule)"},"geometry":{"type":"LineString","coordinates":[[76.969,28.87656],[76.96909,28.87664]]}},{"type":"Feature","properties":{"name":"Delhi Western Peripheral Expressway","highway":"motorway","policy":"truck entry 23:00-07:00 (CAQM/MCD rule)"},"geometry":{"type":"LineString","coordinates":[[76.96483,28.87311],[76.965,28.87326],[76.969,28.87656]]}},{"type":"Feature","properties":{"name":"Delhi Western Peripheral Expressway","highway":"motorway","policy":"truck entry 23:00-07:00 (CAQM/MCD rule)"},"geometry":{"type":"LineString","coordinates":[[76.96919,28.8765],[76.96909,28.87642]]}},{"type":"Feature","properties":{"name":"Delhi Western Peripheral Expressway","highway":"motorway","policy":"truck entry 23:00-07:00 (CAQM/MCD rule)"},"geometry":{"type":"LineString","coordinates":[[76.96473,28.87303],[76.96483,28.87311]]}},{"type":"Feature","properties":{"name":"Delhi Western Peripheral Expressway","highway":"motorway","policy":"truck entry 23:00-07:00 (CAQM/MCD rule)"},"geometry":{"type":"LineString","coordinates":[[76.96132,28.8701],[76.96473,28.87303]]}},{"type":"Feature","properties":{"name":"Delhi Western Peripheral Expressway","highway":"motorway","policy":"truck entry 23:00-07:00 (CAQM/MCD rule)"},"geometry":{"type":"LineString","coordinates":[[76.96502,28.87301],[76.96493,28.87293]]}},{"type":"Feature","properties":{"name":"Delhi Western Peripheral Expressway","highway":"motorway","policy":"truck entry 23:00-07:00 (CAQM/MCD rule)"},"geometry":{"type":"LineString","coordinates":[[76.96493,28.87293],[76.96459,28.87264],[76.96111,28.86966]]}},{"type":"Feature","properties":{"name":"Delhi Western Peripheral Expressway","highway":"motorway","policy":"truck entry 23:00-07:00 (CAQM/MCD rule)"},"geometry":{"type":"LineString","coordinates":[[76.95927,28.86817],[76.95581,28.86523]]}},{"type":"Feature","properties":{"name":"Delhi Western Peripheral Expressway","highway":"motorway","policy":"truck entry 23:00-07:00 (CAQM/MCD rule)"},"geometry":{"type":"LineString","coordinates":[[76.95916,28.86828],[76.95923,28.86834]]}},{"type":"Feature","properties":{"name":"Delhi Western Peripheral Expressway","highway":"motorway","policy":"truck entry 23:00-07:00 (CAQM/MCD rule)"},"geometry":{"type":"LineString","coordinates":[[76.95566,28.86537],[76.95916,28.86828]]}},{"type":"Feature","properties":{"name":"Delhi Western Peripheral Expressway","highway":"motorway","policy":"truck entry 23:00-07:00 (CAQM/MCD rule)"},"geometry":{"type":"LineString","coordinates":[[76.95934,28.86823],[76.95927,28.86817]]}},{"type":"Feature","properties":{"name":"Delhi Western Peripheral Expressway","highway":"motorway","policy":"truck entry 23:00-07:00 (CAQM/MCD rule)"},"geometry":{"type":"LineString","coordinates":[[76.95555,28.86528],[76.95566,28.86537]]}},{"type":"Feature","properties":{"name":"Delhi Western Peripheral Expressway","highway":"motorway","policy":"truck entry 23:00-07:00 (CAQM/MCD rule)"},"geometry":{"type":"LineString","coordinates":[[76.95581,28.86523],[76.95571,28.86515]]}},{"type":"Feature","properties":{"name":"Delhi Western Peripheral Expressway","highway":"motorway","policy":"truck entry 23:00-07:00 (CAQM/MCD rule)"},"geometry":{"type":"LineString","coordinates":[[76.95571,28.86515],[76.95568,28.86512],[76.95446,28.86409],[76.95204,28.86204]]}},{"type":"Feature","properties":{"name":"Delhi Western Peripheral Expressway","highway":"motorway","policy":"truck entry 23:00-07:00 (CAQM/MCD rule)"},"geometry":{"type":"LineString","coordinates":[[76.95188,28.86219],[76.95485,28.86469],[76.95555,28.86528]]}},{"type":"Feature","properties":{"name":"Delhi Western Peripheral Expressway","highway":"motorway","policy":"truck entry 23:00-07:00 (CAQM/MCD rule)"},"geometry":{"type":"LineString","coordinates":[[76.95204,28.86204],[76.95187,28.8619]]}},{"type":"Feature","properties":{"name":"Delhi Western Peripheral Expressway","highway":"motorway","policy":"truck entry 23:00-07:00 (CAQM/MCD rule)"},"geometry":{"type":"LineString","coordinates":[[76.95187,28.8619],[76.95143,28.86153],[76.94946,28.85972],[76.9478,28.85823],[76.94479,28.85552]]}},{"type":"Feature","properties":{"name":"Delhi Western Peripheral Expressway","highway":"motorway","policy":"truck entry 23:00-07:00 (CAQM/MCD rule)"},"geometry":{"type":"LineString","coordinates":[[76.95171,28.86203],[76.95188,28.86219]]}},{"type":"Feature","properties":{"name":"Delhi Western Peripheral Expressway","highway":"motorway","policy":"truck entry 23:00-07:00 (CAQM/MCD rule)"},"geometry":{"type":"LineString","coordinates":[[76.94462,28.85561],[76.94804,28.85867],[76.94931,28.8598],[76.95171,28.86203]]}},{"type":"Feature","properties":{"name":"Delhi Western Peripheral Expressway","highway":"motorway","policy":"truck entry 23:00-07:00 (CAQM/MCD rule)"},"geometry":{"type":"LineString","coordinates":[[76.94479,28.85552],[76.94439,28.85516]]}},{"type":"Feature","properties":{"name":"Delhi Western Peripheral Expressway","highway":"motorway","policy":"truck entry 23:00-07:00 (CAQM/MCD rule)"},"geometry":{"type":"LineString","coordinates":[[76.94421,28.85523],[76.94462,28.85561]]}},{"type":"Feature","properties":{"name":"Delhi Western Peripheral Expressway","highway":"motorway","policy":"truck entry 23:00-07:00 (CAQM/MCD rule)"},"geometry":{"type":"LineString","coordinates":[[76.94112,28.85237],[76.944,28.85505],[76.94421,28.85523]]}},{"type":"Feature","properties":{"name":"Delhi Western Peripheral Expressway","highway":"motorway","policy":"truck entry 23:00-07:00 (CAQM/MCD rule)"},"geometry":{"type":"LineString","coordinates":[[76.94439,28.85516],[76.94413,28.85492],[76.94127,28.85225]]}},{"type":"Feature","properties":{"name":"Delhi Western Peripheral Expressway","highway":"motorway","policy":"truck entry 23:00-07:00 (CAQM/MCD rule)"},"geometry":{"type":"LineString","coordinates":[[76.94127,28.85225],[76.94122,28.8522]]}},{"type":"Feature","properties":{"name":"Delhi Western Peripheral Expressway","highway":"motorway","policy":"truck entry 23:00-07:00 (CAQM/MCD rule)"},"geometry":{"type":"LineString","coordinates":[[76.94122,28.8522],[76.94056,28.85159],[76.93803,28.84934]]}},{"type":"Feature","properties":{"name":"Delhi Western Peripheral Expressway","highway":"motorway","policy":"truck entry 23:00-07:00 (CAQM/MCD rule)"},"geometry":{"type":"LineString","coordinates":[[76.94106,28.85232],[76.94112,28.85237]]}},{"type":"Feature","properties":{"name":"Delhi Western Peripheral Expressway","highway":"motorway","policy":"truck entry 23:00-07:00 (CAQM/MCD rule)"},"geometry":{"type":"LineString","coordinates":[[76.93789,28.84947],[76.94033,28.85164],[76.94106,28.85232]]}},{"type":"Feature","properties":{"name":"Delhi Western Peripheral Expressway","highway":"motorway","policy":"truck entry 23:00-07:00 (CAQM/MCD rule)"},"geometry":{"type":"LineString","coordinates":[[76.93784,28.84943],[76.93789,28.84947]]}},{"type":"Feature","properties":{"name":"Delhi Western Peripheral Expressway","highway":"motorway","policy":"truck entry 23:00-07:00 (CAQM/MCD rule)"},"geometry":{"type":"LineString","coordinates":[[76.93803,28.84934],[76.93797,28.84929]]}},{"type":"Feature","properties":{"name":"Delhi Western Peripheral Expressway","highway":"motorway","policy":"truck entry 23:00-07:00 (CAQM/MCD rule)"},"geometry":{"type":"LineString","coordinates":[[76.93797,28.84929],[76.93551,28.84731],[76.9328,28.84507]]}},{"type":"Feature","properties":{"name":"Delhi Western Peripheral Expressway","highway":"motorway","policy":"truck entry 23:00-07:00 (CAQM/MCD rule)"},"geometry":{"type":"LineString","coordinates":[[76.93267,28.8452],[76.93784,28.84943]]}},{"type":"Feature","properties":{"name":"Delhi Western Peripheral Expressway","highway":"motorway","policy":"truck entry 23:00-07:00 (CAQM/MCD rule)"},"geometry":{"type":"LineString","coordinates":[[76.93261,28.84515],[76.93267,28.8452]]}},{"type":"Feature","properties":{"name":"Delhi Western Peripheral Expressway","highway":"motorway","policy":"truck entry 23:00-07:00 (CAQM/MCD rule)"},"geometry":{"type":"LineString","coordinates":[[76.93106,28.84387],[76.93261,28.84515]]}},{"type":"Feature","properties":{"name":"Delhi Western Peripheral Expressway","highway":"motorway","policy":"truck entry 23:00-07:00 (CAQM/MCD rule)"},"geometry":{"type":"LineString","coordinates":[[76.9328,28.84507],[76.93275,28.84503]]}},{"type":"Feature","properties":{"name":"Delhi Western Peripheral Expressway","highway":"motorway","policy":"truck entry 23:00-07:00 (CAQM/MCD rule)"},"geometry":{"type":"LineString","coordinates":[[76.93275,28.84503],[76.93117,28.84376]]}},{"type":"Feature","properties":{"name":"Delhi Western Peripheral Expressway","highway":"motorway","policy":"truck entry 23:00-07:00 (CAQM/MCD rule)"},"geometry":{"type":"LineString","coordinates":[[76.92544,28.83931],[76.931,28.84383]]}},{"type":"Feature","properties":{"name":"Delhi Western Peripheral Expressway","highway":"motorway","policy":"truck entry 23:00-07:00 (CAQM/MCD rule)"},"geometry":{"type":"LineString","coordinates":[[76.93117,28.84376],[76.93112,28.84372]]}},{"type":"Feature","properties":{"name":"Delhi Western Peripheral Expressway","highway":"motorway","policy":"truck entry 23:00-07:00 (CAQM/MCD rule)"},"geometry":{"type":"LineString","coordinates":[[76.93112,28.84372],[76.92873,28.84178],[76.92557,28.83917]]}},{"type":"Feature","properties":{"name":"Delhi Western Peripheral Expressway","highway":"motorway","policy":"truck entry 23:00-07:00 (CAQM/MCD rule)"},"geometry":{"type":"LineString","coordinates":[[76.92557,28.83917],[76.92547,28.83909]]}},{"type":"Feature","properties":{"name":"Delhi Western Peripheral Expressway","highway":"motorway","policy":"truck entry 23:00-07:00 (CAQM/MCD rule)"},"geometry":{"type":"LineString","coordinates":[[76.92547,28.83909],[76.9216,28.83594],[76.92023,28.83484]]}},{"type":"Feature","properties":{"name":"Delhi Western Peripheral Expressway","highway":"motorway","policy":"truck entry 23:00-07:00 (CAQM/MCD rule)"},"geometry":{"type":"LineString","coordinates":[[76.931,28.84383],[76.93106,28.84387]]}},{"type":"Feature","properties":{"name":"Delhi Western Peripheral Expressway","highway":"motorway","policy":"truck entry 23:00-07:00 (CAQM/MCD rule)"},"geometry":{"type":"LineString","coordinates":[[76.92534,28.83922],[76.92544,28.83931]]}},{"type":"Feature","properties":{"name":"Delhi Western Peripheral Expressway","highway":"motorway","policy":"truck entry 23:00-07:00 (CAQM/MCD rule)"},"geometry":{"type":"LineString","coordinates":[[76.9201,28.83493],[76.92025,28.83505]]}},{"type":"Feature","properties":{"name":"Delhi Western Peripheral Expressway","highway":"motorway","policy":"truck entry 23:00-07:00 (CAQM/MCD rule)"},"geometry":{"type":"LineString","coordinates":[[76.92025,28.83505],[76.9215,28.83607],[76.92534,28.83922]]}},{"type":"Feature","properties":{"name":"Delhi Western Peripheral Expressway","highway":"motorway","policy":"truck entry 23:00-07:00 (CAQM/MCD rule)"},"geometry":{"type":"LineString","coordinates":[[76.92023,28.83484],[76.92009,28.83473]]}},{"type":"Feature","properties":{"name":"Delhi Western Peripheral Expressway","highway":"motorway","policy":"truck entry 23:00-07:00 (CAQM/MCD rule)"},"geometry":{"type":"LineString","coordinates":[[76.91445,28.8301],[76.91435,28.83002]]}},{"type":"Feature","properties":{"name":"Delhi Western Peripheral Expressway","highway":"motorway","policy":"truck entry 23:00-07:00 (CAQM/MCD rule)"},"geometry":{"type":"LineString","coordinates":[[76.92009,28.83473],[76.91823,28.83323],[76.91687,28.83213],[76.91445,28.8301]]}},{"type":"Feature","properties":{"name":"Delhi Western Peripheral Expressway","highway":"motorway","policy":"truck entry 23:00-07:00 (CAQM/MCD rule)"},"geometry":{"type":"LineString","coordinates":[[76.91421,28.83014],[76.91432,28.83022]]}},{"type":"Feature","properties":{"name":"Delhi Western Peripheral Expressway","highway":"motorway","policy":"truck entry 23:00-07:00 (CAQM/MCD rule)"},"geometry":{"type":"LineString","coordinates":[[76.91432,28.83022],[76.91486,28.83067],[76.91682,28.83227],[76.91803,28.83324],[76.9201,28.83493]]}},{"type":"Feature","properties":{"name":"Delhi Western Peripheral Expressway","highway":"motorway","policy":"truck entry 23:00-07:00 (CAQM/MCD rule)"},"geometry":{"type":"LineString","coordinates":[[76.90456,28.82147],[76.90181,28.81887]]}},{"type":"Feature","properties":{"name":"Delhi Western Peripheral Expressway","highway":"motorway","policy":"truck entry 23:00-07:00 (CAQM/MCD rule)"},"geometry":{"type":"LineString","coordinates":[[76.90461,28.82152],[76.90456,28.82147]]}},{"type":"Feature","properties":{"name":"Delhi Western Peripheral Expressway","highway":"motorway","policy":"truck entry 23:00-07:00 (CAQM/MCD rule)"},"geometry":{"type":"LineString","coordinates":[[76.90441,28.82159],[76.90446,28.82163]]}},{"type":"Feature","properties":{"name":"Delhi Western Peripheral Expressway","highway":"motorway","policy":"truck entry 23:00-07:00 (CAQM/MCD rule)"},"geometry":{"type":"LineString","coordinates":[[76.90446,28.82163],[76.90613,28.82312],[76.90792,28.8247],[76.90955,28.82616],[76.91114,28.8276],[76.91208,28.82839],[76.91368,28.8297],[76.91421,28.83014]]}},{"type":"Feature","properties":{"name":"Delhi Western Peripheral Expressway","highway":"motorway","policy":"truck entry 23:00-07:00 (CAQM/MCD rule)"},"geometry":{"type":"LineString","coordinates":[[76.89833,28.81527],[76.8945,28.81134]]}},{"type":"Feature","properties":{"name":"Delhi Western Peripheral Expressway","highway":"motorway","policy":"truck entry 23:00-07:00 (CAQM/MCD rule)"},"geometry":{"type":"LineString","coordinates":[[76.89836,28.81531],[76.89833,28.81527]]}},{"type":"Feature","properties":{"name":"Delhi Western Peripheral Expressway","highway":"motorway","policy":"truck entry 23:00-07:00 (CAQM/MCD rule)"},"geometry":{"type":"LineString","coordinates":[[76.89821,28.81543],[76.90158,28.8189]]}},{"type":"Feature","properties":{"name":"Delhi Western Peripheral Expressway","highway":"motorway","policy":"truck entry 23:00-07:00 (CAQM/MCD rule)"},"geometry":{"type":"LineString","coordinates":[[76.89817,28.81538],[76.89821,28.81543]]}},{"type":"Feature","properties":{"name":"Delhi Western Peripheral Expressway","highway":"motorway","policy":"truck entry 23:00-07:00 (CAQM/MCD rule)"},"geometry":{"type":"LineString","coordinates":[[76.90181,28.81887],[76.90174,28.8188]]}},{"type":"Feature","properties":{"name":"Delhi Western Peripheral Expressway","highway":"motorway","policy":"truck entry 23:00-07:00 (CAQM/MCD rule)"},"geometry":{"type":"LineString","coordinates":[[76.91435,28.83002],[76.91238,28.82844],[76.91043,28.82675],[76.90461,28.82152]]}},{"type":"Feature","properties":{"name":"Delhi Western Peripheral Expressway","highway":"motorway","policy":"truck entry 23:00-07:00 (CAQM/MCD rule)"},"geometry":{"type":"LineString","coordinates":[[76.90167,28.81899],[76.90441,28.82159]]}},{"type":"Feature","properties":{"name":"Delhi Western Peripheral Expressway","highway":"motorway","policy":"truck entry 23:00-07:00 (CAQM/MCD rule)"},"geometry":{"type":"LineString","coordinates":[[76.90158,28.8189],[76.90167,28.81899]]}},{"type":"Feature","properties":{"name":"Delhi Western Peripheral Expressway","highway":"motorway","policy":"truck entry 23:00-07:00 (CAQM/MCD rule)"},"geometry":{"type":"LineString","coordinates":[[76.89436,28.81143],[76.89659,28.81371],[76.89817,28.81538]]}},{"type":"Feature","properties":{"name":"Delhi Western Peripheral Expressway","highway":"motorway","policy":"truck entry 23:00-07:00 (CAQM/MCD rule)"},"geometry":{"type":"LineString","coordinates":[[76.89432,28.81139],[76.89436,28.81143]]}},{"type":"Feature","properties":{"name":"Delhi Western Peripheral Expressway","highway":"motorway","policy":"truck entry 23:00-07:00 (CAQM/MCD rule)"},"geometry":{"type":"LineString","coordinates":[[76.89446,28.81129],[76.89068,28.80739]]}},{"type":"Feature","properties":{"name":"Delhi Western Peripheral Expressway","highway":"motorway","policy":"truck entry 23:00-07:00 (CAQM/MCD rule)"},"geometry":{"type":"LineString","coordinates":[[76.8945,28.81134],[76.89446,28.81129]]}},{"type":"Feature","properties":{"name":"Delhi Western Peripheral Expressway","highway":"motorway","policy":"truck entry 23:00-07:00 (CAQM/MCD rule)"},"geometry":{"type":"LineString","coordinates":[[76.89038,28.80731],[76.89053,28.80748]]}},{"type":"Feature","properties":{"name":"Delhi Western Peripheral Expressway","highway":"motorway","policy":"truck entry 23:00-07:00 (CAQM/MCD rule)"},"geometry":{"type":"LineString","coordinates":[[76.89068,28.80739],[76.89051,28.8072]]}},{"type":"Feature","properties":{"name":"Delhi Western Peripheral Expressway","highway":"motorway","policy":"truck entry 23:00-07:00 (CAQM/MCD rule)"},"geometry":{"type":"LineString","coordinates":[[76.90174,28.8188],[76.89836,28.81531]]}},{"type":"Feature","properties":{"name":"Delhi Western Peripheral Expressway","highway":"motorway","policy":"truck entry 23:00-07:00 (CAQM/MCD rule)"},"geometry":{"type":"LineString","coordinates":[[76.89053,28.80748],[76.89432,28.81139]]}},{"type":"Feature","properties":{"name":"Delhi Western Peripheral Expressway","highway":"motorway","policy":"truck entry 23:00-07:00 (CAQM/MCD rule)"},"geometry":{"type":"LineString","coordinates":[[76.88365,28.80009],[76.88434,28.80097],[76.88488,28.80157],[76.88731,28.80414],[76.88939,28.80626],[76.89038,28.80731]]}},{"type":"Feature","properties":{"name":"Delhi Western Peripheral Expressway","highway":"motorway","policy":"truck entry 23:00-07:00 (CAQM/MCD rule)"},"geometry":{"type":"LineString","coordinates":[[76.8836,28.80002],[76.88365,28.80009]]}},{"type":"Feature","properties":{"name":"Delhi Western Peripheral Expressway","highway":"motorway","policy":"truck entry 23:00-07:00 (CAQM/MCD rule)"},"geometry":{"type":"LineString","coordinates":[[76.88378,28.79997],[76.88371,28.79987]]}},{"type":"Feature","properties":{"name":"Delhi Western Peripheral Expressway","highway":"motorway","policy":"truck entry 23:00-07:00 (CAQM/MCD rule)"},"geometry":{"type":"LineString","coordinates":[[76.89051,28.8072],[76.88845,28.80504],[76.88642,28.80297],[76.88501,28.8015],[76.88465,28.80106],[76.88378,28.79997]]}},{"type":"Feature","properties":{"name":"Delhi Western Peripheral Expressway","highway":"motorway","policy":"truck entry 23:00-07:00 (CAQM/MCD rule)"},"geometry":{"type":"LineString","coordinates":[[76.8794,28.79236],[76.87929,28.79215]]}},{"type":"Feature","properties":{"name":"Delhi Western Peripheral Expressway","highway":"motorway","policy":"truck entry 23:00-07:00 (CAQM/MCD rule)"},"geometry":{"type":"LineString","coordinates":[[76.88371,28.79987],[76.88353,28.79963],[76.88262,28.79832],[76.88213,28.79749],[76.88152,28.79641],[76.88146,28.7963],[76.88011,28.79373],[76.87997,28.79345],[76.8794,28.79236]]}},{"type":"Feature","properties":{"name":"Delhi Western Peripheral Expressway","highway":"motorway","policy":"truck entry 23:00-07:00 (CAQM/MCD rule)"},"geometry":{"type":"LineString","coordinates":[[76.87905,28.79206],[76.87917,28.79227]]}},{"type":"Feature","properties":{"name":"Delhi Western Peripheral Expressway","highway":"motorway","policy":"truck entry 23:00-07:00 (CAQM/MCD rule)"},"geometry":{"type":"LineString","coordinates":[[76.87917,28.79227],[76.87924,28.79241],[76.87996,28.79378],[76.88079,28.79538],[76.88136,28.79645],[76.88204,28.79768],[76.88274,28.79881],[76.88294,28.79907],[76.8836,28.80002]]}},{"type":"Feature","properties":{"name":"Delhi Western Peripheral Expressway","highway":"motorway","policy":"truck entry 23:00-07:00 (CAQM/MCD rule)"},"geometry":{"type":"LineString","coordinates":[[76.87781,28.78931],[76.87776,28.78921]]}},{"type":"Feature","properties":{"name":"Delhi Western Peripheral Expressway","highway":"motorway","policy":"truck entry 23:00-07:00 (CAQM/MCD rule)"},"geometry":{"type":"LineString","coordinates":[[76.87776,28.78921],[76.87743,28.78858],[76.87738,28.78846],[76.8769,28.78756],[76.87639,28.78658],[76.87567,28.78521]]}},{"type":"Feature","properties":{"name":"Delhi Western Peripheral Expressway","highway":"motorway","policy":"truck entry 23:00-07:00 (CAQM/MCD rule)"},"geometry":{"type":"LineString","coordinates":[[76.8776,28.78927],[76.87764,28.78936]]}},{"type":"Feature","properties":{"name":"Delhi Western Peripheral Expressway","highway":"motorway","policy":"truck entry 23:00-07:00 (CAQM/MCD rule)"},"geometry":{"type":"LineString","coordinates":[[76.87764,28.78936],[76.87846,28.79093],[76.87905,28.79206]]}},{"type":"Feature","properties":{"name":"Delhi Western Peripheral Expressway","highway":"motorway","policy":"truck entry 23:00-07:00 (CAQM/MCD rule)"},"geometry":{"type":"LineString","coordinates":[[76.87567,28.78521],[76.87529,28.78448]]}},{"type":"Feature","properties":{"name":"Delhi Western Peripheral Expressway","highway":"motorway","policy":"truck entry 23:00-07:00 (CAQM/MCD rule)"},"geometry":{"type":"LineString","coordinates":[[76.87524,28.7848],[76.87562,28.78552]]}},{"type":"Feature","properties":{"name":"Delhi Western Peripheral Expressway","highway":"motorway","policy":"truck entry 23:00-07:00 (CAQM/MCD rule)"},"geometry":{"type":"LineString","coordinates":[[76.87562,28.78552],[76.87673,28.78762],[76.87717,28.78847],[76.87723,28.78858],[76.87729,28.78869],[76.8776,28.78927]]}},{"type":"Feature","properties":{"name":"Delhi Western Peripheral Expressway","highway":"motorway","policy":"truck entry 23:00-07:00 (CAQM/MCD rule)"},"geometry":{"type":"LineString","coordinates":[[76.87529,28.78448],[76.87369,28.78142],[76.87302,28.78011]]}},{"type":"Feature","properties":{"name":"Delhi Western Peripheral Expressway","highway":"motorway","policy":"truck entry 23:00-07:00 (CAQM/MCD rule)"},"geometry":{"type":"LineString","coordinates":[[76.87302,28.78011],[76.87297,28.78001]]}},{"type":"Feature","properties":{"name":"Delhi Western Peripheral Expressway","highway":"motorway","policy":"truck entry 23:00-07:00 (CAQM/MCD rule)"},"geometry":{"type":"LineString","coordinates":[[76.87281,28.78011],[76.87378,28.78196],[76.87524,28.7848]]}},{"type":"Feature","properties":{"name":"Delhi Western Peripheral Expressway","highway":"motorway","policy":"truck entry 23:00-07:00 (CAQM/MCD rule)"},"geometry":{"type":"LineString","coordinates":[[76.87142,28.77744],[76.87147,28.77752]]}},{"type":"Feature","properties":{"name":"Delhi Western Peripheral Expressway","highway":"motorway","policy":"truck entry 23:00-07:00 (CAQM/MCD rule)"},"geometry":{"type":"LineString","coordinates":[[76.87147,28.77752],[76.87276,28.78003]]}},{"type":"Feature","properties":{"name":"Delhi Western Peripheral Expressway","highway":"motorway","policy":"truck entry 23:00-07:00 (CAQM/MCD rule)"},"geometry":{"type":"LineString","coordinates":[[76.87929,28.79215],[76.87907,28.79174],[76.87781,28.78931]]}},{"type":"Feature","properties":{"name":"Delhi Western Peripheral Expressway","highway":"motorway","policy":"truck entry 23:00-07:00 (CAQM/MCD rule)"},"geometry":{"type":"LineString","coordinates":[[76.87276,28.78003],[76.87281,28.78011]]}},{"type":"Feature","properties":{"name":"Delhi Western Peripheral Expressway","highway":"motorway","policy":"truck entry 23:00-07:00 (CAQM/MCD rule)"},"geometry":{"type":"LineString","coordinates":[[76.87164,28.77745],[76.87161,28.7774]]}},{"type":"Feature","properties":{"name":"Delhi Western Peripheral Expressway","highway":"motorway","policy":"truck entry 23:00-07:00 (CAQM/MCD rule)"},"geometry":{"type":"LineString","coordinates":[[76.87297,28.78001],[76.87252,28.77912],[76.87164,28.77745]]}},{"type":"Feature","properties":{"name":"Delhi Western Peripheral Expressway","highway":"motorway","policy":"truck entry 23:00-07:00 (CAQM/MCD rule)"},"geometry":{"type":"LineString","coordinates":[[76.86797,28.77043],[76.86786,28.77023]]}},{"type":"Feature","properties":{"name":"Delhi Western Peripheral Expressway","highway":"motorway","policy":"truck entry 23:00-07:00 (CAQM/MCD rule)"},"geometry":{"type":"LineString","coordinates":[[76.87161,28.7774],[76.87075,28.77576],[76.86998,28.77427],[76.86909,28.77249],[76.86837,28.77117],[76.86797,28.77043]]}},{"type":"Feature","properties":{"name":"Delhi Western Peripheral Expressway","highway":"motorway","policy":"truck entry 23:00-07:00 (CAQM/MCD rule)"},"geometry":{"type":"LineString","coordinates":[[76.8679,28.77073],[76.86818,28.77124],[76.87142,28.77744]]}},{"type":"Feature","properties":{"name":"Delhi Western Peripheral Expressway","highway":"motorway","policy":"truck entry 23:00-07:00 (CAQM/MCD rule)"},"geometry":{"type":"LineString","coordinates":[[76.86781,28.77056],[76.8679,28.77073]]}},{"type":"Feature","properties":{"name":"Delhi Western Peripheral Expressway","highway":"motorway","policy":"truck entry 23:00-07:00 (CAQM/MCD rule)"},"geometry":{"type":"LineString","coordinates":[[76.86628,28.76796],[76.86734,28.76971],[76.86781,28.77056]]}},{"type":"Feature","properties":{"name":"Delhi Western Peripheral Expressway","highway":"motorway","policy":"truck entry 23:00-07:00 (CAQM/MCD rule)"},"geometry":{"type":"LineString","coordinates":[[76.86625,28.7679],[76.86628,28.76796]]}},{"type":"Feature","properties":{"name":"Delhi Western Peripheral Expressway","highway":"motorway","policy":"truck entry 23:00-07:00 (CAQM/MCD rule)"},"geometry":{"type":"LineString","coordinates":[[76.86647,28.76785],[76.86644,28.76781]]}},{"type":"Feature","properties":{"name":"Delhi Western Peripheral Expressway","highway":"motorway","policy":"truck entry 23:00-07:00 (CAQM/MCD rule)"},"geometry":{"type":"LineString","coordinates":[[76.86786,28.77023],[76.86754,28.76963],[76.86647,28.76785]]}},{"type":"Feature","properties":{"name":"Delhi Western Peripheral Expressway","highway":"motorway","policy":"truck entry 23:00-07:00 (CAQM/MCD rule)"},"geometry":{"type":"LineString","coordinates":[[76.85976,28.75893],[76.85995,28.75918]]}},{"type":"Feature","properties":{"name":"Delhi Western Peripheral Expressway","highway":"motorway","policy":"truck entry 23:00-07:00 (CAQM/MCD rule)"},"geometry":{"type":"LineString","coordinates":[[76.8601,28.75901],[76.85991,28.75875]]}},{"type":"Feature","properties":{"name":"Delhi Western Peripheral Expressway","highway":"motorway","policy":"truck entry 23:00-07:00 (CAQM/MCD rule)"},"geometry":{"type":"LineString","coordinates":[[76.86124,28.76065],[76.8601,28.75901]]}},{"type":"Feature","properties":{"name":"Delhi Western Peripheral Expressway","highway":"motorway","policy":"truck entry 23:00-07:00 (CAQM/MCD rule)"},"geometry":{"type":"LineString","coordinates":[[76.85995,28.75918],[76.86107,28.76074]]}},{"type":"Feature","properties":{"name":"Delhi Western Peripheral Expressway","highway":"motorway","policy":"truck entry 23:00-07:00 (CAQM/MCD rule)"},"geometry":{"type":"LineString","coordinates":[[76.8611,28.7608],[76.86194,28.76185],[76.8644,28.76524],[76.86592,28.76739],[76.86625,28.7679]]}},{"type":"Feature","properties":{"name":"Delhi Western Peripheral Expressway","highway":"motorway","policy":"truck entry 23:00-07:00 (CAQM/MCD rule)"},"geometry":{"type":"LineString","coordinates":[[76.86107,28.76074],[76.8611,28.7608]]}},{"type":"Feature","properties":{"name":"Delhi Western Peripheral Expressway","highway":"motorway","policy":"truck entry 23:00-07:00 (CAQM/MCD rule)"},"geometry":{"type":"LineString","coordinates":[[76.86127,28.7607],[76.86124,28.76065]]}},{"type":"Feature","properties":{"name":"Delhi Western Peripheral Expressway","highway":"motorway","policy":"truck entry 23:00-07:00 (CAQM/MCD rule)"},"geometry":{"type":"LineString","coordinates":[[76.86644,28.76781],[76.86609,28.76732],[76.86453,28.76515],[76.86207,28.76179],[76.86127,28.7607]]}},{"type":"Feature","properties":{"name":"Delhi Western Peripheral Expressway","highway":"motorway","policy":"truck entry 23:00-07:00 (CAQM/MCD rule)"},"geometry":{"type":"LineString","coordinates":[[76.85795,28.75606],[76.8579,28.756]]}},{"type":"Feature","properties":{"name":"Delhi Western Peripheral Expressway","highway":"motorway","policy":"truck entry 23:00-07:00 (CAQM/MCD rule)"},"geometry":{"type":"LineString","coordinates":[[76.85991,28.75875],[76.85954,28.75827],[76.85795,28.75606]]}},{"type":"Feature","properties":{"name":"Delhi Western Peripheral Expressway","highway":"motorway","policy":"truck entry 23:00-07:00 (CAQM/MCD rule)"},"geometry":{"type":"LineString","coordinates":[[76.85779,28.75617],[76.85854,28.75721],[76.85931,28.75829],[76.85976,28.75893]]}},{"type":"Feature","properties":{"name":"Delhi Western Peripheral Expressway","highway":"motorway","policy":"truck entry 23:00-07:00 (CAQM/MCD rule)"},"geometry":{"type":"LineString","coordinates":[[76.85772,28.75607],[76.85779,28.75617]]}},{"type":"Feature","properties":{"name":"Delhi Western Peripheral Expressway","highway":"motorway","policy":"truck entry 23:00-07:00 (CAQM/MCD rule)"},"geometry":{"type":"LineString","coordinates":[[76.85019,28.74113],[76.85052,28.74189]]}},{"type":"Feature","properties":{"name":"Delhi Western Peripheral Expressway","highway":"motorway","policy":"truck entry 23:00-07:00 (CAQM/MCD rule)"},"geometry":{"type":"LineString","coordinates":[[76.85037,28.74102],[76.84816,28.73621]]}},{"type":"Feature","properties":{"name":"Delhi Western Peripheral Expressway","highway":"motorway","policy":"truck entry 23:00-07:00 (CAQM/MCD rule)"},"geometry":{"type":"LineString","coordinates":[[76.85157,28.74371],[76.85071,28.74181]]}},{"type":"Feature","properties":{"name":"Delhi Western Peripheral Expressway","highway":"motorway","policy":"truck entry 23:00-07:00 (CAQM/MCD rule)"},"geometry":{"type":"LineString","coordinates":[[76.85052,28.74189],[76.8513,28.74359]]}},{"type":"Feature","properties":{"name":"Delhi Western Peripheral Expressway","highway":"motorway","policy":"truck entry 23:00-07:00 (CAQM/MCD rule)"},"geometry":{"type":"LineString","coordinates":[[76.8513,28.74359],[76.85135,28.7437]]}},{"type":"Feature","properties":{"name":"Delhi Western Peripheral Expressway","highway":"motorway","policy":"truck entry 23:00-07:00 (CAQM/MCD rule)"},"geometry":{"type":"LineString","coordinates":[[76.85135,28.7437],[76.85194,28.74498]]}},{"type":"Feature","properties":{"name":"Delhi Western Peripheral Expressway","highway":"motorway","policy":"truck entry 23:00-07:00 (CAQM/MCD rule)"},"geometry":{"type":"LineString","coordinates":[[76.85162,28.74382],[76.85157,28.74371]]}},{"type":"Feature","properties":{"name":"Delhi Western Peripheral Expressway","highway":"motorway","policy":"truck entry 23:00-07:00 (CAQM/MCD rule)"},"geometry":{"type":"LineString","coordinates":[[76.85216,28.74501],[76.85162,28.74382]]}},{"type":"Feature","properties":{"name":"Delhi Western Peripheral Expressway","highway":"motorway","policy":"truck entry 23:00-07:00 (CAQM/MCD rule)"},"geometry":{"type":"LineString","coordinates":[[76.85231,28.74536],[76.85216,28.74501]]}},{"type":"Feature","properties":{"name":"Delhi Western Peripheral Expressway","highway":"motorway","policy":"truck entry 23:00-07:00 (CAQM/MCD rule)"},"geometry":{"type":"LineString","coordinates":[[76.85445,28.75011],[76.8538,28.74864],[76.85231,28.74536]]}},{"type":"Feature","properties":{"name":"Delhi Western Peripheral Expressway","highway":"motorway","policy":"truck entry 23:00-07:00 (CAQM/MCD rule)"},"geometry":{"type":"LineString","coordinates":[[76.85211,28.74535],[76.8543,28.75012]]}},{"type":"Feature","properties":{"name":"Delhi Western Peripheral Expressway","highway":"motorway","policy":"truck entry 23:00-07:00 (CAQM/MCD rule)"},"geometry":{"type":"LineString","coordinates":[[76.85194,28.74498],[76.85211,28.74535]]}},{"type":"Feature","properties":{"name":"Delhi Western Peripheral Expressway","highway":"motorway","policy":"truck entry 23:00-07:00 (CAQM/MCD rule)"},"geometry":{"type":"LineString","coordinates":[[76.85451,28.75024],[76.85445,28.75011]]}},{"type":"Feature","properties":{"name":"Delhi Western Peripheral Expressway","highway":"motorway","policy":"truck entry 23:00-07:00 (CAQM/MCD rule)"},"geometry":{"type":"LineString","coordinates":[[76.8579,28.756],[76.85747,28.7554],[76.85685,28.75453],[76.8562,28.75353],[76.85564,28.75263],[76.85521,28.75177],[76.8548,28.7509],[76.85451,28.75024]]}},{"type":"Feature","properties":{"name":"Delhi Western Peripheral Expressway","highway":"motorway","policy":"truck entry 23:00-07:00 (CAQM/MCD rule)"},"geometry":{"type":"LineString","coordinates":[[76.8543,28.75012],[76.85434,28.7502]]}},{"type":"Feature","properties":{"name":"Delhi Western Peripheral Expressway","highway":"motorway","policy":"truck entry 23:00-07:00 (CAQM/MCD rule)"},"geometry":{"type":"LineString","coordinates":[[76.85434,28.7502],[76.85468,28.75095],[76.85527,28.7522],[76.85594,28.75341],[76.8565,28.75428],[76.85719,28.75528],[76.85772,28.75607]]}},{"type":"Feature","properties":{"name":"Delhi Western Peripheral Expressway","highway":"motorway","policy":"truck entry 23:00-07:00 (CAQM/MCD rule)"},"geometry":{"type":"LineString","coordinates":[[76.84797,28.73627],[76.85019,28.74113]]}},{"type":"Feature","properties":{"name":"Delhi Western Peripheral Expressway","highway":"motorway","policy":"truck entry 23:00-07:00 (CAQM/MCD rule)"},"geometry":{"type":"LineString","coordinates":[[76.84794,28.7362],[76.84797,28.73627]]}},{"type":"Feature","properties":{"name":"Delhi Western Peripheral Expressway","highway":"motorway","policy":"truck entry 23:00-07:00 (CAQM/MCD rule)"},"geometry":{"type":"LineString","coordinates":[[76.84816,28.73621],[76.84812,28.73612]]}},{"type":"Feature","properties":{"name":"Delhi Western Peripheral Expressway","highway":"motorway","policy":"truck entry 23:00-07:00 (CAQM/MCD rule)"},"geometry":{"type":"LineString","coordinates":[[76.84812,28.73612],[76.84717,28.73394],[76.84621,28.7316]]}},{"type":"Feature","properties":{"name":"Delhi Western Peripheral Expressway","highway":"motorway","policy":"truck entry 23:00-07:00 (CAQM/MCD rule)"},"geometry":{"type":"LineString","coordinates":[[76.84136,28.71748],[76.84138,28.71754]]}},{"type":"Feature","properties":{"name":"Delhi Western Peripheral Expressway","highway":"motorway","policy":"truck entry 23:00-07:00 (CAQM/MCD rule)"},"geometry":{"type":"LineString","coordinates":[[76.84051,28.71539],[76.84136,28.71748]]}},{"type":"Feature","properties":{"name":"Delhi Western Peripheral Expressway","highway":"motorway","policy":"truck entry 23:00-07:00 (CAQM/MCD rule)"},"geometry":{"type":"LineString","coordinates":[[76.84156,28.71744],[76.84113,28.7164],[76.84048,28.71491]]}},{"type":"Feature","properties":{"name":"Delhi Western Peripheral Expressway","highway":"motorway","policy":"truck entry 23:00-07:00 (CAQM/MCD rule)"},"geometry":{"type":"LineString","coordinates":[[76.84158,28.7175],[76.84156,28.71744]]}},{"type":"Feature","properties":{"name":"Delhi Western Peripheral Expressway","highway":"motorway","policy":"truck entry 23:00-07:00 (CAQM/MCD rule)"},"geometry":{"type":"LineString","coordinates":[[76.84031,28.71501],[76.84051,28.71539]]}},{"type":"Feature","properties":{"name":"Delhi Western Peripheral Expressway","highway":"motorway","policy":"truck entry 23:00-07:00 (CAQM/MCD rule)"},"geometry":{"type":"LineString","coordinates":[[76.83947,28.71334],[76.84031,28.71501]]}},{"type":"Feature","properties":{"name":"Delhi Western Peripheral Expressway","highway":"motorway","policy":"truck entry 23:00-07:00 (CAQM/MCD rule)"},"geometry":{"type":"LineString","coordinates":[[76.84048,28.71491],[76.84029,28.71451]]}},{"type":"Feature","properties":{"name":"Delhi Western Peripheral Expressway","highway":"motorway","policy":"truck entry 23:00-07:00 (CAQM/MCD rule)"},"geometry":{"type":"LineString","coordinates":[[76.84029,28.71451],[76.83968,28.71328]]}},{"type":"Feature","properties":{"name":"Delhi Western Peripheral Expressway","highway":"motorway","policy":"truck entry 23:00-07:00 (CAQM/MCD rule)"},"geometry":{"type":"LineString","coordinates":[[76.84621,28.7316],[76.84582,28.7304]]}},{"type":"Feature","properties":{"name":"Delhi Western Peripheral Expressway","highway":"motorway","policy":"truck entry 23:00-07:00 (CAQM/MCD rule)"},"geometry":{"type":"LineString","coordinates":[[76.84559,28.73046],[76.84598,28.73168]]}},{"type":"Feature","properties":{"name":"Delhi Western Peripheral Expressway","highway":"motorway","policy":"truck entry 23:00-07:00 (CAQM/MCD rule)"},"geometry":{"type":"LineString","coordinates":[[76.85071,28.74181],[76.85037,28.74102]]}},{"type":"Feature","properties":{"name":"Delhi Western Peripheral Expressway","highway":"motorway","policy":"truck entry 23:00-07:00 (CAQM/MCD rule)"},"geometry":{"type":"LineString","coordinates":[[76.84598,28.73168],[76.84645,28.73283],[76.84692,28.73395],[76.84794,28.7362]]}},{"type":"Feature","properties":{"name":"Delhi Western Peripheral Expressway","highway":"motorway","policy":"truck entry 23:00-07:00 (CAQM/MCD rule)"},"geometry":{"type":"LineString","coordinates":[[76.84138,28.71754],[76.84228,28.72034],[76.84244,28.72083],[76.8432,28.72305],[76.84353,28.7241],[76.84395,28.72536],[76.84504,28.72868],[76.84559,28.73046]]}},{"type":"Feature","properties":{"name":"Delhi Western Peripheral Expressway","highway":"motorway","policy":"truck entry 23:00-07:00 (CAQM/MCD rule)"},"geometry":{"type":"LineString","coordinates":[[76.84582,28.7304],[76.84355,28.72349],[76.84322,28.72252],[76.84249,28.7203],[76.84213,28.7192],[76.84158,28.7175]]}},{"type":"Feature","properties":{"name":"Delhi Western Peripheral Expressway","highway":"motorway","policy":"truck entry 23:00-07:00 (CAQM/MCD rule)"},"geometry":{"type":"LineString","coordinates":[[76.84346,28.49509],[76.84352,28.49498]]}},{"type":"Feature","properties":{"name":"Delhi Western Peripheral Expressway","highway":"motorway","policy":"truck entry 23:00-07:00 (CAQM/MCD rule)"},"geometry":{"type":"LineString","coordinates":[[76.8396,28.50446],[76.83974,28.50408],[76.84057,28.50209],[76.8413,28.50024],[76.84207,28.49836],[76.84287,28.49642],[76.84346,28.49509]]}},{"type":"Feature","properties":{"name":"Delhi Western Peripheral Expressway","highway":"motorway","policy":"truck entry 23:00-07:00 (CAQM/MCD rule)"},"geometry":{"type":"LineString","coordinates":[[76.84324,28.49506],[76.84256,28.49665],[76.84159,28.499],[76.8407,28.50119],[76.83989,28.50321],[76.83946,28.50423]]}},{"type":"Feature","properties":{"name":"Delhi Western Peripheral Expressway","highway":"motorway","policy":"truck entry 23:00-07:00 (CAQM/MCD rule)"},"geometry":{"type":"LineString","coordinates":[[76.8433,28.49494],[76.84324,28.49506]]}},{"type":"Feature","properties":{"name":"Delhi Western Peripheral Expressway","highway":"motorway","policy":"truck entry 23:00-07:00 (CAQM/MCD rule)"},"geometry":{"type":"LineString","coordinates":[[76.84854,28.48778],[76.84889,28.48726],[76.8495,28.48633],[76.85009,28.48522],[76.85063,28.48422]]}},{"type":"Feature","properties":{"name":"Delhi Western Peripheral Expressway","highway":"motorway","policy":"truck entry 23:00-07:00 (CAQM/MCD rule)"},"geometry":{"type":"LineString","coordinates":[[76.84844,28.48791],[76.84854,28.48778]]}},{"type":"Feature","properties":{"name":"Delhi Western Peripheral Expressway","highway":"motorway","policy":"truck entry 23:00-07:00 (CAQM/MCD rule)"},"geometry":{"type":"LineString","coordinates":[[76.84829,28.4878],[76.84742,28.48896],[76.84602,28.49067],[76.84532,28.49159],[76.8448,28.49234],[76.84436,28.49304],[76.84378,28.49403],[76.8433,28.49494]]}},{"type":"Feature","properties":{"name":"Delhi Western Peripheral Expressway","highway":"motorway","policy":"truck entry 23:00-07:00 (CAQM/MCD rule)"},"geometry":{"type":"LineString","coordinates":[[76.84836,28.48769],[76.84829,28.4878]]}},{"type":"Feature","properties":{"name":"Delhi Western Peripheral Expressway","highway":"motorway","policy":"truck entry 23:00-07:00 (CAQM/MCD rule)"},"geometry":{"type":"LineString","coordinates":[[76.85063,28.48422],[76.8507,28.48409]]}},{"type":"Feature","properties":{"name":"Delhi Western Peripheral Expressway","highway":"motorway","policy":"truck entry 23:00-07:00 (CAQM/MCD rule)"},"geometry":{"type":"LineString","coordinates":[[76.84352,28.49498],[76.84381,28.49438],[76.8443,28.49352],[76.8449,28.49255],[76.84529,28.49199],[76.84575,28.49135],[76.84732,28.48941],[76.84779,28.48881],[76.84844,28.48791]]}},{"type":"Feature","properties":{"name":"Delhi Western Peripheral Expressway","highway":"motorway","policy":"truck entry 23:00-07:00 (CAQM/MCD rule)"},"geometry":{"type":"LineString","coordinates":[[76.85054,28.48402],[76.85047,28.48416]]}},{"type":"Feature","properties":{"name":"Delhi Western Peripheral Expressway","highway":"motorway","policy":"truck entry 23:00-07:00 (CAQM/MCD rule)"},"geometry":{"type":"LineString","coordinates":[[76.85047,28.48416],[76.84992,28.48517],[76.84946,28.48598],[76.84895,28.48683],[76.84836,28.48769]]}},{"type":"Feature","properties":{"name":"Delhi Western Peripheral Expressway","highway":"motorway","policy":"truck entry 23:00-07:00 (CAQM/MCD rule)"},"geometry":{"type":"LineString","coordinates":[[76.85423,28.47674],[76.8538,28.47776],[76.85342,28.47857],[76.85261,28.48012],[76.85117,28.48283],[76.85054,28.48402]]}},{"type":"Feature","properties":{"name":"Delhi Western Peripheral Expressway","highway":"motorway","policy":"truck entry 23:00-07:00 (CAQM/MCD rule)"},"geometry":{"type":"LineString","coordinates":[[76.85427,28.47663],[76.85423,28.47674]]}},{"type":"Feature","properties":{"name":"Delhi Western Peripheral Expressway","highway":"motorway","policy":"truck entry 23:00-07:00 (CAQM/MCD rule)"},"geometry":{"type":"LineString","coordinates":[[76.85443,28.47681],[76.85447,28.47669]]}},{"type":"Feature","properties":{"name":"Delhi Western Peripheral Expressway","highway":"motorway","policy":"truck entry 23:00-07:00 (CAQM/MCD rule)"},"geometry":{"type":"LineString","coordinates":[[76.8507,28.48409],[76.85146,28.48269],[76.85281,28.48014],[76.85362,28.47862],[76.85397,28.4779],[76.85443,28.47681]]}},{"type":"Feature","properties":{"name":"Delhi-Gurugram Expressway","highway":"motorway","policy":"truck entry 23:00-07:00 (CAQM/MCD rule)"},"geometry":{"type":"LineString","coordinates":[[77.10726,28.53339],[77.10743,28.53348],[77.1087,28.53412],[77.10912,28.53435],[77.11075,28.53518],[77.11096,28.53528],[77.11143,28.53551],[77.11252,28.53604],[77.11485,28.5373],[77.11529,28.53758],[77.11561,28.53785],[77.1159,28.53815],[77.11613,28.5385],[77.11658,28.53929]]}},{"type":"Feature","properties":{"name":"Anuvrat Marg","highway":"trunk","policy":"truck entry 23:00-07:00 (CAQM/MCD rule)"},"geometry":{"type":"LineString","coordinates":[[77.19018,28.52345],[77.19015,28.52331],[77.19,28.52286]]}},{"type":"Feature","properties":{"name":"Aurobindo Marg","highway":"trunk","policy":"truck entry 23:00-07:00 (CAQM/MCD rule)"},"geometry":{"type":"LineString","coordinates":[[77.19484,28.53173],[77.19478,28.53167]]}},{"type":"Feature","properties":{"name":"Delhi Eastern Peripheral Expressway","highway":"motorway","policy":"truck entry 23:00-07:00 (CAQM/MCD rule)"},"geometry":{"type":"LineString","coordinates":[[77.28745,28.87885],[77.28506,28.8787],[77.28357,28.87859],[77.28275,28.87853],[77.28085,28.87838],[77.27939,28.87825],[77.27774,28.87814],[77.27653,28.87801],[77.27421,28.87784],[77.27157,28.87761],[77.27023,28.87749],[77.26854,28.87737],[77.26683,28.87724],[77.26529,28.87711],[77.26393,28.87701],[77.26212,28.87688],[77.26026,28.87672],[77.25747,28.87651],[77.2568,28.87645],[77.25519,28.87632],[77.25408,28.87632],[77.2537,28.87633],[77.25257,28.87638],[77.25122,28.87645]]}},{"type":"Feature","properties":{"name":"Delhi Eastern Peripheral Expressway","highway":"motorway","policy":"truck entry 23:00-07:00 (CAQM/MCD rule)"},"geometry":{"type":"LineString","coordinates":[[77.24893,28.87676],[77.2472,28.87713],[77.24595,28.87743],[77.2447,28.87786],[77.24295,28.87858],[77.24204,28.87897],[77.24133,28.87929],[77.24061,28.87967],[77.23952,28.88028],[77.23846,28.88099],[77.23635,28.88265],[77.23442,28.88441],[77.23339,28.8853],[77.23258,28.88591],[77.23099,28.88701],[77.22989,28.88772]]}},{"type":"Feature","properties":{"name":"Urban Extension Road-II","highway":"trunk","policy":"truck entry 23:00-07:00 (CAQM/MCD rule)"},"geometry":{"type":"LineString","coordinates":[[77.00076,28.65483],[77.00115,28.65556],[77.00195,28.65694],[77.0031,28.6591]]}},{"type":"Feature","properties":{"name":"Urban Extension Road-II","highway":"trunk","policy":"truck entry 23:00-07:00 (CAQM/MCD rule)"},"geometry":{"type":"LineString","coordinates":[[77.00327,28.65908],[77.0021,28.65688],[77.00133,28.65554],[77.00091,28.65483]]}},{"type":"Feature","properties":{"name":"Aurobindo Marg","highway":"trunk","policy":"truck entry 23:00-07:00 (CAQM/MCD rule)"},"geometry":{"type":"LineString","coordinates":[[77.19737,28.53627],[77.19741,28.53633]]}},{"type":"Feature","properties":{"name":"freight corridor","highway":"trunk","policy":"truck entry 23:00-07:00 (CAQM/MCD rule)"},"geometry":{"type":"LineString","coordinates":[[77.25195,28.67322],[77.25187,28.67323],[77.2506,28.67342],[77.25045,28.67345],[77.2494,28.67361],[77.24917,28.67365],[77.24877,28.67369],[77.2466,28.6741],[77.24531,28.67428],[77.24447,28.67429],[77.24365,28.67419],[77.24308,28.67409],[77.24271,28.67398],[77.24232,28.67386],[77.24017,28.67305],[77.23886,28.67254],[77.23878,28.6725]]}},{"type":"Feature","properties":{"name":"Wazirabad Road","highway":"trunk","policy":"truck entry 23:00-07:00 (CAQM/MCD rule)"},"geometry":{"type":"LineString","coordinates":[[77.25958,28.70373],[77.25931,28.70377],[77.25902,28.70382],[77.25826,28.70403]]}},{"type":"Feature","properties":{"name":"Wazirabad Road","highway":"trunk","policy":"truck entry 23:00-07:00 (CAQM/MCD rule)"},"geometry":{"type":"LineString","coordinates":[[77.31524,28.69738],[77.31519,28.69739],[77.31511,28.6974],[77.31448,28.6975],[77.31292,28.6978],[77.31274,28.69783],[77.31245,28.69789],[77.30939,28.69844],[77.3084,28.69862],[77.30822,28.69866],[77.3075,28.69873],[77.30741,28.69874],[77.30539,28.69904]]}},{"type":"Feature","properties":{"name":"Delhi-Dehradun Expressway","highway":"motorway","policy":"truck entry 23:00-07:00 (CAQM/MCD rule)"},"geometry":{"type":"LineString","coordinates":[[77.26929,28.64156],[77.26935,28.64101]]}},{"type":"Feature","properties":{"name":"Delhi-Dehradun Expressway","highway":"motorway","policy":"truck entry 23:00-07:00 (CAQM/MCD rule)"},"geometry":{"type":"LineString","coordinates":[[77.26875,28.64715],[77.26878,28.64685]]}},{"type":"Feature","properties":{"name":"freight corridor","highway":"trunk","policy":"truck entry 23:00-07:00 (CAQM/MCD rule)"},"geometry":{"type":"LineString","coordinates":[[77.26319,28.67022],[77.26338,28.67018],[77.26363,28.6702],[77.26393,28.67023],[77.26455,28.67037],[77.26497,28.67052],[77.26514,28.67061],[77.26528,28.67066],[77.26541,28.6707],[77.26574,28.67082],[77.26596,28.67087]]}},{"type":"Feature","properties":{"name":"Delhi-Dehradun Expressway","highway":"motorway","policy":"truck entry 23:00-07:00 (CAQM/MCD rule)"},"geometry":{"type":"LineString","coordinates":[[77.2687,28.64617],[77.26867,28.64642]]}},{"type":"Feature","properties":{"name":"Delhi-Dehradun Expressway","highway":"trunk","policy":"truck entry 23:00-07:00 (CAQM/MCD rule)"},"geometry":{"type":"LineString","coordinates":[[77.27154,28.62793],[77.27133,28.62836]]}},{"type":"Feature","properties":{"name":"Delhi-Dehradun Expressway","highway":"trunk","policy":"truck entry 23:00-07:00 (CAQM/MCD rule)"},"geometry":{"type":"LineString","coordinates":[[77.27151,28.62835],[77.27171,28.62795]]}},{"type":"Feature","properties":{"name":"Delhi-Dehradun Expressway","highway":"trunk","policy":"truck entry 23:00-07:00 (CAQM/MCD rule)"},"geometry":{"type":"LineString","coordinates":[[77.2714,28.62887],[77.27141,28.62875],[77.27144,28.62862],[77.27147,28.62848],[77.27151,28.62835]]}},{"type":"Feature","properties":{"name":"Delhi-Dehradun Expressway","highway":"trunk","policy":"truck entry 23:00-07:00 (CAQM/MCD rule)"},"geometry":{"type":"LineString","coordinates":[[77.27133,28.62836],[77.27131,28.62844],[77.27129,28.62852],[77.27128,28.6286],[77.27128,28.62866],[77.27128,28.62872]]}},{"type":"Feature","properties":{"name":"Ring Road","highway":"trunk","policy":"truck entry 23:00-07:00 (CAQM/MCD rule)"},"geometry":{"type":"LineString","coordinates":[[77.25231,28.65016],[77.25282,28.64929],[77.2533,28.64845],[77.25336,28.64836],[77.25423,28.64699],[77.25512,28.64578],[77.2552,28.64568],[77.2553,28.64558],[77.25557,28.64532],[77.25571,28.64518],[77.25583,28.64506],[77.25621,28.64461],[77.25653,28.64415],[77.25672,28.64382],[77.25711,28.64299],[77.25752,28.64214],[77.25772,28.64174],[77.25785,28.64137],[77.2579,28.6411],[77.25794,28.64066]]}},{"type":"Feature","properties":{"name":"Sachivalaya Road Flyover","highway":"trunk","policy":"truck entry 23:00-07:00 (CAQM/MCD rule)"},"geometry":{"type":"LineString","coordinates":[[77.25625,28.63592],[77.25646,28.63654],[77.25694,28.63791],[77.25756,28.63968],[77.25763,28.63991]]}},{"type":"Feature","properties":{"name":"Sachivalaya Road Flyover","highway":"trunk","policy":"truck entry 23:00-07:00 (CAQM/MCD rule)"},"geometry":{"type":"LineString","coordinates":[[77.24695,28.63284],[77.24699,28.63332],[77.24701,28.63382]]}},{"type":"Feature","properties":{"name":"Mahatma Gandhi Marg","highway":"trunk","policy":"truck entry 23:00-07:00 (CAQM/MCD rule)"},"geometry":{"type":"LineString","coordinates":[[77.24709,28.63283],[77.24689,28.63195],[77.24689,28.63188],[77.2469,28.63082]]}},{"type":"Feature","properties":{"name":"Sachivalaya Road Flyover","highway":"trunk","policy":"truck entry 23:00-07:00 (CAQM/MCD rule)"},"geometry":{"type":"LineString","coordinates":[[77.25326,28.63529],[77.25362,28.63519],[77.25428,28.63496],[77.25482,28.63483],[77.25496,28.6348],[77.2551,28.6348],[77.25523,28.63481],[77.25537,28.63483],[77.2555,28.63488],[77.25562,28.63493],[77.25573,28.635],[77.25583,28.63509],[77.25592,28.63518],[77.25599,28.63529],[77.25604,28.6354],[77.25625,28.63592]]}},{"type":"Feature","properties":{"name":"Delhi - Meerut Expressway","highway":"motorway","policy":"truck entry 23:00-07:00 (CAQM/MCD rule)"},"geometry":{"type":"LineString","coordinates":[[77.29755,28.6206],[77.29619,28.62013],[77.28996,28.61802]]}},{"type":"Feature","properties":{"name":"Delhi-Dehradun Expressway","highway":"trunk","policy":"truck entry 23:00-07:00 (CAQM/MCD rule)"},"geometry":{"type":"LineString","coordinates":[[77.27163,28.62779],[77.27154,28.62793]]}},{"type":"Feature","properties":{"name":"Delhi Loni Road Flyover","highway":"trunk","policy":"truck entry 23:00-07:00 (CAQM/MCD rule)"},"geometry":{"type":"LineString","coordinates":[[77.29365,28.70076],[77.29446,28.70067]]}},{"type":"Feature","properties":{"name":"Wazirabad Road","highway":"trunk","policy":"truck entry 23:00-07:00 (CAQM/MCD rule)"},"geometry":{"type":"LineString","coordinates":[[77.28825,28.7014],[77.28887,28.70135]]}},{"type":"Feature","properties":{"name":"Wazirabad Road","highway":"trunk","policy":"truck entry 23:00-07:00 (CAQM/MCD rule)"},"geometry":{"type":"LineString","coordinates":[[77.27975,28.70223],[77.28168,28.70208]]}},{"type":"Feature","properties":{"name":"Burari Flyover","highway":"trunk","policy":"truck entry 23:00-07:00 (CAQM/MCD rule)"},"geometry":{"type":"LineString","coordinates":[[77.19481,28.72942],[77.19723,28.72879]]}},{"type":"Feature","properties":{"name":"Doctor KB Hedgewar Marg","highway":"trunk","policy":"truck entry 23:00-07:00 (CAQM/MCD rule)"},"geometry":{"type":"LineString","coordinates":[[77.17136,28.73635],[77.17659,28.73443],[77.17877,28.73361]]}},{"type":"Feature","properties":{"name":"Wazirabad Road","highway":"trunk","policy":"truck entry 23:00-07:00 (CAQM/MCD rule)"},"geometry":{"type":"LineString","coordinates":[[77.25831,28.70412],[77.25906,28.70393],[77.25932,28.70388],[77.25959,28.70385]]}},{"type":"Feature","properties":{"name":"freight corridor","highway":"trunk","policy":"truck entry 23:00-07:00 (CAQM/MCD rule)"},"geometry":{"type":"LineString","coordinates":[[77.23872,28.67264],[77.23886,28.67269],[77.24011,28.67318],[77.24232,28.67402],[77.24304,28.67423],[77.24371,28.67434],[77.24443,28.6744],[77.24513,28.6744],[77.24594,28.67431],[77.2481,28.67398],[77.24842,28.67395],[77.24872,28.67391],[77.24906,28.67385],[77.24929,28.67378],[77.25068,28.67354],[77.25072,28.67353],[77.25182,28.67337]]}},{"type":"Feature","properties":{"name":"Doctor KB Hedgewar Marg","highway":"trunk","policy":"truck entry 23:00-07:00 (CAQM/MCD rule)"},"geometry":{"type":"LineString","coordinates":[[77.22934,28.68048],[77.22938,28.67998]]}},{"type":"Feature","properties":{"name":"Mahatma Gandhi Marg","highway":"trunk","policy":"truck entry 23:00-07:00 (CAQM/MCD rule)"},"geometry":{"type":"LineString","coordinates":[[77.2294,28.67969],[77.22942,28.67956],[77.22943,28.67951],[77.22949,28.67918],[77.22961,28.67881]]}},{"type":"Feature","properties":{"name":"Doctor KB Hedgewar Marg","highway":"trunk","policy":"truck entry 23:00-07:00 (CAQM/MCD rule)"},"geometry":{"type":"LineString","coordinates":[[77.22769,28.70424],[77.22765,28.70396],[77.22757,28.7037]]}},{"type":"Feature","properties":{"name":"Burari Flyover","highway":"trunk","policy":"truck entry 23:00-07:00 (CAQM/MCD rule)"},"geometry":{"type":"LineString","coordinates":[[77.1988,28.72841],[77.20005,28.72814],[77.20068,28.728],[77.2012,28.72783],[77.2017,28.72768]]}},{"type":"Feature","properties":{"name":"Doctor KB Hedgewar Marg","highway":"trunk","policy":"truck entry 23:00-07:00 (CAQM/MCD rule)"},"geometry":{"type":"LineString","coordinates":[[77.18455,28.73185],[77.18703,28.73126]]}},{"type":"Feature","properties":{"name":"Doctor KB Hedgewar Marg","highway":"trunk","policy":"truck entry 23:00-07:00 (CAQM/MCD rule)"},"geometry":{"type":"LineString","coordinates":[[77.17927,28.73342],[77.18062,28.73293],[77.18081,28.73286],[77.1819,28.73254]]}},{"type":"Feature","properties":{"name":"Bhalswa Flyover","highway":"trunk","policy":"truck entry 23:00-07:00 (CAQM/MCD rule)"},"geometry":{"type":"LineString","coordinates":[[77.16395,28.73785],[77.16475,28.73784],[77.16541,28.73782],[77.166,28.73775],[77.16657,28.73767]]}},{"type":"Feature","properties":{"name":"Outer Ring Road","highway":"trunk","policy":"truck entry 23:00-07:00 (CAQM/MCD rule)"},"geometry":{"type":"LineString","coordinates":[[77.14921,28.73071],[77.15006,28.73121],[77.15046,28.73146]]}},{"type":"Feature","properties":{"name":"Outer Ring Road","highway":"trunk","policy":"truck entry 23:00-07:00 (CAQM/MCD rule)"},"geometry":{"type":"LineString","coordinates":[[77.13666,28.71045],[77.13684,28.71064],[77.13706,28.7109],[77.13736,28.7113],[77.13767,28.71173]]}},{"type":"Feature","properties":{"name":"Mangolpuri Flyover","highway":"trunk","policy":"truck entry 23:00-07:00 (CAQM/MCD rule)"},"geometry":{"type":"LineString","coordinates":[[77.11997,28.69833],[77.12175,28.69887],[77.12194,28.69894],[77.12285,28.6993]]}},{"type":"Feature","properties":{"name":"Mangolpuri Flyover","highway":"trunk","policy":"truck entry 23:00-07:00 (CAQM/MCD rule)"},"geometry":{"type":"LineString","coordinates":[[77.0958,28.68657],[77.09605,28.68794]]}},{"type":"Feature","properties":{"name":"Aurobindo Marg","highway":"trunk","policy":"truck entry 23:00-07:00 (CAQM/MCD rule)"},"geometry":{"type":"LineString","coordinates":[[77.19489,28.53201],[77.19532,28.53258]]}},{"type":"Feature","properties":{"name":"Aurobindo Marg","highway":"trunk","policy":"truck entry 23:00-07:00 (CAQM/MCD rule)"},"geometry":{"type":"LineString","coordinates":[[77.1973,28.53614],[77.19737,28.53627]]}},{"type":"Feature","properties":{"name":"Aurobindo Marg","highway":"trunk","policy":"truck entry 23:00-07:00 (CAQM/MCD rule)"},"geometry":{"type":"LineString","coordinates":[[77.19478,28.53167],[77.19462,28.5315]]}},{"type":"Feature","properties":{"name":"Aurobindo Marg","highway":"trunk","policy":"truck entry 23:00-07:00 (CAQM/MCD rule)"},"geometry":{"type":"LineString","coordinates":[[77.19457,28.53163],[77.19461,28.53167],[77.19473,28.53181],[77.19479,28.53188]]}},{"type":"Feature","properties":{"name":"Aurobindo Marg","highway":"trunk","policy":"truck entry 23:00-07:00 (CAQM/MCD rule)"},"geometry":{"type":"LineString","coordinates":[[77.19242,28.53016],[77.19254,28.53023],[77.19262,28.53028]]}},{"type":"Feature","properties":{"name":"Aurobindo Marg","highway":"trunk","policy":"truck entry 23:00-07:00 (CAQM/MCD rule)"},"geometry":{"type":"LineString","coordinates":[[77.18916,28.52772],[77.18968,28.52824],[77.18995,28.52851],[77.19017,28.5287],[77.19105,28.52928],[77.19237,28.53013],[77.19242,28.53016]]}},{"type":"Feature","properties":{"name":"Aurobindo Marg","highway":"trunk","policy":"truck entry 23:00-07:00 (CAQM/MCD rule)"},"geometry":{"type":"LineString","coordinates":[[77.19261,28.53016],[77.1925,28.53009]]}},{"type":"Feature","properties":{"name":"Aurobindo Marg","highway":"trunk","policy":"truck entry 23:00-07:00 (CAQM/MCD rule)"},"geometry":{"type":"LineString","coordinates":[[77.19271,28.53021],[77.19266,28.53018],[77.19261,28.53016]]}},{"type":"Feature","properties":{"name":"Doctor KB Hedgewar Marg","highway":"trunk","policy":"truck entry 23:00-07:00 (CAQM/MCD rule)"},"geometry":{"type":"LineString","coordinates":[[77.22726,28.69692],[77.22728,28.6967],[77.2273,28.69661],[77.22732,28.69649]]}},{"type":"Feature","properties":{"name":"Doctor KB Hedgewar Marg","highway":"trunk","policy":"truck entry 23:00-07:00 (CAQM/MCD rule)"},"geometry":{"type":"LineString","coordinates":[[77.22757,28.7037],[77.22755,28.70319],[77.22755,28.70304],[77.22755,28.70221],[77.22755,28.70165],[77.22752,28.70099],[77.22736,28.69844],[77.22731,28.69777],[77.22726,28.69692]]}},{"type":"Feature","properties":{"name":"Doctor KB Hedgewar Marg","highway":"trunk","policy":"truck entry 23:00-07:00 (CAQM/MCD rule)"},"geometry":{"type":"LineString","coordinates":[[77.22715,28.69692],[77.2272,28.69779],[77.22741,28.70091],[77.22741,28.701],[77.22741,28.70115],[77.22741,28.70233],[77.22743,28.7032]]}},{"type":"Feature","properties":{"name":"Doctor KB Hedgewar Marg","highway":"trunk","policy":"truck entry 23:00-07:00 (CAQM/MCD rule)"},"geometry":{"type":"LineString","coordinates":[[77.22718,28.69647],[77.22714,28.69664],[77.22714,28.69672],[77.22715,28.69692]]}},{"type":"Feature","properties":{"name":"Doctor KB Hedgewar Marg","highway":"trunk","policy":"truck entry 23:00-07:00 (CAQM/MCD rule)"},"geometry":{"type":"LineString","coordinates":[[77.22938,28.67998],[77.2294,28.67979]]}},{"type":"Feature","properties":{"name":"Doctor KB Hedgewar Marg","highway":"trunk","policy":"truck entry 23:00-07:00 (CAQM/MCD rule)"},"geometry":{"type":"LineString","coordinates":[[77.22929,28.67981],[77.22928,28.67999]]}},{"type":"Feature","properties":{"name":"Shastri Park Flyover","highway":"trunk","policy":"truck entry 23:00-07:00 (CAQM/MCD rule)"},"geometry":{"type":"LineString","coordinates":[[77.25529,28.6728],[77.25618,28.67265]]}},{"type":"Feature","properties":{"name":"Shastri Park Flyover","highway":"trunk","policy":"truck entry 23:00-07:00 (CAQM/MCD rule)"},"geometry":{"type":"LineString","coordinates":[[77.25498,28.67285],[77.25529,28.6728]]}},{"type":"Feature","properties":{"name":"Shastri Park Flyover","highway":"trunk","policy":"truck entry 23:00-07:00 (CAQM/MCD rule)"},"geometry":{"type":"LineString","coordinates":[[77.25612,28.67254],[77.25526,28.67269]]}},{"type":"Feature","properties":{"name":"Hindon Elevated Road","highway":"motorway","policy":"truck entry 23:00-07:00 (CAQM/MCD rule)"},"geometry":{"type":"LineString","coordinates":[[77.39936,28.66782],[77.39925,28.6676],[77.39882,28.667],[77.39826,28.66644],[77.39764,28.66598],[77.39663,28.66544],[77.39559,28.66483],[77.39379,28.66392],[77.39229,28.66329],[77.39074,28.66266],[77.38474,28.66016],[77.38109,28.65865],[77.37903,28.6578],[77.37618,28.65667],[77.36937,28.65378],[77.36327,28.65122],[77.36235,28.65081],[77.35368,28.64719],[77.34961,28.64546],[77.34897,28.64509],[77.3483,28.64465],[77.34785,28.64428],[77.34737,28.64384],[77.34683,28.64322],[77.34515,28.64124],[77.34313,28.63883],[77.33953,28.63473],[77.33918,28.63434],[77.33898,28.63413],[77.33876,28.63392],[77.33855,28.63372],[77.33831,28.63352],[77.33807,28.63333]]}},{"type":"Feature","properties":{"name":"Grand Trunk Road","highway":"trunk","policy":"truck entry 23:00-07:00 (CAQM/MCD rule)"},"geometry":{"type":"LineString","coordinates":[[77.1338,28.81855],[77.13369,28.81892]]}},{"type":"Feature","properties":{"name":"Grand Trunk Road","highway":"trunk","policy":"truck entry 23:00-07:00 (CAQM/MCD rule)"},"geometry":{"type":"LineString","coordinates":[[77.13393,28.81906],[77.13405,28.8187]]}},{"type":"Feature","properties":{"name":"Grand Trunk Road","highway":"trunk","policy":"truck entry 23:00-07:00 (CAQM/MCD rule)"},"geometry":{"type":"LineString","coordinates":[[77.13448,28.81733],[77.13514,28.81547],[77.13605,28.81249],[77.13627,28.8117],[77.13638,28.81135],[77.13683,28.81042],[77.13722,28.80992],[77.13732,28.80979],[77.13768,28.80934],[77.13841,28.80864],[77.13905,28.80812],[77.13973,28.80756],[77.14002,28.80734],[77.14088,28.80662],[77.14146,28.80599]]}},{"type":"Feature","properties":{"name":"Grand Trunk Road","highway":"trunk","policy":"truck entry 23:00-07:00 (CAQM/MCD rule)"},"geometry":{"type":"LineString","coordinates":[[77.13369,28.81892],[77.1333,28.82028],[77.13214,28.82403],[77.13061,28.82913],[77.12965,28.83235],[77.12954,28.83269]]}},{"type":"Feature","properties":{"name":"National Highway 24 Bypass","highway":"trunk","policy":"truck entry 23:00-07:00 (CAQM/MCD rule)"},"geometry":{"type":"LineString","coordinates":[[77.32164,28.62897],[77.32171,28.62899],[77.32203,28.6291],[77.32224,28.62918],[77.32244,28.62925],[77.32286,28.62936],[77.3231,28.62943]]}},{"type":"Feature","properties":{"name":"freight corridor","highway":"trunk","policy":"truck entry 23:00-07:00 (CAQM/MCD rule)"},"geometry":{"type":"LineString","coordinates":[[77.32302,28.62891],[77.3226,28.62877],[77.32214,28.62861]]}},{"type":"Feature","properties":{"name":"Barapullah Road Flyover","highway":"trunk","policy":"truck entry 23:00-07:00 (CAQM/MCD rule)"},"geometry":{"type":"LineString","coordinates":[[77.21996,28.57689],[77.2207,28.57739],[77.22114,28.57774],[77.2213,28.57792],[77.2214,28.57805]]}},{"type":"Feature","properties":{"name":"Barapullah Road Flyover","highway":"trunk","policy":"truck entry 23:00-07:00 (CAQM/MCD rule)"},"geometry":{"type":"LineString","coordinates":[[77.22002,28.57682],[77.21781,28.57537],[77.21569,28.57395],[77.2151,28.57357],[77.2149,28.57346],[77.21464,28.57335],[77.21428,28.57327],[77.21368,28.57317],[77.2129,28.57313],[77.2116,28.57311],[77.21142,28.57304],[77.20986,28.57302],[77.20967,28.57299]]}},{"type":"Feature","properties":{"name":"Barapullah Road Flyover","highway":"trunk","policy":"truck entry 23:00-07:00 (CAQM/MCD rule)"},"geometry":{"type":"LineString","coordinates":[[77.21072,28.57322],[77.2112,28.57322],[77.21163,28.57322],[77.21195,28.57323],[77.213,28.57323],[77.21343,28.57325],[77.21388,28.57329],[77.21423,28.57334],[77.21442,28.57337],[77.21461,28.57342],[77.21483,28.57352],[77.21507,28.57366],[77.21534,28.57382],[77.21565,28.57403],[77.21587,28.57417],[77.21621,28.5744],[77.2167,28.57472],[77.21699,28.57492],[77.2171,28.57499],[77.21767,28.57537],[77.21853,28.57593],[77.21924,28.5764],[77.21996,28.57689]]}},{"type":"Feature","properties":{"name":"Barapullah Road Flyover","highway":"trunk","policy":"truck entry 23:00-07:00 (CAQM/MCD rule)"},"geometry":{"type":"LineString","coordinates":[[77.20971,28.57324],[77.21072,28.57322]]}},{"type":"Feature","properties":{"name":"Delhi - Meerut Expressway","highway":"trunk","policy":"truck entry 23:00-07:00 (CAQM/MCD rule)"},"geometry":{"type":"LineString","coordinates":[[77.25617,28.59648],[77.25618,28.59656],[77.25621,28.59684],[77.25629,28.59718],[77.2564,28.59752],[77.25651,28.59776],[77.25666,28.59803],[77.25694,28.59836],[77.25729,28.59869],[77.25774,28.59902],[77.25828,28.5993],[77.25893,28.59959]]}},{"type":"Feature","properties":{"name":"Signature Bridge","highway":"trunk","policy":"truck entry 23:00-07:00 (CAQM/MCD rule)"},"geometry":{"type":"LineString","coordinates":[[77.23076,28.70636],[77.23096,28.7063],[77.23664,28.70458]]}},{"type":"Feature","properties":{"name":"Signature Bridge","highway":"trunk","policy":"truck entry 23:00-07:00 (CAQM/MCD rule)"},"geometry":{"type":"LineString","coordinates":[[77.23655,28.70444],[77.23091,28.70616],[77.23074,28.70621]]}},{"type":"Feature","properties":{"name":"Delhi-Gurugram Expressway","highway":"motorway","policy":"truck entry 23:00-07:00 (CAQM/MCD rule)"},"geometry":{"type":"LineString","coordinates":[[77.09373,28.51064],[77.09404,28.51],[77.09438,28.50933],[77.09463,28.50886],[77.09474,28.50862]]}},{"type":"Feature","properties":{"name":"Delhi-Gurugram Expressway","highway":"motorway","policy":"truck entry 23:00-07:00 (CAQM/MCD rule)"},"geometry":{"type":"LineString","coordinates":[[77.09466,28.50536],[77.09479,28.50571],[77.09488,28.50607],[77.09495,28.50655],[77.09497,28.50697],[77.09492,28.50742],[77.09488,28.50753]]}},{"type":"Feature","properties":{"name":"Delhi-Gurugram Expressway","highway":"motorway","policy":"truck entry 23:00-07:00 (CAQM/MCD rule)"},"geometry":{"type":"LineString","coordinates":[[77.09486,28.50528],[77.09467,28.50492],[77.09372,28.50372],[77.09321,28.50307],[77.09315,28.503],[77.09244,28.5021],[77.09145,28.50096],[77.08879,28.4981],[77.08868,28.49799]]}},{"type":"Feature","properties":{"name":"Delhi-Gurugram Expressway","highway":"motorway","policy":"truck entry 23:00-07:00 (CAQM/MCD rule)"},"geometry":{"type":"LineString","coordinates":[[77.09461,28.50811],[77.09455,28.50824],[77.09425,28.50876],[77.09414,28.50895],[77.09402,28.50916],[77.09341,28.51018],[77.09301,28.51099],[77.09279,28.51185]]}},{"type":"Feature","properties":{"name":"freight corridor","highway":"trunk","policy":"truck entry 23:00-07:00 (CAQM/MCD rule)"},"geometry":{"type":"LineString","coordinates":[[77.00955,28.43617],[77.00939,28.43627],[77.0091,28.43643],[77.00836,28.43683],[77.00727,28.43752],[77.00719,28.43767]]}},{"type":"Feature","properties":{"name":"freight corridor","highway":"trunk","policy":"truck entry 23:00-07:00 (CAQM/MCD rule)"},"geometry":{"type":"LineString","coordinates":[[77.00727,28.43775],[77.00747,28.43772],[77.00753,28.43768],[77.00759,28.43764],[77.00807,28.43733],[77.00825,28.43722],[77.00861,28.43699],[77.00899,28.43675],[77.00943,28.4365],[77.00978,28.43631]]}},{"type":"Feature","properties":{"name":"freight corridor","highway":"trunk","policy":"truck entry 23:00-07:00 (CAQM/MCD rule)"},"geometry":{"type":"LineString","coordinates":[[77.00996,28.43589],[77.00985,28.43596],[77.00955,28.43617]]}},{"type":"Feature","properties":{"name":"freight corridor","highway":"trunk","policy":"truck entry 23:00-07:00 (CAQM/MCD rule)"},"geometry":{"type":"LineString","coordinates":[[77.00978,28.43631],[77.01017,28.4361],[77.01033,28.43601],[77.01063,28.43584],[77.01077,28.43575]]}},{"type":"Feature","properties":{"name":"Mehrauli Gurgaon Road","highway":"trunk","policy":"truck entry 23:00-07:00 (CAQM/MCD rule)"},"geometry":{"type":"LineString","coordinates":[[77.06902,28.47766],[77.06969,28.47778],[77.06991,28.47783],[77.07048,28.47794],[77.07074,28.47799],[77.07096,28.47802],[77.07155,28.47813],[77.07199,28.4782],[77.07237,28.47827],[77.07257,28.47831],[77.07273,28.47834],[77.07422,28.47864],[77.07491,28.47879],[77.07613,28.47902],[77.07697,28.47918],[77.07778,28.47931]]}},{"type":"Feature","properties":{"name":"Aurobindo Marg","highway":"trunk","policy":"truck entry 23:00-07:00 (CAQM/MCD rule)"},"geometry":{"type":"LineString","coordinates":[[77.20153,28.54502],[77.20204,28.54588],[77.20243,28.5466],[77.20281,28.54731],[77.20305,28.5479],[77.2034,28.54896],[77.20358,28.54954],[77.20392,28.55062],[77.204,28.55086],[77.20403,28.55096],[77.20415,28.55123],[77.20436,28.55171],[77.20465,28.55236],[77.20489,28.55287],[77.20518,28.55338],[77.20519,28.55342],[77.20524,28.55353],[77.20526,28.55364],[77.2053,28.55374]]}},{"type":"Feature","properties":{"name":"Anuvrat Marg","highway":"trunk","policy":"truck entry 23:00-07:00 (CAQM/MCD rule)"},"geometry":{"type":"LineString","coordinates":[[77.18343,28.51142],[77.18324,28.51139]]}},{"type":"Feature","properties":{"name":"Anuvrat Marg","highway":"trunk","policy":"truck entry 23:00-07:00 (CAQM/MCD rule)"},"geometry":{"type":"LineString","coordinates":[[77.19,28.52286],[77.18981,28.52212],[77.1897,28.52145],[77.18968,28.52106],[77.18966,28.52068],[77.18957,28.51975],[77.18941,28.51816],[77.189,28.5173],[77.1883,28.51607],[77.18766,28.51543],[77.18714,28.51489],[77.18688,28.51461],[77.18666,28.51435],[77.18635,28.51401],[77.18555,28.51309],[77.18551,28.51304],[77.1854,28.51293],[77.18463,28.51209],[77.18442,28.51184],[77.18439,28.5118],[77.18416,28.51163],[77.18372,28.51149],[77.18343,28.51142]]}},{"type":"Feature","properties":{"name":"Aurobindo Marg","highway":"trunk","policy":"truck entry 23:00-07:00 (CAQM/MCD rule)"},"geometry":{"type":"LineString","coordinates":[[77.20747,28.56572],[77.20747,28.56573],[77.20755,28.56629],[77.20757,28.56637],[77.20763,28.5666],[77.20764,28.56662],[77.20771,28.56689],[77.20781,28.56727],[77.20783,28.56737]]}},{"type":"Feature","properties":{"name":"Aurobindo Marg","highway":"trunk","policy":"truck entry 23:00-07:00 (CAQM/MCD rule)"},"geometry":{"type":"LineString","coordinates":[[77.20817,28.5681],[77.20808,28.5678],[77.20802,28.56758],[77.20786,28.56691],[77.20785,28.56686],[77.20772,28.56634],[77.20771,28.56631],[77.20759,28.56573]]}},{"type":"Feature","properties":{"name":"Dwarka Expressway","highway":"motorway","policy":"truck entry 23:00-07:00 (CAQM/MCD rule)"},"geometry":{"type":"LineString","coordinates":[[76.97009,28.4175],[76.97046,28.41745],[76.97071,28.41741],[76.97092,28.41736],[76.97123,28.41727],[76.97158,28.41714],[76.97185,28.41702],[76.97224,28.41681],[76.97296,28.41642],[76.97377,28.41599],[76.97486,28.41536],[76.97656,28.4144],[76.97776,28.41372],[76.97842,28.4133],[76.98085,28.41161],[76.98152,28.41118],[76.98236,28.41069],[76.98318,28.41024],[76.9838,28.40988]]}},{"type":"Feature","properties":{"name":"Dwarka Expressway","highway":"motorway","policy":"truck entry 23:00-07:00 (CAQM/MCD rule)"},"geometry":{"type":"LineString","coordinates":[[77.03622,28.53717],[77.03618,28.53708],[77.03613,28.53694],[77.03604,28.53664],[77.03569,28.53505],[77.03554,28.53369],[77.03533,28.53233],[77.03512,28.53182],[77.03484,28.53136],[77.03455,28.53084],[77.03421,28.53049]]}},{"type":"Feature","properties":{"name":"Mathura Road","highway":"trunk","policy":"truck entry 23:00-07:00 (CAQM/MCD rule)"},"geometry":{"type":"LineString","coordinates":[[77.26727,28.56021],[77.26716,28.56039],[77.26709,28.56053],[77.26704,28.56061],[77.267,28.56066],[77.26694,28.56075],[77.26579,28.5623],[77.26571,28.5624],[77.26566,28.56246],[77.26549,28.5627],[77.26536,28.56289],[77.26504,28.56331],[77.2649,28.5635],[77.26468,28.56379],[77.26465,28.56383],[77.26461,28.56388],[77.26455,28.56397],[77.26451,28.56403],[77.26416,28.56449],[77.26333,28.56561],[77.26308,28.56594],[77.26169,28.5678],[77.26062,28.56925],[77.25963,28.57053],[77.25933,28.57081],[77.25891,28.57146],[77.25862,28.57183]]}},{"type":"Feature","properties":{"name":"Mehrauli Gurgaon Road","highway":"trunk","policy":"truck entry 23:00-07:00 (CAQM/MCD rule)"},"geometry":{"type":"LineString","coordinates":[[77.09444,28.48158],[77.09432,28.48156],[77.09414,28.48148],[77.0939,28.4814],[77.09385,28.48139],[77.09249,28.48107],[77.09239,28.48105],[77.09203,28.48096],[77.09139,28.48086]]}},{"type":"Feature","properties":{"name":"Urban Extension Road-II","highway":"trunk","policy":"truck entry 23:00-07:00 (CAQM/MCD rule)"},"geometry":{"type":"LineString","coordinates":[[76.99865,28.61641],[76.99861,28.61373],[76.99861,28.61226],[76.99867,28.61183],[76.99874,28.61157],[76.99888,28.61125],[76.99908,28.61098],[76.99925,28.61077],[76.99954,28.61049],[76.99971,28.61038],[77.0,28.61026],[77.00035,28.61011],[77.00067,28.61003],[77.00168,28.60982],[77.00255,28.60965],[77.0033,28.60954],[77.00639,28.6095],[77.00671,28.60945],[77.00722,28.60928],[77.00766,28.60912],[77.00813,28.60884],[77.00849,28.60856],[77.00882,28.60817],[77.00907,28.60777],[77.00922,28.60734],[77.0093,28.60687],[77.00931,28.60634],[77.00929,28.60575],[77.00926,28.60436],[77.00926,28.60147]]}},{"type":"Feature","properties":{"name":"Urban Extension Road-II","highway":"trunk","policy":"truck entry 23:00-07:00 (CAQM/MCD rule)"},"geometry":{"type":"LineString","coordinates":[[77.00911,28.60149],[77.00911,28.60439],[77.00915,28.60524],[77.00918,28.60646],[77.00915,28.6069],[77.00906,28.60738],[77.00886,28.6078],[77.00862,28.60817],[77.00832,28.60853],[77.00787,28.60885],[77.00738,28.60913],[77.00673,28.60937],[77.00641,28.60939],[77.00327,28.6094],[77.00279,28.60947],[77.00125,28.60977],[77.00032,28.61],[76.99992,28.61017],[76.99956,28.61035],[76.9992,28.61063],[76.99897,28.61087],[76.99877,28.61117],[76.99863,28.61149],[76.99852,28.61181],[76.99847,28.61223],[76.99847,28.6128],[76.9985,28.6164]]}},{"type":"Feature","properties":{"name":"Dwarka Expressway","highway":"motorway","policy":"truck entry 23:00-07:00 (CAQM/MCD rule)"},"geometry":{"type":"LineString","coordinates":[[77.03403,28.53062],[77.03418,28.531],[77.03431,28.53126],[77.0346,28.53181],[77.0348,28.53236],[77.035,28.53427],[77.03516,28.53513],[77.03593,28.53698],[77.03601,28.53723]]}},{"type":"Feature","properties":{"name":"Dwarka Expressway","highway":"motorway","policy":"truck entry 23:00-07:00 (CAQM/MCD rule)"},"geometry":{"type":"LineString","coordinates":[[76.96169,28.45021],[76.96148,28.44951],[76.96129,28.4488],[76.96108,28.4479],[76.96093,28.44719],[76.96082,28.44657]]}},{"type":"Feature","properties":{"name":"Rao Tula Ram Flyover","highway":"trunk","policy":"truck entry 23:00-07:00 (CAQM/MCD rule)"},"geometry":{"type":"LineString","coordinates":[[77.1698,28.56057],[77.16937,28.56085],[77.16884,28.56142],[77.16838,28.56197],[77.16808,28.5624],[77.16756,28.5634],[77.16721,28.56407],[77.16696,28.56462],[77.16676,28.56513],[77.16667,28.56536],[77.16651,28.56569],[77.16617,28.5662],[77.16585,28.56665],[77.16563,28.56698],[77.16522,28.56746],[77.16464,28.56827],[77.16397,28.56915],[77.16366,28.56961],[77.16295,28.57067],[77.162,28.572],[77.16171,28.57242],[77.16123,28.5731],[77.16087,28.57363],[77.16045,28.57421],[77.16039,28.57429],[77.16022,28.57452],[77.15996,28.57482],[77.15989,28.5749],[77.15972,28.57506],[77.15945,28.57527],[77.15923,28.5754],[77.15893,28.57554],[77.1587,28.57563],[77.15841,28.57571],[77.1581,28.57577],[77.15779,28.57579],[77.15748,28.57579],[77.15716,28.57576],[77.15687,28.5757],[77.15652,28.5756],[77.15624,28.57549],[77.15594,28.57538],[77.15567,28.57527],[77.15363,28.57445]]}},{"type":"Feature","properties":{"name":"Okhla Estate Marg Flyover","highway":"trunk","policy":"truck entry 23:00-07:00 (CAQM/MCD rule)"},"geometry":{"type":"LineString","coordinates":[[77.2858,28.53467],[77.28681,28.53258]]}},{"type":"Feature","properties":{"name":"Barapullah Road","highway":"trunk","policy":"truck entry 23:00-07:00 (CAQM/MCD rule)"},"geometry":{"type":"LineString","coordinates":[[77.22963,28.57964],[77.22977,28.57964],[77.23057,28.57963],[77.23172,28.57964],[77.23174,28.57964],[77.2318,28.57964],[77.2319,28.57964],[77.23193,28.57964],[77.23212,28.57965],[77.23296,28.57966],[77.23405,28.57969]]}},{"type":"Feature","properties":{"name":"Barapullah Road Flyover","highway":"trunk","policy":"truck entry 23:00-07:00 (CAQM/MCD rule)"},"geometry":{"type":"LineString","coordinates":[[77.2276,28.57962],[77.22694,28.5797],[77.22633,28.57973],[77.22534,28.57982],[77.22513,28.57983],[77.22452,28.57982],[77.22401,28.57977],[77.22351,28.57969],[77.22316,28.57963],[77.22284,28.5795],[77.22259,28.57933]]}},{"type":"Feature","properties":{"name":"Delhi-Gurugram Expressway","highway":"motorway","policy":"truck entry 23:00-07:00 (CAQM/MCD rule)"},"geometry":{"type":"LineString","coordinates":[[77.06376,28.47365],[77.06323,28.47322]]}},{"type":"Feature","properties":{"name":"Mehrauli Gurgaon Road","highway":"trunk","policy":"truck entry 23:00-07:00 (CAQM/MCD rule)"},"geometry":{"type":"LineString","coordinates":[[77.09493,28.48426],[77.09498,28.48437],[77.09503,28.48455],[77.09507,28.4847],[77.09516,28.4848],[77.09529,28.48482],[77.09534,28.48483],[77.09552,28.48482],[77.09577,28.48472],[77.096,28.48464]]}},{"type":"Feature","properties":{"name":"Nizamuddin Road Flyover","highway":"trunk","policy":"truck entry 23:00-07:00 (CAQM/MCD rule)"},"geometry":{"type":"LineString","coordinates":[[77.25718,28.59314],[77.25626,28.59569]]}},{"type":"Feature","properties":{"name":"Nizamuddin Road Flyover","highway":"trunk","policy":"truck entry 23:00-07:00 (CAQM/MCD rule)"},"geometry":{"type":"LineString","coordinates":[[77.25749,28.59243],[77.25718,28.59314]]}},{"type":"Feature","properties":{"name":"Mahatma Gandhi Marg","highway":"trunk","policy":"truck entry 23:00-07:00 (CAQM/MCD rule)"},"geometry":{"type":"LineString","coordinates":[[77.25031,28.61516],[77.25096,28.61311],[77.25105,28.6128]]}},{"type":"Feature","properties":{"name":"Mahatma Gandhi Marg","highway":"trunk","policy":"truck entry 23:00-07:00 (CAQM/MCD rule)"},"geometry":{"type":"LineString","coordinates":[[77.25105,28.6128],[77.25124,28.61219],[77.25139,28.61175],[77.2515,28.61144],[77.25182,28.61057],[77.2524,28.60897],[77.25244,28.60885],[77.25256,28.60848],[77.25385,28.60444],[77.25468,28.60153]]}},{"type":"Feature","properties":{"name":"Ring Road","highway":"trunk","policy":"truck entry 23:00-07:00 (CAQM/MCD rule)"},"geometry":{"type":"LineString","coordinates":[[77.24858,28.6578],[77.24862,28.65685],[77.24869,28.65638],[77.24881,28.65593],[77.24902,28.65553],[77.24922,28.65505],[77.24942,28.65463],[77.24975,28.65404],[77.25061,28.65278],[77.25115,28.65199],[77.25145,28.65152],[77.25198,28.65072],[77.25231,28.65016]]}},{"type":"Feature","properties":{"name":"Mahatma Gandhi Marg","highway":"trunk","policy":"truck entry 23:00-07:00 (CAQM/MCD rule)"},"geometry":{"type":"LineString","coordinates":[[77.22934,28.67928],[77.22931,28.67959],[77.2293,28.6797],[77.22929,28.67981]]}},{"type":"Feature","properties":{"name":"freight corridor","highway":"trunk","policy":"truck entry 23:00-07:00 (CAQM/MCD rule)"},"geometry":{"type":"LineString","coordinates":[[77.25637,28.59647],[77.2566,28.59574],[77.25674,28.59508]]}},{"type":"Feature","properties":{"name":"Flyover","highway":"trunk","policy":"truck entry 23:00-07:00 (CAQM/MCD rule)"},"geometry":{"type":"LineString","coordinates":[[77.27602,28.60676],[77.27533,28.60644],[77.27388,28.60579],[77.2731,28.60543]]}},{"type":"Feature","properties":{"name":"NH24 Bypass","highway":"trunk","policy":"truck entry 23:00-07:00 (CAQM/MCD rule)"},"geometry":{"type":"LineString","coordinates":[[77.27001,28.60393],[77.26957,28.60372],[77.26901,28.60345],[77.2687,28.6033],[77.26797,28.60296]]}},{"type":"Feature","properties":{"name":"Flyover","highway":"trunk","policy":"truck entry 23:00-07:00 (CAQM/MCD rule)"},"geometry":{"type":"LineString","coordinates":[[77.29186,28.61901],[77.2932,28.61943],[77.29501,28.62],[77.29695,28.62067],[77.29743,28.62083]]}},{"type":"Feature","properties":{"name":"Flyover","highway":"trunk","policy":"truck entry 23:00-07:00 (CAQM/MCD rule)"},"geometry":{"type":"LineString","coordinates":[[77.27289,28.60576],[77.27581,28.60707]]}},{"type":"Feature","properties":{"name":"NH24 Bypass","highway":"trunk","policy":"truck entry 23:00-07:00 (CAQM/MCD rule)"},"geometry":{"type":"LineString","coordinates":[[77.28195,28.61268],[77.28239,28.61319],[77.28303,28.61403]]}},{"type":"Feature","properties":{"name":"Delhi - Meerut Expressway","highway":"trunk","policy":"truck entry 23:00-07:00 (CAQM/MCD rule)"},"geometry":{"type":"LineString","coordinates":[[77.26053,28.59948],[77.25879,28.59873],[77.25788,28.5984],[77.25722,28.59813],[77.25692,28.59791],[77.25667,28.59768],[77.25647,28.5973],[77.25641,28.59714],[77.25637,28.597],[77.25637,28.59647]]}},{"type":"Feature","properties":{"name":"Delhi - Meerut Expressway","highway":"trunk","policy":"truck entry 23:00-07:00 (CAQM/MCD rule)"},"geometry":{"type":"LineString","coordinates":[[77.26601,28.60194],[77.2659,28.60189],[77.26053,28.59948]]}},{"type":"Feature","properties":{"name":"NH24 Bypass","highway":"trunk","policy":"truck entry 23:00-07:00 (CAQM/MCD rule)"},"geometry":{"type":"LineString","coordinates":[[77.26772,28.60349],[77.26808,28.60368],[77.26999,28.6045]]}},{"type":"Feature","properties":{"name":"Delhi - Meerut Expressway","highway":"trunk","policy":"truck entry 23:00-07:00 (CAQM/MCD rule)"},"geometry":{"type":"LineString","coordinates":[[77.2656,28.6026],[77.26608,28.60281],[77.26698,28.6032]]}},{"type":"Feature","properties":{"name":"Loni Road","highway":"trunk","policy":"truck entry 23:00-07:00 (CAQM/MCD rule)"},"geometry":{"type":"LineString","coordinates":[[77.29208,28.68655],[77.29206,28.68663]]}},{"type":"Feature","properties":{"name":"Loni Road","highway":"trunk","policy":"truck entry 23:00-07:00 (CAQM/MCD rule)"},"geometry":{"type":"LineString","coordinates":[[77.29214,28.68665],[77.29214,28.68664],[77.29216,28.68656]]}},{"type":"Feature","properties":{"name":"Aurobindo Marg","highway":"trunk","policy":"truck entry 23:00-07:00 (CAQM/MCD rule)"},"geometry":{"type":"LineString","coordinates":[[77.2013,28.54458],[77.20143,28.54486]]}},{"type":"Feature","properties":{"name":"Aurobindo Marg","highway":"trunk","policy":"truck entry 23:00-07:00 (CAQM/MCD rule)"},"geometry":{"type":"LineString","coordinates":[[77.20194,28.54547],[77.20179,28.54522],[77.20167,28.54501],[77.20166,28.54499],[77.20156,28.54482]]}},{"type":"Feature","properties":{"name":"Loni Road","highway":"trunk","policy":"truck entry 23:00-07:00 (CAQM/MCD rule)"},"geometry":{"type":"LineString","coordinates":[[77.29206,28.68663],[77.29204,28.68681],[77.29204,28.68702],[77.29203,28.68732],[77.29202,28.68765],[77.29201,28.68768],[77.292,28.68772],[77.292,28.68785],[77.29199,28.68813],[77.29198,28.68816],[77.29198,28.68819],[77.29197,28.68833],[77.29195,28.68852],[77.2919,28.68918],[77.29189,28.68927],[77.29189,28.68936],[77.29189,28.68947],[77.29189,28.68953],[77.2919,28.68979],[77.29189,28.69006],[77.29188,28.6906],[77.29187,28.6908],[77.29184,28.69172],[77.29183,28.69213],[77.29183,28.6922],[77.29182,28.69226],[77.29181,28.69296],[77.29178,28.69348],[77.29178,28.69398],[77.29175,28.69485],[77.29174,28.6953],[77.29172,28.69576],[77.29172,28.69582],[77.29171,28.69604],[77.29171,28.69611],[77.29169,28.69689],[77.29168,28.69705],[77.29166,28.69792],[77.29165,28.69824],[77.29161,28.69937],[77.29158,28.70027],[77.29158,28.7004],[77.29155,28.70085],[77.29156,28.70108],[77.29155,28.70143],[77.29152,28.70234],[77.29151,28.70271]]}},{"type":"Feature","properties":{"name":"Aurobindo Marg","highway":"trunk","policy":"truck entry 23:00-07:00 (CAQM/MCD rule)"},"geometry":{"type":"LineString","coordinates":[[77.19714,28.53582],[77.1973,28.53614]]}},{"type":"Feature","properties":{"name":"Mehrauli Gurgaon Road","highway":"trunk","policy":"truck entry 23:00-07:00 (CAQM/MCD rule)"},"geometry":{"type":"LineString","coordinates":[[77.1747,28.50572],[77.1746,28.50563],[77.1738,28.50488],[77.17297,28.50417]]}},{"type":"Feature","properties":{"name":"Delhi - Meerut Expressway","highway":"motorway","policy":"truck entry 23:00-07:00 (CAQM/MCD rule)"},"geometry":{"type":"LineString","coordinates":[[77.31596,28.62672],[77.31396,28.62605]]}},{"type":"Feature","properties":{"name":"Loni Road","highway":"trunk","policy":"truck entry 23:00-07:00 (CAQM/MCD rule)"},"geometry":{"type":"LineString","coordinates":[[77.29219,28.68579],[77.2922,28.68566],[77.29219,28.68557],[77.29219,28.68555],[77.29221,28.68515],[77.29228,28.68388],[77.29232,28.68295],[77.29234,28.68256],[77.29236,28.68211],[77.29237,28.682],[77.29239,28.68158],[77.29242,28.68099],[77.29244,28.68063],[77.29244,28.68058],[77.29245,28.67978],[77.29246,28.67895],[77.29246,28.67885],[77.29246,28.67881],[77.29246,28.67863],[77.29247,28.67824],[77.29248,28.67815],[77.29247,28.67804],[77.29247,28.67792],[77.29247,28.67768],[77.29249,28.67752],[77.29248,28.67732],[77.29247,28.67726],[77.29246,28.67676],[77.29248,28.67658],[77.29244,28.67613],[77.29243,28.67598],[77.29242,28.67594],[77.29242,28.67589]]}},{"type":"Feature","properties":{"name":"Nand Nagari Flyover","highway":"trunk","policy":"truck entry 23:00-07:00 (CAQM/MCD rule)"},"geometry":{"type":"LineString","coordinates":[[77.29845,28.70003],[77.29892,28.69996],[77.29949,28.69986],[77.30021,28.69975],[77.3007,28.69967],[77.30105,28.69963],[77.30159,28.69957],[77.30198,28.69952],[77.30253,28.69946],[77.30494,28.6992]]}},{"type":"Feature","properties":{"name":"Nand Nagari Flyover","highway":"trunk","policy":"truck entry 23:00-07:00 (CAQM/MCD rule)"},"geometry":{"type":"LineString","coordinates":[[77.30525,28.69905],[77.30406,28.69919],[77.30104,28.69955],[77.30036,28.69963],[77.29948,28.69976],[77.29838,28.69995]]}},{"type":"Feature","properties":{"name":"Wazirabad Road","highway":"trunk","policy":"truck entry 23:00-07:00 (CAQM/MCD rule)"},"geometry":{"type":"LineString","coordinates":[[77.29811,28.69998],[77.29793,28.70001],[77.29708,28.70016],[77.29641,28.70028],[77.29588,28.70037],[77.29545,28.70045],[77.2949,28.70053]]}},{"type":"Feature","properties":{"name":"Wazirabad Road","highway":"trunk","policy":"truck entry 23:00-07:00 (CAQM/MCD rule)"},"geometry":{"type":"LineString","coordinates":[[77.30551,28.69913],[77.30626,28.69904],[77.30629,28.69904],[77.30751,28.69888],[77.30827,28.6988],[77.3084,28.69878],[77.30942,28.69858],[77.3114,28.69821],[77.31294,28.69792],[77.3131,28.69789],[77.31362,28.6978],[77.31475,28.69759],[77.31523,28.69751],[77.31551,28.69748],[77.31565,28.69748]]}},{"type":"Feature","properties":{"name":"Flyover","highway":"trunk","policy":"truck entry 23:00-07:00 (CAQM/MCD rule)"},"geometry":{"type":"LineString","coordinates":[[77.31197,28.62527],[77.30965,28.62454],[77.30957,28.62452],[77.30923,28.62441],[77.30895,28.62432],[77.30863,28.6242],[77.30855,28.62418],[77.30729,28.62373],[77.30695,28.62361],[77.30641,28.62343],[77.30305,28.62231]]}},{"type":"Feature","properties":{"name":"Delhi-Gurugram Expressway","highway":"motorway","policy":"truck entry 23:00-07:00 (CAQM/MCD rule)"},"geometry":{"type":"LineString","coordinates":[[77.07222,28.4808],[77.07053,28.47905],[77.06943,28.47811],[77.06829,28.47721],[77.06376,28.47365]]}},{"type":"Feature","properties":{"name":"Delhi-Gurugram Expressway","highway":"motorway","policy":"truck entry 23:00-07:00 (CAQM/MCD rule)"},"geometry":{"type":"LineString","coordinates":[[77.07208,28.4809],[77.07382,28.48274],[77.07419,28.48314],[77.07427,28.48323]]}},{"type":"Feature","properties":{"name":"Aurobindo Marg","highway":"trunk","policy":"truck entry 23:00-07:00 (CAQM/MCD rule)"},"geometry":{"type":"LineString","coordinates":[[77.20836,28.5688],[77.20817,28.5681]]}},{"type":"Feature","properties":{"name":"Mathura Road","highway":"trunk","policy":"truck entry 23:00-07:00 (CAQM/MCD rule)"},"geometry":{"type":"LineString","coordinates":[[77.25852,28.57246],[77.25864,28.57229],[77.2587,28.57221],[77.25931,28.57136],[77.25941,28.57122],[77.25957,28.57096],[77.25976,28.57058],[77.2604,28.56978],[77.26071,28.56936],[77.26136,28.5685],[77.2621,28.56746],[77.26303,28.56617],[77.26403,28.56486],[77.26426,28.56455],[77.26446,28.56429],[77.26454,28.56419]]}},{"type":"Feature","properties":{"name":"Akshardham Flyover","highway":"trunk","policy":"truck entry 23:00-07:00 (CAQM/MCD rule)"},"geometry":{"type":"LineString","coordinates":[[77.2847,28.61101],[77.2839,28.61223]]}},{"type":"Feature","properties":{"name":"Mayur Vihar Phase1 Flyover","highway":"trunk","policy":"truck entry 23:00-07:00 (CAQM/MCD rule)"},"geometry":{"type":"LineString","coordinates":[[77.29147,28.59838],[77.29076,28.59983],[77.2903,28.60068]]}},{"type":"Feature","properties":{"name":"Dadri Road","highway":"trunk","policy":"truck entry 23:00-07:00 (CAQM/MCD rule)"},"geometry":{"type":"LineString","coordinates":[[77.30099,28.58413],[77.30033,28.58475],[77.29981,28.58511]]}},{"type":"Feature","properties":{"name":"Dadri Road","highway":"trunk","policy":"truck entry 23:00-07:00 (CAQM/MCD rule)"},"geometry":{"type":"LineString","coordinates":[[77.30118,28.5841],[77.30132,28.58391],[77.30136,28.58386],[77.30177,28.58333],[77.30205,28.58298],[77.30228,28.58267]]}},{"type":"Feature","properties":{"name":"Mayur Vihar Flyover","highway":"trunk","policy":"truck entry 23:00-07:00 (CAQM/MCD rule)"},"geometry":{"type":"LineString","coordinates":[[77.293,28.59557],[77.29316,28.59521],[77.29379,28.59396]]}},{"type":"Feature","properties":{"name":"Akshardham Flyover","highway":"trunk","policy":"truck entry 23:00-07:00 (CAQM/MCD rule)"},"geometry":{"type":"LineString","coordinates":[[77.28161,28.61561],[77.28192,28.61515],[77.28238,28.6145]]}},{"type":"Feature","properties":{"name":"NH24 Bypass","highway":"trunk","policy":"truck entry 23:00-07:00 (CAQM/MCD rule)"},"geometry":{"type":"LineString","coordinates":[[77.28396,28.61496],[77.28441,28.6153],[77.28544,28.61608]]}},{"type":"Feature","properties":{"name":"Urban Extension Road-II","highway":"trunk","policy":"truck entry 23:00-07:00 (CAQM/MCD rule)"},"geometry":{"type":"LineString","coordinates":[[77.07192,28.78591],[77.07218,28.78636]]}},{"type":"Feature","properties":{"name":"Urban Extension Road-II","highway":"trunk","policy":"truck entry 23:00-07:00 (CAQM/MCD rule)"},"geometry":{"type":"LineString","coordinates":[[77.07232,28.78628],[77.07205,28.7858]]}},{"type":"Feature","properties":{"name":"Mayur Vihar Phase1 Flyover","highway":"trunk","policy":"truck entry 23:00-07:00 (CAQM/MCD rule)"},"geometry":{"type":"LineString","coordinates":[[77.2903,28.60068],[77.28938,28.60246],[77.28924,28.60272],[77.28894,28.60333],[77.28854,28.60413],[77.28816,28.60488]]}},{"type":"Feature","properties":{"name":"Okhla Estate Marg Flyover","highway":"trunk","policy":"truck entry 23:00-07:00 (CAQM/MCD rule)"},"geometry":{"type":"LineString","coordinates":[[77.28668,28.53255],[77.28548,28.53496]]}},{"type":"Feature","properties":{"name":"Dwarka Expressway","highway":"motorway","policy":"truck entry 23:00-07:00 (CAQM/MCD rule)"},"geometry":{"type":"LineString","coordinates":[[76.98344,28.40955],[76.98297,28.40997],[76.98222,28.41049],[76.98051,28.41159],[76.97892,28.41271],[76.9781,28.41327],[76.9773,28.41376],[76.97642,28.41426],[76.97473,28.41521],[76.97361,28.41584],[76.97297,28.41623],[76.97284,28.4163],[76.97238,28.41657],[76.97191,28.41682],[76.97165,28.41695],[76.97133,28.41708],[76.97099,28.41719],[76.97071,28.41726],[76.97046,28.41731],[76.97008,28.41735]]}},{"type":"Feature","properties":{"name":"freight corridor","highway":"trunk","policy":"truck entry 23:00-07:00 (CAQM/MCD rule)"},"geometry":{"type":"LineString","coordinates":[[77.26264,28.67015],[77.26241,28.67028],[77.26216,28.67045],[77.262,28.67059],[77.26187,28.67073],[77.26162,28.67096],[77.26147,28.67108],[77.26117,28.67134],[77.26079,28.67159],[77.26043,28.67178]]}},{"type":"Feature","properties":{"name":"freight corridor","highway":"trunk","policy":"truck entry 23:00-07:00 (CAQM/MCD rule)"},"geometry":{"type":"LineString","coordinates":[[77.27121,28.67155],[77.27029,28.67143],[77.26985,28.67138],[77.26913,28.67128],[77.26886,28.67125],[77.26827,28.67115],[77.26782,28.6711],[77.26683,28.67097],[77.26647,28.6709],[77.26613,28.67082],[77.26588,28.67077],[77.2655,28.67065],[77.2651,28.67049],[77.26466,28.6703],[77.2644,28.67022],[77.26399,28.67013],[77.26356,28.67008],[77.26315,28.67009],[77.26291,28.67012],[77.26265,28.67022],[77.26242,28.67036],[77.26234,28.67043],[77.26216,28.67058],[77.26195,28.67077],[77.26184,28.67087],[77.26155,28.67112],[77.2612,28.67141],[77.26109,28.67149],[77.26085,28.67164],[77.26043,28.67178]]}},{"type":"Feature","properties":{"name":"Mathura Road","highway":"trunk","policy":"truck entry 23:00-07:00 (CAQM/MCD rule)"},"geometry":{"type":"LineString","coordinates":[[77.29807,28.51229],[77.29829,28.51175],[77.29927,28.50932],[77.30017,28.50709],[77.30022,28.50697],[77.3006,28.50599],[77.30069,28.50562],[77.30069,28.50547],[77.30068,28.50517],[77.30014,28.50363],[77.29979,28.50255]]}},{"type":"Feature","properties":{"name":"Rao Tula Ram Flyover","highway":"trunk","policy":"truck entry 23:00-07:00 (CAQM/MCD rule)"},"geometry":{"type":"LineString","coordinates":[[77.163,28.5707],[77.16318,28.57045],[77.16343,28.57017]]}},{"type":"Feature","properties":{"name":"Rao Tula Ram Flyover","highway":"trunk","policy":"truck entry 23:00-07:00 (CAQM/MCD rule)"},"geometry":{"type":"LineString","coordinates":[[77.15693,28.57582],[77.15705,28.57584],[77.15737,28.57587],[77.15751,28.57588],[77.15765,28.57588],[77.1578,28.57589]]}},{"type":"Feature","properties":{"name":"Rao Tula Ram Flyover","highway":"trunk","policy":"truck entry 23:00-07:00 (CAQM/MCD rule)"},"geometry":{"type":"LineString","coordinates":[[77.1578,28.57589],[77.15797,28.57588],[77.15818,28.57585],[77.15838,28.57582],[77.15858,28.57577],[77.15887,28.57567],[77.15922,28.57551],[77.15953,28.57532],[77.15967,28.57521],[77.15991,28.57501],[77.16005,28.57485],[77.16029,28.57456],[77.16056,28.57418],[77.16084,28.57378],[77.16109,28.57341],[77.16131,28.57311],[77.16143,28.57295],[77.1616,28.57269],[77.16179,28.57242],[77.16201,28.57211],[77.16221,28.57181],[77.16242,28.57152],[77.16269,28.57115],[77.1629,28.57084],[77.163,28.5707]]}},{"type":"Feature","properties":{"name":"Anuvrat Marg","highway":"trunk","policy":"truck entry 23:00-07:00 (CAQM/MCD rule)"},"geometry":{"type":"LineString","coordinates":[[77.17656,28.50765],[77.17668,28.50778]]}},{"type":"Feature","properties":{"name":"Dadri Road","highway":"trunk","policy":"truck entry 23:00-07:00 (CAQM/MCD rule)"},"geometry":{"type":"LineString","coordinates":[[77.28685,28.6074],[77.28641,28.60827],[77.28609,28.60874],[77.28539,28.60989],[77.28485,28.61079]]}},{"type":"Feature","properties":{"name":"Aurobindo Marg","highway":"trunk","policy":"truck entry 23:00-07:00 (CAQM/MCD rule)"},"geometry":{"type":"LineString","coordinates":[[77.2094,28.57288],[77.20935,28.57238],[77.20932,28.57218],[77.20928,28.572]]}},{"type":"Feature","properties":{"name":"NH24 Bypass","highway":"trunk","policy":"truck entry 23:00-07:00 (CAQM/MCD rule)"},"geometry":{"type":"LineString","coordinates":[[77.28566,28.61564],[77.28525,28.61533],[77.28493,28.6151],[77.28466,28.61487],[77.2844,28.61466],[77.28434,28.61461],[77.28416,28.61445],[77.28404,28.61429]]}},{"type":"Feature","properties":{"name":"NH24 Bypass","highway":"trunk","policy":"truck entry 23:00-07:00 (CAQM/MCD rule)"},"geometry":{"type":"LineString","coordinates":[[77.28303,28.61403],[77.28318,28.61422]]}},{"type":"Feature","properties":{"name":"Flyover","highway":"trunk","policy":"truck entry 23:00-07:00 (CAQM/MCD rule)"},"geometry":{"type":"LineString","coordinates":[[77.28729,28.61723],[77.28762,28.61738]]}},{"type":"Feature","properties":{"name":"Flyover","highway":"trunk","policy":"truck entry 23:00-07:00 (CAQM/MCD rule)"},"geometry":{"type":"LineString","coordinates":[[77.28585,28.61632],[77.28593,28.61637],[77.28652,28.61676],[77.28701,28.61706],[77.28729,28.61723]]}},{"type":"Feature","properties":{"name":"Delhi - Meerut Expressway","highway":"motorway","policy":"truck entry 23:00-07:00 (CAQM/MCD rule)"},"geometry":{"type":"LineString","coordinates":[[77.28603,28.6161],[77.28494,28.61527],[77.28423,28.6147]]}},{"type":"Feature","properties":{"name":"Delhi - Meerut Expressway","highway":"motorway","policy":"truck entry 23:00-07:00 (CAQM/MCD rule)"},"geometry":{"type":"LineString","coordinates":[[77.28776,28.61713],[77.28743,28.61696]]}},{"type":"Feature","properties":{"name":"Rao Tula Ram Flyover","highway":"trunk","policy":"truck entry 23:00-07:00 (CAQM/MCD rule)"},"geometry":{"type":"LineString","coordinates":[[77.15363,28.57445],[77.15303,28.57425],[77.15276,28.57419]]}},{"type":"Feature","properties":{"name":"freight corridor","highway":"trunk","policy":"truck entry 23:00-07:00 (CAQM/MCD rule)"},"geometry":{"type":"LineString","coordinates":[[77.31215,28.62584],[77.31306,28.62612]]}},{"type":"Feature","properties":{"name":"Flyover","highway":"trunk","policy":"truck entry 23:00-07:00 (CAQM/MCD rule)"},"geometry":{"type":"LineString","coordinates":[[77.30219,28.62202],[77.30161,28.62182],[77.3006,28.62148],[77.30042,28.62141],[77.30018,28.62133],[77.29893,28.6209],[77.29789,28.62055],[77.29761,28.62045]]}},{"type":"Feature","properties":{"name":"Flyover","highway":"trunk","policy":"truck entry 23:00-07:00 (CAQM/MCD rule)"},"geometry":{"type":"LineString","coordinates":[[77.29761,28.62045],[77.29679,28.62017],[77.2908,28.61818]]}},{"type":"Feature","properties":{"name":"National Highway 24 Bypass","highway":"trunk","policy":"truck entry 23:00-07:00 (CAQM/MCD rule)"},"geometry":{"type":"LineString","coordinates":[[77.31887,28.62794],[77.32086,28.62865],[77.32164,28.62897]]}},{"type":"Feature","properties":{"name":"National Highway 24 Bypass","highway":"trunk","policy":"truck entry 23:00-07:00 (CAQM/MCD rule)"},"geometry":{"type":"LineString","coordinates":[[77.31585,28.62696],[77.31887,28.62794]]}},{"type":"Feature","properties":{"name":"National Highway 24 Bypass","highway":"trunk","policy":"truck entry 23:00-07:00 (CAQM/MCD rule)"},"geometry":{"type":"LineString","coordinates":[[77.31331,28.62619],[77.31368,28.62629],[77.31433,28.62649],[77.31498,28.62668],[77.31585,28.62696]]}},{"type":"Feature","properties":{"name":"Flyover","highway":"trunk","policy":"truck entry 23:00-07:00 (CAQM/MCD rule)"},"geometry":{"type":"LineString","coordinates":[[77.30949,28.6249],[77.31165,28.62559]]}},{"type":"Feature","properties":{"name":"Flyover","highway":"trunk","policy":"truck entry 23:00-07:00 (CAQM/MCD rule)"},"geometry":{"type":"LineString","coordinates":[[77.30614,28.62377],[77.30839,28.62454],[77.30847,28.62457],[77.30874,28.62466],[77.30899,28.62474],[77.30941,28.62488],[77.30949,28.6249]]}},{"type":"Feature","properties":{"name":"Flyover","highway":"trunk","policy":"truck entry 23:00-07:00 (CAQM/MCD rule)"},"geometry":{"type":"LineString","coordinates":[[77.30042,28.62183],[77.30298,28.62269]]}},{"type":"Feature","properties":{"name":"Flyover","highway":"trunk","policy":"truck entry 23:00-07:00 (CAQM/MCD rule)"},"geometry":{"type":"LineString","coordinates":[[77.29743,28.62083],[77.29774,28.62093]]}},{"type":"Feature","properties":{"name":"National Highway 24 Bypass","highway":"trunk","policy":"truck entry 23:00-07:00 (CAQM/MCD rule)"},"geometry":{"type":"LineString","coordinates":[[77.31902,28.62761],[77.31601,28.62662]]}},{"type":"Feature","properties":{"name":"freight corridor","highway":"trunk","policy":"truck entry 23:00-07:00 (CAQM/MCD rule)"},"geometry":{"type":"LineString","coordinates":[[77.31601,28.62662],[77.31532,28.62639],[77.31492,28.62623],[77.31463,28.62613],[77.31418,28.62601],[77.31365,28.6258]]}},{"type":"Feature","properties":{"name":"Mahatma Gandhi Marg","highway":"trunk","policy":"truck entry 23:00-07:00 (CAQM/MCD rule)"},"geometry":{"type":"LineString","coordinates":[[77.24678,28.63101],[77.24672,28.63225]]}},{"type":"Feature","properties":{"name":"Mahatma Gandhi Marg","highway":"trunk","policy":"truck entry 23:00-07:00 (CAQM/MCD rule)"},"geometry":{"type":"LineString","coordinates":[[77.24715,28.63479],[77.24716,28.63416],[77.24716,28.63357],[77.24714,28.63325],[77.24712,28.63298],[77.24709,28.63283]]}},{"type":"Feature","properties":{"name":"National Highway 24 Bypass Flyover","highway":"trunk","policy":"truck entry 23:00-07:00 (CAQM/MCD rule)"},"geometry":{"type":"LineString","coordinates":[[77.32702,28.63066],[77.32747,28.63079],[77.32835,28.63108],[77.32872,28.6312]]}},{"type":"Feature","properties":{"name":"National Highway 24 Bypass Flyover","highway":"trunk","policy":"truck entry 23:00-07:00 (CAQM/MCD rule)"},"geometry":{"type":"LineString","coordinates":[[77.32885,28.63081],[77.3284,28.63066],[77.32714,28.63025]]}},{"type":"Feature","properties":{"name":"Delhi - Meerut Expressway","highway":"motorway","policy":"truck entry 23:00-07:00 (CAQM/MCD rule)"},"geometry":{"type":"LineString","coordinates":[[77.32931,28.6311],[77.3271,28.6304]]}},{"type":"Feature","properties":{"name":"Delhi - Meerut Expressway","highway":"motorway","policy":"truck entry 23:00-07:00 (CAQM/MCD rule)"},"geometry":{"type":"LineString","coordinates":[[77.33451,28.63236],[77.33416,28.63236],[77.3339,28.63235],[77.33364,28.63233],[77.33339,28.6323],[77.33313,28.63226],[77.33288,28.63222],[77.33263,28.63217],[77.33237,28.63211],[77.33212,28.63204],[77.33187,28.63196],[77.33163,28.63188]]}},{"type":"Feature","properties":{"name":"National Highway 24 Bypass Flyover","highway":"trunk","policy":"truck entry 23:00-07:00 (CAQM/MCD rule)"},"geometry":{"type":"LineString","coordinates":[[77.32714,28.63025],[77.32672,28.63011],[77.32571,28.62978],[77.32459,28.62943],[77.32448,28.62939]]}},{"type":"Feature","properties":{"name":"Delhi - Meerut Expressway","highway":"motorway","policy":"truck entry 23:00-07:00 (CAQM/MCD rule)"},"geometry":{"type":"LineString","coordinates":[[77.3271,28.6304],[77.32543,28.62987]]}},{"type":"Feature","properties":{"name":"Delhi - Meerut Expressway","highway":"motorway","policy":"truck entry 23:00-07:00 (CAQM/MCD rule)"},"geometry":{"type":"LineString","coordinates":[[77.32706,28.63051],[77.32927,28.63122]]}},{"type":"Feature","properties":{"name":"National Highway 24 Bypass Flyover","highway":"trunk","policy":"truck entry 23:00-07:00 (CAQM/MCD rule)"},"geometry":{"type":"LineString","coordinates":[[77.32872,28.6312],[77.32897,28.63128],[77.32976,28.63155],[77.33054,28.63181],[77.33106,28.63197]]}},{"type":"Feature","properties":{"name":"National Highway 24 Bypass Flyover","highway":"trunk","policy":"truck entry 23:00-07:00 (CAQM/MCD rule)"},"geometry":{"type":"LineString","coordinates":[[77.32463,28.6299],[77.32569,28.63024],[77.32623,28.63041],[77.32683,28.63061],[77.32702,28.63066]]}},{"type":"Feature","properties":{"name":"NH236","highway":"trunk","policy":"truck entry 23:00-07:00 (CAQM/MCD rule)"},"geometry":{"type":"LineString","coordinates":[[77.19001,28.52334],[77.19004,28.52346]]}},{"type":"Feature","properties":{"name":"NH236","highway":"trunk","policy":"truck entry 23:00-07:00 (CAQM/MCD rule)"},"geometry":{"type":"LineString","coordinates":[[77.18986,28.5229],[77.19001,28.52334]]}},{"type":"Feature","properties":{"name":"Akshardham Flyover","highway":"trunk","policy":"truck entry 23:00-07:00 (CAQM/MCD rule)"},"geometry":{"type":"LineString","coordinates":[[77.284,28.6123],[77.2849,28.61099]]}},{"type":"Feature","properties":{"name":"National Highway 24 Bypass","highway":"trunk","policy":"truck entry 23:00-07:00 (CAQM/MCD rule)"},"geometry":{"type":"LineString","coordinates":[[77.32214,28.62861],[77.32114,28.62834],[77.31902,28.62761]]}},{"type":"Feature","properties":{"name":"Delhi - Meerut Expressway","highway":"motorway","policy":"truck entry 23:00-07:00 (CAQM/MCD rule)"},"geometry":{"type":"LineString","coordinates":[[77.33163,28.63188],[77.33116,28.63172]]}},{"type":"Feature","properties":{"name":"Delhi - Meerut Expressway","highway":"motorway","policy":"truck entry 23:00-07:00 (CAQM/MCD rule)"},"geometry":{"type":"LineString","coordinates":[[77.33116,28.63172],[77.33073,28.63157],[77.32931,28.6311]]}},{"type":"Feature","properties":{"name":"Delhi - Meerut Expressway","highway":"motorway","policy":"truck entry 23:00-07:00 (CAQM/MCD rule)"},"geometry":{"type":"LineString","coordinates":[[77.32927,28.63122],[77.3307,28.63169],[77.33083,28.63173],[77.33112,28.63182]]}},{"type":"Feature","properties":{"name":"Delhi - Meerut Expressway","highway":"motorway","policy":"truck entry 23:00-07:00 (CAQM/MCD rule)"},"geometry":{"type":"LineString","coordinates":[[77.33112,28.63182],[77.33152,28.632]]}},{"type":"Feature","properties":{"name":"National Highway 24 Bypass Flyover","highway":"trunk","policy":"truck entry 23:00-07:00 (CAQM/MCD rule)"},"geometry":{"type":"LineString","coordinates":[[77.33172,28.63175],[77.33161,28.63171],[77.33124,28.63159]]}},{"type":"Feature","properties":{"name":"National Highway 24 Bypass Flyover","highway":"trunk","policy":"truck entry 23:00-07:00 (CAQM/MCD rule)"},"geometry":{"type":"LineString","coordinates":[[77.33106,28.63197],[77.33154,28.63212]]}},{"type":"Feature","properties":{"name":"National Highway 24 Bypass Flyover","highway":"trunk","policy":"truck entry 23:00-07:00 (CAQM/MCD rule)"},"geometry":{"type":"LineString","coordinates":[[77.33154,28.63212],[77.33234,28.63235],[77.33299,28.63249],[77.33362,28.63258],[77.33428,28.63264]]}},{"type":"Feature","properties":{"name":"National Highway 24 Bypass","highway":"trunk","policy":"truck entry 23:00-07:00 (CAQM/MCD rule)"},"geometry":{"type":"LineString","coordinates":[[77.33578,28.63264],[77.33688,28.63265]]}},{"type":"Feature","properties":{"name":"National Highway 24 Bypass","highway":"trunk","policy":"truck entry 23:00-07:00 (CAQM/MCD rule)"},"geometry":{"type":"LineString","coordinates":[[77.31306,28.62612],[77.31331,28.62619]]}},{"type":"Feature","properties":{"name":"freight corridor","highway":"trunk","policy":"truck entry 23:00-07:00 (CAQM/MCD rule)"},"geometry":{"type":"LineString","coordinates":[[77.31365,28.6258],[77.31257,28.62543]]}},{"type":"Feature","properties":{"name":"Anuvrat Marg","highway":"trunk","policy":"truck entry 23:00-07:00 (CAQM/MCD rule)"},"geometry":{"type":"LineString","coordinates":[[77.18925,28.52765],[77.18955,28.52741]]}},{"type":"Feature","properties":{"name":"Anuvrat Marg","highway":"trunk","policy":"truck entry 23:00-07:00 (CAQM/MCD rule)"},"geometry":{"type":"LineString","coordinates":[[77.18915,28.52756],[77.18908,28.52764]]}},{"type":"Feature","properties":{"name":"Anuvrat Marg","highway":"trunk","policy":"truck entry 23:00-07:00 (CAQM/MCD rule)"},"geometry":{"type":"LineString","coordinates":[[77.18955,28.52741],[77.18969,28.52729],[77.19002,28.52697],[77.19007,28.52689]]}},{"type":"Feature","properties":{"name":"Mathura Road","highway":"trunk","policy":"truck entry 23:00-07:00 (CAQM/MCD rule)"},"geometry":{"type":"LineString","coordinates":[[77.30669,28.46302],[77.30675,28.46213]]}},{"type":"Feature","properties":{"name":"Mathura Road","highway":"trunk","policy":"truck entry 23:00-07:00 (CAQM/MCD rule)"},"geometry":{"type":"LineString","coordinates":[[77.30665,28.46173],[77.30654,28.46302]]}},{"type":"Feature","properties":{"name":"Mathura Road Flyover","highway":"trunk","policy":"truck entry 23:00-07:00 (CAQM/MCD rule)"},"geometry":{"type":"LineString","coordinates":[[77.31082,28.41189],[77.31075,28.41276],[77.31066,28.41388],[77.31057,28.41491],[77.31054,28.41535],[77.31045,28.41646]]}},{"type":"Feature","properties":{"name":"Mathura Road Flyover","highway":"trunk","policy":"truck entry 23:00-07:00 (CAQM/MCD rule)"},"geometry":{"type":"LineString","coordinates":[[77.31045,28.41646],[77.31044,28.41657],[77.31036,28.41754],[77.3103,28.41824],[77.3102,28.41959]]}},{"type":"Feature","properties":{"name":"Mathura Road","highway":"trunk","policy":"truck entry 23:00-07:00 (CAQM/MCD rule)"},"geometry":{"type":"LineString","coordinates":[[77.31146,28.40635],[77.31154,28.40549],[77.3116,28.40475],[77.31165,28.40408],[77.31174,28.40291],[77.31182,28.4016],[77.31195,28.39993]]}},{"type":"Feature","properties":{"name":"Mathura Road Flyover","highway":"trunk","policy":"truck entry 23:00-07:00 (CAQM/MCD rule)"},"geometry":{"type":"LineString","coordinates":[[77.31064,28.41646],[77.31072,28.41535],[77.31081,28.41435],[77.31094,28.41261],[77.311,28.41189]]}},{"type":"Feature","properties":{"name":"Delhi-Gurugram Expressway","highway":"motorway","policy":"truck entry 23:00-07:00 (CAQM/MCD rule)"},"geometry":{"type":"LineString","coordinates":[[77.03802,28.44757],[77.03749,28.4471],[77.03707,28.4467],[77.03674,28.44644],[77.03639,28.44621],[77.03588,28.44593],[77.03548,28.44577],[77.03533,28.44573]]}},{"type":"Feature","properties":{"name":"Delhi-Gurugram Expressway","highway":"motorway","policy":"truck entry 23:00-07:00 (CAQM/MCD rule)"},"geometry":{"type":"LineString","coordinates":[[77.03526,28.44589],[77.03541,28.44594],[77.03566,28.44603],[77.03587,28.44613],[77.03631,28.44635],[77.03649,28.44645],[77.03664,28.44657],[77.037,28.44685],[77.03727,28.44712],[77.03769,28.44758],[77.03818,28.44805],[77.03833,28.44825]]}},{"type":"Feature","properties":{"name":"Delhi-Gurugram Expressway","highway":"motorway","policy":"truck entry 23:00-07:00 (CAQM/MCD rule)"},"geometry":{"type":"LineString","coordinates":[[77.05086,28.46139],[77.05179,28.46237]]}},{"type":"Feature","properties":{"name":"Delhi-Gurugram Expressway","highway":"motorway","policy":"truck entry 23:00-07:00 (CAQM/MCD rule)"},"geometry":{"type":"LineString","coordinates":[[77.05145,28.46172],[77.05102,28.46127]]}},{"type":"Feature","properties":{"name":"Delhi-Gurugram Expressway","highway":"motorway","policy":"truck entry 23:00-07:00 (CAQM/MCD rule)"},"geometry":{"type":"LineString","coordinates":[[77.05557,28.4661],[77.0552,28.46567],[77.05437,28.46475]]}},{"type":"Feature","properties":{"name":"Delhi-Gurugram Expressway","highway":"motorway","policy":"truck entry 23:00-07:00 (CAQM/MCD rule)"},"geometry":{"type":"LineString","coordinates":[[77.0547,28.46542],[77.05507,28.46577],[77.0554,28.46617],[77.05541,28.46619]]}},{"type":"Feature","properties":{"name":"Dadri Main Road","highway":"trunk","policy":"truck entry 23:00-07:00 (CAQM/MCD rule)"},"geometry":{"type":"LineString","coordinates":[[77.31116,28.57069],[77.31206,28.56947],[77.31214,28.56936],[77.31466,28.56594],[77.31511,28.56533],[77.3152,28.56521],[77.31607,28.56411]]}},{"type":"Feature","properties":{"name":"Noida-Greater Noida Expressway","highway":"motorway","policy":"truck entry 23:00-07:00 (CAQM/MCD rule)"},"geometry":{"type":"LineString","coordinates":[[77.32476,28.55645],[77.32319,28.5576],[77.32252,28.55812],[77.32209,28.55842],[77.32137,28.55884]]}},{"type":"Feature","properties":{"name":"NH44","highway":"trunk","policy":"truck entry 23:00-07:00 (CAQM/MCD rule)"},"geometry":{"type":"LineString","coordinates":[[77.15572,28.73527],[77.15625,28.73454],[77.15635,28.7344]]}},{"type":"Feature","properties":{"name":"Mathura Road","highway":"trunk","policy":"truck entry 23:00-07:00 (CAQM/MCD rule)"},"geometry":{"type":"LineString","coordinates":[[77.26454,28.56419],[77.26462,28.56408],[77.26464,28.56405],[77.26467,28.56401],[77.26474,28.56394],[77.26479,28.56385],[77.26503,28.56353],[77.26582,28.56248],[77.26587,28.56241],[77.26592,28.56234],[77.26611,28.5621],[77.26612,28.56208],[77.26614,28.56206],[77.26672,28.56129],[77.26676,28.56124],[77.26695,28.56099],[77.26714,28.56075],[77.26722,28.56065],[77.26745,28.56032]]}},{"type":"Feature","properties":{"name":"Barapullah Road Flyover","highway":"trunk","policy":"truck entry 23:00-07:00 (CAQM/MCD rule)"},"geometry":{"type":"LineString","coordinates":[[77.20967,28.57299],[77.20953,28.57295]]}},{"type":"Feature","properties":{"name":"Flyover","highway":"trunk","policy":"truck entry 23:00-07:00 (CAQM/MCD rule)"},"geometry":{"type":"LineString","coordinates":[[77.16059,28.59216],[77.16111,28.59236]]}},{"type":"Feature","properties":{"name":"Flyover","highway":"trunk","policy":"truck entry 23:00-07:00 (CAQM/MCD rule)"},"geometry":{"type":"LineString","coordinates":[[77.15749,28.59071],[77.15833,28.59108],[77.15863,28.59122],[77.15899,28.5914],[77.15952,28.59169],[77.15976,28.59181],[77.16015,28.59198],[77.16059,28.59216]]}},{"type":"Feature","properties":{"name":"Flyover","highway":"trunk","policy":"truck entry 23:00-07:00 (CAQM/MCD rule)"},"geometry":{"type":"LineString","coordinates":[[77.15648,28.59034],[77.15749,28.59071]]}},{"type":"Feature","properties":{"name":"Flyover","highway":"trunk","policy":"truck entry 23:00-07:00 (CAQM/MCD rule)"},"geometry":{"type":"LineString","coordinates":[[77.16111,28.59236],[77.16151,28.59249],[77.16216,28.5927]]}},{"type":"Feature","properties":{"name":"NH236","highway":"trunk","policy":"truck entry 23:00-07:00 (CAQM/MCD rule)"},"geometry":{"type":"LineString","coordinates":[[77.19004,28.52346],[77.19004,28.52358]]}},{"type":"Feature","properties":{"name":"Anuvrat Marg","highway":"trunk","policy":"truck entry 23:00-07:00 (CAQM/MCD rule)"},"geometry":{"type":"LineString","coordinates":[[77.17668,28.50778],[77.17697,28.50812]]}},{"type":"Feature","properties":{"name":"Acharya Shri Tulsi Marg","highway":"trunk","policy":"truck entry 23:00-07:00 (CAQM/MCD rule)"},"geometry":{"type":"LineString","coordinates":[[77.15693,28.49717],[77.15666,28.49705],[77.15655,28.49701],[77.15485,28.49624],[77.15043,28.49424],[77.14977,28.49395],[77.14972,28.49393],[77.14923,28.49372],[77.14812,28.49323],[77.14668,28.49259],[77.14658,28.49254],[77.14549,28.49212],[77.14525,28.49202],[77.14311,28.49125],[77.1423,28.49094],[77.14145,28.49053],[77.13937,28.48951],[77.13929,28.48947],[77.13891,28.48928],[77.13523,28.48755],[77.13503,28.48745],[77.13487,28.48737],[77.13462,28.48725],[77.13354,28.48668],[77.13312,28.48636],[77.13238,28.48574],[77.1319,28.48532],[77.13155,28.48501],[77.13111,28.48463],[77.13089,28.48444],[77.13038,28.484],[77.12932,28.4832],[77.12677,28.4814],[77.12634,28.48106],[77.12584,28.48066],[77.12529,28.48024],[77.12518,28.48018],[77.12505,28.48009],[77.12487,28.47996],[77.12434,28.47956],[77.12406,28.47934],[77.12355,28.47904],[77.12326,28.47891],[77.12302,28.47883],[77.12279,28.47877],[77.1225,28.47873],[77.12219,28.47869],[77.12217,28.47869],[77.12164,28.47868],[77.12123,28.47876],[77.12116,28.47878],[77.121,28.4788],[77.12022,28.47917],[77.12006,28.47926],[77.1199,28.47936],[77.11807,28.48048],[77.11747,28.48072],[77.11673,28.48087],[77.11619,28.48099],[77.11511,28.48119],[77.11469,28.48126]]}},{"type":"Feature","properties":{"name":"Mathura Road","highway":"trunk","policy":"truck entry 23:00-07:00 (CAQM/MCD rule)"},"geometry":{"type":"LineString","coordinates":[[77.25862,28.57183],[77.25828,28.57231],[77.25809,28.57254]]}},{"type":"Feature","properties":{"name":"Gurgaon Rewari Narnaul Singhana Road","highway":"trunk","policy":"truck entry 23:00-07:00 (CAQM/MCD rule)"},"geometry":{"type":"LineString","coordinates":[[76.95104,28.42806],[76.95232,28.42825],[76.95308,28.42834],[76.95342,28.42838],[76.95376,28.4284],[76.95401,28.4284],[76.95427,28.42838],[76.95453,28.42833],[76.95512,28.42821],[76.95524,28.42819],[76.95579,28.42806],[76.95589,28.42804],[76.95639,28.42794],[76.95657,28.42791],[76.95685,28.42789],[76.95708,28.42788],[76.95752,28.42792],[76.9577,28.42794],[76.95772,28.42795],[76.95786,28.42799],[76.95815,28.42814],[76.95839,28.42834],[76.95869,28.42862],[76.959,28.4289],[76.95922,28.42903],[76.95943,28.42913],[76.95999,28.42941],[76.96051,28.42965],[76.96098,28.42989],[76.96159,28.43024],[76.96188,28.43043],[76.96246,28.43081],[76.96278,28.43105],[76.9643,28.43225],[76.96478,28.43261],[76.96496,28.43273],[76.96501,28.43276],[76.96514,28.43284],[76.96526,28.43291],[76.96544,28.43302],[76.96599,28.4333],[76.96691,28.43382],[76.96714,28.43394],[76.96908,28.435],[76.96946,28.43521],[76.96957,28.43527],[76.96999,28.4355],[76.97027,28.43566],[76.97083,28.43595],[76.9721,28.43662],[76.97231,28.43674],[76.97253,28.43686],[76.97313,28.43718],[76.97342,28.43734],[76.9739,28.43761],[76.97462,28.43801],[76.97498,28.43821],[76.97528,28.43835],[76.97559,28.43846],[76.97601,28.43856],[76.97643,28.43865],[76.97682,28.43873],[76.97683,28.43874],[76.97692,28.43876],[76.9774,28.43886],[76.97761,28.4389],[76.9777,28.43892],[76.97775,28.43892],[76.97781,28.43892]]}},{"type":"Feature","properties":{"name":"Delhi-Dehradun Expressway","highway":"motorway","policy":"truck entry 23:00-07:00 (CAQM/MCD rule)"},"geometry":{"type":"LineString","coordinates":[[77.2686,28.6488],[77.26862,28.64864],[77.26865,28.64825],[77.26868,28.64794],[77.26872,28.64752],[77.26875,28.64715]]}},{"type":"Feature","properties":{"name":"Shaheed Captain Vikram Batra Flyover","highway":"trunk","policy":"truck entry 23:00-07:00 (CAQM/MCD rule)"},"geometry":{"type":"LineString","coordinates":[[77.15871,28.73632],[77.15808,28.73601],[77.1575,28.73574],[77.15703,28.7355],[77.1566,28.73525]]}},{"type":"Feature","properties":{"name":"Wazirabad Flyover","highway":"trunk","policy":"truck entry 23:00-07:00 (CAQM/MCD rule)"},"geometry":{"type":"LineString","coordinates":[[77.22743,28.7032],[77.22754,28.70425],[77.22773,28.70551]]}},{"type":"Feature","properties":{"name":"Urban Extension Road-II","highway":"trunk","policy":"truck entry 23:00-07:00 (CAQM/MCD rule)"},"geometry":{"type":"LineString","coordinates":[[76.99962,28.62791],[76.99964,28.62849],[76.9996,28.62948],[76.99954,28.63044],[76.99943,28.63147],[76.99936,28.63192],[76.99928,28.6322],[76.9992,28.63238],[76.99908,28.63255],[76.99877,28.63284],[76.9981,28.63366],[76.99762,28.63437],[76.99702,28.63529],[76.99614,28.63638],[76.99563,28.63706],[76.99503,28.63809],[76.99474,28.63863]]}},{"type":"Feature","properties":{"name":"Urban Extension Road-II","highway":"trunk","policy":"truck entry 23:00-07:00 (CAQM/MCD rule)"},"geometry":{"type":"LineString","coordinates":[[76.99868,28.62436],[76.9984,28.62357],[76.99817,28.62282],[76.99805,28.62228],[76.99795,28.62158],[76.99792,28.62141],[76.99792,28.62103],[76.99792,28.62093],[76.99796,28.62031],[76.99803,28.61977],[76.99806,28.6196],[76.9981,28.61939],[76.99815,28.61921],[76.99826,28.6187],[76.99854,28.61748],[76.99859,28.61723],[76.99861,28.61699],[76.99865,28.61641]]}},{"type":"Feature","properties":{"name":"Urban Extension Road-II","highway":"trunk","policy":"truck entry 23:00-07:00 (CAQM/MCD rule)"},"geometry":{"type":"LineString","coordinates":[[77.01562,28.68091],[77.01518,28.68017],[77.01482,28.67953],[77.01424,28.67854],[77.01306,28.6764],[77.01256,28.67537],[77.01201,28.67437]]}},{"type":"Feature","properties":{"name":"Urban Extension Road-II","highway":"trunk","policy":"truck entry 23:00-07:00 (CAQM/MCD rule)"},"geometry":{"type":"LineString","coordinates":[[76.99575,28.64388],[76.99739,28.64644]]}},{"type":"Feature","properties":{"name":"Urban Extension Road-II","highway":"trunk","policy":"truck entry 23:00-07:00 (CAQM/MCD rule)"},"geometry":{"type":"LineString","coordinates":[[76.99739,28.64644],[76.99777,28.64712],[76.99786,28.64732],[76.99797,28.6476],[76.99841,28.64887],[76.99876,28.64992]]}},{"type":"Feature","properties":{"name":"Gurgaon Rewari Narnaul Singhana Road","highway":"trunk","policy":"truck entry 23:00-07:00 (CAQM/MCD rule)"},"geometry":{"type":"LineString","coordinates":[[76.9815,28.44174],[76.98138,28.44167],[76.98132,28.44164],[76.98112,28.4415],[76.98097,28.44136],[76.98089,28.44128],[76.98003,28.44005],[76.97984,28.43982],[76.97969,28.4397],[76.97955,28.43961],[76.97932,28.4395],[76.97897,28.43935],[76.97842,28.4391],[76.97835,28.43907],[76.97822,28.43903],[76.97813,28.439],[76.97781,28.43892]]}},{"type":"Feature","properties":{"name":"Gurgaon Rewari Narnaul Singhana Road","highway":"trunk","policy":"truck entry 23:00-07:00 (CAQM/MCD rule)"},"geometry":{"type":"LineString","coordinates":[[76.93407,28.42422],[76.93394,28.42419],[76.9317,28.42387],[76.93125,28.42381],[76.93088,28.42377],[76.9306,28.42373],[76.9303,28.42369],[76.92967,28.42361],[76.92956,28.42359],[76.92934,28.42356],[76.92893,28.42347],[76.92849,28.42336],[76.92809,28.42326],[76.92592,28.42271],[76.92517,28.42256],[76.92492,28.42251],[76.92476,28.42248],[76.92444,28.42244],[76.92406,28.42243],[76.92367,28.42241],[76.92338,28.4224],[76.92212,28.42234],[76.92127,28.42229],[76.92106,28.42228],[76.92093,28.42227],[76.91936,28.42211],[76.91907,28.42209],[76.91855,28.42204],[76.91839,28.42202],[76.91836,28.42201],[76.91822,28.42199],[76.91803,28.42195],[76.91755,28.4218],[76.91742,28.42175],[76.91725,28.42168],[76.91701,28.42158],[76.91679,28.42149],[76.91618,28.42126],[76.91603,28.42118],[76.9153,28.42087],[76.91503,28.42076],[76.91481,28.42067],[76.91435,28.42049],[76.91399,28.42035],[76.91355,28.4202],[76.91336,28.42015],[76.91311,28.42008],[76.91284,28.42],[76.91245,28.41991],[76.91218,28.41987],[76.91188,28.41985],[76.91144,28.41984],[76.91093,28.41984],[76.91081,28.41984],[76.9102,28.41983],[76.90962,28.41983],[76.90956,28.41984],[76.90894,28.41983],[76.9085,28.41981],[76.90744,28.41978],[76.90711,28.41975],[76.90692,28.41967],[76.90689,28.41966],[76.9066,28.41953],[76.90647,28.41949]]}},{"type":"Feature","properties":{"name":"Gurgaon Rewari Narnaul Singhana Road","highway":"trunk","policy":"truck entry 23:00-07:00 (CAQM/MCD rule)"},"geometry":{"type":"LineString","coordinates":[[76.93878,28.42552],[76.93887,28.42556],[76.93902,28.42562],[76.93922,28.42572],[76.93942,28.42581],[76.94,28.42609],[76.94024,28.42619],[76.94038,28.42624],[76.9405,28.42627],[76.94063,28.4263],[76.94112,28.4264],[76.94127,28.42642],[76.94131,28.42643],[76.94137,28.42644],[76.94151,28.42645],[76.94164,28.42648],[76.94342,28.42683]]}},{"type":"Feature","properties":{"name":"Gurgaon Rewari Narnaul Singhana Road","highway":"trunk","policy":"truck entry 23:00-07:00 (CAQM/MCD rule)"},"geometry":{"type":"LineString","coordinates":[[76.92334,28.42248],[76.92344,28.42248],[76.92363,28.42249],[76.92407,28.4225],[76.92441,28.42252],[76.92458,28.42253],[76.92474,28.42255],[76.92516,28.42262],[76.9259,28.42278],[76.92809,28.42333],[76.92849,28.42343],[76.92893,28.42354],[76.9292,28.4236],[76.92947,28.42365],[76.92965,28.42368],[76.93029,28.42377],[76.93058,28.4238],[76.93069,28.42381],[76.93088,28.42384],[76.93127,28.42388],[76.93163,28.42393],[76.9318,28.42395],[76.93394,28.42427],[76.93422,28.42432],[76.93476,28.42443]]}},{"type":"Feature","properties":{"name":"Gurgaon Rewari Narnaul Singhana Road","highway":"trunk","policy":"truck entry 23:00-07:00 (CAQM/MCD rule)"},"geometry":{"type":"LineString","coordinates":[[76.93539,28.42454],[76.93548,28.42457],[76.93564,28.42461],[76.93622,28.42475],[76.93738,28.42511],[76.9374,28.42511],[76.93755,28.42516],[76.93771,28.42521],[76.93806,28.4253],[76.93812,28.42532],[76.9384,28.4254],[76.93859,28.42546],[76.93869,28.4255],[76.93878,28.42552]]}},{"type":"Feature","properties":{"name":"Gurgaon Rewari Narnaul Singhana Road","highway":"trunk","policy":"truck entry 23:00-07:00 (CAQM/MCD rule)"},"geometry":{"type":"LineString","coordinates":[[76.93891,28.4255],[76.93878,28.42545],[76.93845,28.42534],[76.93808,28.42523],[76.93777,28.42514],[76.93741,28.42503],[76.9366,28.42479],[76.93605,28.42462],[76.93567,28.42452],[76.93552,28.42449],[76.93537,28.42446]]}},{"type":"Feature","properties":{"name":"Gurgaon Rewari Narnaul Singhana Road","highway":"trunk","policy":"truck entry 23:00-07:00 (CAQM/MCD rule)"},"geometry":{"type":"LineString","coordinates":[[76.93537,28.42446],[76.9353,28.42445],[76.93496,28.42439],[76.93477,28.42435],[76.93423,28.42425],[76.93407,28.42422]]}},{"type":"Feature","properties":{"name":"Gurgaon Rewari Narnaul Singhana Road","highway":"trunk","policy":"truck entry 23:00-07:00 (CAQM/MCD rule)"},"geometry":{"type":"LineString","coordinates":[[76.91498,28.42083],[76.91521,28.42093],[76.91604,28.42127],[76.91611,28.4213],[76.91678,28.42158],[76.91695,28.42164],[76.91721,28.42176],[76.91736,28.42182],[76.91747,28.42185],[76.91786,28.42198],[76.91808,28.42204],[76.91834,28.42209],[76.91863,28.42213],[76.91912,28.42217],[76.91936,28.4222],[76.92028,28.42228],[76.92091,28.42234],[76.92128,28.42237],[76.92208,28.42242],[76.92308,28.42246],[76.92334,28.42248]]}},{"type":"Feature","properties":{"name":"Gurgaon Rewari Narnaul Singhana Road","highway":"trunk","policy":"truck entry 23:00-07:00 (CAQM/MCD rule)"},"geometry":{"type":"LineString","coordinates":[[76.90647,28.41949],[76.90631,28.41942],[76.90572,28.4191]]}},{"type":"Feature","properties":{"name":"Gurgaon Rewari Narnaul Singhana Road","highway":"trunk","policy":"truck entry 23:00-07:00 (CAQM/MCD rule)"},"geometry":{"type":"LineString","coordinates":[[76.94342,28.42683],[76.94422,28.427],[76.94473,28.42709],[76.94649,28.42739],[76.94685,28.42745],[76.94689,28.42745],[76.94769,28.42757],[76.94908,28.42778],[76.94924,28.4278],[76.94949,28.42783],[76.95,28.4279],[76.95027,28.42795]]}},{"type":"Feature","properties":{"name":"Gurgaon Rewari Narnaul Singhana Road","highway":"trunk","policy":"truck entry 23:00-07:00 (CAQM/MCD rule)"},"geometry":{"type":"LineString","coordinates":[[76.98168,28.44184],[76.98175,28.44188]]}},{"type":"Feature","properties":{"name":"NH352W","highway":"trunk","policy":"truck entry 23:00-07:00 (CAQM/MCD rule)"},"geometry":{"type":"LineString","coordinates":[[76.9972,28.44829],[76.99702,28.4482]]}},{"type":"Feature","properties":{"name":"Delhi - Meerut Expressway","highway":"trunk","policy":"truck entry 23:00-07:00 (CAQM/MCD rule)"},"geometry":{"type":"LineString","coordinates":[[77.25626,28.59569],[77.25618,28.59611],[77.25617,28.59648]]}},{"type":"Feature","properties":{"name":"Delhi - Meerut Expressway","highway":"motorway","policy":"truck entry 23:00-07:00 (CAQM/MCD rule)"},"geometry":{"type":"LineString","coordinates":[[77.3367,28.63235],[77.33493,28.63237],[77.33451,28.63236]]}},{"type":"Feature","properties":{"name":"National Highway 24 Bypass","highway":"trunk","policy":"truck entry 23:00-07:00 (CAQM/MCD rule)"},"geometry":{"type":"LineString","coordinates":[[77.33688,28.63265],[77.33903,28.63262]]}},{"type":"Feature","properties":{"name":"Delhi - Meerut Expressway","highway":"motorway","policy":"truck entry 23:00-07:00 (CAQM/MCD rule)"},"geometry":{"type":"LineString","coordinates":[[77.3342,28.6325],[77.33484,28.63251],[77.33676,28.63249]]}},{"type":"Feature","properties":{"name":"National Highway 24 Bypass","highway":"trunk","policy":"truck entry 23:00-07:00 (CAQM/MCD rule)"},"geometry":{"type":"LineString","coordinates":[[77.33903,28.63262],[77.3393,28.63263],[77.33977,28.63263]]}},{"type":"Feature","properties":{"name":"Delhi - Meerut Expressway","highway":"motorway","policy":"truck entry 23:00-07:00 (CAQM/MCD rule)"},"geometry":{"type":"LineString","coordinates":[[77.33884,28.63249],[77.33987,28.63248],[77.34102,28.63246],[77.34359,28.63244],[77.3452,28.63243],[77.34837,28.63242]]}},{"type":"Feature","properties":{"name":"freight corridor","highway":"trunk","policy":"truck entry 23:00-07:00 (CAQM/MCD rule)"},"geometry":{"type":"LineString","coordinates":[[77.33868,28.63216],[77.33661,28.63218]]}},{"type":"Feature","properties":{"name":"freight corridor","highway":"trunk","policy":"truck entry 23:00-07:00 (CAQM/MCD rule)"},"geometry":{"type":"LineString","coordinates":[[77.33661,28.63218],[77.33569,28.63219]]}},{"type":"Feature","properties":{"name":"freight corridor","highway":"trunk","policy":"truck entry 23:00-07:00 (CAQM/MCD rule)"},"geometry":{"type":"LineString","coordinates":[[77.34219,28.63212],[77.34134,28.63214],[77.34048,28.63214],[77.33973,28.63214],[77.33868,28.63216]]}},{"type":"Feature","properties":{"name":"Delhi - Meerut Expressway","highway":"motorway","policy":"truck entry 23:00-07:00 (CAQM/MCD rule)"},"geometry":{"type":"LineString","coordinates":[[77.35617,28.63224],[77.35389,28.63224],[77.34957,28.63227],[77.3486,28.63227]]}},{"type":"Feature","properties":{"name":"NH24 Bypass","highway":"trunk","policy":"truck entry 23:00-07:00 (CAQM/MCD rule)"},"geometry":{"type":"LineString","coordinates":[[77.27858,28.609],[77.27893,28.60936],[77.27933,28.60978],[77.28098,28.61159],[77.28195,28.61268]]}},{"type":"Feature","properties":{"name":"NH24 Bypass","highway":"trunk","policy":"truck entry 23:00-07:00 (CAQM/MCD rule)"},"geometry":{"type":"LineString","coordinates":[[77.28142,28.61119],[77.28078,28.61048],[77.2801,28.60975],[77.2793,28.60898]]}},{"type":"Feature","properties":{"name":"freight corridor","highway":"trunk","policy":"truck entry 23:00-07:00 (CAQM/MCD rule)"},"geometry":{"type":"LineString","coordinates":[[77.34393,28.63212],[77.34295,28.6321],[77.34219,28.63212]]}},{"type":"Feature","properties":{"name":"Dwarka Expressway","highway":"motorway","policy":"truck entry 23:00-07:00 (CAQM/MCD rule)"},"geometry":{"type":"LineString","coordinates":[[76.97008,28.41735],[76.9697,28.41736],[76.96928,28.41735],[76.96888,28.41732],[76.96807,28.41723],[76.96766,28.41719],[76.96724,28.41719],[76.96683,28.41721],[76.96642,28.41728],[76.96605,28.41737],[76.96569,28.41749],[76.96534,28.41764],[76.96496,28.41784],[76.96462,28.41808],[76.96435,28.41832],[76.96405,28.41861],[76.96383,28.41891],[76.96362,28.41923],[76.96345,28.41957],[76.96318,28.42025],[76.96296,28.42086],[76.9628,28.42143],[76.96266,28.42201],[76.96227,28.42407],[76.96188,28.42615],[76.96156,28.42793],[76.96126,28.4297],[76.96059,28.43373]]}},{"type":"Feature","properties":{"name":"Delhi-Gurugram Expressway","highway":"motorway","policy":"truck entry 23:00-07:00 (CAQM/MCD rule)"},"geometry":{"type":"LineString","coordinates":[[77.09404,28.51519],[77.09337,28.51401]]}},{"type":"Feature","properties":{"name":"Grand Trunk Road","highway":"trunk","policy":"truck entry 23:00-07:00 (CAQM/MCD rule)"},"geometry":{"type":"LineString","coordinates":[[77.12462,28.85714],[77.12456,28.8575],[77.12453,28.85769]]}},{"type":"Feature","properties":{"name":"Grand Trunk Road","highway":"trunk","policy":"truck entry 23:00-07:00 (CAQM/MCD rule)"},"geometry":{"type":"LineString","coordinates":[[77.12468,28.85783],[77.12478,28.85731]]}},{"type":"Feature","properties":{"name":"Mathura Road","highway":"trunk","policy":"truck entry 23:00-07:00 (CAQM/MCD rule)"},"geometry":{"type":"LineString","coordinates":[[77.30504,28.48017],[77.30491,28.48169],[77.30467,28.48448],[77.30456,28.48546],[77.3043,28.48788],[77.30421,28.48909],[77.30415,28.48943],[77.30409,28.4898],[77.30408,28.48983],[77.30404,28.49002],[77.30402,28.49014]]}},{"type":"Feature","properties":{"name":"Delhi - Meerut Expressway","highway":"trunk","policy":"truck entry 23:00-07:00 (CAQM/MCD rule)"},"geometry":{"type":"LineString","coordinates":[[77.26797,28.60296],[77.26726,28.60251],[77.26601,28.60194]]}},{"type":"Feature","properties":{"name":"GT Road","highway":"trunk","policy":"truck entry 23:00-07:00 (CAQM/MCD rule)"},"geometry":{"type":"LineString","coordinates":[[77.32521,28.67633],[77.3247,28.67633]]}},{"type":"Feature","properties":{"name":"NH9","highway":"trunk","policy":"truck entry 23:00-07:00 (CAQM/MCD rule)"},"geometry":{"type":"LineString","coordinates":[[76.96034,28.68845],[76.96041,28.68844]]}},{"type":"Feature","properties":{"name":"NH9","highway":"trunk","policy":"truck entry 23:00-07:00 (CAQM/MCD rule)"},"geometry":{"type":"LineString","coordinates":[[76.96019,28.68835],[76.96011,28.68836],[76.95979,28.6884],[76.9587,28.68851],[76.95732,28.68865],[76.95698,28.68868],[76.95421,28.68889],[76.9537,28.68894],[76.95211,28.68908],[76.95188,28.6891],[76.95136,28.68915],[76.95084,28.6892],[76.94945,28.68933],[76.9474,28.68954]]}},{"type":"Feature","properties":{"name":"Loni Road","highway":"trunk","policy":"truck entry 23:00-07:00 (CAQM/MCD rule)"},"geometry":{"type":"LineString","coordinates":[[77.29139,28.7063],[77.29135,28.70752],[77.29132,28.7083],[77.29129,28.70939],[77.29123,28.70968],[77.29111,28.71015],[77.29104,28.71036],[77.29095,28.71064]]}},{"type":"Feature","properties":{"name":"Loni Road","highway":"trunk","policy":"truck entry 23:00-07:00 (CAQM/MCD rule)"},"geometry":{"type":"LineString","coordinates":[[77.291,28.71078],[77.29104,28.71071],[77.29119,28.71034],[77.29125,28.71022],[77.29132,28.70993],[77.29135,28.7098],[77.29139,28.70943],[77.29143,28.70834],[77.29146,28.70752],[77.29148,28.70628]]}},{"type":"Feature","properties":{"name":"Barapullah Road Flyover","highway":"trunk","policy":"truck entry 23:00-07:00 (CAQM/MCD rule)"},"geometry":{"type":"LineString","coordinates":[[77.2214,28.57805],[77.22164,28.5784]]}},{"type":"Feature","properties":{"name":"Barapullah Road Flyover","highway":"trunk","policy":"truck entry 23:00-07:00 (CAQM/MCD rule)"},"geometry":{"type":"LineString","coordinates":[[77.22223,28.57903],[77.22195,28.57868],[77.22175,28.57838]]}},{"type":"Feature","properties":{"name":"Barapullah Road Flyover","highway":"trunk","policy":"truck entry 23:00-07:00 (CAQM/MCD rule)"},"geometry":{"type":"LineString","coordinates":[[77.22175,28.57838],[77.22151,28.57802]]}},{"type":"Feature","properties":{"name":"Delhi - Meerut Expressway","highway":"motorway","policy":"truck entry 23:00-07:00 (CAQM/MCD rule)"},"geometry":{"type":"LineString","coordinates":[[77.34467,28.6323],[77.34148,28.63233],[77.34034,28.63234],[77.33945,28.63232],[77.33881,28.63232]]}},{"type":"Feature","properties":{"name":"DND Flyway","highway":"motorway","policy":"truck entry 23:00-07:00 (CAQM/MCD rule)"},"geometry":{"type":"LineString","coordinates":[[77.27316,28.58129],[77.27376,28.58112],[77.27459,28.58072],[77.27464,28.58069],[77.27747,28.57824],[77.27816,28.57771],[77.27822,28.57767],[77.27869,28.57729],[77.27929,28.57689],[77.27992,28.5766],[77.28049,28.57634],[77.28128,28.57609],[77.28178,28.57599],[77.28221,28.57592],[77.28247,28.57588],[77.28309,28.57584],[77.2832,28.57583],[77.28373,28.57587],[77.28452,28.57596],[77.28548,28.57616],[77.28609,28.57635],[77.28676,28.57663]]}},{"type":"Feature","properties":{"name":"DND Flyway","highway":"motorway","policy":"truck entry 23:00-07:00 (CAQM/MCD rule)"},"geometry":{"type":"LineString","coordinates":[[77.28687,28.57645],[77.28605,28.5761],[77.28545,28.57591],[77.28448,28.57572],[77.28374,28.57566],[77.28297,28.57566],[77.28214,28.57575],[77.28169,28.57583],[77.28118,28.57594],[77.28036,28.5762],[77.27982,28.57643],[77.27921,28.57674],[77.2788,28.57701],[77.27812,28.57756],[77.27736,28.57817],[77.27458,28.58057],[77.27378,28.58097],[77.27315,28.58118],[77.27245,28.58126],[77.27178,28.58125],[77.27169,28.58124],[77.27142,28.58121],[77.27108,28.58115],[77.27065,28.58102],[77.27021,28.58085],[77.26965,28.58056]]}},{"type":"Feature","properties":{"name":"Grand Trunk Road","highway":"trunk","policy":"truck entry 23:00-07:00 (CAQM/MCD rule)"},"geometry":{"type":"LineString","coordinates":[[77.12519,28.85394],[77.12518,28.85401],[77.12462,28.85714]]}},{"type":"Feature","properties":{"name":"Grand Trunk Road","highway":"trunk","policy":"truck entry 23:00-07:00 (CAQM/MCD rule)"},"geometry":{"type":"LineString","coordinates":[[77.12559,28.85175],[77.1255,28.85218]]}},{"type":"Feature","properties":{"name":"Grand Trunk Road","highway":"trunk","policy":"truck entry 23:00-07:00 (CAQM/MCD rule)"},"geometry":{"type":"LineString","coordinates":[[77.12565,28.85133],[77.12559,28.85175]]}},{"type":"Feature","properties":{"name":"NH344M","highway":"trunk","policy":"truck entry 23:00-07:00 (CAQM/MCD rule)"},"geometry":{"type":"LineString","coordinates":[[77.0963,28.80167],[77.09827,28.80218]]}},{"type":"Feature","properties":{"name":"NH344M","highway":"trunk","policy":"truck entry 23:00-07:00 (CAQM/MCD rule)"},"geometry":{"type":"LineString","coordinates":[[77.09832,28.80206],[77.09635,28.80155]]}},{"type":"Feature","properties":{"name":"NH24 Bypass","highway":"trunk","policy":"truck entry 23:00-07:00 (CAQM/MCD rule)"},"geometry":{"type":"LineString","coordinates":[[77.28318,28.61422],[77.28396,28.61496]]}},{"type":"Feature","properties":{"name":"Akshardham Flyover","highway":"trunk","policy":"truck entry 23:00-07:00 (CAQM/MCD rule)"},"geometry":{"type":"LineString","coordinates":[[77.28137,28.61604],[77.28161,28.61561]]}},{"type":"Feature","properties":{"name":"Delhi-Dehradun Expressway","highway":"trunk","policy":"truck entry 23:00-07:00 (CAQM/MCD rule)"},"geometry":{"type":"LineString","coordinates":[[77.27861,28.62038],[77.27903,28.61972],[77.27957,28.61878]]}},{"type":"Feature","properties":{"name":"Delhi-Dehradun Expressway","highway":"trunk","policy":"truck entry 23:00-07:00 (CAQM/MCD rule)"},"geometry":{"type":"LineString","coordinates":[[77.27945,28.61873],[77.27892,28.61966],[77.27847,28.62033]]}},{"type":"Feature","properties":{"name":"NH24 Bypass","highway":"trunk","policy":"truck entry 23:00-07:00 (CAQM/MCD rule)"},"geometry":{"type":"LineString","coordinates":[[77.28404,28.61429],[77.28375,28.61386],[77.28366,28.61372],[77.28355,28.61359],[77.2834,28.61338],[77.28304,28.61307],[77.28259,28.61253]]}},{"type":"Feature","properties":{"name":"Delhi Eastern Peripheral Expressway","highway":"motorway","policy":"truck entry 23:00-07:00 (CAQM/MCD rule)"},"geometry":{"type":"LineString","coordinates":[[77.28837,28.8789],[77.28745,28.87885]]}},{"type":"Feature","properties":{"name":"Delhi Eastern Peripheral Expressway","highway":"motorway","policy":"truck entry 23:00-07:00 (CAQM/MCD rule)"},"geometry":{"type":"LineString","coordinates":[[77.28551,28.87893],[77.28837,28.87912]]}},{"type":"Feature","properties":{"name":"Delhi Eastern Peripheral Expressway","highway":"motorway","policy":"truck entry 23:00-07:00 (CAQM/MCD rule)"},"geometry":{"type":"LineString","coordinates":[[77.32056,28.87137],[77.31848,28.87252],[77.31661,28.87343],[77.31417,28.8745],[77.31283,28.87501],[77.31067,28.87578],[77.30882,28.87638],[77.30542,28.87725],[77.30323,28.87774],[77.30185,28.878],[77.30047,28.87823],[77.29962,28.87835],[77.29858,28.87849],[77.29753,28.8786],[77.29602,28.87875]]}},{"type":"Feature","properties":{"name":"Delhi Eastern Peripheral Expressway","highway":"motorway","policy":"truck entry 23:00-07:00 (CAQM/MCD rule)"},"geometry":{"type":"LineString","coordinates":[[77.29597,28.87894],[77.29743,28.8788],[77.2994,28.87855],[77.30092,28.87831],[77.30304,28.87795],[77.30743,28.87693],[77.30873,28.87658],[77.31004,28.87615],[77.31172,28.87559],[77.31407,28.87469],[77.31528,28.8742],[77.31871,28.87267],[77.32064,28.87158]]}},{"type":"Feature","properties":{"name":"Delhi Eastern Peripheral Expressway","highway":"motorway","policy":"truck entry 23:00-07:00 (CAQM/MCD rule)"},"geometry":{"type":"LineString","coordinates":[[77.32064,28.87158],[77.32131,28.87121]]}},{"type":"Feature","properties":{"name":"Delhi Eastern Peripheral Expressway","highway":"motorway","policy":"truck entry 23:00-07:00 (CAQM/MCD rule)"},"geometry":{"type":"LineString","coordinates":[[77.32131,28.87121],[77.32366,28.86989]]}},{"type":"Feature","properties":{"name":"Delhi Eastern Peripheral Expressway","highway":"motorway","policy":"truck entry 23:00-07:00 (CAQM/MCD rule)"},"geometry":{"type":"LineString","coordinates":[[77.32123,28.87098],[77.32056,28.87137]]}},{"type":"Feature","properties":{"name":"Delhi Eastern Peripheral Expressway","highway":"motorway","policy":"truck entry 23:00-07:00 (CAQM/MCD rule)"},"geometry":{"type":"LineString","coordinates":[[77.32341,28.86974],[77.32123,28.87098]]}},{"type":"Feature","properties":{"name":"NH352R","highway":"trunk","policy":"truck entry 23:00-07:00 (CAQM/MCD rule)"},"geometry":{"type":"LineString","coordinates":[[76.87792,28.67147],[76.87804,28.67159],[76.8782,28.67163],[76.87836,28.67167],[76.8796,28.67202],[76.88077,28.67235],[76.88102,28.67242],[76.88181,28.67264],[76.88459,28.67329],[76.88532,28.67351],[76.88635,28.67379],[76.88751,28.6741],[76.88844,28.67437],[76.88916,28.67458],[76.88932,28.67462],[76.89067,28.675],[76.89216,28.67543],[76.89269,28.67556],[76.89303,28.67566],[76.89373,28.67586],[76.89424,28.676],[76.89481,28.67617]]}},{"type":"Feature","properties":{"name":"Outer Ring Road","highway":"trunk","policy":"truck entry 23:00-07:00 (CAQM/MCD rule)"},"geometry":{"type":"LineString","coordinates":[[77.09443,28.67944],[77.09446,28.67968]]}},{"type":"Feature","properties":{"name":"Wazirabad Flyover","highway":"trunk","policy":"truck entry 23:00-07:00 (CAQM/MCD rule)"},"geometry":{"type":"LineString","coordinates":[[77.22773,28.70551],[77.22777,28.70577],[77.22779,28.7061],[77.22779,28.70639],[77.22778,28.70663],[77.22774,28.707]]}},{"type":"Feature","properties":{"name":"Wazirabad Flyover","highway":"trunk","policy":"truck entry 23:00-07:00 (CAQM/MCD rule)"},"geometry":{"type":"LineString","coordinates":[[77.22658,28.71232],[77.22657,28.71217],[77.22658,28.71202],[77.2266,28.71189],[77.22662,28.71176],[77.22665,28.71162],[77.2267,28.71145],[77.22674,28.71134],[77.22678,28.71124],[77.22709,28.71051]]}},{"type":"Feature","properties":{"name":"Wazirabad Road","highway":"trunk","policy":"truck entry 23:00-07:00 (CAQM/MCD rule)"},"geometry":{"type":"LineString","coordinates":[[77.31565,28.69748],[77.31588,28.69748],[77.31599,28.69747],[77.3161,28.69747],[77.31665,28.69749],[77.31731,28.69759],[77.31767,28.69765],[77.31794,28.6977],[77.31821,28.69778],[77.31892,28.69798],[77.31921,28.69807],[77.32009,28.69835],[77.32021,28.69838],[77.32083,28.69852],[77.3215,28.69864],[77.32154,28.69864],[77.32224,28.69873],[77.32268,28.69875],[77.32273,28.69875],[77.32328,28.69875],[77.32347,28.69871],[77.32358,28.69868],[77.32381,28.69862]]}},{"type":"Feature","properties":{"name":"Wazirabad Road","highway":"trunk","policy":"truck entry 23:00-07:00 (CAQM/MCD rule)"},"geometry":{"type":"LineString","coordinates":[[77.32384,28.69849],[77.3235,28.69858],[77.32347,28.69859],[77.32333,28.69862],[77.32317,28.69864],[77.32283,28.69864],[77.32269,28.69863],[77.32261,28.69862],[77.32251,28.69861],[77.32236,28.6986],[77.32165,28.69852],[77.32135,28.69847],[77.32082,28.69837],[77.32014,28.69821],[77.31936,28.69798],[77.319,28.69788],[77.31828,28.69765],[77.31797,28.69757],[77.31732,28.69745],[77.31681,28.69737],[77.31644,28.69736],[77.31592,28.69734],[77.31564,28.69733],[77.3155,28.69734],[77.31524,28.69738]]}},{"type":"Feature","properties":{"name":"NH334B","highway":"trunk","policy":"truck entry 23:00-07:00 (CAQM/MCD rule)"},"geometry":{"type":"LineString","coordinates":[[76.92268,28.87119],[76.92307,28.87172]]}},{"type":"Feature","properties":{"name":"NH334B","highway":"trunk","policy":"truck entry 23:00-07:00 (CAQM/MCD rule)"},"geometry":{"type":"LineString","coordinates":[[76.92324,28.87167],[76.92287,28.87112]]}},{"type":"Feature","properties":{"name":"NH334B","highway":"trunk","policy":"truck entry 23:00-07:00 (CAQM/MCD rule)"},"geometry":{"type":"LineString","coordinates":[[76.92307,28.87172],[76.92334,28.87225],[76.92353,28.87311],[76.92355,28.87361],[76.92347,28.87414],[76.9233,28.87542],[76.92325,28.87604],[76.92323,28.87703]]}},{"type":"Feature","properties":{"name":"NH334B","highway":"trunk","policy":"truck entry 23:00-07:00 (CAQM/MCD rule)"},"geometry":{"type":"LineString","coordinates":[[76.92344,28.87763],[76.92344,28.87738],[76.92344,28.87704],[76.92343,28.87688],[76.92343,28.87662],[76.92342,28.87602],[76.92353,28.87492],[76.92365,28.87413],[76.9237,28.8737],[76.92371,28.87339],[76.92371,28.87317],[76.92366,28.87284],[76.92362,28.87259],[76.92351,28.87224],[76.92324,28.87167]]}},{"type":"Feature","properties":{"name":"NH334B","highway":"trunk","policy":"truck entry 23:00-07:00 (CAQM/MCD rule)"},"geometry":{"type":"LineString","coordinates":[[76.90636,28.86671],[76.90592,28.8667]]}},{"type":"Feature","properties":{"name":"NH334B","highway":"trunk","policy":"truck entry 23:00-07:00 (CAQM/MCD rule)"},"geometry":{"type":"LineString","coordinates":[[76.90598,28.86688],[76.90635,28.86689]]}},{"type":"Feature","properties":{"name":"NH334B","highway":"trunk","policy":"truck entry 23:00-07:00 (CAQM/MCD rule)"},"geometry":{"type":"LineString","coordinates":[[76.88543,28.85804],[76.8858,28.85844],[76.88629,28.85892],[76.88666,28.85927],[76.88748,28.85994],[76.88799,28.8603],[76.89007,28.86182],[76.89276,28.86371],[76.89469,28.86505],[76.89623,28.86612],[76.89729,28.86679],[76.89801,28.86713],[76.89851,28.86731],[76.89885,28.8674],[76.89909,28.86746],[76.89969,28.86755],[76.90028,28.86761],[76.90128,28.86758],[76.90152,28.86755],[76.90222,28.86744],[76.90434,28.86702],[76.9049,28.86692],[76.90564,28.86686],[76.90598,28.86688]]}},{"type":"Feature","properties":{"name":"NH334B","highway":"trunk","policy":"truck entry 23:00-07:00 (CAQM/MCD rule)"},"geometry":{"type":"LineString","coordinates":[[76.92287,28.87112],[76.92252,28.87084],[76.92209,28.8705],[76.92159,28.87017],[76.92096,28.86994],[76.92055,28.86982],[76.91956,28.86969],[76.91848,28.86959],[76.91769,28.86951],[76.91741,28.86949],[76.91672,28.86943],[76.91526,28.86917],[76.91326,28.86866],[76.91278,28.86855],[76.91166,28.86828],[76.91142,28.8682],[76.91062,28.86795],[76.90855,28.86724],[76.90764,28.86695],[76.90704,28.86682],[76.90636,28.86671]]}},{"type":"Feature","properties":{"name":"NH334B","highway":"trunk","policy":"truck entry 23:00-07:00 (CAQM/MCD rule)"},"geometry":{"type":"LineString","coordinates":[[76.87224,28.84921],[76.87285,28.8492]]}},{"type":"Feature","properties":{"name":"NH334B","highway":"trunk","policy":"truck entry 23:00-07:00 (CAQM/MCD rule)"},"geometry":{"type":"LineString","coordinates":[[76.86857,28.84813],[76.86967,28.84856],[76.87076,28.84898],[76.87126,28.84912],[76.87185,28.8492],[76.87224,28.84921]]}},{"type":"Feature","properties":{"name":"NH334B","highway":"trunk","policy":"truck entry 23:00-07:00 (CAQM/MCD rule)"},"geometry":{"type":"LineString","coordinates":[[76.86853,28.84798],[76.86812,28.84782]]}},{"type":"Feature","properties":{"name":"NH334B","highway":"trunk","policy":"truck entry 23:00-07:00 (CAQM/MCD rule)"},"geometry":{"type":"LineString","coordinates":[[76.86812,28.84782],[76.8676,28.8476],[76.86712,28.84738],[76.86686,28.84728],[76.86639,28.84708],[76.86476,28.84637],[76.86393,28.84599],[76.86355,28.84584],[76.86199,28.84517],[76.86022,28.84437],[76.86009,28.84431],[76.85983,28.8442],[76.85929,28.84399],[76.85918,28.84395],[76.85906,28.8439],[76.859,28.84388],[76.85885,28.84382],[76.85827,28.84362],[76.85716,28.84319],[76.85701,28.84313],[76.85657,28.84296],[76.85635,28.84287],[76.85612,28.8428],[76.85589,28.84273],[76.85565,28.84266],[76.85538,28.84261],[76.85522,28.84258],[76.85505,28.84256],[76.85489,28.84254],[76.85471,28.84252],[76.85453,28.84251],[76.85437,28.84251],[76.85423,28.84251]]}},{"type":"Feature","properties":{"name":"NH334B","highway":"trunk","policy":"truck entry 23:00-07:00 (CAQM/MCD rule)"},"geometry":{"type":"LineString","coordinates":[[76.8681,28.84798],[76.86857,28.84813]]}},{"type":"Feature","properties":{"name":"NH334B","highway":"trunk","policy":"truck entry 23:00-07:00 (CAQM/MCD rule)"},"geometry":{"type":"LineString","coordinates":[[76.86345,28.84601],[76.86387,28.84617],[76.86614,28.84719],[76.8675,28.84774],[76.8681,28.84798]]}},{"type":"Feature","properties":{"name":"NH334B","highway":"trunk","policy":"truck entry 23:00-07:00 (CAQM/MCD rule)"},"geometry":{"type":"LineString","coordinates":[[76.88516,28.85767],[76.88543,28.85804]]}},{"type":"Feature","properties":{"name":"NH334B","highway":"trunk","policy":"truck entry 23:00-07:00 (CAQM/MCD rule)"},"geometry":{"type":"LineString","coordinates":[[76.90635,28.86689],[76.90734,28.86702],[76.90817,28.86729],[76.91032,28.868],[76.9113,28.86835],[76.91231,28.86863],[76.9125,28.86868],[76.91294,28.86878],[76.91326,28.86885],[76.91348,28.8689],[76.91457,28.86917],[76.91558,28.86941],[76.91599,28.86947],[76.91651,28.86955],[76.91733,28.86964],[76.91828,28.86976],[76.91954,28.86985],[76.92033,28.86995],[76.92085,28.87007],[76.92135,28.87026],[76.92183,28.8705],[76.92242,28.87093],[76.92268,28.87119]]}},{"type":"Feature","properties":{"name":"NH334B","highway":"trunk","policy":"truck entry 23:00-07:00 (CAQM/MCD rule)"},"geometry":{"type":"LineString","coordinates":[[76.90592,28.8667],[76.90514,28.86673],[76.90438,28.86684],[76.90319,28.86709],[76.90197,28.86733],[76.90134,28.86742],[76.90075,28.86745],[76.90002,28.86744],[76.89951,28.86738],[76.89886,28.86724],[76.89816,28.86703],[76.89752,28.86672],[76.89663,28.86616],[76.89577,28.86554],[76.8948,28.86488],[76.89367,28.86411],[76.89245,28.86331],[76.89157,28.86272],[76.89029,28.86177],[76.88917,28.86084],[76.88815,28.86014],[76.88781,28.85992],[76.88754,28.85974],[76.88714,28.85944],[76.88636,28.85875],[76.8856,28.858],[76.88541,28.85774],[76.88527,28.85755],[76.88503,28.85707],[76.88488,28.8566],[76.88463,28.85538],[76.8844,28.854],[76.88422,28.85305],[76.88414,28.85245],[76.88412,28.85235],[76.88395,28.85166],[76.88381,28.85121],[76.88374,28.851],[76.88345,28.85051],[76.88306,28.85004],[76.8828,28.84976],[76.88231,28.8494],[76.88194,28.84922],[76.88146,28.84899],[76.88108,28.84886],[76.88081,28.8488],[76.88035,28.84872],[76.88004,28.84869],[76.87926,28.8487],[76.87854,28.8487],[76.87784,28.84871],[76.87771,28.84871],[76.87746,28.84875],[76.87686,28.84881],[76.87629,28.84885],[76.87386,28.84901],[76.87298,28.84907],[76.87263,28.84907],[76.87228,28.84908],[76.87179,28.84904],[76.8714,28.849],[76.87093,28.84888],[76.87074,28.84881],[76.87016,28.84859],[76.86919,28.84822],[76.86853,28.84798]]}},{"type":"Feature","properties":{"name":"NH334B","highway":"trunk","policy":"truck entry 23:00-07:00 (CAQM/MCD rule)"},"geometry":{"type":"LineString","coordinates":[[76.87285,28.8492],[76.87377,28.84916],[76.87682,28.84898],[76.87787,28.84894],[76.87822,28.84892],[76.87963,28.84886],[76.88019,28.84887],[76.88091,28.849],[76.8813,28.84912],[76.88133,28.84914],[76.88176,28.8493],[76.88215,28.84954],[76.88254,28.8498],[76.88297,28.85022],[76.88345,28.85085],[76.88361,28.85124],[76.88367,28.85137],[76.88393,28.85243],[76.88424,28.85413],[76.88456,28.85598],[76.88478,28.85691],[76.88496,28.85733],[76.88516,28.85767]]}},{"type":"Feature","properties":{"name":"Mathura Road","highway":"trunk","policy":"truck entry 23:00-07:00 (CAQM/MCD rule)"},"geometry":{"type":"LineString","coordinates":[[77.26745,28.56032],[77.26769,28.55998],[77.26783,28.55979],[77.26807,28.55945],[77.26813,28.55937],[77.26884,28.55839],[77.26904,28.55811],[77.26943,28.55758],[77.27018,28.55658]]}},{"type":"Feature","properties":{"name":"freight corridor","highway":"trunk","policy":"truck entry 23:00-07:00 (CAQM/MCD rule)"},"geometry":{"type":"LineString","coordinates":[[77.08317,28.68069],[77.08319,28.68086]]}},{"type":"Feature","properties":{"name":"freight corridor","highway":"trunk","policy":"truck entry 23:00-07:00 (CAQM/MCD rule)"},"geometry":{"type":"LineString","coordinates":[[77.14826,28.58662],[77.14815,28.58657],[77.14805,28.58652],[77.14793,28.58645],[77.14785,28.5864],[77.14775,28.58633],[77.14759,28.58622],[77.1475,28.58614],[77.14726,28.58593],[77.14709,28.58579],[77.14705,28.58576],[77.14699,28.58574],[77.14694,28.58574],[77.1469,28.58575],[77.14685,28.58577],[77.14681,28.5858],[77.14679,28.58583],[77.14678,28.58586],[77.14677,28.58591],[77.14678,28.58596],[77.14696,28.58617],[77.14705,28.58628],[77.14713,28.58639],[77.14719,28.58646],[77.14724,28.58654]]}},{"type":"Feature","properties":{"name":"Delhi-Gurugram Expressway","highway":"motorway","policy":"truck entry 23:00-07:00 (CAQM/MCD rule)"},"geometry":{"type":"LineString","coordinates":[[77.13393,28.5656],[77.13393,28.56563],[77.13403,28.56717],[77.13407,28.56783],[77.1341,28.56825]]}},{"type":"Feature","properties":{"name":"Delhi-Gurugram Expressway","highway":"motorway","policy":"truck entry 23:00-07:00 (CAQM/MCD rule)"},"geometry":{"type":"LineString","coordinates":[[77.09279,28.51185],[77.09274,28.51223]]}},{"type":"Feature","properties":{"name":"Delhi-Gurugram Expressway","highway":"motorway","policy":"truck entry 23:00-07:00 (CAQM/MCD rule)"},"geometry":{"type":"LineString","coordinates":[[77.09274,28.51223],[77.09274,28.51253]]}},{"type":"Feature","properties":{"name":"Delhi-Gurugram Expressway","highway":"motorway","policy":"truck entry 23:00-07:00 (CAQM/MCD rule)"},"geometry":{"type":"LineString","coordinates":[[77.09488,28.50753],[77.09461,28.50811]]}},{"type":"Feature","properties":{"name":"Shastri Park Flyover","highway":"trunk","policy":"truck entry 23:00-07:00 (CAQM/MCD rule)"},"geometry":{"type":"LineString","coordinates":[[77.25254,28.67323],[77.25334,28.67309],[77.25498,28.67285]]}},{"type":"Feature","properties":{"name":"Shastri Park Flyover","highway":"trunk","policy":"truck entry 23:00-07:00 (CAQM/MCD rule)"},"geometry":{"type":"LineString","coordinates":[[77.25526,28.67269],[77.25495,28.67274],[77.25321,28.67303],[77.25252,28.67314]]}},{"type":"Feature","properties":{"name":"Shastri Park Flyover","highway":"trunk","policy":"truck entry 23:00-07:00 (CAQM/MCD rule)"},"geometry":{"type":"LineString","coordinates":[[77.26013,28.67187],[77.25839,28.67217],[77.25712,28.67238],[77.25612,28.67254]]}},{"type":"Feature","properties":{"name":"Shastri Park Flyover","highway":"trunk","policy":"truck entry 23:00-07:00 (CAQM/MCD rule)"},"geometry":{"type":"LineString","coordinates":[[77.25618,28.67265],[77.25716,28.67247],[77.25842,28.67226],[77.25868,28.67221],[77.26016,28.67197]]}},{"type":"Feature","properties":{"name":"Grand Trunk Road","highway":"trunk","policy":"truck entry 23:00-07:00 (CAQM/MCD rule)"},"geometry":{"type":"LineString","coordinates":[[77.15511,28.73587],[77.15503,28.73597],[77.15498,28.73604],[77.15475,28.73634],[77.15456,28.73674],[77.15447,28.73721],[77.15436,28.73794],[77.15431,28.73828],[77.15429,28.73843],[77.15417,28.73882],[77.15365,28.74045],[77.15349,28.74089],[77.15342,28.74107],[77.15338,28.74117],[77.14963,28.75277]]}},{"type":"Feature","properties":{"name":"Grand Trunk Road","highway":"trunk","policy":"truck entry 23:00-07:00 (CAQM/MCD rule)"},"geometry":{"type":"LineString","coordinates":[[77.14963,28.75277],[77.14954,28.75302]]}},{"type":"Feature","properties":{"name":"Grand Trunk Road","highway":"trunk","policy":"truck entry 23:00-07:00 (CAQM/MCD rule)"},"geometry":{"type":"LineString","coordinates":[[77.14979,28.7528],[77.15052,28.75058],[77.15356,28.74121],[77.15359,28.74109],[77.15423,28.73915],[77.1543,28.73896],[77.15436,28.73877],[77.15439,28.73866]]}},{"type":"Feature","properties":{"name":"Grand Trunk Road","highway":"trunk","policy":"truck entry 23:00-07:00 (CAQM/MCD rule)"},"geometry":{"type":"LineString","coordinates":[[77.1497,28.75307],[77.14979,28.7528]]}},{"type":"Feature","properties":{"name":"Loni Road","highway":"trunk","policy":"truck entry 23:00-07:00 (CAQM/MCD rule)"},"geometry":{"type":"LineString","coordinates":[[77.26352,28.84356],[77.26354,28.8435],[77.26378,28.84276],[77.26401,28.84203],[77.26403,28.84196],[77.26422,28.8414],[77.26442,28.84076],[77.26446,28.84065],[77.26448,28.84059],[77.2646,28.84023],[77.26505,28.83888],[77.26548,28.83753],[77.26575,28.83668],[77.26578,28.83659],[77.26612,28.83553],[77.26618,28.83534],[77.26684,28.83333],[77.26696,28.83296],[77.26747,28.83143],[77.26759,28.8311],[77.26773,28.83062],[77.2678,28.83038],[77.26793,28.82996],[77.26811,28.82936],[77.26828,28.82885],[77.2683,28.8288],[77.26847,28.82822],[77.26867,28.82772],[77.26908,28.82658],[77.26913,28.82646],[77.26941,28.82559],[77.26965,28.82486],[77.26982,28.82434],[77.27003,28.82372],[77.27016,28.82334],[77.27018,28.82328],[77.27037,28.82267],[77.27064,28.82178],[77.27086,28.82117],[77.27103,28.82079],[77.27131,28.82027],[77.27159,28.8198],[77.27179,28.81949]]}},{"type":"Feature","properties":{"name":"Loni Road","highway":"trunk","policy":"truck entry 23:00-07:00 (CAQM/MCD rule)"},"geometry":{"type":"LineString","coordinates":[[77.26349,28.84366],[77.26352,28.84356]]}},{"type":"Feature","properties":{"name":"Loni Road","highway":"trunk","policy":"truck entry 23:00-07:00 (CAQM/MCD rule)"},"geometry":{"type":"LineString","coordinates":[[77.26343,28.84354],[77.2634,28.84364]]}},{"type":"Feature","properties":{"name":"Loni Road","highway":"trunk","policy":"truck entry 23:00-07:00 (CAQM/MCD rule)"},"geometry":{"type":"LineString","coordinates":[[77.26744,28.83107],[77.26734,28.8314],[77.26667,28.83355],[77.26599,28.83565],[77.26568,28.83662],[77.26539,28.83751],[77.26529,28.83781],[77.26464,28.83984],[77.26438,28.84062],[77.26434,28.84074],[77.26429,28.8409],[77.26415,28.84134],[77.26393,28.84202],[77.26387,28.84219],[77.26343,28.84354]]}},{"type":"Feature","properties":{"name":"Delhi Western Peripheral Expressway","highway":"motorway","policy":"truck entry 23:00-07:00 (CAQM/MCD rule)"},"geometry":{"type":"LineString","coordinates":[[76.85864,28.45038],[76.85779,28.45413],[76.85719,28.45677],[76.85704,28.45756],[76.85682,28.45887]]}},{"type":"Feature","properties":{"name":"Delhi Western Peripheral Expressway","highway":"motorway","policy":"truck entry 23:00-07:00 (CAQM/MCD rule)"},"geometry":{"type":"LineString","coordinates":[[76.85869,28.45015],[76.85864,28.45038]]}},{"type":"Feature","properties":{"name":"Delhi Western Peripheral Expressway","highway":"motorway","policy":"truck entry 23:00-07:00 (CAQM/MCD rule)"},"geometry":{"type":"LineString","coordinates":[[76.8589,28.45017],[76.85933,28.44823],[76.85954,28.4473],[76.8603,28.44397]]}},{"type":"Feature","properties":{"name":"Delhi Western Peripheral Expressway","highway":"motorway","policy":"truck entry 23:00-07:00 (CAQM/MCD rule)"},"geometry":{"type":"LineString","coordinates":[[76.85885,28.45039],[76.8589,28.45017]]}},{"type":"Feature","properties":{"name":"Delhi Western Peripheral Expressway","highway":"motorway","policy":"truck entry 23:00-07:00 (CAQM/MCD rule)"},"geometry":{"type":"LineString","coordinates":[[76.86189,28.43715],[76.86361,28.42984],[76.86377,28.42923]]}},{"type":"Feature","properties":{"name":"Delhi Western Peripheral Expressway","highway":"motorway","policy":"truck entry 23:00-07:00 (CAQM/MCD rule)"},"geometry":{"type":"LineString","coordinates":[[76.86178,28.43753],[76.86189,28.43715]]}},{"type":"Feature","properties":{"name":"Delhi Western Peripheral Expressway","highway":"motorway","policy":"truck entry 23:00-07:00 (CAQM/MCD rule)"},"geometry":{"type":"LineString","coordinates":[[76.86163,28.4372],[76.86155,28.43753]]}},{"type":"Feature","properties":{"name":"Delhi Western Peripheral Expressway","highway":"motorway","policy":"truck entry 23:00-07:00 (CAQM/MCD rule)"},"geometry":{"type":"LineString","coordinates":[[76.86357,28.42918],[76.86342,28.42983],[76.86163,28.4372]]}},{"type":"Feature","properties":{"name":"Delhi Western Peripheral Expressway","highway":"motorway","policy":"truck entry 23:00-07:00 (CAQM/MCD rule)"},"geometry":{"type":"LineString","coordinates":[[76.86035,28.44378],[76.86142,28.43908],[76.86178,28.43753]]}},{"type":"Feature","properties":{"name":"Delhi Western Peripheral Expressway","highway":"motorway","policy":"truck entry 23:00-07:00 (CAQM/MCD rule)"},"geometry":{"type":"LineString","coordinates":[[76.8603,28.44397],[76.86035,28.44378]]}},{"type":"Feature","properties":{"name":"Delhi Western Peripheral Expressway","highway":"motorway","policy":"truck entry 23:00-07:00 (CAQM/MCD rule)"},"geometry":{"type":"LineString","coordinates":[[76.86014,28.44374],[76.8601,28.44392]]}},{"type":"Feature","properties":{"name":"Delhi Western Peripheral Expressway","highway":"motorway","policy":"truck entry 23:00-07:00 (CAQM/MCD rule)"},"geometry":{"type":"LineString","coordinates":[[76.86155,28.43753],[76.86014,28.44374]]}},{"type":"Feature","properties":{"name":"Urban Extension Road-II","highway":"trunk","policy":"truck entry 23:00-07:00 (CAQM/MCD rule)"},"geometry":{"type":"LineString","coordinates":[[77.11347,28.80566],[77.11145,28.80526],[77.10794,28.8045],[77.107,28.80429]]}},{"type":"Feature","properties":{"name":"Urban Extension Road-II","highway":"trunk","policy":"truck entry 23:00-07:00 (CAQM/MCD rule)"},"geometry":{"type":"LineString","coordinates":[[77.11381,28.80573],[77.11347,28.80566]]}},{"type":"Feature","properties":{"name":"Urban Extension Road-II","highway":"trunk","policy":"truck entry 23:00-07:00 (CAQM/MCD rule)"},"geometry":{"type":"LineString","coordinates":[[77.11339,28.80578],[77.11373,28.80586]]}},{"type":"Feature","properties":{"name":"Urban Extension Road-II","highway":"trunk","policy":"truck entry 23:00-07:00 (CAQM/MCD rule)"},"geometry":{"type":"LineString","coordinates":[[77.10697,28.80441],[77.1079,28.80461],[77.11339,28.80578]]}},{"type":"Feature","properties":{"name":"Ring Road","highway":"trunk","policy":"truck entry 23:00-07:00 (CAQM/MCD rule)"},"geometry":{"type":"LineString","coordinates":[[77.24543,28.65939],[77.2452,28.65933]]}},{"type":"Feature","properties":{"name":"Ring Road","highway":"trunk","policy":"truck entry 23:00-07:00 (CAQM/MCD rule)"},"geometry":{"type":"LineString","coordinates":[[77.2452,28.65933],[77.2449,28.65924],[77.24451,28.65911],[77.24428,28.65908],[77.2441,28.65909],[77.24396,28.65913]]}},{"type":"Feature","properties":{"name":"Loni Road","highway":"trunk","policy":"truck entry 23:00-07:00 (CAQM/MCD rule)"},"geometry":{"type":"LineString","coordinates":[[77.27179,28.81949],[77.27219,28.81877],[77.27255,28.81813],[77.27286,28.81757],[77.27313,28.81704],[77.27316,28.817],[77.27347,28.8165],[77.27373,28.8159],[77.2739,28.81542],[77.27393,28.81526],[77.27397,28.81506],[77.27398,28.81494],[77.27399,28.81477],[77.27396,28.81421],[77.27393,28.81394],[77.27391,28.81381],[77.27388,28.81368],[77.2738,28.81328],[77.27364,28.81253],[77.27342,28.81131],[77.2734,28.81122],[77.27339,28.81112],[77.27338,28.81094],[77.27333,28.81066],[77.27328,28.81034],[77.27326,28.81023],[77.27323,28.80987],[77.27322,28.80968],[77.27324,28.80945],[77.27328,28.80932],[77.27347,28.80879],[77.27353,28.80855],[77.27366,28.80797],[77.27367,28.80791],[77.27377,28.80734],[77.27389,28.80684],[77.27401,28.80645],[77.27413,28.80578],[77.27423,28.80525],[77.27424,28.8052],[77.27429,28.80494],[77.27431,28.80485],[77.27439,28.80448],[77.27447,28.80409],[77.27464,28.80307],[77.27469,28.80281],[77.27472,28.80261],[77.27477,28.80241],[77.27488,28.80201],[77.27503,28.80132],[77.27517,28.80046],[77.27529,28.79952],[77.27569,28.7977],[77.2757,28.79759],[77.27576,28.79708],[77.27576,28.797],[77.2758,28.79645],[77.27585,28.79626],[77.27603,28.79543],[77.27613,28.79495],[77.27617,28.79474],[77.27639,28.79357],[77.27645,28.79315],[77.27651,28.79291],[77.27652,28.79283],[77.27654,28.79275],[77.27656,28.79261]]}},{"type":"Feature","properties":{"name":"Loni Road","highway":"trunk","policy":"truck entry 23:00-07:00 (CAQM/MCD rule)"},"geometry":{"type":"LineString","coordinates":[[77.27656,28.79261],[77.27664,28.79216],[77.27673,28.79171],[77.27674,28.7916],[77.2768,28.79124],[77.27691,28.79051],[77.27695,28.7903],[77.27706,28.78959],[77.27717,28.78902],[77.27725,28.78843]]}},{"type":"Feature","properties":{"name":"Loni Road","highway":"trunk","policy":"truck entry 23:00-07:00 (CAQM/MCD rule)"},"geometry":{"type":"LineString","coordinates":[[77.27375,28.81398],[77.27381,28.8145],[77.27383,28.81473],[77.27382,28.81487],[77.27381,28.81499],[77.2738,28.81505],[77.27378,28.81521],[77.27374,28.81538],[77.27369,28.81563],[77.27342,28.8162],[77.27304,28.81691],[77.27243,28.81792],[77.27189,28.81889],[77.27171,28.81924],[77.27153,28.81955],[77.27117,28.82013],[77.27114,28.8202],[77.2711,28.82028],[77.27082,28.82086],[77.27057,28.82142],[77.27029,28.82213],[77.27016,28.82249],[77.26985,28.82337],[77.26944,28.82469],[77.26907,28.82579],[77.26888,28.82639],[77.26875,28.82681],[77.26849,28.82774],[77.26833,28.82823],[77.26819,28.82864],[77.26815,28.82884],[77.26812,28.82892],[77.26802,28.82923],[77.2677,28.83021],[77.26744,28.83107]]}},{"type":"Feature","properties":{"name":"Grand Trunk Road","highway":"trunk","policy":"truck entry 23:00-07:00 (CAQM/MCD rule)"},"geometry":{"type":"LineString","coordinates":[[77.12581,28.85176],[77.12588,28.85134]]}},{"type":"Feature","properties":{"name":"Grand Trunk Road","highway":"trunk","policy":"truck entry 23:00-07:00 (CAQM/MCD rule)"},"geometry":{"type":"LineString","coordinates":[[77.12478,28.85731],[77.12527,28.85464],[77.12538,28.85395]]}},{"type":"Feature","properties":{"name":"Mathura Road Flyover","highway":"trunk","policy":"truck entry 23:00-07:00 (CAQM/MCD rule)"},"geometry":{"type":"LineString","coordinates":[[77.30795,28.44779],[77.308,28.44713],[77.30812,28.44566],[77.30833,28.44332],[77.30839,28.44247],[77.30844,28.44193]]}},{"type":"Feature","properties":{"name":"Mathura Road Flyover","highway":"trunk","policy":"truck entry 23:00-07:00 (CAQM/MCD rule)"},"geometry":{"type":"LineString","coordinates":[[77.30853,28.44106],[77.30859,28.44053],[77.30872,28.439],[77.30883,28.43765],[77.30899,28.43584]]}},{"type":"Feature","properties":{"name":"Mathura Road Flyover","highway":"trunk","policy":"truck entry 23:00-07:00 (CAQM/MCD rule)"},"geometry":{"type":"LineString","coordinates":[[77.30829,28.44192],[77.30809,28.44444],[77.3078,28.4478]]}},{"type":"Feature","properties":{"name":"Mathura Road","highway":"trunk","policy":"truck entry 23:00-07:00 (CAQM/MCD rule)"},"geometry":{"type":"LineString","coordinates":[[77.30766,28.44953],[77.30695,28.45798],[77.30691,28.4585],[77.30682,28.45959]]}},{"type":"Feature","properties":{"name":"Aurobindo Marg","highway":"trunk","policy":"truck entry 23:00-07:00 (CAQM/MCD rule)"},"geometry":{"type":"LineString","coordinates":[[77.18908,28.52764],[77.18916,28.52772]]}},{"type":"Feature","properties":{"name":"Grand Trunk Road","highway":"trunk","policy":"truck entry 23:00-07:00 (CAQM/MCD rule)"},"geometry":{"type":"LineString","coordinates":[[77.12049,28.87658],[77.1203,28.87708],[77.12008,28.87771],[77.11986,28.87831],[77.11974,28.87861],[77.11956,28.87908],[77.11924,28.87993]]}},{"type":"Feature","properties":{"name":"Mathura Road","highway":"trunk","policy":"truck entry 23:00-07:00 (CAQM/MCD rule)"},"geometry":{"type":"LineString","coordinates":[[77.30566,28.47318],[77.30551,28.47461]]}},{"type":"Feature","properties":{"name":"Mathura Road","highway":"trunk","policy":"truck entry 23:00-07:00 (CAQM/MCD rule)"},"geometry":{"type":"LineString","coordinates":[[77.30551,28.47461],[77.3055,28.47478]]}},{"type":"Feature","properties":{"name":"Mathura Road","highway":"trunk","policy":"truck entry 23:00-07:00 (CAQM/MCD rule)"},"geometry":{"type":"LineString","coordinates":[[77.30564,28.47615],[77.30582,28.47463],[77.30582,28.47401],[77.30585,28.47329],[77.30585,28.47296]]}},{"type":"Feature","properties":{"name":"Mathura Road","highway":"trunk","policy":"truck entry 23:00-07:00 (CAQM/MCD rule)"},"geometry":{"type":"LineString","coordinates":[[77.30562,28.47633],[77.30563,28.47628],[77.30564,28.47615]]}},{"type":"Feature","properties":{"name":"GT Road","highway":"trunk","policy":"truck entry 23:00-07:00 (CAQM/MCD rule)"},"geometry":{"type":"LineString","coordinates":[[77.35962,28.6776],[77.35904,28.67756],[77.35803,28.6775],[77.35595,28.67739],[77.35576,28.67738],[77.35547,28.67737],[77.3553,28.67736],[77.35518,28.67735],[77.35467,28.67734],[77.3546,28.67734],[77.35403,28.67729],[77.35398,28.67729],[77.35359,28.67727],[77.35326,28.67726],[77.35275,28.67724],[77.35229,28.67722],[77.35212,28.67721],[77.35208,28.67721],[77.35143,28.67718],[77.35066,28.67714],[77.34984,28.67711],[77.34785,28.67702],[77.3456,28.67695],[77.34509,28.67693],[77.34416,28.67689],[77.34264,28.67682],[77.34194,28.6768],[77.34139,28.67678],[77.34039,28.67674],[77.34017,28.67673],[77.33891,28.67669],[77.33837,28.67668],[77.33723,28.67666],[77.33558,28.67662],[77.33454,28.67658],[77.33398,28.67658],[77.33239,28.67654],[77.33195,28.67652],[77.33063,28.67645],[77.32949,28.67642],[77.32824,28.67639],[77.32803,28.6764],[77.32772,28.67638],[77.32705,28.67635],[77.32702,28.67635],[77.32587,28.67635],[77.32521,28.67633]]}},{"type":"Feature","properties":{"name":"NH334B","highway":"trunk","policy":"truck entry 23:00-07:00 (CAQM/MCD rule)"},"geometry":{"type":"LineString","coordinates":[[76.85423,28.84251],[76.85407,28.84251]]}},{"type":"Feature","properties":{"name":"NH334B","highway":"trunk","policy":"truck entry 23:00-07:00 (CAQM/MCD rule)"},"geometry":{"type":"LineString","coordinates":[[76.85407,28.84251],[76.85396,28.84251],[76.85384,28.84252],[76.8537,28.84254],[76.85326,28.84261],[76.85215,28.84284],[76.85044,28.84319],[76.84849,28.84358],[76.84831,28.84362],[76.84814,28.84366],[76.84802,28.84368],[76.84775,28.84373],[76.84678,28.84392],[76.84666,28.84394],[76.84585,28.84411],[76.84557,28.84416],[76.84543,28.84418],[76.84532,28.8442],[76.84518,28.84421],[76.84482,28.84422],[76.84468,28.84422],[76.8444,28.84422],[76.84427,28.84422],[76.84415,28.8442],[76.84374,28.84413],[76.84361,28.8441],[76.84339,28.84404],[76.84324,28.84399],[76.84309,28.84394],[76.84295,28.84388],[76.84273,28.84378],[76.84262,28.84372],[76.84246,28.84364],[76.84233,28.84356],[76.84205,28.84338],[76.84194,28.84329],[76.84183,28.84321],[76.84128,28.84273],[76.84019,28.84176],[76.83951,28.84113]]}},{"type":"Feature","properties":{"name":"NH334B","highway":"trunk","policy":"truck entry 23:00-07:00 (CAQM/MCD rule)"},"geometry":{"type":"LineString","coordinates":[[76.85408,28.84266],[76.85424,28.84265]]}},{"type":"Feature","properties":{"name":"NH334B","highway":"trunk","policy":"truck entry 23:00-07:00 (CAQM/MCD rule)"},"geometry":{"type":"LineString","coordinates":[[76.85424,28.84265],[76.85436,28.84265],[76.85448,28.84265],[76.85475,28.84267],[76.85501,28.84271],[76.85519,28.84274],[76.85548,28.84279],[76.85567,28.84283],[76.85592,28.8429],[76.85706,28.84332],[76.85774,28.84358],[76.85802,28.84369],[76.85897,28.84404],[76.85912,28.8441]]}},{"type":"Feature","properties":{"name":"NH334B","highway":"trunk","policy":"truck entry 23:00-07:00 (CAQM/MCD rule)"},"geometry":{"type":"LineString","coordinates":[[76.8394,28.84123],[76.83977,28.84155],[76.84042,28.84214],[76.84103,28.8427],[76.84145,28.84308],[76.84154,28.84316],[76.84167,28.84326],[76.84183,28.84338],[76.842,28.84351],[76.84213,28.84359],[76.84237,28.84374],[76.84263,28.84388],[76.84287,28.844],[76.84311,28.84409],[76.84345,28.8442],[76.84376,28.84428],[76.84395,28.84432],[76.84413,28.84435],[76.8444,28.84438],[76.84458,28.84439],[76.8449,28.84439],[76.84518,28.84438],[76.84537,28.84436],[76.84576,28.84431],[76.84623,28.84422],[76.84679,28.84411],[76.84707,28.84404],[76.84838,28.84376],[76.84993,28.84344],[76.85145,28.84313],[76.85185,28.84304],[76.85241,28.84291],[76.85277,28.84283],[76.853,28.84279],[76.85331,28.84274],[76.85353,28.8427],[76.85375,28.84268],[76.85396,28.84266],[76.85408,28.84266]]}},{"type":"Feature","properties":{"name":"Dwarka Expressway","highway":"motorway","policy":"truck entry 23:00-07:00 (CAQM/MCD rule)"},"geometry":{"type":"LineString","coordinates":[[76.98953,28.40602],[76.98756,28.40687]]}},{"type":"Feature","properties":{"name":"Dwarka Expressway","highway":"motorway","policy":"truck entry 23:00-07:00 (CAQM/MCD rule)"},"geometry":{"type":"LineString","coordinates":[[76.98764,28.40699],[76.9896,28.40616]]}},{"type":"Feature","properties":{"name":"National Highway 24 Bypass","highway":"trunk","policy":"truck entry 23:00-07:00 (CAQM/MCD rule)"},"geometry":{"type":"LineString","coordinates":[[77.33977,28.63263],[77.34007,28.63264],[77.34134,28.63267],[77.34216,28.63268],[77.34226,28.63268],[77.34328,28.63266],[77.344,28.63265]]}},{"type":"Feature","properties":{"name":"Mathura Road","highway":"trunk","policy":"truck entry 23:00-07:00 (CAQM/MCD rule)"},"geometry":{"type":"LineString","coordinates":[[77.2869,28.53238],[77.28776,28.53053],[77.28816,28.52962],[77.28841,28.52917],[77.28862,28.52885],[77.28893,28.52848],[77.28918,28.52819],[77.28955,28.52777],[77.2896,28.52772]]}},{"type":"Feature","properties":{"name":"Mathura Road","highway":"trunk","policy":"truck entry 23:00-07:00 (CAQM/MCD rule)"},"geometry":{"type":"LineString","coordinates":[[77.2896,28.52772],[77.28971,28.52763]]}},{"type":"Feature","properties":{"name":"Rajiv Chowk Underpass","highway":"trunk","policy":"truck entry 23:00-07:00 (CAQM/MCD rule)"},"geometry":{"type":"LineString","coordinates":[[77.03405,28.44199],[77.03395,28.44292],[77.03375,28.44429],[77.03369,28.44466],[77.03366,28.44484],[77.03362,28.44508]]}},{"type":"Feature","properties":{"name":"Rajiv Chowk Underpass","highway":"trunk","policy":"truck entry 23:00-07:00 (CAQM/MCD rule)"},"geometry":{"type":"LineString","coordinates":[[77.03384,28.44509],[77.03385,28.44484],[77.03389,28.44434],[77.03417,28.44201]]}},{"type":"Feature","properties":{"name":"Shubhash Chowk Underpass","highway":"trunk","policy":"truck entry 23:00-07:00 (CAQM/MCD rule)"},"geometry":{"type":"LineString","coordinates":[[77.03803,28.42483],[77.03739,28.42709],[77.03703,28.4283]]}},{"type":"Feature","properties":{"name":"Shubhash Chowk Underpass","highway":"trunk","policy":"truck entry 23:00-07:00 (CAQM/MCD rule)"},"geometry":{"type":"LineString","coordinates":[[77.03716,28.42833],[77.03752,28.42714],[77.03819,28.42486]]}},{"type":"Feature","properties":{"name":"Shubhash Chowk Underpass","highway":"trunk","policy":"truck entry 23:00-07:00 (CAQM/MCD rule)"},"geometry":{"type":"LineString","coordinates":[[77.03819,28.42429],[77.03807,28.4247],[77.03803,28.42483]]}},{"type":"Feature","properties":{"name":"Sohna Road","highway":"trunk","policy":"truck entry 23:00-07:00 (CAQM/MCD rule)"},"geometry":{"type":"LineString","coordinates":[[77.03822,28.42474],[77.03827,28.42457],[77.03835,28.42432],[77.03836,28.42427],[77.03843,28.42406],[77.03844,28.42402]]}},{"type":"Feature","properties":{"name":"NH334B","highway":"trunk","policy":"truck entry 23:00-07:00 (CAQM/MCD rule)"},"geometry":{"type":"LineString","coordinates":[[76.92349,28.87949],[76.92347,28.87896],[76.92346,28.87819],[76.92344,28.87763]]}},{"type":"Feature","properties":{"name":"NH334B","highway":"trunk","policy":"truck entry 23:00-07:00 (CAQM/MCD rule)"},"geometry":{"type":"LineString","coordinates":[[76.92348,28.88025],[76.92349,28.87949]]}},{"type":"Feature","properties":{"name":"NH334B","highway":"trunk","policy":"truck entry 23:00-07:00 (CAQM/MCD rule)"},"geometry":{"type":"LineString","coordinates":[[76.92327,28.87949],[76.92328,28.88025]]}},{"type":"Feature","properties":{"name":"Aurobindo Marg","highway":"trunk","policy":"truck entry 23:00-07:00 (CAQM/MCD rule)"},"geometry":{"type":"LineString","coordinates":[[77.20675,28.55798],[77.2067,28.5577],[77.20667,28.55757],[77.20667,28.55754],[77.20667,28.55753],[77.20657,28.55704]]}},{"type":"Feature","properties":{"name":"Outer Ring Road Underpass","highway":"trunk","policy":"truck entry 23:00-07:00 (CAQM/MCD rule)"},"geometry":{"type":"LineString","coordinates":[[77.13095,28.70375],[77.13035,28.70316],[77.12982,28.70275],[77.12849,28.70197]]}},{"type":"Feature","properties":{"name":"Delhi-Dehradun Expressway","highway":"motorway","policy":"truck entry 23:00-07:00 (CAQM/MCD rule)"},"geometry":{"type":"LineString","coordinates":[[77.26079,28.73714],[77.26072,28.73658],[77.26069,28.7363],[77.26063,28.73589],[77.2601,28.73235],[77.25971,28.72942],[77.25943,28.72749],[77.25849,28.72118],[77.25822,28.71925],[77.2581,28.71842],[77.25801,28.7178],[77.25792,28.71716],[77.25778,28.71612]]}},{"type":"Feature","properties":{"name":"Aurobindo Marg","highway":"trunk","policy":"truck entry 23:00-07:00 (CAQM/MCD rule)"},"geometry":{"type":"LineString","coordinates":[[77.19747,28.53644],[77.19813,28.53782],[77.19816,28.53788],[77.19832,28.53817],[77.19842,28.53836],[77.19847,28.53844],[77.19851,28.53852],[77.19867,28.53883],[77.19897,28.53937],[77.19902,28.5395],[77.19944,28.54061],[77.19956,28.54093],[77.20042,28.54272],[77.20094,28.54383],[77.20106,28.54411]]}},{"type":"Feature","properties":{"name":"freight corridor","highway":"trunk","policy":"truck entry 23:00-07:00 (CAQM/MCD rule)"},"geometry":{"type":"LineString","coordinates":[[77.28943,28.60293],[77.28935,28.60289],[77.28908,28.60278]]}},{"type":"Feature","properties":{"name":"freight corridor","highway":"trunk","policy":"truck entry 23:00-07:00 (CAQM/MCD rule)"},"geometry":{"type":"LineString","coordinates":[[77.28901,28.60293],[77.28936,28.60307]]}},{"type":"Feature","properties":{"name":"Urban Extension Road-II","highway":"trunk","policy":"truck entry 23:00-07:00 (CAQM/MCD rule)"},"geometry":{"type":"LineString","coordinates":[[77.0529,28.55294],[77.05249,28.55335],[77.05201,28.55374],[77.05137,28.55415],[77.04994,28.55503],[77.04894,28.55563],[77.04754,28.55643],[77.04559,28.55767]]}},{"type":"Feature","properties":{"name":"Urban Extension Road-II","highway":"trunk","policy":"truck entry 23:00-07:00 (CAQM/MCD rule)"},"geometry":{"type":"LineString","coordinates":[[77.05098,28.55455],[77.0516,28.55418],[77.05176,28.55408],[77.05224,28.55374],[77.05261,28.55344],[77.05298,28.55306],[77.05321,28.55278],[77.0534,28.55247],[77.05358,28.55215],[77.05376,28.5518],[77.0539,28.55147],[77.05406,28.55113],[77.05419,28.55079],[77.05431,28.55054],[77.05449,28.55017],[77.05465,28.54988],[77.05486,28.54959],[77.05514,28.54929],[77.05537,28.5491],[77.05565,28.54887]]}},{"type":"Feature","properties":{"name":"Urban Extension Road-II","highway":"trunk","policy":"truck entry 23:00-07:00 (CAQM/MCD rule)"},"geometry":{"type":"LineString","coordinates":[[77.00737,28.57266],[77.00769,28.57179],[77.00801,28.57114],[77.00829,28.57071],[77.00886,28.56994],[77.00925,28.5695],[77.00978,28.56898],[77.01037,28.56847],[77.01052,28.56836],[77.01124,28.56789],[77.01187,28.56752],[77.0124,28.56725],[77.01306,28.56699],[77.01386,28.56671],[77.01561,28.56623],[77.01679,28.56591],[77.01879,28.56536],[77.01989,28.56502],[77.02034,28.56488]]}},{"type":"Feature","properties":{"name":"Urban Extension Road-II","highway":"trunk","policy":"truck entry 23:00-07:00 (CAQM/MCD rule)"},"geometry":{"type":"LineString","coordinates":[[77.00715,28.57355],[77.00737,28.57266]]}},{"type":"Feature","properties":{"name":"Urban Extension Road-II","highway":"trunk","policy":"truck entry 23:00-07:00 (CAQM/MCD rule)"},"geometry":{"type":"LineString","coordinates":[[77.02028,28.56476],[77.01933,28.56504],[77.01859,28.56527],[77.01827,28.56536],[77.01344,28.56669],[77.01251,28.56703],[77.01208,28.56722],[77.01168,28.56744],[77.01143,28.56759],[77.0111,28.56778],[77.01075,28.56802],[77.01039,28.56829],[77.00978,28.56879],[77.00973,28.56883],[77.00916,28.56938],[77.0088,28.56979],[77.00856,28.57008],[77.0081,28.57074],[77.00772,28.57138],[77.0072,28.57252]]}},{"type":"Feature","properties":{"name":"Urban Extension Road-II","highway":"trunk","policy":"truck entry 23:00-07:00 (CAQM/MCD rule)"},"geometry":{"type":"LineString","coordinates":[[77.0072,28.57252],[77.007,28.57336]]}},{"type":"Feature","properties":{"name":"Urban Extension Road-II","highway":"trunk","policy":"truck entry 23:00-07:00 (CAQM/MCD rule)"},"geometry":{"type":"LineString","coordinates":[[77.00929,28.59745],[77.00929,28.59722],[77.00927,28.59584],[77.00913,28.59295],[77.00909,28.59252],[77.00899,28.59099]]}},{"type":"Feature","properties":{"name":"Urban Extension Road-II","highway":"trunk","policy":"truck entry 23:00-07:00 (CAQM/MCD rule)"},"geometry":{"type":"LineString","coordinates":[[77.00887,28.59099],[77.00895,28.59252],[77.0091,28.59587],[77.00916,28.59742]]}},{"type":"Feature","properties":{"name":"Urban Extension Road-II","highway":"trunk","policy":"truck entry 23:00-07:00 (CAQM/MCD rule)"},"geometry":{"type":"LineString","coordinates":[[77.00721,28.58568],[77.00813,28.58766],[77.00847,28.58851],[77.00858,28.58889],[77.00876,28.58977],[77.00885,28.59059]]}},{"type":"Feature","properties":{"name":"Urban Extension Road-II","highway":"trunk","policy":"truck entry 23:00-07:00 (CAQM/MCD rule)"},"geometry":{"type":"LineString","coordinates":[[77.00897,28.59055],[77.00889,28.58979],[77.0087,28.58885],[77.0086,28.58852],[77.00833,28.58775],[77.00787,28.58674],[77.00733,28.58561]]}},{"type":"Feature","properties":{"name":"Urban Extension Road-II","highway":"trunk","policy":"truck entry 23:00-07:00 (CAQM/MCD rule)"},"geometry":{"type":"LineString","coordinates":[[77.00916,28.59742],[77.00916,28.59872],[77.00911,28.60149]]}},{"type":"Feature","properties":{"name":"Urban Extension Road-II","highway":"trunk","policy":"truck entry 23:00-07:00 (CAQM/MCD rule)"},"geometry":{"type":"LineString","coordinates":[[77.00926,28.60147],[77.00927,28.59875],[77.00929,28.59745]]}},{"type":"Feature","properties":{"name":"freight corridor","highway":"trunk","policy":"truck entry 23:00-07:00 (CAQM/MCD rule)"},"geometry":{"type":"LineString","coordinates":[[77.04284,28.54609],[77.0429,28.54612],[77.043,28.5462],[77.04373,28.54704],[77.04392,28.54725],[77.04421,28.54767],[77.04473,28.54822],[77.04482,28.54832],[77.0451,28.54865],[77.0469,28.55065],[77.04702,28.55078],[77.04708,28.55085],[77.04749,28.55142],[77.04847,28.55257],[77.04886,28.55302],[77.04919,28.55334],[77.04987,28.55396],[77.05024,28.55432]]}},{"type":"Feature","properties":{"name":"Dwarka Expressway","highway":"motorway","policy":"truck entry 23:00-07:00 (CAQM/MCD rule)"},"geometry":{"type":"LineString","coordinates":[[77.03914,28.5415],[77.04024,28.5428],[77.04044,28.543],[77.04167,28.54437],[77.04269,28.54554],[77.04385,28.54693],[77.04408,28.5472],[77.04449,28.54765],[77.04466,28.54785],[77.0482,28.55197]]}},{"type":"Feature","properties":{"name":"freight corridor","highway":"trunk","policy":"truck entry 23:00-07:00 (CAQM/MCD rule)"},"geometry":{"type":"LineString","coordinates":[[77.04656,28.54922],[77.04644,28.54908],[77.046,28.54869],[77.04588,28.54856],[77.04544,28.54811],[77.04473,28.54733]]}},{"type":"Feature","properties":{"name":"Dwarka Expressway","highway":"motorway","policy":"truck entry 23:00-07:00 (CAQM/MCD rule)"},"geometry":{"type":"LineString","coordinates":[[77.03421,28.53049],[77.03353,28.52977],[77.03212,28.52821],[77.03058,28.52634],[77.02989,28.52562],[77.02911,28.52479],[77.0278,28.52338],[77.02617,28.52163],[77.0231,28.51823],[77.02216,28.51717],[77.02106,28.51592],[77.01981,28.51457],[77.01844,28.51299],[77.01719,28.51136],[77.01645,28.51048],[77.01379,28.50767],[77.01302,28.50689],[77.01219,28.50597],[77.01204,28.5058],[77.01158,28.50525],[77.00988,28.50321],[77.0089,28.50207],[77.00849,28.50156],[77.00743,28.50032],[77.00673,28.4996],[77.00582,28.49876],[77.00492,28.49795],[76.99995,28.49355],[76.99971,28.49334],[76.99839,28.49205],[76.99778,28.49144],[76.99667,28.49036],[76.99644,28.49013],[76.99585,28.48956],[76.99526,28.48898],[76.99374,28.48747],[76.99253,28.48636],[76.99188,28.48575],[76.98962,28.4835],[76.98825,28.48218],[76.98772,28.4817],[76.985,28.47926],[76.98167,28.4763],[76.98106,28.47574],[76.98096,28.47564],[76.97992,28.47475],[76.97804,28.47315],[76.97657,28.47188],[76.97515,28.47057],[76.97376,28.46925],[76.97227,28.46787],[76.97113,28.46676]]}},{"type":"Feature","properties":{"name":"Dwarka Expressway","highway":"motorway","policy":"truck entry 23:00-07:00 (CAQM/MCD rule)"},"geometry":{"type":"LineString","coordinates":[[76.97102,28.46685],[76.97215,28.46797],[76.97362,28.46934],[76.97644,28.47197],[76.97819,28.47348],[76.97873,28.47396],[76.97974,28.47482],[76.9808,28.47574],[76.98223,28.47696],[76.98407,28.4786],[76.98758,28.48179],[76.98966,28.48375],[76.99192,28.48602],[76.9934,28.48738],[76.99443,28.48838],[76.99525,28.48919],[76.99567,28.48961],[76.9963,28.49024],[76.99655,28.49048],[76.99805,28.49196],[76.99841,28.49232],[76.99894,28.49284],[76.99959,28.49343],[76.9998,28.49362],[77.00477,28.49805],[77.00543,28.49862],[77.00693,28.50001],[77.00805,28.50129],[77.00856,28.50194],[77.00951,28.50304],[77.00996,28.50364],[77.01203,28.50611],[77.01287,28.50696],[77.01366,28.50776],[77.0144,28.50856],[77.01626,28.51052],[77.01833,28.51312],[77.01961,28.51461],[77.02095,28.51606],[77.0221,28.51736],[77.02293,28.51832],[77.02769,28.52349],[77.02897,28.52486],[77.02932,28.52523],[77.02957,28.5255],[77.02978,28.52572],[77.03054,28.52655],[77.032,28.52832],[77.03334,28.5298],[77.03403,28.53062]]}},{"type":"Feature","properties":{"name":"Urban Extension Road-II","highway":"trunk","policy":"truck entry 23:00-07:00 (CAQM/MCD rule)"},"geometry":{"type":"LineString","coordinates":[[77.0138,28.70359],[77.01342,28.70415],[77.01302,28.70484],[77.01274,28.70567],[77.01264,28.70617],[77.01262,28.70676],[77.01266,28.70718],[77.01276,28.70762]]}},{"type":"Feature","properties":{"name":"Urban Extension Road-II","highway":"trunk","policy":"truck entry 23:00-07:00 (CAQM/MCD rule)"},"geometry":{"type":"LineString","coordinates":[[77.03463,28.72128],[77.03532,28.72119],[77.03618,28.72122],[77.03699,28.72141],[77.03752,28.72166],[77.03801,28.72196],[77.03854,28.72241]]}},{"type":"Feature","properties":{"name":"Urban Extension Road-II","highway":"trunk","policy":"truck entry 23:00-07:00 (CAQM/MCD rule)"},"geometry":{"type":"LineString","coordinates":[[77.01904,28.71871],[77.01949,28.71947],[77.0201,28.72032],[77.02072,28.72097],[77.02167,28.72164],[77.02264,28.72218],[77.02354,28.72249],[77.02405,28.72262],[77.02454,28.7227],[77.02513,28.72276],[77.02576,28.72277],[77.02664,28.72271],[77.02753,28.72258]]}},{"type":"Feature","properties":{"name":"Urban Extension Road-II","highway":"trunk","policy":"truck entry 23:00-07:00 (CAQM/MCD rule)"},"geometry":{"type":"LineString","coordinates":[[77.03864,28.72232],[77.03808,28.72182],[77.03762,28.72154],[77.03703,28.72128],[77.03621,28.72109],[77.03532,28.72102],[77.03466,28.72109],[77.03383,28.72126],[77.03236,28.72154],[77.0299,28.72201],[77.02783,28.72237]]}},{"type":"Feature","properties":{"name":"Urban Extension Road-II","highway":"trunk","policy":"truck entry 23:00-07:00 (CAQM/MCD rule)"},"geometry":{"type":"LineString","coordinates":[[77.02134,28.69301],[77.02147,28.69248],[77.02152,28.69205],[77.0215,28.69162],[77.02143,28.69119],[77.02133,28.69089],[77.02106,28.69026],[77.0204,28.68908],[77.01937,28.68726],[77.01895,28.68649],[77.01843,28.68561],[77.01826,28.68527],[77.01813,28.68493],[77.01807,28.68456],[77.01801,28.68423],[77.0179,28.68391],[77.01752,28.68315],[77.01723,28.68268],[77.01691,28.6823],[77.01653,28.68192],[77.01628,28.68167],[77.01598,28.68135],[77.01562,28.68091]]}},{"type":"Feature","properties":{"name":"Urban Extension Road-II","highway":"trunk","policy":"truck entry 23:00-07:00 (CAQM/MCD rule)"},"geometry":{"type":"LineString","coordinates":[[77.01351,28.70885],[77.01313,28.70819],[77.01292,28.70759],[77.01282,28.70718],[77.01279,28.70676],[77.01281,28.70618],[77.0129,28.70569],[77.01317,28.70488],[77.0136,28.7042],[77.01397,28.70368]]}},{"type":"Feature","properties":{"name":"Urban Extension Road-II","highway":"trunk","policy":"truck entry 23:00-07:00 (CAQM/MCD rule)"},"geometry":{"type":"LineString","coordinates":[[77.02589,28.56163],[77.0275,28.56064],[77.02816,28.5603],[77.0284,28.5602],[77.02871,28.5601],[77.02891,28.56006],[77.02926,28.55999],[77.02949,28.55996],[77.02969,28.55995],[77.02981,28.55995],[77.02998,28.55994],[77.03012,28.55994],[77.03029,28.55995],[77.03056,28.55996],[77.03087,28.56001],[77.03137,28.56012],[77.03305,28.56047],[77.03429,28.56063],[77.03485,28.56067]]}},{"type":"Feature","properties":{"name":"Urban Extension Road-II","highway":"trunk","policy":"truck entry 23:00-07:00 (CAQM/MCD rule)"},"geometry":{"type":"LineString","coordinates":[[77.05357,28.55186],[77.05337,28.55226],[77.05311,28.55266],[77.0529,28.55294]]}},{"type":"Feature","properties":{"name":"NH344M","highway":"trunk","policy":"truck entry 23:00-07:00 (CAQM/MCD rule)"},"geometry":{"type":"LineString","coordinates":[[77.08241,28.79572],[77.0835,28.79615],[77.08528,28.7969],[77.08597,28.79725],[77.08674,28.79767],[77.08769,28.79826],[77.08913,28.79912],[77.09006,28.79958],[77.09062,28.79984],[77.09178,28.80032]]}},{"type":"Feature","properties":{"name":"NH344M","highway":"trunk","policy":"truck entry 23:00-07:00 (CAQM/MCD rule)"},"geometry":{"type":"LineString","coordinates":[[77.09075,28.79976],[77.08919,28.79897],[77.0878,28.79816],[77.08683,28.79758],[77.08601,28.79711],[77.08537,28.79679],[77.08356,28.79602],[77.08245,28.7956]]}},{"type":"Feature","properties":{"name":"Urban Extension Road-II","highway":"trunk","policy":"truck entry 23:00-07:00 (CAQM/MCD rule)"},"geometry":{"type":"LineString","coordinates":[[77.0031,28.6591],[77.00342,28.65972]]}},{"type":"Feature","properties":{"name":"Urban Extension Road-II","highway":"trunk","policy":"truck entry 23:00-07:00 (CAQM/MCD rule)"},"geometry":{"type":"LineString","coordinates":[[77.00357,28.65971],[77.00327,28.65908]]}},{"type":"Feature","properties":{"name":"Dwarka Expressway","highway":"motorway","policy":"truck entry 23:00-07:00 (CAQM/MCD rule)"},"geometry":{"type":"LineString","coordinates":[[77.0551,28.5489],[77.05483,28.54916],[77.0544,28.54968],[77.05425,28.54997],[77.05398,28.55042],[77.05389,28.5506],[77.05377,28.5508],[77.05368,28.55095],[77.05357,28.55113],[77.05349,28.55126],[77.05332,28.55158],[77.05314,28.5519],[77.05297,28.55215],[77.05282,28.55238],[77.05265,28.55257],[77.05242,28.55276],[77.05203,28.55301],[77.05164,28.55314],[77.05135,28.55322],[77.05105,28.55327],[77.05076,28.55329],[77.05046,28.55326],[77.05017,28.55322],[77.04991,28.55314],[77.04962,28.55302],[77.04932,28.55284]]}},{"type":"Feature","properties":{"name":"Urban Extension Road-II","highway":"trunk","policy":"truck entry 23:00-07:00 (CAQM/MCD rule)"},"geometry":{"type":"LineString","coordinates":[[77.00626,28.66416],[77.00511,28.66223],[77.00357,28.65971]]}},{"type":"Feature","properties":{"name":"Urban Extension Road-II","highway":"trunk","policy":"truck entry 23:00-07:00 (CAQM/MCD rule)"},"geometry":{"type":"LineString","coordinates":[[77.01552,28.68099],[77.01601,28.68184],[77.01614,28.68206],[77.01624,28.68229],[77.01633,28.68275],[77.01633,28.68318],[77.0164,28.68352],[77.01651,28.68386],[77.01663,28.68409],[77.01679,28.68433],[77.01701,28.68457],[77.01724,28.68478],[77.01751,28.68499],[77.01824,28.68567],[77.01859,28.6862],[77.01879,28.68655],[77.01893,28.68676],[77.01923,28.6873],[77.02028,28.68914],[77.0209,28.69027],[77.02119,28.69092],[77.02126,28.6912],[77.02136,28.69162],[77.02137,28.69203],[77.02133,28.69243],[77.02123,28.69296]]}},{"type":"Feature","properties":{"name":"Urban Extension Road-II","highway":"trunk","policy":"truck entry 23:00-07:00 (CAQM/MCD rule)"},"geometry":{"type":"LineString","coordinates":[[77.01276,28.70762],[77.01296,28.7082],[77.01332,28.70883]]}},{"type":"Feature","properties":{"name":"Urban Extension Road-II","highway":"trunk","policy":"truck entry 23:00-07:00 (CAQM/MCD rule)"},"geometry":{"type":"LineString","coordinates":[[77.02751,28.72243],[77.02664,28.72258],[77.02577,28.72264],[77.02513,28.72262],[77.02454,28.72255],[77.02408,28.72247],[77.02359,28.72235],[77.02274,28.72204],[77.02188,28.72158],[77.02085,28.72086],[77.02023,28.72025],[77.01964,28.71941],[77.01918,28.71865]]}},{"type":"Feature","properties":{"name":"Urban Extension Road-II","highway":"trunk","policy":"truck entry 23:00-07:00 (CAQM/MCD rule)"},"geometry":{"type":"LineString","coordinates":[[77.01769,28.71609],[77.0176,28.71593]]}},{"type":"Feature","properties":{"name":"Urban Extension Road-II","highway":"trunk","policy":"truck entry 23:00-07:00 (CAQM/MCD rule)"},"geometry":{"type":"LineString","coordinates":[[77.01743,28.71599],[77.01753,28.71615]]}},{"type":"Feature","properties":{"name":"Urban Extension Road-II","highway":"trunk","policy":"truck entry 23:00-07:00 (CAQM/MCD rule)"},"geometry":{"type":"LineString","coordinates":[[77.02787,28.72252],[77.02993,28.72214],[77.03274,28.72159],[77.03386,28.72139],[77.03463,28.72128]]}},{"type":"Feature","properties":{"name":"Urban Extension Road-II","highway":"trunk","policy":"truck entry 23:00-07:00 (CAQM/MCD rule)"},"geometry":{"type":"LineString","coordinates":[[77.02753,28.72258],[77.02787,28.72252]]}},{"type":"Feature","properties":{"name":"Urban Extension Road-II","highway":"trunk","policy":"truck entry 23:00-07:00 (CAQM/MCD rule)"},"geometry":{"type":"LineString","coordinates":[[77.02783,28.72237],[77.02751,28.72243]]}},{"type":"Feature","properties":{"name":"Urban Extension Road-II","highway":"trunk","policy":"truck entry 23:00-07:00 (CAQM/MCD rule)"},"geometry":{"type":"LineString","coordinates":[[76.99897,28.65053],[76.99955,28.65228],[76.99999,28.65334],[77.00051,28.65442]]}},{"type":"Feature","properties":{"name":"Urban Extension Road-II","highway":"trunk","policy":"truck entry 23:00-07:00 (CAQM/MCD rule)"},"geometry":{"type":"LineString","coordinates":[[77.00068,28.6544],[77.00014,28.65331],[76.99968,28.65223],[76.9991,28.65045]]}},{"type":"Feature","properties":{"name":"Urban Extension Road-II","highway":"trunk","policy":"truck entry 23:00-07:00 (CAQM/MCD rule)"},"geometry":{"type":"LineString","coordinates":[[76.9991,28.65045],[76.99888,28.64984]]}},{"type":"Feature","properties":{"name":"Urban Extension Road-II","highway":"trunk","policy":"truck entry 23:00-07:00 (CAQM/MCD rule)"},"geometry":{"type":"LineString","coordinates":[[76.99876,28.64992],[76.99892,28.65037],[76.99897,28.65053]]}},{"type":"Feature","properties":{"name":"Urban Extension Road-II","highway":"trunk","policy":"truck entry 23:00-07:00 (CAQM/MCD rule)"},"geometry":{"type":"LineString","coordinates":[[77.04114,28.7263],[77.04242,28.72908],[77.04423,28.73248]]}},{"type":"Feature","properties":{"name":"Urban Extension Road-II","highway":"trunk","policy":"truck entry 23:00-07:00 (CAQM/MCD rule)"},"geometry":{"type":"LineString","coordinates":[[77.04435,28.73241],[77.04253,28.72903],[77.04126,28.72624]]}},{"type":"Feature","properties":{"name":"Urban Extension Road-II","highway":"trunk","policy":"truck entry 23:00-07:00 (CAQM/MCD rule)"},"geometry":{"type":"LineString","coordinates":[[77.04772,28.73884],[77.04865,28.74052],[77.04888,28.74095],[77.04966,28.74239],[77.05157,28.74591],[77.05208,28.74685],[77.05472,28.7517],[77.05675,28.75544],[77.05732,28.7565]]}},{"type":"Feature","properties":{"name":"Urban Extension Road-II","highway":"trunk","policy":"truck entry 23:00-07:00 (CAQM/MCD rule)"},"geometry":{"type":"LineString","coordinates":[[77.05745,28.7564],[77.05487,28.75167],[77.05286,28.74798],[77.05177,28.74597],[77.04902,28.74091],[77.04879,28.74049],[77.04786,28.7388]]}},{"type":"Feature","properties":{"name":"Urban Extension Road-II","highway":"trunk","policy":"truck entry 23:00-07:00 (CAQM/MCD rule)"},"geometry":{"type":"LineString","coordinates":[[77.05817,28.75811],[77.05848,28.75896],[77.05873,28.75985],[77.05946,28.76312],[77.05964,28.76356],[77.05982,28.76389],[77.06001,28.76417],[77.06041,28.76463],[77.06095,28.76513]]}},{"type":"Feature","properties":{"name":"Urban Extension Road-II","highway":"trunk","policy":"truck entry 23:00-07:00 (CAQM/MCD rule)"},"geometry":{"type":"LineString","coordinates":[[77.06103,28.76504],[77.06049,28.76454],[77.06012,28.76411],[77.05994,28.76384],[77.05979,28.76354],[77.0596,28.7631],[77.05886,28.75985],[77.05862,28.75895],[77.05829,28.75803]]}},{"type":"Feature","properties":{"name":"Dwarka Expressway","highway":"motorway","policy":"truck entry 23:00-07:00 (CAQM/MCD rule)"},"geometry":{"type":"LineString","coordinates":[[77.0482,28.55197],[77.04865,28.55251],[77.04891,28.55275],[77.04926,28.553],[77.04943,28.5531],[77.0496,28.55319],[77.04983,28.55329],[77.05013,28.55338],[77.05044,28.55344],[77.05075,28.55345],[77.05107,28.55343],[77.05139,28.55339],[77.05169,28.55333],[77.0521,28.55316],[77.05231,28.55306],[77.05254,28.55289],[77.0528,28.55266],[77.05294,28.55246],[77.05312,28.55223],[77.05329,28.55197],[77.05346,28.55165],[77.05363,28.55134],[77.05381,28.55101],[77.054,28.55069],[77.05418,28.55037],[77.0544,28.55003],[77.05454,28.54979],[77.05477,28.54948],[77.05488,28.54934],[77.05521,28.54897]]}},{"type":"Feature","properties":{"name":"Bharthal Railway Underpass","highway":"trunk","policy":"truck entry 23:00-07:00 (CAQM/MCD rule)"},"geometry":{"type":"LineString","coordinates":[[77.05862,28.54696],[77.05996,28.5461]]}},{"type":"Feature","properties":{"name":"Bharthal Railway Underpass","highway":"trunk","policy":"truck entry 23:00-07:00 (CAQM/MCD rule)"},"geometry":{"type":"LineString","coordinates":[[77.05967,28.5458],[77.05846,28.54659]]}},{"type":"Feature","properties":{"name":"Urban Extension Road-II","highway":"trunk","policy":"truck entry 23:00-07:00 (CAQM/MCD rule)"},"geometry":{"type":"LineString","coordinates":[[77.00051,28.65442],[77.00076,28.65483]]}},{"type":"Feature","properties":{"name":"Urban Extension Road-II","highway":"trunk","policy":"truck entry 23:00-07:00 (CAQM/MCD rule)"},"geometry":{"type":"LineString","coordinates":[[77.00091,28.65483],[77.00068,28.6544]]}},{"type":"Feature","properties":{"name":"Urban Extension Road-II","highway":"trunk","policy":"truck entry 23:00-07:00 (CAQM/MCD rule)"},"geometry":{"type":"LineString","coordinates":[[77.04223,28.55943],[77.04105,28.55983],[77.04029,28.56004],[77.03952,28.56021],[77.03874,28.56036],[77.03793,28.56047],[77.03689,28.56055],[77.03632,28.56057]]}},{"type":"Feature","properties":{"name":"Urban Extension Road-II","highway":"trunk","policy":"truck entry 23:00-07:00 (CAQM/MCD rule)"},"geometry":{"type":"LineString","coordinates":[[77.03633,28.5607],[77.03697,28.56067],[77.03794,28.56059],[77.03876,28.56047],[77.03952,28.56033],[77.03991,28.56025],[77.04033,28.56016],[77.0411,28.55994],[77.04232,28.55952]]}},{"type":"Feature","properties":{"name":"Urban Extension Road-II","highway":"trunk","policy":"truck entry 23:00-07:00 (CAQM/MCD rule)"},"geometry":{"type":"LineString","coordinates":[[77.04559,28.55767],[77.04483,28.55816],[77.04374,28.55876],[77.04311,28.55907],[77.04223,28.55943]]}},{"type":"Feature","properties":{"name":"Urban Extension Road-II","highway":"trunk","policy":"truck entry 23:00-07:00 (CAQM/MCD rule)"},"geometry":{"type":"LineString","coordinates":[[77.04232,28.55952],[77.04319,28.55917],[77.04378,28.55888],[77.04446,28.55851],[77.04566,28.55778],[77.04595,28.5576]]}},{"type":"Feature","properties":{"name":"Dwarka Expressway","highway":"motorway","policy":"truck entry 23:00-07:00 (CAQM/MCD rule)"},"geometry":{"type":"LineString","coordinates":[[77.0482,28.55197],[77.04833,28.55232],[77.0486,28.5526],[77.04887,28.55286],[77.04944,28.55339],[77.04972,28.55364]]}},{"type":"Feature","properties":{"name":"Dwarka Expressway","highway":"motorway","policy":"truck entry 23:00-07:00 (CAQM/MCD rule)"},"geometry":{"type":"LineString","coordinates":[[77.04787,28.55106],[77.04761,28.55076],[77.04688,28.54998],[77.04639,28.54942],[77.04618,28.54935]]}},{"type":"Feature","properties":{"name":"freight corridor","highway":"trunk","policy":"truck entry 23:00-07:00 (CAQM/MCD rule)"},"geometry":{"type":"LineString","coordinates":[[77.04066,28.54272],[77.0405,28.54256],[77.04043,28.54249],[77.03975,28.5417],[77.03906,28.54086],[77.03903,28.54082],[77.03897,28.54075],[77.0385,28.54022],[77.03795,28.53958],[77.03735,28.5388],[77.03722,28.53858],[77.03707,28.53835],[77.03698,28.53818],[77.03678,28.53783]]}},{"type":"Feature","properties":{"name":"freight corridor","highway":"trunk","policy":"truck entry 23:00-07:00 (CAQM/MCD rule)"},"geometry":{"type":"LineString","coordinates":[[77.03616,28.53791],[77.03649,28.5385],[77.03652,28.53856],[77.0367,28.53883],[77.03721,28.53949],[77.03762,28.53997],[77.03808,28.54051],[77.03851,28.54101],[77.03859,28.5411],[77.03891,28.54149],[77.04,28.54283]]}},{"type":"Feature","properties":{"name":"freight corridor","highway":"trunk","policy":"truck entry 23:00-07:00 (CAQM/MCD rule)"},"geometry":{"type":"LineString","coordinates":[[77.04041,28.54333],[77.04073,28.54389],[77.04228,28.5456],[77.04264,28.54602]]}},{"type":"Feature","properties":{"name":"Bharthal Railway Underpass","highway":"trunk","policy":"truck entry 23:00-07:00 (CAQM/MCD rule)"},"geometry":{"type":"LineString","coordinates":[[77.05996,28.5461],[77.06045,28.54593]]}},{"type":"Feature","properties":{"name":"Bharthal Railway Underpass","highway":"trunk","policy":"truck entry 23:00-07:00 (CAQM/MCD rule)"},"geometry":{"type":"LineString","coordinates":[[77.06064,28.54532],[77.06027,28.54551],[77.05967,28.5458]]}},{"type":"Feature","properties":{"name":"Bharthal Railway Underpass","highway":"trunk","policy":"truck entry 23:00-07:00 (CAQM/MCD rule)"},"geometry":{"type":"LineString","coordinates":[[77.05846,28.54659],[77.05767,28.54703]]}},{"type":"Feature","properties":{"name":"Bharthal Railway Underpass","highway":"trunk","policy":"truck entry 23:00-07:00 (CAQM/MCD rule)"},"geometry":{"type":"LineString","coordinates":[[77.0579,28.54724],[77.05862,28.54696]]}},{"type":"Feature","properties":{"name":"Grand Trunk Road","highway":"trunk","policy":"truck entry 23:00-07:00 (CAQM/MCD rule)"},"geometry":{"type":"LineString","coordinates":[[77.12842,28.83652],[77.12836,28.8368],[77.12784,28.83953],[77.12765,28.84077],[77.1276,28.84099],[77.12756,28.84124],[77.12752,28.84146],[77.12747,28.84174],[77.12736,28.84234],[77.12696,28.84421],[77.12681,28.84505]]}},{"type":"Feature","properties":{"name":"Grand Trunk Road","highway":"trunk","policy":"truck entry 23:00-07:00 (CAQM/MCD rule)"},"geometry":{"type":"LineString","coordinates":[[77.12885,28.83499],[77.12882,28.83508]]}},{"type":"Feature","properties":{"name":"Grand Trunk Road","highway":"trunk","policy":"truck entry 23:00-07:00 (CAQM/MCD rule)"},"geometry":{"type":"LineString","coordinates":[[77.12973,28.83275],[77.12975,28.83267],[77.13051,28.83015],[77.13086,28.82897],[77.13098,28.82859],[77.13136,28.82735],[77.13152,28.82681],[77.13171,28.82621],[77.13196,28.8254],[77.13216,28.82477],[77.13228,28.82437],[77.13237,28.82409],[77.13244,28.82384],[77.13264,28.82321],[77.13274,28.82287],[77.13279,28.82269],[77.13295,28.8222],[77.13336,28.82089],[77.13354,28.82031],[77.13374,28.81969],[77.13393,28.81906]]}},{"type":"Feature","properties":{"name":"Grand Trunk Road","highway":"trunk","policy":"truck entry 23:00-07:00 (CAQM/MCD rule)"},"geometry":{"type":"LineString","coordinates":[[77.12901,28.83512],[77.12904,28.83502]]}},{"type":"Feature","properties":{"name":"NH344M","highway":"trunk","policy":"truck entry 23:00-07:00 (CAQM/MCD rule)"},"geometry":{"type":"LineString","coordinates":[[77.08143,28.79537],[77.08241,28.79572]]}},{"type":"Feature","properties":{"name":"NH344M","highway":"trunk","policy":"truck entry 23:00-07:00 (CAQM/MCD rule)"},"geometry":{"type":"LineString","coordinates":[[77.08245,28.7956],[77.08146,28.79523]]}},{"type":"Feature","properties":{"name":"freight corridor","highway":"trunk","policy":"truck entry 23:00-07:00 (CAQM/MCD rule)"},"geometry":{"type":"LineString","coordinates":[[77.13139,28.48515],[77.13155,28.48501]]}},{"type":"Feature","properties":{"name":"Wazirabad Road","highway":"trunk","policy":"truck entry 23:00-07:00 (CAQM/MCD rule)"},"geometry":{"type":"LineString","coordinates":[[77.27018,28.70308],[77.27227,28.70293],[77.27235,28.70293],[77.27393,28.70278],[77.27418,28.70277],[77.2759,28.70261],[77.27789,28.70242],[77.27895,28.70231],[77.27908,28.7023]]}},{"type":"Feature","properties":{"name":"freight corridor","highway":"trunk","policy":"truck entry 23:00-07:00 (CAQM/MCD rule)"},"geometry":{"type":"LineString","coordinates":[[77.19751,28.53625],[77.19742,28.53609]]}},{"type":"Feature","properties":{"name":"freight corridor","highway":"trunk","policy":"truck entry 23:00-07:00 (CAQM/MCD rule)"},"geometry":{"type":"LineString","coordinates":[[77.19757,28.53636],[77.19751,28.53625]]}},{"type":"Feature","properties":{"name":"Gurgaon Rewari Narnaul Singhana Road","highway":"trunk","policy":"truck entry 23:00-07:00 (CAQM/MCD rule)"},"geometry":{"type":"LineString","coordinates":[[76.99697,28.44827],[76.99717,28.44835]]}},{"type":"Feature","properties":{"name":"NH352W","highway":"trunk","policy":"truck entry 23:00-07:00 (CAQM/MCD rule)"},"geometry":{"type":"LineString","coordinates":[[76.99728,28.44832],[76.9972,28.44829]]}},{"type":"Feature","properties":{"name":"freight corridor","highway":"trunk","policy":"truck entry 23:00-07:00 (CAQM/MCD rule)"},"geometry":{"type":"LineString","coordinates":[[76.99697,28.44827],[76.99694,28.44834],[76.99685,28.4485],[76.99678,28.44858]]}},{"type":"Feature","properties":{"name":"freight corridor","highway":"trunk","policy":"truck entry 23:00-07:00 (CAQM/MCD rule)"},"geometry":{"type":"LineString","coordinates":[[76.99702,28.4482],[76.99697,28.44827]]}},{"type":"Feature","properties":{"name":"freight corridor","highway":"trunk","policy":"truck entry 23:00-07:00 (CAQM/MCD rule)"},"geometry":{"type":"LineString","coordinates":[[76.99868,28.44557],[76.9982,28.44644]]}},{"type":"Feature","properties":{"name":"freight corridor","highway":"trunk","policy":"truck entry 23:00-07:00 (CAQM/MCD rule)"},"geometry":{"type":"LineString","coordinates":[[76.99771,28.44736],[76.99767,28.44743],[76.99727,28.44816],[76.9972,28.44829]]}},{"type":"Feature","properties":{"name":"freight corridor","highway":"trunk","policy":"truck entry 23:00-07:00 (CAQM/MCD rule)"},"geometry":{"type":"LineString","coordinates":[[77.0061,28.43835],[77.00526,28.43887],[77.00519,28.43891],[77.00502,28.43902],[77.00387,28.43985],[77.00371,28.43997],[77.00358,28.44006],[77.00325,28.4403],[77.00286,28.44058],[77.00266,28.44073],[77.00262,28.44076],[77.00242,28.4409]]}},{"type":"Feature","properties":{"name":"freight corridor","highway":"trunk","policy":"truck entry 23:00-07:00 (CAQM/MCD rule)"},"geometry":{"type":"LineString","coordinates":[[76.99828,28.44647],[76.99841,28.44621],[76.99913,28.44488],[76.99917,28.44481],[76.99945,28.44425],[76.99959,28.44404],[76.99964,28.44398],[77.00004,28.44356]]}},{"type":"Feature","properties":{"name":"freight corridor","highway":"trunk","policy":"truck entry 23:00-07:00 (CAQM/MCD rule)"},"geometry":{"type":"LineString","coordinates":[[76.9982,28.44644],[76.99781,28.44717],[76.99771,28.44736]]}},{"type":"Feature","properties":{"name":"freight corridor","highway":"trunk","policy":"truck entry 23:00-07:00 (CAQM/MCD rule)"},"geometry":{"type":"LineString","coordinates":[[77.00247,28.44094],[77.00268,28.4408],[77.00284,28.44068],[77.00367,28.44008],[77.00504,28.43911],[77.00524,28.43898],[77.00557,28.43875],[77.00591,28.43855],[77.00616,28.43842]]}},{"type":"Feature","properties":{"name":"freight corridor","highway":"trunk","policy":"truck entry 23:00-07:00 (CAQM/MCD rule)"},"geometry":{"type":"LineString","coordinates":[[77.00216,28.4412],[77.00247,28.44094]]}},{"type":"Feature","properties":{"name":"freight corridor","highway":"trunk","policy":"truck entry 23:00-07:00 (CAQM/MCD rule)"},"geometry":{"type":"LineString","coordinates":[[76.99954,28.44401],[76.99946,28.44412],[76.99938,28.44423],[76.99927,28.44444],[76.99913,28.44472],[76.9991,28.44478],[76.99882,28.4453]]}},{"type":"Feature","properties":{"name":"freight corridor","highway":"motorway","policy":"truck entry 23:00-07:00 (CAQM/MCD rule)"},"geometry":{"type":"LineString","coordinates":[[76.9909,28.40561],[76.99289,28.40479]]}},{"type":"Feature","properties":{"name":"Dwarka Expressway","highway":"motorway","policy":"truck entry 23:00-07:00 (CAQM/MCD rule)"},"geometry":{"type":"LineString","coordinates":[[76.96115,28.44958],[76.9613,28.45008],[76.96149,28.4507],[76.96169,28.45131],[76.96188,28.45187],[76.96208,28.45235],[76.9622,28.45265],[76.96274,28.45382],[76.96325,28.45494],[76.96395,28.4565]]}},{"type":"Feature","properties":{"name":"freight corridor","highway":"trunk","policy":"truck entry 23:00-07:00 (CAQM/MCD rule)"},"geometry":{"type":"LineString","coordinates":[[77.00034,28.44322],[77.00068,28.44285],[77.00101,28.44247],[77.00161,28.4418]]}},{"type":"Feature","properties":{"name":"freight corridor","highway":"trunk","policy":"truck entry 23:00-07:00 (CAQM/MCD rule)"},"geometry":{"type":"LineString","coordinates":[[76.94682,28.68971],[76.94679,28.68959]]}},{"type":"Feature","properties":{"name":"Delhi Eastern Peripheral Expressway","highway":"motorway","policy":"truck entry 23:00-07:00 (CAQM/MCD rule)"},"geometry":{"type":"LineString","coordinates":[[77.24998,28.87685],[77.25131,28.87667],[77.25213,28.8766],[77.25443,28.8765],[77.25636,28.87659],[77.25775,28.87667],[77.26082,28.87687],[77.28358,28.87875],[77.28551,28.87893]]}},{"type":"Feature","properties":{"name":"Delhi Eastern Peripheral Expressway","highway":"motorway","policy":"truck entry 23:00-07:00 (CAQM/MCD rule)"},"geometry":{"type":"LineString","coordinates":[[77.24899,28.87701],[77.24998,28.87685]]}},{"type":"Feature","properties":{"name":"Delhi Eastern Peripheral Expressway","highway":"motorway","policy":"truck entry 23:00-07:00 (CAQM/MCD rule)"},"geometry":{"type":"LineString","coordinates":[[77.25005,28.8766],[77.24893,28.87676]]}},{"type":"Feature","properties":{"name":"Delhi Eastern Peripheral Expressway","highway":"motorway","policy":"truck entry 23:00-07:00 (CAQM/MCD rule)"},"geometry":{"type":"LineString","coordinates":[[77.25122,28.87645],[77.25005,28.8766]]}},{"type":"Feature","properties":{"name":"Dwarka Expressway","highway":"motorway","policy":"truck entry 23:00-07:00 (CAQM/MCD rule)"},"geometry":{"type":"LineString","coordinates":[[76.96787,28.46299],[76.96878,28.46429],[76.96995,28.46566],[76.97102,28.46685]]}},{"type":"Feature","properties":{"name":"Dwarka Expressway","highway":"motorway","policy":"truck entry 23:00-07:00 (CAQM/MCD rule)"},"geometry":{"type":"LineString","coordinates":[[76.97113,28.46676],[76.97008,28.46561],[76.96963,28.4651],[76.96925,28.46463],[76.96893,28.46423],[76.96802,28.46291]]}},{"type":"Feature","properties":{"name":"Outer Ring Road","highway":"trunk","policy":"truck entry 23:00-07:00 (CAQM/MCD rule)"},"geometry":{"type":"LineString","coordinates":[[77.09518,28.683],[77.09521,28.68314]]}},{"type":"Feature","properties":{"name":"Outer Ring Road","highway":"trunk","policy":"truck entry 23:00-07:00 (CAQM/MCD rule)"},"geometry":{"type":"LineString","coordinates":[[77.09533,28.68313],[77.09531,28.68298]]}},{"type":"Feature","properties":{"name":"freight corridor","highway":"trunk","policy":"truck entry 23:00-07:00 (CAQM/MCD rule)"},"geometry":{"type":"LineString","coordinates":[[77.33569,28.63219],[77.33555,28.63223],[77.33434,28.63223],[77.33413,28.63222]]}},{"type":"Feature","properties":{"name":"Hindon Elevated Road","highway":"trunk","policy":"truck entry 23:00-07:00 (CAQM/MCD rule)"},"geometry":{"type":"LineString","coordinates":[[77.33465,28.63214],[77.33442,28.63219],[77.33413,28.63222]]}},{"type":"Feature","properties":{"name":"Delhi-Gurugram Expressway","highway":"motorway","policy":"truck entry 23:00-07:00 (CAQM/MCD rule)"},"geometry":{"type":"LineString","coordinates":[[77.13426,28.56824],[77.13423,28.56742]]}},{"type":"Feature","properties":{"name":"DND Flyway","highway":"motorway","policy":"truck entry 23:00-07:00 (CAQM/MCD rule)"},"geometry":{"type":"LineString","coordinates":[[77.30308,28.57693],[77.3035,28.57657],[77.30389,28.57623]]}},{"type":"Feature","properties":{"name":"DND Flyway","highway":"motorway","policy":"truck entry 23:00-07:00 (CAQM/MCD rule)"},"geometry":{"type":"LineString","coordinates":[[77.30279,28.57677],[77.3022,28.57776],[77.30174,28.57831],[77.30132,28.57871],[77.30086,28.57906],[77.30021,28.57947],[77.29965,28.57971],[77.29945,28.57978]]}},{"type":"Feature","properties":{"name":"DND Flyway","highway":"motorway","policy":"truck entry 23:00-07:00 (CAQM/MCD rule)"},"geometry":{"type":"LineString","coordinates":[[77.30371,28.57533],[77.30332,28.57569],[77.30324,28.57589]]}},{"type":"Feature","properties":{"name":"Dadri Road","highway":"trunk","policy":"truck entry 23:00-07:00 (CAQM/MCD rule)"},"geometry":{"type":"LineString","coordinates":[[77.31022,28.57196],[77.31116,28.57069]]}},{"type":"Feature","properties":{"name":"Dadri Main Road","highway":"trunk","policy":"truck entry 23:00-07:00 (CAQM/MCD rule)"},"geometry":{"type":"LineString","coordinates":[[77.31688,28.56253],[77.31674,28.56279],[77.31542,28.56463],[77.31505,28.56512],[77.31374,28.56688],[77.31247,28.56858],[77.31091,28.57074]]}},{"type":"Feature","properties":{"name":"Dadri Main Road","highway":"trunk","policy":"truck entry 23:00-07:00 (CAQM/MCD rule)"},"geometry":{"type":"LineString","coordinates":[[77.31794,28.56144],[77.31811,28.56125],[77.31847,28.56078],[77.31854,28.56069],[77.31893,28.56028],[77.31928,28.56006],[77.31962,28.55988]]}},{"type":"Feature","properties":{"name":"Noida-Greater Noida Expressway","highway":"motorway","policy":"truck entry 23:00-07:00 (CAQM/MCD rule)"},"geometry":{"type":"LineString","coordinates":[[77.32574,28.55586],[77.32633,28.55529],[77.32679,28.55488],[77.32717,28.5546],[77.32733,28.55449],[77.32774,28.55418],[77.32844,28.55369],[77.32965,28.55274],[77.33048,28.55203],[77.33142,28.55118],[77.33268,28.55],[77.3363,28.54665],[77.33707,28.54601],[77.33782,28.54541],[77.33882,28.54469],[77.3398,28.54406],[77.34219,28.54257],[77.34307,28.54203],[77.34353,28.54174],[77.34418,28.54134],[77.34787,28.53905],[77.34915,28.53826],[77.35237,28.53626],[77.35406,28.53507],[77.35416,28.53501]]}},{"type":"Feature","properties":{"name":"Grand Trunk Road","highway":"trunk","policy":"truck entry 23:00-07:00 (CAQM/MCD rule)"},"geometry":{"type":"LineString","coordinates":[[77.12877,28.83525],[77.12857,28.8359],[77.12842,28.83652]]}},{"type":"Feature","properties":{"name":"Grand Trunk Road","highway":"trunk","policy":"truck entry 23:00-07:00 (CAQM/MCD rule)"},"geometry":{"type":"LineString","coordinates":[[77.12863,28.83655],[77.12877,28.8359],[77.12894,28.83534],[77.12901,28.83512]]}},{"type":"Feature","properties":{"name":"Grand Trunk Road","highway":"trunk","policy":"truck entry 23:00-07:00 (CAQM/MCD rule)"},"geometry":{"type":"LineString","coordinates":[[77.12588,28.85134],[77.12588,28.85131],[77.12593,28.85103],[77.1261,28.85008],[77.12639,28.84838],[77.12667,28.84709]]}},{"type":"Feature","properties":{"name":"Grand Trunk Road","highway":"trunk","policy":"truck entry 23:00-07:00 (CAQM/MCD rule)"},"geometry":{"type":"LineString","coordinates":[[77.12634,28.84759],[77.12569,28.8511],[77.12568,28.85117],[77.12565,28.85133]]}},{"type":"Feature","properties":{"name":"Mathura Road","highway":"trunk","policy":"truck entry 23:00-07:00 (CAQM/MCD rule)"},"geometry":{"type":"LineString","coordinates":[[77.30402,28.49014],[77.30385,28.49082],[77.30348,28.49255],[77.30305,28.49424],[77.30274,28.4955],[77.30262,28.496],[77.30258,28.49622],[77.30254,28.49639],[77.30249,28.49652],[77.30244,28.49665],[77.30237,28.49681],[77.30221,28.497],[77.30208,28.49716],[77.30193,28.49729],[77.30134,28.49772],[77.30106,28.4979],[77.30068,28.49815],[77.30049,28.49832]]}},{"type":"Feature","properties":{"name":"Mathura Road","highway":"trunk","policy":"truck entry 23:00-07:00 (CAQM/MCD rule)"},"geometry":{"type":"LineString","coordinates":[[77.30049,28.49832],[77.3003,28.49849],[77.30005,28.49876],[77.29986,28.49899],[77.29975,28.49919]]}},{"type":"Feature","properties":{"name":"Mathura Road","highway":"trunk","policy":"truck entry 23:00-07:00 (CAQM/MCD rule)"},"geometry":{"type":"LineString","coordinates":[[77.29999,28.5016],[77.30004,28.50153],[77.30009,28.50147],[77.30016,28.5014],[77.30025,28.50132],[77.30036,28.50124],[77.30047,28.50117],[77.30082,28.50098],[77.30093,28.50091],[77.30104,28.50083],[77.30115,28.50075],[77.30123,28.50067],[77.30131,28.50058],[77.30137,28.5005],[77.30142,28.50041],[77.30146,28.50032],[77.30151,28.50021],[77.30154,28.5001],[77.30155,28.50002],[77.30157,28.49987],[77.30158,28.49978],[77.30158,28.49969],[77.30156,28.49916],[77.30155,28.49898]]}},{"type":"Feature","properties":{"name":"Mathura Road","highway":"trunk","policy":"truck entry 23:00-07:00 (CAQM/MCD rule)"},"geometry":{"type":"LineString","coordinates":[[77.30155,28.49898],[77.30156,28.4988],[77.30157,28.49869],[77.3016,28.49857],[77.30163,28.49845],[77.30166,28.49838],[77.30172,28.49828],[77.30194,28.4979]]}},{"type":"Feature","properties":{"name":"Mathura Road","highway":"trunk","policy":"truck entry 23:00-07:00 (CAQM/MCD rule)"},"geometry":{"type":"LineString","coordinates":[[77.29978,28.5025],[77.29977,28.50236],[77.29978,28.50226],[77.29979,28.50214],[77.2998,28.50203],[77.29985,28.50189],[77.29992,28.50174],[77.29999,28.5016]]}},{"type":"Feature","properties":{"name":"Mathura Road","highway":"trunk","policy":"truck entry 23:00-07:00 (CAQM/MCD rule)"},"geometry":{"type":"LineString","coordinates":[[77.29979,28.50255],[77.29978,28.5025]]}},{"type":"Feature","properties":{"name":"Mathura Road","highway":"trunk","policy":"truck entry 23:00-07:00 (CAQM/MCD rule)"},"geometry":{"type":"LineString","coordinates":[[77.29944,28.49984],[77.29939,28.50003],[77.29935,28.50018],[77.29933,28.50034],[77.29931,28.50052],[77.29929,28.5007],[77.29928,28.50085],[77.29929,28.50102],[77.2993,28.50118],[77.29932,28.50137],[77.29937,28.50161],[77.29943,28.50187],[77.29963,28.50245],[77.29967,28.50258]]}},{"type":"Feature","properties":{"name":"Mathura Road","highway":"trunk","policy":"truck entry 23:00-07:00 (CAQM/MCD rule)"},"geometry":{"type":"LineString","coordinates":[[77.29975,28.49919],[77.29963,28.49939],[77.29955,28.49955],[77.29944,28.49984]]}},{"type":"Feature","properties":{"name":"Grand Trunk Road","highway":"trunk","policy":"truck entry 23:00-07:00 (CAQM/MCD rule)"},"geometry":{"type":"LineString","coordinates":[[77.14164,28.78917],[77.14157,28.78903],[77.14134,28.78842],[77.14115,28.78761],[77.14104,28.78691],[77.14102,28.78613],[77.14137,28.78301],[77.14138,28.78281],[77.14139,28.78278],[77.14141,28.78267]]}},{"type":"Feature","properties":{"name":"Loni Road","highway":"trunk","policy":"truck entry 23:00-07:00 (CAQM/MCD rule)"},"geometry":{"type":"LineString","coordinates":[[77.29083,28.71094],[77.2906,28.7115],[77.29039,28.71198],[77.29021,28.71248],[77.29012,28.7128],[77.29006,28.71313],[77.29003,28.71325],[77.28992,28.71394],[77.28989,28.71412],[77.28985,28.71459],[77.28981,28.71512],[77.28971,28.71659],[77.28968,28.71703],[77.2896,28.71863],[77.28955,28.7195],[77.28941,28.72185],[77.28936,28.72258],[77.2893,28.72362],[77.28928,28.72384],[77.28924,28.72444],[77.28921,28.72496],[77.28914,28.72608],[77.28913,28.72617],[77.28907,28.72721],[77.28906,28.72733],[77.28903,28.72771],[77.289,28.7282],[77.28898,28.72841],[77.28889,28.72975],[77.28887,28.73008],[77.28887,28.73012],[77.28887,28.73017],[77.28882,28.73094],[77.28875,28.73196],[77.28871,28.73251],[77.2887,28.73271],[77.28867,28.73309],[77.28863,28.73373],[77.28857,28.73459],[77.28854,28.73526],[77.28852,28.73593],[77.2884,28.73752],[77.28824,28.74032],[77.28822,28.74074],[77.28821,28.74094],[77.28812,28.74161],[77.2878,28.74351],[77.28779,28.74358],[77.28771,28.74394],[77.28763,28.74437],[77.28735,28.74585],[77.2873,28.74612],[77.28707,28.74733],[77.28701,28.74761],[77.28688,28.74827],[77.28683,28.74854],[77.28668,28.74941]]}},{"type":"Feature","properties":{"name":"Mahipalpur Flyover","highway":"motorway","policy":"truck entry 23:00-07:00 (CAQM/MCD rule)"},"geometry":{"type":"LineString","coordinates":[[77.11701,28.54028],[77.11728,28.5409],[77.11744,28.54127]]}},{"type":"Feature","properties":{"name":"Delhi-Gurugram Expressway","highway":"motorway","policy":"truck entry 23:00-07:00 (CAQM/MCD rule)"},"geometry":{"type":"LineString","coordinates":[[77.11632,28.53842],[77.11622,28.53829],[77.11604,28.53805],[77.11574,28.53775],[77.11542,28.53744],[77.11499,28.53717],[77.11257,28.53594],[77.11169,28.53548],[77.10994,28.53458],[77.10874,28.53396],[77.10778,28.53347]]}},{"type":"Feature","properties":{"name":"Delhi-Gurugram Expressway","highway":"motorway","policy":"truck entry 23:00-07:00 (CAQM/MCD rule)"},"geometry":{"type":"LineString","coordinates":[[77.10207,28.52718],[77.10148,28.52628],[77.10109,28.52572],[77.09909,28.52277]]}},{"type":"Feature","properties":{"name":"Delhi-Gurugram Expressway","highway":"motorway","policy":"truck entry 23:00-07:00 (CAQM/MCD rule)"},"geometry":{"type":"LineString","coordinates":[[77.09893,28.52285],[77.10093,28.5258],[77.10197,28.52737],[77.10221,28.52773]]}},{"type":"Feature","properties":{"name":"Delhi-Gurugram Expressway","highway":"motorway","policy":"truck entry 23:00-07:00 (CAQM/MCD rule)"},"geometry":{"type":"LineString","coordinates":[[77.10562,28.53245],[77.10613,28.53282],[77.10726,28.53339]]}},{"type":"Feature","properties":{"name":"Loni Road","highway":"trunk","policy":"truck entry 23:00-07:00 (CAQM/MCD rule)"},"geometry":{"type":"LineString","coordinates":[[77.29216,28.68656],[77.29215,28.68653],[77.29216,28.6865],[77.29217,28.6864],[77.29217,28.68624],[77.29218,28.68614],[77.29218,28.68607],[77.29218,28.68602],[77.29218,28.68602],[77.29218,28.6859],[77.29219,28.68579]]}},{"type":"Feature","properties":{"name":"Dadri Road","highway":"trunk","policy":"truck entry 23:00-07:00 (CAQM/MCD rule)"},"geometry":{"type":"LineString","coordinates":[[77.30228,28.58267],[77.30278,28.58202]]}},{"type":"Feature","properties":{"name":"NH352W","highway":"trunk","policy":"truck entry 23:00-07:00 (CAQM/MCD rule)"},"geometry":{"type":"LineString","coordinates":[[76.98225,28.44197],[76.98215,28.44195],[76.98211,28.44194],[76.98186,28.44188],[76.98181,28.44187],[76.98175,28.44188]]}},{"type":"Feature","properties":{"name":"SH22","highway":"trunk","policy":"truck entry 23:00-07:00 (CAQM/MCD rule)"},"geometry":{"type":"LineString","coordinates":[[76.88637,28.67371],[76.8846,28.67324],[76.88082,28.67224],[76.8796,28.67192],[76.87808,28.67146],[76.87792,28.67147]]}},{"type":"Feature","properties":{"name":"Dwarka Expressway","highway":"motorway","policy":"truck entry 23:00-07:00 (CAQM/MCD rule)"},"geometry":{"type":"LineString","coordinates":[[76.98667,28.4072],[76.98621,28.40744],[76.98584,28.40766],[76.98539,28.40798],[76.98441,28.40875],[76.98344,28.40955]]}},{"type":"Feature","properties":{"name":"freight corridor","highway":"motorway","policy":"truck entry 23:00-07:00 (CAQM/MCD rule)"},"geometry":{"type":"LineString","coordinates":[[76.99284,28.40468],[76.99083,28.40548]]}},{"type":"Feature","properties":{"name":"Dwarka Expressway","highway":"motorway","policy":"truck entry 23:00-07:00 (CAQM/MCD rule)"},"geometry":{"type":"LineString","coordinates":[[76.9838,28.40988],[76.98421,28.40956],[76.98445,28.40934],[76.98527,28.4085],[76.98582,28.40803],[76.98628,28.40771],[76.9868,28.40741]]}},{"type":"Feature","properties":{"name":"Dwarka Expressway","highway":"motorway","policy":"truck entry 23:00-07:00 (CAQM/MCD rule)"},"geometry":{"type":"LineString","coordinates":[[76.96075,28.43375],[76.96172,28.42795],[76.96204,28.42617],[76.96244,28.42409],[76.96283,28.42204],[76.96301,28.42131],[76.96334,28.4203],[76.96361,28.41962],[76.96377,28.4193],[76.96396,28.41899],[76.96419,28.4187],[76.96474,28.41819],[76.96506,28.41797],[76.96539,28.41778],[76.96576,28.41763],[76.9661,28.41751],[76.96646,28.41742],[76.96685,28.41737],[76.96725,28.41733],[76.96765,28.41734],[76.96805,28.41738],[76.96886,28.41747],[76.96927,28.4175],[76.96968,28.41751],[76.97009,28.4175]]}},{"type":"Feature","properties":{"name":"Dwarka Expressway","highway":"motorway","policy":"truck entry 23:00-07:00 (CAQM/MCD rule)"},"geometry":{"type":"LineString","coordinates":[[76.96063,28.44659],[76.96057,28.44693],[76.96057,28.44711],[76.96072,28.44783],[76.96086,28.44843],[76.96097,28.44891],[76.96108,28.44932],[76.96115,28.44958]]}},{"type":"Feature","properties":{"name":"Dwarka Expressway","highway":"motorway","policy":"truck entry 23:00-07:00 (CAQM/MCD rule)"},"geometry":{"type":"LineString","coordinates":[[76.96395,28.4565],[76.96436,28.4574],[76.96466,28.45801],[76.96497,28.45859],[76.96523,28.459],[76.96529,28.45908],[76.96551,28.45926]]}},{"type":"Feature","properties":{"name":"NH248BB","highway":"motorway","policy":"truck entry 23:00-07:00 (CAQM/MCD rule)"},"geometry":{"type":"LineString","coordinates":[[76.96047,28.44382],[76.96031,28.44263],[76.96024,28.4419],[76.96023,28.44142],[76.96023,28.4413],[76.96021,28.44093],[76.96022,28.44029],[76.96026,28.43875],[76.96027,28.43851],[76.9604,28.43617],[76.96046,28.43562],[76.96052,28.43516],[76.96075,28.43375]]}},{"type":"Feature","properties":{"name":"Dwarka Expressway","highway":"motorway","policy":"truck entry 23:00-07:00 (CAQM/MCD rule)"},"geometry":{"type":"LineString","coordinates":[[76.96059,28.43373],[76.96043,28.43468],[76.96037,28.43507],[76.96029,28.43563],[76.96024,28.43611],[76.96019,28.43687],[76.96006,28.43912]]}},{"type":"Feature","properties":{"name":"Dwarka Expressway","highway":"motorway","policy":"truck entry 23:00-07:00 (CAQM/MCD rule)"},"geometry":{"type":"LineString","coordinates":[[76.96442,28.45639],[76.96397,28.4554],[76.96329,28.45392],[76.96254,28.45223],[76.9621,28.45102],[76.96187,28.45035],[76.96162,28.44948]]}},{"type":"Feature","properties":{"name":"Dwarka Expressway","highway":"motorway","policy":"truck entry 23:00-07:00 (CAQM/MCD rule)"},"geometry":{"type":"LineString","coordinates":[[76.96063,28.44659],[76.96076,28.44732],[76.961,28.44845],[76.96126,28.44945],[76.96149,28.45026]]}},{"type":"Feature","properties":{"name":"Dwarka Expressway","highway":"motorway","policy":"truck entry 23:00-07:00 (CAQM/MCD rule)"},"geometry":{"type":"LineString","coordinates":[[76.96162,28.44948],[76.96138,28.44861],[76.96104,28.44705],[76.96099,28.44692],[76.96091,28.44675],[76.96082,28.44657]]}},{"type":"Feature","properties":{"name":"Dwarka Expressway","highway":"motorway","policy":"truck entry 23:00-07:00 (CAQM/MCD rule)"},"geometry":{"type":"LineString","coordinates":[[76.96565,28.45921],[76.96512,28.45819],[76.96473,28.4574],[76.96398,28.45575]]}},{"type":"Feature","properties":{"name":"Dwarka Expressway","highway":"motorway","policy":"truck entry 23:00-07:00 (CAQM/MCD rule)"},"geometry":{"type":"LineString","coordinates":[[76.96082,28.44657],[76.96071,28.44584],[76.96063,28.4452],[76.96058,28.44472],[76.96047,28.44382]]}},{"type":"Feature","properties":{"name":"Dwarka Expressway","highway":"motorway","policy":"truck entry 23:00-07:00 (CAQM/MCD rule)"},"geometry":{"type":"LineString","coordinates":[[76.96551,28.45926],[76.96585,28.45984],[76.96631,28.46057],[76.96701,28.46168]]}},{"type":"Feature","properties":{"name":"Dwarka Expressway","highway":"motorway","policy":"truck entry 23:00-07:00 (CAQM/MCD rule)"},"geometry":{"type":"LineString","coordinates":[[76.9638,28.45581],[76.96461,28.45758],[76.9651,28.45853],[76.96551,28.45926]]}},{"type":"Feature","properties":{"name":"Dwarka Expressway","highway":"motorway","policy":"truck entry 23:00-07:00 (CAQM/MCD rule)"},"geometry":{"type":"LineString","coordinates":[[76.96648,28.46052],[76.9662,28.46007],[76.96565,28.45921]]}},{"type":"Feature","properties":{"name":"Dwarka Expressway","highway":"motorway","policy":"truck entry 23:00-07:00 (CAQM/MCD rule)"},"geometry":{"type":"LineString","coordinates":[[76.96565,28.45921],[76.96564,28.45897],[76.96563,28.45887],[76.96487,28.45737],[76.96442,28.45639]]}},{"type":"Feature","properties":{"name":"Dwarka Expressway","highway":"motorway","policy":"truck entry 23:00-07:00 (CAQM/MCD rule)"},"geometry":{"type":"LineString","coordinates":[[76.98756,28.40687],[76.98667,28.4072]]}},{"type":"Feature","properties":{"name":"Dwarka Expressway","highway":"motorway","policy":"truck entry 23:00-07:00 (CAQM/MCD rule)"},"geometry":{"type":"LineString","coordinates":[[76.9868,28.40741],[76.98764,28.40699]]}},{"type":"Feature","properties":{"name":"Dwarka Expressway","highway":"motorway","policy":"truck entry 23:00-07:00 (CAQM/MCD rule)"},"geometry":{"type":"LineString","coordinates":[[76.9896,28.40616],[76.9909,28.40561]]}},{"type":"Feature","properties":{"name":"Dwarka Expressway","highway":"motorway","policy":"truck entry 23:00-07:00 (CAQM/MCD rule)"},"geometry":{"type":"LineString","coordinates":[[76.99083,28.40548],[76.98953,28.40602]]}},{"type":"Feature","properties":{"name":"DND KMP Expressway","highway":"trunk","policy":"truck entry 23:00-07:00 (CAQM/MCD rule)"},"geometry":{"type":"LineString","coordinates":[[77.31726,28.48572],[77.31706,28.48722],[77.31681,28.48938],[77.31642,28.49325],[77.31625,28.495],[77.3162,28.49548]]}},{"type":"Feature","properties":{"name":"Rohtak Road","highway":"trunk","policy":"truck entry 23:00-07:00 (CAQM/MCD rule)"},"geometry":{"type":"LineString","coordinates":[[77.00072,28.68487],[77.00213,28.68475],[77.0028,28.68469],[77.00586,28.68442],[77.00801,28.68423],[77.01005,28.68405],[77.01073,28.68399],[77.01168,28.68391],[77.01421,28.68369],[77.01659,28.68355],[77.01802,28.68343],[77.01839,28.6834],[77.01868,28.68337],[77.01948,28.6833],[77.02235,28.68306],[77.02495,28.68286],[77.02683,28.6827],[77.02789,28.68261],[77.028,28.6826],[77.02859,28.68254],[77.02894,28.68251]]}},{"type":"Feature","properties":{"name":"Gurgaon Rewari Narnaul Singhana Road","highway":"trunk","policy":"truck entry 23:00-07:00 (CAQM/MCD rule)"},"geometry":{"type":"LineString","coordinates":[[76.95426,28.42831],[76.95396,28.42833],[76.95361,28.42833],[76.9533,28.4283],[76.95218,28.42815],[76.95103,28.42799],[76.95099,28.42798],[76.95003,28.42782],[76.94912,28.4277],[76.94687,28.42738],[76.94679,28.42736],[76.94655,28.42733],[76.94651,28.42732],[76.94585,28.42723],[76.94474,28.427],[76.94344,28.42676],[76.94255,28.42659],[76.942,28.42648],[76.94166,28.4264],[76.94153,28.42638],[76.94144,28.42636],[76.94137,28.42635],[76.94133,28.42634],[76.94127,28.42633],[76.9412,28.42632],[76.9408,28.42624],[76.94061,28.42621],[76.9405,28.42619],[76.94039,28.42615],[76.94012,28.42604],[76.93951,28.42577],[76.93939,28.42571],[76.93923,28.42564],[76.93908,28.42557],[76.93891,28.4255]]}},{"type":"Feature","properties":{"name":"DND KMP Expressway","highway":"trunk","policy":"truck entry 23:00-07:00 (CAQM/MCD rule)"},"geometry":{"type":"LineString","coordinates":[[77.31908,28.44949],[77.31898,28.45008],[77.31895,28.45042],[77.31896,28.45069],[77.31903,28.45129],[77.31918,28.45251],[77.31926,28.4531],[77.31933,28.4537],[77.31934,28.45431]]}},{"type":"Feature","properties":{"name":"Doctor KB Hedgewar Marg","highway":"trunk","policy":"truck entry 23:00-07:00 (CAQM/MCD rule)"},"geometry":{"type":"LineString","coordinates":[[77.2294,28.67979],[77.2294,28.67969]]}},{"type":"Feature","properties":{"name":"Grand Trunk Road","highway":"trunk","policy":"truck entry 23:00-07:00 (CAQM/MCD rule)"},"geometry":{"type":"LineString","coordinates":[[77.12674,28.8454],[77.12634,28.84759]]}},{"type":"Feature","properties":{"name":"Grand Trunk Road","highway":"trunk","policy":"truck entry 23:00-07:00 (CAQM/MCD rule)"},"geometry":{"type":"LineString","coordinates":[[77.12667,28.84709],[77.12696,28.84554],[77.12698,28.84544]]}},{"type":"Feature","properties":{"name":"Urban Extension Road-II","highway":"trunk","policy":"truck entry 23:00-07:00 (CAQM/MCD rule)"},"geometry":{"type":"LineString","coordinates":[[77.02582,28.56153],[77.02454,28.56232]]}},{"type":"Feature","properties":{"name":"Urban Extension Road-II","highway":"trunk","policy":"truck entry 23:00-07:00 (CAQM/MCD rule)"},"geometry":{"type":"LineString","coordinates":[[77.03498,28.56055],[77.03433,28.5605],[77.03306,28.56034],[77.03284,28.5603],[77.03142,28.56],[77.03087,28.55987],[77.03037,28.55981],[77.03019,28.5598],[77.02992,28.5598],[77.02976,28.5598],[77.02954,28.55982],[77.02911,28.55987],[77.02853,28.56001]]}},{"type":"Feature","properties":{"name":"Ashram Flyover","highway":"motorway","policy":"truck entry 23:00-07:00 (CAQM/MCD rule)"},"geometry":{"type":"LineString","coordinates":[[77.26644,28.57789],[77.26622,28.57769],[77.26592,28.57746],[77.26468,28.57665],[77.26388,28.57609],[77.26348,28.5758],[77.26238,28.57512],[77.26049,28.57387]]}},{"type":"Feature","properties":{"name":"Ashram Flyover","highway":"motorway","policy":"truck entry 23:00-07:00 (CAQM/MCD rule)"},"geometry":{"type":"LineString","coordinates":[[77.257,28.57162],[77.2575,28.57202],[77.25819,28.5725],[77.25928,28.57323],[77.26039,28.57394]]}},{"type":"Feature","properties":{"name":"Delhi-Noida Direct Flyway","highway":"motorway","policy":"truck entry 23:00-07:00 (CAQM/MCD rule)"},"geometry":{"type":"LineString","coordinates":[[77.26965,28.58056],[77.26905,28.5801],[77.26886,28.57993]]}},{"type":"Feature","properties":{"name":"Delhi-Noida Direct Flyway","highway":"motorway","policy":"truck entry 23:00-07:00 (CAQM/MCD rule)"},"geometry":{"type":"LineString","coordinates":[[77.26644,28.57803],[77.26656,28.57814],[77.26875,28.58]]}},{"type":"Feature","properties":{"name":"freight corridor","highway":"trunk","policy":"truck entry 23:00-07:00 (CAQM/MCD rule)"},"geometry":{"type":"LineString","coordinates":[[77.26495,28.67034],[77.26484,28.67029],[77.26436,28.67014],[77.26399,28.67004],[77.2636,28.66999],[77.26331,28.66999],[77.26315,28.66999],[77.26305,28.67002],[77.26293,28.67004],[77.26264,28.67015]]}},{"type":"Feature","properties":{"name":"Delhi\u2013Dehradun Expressway","highway":"trunk","policy":"truck entry 23:00-07:00 (CAQM/MCD rule)"},"geometry":{"type":"LineString","coordinates":[[77.25615,28.70438],[77.25621,28.70423],[77.25619,28.70408],[77.25618,28.70401],[77.25606,28.70323],[77.25587,28.70179],[77.25583,28.70152],[77.25567,28.70031],[77.25558,28.69964],[77.25556,28.69943],[77.25552,28.69916],[77.25534,28.69782],[77.25525,28.69714],[77.25516,28.69651],[77.25511,28.69618],[77.25507,28.69592],[77.25496,28.69498],[77.2548,28.69389],[77.25466,28.69285],[77.25452,28.69189],[77.25441,28.69112],[77.2544,28.691],[77.25426,28.68997],[77.25424,28.68984],[77.25417,28.68939],[77.25412,28.68892],[77.25409,28.68835],[77.25413,28.68803],[77.25425,28.68753],[77.25445,28.68678],[77.25449,28.68661],[77.25468,28.68604],[77.25487,28.68517],[77.25499,28.6847],[77.25511,28.68422],[77.2552,28.68388],[77.25525,28.68368],[77.25535,28.68331],[77.25557,28.68246],[77.25599,28.68081],[77.25626,28.67979],[77.25632,28.67957],[77.25645,28.6791],[77.25673,28.67809],[77.25686,28.6776],[77.25692,28.67724],[77.25696,28.67677],[77.25696,28.67649],[77.25692,28.67621],[77.25687,28.67602],[77.25676,28.67554],[77.25659,28.6749],[77.25651,28.67464],[77.25631,28.6738],[77.25612,28.67305],[77.25606,28.67279],[77.25605,28.67275],[77.25597,28.67243],[77.25596,28.67235],[77.25594,28.67225],[77.25581,28.6717],[77.25575,28.67127],[77.25573,28.67116],[77.25569,28.67053],[77.25568,28.66982],[77.25564,28.66932],[77.2556,28.6685],[77.25563,28.66836],[77.25567,28.66821],[77.25572,28.66812],[77.25583,28.66791],[77.25589,28.66785],[77.25606,28.66771],[77.25618,28.66761]]}},{"type":"Feature","properties":{"name":"Delhi-Dehradun Expressway","highway":"motorway","policy":"truck entry 23:00-07:00 (CAQM/MCD rule)"},"geometry":{"type":"LineString","coordinates":[[77.25592,28.67238],[77.25586,28.67209],[77.25578,28.67172],[77.25573,28.6714],[77.2557,28.67118],[77.25565,28.6707],[77.25563,28.67018],[77.25562,28.66987]]}},{"type":"Feature","properties":{"name":"Bahadurgarh Bypass","highway":"trunk","policy":"truck entry 23:00-07:00 (CAQM/MCD rule)"},"geometry":{"type":"LineString","coordinates":[[76.9474,28.68954],[76.94714,28.68956]]}},{"type":"Feature","properties":{"name":"Bahadurgarh Bypass","highway":"trunk","policy":"truck entry 23:00-07:00 (CAQM/MCD rule)"},"geometry":{"type":"LineString","coordinates":[[76.94714,28.68956],[76.94696,28.68958],[76.94679,28.68959]]}},{"type":"Feature","properties":{"name":"Delhi-Dehradun Expressway","highway":"motorway","policy":"truck entry 23:00-07:00 (CAQM/MCD rule)"},"geometry":{"type":"LineString","coordinates":[[77.25601,28.6728],[77.25599,28.6727],[77.25592,28.67238]]}},{"type":"Feature","properties":{"name":"Loni Road","highway":"trunk","policy":"truck entry 23:00-07:00 (CAQM/MCD rule)"},"geometry":{"type":"LineString","coordinates":[[77.24064,28.89613],[77.24086,28.8958],[77.24131,28.895],[77.24234,28.89289],[77.24308,28.89138],[77.24397,28.88948],[77.2441,28.8892],[77.24536,28.88641],[77.24541,28.88631],[77.24645,28.88385],[77.24671,28.88324],[77.24678,28.88305],[77.24741,28.88181],[77.24792,28.88077],[77.24851,28.8795],[77.24859,28.87906]]}},{"type":"Feature","properties":{"name":"Loni Road","highway":"trunk","policy":"truck entry 23:00-07:00 (CAQM/MCD rule)"},"geometry":{"type":"LineString","coordinates":[[77.29089,28.71079],[77.29084,28.7109],[77.29083,28.71094]]}},{"type":"Feature","properties":{"name":"Dwarka Expressway","highway":"motorway","policy":"truck entry 23:00-07:00 (CAQM/MCD rule)"},"geometry":{"type":"LineString","coordinates":[[77.05521,28.54897],[77.0555,28.54872],[77.05589,28.54843],[77.05651,28.54807],[77.05668,28.54799],[77.05699,28.54781],[77.05722,28.54769]]}},{"type":"Feature","properties":{"name":"Dwarka Expressway","highway":"motorway","policy":"truck entry 23:00-07:00 (CAQM/MCD rule)"},"geometry":{"type":"LineString","coordinates":[[77.05721,28.5475],[77.05659,28.54784],[77.05612,28.54809],[77.05571,28.54838],[77.05541,28.54861],[77.05522,28.54879],[77.0551,28.5489]]}},{"type":"Feature","properties":{"name":"Grand Trunk Road","highway":"trunk","policy":"truck entry 23:00-07:00 (CAQM/MCD rule)"},"geometry":{"type":"LineString","coordinates":[[77.14152,28.78096],[77.14135,28.7817],[77.14127,28.7823]]}},{"type":"Feature","properties":{"name":"Grand Trunk Road","highway":"trunk","policy":"truck entry 23:00-07:00 (CAQM/MCD rule)"},"geometry":{"type":"LineString","coordinates":[[77.14154,28.78086],[77.14152,28.78096]]}},{"type":"Feature","properties":{"name":"Grand Trunk Road","highway":"trunk","policy":"truck entry 23:00-07:00 (CAQM/MCD rule)"},"geometry":{"type":"LineString","coordinates":[[77.14144,28.78232],[77.14151,28.78175],[77.14169,28.78098]]}},{"type":"Feature","properties":{"name":"Grand Trunk Road","highway":"trunk","policy":"truck entry 23:00-07:00 (CAQM/MCD rule)"},"geometry":{"type":"LineString","coordinates":[[77.14169,28.78098],[77.14171,28.78088]]}},{"type":"Feature","properties":{"name":"Grand Trunk Road","highway":"trunk","policy":"truck entry 23:00-07:00 (CAQM/MCD rule)"},"geometry":{"type":"LineString","coordinates":[[77.14294,28.80278],[77.14285,28.80305],[77.14277,28.80331],[77.14266,28.80355],[77.14257,28.80376],[77.14241,28.80413],[77.14214,28.80458],[77.14187,28.805],[77.14135,28.80574],[77.14122,28.80588]]}},{"type":"Feature","properties":{"name":"Grand Trunk Road","highway":"trunk","policy":"truck entry 23:00-07:00 (CAQM/MCD rule)"},"geometry":{"type":"LineString","coordinates":[[77.14146,28.80599],[77.14149,28.80596],[77.14205,28.8052],[77.14241,28.8046],[77.14257,28.80431],[77.14279,28.80388],[77.14297,28.80342],[77.14305,28.80311],[77.14314,28.80285]]}},{"type":"Feature","properties":{"name":"Grand Trunk Road","highway":"trunk","policy":"truck entry 23:00-07:00 (CAQM/MCD rule)"},"geometry":{"type":"LineString","coordinates":[[77.14344,28.79871],[77.14327,28.80028],[77.14303,28.80238]]}},{"type":"Feature","properties":{"name":"Grand Trunk Road","highway":"trunk","policy":"truck entry 23:00-07:00 (CAQM/MCD rule)"},"geometry":{"type":"LineString","coordinates":[[77.14324,28.80243],[77.14354,28.80025],[77.14367,28.79872]]}},{"type":"Feature","properties":{"name":"Grand Trunk Road","highway":"trunk","policy":"truck entry 23:00-07:00 (CAQM/MCD rule)"},"geometry":{"type":"LineString","coordinates":[[77.1433,28.7922],[77.14366,28.79311],[77.14382,28.79395],[77.14384,28.79468],[77.1438,28.79527],[77.14375,28.79581]]}},{"type":"Feature","properties":{"name":"Grand Trunk Road","highway":"trunk","policy":"truck entry 23:00-07:00 (CAQM/MCD rule)"},"geometry":{"type":"LineString","coordinates":[[77.1428,28.791],[77.14201,28.78983],[77.14164,28.78917]]}},{"type":"Feature","properties":{"name":"Grand Trunk Road","highway":"trunk","policy":"truck entry 23:00-07:00 (CAQM/MCD rule)"},"geometry":{"type":"LineString","coordinates":[[77.14375,28.79581],[77.14347,28.79838],[77.14347,28.79841],[77.14344,28.79871]]}},{"type":"Feature","properties":{"name":"Grand Trunk Road","highway":"trunk","policy":"truck entry 23:00-07:00 (CAQM/MCD rule)"},"geometry":{"type":"LineString","coordinates":[[77.14367,28.79872],[77.14368,28.79857],[77.1437,28.79838],[77.1437,28.79834],[77.14373,28.79804],[77.14391,28.79637]]}},{"type":"Feature","properties":{"name":"Grand Trunk Road","highway":"trunk","policy":"truck entry 23:00-07:00 (CAQM/MCD rule)"},"geometry":{"type":"LineString","coordinates":[[77.12396,28.86082],[77.12386,28.8614],[77.12382,28.86166],[77.12363,28.86273],[77.12344,28.86386],[77.12339,28.86419],[77.12339,28.86423],[77.1232,28.86514],[77.12309,28.86586],[77.12306,28.86598],[77.1229,28.86691],[77.12281,28.86746],[77.12267,28.86836],[77.12253,28.86914],[77.12246,28.86951],[77.12243,28.8697],[77.12227,28.87045],[77.12226,28.87052]]}},{"type":"Feature","properties":{"name":"Grand Trunk Road","highway":"trunk","policy":"truck entry 23:00-07:00 (CAQM/MCD rule)"},"geometry":{"type":"LineString","coordinates":[[77.12226,28.87052],[77.12221,28.87082]]}},{"type":"Feature","properties":{"name":"Grand Trunk Road","highway":"trunk","policy":"truck entry 23:00-07:00 (CAQM/MCD rule)"},"geometry":{"type":"LineString","coordinates":[[77.12241,28.87054],[77.12262,28.86964],[77.12268,28.86931],[77.12288,28.86814],[77.1231,28.86687],[77.12364,28.8638],[77.12411,28.86112],[77.12416,28.86081]]}},{"type":"Feature","properties":{"name":"Grand Trunk Road","highway":"trunk","policy":"truck entry 23:00-07:00 (CAQM/MCD rule)"},"geometry":{"type":"LineString","coordinates":[[77.12235,28.87083],[77.12241,28.87054]]}},{"type":"Feature","properties":{"name":"Grand Trunk Road","highway":"trunk","policy":"truck entry 23:00-07:00 (CAQM/MCD rule)"},"geometry":{"type":"LineString","coordinates":[[77.12453,28.85769],[77.12446,28.858],[77.12442,28.85818],[77.1244,28.85828],[77.12434,28.85857],[77.12396,28.86082]]}},{"type":"Feature","properties":{"name":"Grand Trunk Road","highway":"trunk","policy":"truck entry 23:00-07:00 (CAQM/MCD rule)"},"geometry":{"type":"LineString","coordinates":[[77.12416,28.86081],[77.12449,28.85894],[77.12456,28.85858],[77.12457,28.85849],[77.12461,28.85829],[77.12468,28.85783]]}},{"type":"Feature","properties":{"name":"Grand Trunk Road","highway":"trunk","policy":"truck entry 23:00-07:00 (CAQM/MCD rule)"},"geometry":{"type":"LineString","coordinates":[[77.1255,28.85218],[77.12519,28.85394]]}},{"type":"Feature","properties":{"name":"Grand Trunk Road","highway":"trunk","policy":"truck entry 23:00-07:00 (CAQM/MCD rule)"},"geometry":{"type":"LineString","coordinates":[[77.12538,28.85395],[77.12545,28.85357],[77.1256,28.85288],[77.12572,28.85222],[77.12581,28.85176]]}},{"type":"Feature","properties":{"name":"Grand Trunk Road","highway":"trunk","policy":"truck entry 23:00-07:00 (CAQM/MCD rule)"},"geometry":{"type":"LineString","coordinates":[[77.12681,28.84505],[77.12678,28.84522],[77.12674,28.8454]]}},{"type":"Feature","properties":{"name":"Grand Trunk Road","highway":"trunk","policy":"truck entry 23:00-07:00 (CAQM/MCD rule)"},"geometry":{"type":"LineString","coordinates":[[77.12698,28.84544],[77.12701,28.84523],[77.12704,28.84508]]}},{"type":"Feature","properties":{"name":"Grand Trunk Road","highway":"trunk","policy":"truck entry 23:00-07:00 (CAQM/MCD rule)"},"geometry":{"type":"LineString","coordinates":[[77.12221,28.87082],[77.12204,28.87177],[77.1218,28.87293],[77.12152,28.87375],[77.12146,28.87389]]}},{"type":"Feature","properties":{"name":"Grand Trunk Road","highway":"trunk","policy":"truck entry 23:00-07:00 (CAQM/MCD rule)"},"geometry":{"type":"LineString","coordinates":[[77.12146,28.87389],[77.12136,28.87417],[77.12111,28.87488],[77.1208,28.87573],[77.12062,28.87621]]}},{"type":"Feature","properties":{"name":"Grand Trunk Road","highway":"trunk","policy":"truck entry 23:00-07:00 (CAQM/MCD rule)"},"geometry":{"type":"LineString","coordinates":[[77.12062,28.87621],[77.12049,28.87658]]}},{"type":"Feature","properties":{"name":"Grand Trunk Road","highway":"trunk","policy":"truck entry 23:00-07:00 (CAQM/MCD rule)"},"geometry":{"type":"LineString","coordinates":[[77.12079,28.87625],[77.12101,28.87565],[77.12127,28.87491],[77.12147,28.8744],[77.12164,28.87397],[77.12167,28.87387],[77.12196,28.87296],[77.12205,28.87262],[77.12227,28.87129],[77.12235,28.87083]]}},{"type":"Feature","properties":{"name":"Grand Trunk Road","highway":"trunk","policy":"truck entry 23:00-07:00 (CAQM/MCD rule)"},"geometry":{"type":"LineString","coordinates":[[77.12064,28.87663],[77.12079,28.87625]]}},{"type":"Feature","properties":{"name":"Delhi Eastern Peripheral Expressway","highway":"motorway","policy":"truck entry 23:00-07:00 (CAQM/MCD rule)"},"geometry":{"type":"LineString","coordinates":[[77.2956,28.87879],[77.29418,28.87886],[77.29337,28.8789],[77.29195,28.87892],[77.28837,28.8789]]}},{"type":"Feature","properties":{"name":"Delhi Eastern Peripheral Expressway","highway":"motorway","policy":"truck entry 23:00-07:00 (CAQM/MCD rule)"},"geometry":{"type":"LineString","coordinates":[[77.29602,28.87875],[77.2956,28.87879]]}},{"type":"Feature","properties":{"name":"Delhi Eastern Peripheral Expressway","highway":"motorway","policy":"truck entry 23:00-07:00 (CAQM/MCD rule)"},"geometry":{"type":"LineString","coordinates":[[77.28837,28.87912],[77.29147,28.87912],[77.29327,28.8791],[77.29551,28.87897],[77.29561,28.87896]]}},{"type":"Feature","properties":{"name":"Delhi Eastern Peripheral Expressway","highway":"motorway","policy":"truck entry 23:00-07:00 (CAQM/MCD rule)"},"geometry":{"type":"LineString","coordinates":[[77.29561,28.87896],[77.29597,28.87894]]}},{"type":"Feature","properties":{"name":"Shaheed Captain Vikram Batra Flyover","highway":"trunk","policy":"truck entry 23:00-07:00 (CAQM/MCD rule)"},"geometry":{"type":"LineString","coordinates":[[77.15861,28.73641],[77.15949,28.73678]]}},{"type":"Feature","properties":{"name":"Shaheed Captain Vikram Batra Flyover","highway":"trunk","policy":"truck entry 23:00-07:00 (CAQM/MCD rule)"},"geometry":{"type":"LineString","coordinates":[[77.15966,28.73669],[77.15871,28.73632]]}},{"type":"Feature","properties":{"name":"Outer Ring Road","highway":"trunk","policy":"truck entry 23:00-07:00 (CAQM/MCD rule)"},"geometry":{"type":"LineString","coordinates":[[77.15131,28.73201],[77.15184,28.73237],[77.15236,28.73274],[77.15292,28.73311]]}},{"type":"Feature","properties":{"name":"Shaheed Captain Vikram Batra Flyover","highway":"trunk","policy":"truck entry 23:00-07:00 (CAQM/MCD rule)"},"geometry":{"type":"LineString","coordinates":[[77.1545,28.73401],[77.15415,28.73376],[77.15404,28.73369],[77.15346,28.73329]]}},{"type":"Feature","properties":{"name":"Bahadurgarh Bypass","highway":"trunk","policy":"truck entry 23:00-07:00 (CAQM/MCD rule)"},"geometry":{"type":"LineString","coordinates":[[76.86759,28.71945],[76.86743,28.71977],[76.86711,28.72027],[76.86683,28.72057]]}},{"type":"Feature","properties":{"name":"Bahadurgarh Bypass","highway":"trunk","policy":"truck entry 23:00-07:00 (CAQM/MCD rule)"},"geometry":{"type":"LineString","coordinates":[[76.86773,28.71915],[76.86759,28.71945]]}},{"type":"Feature","properties":{"name":"Bahadurgarh Bypass","highway":"trunk","policy":"truck entry 23:00-07:00 (CAQM/MCD rule)"},"geometry":{"type":"LineString","coordinates":[[76.86704,28.72062],[76.86743,28.7201],[76.86769,28.71962]]}},{"type":"Feature","properties":{"name":"Bahadurgarh Bypass","highway":"trunk","policy":"truck entry 23:00-07:00 (CAQM/MCD rule)"},"geometry":{"type":"LineString","coordinates":[[76.86769,28.71962],[76.8678,28.71941],[76.86786,28.71929]]}},{"type":"Feature","properties":{"name":"Bahadurgarh Bypass","highway":"trunk","policy":"truck entry 23:00-07:00 (CAQM/MCD rule)"},"geometry":{"type":"LineString","coordinates":[[76.88353,28.68858],[76.88307,28.68947],[76.88259,28.69041],[76.88198,28.69161],[76.88161,28.69232],[76.88154,28.69246],[76.88136,28.69277],[76.88127,28.69293],[76.88084,28.6938],[76.87956,28.6961],[76.87913,28.69698]]}},{"type":"Feature","properties":{"name":"Bahadurgarh Bypass","highway":"trunk","policy":"truck entry 23:00-07:00 (CAQM/MCD rule)"},"geometry":{"type":"LineString","coordinates":[[76.87913,28.69698],[76.87902,28.69722]]}},{"type":"Feature","properties":{"name":"Bahadurgarh Bypass","highway":"trunk","policy":"truck entry 23:00-07:00 (CAQM/MCD rule)"},"geometry":{"type":"LineString","coordinates":[[76.87934,28.69701],[76.87975,28.69622],[76.87993,28.69587],[76.88005,28.69564],[76.88011,28.69551],[76.88058,28.69465],[76.8811,28.69375],[76.88155,28.6929],[76.88166,28.69268],[76.88231,28.69145],[76.88258,28.69094],[76.88285,28.6903],[76.88306,28.68989],[76.88367,28.6887]]}},{"type":"Feature","properties":{"name":"Bahadurgarh Bypass","highway":"trunk","policy":"truck entry 23:00-07:00 (CAQM/MCD rule)"},"geometry":{"type":"LineString","coordinates":[[76.87922,28.69724],[76.87934,28.69701]]}},{"type":"Feature","properties":{"name":"Burari Flyover","highway":"trunk","policy":"truck entry 23:00-07:00 (CAQM/MCD rule)"},"geometry":{"type":"LineString","coordinates":[[77.20166,28.72758],[77.20122,28.72773],[77.20074,28.72787],[77.19877,28.72831]]}},{"type":"Feature","properties":{"name":"Burari Flyover","highway":"trunk","policy":"truck entry 23:00-07:00 (CAQM/MCD rule)"},"geometry":{"type":"LineString","coordinates":[[77.2017,28.72768],[77.20239,28.72749]]}},{"type":"Feature","properties":{"name":"Burari Flyover","highway":"trunk","policy":"truck entry 23:00-07:00 (CAQM/MCD rule)"},"geometry":{"type":"LineString","coordinates":[[77.19421,28.72959],[77.19481,28.72942]]}},{"type":"Feature","properties":{"name":"Burari Flyover","highway":"trunk","policy":"truck entry 23:00-07:00 (CAQM/MCD rule)"},"geometry":{"type":"LineString","coordinates":[[77.19721,28.72869],[77.19478,28.72927]]}},{"type":"Feature","properties":{"name":"Wazirabad Flyover","highway":"trunk","policy":"truck entry 23:00-07:00 (CAQM/MCD rule)"},"geometry":{"type":"LineString","coordinates":[[77.22665,28.71367],[77.22666,28.7137],[77.22666,28.71392]]}},{"type":"Feature","properties":{"name":"Wazirabad Flyover","highway":"trunk","policy":"truck entry 23:00-07:00 (CAQM/MCD rule)"},"geometry":{"type":"LineString","coordinates":[[77.22683,28.71394],[77.2268,28.71378],[77.22678,28.71365]]}},{"type":"Feature","properties":{"name":"Bahadurgarh Bypass","highway":"trunk","policy":"truck entry 23:00-07:00 (CAQM/MCD rule)"},"geometry":{"type":"LineString","coordinates":[[76.93632,28.66944],[76.93657,28.66954],[76.93833,28.67021],[76.93936,28.67054]]}},{"type":"Feature","properties":{"name":"Bahadurgarh Bypass","highway":"trunk","policy":"truck entry 23:00-07:00 (CAQM/MCD rule)"},"geometry":{"type":"LineString","coordinates":[[76.93941,28.67039],[76.93917,28.67033],[76.93786,28.66987],[76.93637,28.66932]]}},{"type":"Feature","properties":{"name":"Bahadurgarh Bypass","highway":"trunk","policy":"truck entry 23:00-07:00 (CAQM/MCD rule)"},"geometry":{"type":"LineString","coordinates":[[76.94018,28.67076],[76.94308,28.67151]]}},{"type":"Feature","properties":{"name":"Bahadurgarh Bypass","highway":"trunk","policy":"truck entry 23:00-07:00 (CAQM/MCD rule)"},"geometry":{"type":"LineString","coordinates":[[76.94312,28.67139],[76.94023,28.67061]]}},{"type":"Feature","properties":{"name":"Bahadurgarh Bypass","highway":"trunk","policy":"truck entry 23:00-07:00 (CAQM/MCD rule)"},"geometry":{"type":"LineString","coordinates":[[76.94662,28.68961],[76.94664,28.68973],[76.94682,28.68971],[76.94705,28.68969]]}},{"type":"Feature","properties":{"name":"freight corridor","highway":"trunk","policy":"truck entry 23:00-07:00 (CAQM/MCD rule)"},"geometry":{"type":"LineString","coordinates":[[76.94679,28.68959],[76.94662,28.68961]]}},{"type":"Feature","properties":{"name":"Flyover","highway":"trunk","policy":"truck entry 23:00-07:00 (CAQM/MCD rule)"},"geometry":{"type":"LineString","coordinates":[[77.28762,28.61738],[77.28789,28.61752],[77.28839,28.61773],[77.28899,28.61797],[77.28984,28.6183]]}},{"type":"Feature","properties":{"name":"Delhi - Meerut Expressway","highway":"motorway","policy":"truck entry 23:00-07:00 (CAQM/MCD rule)"},"geometry":{"type":"LineString","coordinates":[[77.28769,28.61727],[77.28818,28.6175],[77.28904,28.61784],[77.28988,28.61819]]}},{"type":"Feature","properties":{"name":"Delhi - Meerut Expressway","highway":"motorway","policy":"truck entry 23:00-07:00 (CAQM/MCD rule)"},"geometry":{"type":"LineString","coordinates":[[77.28996,28.61802],[77.28969,28.61793],[77.28822,28.61735],[77.28776,28.61713]]}},{"type":"Feature","properties":{"name":"Flyover","highway":"trunk","policy":"truck entry 23:00-07:00 (CAQM/MCD rule)"},"geometry":{"type":"LineString","coordinates":[[77.29006,28.61793],[77.28949,28.61772],[77.2893,28.61764]]}},{"type":"Feature","properties":{"name":"Flyover","highway":"trunk","policy":"truck entry 23:00-07:00 (CAQM/MCD rule)"},"geometry":{"type":"LineString","coordinates":[[77.28544,28.61608],[77.28585,28.61632]]}},{"type":"Feature","properties":{"name":"Delhi - Meerut Expressway","highway":"motorway","policy":"truck entry 23:00-07:00 (CAQM/MCD rule)"},"geometry":{"type":"LineString","coordinates":[[77.28743,28.61696],[77.28667,28.61653],[77.28603,28.6161]]}},{"type":"Feature","properties":{"name":"Flyover","highway":"trunk","policy":"truck entry 23:00-07:00 (CAQM/MCD rule)"},"geometry":{"type":"LineString","coordinates":[[77.28599,28.61588],[77.28566,28.61564]]}},{"type":"Feature","properties":{"name":"Delhi-Dehradun Expressway","highway":"trunk","policy":"truck entry 23:00-07:00 (CAQM/MCD rule)"},"geometry":{"type":"LineString","coordinates":[[77.27957,28.61878],[77.27978,28.61847]]}},{"type":"Feature","properties":{"name":"Delhi-Dehradun Expressway","highway":"trunk","policy":"truck entry 23:00-07:00 (CAQM/MCD rule)"},"geometry":{"type":"LineString","coordinates":[[77.27964,28.61842],[77.27945,28.61873]]}},{"type":"Feature","properties":{"name":"Delhi-Dehradun Expressway","highway":"trunk","policy":"truck entry 23:00-07:00 (CAQM/MCD rule)"},"geometry":{"type":"LineString","coordinates":[[77.27645,28.62353],[77.27658,28.62333],[77.27742,28.62209]]}},{"type":"Feature","properties":{"name":"Delhi-Dehradun Expressway","highway":"trunk","policy":"truck entry 23:00-07:00 (CAQM/MCD rule)"},"geometry":{"type":"LineString","coordinates":[[77.2773,28.62206],[77.27634,28.62348]]}},{"type":"Feature","properties":{"name":"Wazirabad Road","highway":"trunk","policy":"truck entry 23:00-07:00 (CAQM/MCD rule)"},"geometry":{"type":"LineString","coordinates":[[77.33023,28.69689],[77.3299,28.6969],[77.32975,28.69695],[77.32973,28.69697],[77.32968,28.69701],[77.32833,28.69737],[77.32755,28.69756],[77.3272,28.69764],[77.32699,28.69769],[77.32592,28.69796],[77.3253,28.69811],[77.32496,28.6982],[77.32384,28.69849]]}},{"type":"Feature","properties":{"name":"Wazirabad Road","highway":"trunk","policy":"truck entry 23:00-07:00 (CAQM/MCD rule)"},"geometry":{"type":"LineString","coordinates":[[77.32381,28.69862],[77.32409,28.69854],[77.32436,28.69847],[77.32501,28.69832],[77.32704,28.69779],[77.32757,28.69765],[77.32838,28.69746],[77.32955,28.69716],[77.32971,28.69715],[77.32985,28.69715],[77.33002,28.69711],[77.33025,28.69699]]}},{"type":"Feature","properties":{"name":"Wazirabad Road","highway":"trunk","policy":"truck entry 23:00-07:00 (CAQM/MCD rule)"},"geometry":{"type":"LineString","coordinates":[[77.33952,28.69478],[77.33965,28.69479],[77.33982,28.69475],[77.34013,28.69464],[77.34062,28.69453],[77.34155,28.69431],[77.34161,28.6943]]}},{"type":"Feature","properties":{"name":"Wazirabad Road","highway":"trunk","policy":"truck entry 23:00-07:00 (CAQM/MCD rule)"},"geometry":{"type":"LineString","coordinates":[[77.34157,28.69417],[77.34061,28.6944],[77.34057,28.6944],[77.34032,28.69446],[77.34014,28.69451],[77.33977,28.69461],[77.33966,28.69464],[77.33961,28.69466],[77.33954,28.6947]]}},{"type":"Feature","properties":{"name":"Wazirabad Road","highway":"trunk","policy":"truck entry 23:00-07:00 (CAQM/MCD rule)"},"geometry":{"type":"LineString","coordinates":[[77.33888,28.69493],[77.33952,28.69478],[77.33972,28.69474],[77.33976,28.69472],[77.33977,28.6947],[77.33976,28.69468],[77.33975,28.69467],[77.33972,28.69466],[77.3397,28.69467]]}},{"type":"Feature","properties":{"name":"Wazirabad Road","highway":"trunk","policy":"truck entry 23:00-07:00 (CAQM/MCD rule)"},"geometry":{"type":"LineString","coordinates":[[77.3397,28.69467],[77.33954,28.6947],[77.33882,28.69485],[77.33875,28.69487],[77.33872,28.69488],[77.33852,28.69495],[77.33842,28.69499],[77.33832,28.69502],[77.33827,28.69505],[77.33825,28.69508],[77.33827,28.6951],[77.33832,28.6951],[77.33837,28.69509]]}},{"type":"Feature","properties":{"name":"freight corridor","highway":"trunk","policy":"truck entry 23:00-07:00 (CAQM/MCD rule)"},"geometry":{"type":"LineString","coordinates":[[77.33608,28.6957],[77.33616,28.69565],[77.33619,28.69561],[77.33619,28.69558],[77.33618,28.69557],[77.33614,28.69556],[77.33594,28.69558]]}},{"type":"Feature","properties":{"name":"Wazirabad Road","highway":"trunk","policy":"truck entry 23:00-07:00 (CAQM/MCD rule)"},"geometry":{"type":"LineString","coordinates":[[77.33837,28.69509],[77.33858,28.69502],[77.33878,28.69496]]}},{"type":"Feature","properties":{"name":"Wazirabad Road","highway":"trunk","policy":"truck entry 23:00-07:00 (CAQM/MCD rule)"},"geometry":{"type":"LineString","coordinates":[[77.33878,28.69496],[77.33883,28.69494],[77.33888,28.69493]]}},{"type":"Feature","properties":{"name":"Grand Trunk Road","highway":"trunk","policy":"truck entry 23:00-07:00 (CAQM/MCD rule)"},"geometry":{"type":"LineString","coordinates":[[77.11924,28.87993],[77.1192,28.88006],[77.11904,28.8805]]}},{"type":"Feature","properties":{"name":"Grand Trunk Road","highway":"trunk","policy":"truck entry 23:00-07:00 (CAQM/MCD rule)"},"geometry":{"type":"LineString","coordinates":[[77.12944,28.83303],[77.12941,28.83313],[77.12885,28.83499]]}},{"type":"Feature","properties":{"name":"Grand Trunk Road","highway":"trunk","policy":"truck entry 23:00-07:00 (CAQM/MCD rule)"},"geometry":{"type":"LineString","coordinates":[[77.12954,28.83269],[77.12944,28.83303]]}},{"type":"Feature","properties":{"name":"Grand Trunk Road","highway":"trunk","policy":"truck entry 23:00-07:00 (CAQM/MCD rule)"},"geometry":{"type":"LineString","coordinates":[[77.12904,28.83502],[77.12908,28.8349],[77.12963,28.83307]]}},{"type":"Feature","properties":{"name":"Grand Trunk Road","highway":"trunk","policy":"truck entry 23:00-07:00 (CAQM/MCD rule)"},"geometry":{"type":"LineString","coordinates":[[77.12963,28.83307],[77.12973,28.83275]]}},{"type":"Feature","properties":{"name":"Wazirabad Road","highway":"trunk","policy":"truck entry 23:00-07:00 (CAQM/MCD rule)"},"geometry":{"type":"LineString","coordinates":[[77.2517,28.70513],[77.25384,28.70492]]}},{"type":"Feature","properties":{"name":"Wazirabad Road","highway":"trunk","policy":"truck entry 23:00-07:00 (CAQM/MCD rule)"},"geometry":{"type":"LineString","coordinates":[[77.25383,28.7048],[77.25169,28.70501]]}},{"type":"Feature","properties":{"name":"Wazirabad Road","highway":"trunk","policy":"truck entry 23:00-07:00 (CAQM/MCD rule)"},"geometry":{"type":"LineString","coordinates":[[77.26042,28.70361],[77.2599,28.70371],[77.25984,28.70371],[77.25958,28.70373]]}},{"type":"Feature","properties":{"name":"Wazirabad Road","highway":"trunk","policy":"truck entry 23:00-07:00 (CAQM/MCD rule)"},"geometry":{"type":"LineString","coordinates":[[77.25959,28.70385],[77.26033,28.70381]]}},{"type":"Feature","properties":{"name":"Grand Trunk Road","highway":"trunk","policy":"truck entry 23:00-07:00 (CAQM/MCD rule)"},"geometry":{"type":"LineString","coordinates":[[77.14351,28.77196],[77.1435,28.77203],[77.14154,28.78086]]}},{"type":"Feature","properties":{"name":"Grand Trunk Road","highway":"trunk","policy":"truck entry 23:00-07:00 (CAQM/MCD rule)"},"geometry":{"type":"LineString","coordinates":[[77.14357,28.77174],[77.14351,28.77196]]}},{"type":"Feature","properties":{"name":"Grand Trunk Road","highway":"trunk","policy":"truck entry 23:00-07:00 (CAQM/MCD rule)"},"geometry":{"type":"LineString","coordinates":[[77.14171,28.78088],[77.1431,28.77462],[77.14368,28.77205],[77.1437,28.77197]]}},{"type":"Feature","properties":{"name":"Grand Trunk Road","highway":"trunk","policy":"truck entry 23:00-07:00 (CAQM/MCD rule)"},"geometry":{"type":"LineString","coordinates":[[77.1437,28.77197],[77.14375,28.77177]]}},{"type":"Feature","properties":{"name":"freight corridor","highway":"trunk","policy":"truck entry 23:00-07:00 (CAQM/MCD rule)"},"geometry":{"type":"LineString","coordinates":[[77.26596,28.67087],[77.26602,28.67089],[77.26623,28.67094],[77.26681,28.67104]]}},{"type":"Feature","properties":{"name":"freight corridor","highway":"trunk","policy":"truck entry 23:00-07:00 (CAQM/MCD rule)"},"geometry":{"type":"LineString","coordinates":[[77.2723,28.67167],[77.27156,28.67159],[77.27136,28.67157],[77.27121,28.67155]]}},{"type":"Feature","properties":{"name":"freight corridor","highway":"trunk","policy":"truck entry 23:00-07:00 (CAQM/MCD rule)"},"geometry":{"type":"LineString","coordinates":[[77.27132,28.67164],[77.27275,28.67185]]}},{"type":"Feature","properties":{"name":"Delhi-Dehradun Expressway","highway":"motorway","policy":"truck entry 23:00-07:00 (CAQM/MCD rule)"},"geometry":{"type":"LineString","coordinates":[[77.28117,28.7678],[77.2811,28.76769],[77.28104,28.76761],[77.28103,28.76759],[77.28094,28.76749],[77.28085,28.76739],[77.28078,28.76732],[77.28075,28.76729],[77.28063,28.76719],[77.28051,28.7671],[77.28048,28.76708],[77.28039,28.76702],[77.28015,28.76688],[77.28008,28.76684],[77.27986,28.76671],[77.27978,28.76666],[77.27967,28.7666],[77.27947,28.7665],[77.27943,28.76648],[77.2793,28.76642],[77.27913,28.76634],[77.27907,28.76631],[77.27895,28.76626],[77.27888,28.76623],[77.27814,28.76592],[77.27737,28.76561],[77.2766,28.76527],[77.27609,28.76499],[77.27589,28.76484],[77.27574,28.76472],[77.27548,28.76446],[77.2753,28.76426],[77.27517,28.7641],[77.27506,28.76394],[77.27495,28.76377],[77.27484,28.76359],[77.27449,28.763],[77.2743,28.76269],[77.27358,28.76151],[77.27357,28.7615],[77.27282,28.7603],[77.2716,28.75837],[77.27148,28.75818],[77.27126,28.75779],[77.27119,28.75768],[77.27074,28.75688],[77.27052,28.75649]]}},{"type":"Feature","properties":{"name":"Delhi-Dehradun Expressway","highway":"motorway","policy":"truck entry 23:00-07:00 (CAQM/MCD rule)"},"geometry":{"type":"LineString","coordinates":[[77.27041,28.75653],[77.27079,28.75723],[77.27112,28.75781],[77.27126,28.75806],[77.27131,28.75814],[77.27149,28.75843],[77.27206,28.75933],[77.2727,28.76033],[77.27346,28.76154],[77.27418,28.76275],[77.27473,28.76366],[77.27483,28.76381],[77.27493,28.76396],[77.27505,28.76414],[77.27518,28.76431],[77.27537,28.76453],[77.27568,28.76482],[77.27604,28.76508],[77.27661,28.76539],[77.27843,28.76616],[77.27854,28.7662],[77.27881,28.76632],[77.2789,28.76636],[77.27905,28.76642],[77.27908,28.76643],[77.27925,28.76651],[77.27938,28.76657],[77.27941,28.76659],[77.2796,28.76669],[77.27975,28.76677],[77.27979,28.7668],[77.28002,28.76693],[77.28032,28.76711],[77.28036,28.76714],[77.28044,28.76719],[77.28055,28.76727],[77.28066,28.76736],[77.28068,28.76739],[77.28076,28.76746],[77.28084,28.76755],[77.28093,28.76765],[77.281,28.76775],[77.28105,28.76782],[77.28107,28.76785]]}},{"type":"Feature","properties":{"name":"Delhi-Dehradun Expressway","highway":"motorway","policy":"truck entry 23:00-07:00 (CAQM/MCD rule)"},"geometry":{"type":"LineString","coordinates":[[77.26971,28.75558],[77.26985,28.75573],[77.27011,28.75608],[77.27041,28.75653]]}},{"type":"Feature","properties":{"name":"Delhi-Dehradun Expressway","highway":"motorway","policy":"truck entry 23:00-07:00 (CAQM/MCD rule)"},"geometry":{"type":"LineString","coordinates":[[77.27052,28.75649],[77.27047,28.75641],[77.27028,28.75611],[77.27,28.75572],[77.26991,28.75551]]}},{"type":"Feature","properties":{"name":"Wazirabad Road","highway":"trunk","policy":"truck entry 23:00-07:00 (CAQM/MCD rule)"},"geometry":{"type":"LineString","coordinates":[[77.27908,28.7023],[77.27975,28.70223]]}},{"type":"Feature","properties":{"name":"Wazirabad Road","highway":"trunk","policy":"truck entry 23:00-07:00 (CAQM/MCD rule)"},"geometry":{"type":"LineString","coordinates":[[77.28168,28.70193],[77.28144,28.70195],[77.27973,28.7021]]}},{"type":"Feature","properties":{"name":"Wazirabad Road","highway":"trunk","policy":"truck entry 23:00-07:00 (CAQM/MCD rule)"},"geometry":{"type":"LineString","coordinates":[[77.28736,28.70144],[77.28531,28.70165]]}},{"type":"Feature","properties":{"name":"Wazirabad Road","highway":"trunk","policy":"truck entry 23:00-07:00 (CAQM/MCD rule)"},"geometry":{"type":"LineString","coordinates":[[77.28736,28.70152],[77.28825,28.7014]]}},{"type":"Feature","properties":{"name":"Loni Road","highway":"trunk","policy":"truck entry 23:00-07:00 (CAQM/MCD rule)"},"geometry":{"type":"LineString","coordinates":[[77.29151,28.70271],[77.29149,28.7032],[77.29146,28.70401],[77.29143,28.70501],[77.29142,28.70505],[77.29141,28.70549],[77.29139,28.7063]]}},{"type":"Feature","properties":{"name":"Shahdara Flyover","highway":"trunk","policy":"truck entry 23:00-07:00 (CAQM/MCD rule)"},"geometry":{"type":"LineString","coordinates":[[77.28192,28.67315],[77.28207,28.67319],[77.28286,28.67337],[77.28319,28.67345]]}},{"type":"Feature","properties":{"name":"Shahdara Flyover","highway":"trunk","policy":"truck entry 23:00-07:00 (CAQM/MCD rule)"},"geometry":{"type":"LineString","coordinates":[[77.2832,28.67335],[77.28219,28.67308],[77.28196,28.67303]]}},{"type":"Feature","properties":{"name":"Shahdara Flyover","highway":"trunk","policy":"truck entry 23:00-07:00 (CAQM/MCD rule)"},"geometry":{"type":"LineString","coordinates":[[77.28346,28.67351],[77.28375,28.67359],[77.28387,28.67362]]}},{"type":"Feature","properties":{"name":"Shahdara Flyover","highway":"trunk","policy":"truck entry 23:00-07:00 (CAQM/MCD rule)"},"geometry":{"type":"LineString","coordinates":[[77.28389,28.67353],[77.28378,28.6735],[77.28371,28.67348],[77.28359,28.67345],[77.28349,28.67342]]}},{"type":"Feature","properties":{"name":"Delhi Loni Road Flyover","highway":"trunk","policy":"truck entry 23:00-07:00 (CAQM/MCD rule)"},"geometry":{"type":"LineString","coordinates":[[77.29446,28.70067],[77.29455,28.70066],[77.29493,28.70062]]}},{"type":"Feature","properties":{"name":"Delhi Loni Road Flyover","highway":"trunk","policy":"truck entry 23:00-07:00 (CAQM/MCD rule)"},"geometry":{"type":"LineString","coordinates":[[77.29445,28.70059],[77.29426,28.70061],[77.29365,28.70069]]}},{"type":"Feature","properties":{"name":"Loni Road","highway":"trunk","policy":"truck entry 23:00-07:00 (CAQM/MCD rule)"},"geometry":{"type":"LineString","coordinates":[[77.29232,28.67587],[77.29233,28.67594],[77.29238,28.6762],[77.29238,28.67623],[77.29239,28.67635],[77.2924,28.67696],[77.29242,28.67719],[77.29243,28.67746],[77.29243,28.67751],[77.29243,28.67766],[77.29243,28.67792],[77.29241,28.67865],[77.2924,28.67895]]}},{"type":"Feature","properties":{"name":"Delhi\u2013Dehradun Expressway","highway":"trunk","policy":"truck entry 23:00-07:00 (CAQM/MCD rule)"},"geometry":{"type":"LineString","coordinates":[[77.26724,28.65157],[77.26762,28.65107],[77.26805,28.65049],[77.26813,28.65036],[77.26821,28.65023],[77.26836,28.65],[77.26852,28.64963],[77.26855,28.64951],[77.26856,28.64948],[77.26858,28.64941],[77.26858,28.64941],[77.26861,28.64924],[77.26861,28.64918],[77.2686,28.6488]]}},{"type":"Feature","properties":{"name":"Delhi-Dehradun Expressway","highway":"motorway","policy":"truck entry 23:00-07:00 (CAQM/MCD rule)"},"geometry":{"type":"LineString","coordinates":[[77.26921,28.64101],[77.26916,28.64155]]}},{"type":"Feature","properties":{"name":"Bahadurgarh Bypass","highway":"trunk","policy":"truck entry 23:00-07:00 (CAQM/MCD rule)"},"geometry":{"type":"LineString","coordinates":[[76.92177,28.66317],[76.92111,28.66305],[76.92073,28.66302],[76.92018,28.66304],[76.91965,28.66313],[76.91916,28.66323],[76.91875,28.6634],[76.91822,28.66364],[76.91817,28.66366],[76.91629,28.66485],[76.91566,28.66525],[76.91394,28.66632],[76.9134,28.66673],[76.91296,28.66718],[76.91251,28.66766],[76.91201,28.668]]}},{"type":"Feature","properties":{"name":"Bahadurgarh Bypass","highway":"trunk","policy":"truck entry 23:00-07:00 (CAQM/MCD rule)"},"geometry":{"type":"LineString","coordinates":[[76.91197,28.66816],[76.91208,28.66809],[76.91259,28.66775],[76.91293,28.66739],[76.91304,28.66728],[76.91349,28.66681],[76.91399,28.66643],[76.91488,28.66587],[76.91511,28.66572],[76.91639,28.66493],[76.91832,28.66372],[76.9187,28.66354],[76.91929,28.66332],[76.91979,28.6632],[76.92031,28.66316],[76.92089,28.66314],[76.92136,28.66322],[76.92174,28.6633]]}},{"type":"Feature","properties":{"name":"Urban Extension Road-II","highway":"trunk","policy":"truck entry 23:00-07:00 (CAQM/MCD rule)"},"geometry":{"type":"LineString","coordinates":[[76.99977,28.62787],[76.9997,28.62745],[76.99958,28.62703],[76.99941,28.62649]]}},{"type":"Feature","properties":{"name":"freight corridor","highway":"trunk","policy":"truck entry 23:00-07:00 (CAQM/MCD rule)"},"geometry":{"type":"LineString","coordinates":[[77.05018,28.55483],[77.05025,28.55495],[77.05035,28.55504],[77.0505,28.55513],[77.05067,28.55518],[77.05085,28.55518],[77.05102,28.55513],[77.05116,28.55506],[77.05127,28.55496],[77.05134,28.55486],[77.05138,28.55474],[77.0514,28.55462],[77.05139,28.55452],[77.05133,28.55438],[77.05124,28.55426],[77.05112,28.55417],[77.05098,28.5541],[77.05093,28.55409],[77.05083,28.55407],[77.05068,28.55408],[77.05053,28.55411],[77.05037,28.55419],[77.05024,28.55432],[77.05016,28.55447],[77.05013,28.55459],[77.05014,28.5547],[77.05018,28.55483]]}},{"type":"Feature","properties":{"name":"Urban Extension Road-II","highway":"trunk","policy":"truck entry 23:00-07:00 (CAQM/MCD rule)"},"geometry":{"type":"LineString","coordinates":[[77.00885,28.59059],[77.00886,28.59089]]}},{"type":"Feature","properties":{"name":"Urban Extension Road-II","highway":"trunk","policy":"truck entry 23:00-07:00 (CAQM/MCD rule)"},"geometry":{"type":"LineString","coordinates":[[77.00886,28.59089],[77.00887,28.59099]]}},{"type":"Feature","properties":{"name":"Urban Extension Road-II","highway":"trunk","policy":"truck entry 23:00-07:00 (CAQM/MCD rule)"},"geometry":{"type":"LineString","coordinates":[[77.00899,28.59088],[77.00897,28.59055]]}},{"type":"Feature","properties":{"name":"Urban Extension Road-II","highway":"trunk","policy":"truck entry 23:00-07:00 (CAQM/MCD rule)"},"geometry":{"type":"LineString","coordinates":[[77.00899,28.59099],[77.00899,28.59088]]}},{"type":"Feature","properties":{"name":"Urban Extension Road-II","highway":"trunk","policy":"truck entry 23:00-07:00 (CAQM/MCD rule)"},"geometry":{"type":"LineString","coordinates":[[77.00688,28.58484],[77.0069,28.58492],[77.00697,28.5851],[77.00707,28.58534],[77.00721,28.58568]]}},{"type":"Feature","properties":{"name":"Urban Extension Road-II","highway":"trunk","policy":"truck entry 23:00-07:00 (CAQM/MCD rule)"},"geometry":{"type":"LineString","coordinates":[[77.00684,28.58474],[77.00688,28.58484]]}},{"type":"Feature","properties":{"name":"Urban Extension Road-II","highway":"trunk","policy":"truck entry 23:00-07:00 (CAQM/MCD rule)"},"geometry":{"type":"LineString","coordinates":[[77.00733,28.58561],[77.00716,28.58522],[77.00705,28.58491],[77.00702,28.58484]]}},{"type":"Feature","properties":{"name":"Urban Extension Road-II","highway":"trunk","policy":"truck entry 23:00-07:00 (CAQM/MCD rule)"},"geometry":{"type":"LineString","coordinates":[[77.00702,28.58484],[77.00699,28.58474]]}},{"type":"Feature","properties":{"name":"Urban Extension Road-II","highway":"trunk","policy":"truck entry 23:00-07:00 (CAQM/MCD rule)"},"geometry":{"type":"LineString","coordinates":[[77.02454,28.56232],[77.02365,28.56283],[77.02298,28.56325],[77.02198,28.56387],[77.0217,28.56404],[77.02159,28.5641],[77.02102,28.56444],[77.02028,28.56476]]}},{"type":"Feature","properties":{"name":"Urban Extension Road-II","highway":"trunk","policy":"truck entry 23:00-07:00 (CAQM/MCD rule)"},"geometry":{"type":"LineString","coordinates":[[77.02034,28.56488],[77.02107,28.56456],[77.02149,28.56434],[77.022,28.56402],[77.02289,28.56346],[77.02371,28.56295],[77.02463,28.5624]]}},{"type":"Feature","properties":{"name":"freight corridor","highway":"trunk","policy":"truck entry 23:00-07:00 (CAQM/MCD rule)"},"geometry":{"type":"LineString","coordinates":[[77.04264,28.54602],[77.04269,28.54605],[77.04284,28.54609]]}},{"type":"Feature","properties":{"name":"freight corridor","highway":"trunk","policy":"truck entry 23:00-07:00 (CAQM/MCD rule)"},"geometry":{"type":"LineString","coordinates":[[77.04,28.54283],[77.04008,28.54293],[77.04016,28.54301],[77.04041,28.54333]]}},{"type":"Feature","properties":{"name":"Dwarka Expressway","highway":"motorway","policy":"truck entry 23:00-07:00 (CAQM/MCD rule)"},"geometry":{"type":"LineString","coordinates":[[77.04905,28.55245],[77.04856,28.55186],[77.04787,28.55106]]}},{"type":"Feature","properties":{"name":"freight corridor","highway":"trunk","policy":"truck entry 23:00-07:00 (CAQM/MCD rule)"},"geometry":{"type":"LineString","coordinates":[[77.05053,28.55411],[77.05045,28.55395],[77.04976,28.55299],[77.04955,28.55272],[77.04901,28.55203],[77.04848,28.55139],[77.04812,28.55095],[77.04773,28.55045],[77.04734,28.55002],[77.04708,28.54976],[77.04656,28.54922]]}},{"type":"Feature","properties":{"name":"freight corridor","highway":"trunk","policy":"truck entry 23:00-07:00 (CAQM/MCD rule)"},"geometry":{"type":"LineString","coordinates":[[77.04473,28.54733],[77.04439,28.54696],[77.04406,28.54657],[77.04395,28.54644]]}},{"type":"Feature","properties":{"name":"freight corridor","highway":"trunk","policy":"truck entry 23:00-07:00 (CAQM/MCD rule)"},"geometry":{"type":"LineString","coordinates":[[77.04395,28.54644],[77.04377,28.54615],[77.04341,28.54556],[77.04327,28.54541],[77.04262,28.54461],[77.04219,28.54413]]}},{"type":"Feature","properties":{"name":"freight corridor","highway":"trunk","policy":"truck entry 23:00-07:00 (CAQM/MCD rule)"},"geometry":{"type":"LineString","coordinates":[[77.04219,28.54413],[77.04213,28.54406]]}},{"type":"Feature","properties":{"name":"freight corridor","highway":"trunk","policy":"truck entry 23:00-07:00 (CAQM/MCD rule)"},"geometry":{"type":"LineString","coordinates":[[77.04213,28.54406],[77.04165,28.54351],[77.04134,28.54326],[77.04103,28.54301],[77.04073,28.54278],[77.04066,28.54272]]}},{"type":"Feature","properties":{"name":"Acharya Shri Tulsi Marg","highway":"trunk","policy":"truck entry 23:00-07:00 (CAQM/MCD rule)"},"geometry":{"type":"LineString","coordinates":[[77.1163,28.48119],[77.11656,28.48108],[77.11693,28.48101],[77.11719,28.48102]]}},{"type":"Feature","properties":{"name":"Mathura Road","highway":"trunk","policy":"truck entry 23:00-07:00 (CAQM/MCD rule)"},"geometry":{"type":"LineString","coordinates":[[77.30524,28.47772],[77.30519,28.47846],[77.30504,28.48017]]}},{"type":"Feature","properties":{"name":"Mathura Road Flyover","highway":"trunk","policy":"truck entry 23:00-07:00 (CAQM/MCD rule)"},"geometry":{"type":"LineString","coordinates":[[77.30973,28.42716],[77.30982,28.42617],[77.31006,28.42313]]}},{"type":"Feature","properties":{"name":"Mathura Road Flyover","highway":"trunk","policy":"truck entry 23:00-07:00 (CAQM/MCD rule)"},"geometry":{"type":"LineString","coordinates":[[77.30949,28.42804],[77.30949,28.42806],[77.3094,28.42904],[77.30934,28.42963],[77.30933,28.42972],[77.30926,28.43055]]}},{"type":"Feature","properties":{"name":"Mathura Road Flyover","highway":"trunk","policy":"truck entry 23:00-07:00 (CAQM/MCD rule)"},"geometry":{"type":"LineString","coordinates":[[77.30944,28.43054],[77.30957,28.42906],[77.30964,28.4282],[77.30965,28.42804]]}},{"type":"Feature","properties":{"name":"Delhi Western Peripheral Expressway","highway":"motorway","policy":"truck entry 23:00-07:00 (CAQM/MCD rule)"},"geometry":{"type":"LineString","coordinates":[[76.85665,28.46294],[76.85687,28.46037]]}},{"type":"Feature","properties":{"name":"Delhi Western Peripheral Expressway","highway":"motorway","policy":"truck entry 23:00-07:00 (CAQM/MCD rule)"},"geometry":{"type":"LineString","coordinates":[[76.85664,28.46305],[76.85665,28.46294]]}},{"type":"Feature","properties":{"name":"Delhi Western Peripheral Expressway","highway":"motorway","policy":"truck entry 23:00-07:00 (CAQM/MCD rule)"},"geometry":{"type":"LineString","coordinates":[[76.85666,28.4604],[76.85644,28.46295]]}},{"type":"Feature","properties":{"name":"Delhi Western Peripheral Expressway","highway":"motorway","policy":"truck entry 23:00-07:00 (CAQM/MCD rule)"},"geometry":{"type":"LineString","coordinates":[[76.85644,28.46295],[76.85643,28.46306]]}},{"type":"Feature","properties":{"name":"Delhi - Meerut Expressway","highway":"motorway","policy":"truck entry 23:00-07:00 (CAQM/MCD rule)"},"geometry":{"type":"LineString","coordinates":[[77.30852,28.62445],[77.30879,28.62455]]}},{"type":"Feature","properties":{"name":"Delhi - Meerut Expressway","highway":"motorway","policy":"truck entry 23:00-07:00 (CAQM/MCD rule)"},"geometry":{"type":"LineString","coordinates":[[77.30844,28.62443],[77.30852,28.62445]]}},{"type":"Feature","properties":{"name":"Delhi - Meerut Expressway","highway":"motorway","policy":"truck entry 23:00-07:00 (CAQM/MCD rule)"},"geometry":{"type":"LineString","coordinates":[[77.30883,28.6244],[77.30858,28.62431]]}},{"type":"Feature","properties":{"name":"Delhi - Meerut Expressway","highway":"motorway","policy":"truck entry 23:00-07:00 (CAQM/MCD rule)"},"geometry":{"type":"LineString","coordinates":[[77.30858,28.62431],[77.3085,28.62429]]}},{"type":"Feature","properties":{"name":"Delhi - Meerut Expressway","highway":"motorway","policy":"truck entry 23:00-07:00 (CAQM/MCD rule)"},"geometry":{"type":"LineString","coordinates":[[77.30903,28.62462],[77.30946,28.62477]]}},{"type":"Feature","properties":{"name":"Delhi - Meerut Expressway","highway":"motorway","policy":"truck entry 23:00-07:00 (CAQM/MCD rule)"},"geometry":{"type":"LineString","coordinates":[[77.30946,28.62477],[77.30954,28.62479]]}},{"type":"Feature","properties":{"name":"Delhi - Meerut Expressway","highway":"motorway","policy":"truck entry 23:00-07:00 (CAQM/MCD rule)"},"geometry":{"type":"LineString","coordinates":[[77.30952,28.62463],[77.30914,28.62451]]}},{"type":"Feature","properties":{"name":"Delhi - Meerut Expressway","highway":"motorway","policy":"truck entry 23:00-07:00 (CAQM/MCD rule)"},"geometry":{"type":"LineString","coordinates":[[77.3096,28.62466],[77.30952,28.62463]]}},{"type":"Feature","properties":{"name":"Flyover","highway":"trunk","policy":"truck entry 23:00-07:00 (CAQM/MCD rule)"},"geometry":{"type":"LineString","coordinates":[[77.29774,28.62093],[77.30025,28.62177]]}},{"type":"Feature","properties":{"name":"Flyover","highway":"trunk","policy":"truck entry 23:00-07:00 (CAQM/MCD rule)"},"geometry":{"type":"LineString","coordinates":[[77.30025,28.62177],[77.30042,28.62183]]}},{"type":"Feature","properties":{"name":"Delhi - Meerut Expressway","highway":"motorway","policy":"truck entry 23:00-07:00 (CAQM/MCD rule)"},"geometry":{"type":"LineString","coordinates":[[77.29778,28.62082],[77.30029,28.62167]]}},{"type":"Feature","properties":{"name":"Delhi - Meerut Expressway","highway":"motorway","policy":"truck entry 23:00-07:00 (CAQM/MCD rule)"},"geometry":{"type":"LineString","coordinates":[[77.30029,28.62167],[77.30048,28.62174]]}},{"type":"Feature","properties":{"name":"Delhi - Meerut Expressway","highway":"motorway","policy":"truck entry 23:00-07:00 (CAQM/MCD rule)"},"geometry":{"type":"LineString","coordinates":[[77.30036,28.62154],[77.29784,28.62069]]}},{"type":"Feature","properties":{"name":"Delhi - Meerut Expressway","highway":"motorway","policy":"truck entry 23:00-07:00 (CAQM/MCD rule)"},"geometry":{"type":"LineString","coordinates":[[77.30055,28.6216],[77.30036,28.62154]]}},{"type":"Feature","properties":{"name":"Delhi - Meerut Expressway","highway":"motorway","policy":"truck entry 23:00-07:00 (CAQM/MCD rule)"},"geometry":{"type":"LineString","coordinates":[[77.26033,28.60003],[77.26166,28.60064],[77.26265,28.60108],[77.26355,28.60149],[77.26449,28.60192],[77.26553,28.60238],[77.26583,28.60251]]}},{"type":"Feature","properties":{"name":"Delhi - Meerut Expressway","highway":"motorway","policy":"truck entry 23:00-07:00 (CAQM/MCD rule)"},"geometry":{"type":"LineString","coordinates":[[77.26583,28.60251],[77.26595,28.60252]]}},{"type":"Feature","properties":{"name":"Delhi - Meerut Expressway","highway":"motorway","policy":"truck entry 23:00-07:00 (CAQM/MCD rule)"},"geometry":{"type":"LineString","coordinates":[[77.26028,28.59997],[77.26033,28.60003]]}},{"type":"Feature","properties":{"name":"Delhi - Meerut Expressway","highway":"motorway","policy":"truck entry 23:00-07:00 (CAQM/MCD rule)"},"geometry":{"type":"LineString","coordinates":[[77.26028,28.59997],[77.26037,28.59996]]}},{"type":"Feature","properties":{"name":"Delhi - Meerut Expressway","highway":"motorway","policy":"truck entry 23:00-07:00 (CAQM/MCD rule)"},"geometry":{"type":"LineString","coordinates":[[77.26587,28.60244],[77.26595,28.60252]]}},{"type":"Feature","properties":{"name":"Sohna Road","highway":"trunk","policy":"truck entry 23:00-07:00 (CAQM/MCD rule)"},"geometry":{"type":"LineString","coordinates":[[77.03839,28.42359],[77.03833,28.42381],[77.03828,28.42399]]}},{"type":"Feature","properties":{"name":"Sohna Road","highway":"trunk","policy":"truck entry 23:00-07:00 (CAQM/MCD rule)"},"geometry":{"type":"LineString","coordinates":[[77.03844,28.42402],[77.03845,28.42397],[77.03855,28.42363]]}},{"type":"Feature","properties":{"name":"NH248BB","highway":"trunk","policy":"truck entry 23:00-07:00 (CAQM/MCD rule)"},"geometry":{"type":"LineString","coordinates":[[77.09241,28.53807],[77.09525,28.5375],[77.09561,28.53746],[77.0959,28.53743],[77.0962,28.53758],[77.09656,28.53779],[77.09662,28.53781],[77.09666,28.53782],[77.09709,28.53782],[77.09807,28.53786],[77.09878,28.53783],[77.09934,28.5378],[77.09995,28.53772],[77.10079,28.53756],[77.10171,28.53737],[77.10282,28.53714],[77.10352,28.53698],[77.10431,28.53681],[77.10493,28.53673],[77.10555,28.53667],[77.10601,28.53659],[77.10617,28.53652],[77.10643,28.53639],[77.1067,28.53616],[77.10695,28.53594],[77.10726,28.53571],[77.1076,28.53552],[77.10791,28.53541],[77.10863,28.53524],[77.10874,28.53523],[77.10893,28.53521],[77.10943,28.53519],[77.10976,28.5352],[77.10999,28.53521],[77.1102,28.53526],[77.11052,28.53536],[77.11073,28.53544],[77.111,28.53551],[77.11113,28.53554],[77.1112,28.53555]]}},{"type":"Feature","properties":{"name":"NH248BB","highway":"trunk","policy":"truck entry 23:00-07:00 (CAQM/MCD rule)"},"geometry":{"type":"LineString","coordinates":[[77.09227,28.5381],[77.09241,28.53807]]}},{"type":"Feature","properties":{"name":"NH248BB","highway":"trunk","policy":"truck entry 23:00-07:00 (CAQM/MCD rule)"},"geometry":{"type":"LineString","coordinates":[[77.0975,28.53708],[77.09676,28.53722],[77.0964,28.53728],[77.09604,28.53734],[77.09577,28.53737],[77.09523,28.53742],[77.09261,28.5379],[77.09237,28.53795]]}},{"type":"Feature","properties":{"name":"Gurgaon Rewari Narnaul Singhana Road","highway":"trunk","policy":"truck entry 23:00-07:00 (CAQM/MCD rule)"},"geometry":{"type":"LineString","coordinates":[[76.87714,28.40208],[76.87784,28.40252],[76.87872,28.40307],[76.87928,28.40342],[76.87995,28.40374],[76.88014,28.40383],[76.88044,28.40395],[76.88112,28.40421],[76.88134,28.40431],[76.88181,28.40452],[76.88264,28.405],[76.88289,28.40518],[76.88305,28.40531],[76.88386,28.40591],[76.88446,28.40632],[76.88536,28.40693],[76.88547,28.40701],[76.88614,28.40745],[76.88631,28.40754],[76.88677,28.40777],[76.88769,28.40824],[76.88958,28.40919],[76.89032,28.40956],[76.89327,28.41109],[76.89357,28.41129],[76.89392,28.41151],[76.89407,28.41161],[76.8943,28.41176],[76.89456,28.41193],[76.89464,28.41197],[76.89492,28.41213],[76.89528,28.41235],[76.89648,28.41309],[76.89656,28.41314],[76.89663,28.41319],[76.89669,28.41323],[76.89677,28.41327],[76.8973,28.41361],[76.89755,28.41376],[76.89768,28.41384],[76.89879,28.41452],[76.89899,28.41465],[76.89936,28.4149],[76.89945,28.41496],[76.90004,28.41535],[76.90022,28.41547],[76.90084,28.41591],[76.90126,28.41619],[76.9013,28.41622],[76.90197,28.41668],[76.90206,28.41675],[76.90235,28.41696],[76.90268,28.41719],[76.90275,28.41723],[76.90285,28.4173],[76.90293,28.41737],[76.90414,28.41817],[76.90417,28.4182],[76.9049,28.41862],[76.90563,28.41905],[76.90572,28.4191]]}},{"type":"Feature","properties":{"name":"Gurgaon Rewari Narnaul Singhana Road","highway":"trunk","policy":"truck entry 23:00-07:00 (CAQM/MCD rule)"},"geometry":{"type":"LineString","coordinates":[[76.83027,28.37602],[76.83147,28.37677],[76.83332,28.37797],[76.83384,28.3783],[76.83435,28.37858],[76.83471,28.37875],[76.83486,28.37882],[76.8359,28.3793],[76.83695,28.37978],[76.83756,28.38005],[76.83835,28.38036],[76.83955,28.38082],[76.84018,28.38106],[76.84156,28.38165],[76.84242,28.38199],[76.84306,28.3823],[76.84421,28.38285],[76.84543,28.38344],[76.84571,28.38358],[76.84582,28.38363],[76.84629,28.38389],[76.84658,28.38408],[76.84688,28.38427],[76.84719,28.38448],[76.84748,28.38468],[76.84801,28.38506],[76.84819,28.3852],[76.84831,28.38528],[76.8485,28.38543],[76.84875,28.38562],[76.84923,28.38599],[76.84949,28.38618],[76.85072,28.38711],[76.8508,28.38717],[76.85114,28.38742],[76.85143,28.38759],[76.85192,28.38781],[76.85282,28.38816],[76.85315,28.38829],[76.85327,28.38834],[76.85395,28.38862],[76.85431,28.38878],[76.85463,28.38892],[76.85481,28.389],[76.85488,28.38903],[76.85596,28.38955],[76.8567,28.38987],[76.85688,28.38996],[76.85742,28.39021],[76.8599,28.3916],[76.86083,28.39198],[76.8616,28.39228],[76.86207,28.39246],[76.86461,28.39374],[76.86591,28.39454],[76.86636,28.39478],[76.86677,28.395],[76.86725,28.39527],[76.86751,28.39542],[76.86761,28.39547],[76.86828,28.39583],[76.869,28.39624],[76.86951,28.39663],[76.87029,28.39721],[76.87055,28.39742],[76.87065,28.3975],[76.8713,28.39803],[76.87224,28.39884],[76.87253,28.39909],[76.87303,28.3995],[76.87327,28.39966],[76.87358,28.39988],[76.87423,28.40039],[76.87459,28.40065],[76.87468,28.40072],[76.87503,28.40098],[76.87608,28.40161],[76.87671,28.40198],[76.87692,28.40206],[76.87714,28.40208]]}},{"type":"Feature","properties":{"name":"Gurgaon Rewari Narnaul Singhana Road","highway":"trunk","policy":"truck entry 23:00-07:00 (CAQM/MCD rule)"},"geometry":{"type":"LineString","coordinates":[[76.87714,28.40208],[76.87691,28.40195],[76.87555,28.40111],[76.87464,28.40049],[76.87454,28.40042],[76.87427,28.40023],[76.87357,28.39973],[76.87329,28.39949],[76.87276,28.39907],[76.87227,28.39864],[76.87214,28.39852],[76.87078,28.39743]]}},{"type":"Feature","properties":{"name":"Loni Road","highway":"trunk","policy":"truck entry 23:00-07:00 (CAQM/MCD rule)"},"geometry":{"type":"LineString","coordinates":[[77.27823,28.78148],[77.27822,28.78152],[77.27821,28.78159],[77.27816,28.78189],[77.27796,28.78302],[77.27791,28.78334],[77.2778,28.78388],[77.2778,28.78396],[77.27772,28.78438],[77.27755,28.78544],[77.27736,28.78671],[77.27727,28.78721],[77.27726,28.78731],[77.27721,28.78756],[77.27719,28.7877],[77.27708,28.78823],[77.27701,28.78857],[77.27691,28.7892],[77.27685,28.78958],[77.2768,28.7899],[77.2767,28.79049],[77.27664,28.79082],[77.27659,28.7912],[77.27651,28.79169],[77.27649,28.79175],[77.27638,28.79253]]}},{"type":"Feature","properties":{"name":"Delhi-Gurugram Expressway","highway":"motorway","policy":"truck entry 23:00-07:00 (CAQM/MCD rule)"},"geometry":{"type":"LineString","coordinates":[[77.00775,28.433],[77.00901,28.43442]]}},{"type":"Feature","properties":{"name":"Delhi-Gurugram Expressway","highway":"motorway","policy":"truck entry 23:00-07:00 (CAQM/MCD rule)"},"geometry":{"type":"LineString","coordinates":[[77.01156,28.43744],[77.01266,28.43891]]}},{"type":"Feature","properties":{"name":"Urban Extension Road-II","highway":"trunk","policy":"truck entry 23:00-07:00 (CAQM/MCD rule)"},"geometry":{"type":"LineString","coordinates":[[76.99853,28.62443],[76.99901,28.62574],[76.99927,28.62654]]}},{"type":"Feature","properties":{"name":"Dadri Road","highway":"trunk","policy":"truck entry 23:00-07:00 (CAQM/MCD rule)"},"geometry":{"type":"LineString","coordinates":[[77.29991,28.58531],[77.30015,28.58516],[77.30034,28.58499],[77.3005,28.58482],[77.30084,28.58446],[77.30109,28.58419],[77.30118,28.5841]]}},{"type":"Feature","properties":{"name":"Dwarka Expressway","highway":"motorway","policy":"truck entry 23:00-07:00 (CAQM/MCD rule)"},"geometry":{"type":"LineString","coordinates":[[77.0518,28.55589],[77.05227,28.55643],[77.05254,28.55675],[77.05301,28.5573],[77.05427,28.5588]]}},{"type":"Feature","properties":{"name":"Dwarka Expressway","highway":"motorway","policy":"truck entry 23:00-07:00 (CAQM/MCD rule)"},"geometry":{"type":"LineString","coordinates":[[77.05433,28.55874],[77.05309,28.55725],[77.05264,28.5567],[77.05209,28.55604],[77.05192,28.55581],[77.05149,28.5553]]}},{"type":"Feature","properties":{"name":"Dwarka Expressway","highway":"motorway","policy":"truck entry 23:00-07:00 (CAQM/MCD rule)"},"geometry":{"type":"LineString","coordinates":[[77.05045,28.55408],[77.04998,28.55352],[77.04905,28.55245]]}},{"type":"Feature","properties":{"name":"Dwarka Expressway","highway":"motorway","policy":"truck entry 23:00-07:00 (CAQM/MCD rule)"},"geometry":{"type":"LineString","coordinates":[[77.05078,28.55475],[77.05155,28.5556],[77.0518,28.55589]]}},{"type":"Feature","properties":{"name":"Urban Extension Road-II","highway":"trunk","policy":"truck entry 23:00-07:00 (CAQM/MCD rule)"},"geometry":{"type":"LineString","coordinates":[[77.05565,28.54887],[77.05595,28.54864],[77.05673,28.54811],[77.05707,28.5479],[77.05722,28.54769]]}},{"type":"Feature","properties":{"name":"Shubhash Chowk Underpass","highway":"trunk","policy":"truck entry 23:00-07:00 (CAQM/MCD rule)"},"geometry":{"type":"LineString","coordinates":[[77.03518,28.43554],[77.03504,28.43598],[77.03469,28.43739],[77.03457,28.43801],[77.0344,28.43896],[77.03423,28.44032],[77.03416,28.44093],[77.03409,28.44158]]}},{"type":"Feature","properties":{"name":"Shubhash Chowk Underpass","highway":"trunk","policy":"truck entry 23:00-07:00 (CAQM/MCD rule)"},"geometry":{"type":"LineString","coordinates":[[77.03423,28.44159],[77.03431,28.44093],[77.03438,28.44033],[77.03451,28.43915],[77.03459,28.43869],[77.03483,28.43742],[77.03501,28.43673],[77.03519,28.43602],[77.03533,28.43558]]}},{"type":"Feature","properties":{"name":"Shubhash Chowk Underpass","highway":"trunk","policy":"truck entry 23:00-07:00 (CAQM/MCD rule)"},"geometry":{"type":"LineString","coordinates":[[77.03537,28.43502],[77.03532,28.43519],[77.03518,28.43554]]}},{"type":"Feature","properties":{"name":"Shubhash Chowk Underpass","highway":"trunk","policy":"truck entry 23:00-07:00 (CAQM/MCD rule)"},"geometry":{"type":"LineString","coordinates":[[77.03533,28.43558],[77.03546,28.43522],[77.03551,28.43507]]}},{"type":"Feature","properties":{"name":"Shubhash Chowk Underpass","highway":"trunk","policy":"truck entry 23:00-07:00 (CAQM/MCD rule)"},"geometry":{"type":"LineString","coordinates":[[77.03589,28.43261],[77.03578,28.43345],[77.03577,28.43348],[77.03573,28.43377],[77.03567,28.43404],[77.03554,28.43447],[77.03537,28.43502]]}},{"type":"Feature","properties":{"name":"Shubhash Chowk Underpass","highway":"trunk","policy":"truck entry 23:00-07:00 (CAQM/MCD rule)"},"geometry":{"type":"LineString","coordinates":[[77.03551,28.43507],[77.03567,28.43455],[77.03582,28.43408],[77.03588,28.4338],[77.03593,28.43345],[77.03601,28.43288],[77.03604,28.43263]]}},{"type":"Feature","properties":{"name":"Shubhash Chowk Underpass","highway":"trunk","policy":"truck entry 23:00-07:00 (CAQM/MCD rule)"},"geometry":{"type":"LineString","coordinates":[[77.03703,28.4283],[77.03685,28.42895]]}},{"type":"Feature","properties":{"name":"Shubhash Chowk Underpass","highway":"trunk","policy":"truck entry 23:00-07:00 (CAQM/MCD rule)"},"geometry":{"type":"LineString","coordinates":[[77.03699,28.42898],[77.03716,28.42833]]}},{"type":"Feature","properties":{"name":"Sohna Road","highway":"trunk","policy":"truck entry 23:00-07:00 (CAQM/MCD rule)"},"geometry":{"type":"LineString","coordinates":[[77.03978,28.41886],[77.03946,28.41995],[77.03866,28.42268],[77.03839,28.42359]]}},{"type":"Feature","properties":{"name":"Sohna Road","highway":"trunk","policy":"truck entry 23:00-07:00 (CAQM/MCD rule)"},"geometry":{"type":"LineString","coordinates":[[77.0399,28.41842],[77.03978,28.41886]]}},{"type":"Feature","properties":{"name":"Sohna Road","highway":"trunk","policy":"truck entry 23:00-07:00 (CAQM/MCD rule)"},"geometry":{"type":"LineString","coordinates":[[77.03855,28.42363],[77.0388,28.42274],[77.0396,28.41997],[77.03991,28.41888]]}},{"type":"Feature","properties":{"name":"Sohna Road","highway":"trunk","policy":"truck entry 23:00-07:00 (CAQM/MCD rule)"},"geometry":{"type":"LineString","coordinates":[[77.03991,28.41888],[77.04004,28.41844]]}},{"type":"Feature","properties":{"name":"Sohna Road","highway":"trunk","policy":"truck entry 23:00-07:00 (CAQM/MCD rule)"},"geometry":{"type":"LineString","coordinates":[[77.04483,28.40116],[77.04475,28.40153]]}},{"type":"Feature","properties":{"name":"Sohna Road","highway":"trunk","policy":"truck entry 23:00-07:00 (CAQM/MCD rule)"},"geometry":{"type":"LineString","coordinates":[[77.04497,28.40118],[77.04502,28.40101],[77.04508,28.40074],[77.04516,28.40038],[77.04522,28.40009],[77.04559,28.39871]]}},{"type":"Feature","properties":{"name":"Sohna Road","highway":"trunk","policy":"truck entry 23:00-07:00 (CAQM/MCD rule)"},"geometry":{"type":"LineString","coordinates":[[77.04488,28.40154],[77.04497,28.40118]]}},{"type":"Feature","properties":{"name":"Sohna Road","highway":"trunk","policy":"truck entry 23:00-07:00 (CAQM/MCD rule)"},"geometry":{"type":"LineString","coordinates":[[77.04475,28.40153],[77.04472,28.40163]]}},{"type":"Feature","properties":{"name":"Sohna Road","highway":"trunk","policy":"truck entry 23:00-07:00 (CAQM/MCD rule)"},"geometry":{"type":"LineString","coordinates":[[77.04485,28.40166],[77.04488,28.40154]]}},{"type":"Feature","properties":{"name":"Sohna Road","highway":"trunk","policy":"truck entry 23:00-07:00 (CAQM/MCD rule)"},"geometry":{"type":"LineString","coordinates":[[77.04472,28.40163],[77.04446,28.40254]]}},{"type":"Feature","properties":{"name":"Sohna Road","highway":"trunk","policy":"truck entry 23:00-07:00 (CAQM/MCD rule)"},"geometry":{"type":"LineString","coordinates":[[77.0446,28.40256],[77.04485,28.40166]]}},{"type":"Feature","properties":{"name":"Sohna Road","highway":"trunk","policy":"truck entry 23:00-07:00 (CAQM/MCD rule)"},"geometry":{"type":"LineString","coordinates":[[77.04453,28.40282],[77.0446,28.40256]]}},{"type":"Feature","properties":{"name":"Sohna Road","highway":"trunk","policy":"truck entry 23:00-07:00 (CAQM/MCD rule)"},"geometry":{"type":"LineString","coordinates":[[77.04446,28.40254],[77.0444,28.40278]]}},{"type":"Feature","properties":{"name":"Sohna Road","highway":"trunk","policy":"truck entry 23:00-07:00 (CAQM/MCD rule)"},"geometry":{"type":"LineString","coordinates":[[77.04126,28.4137],[77.04081,28.41522],[77.04027,28.41707],[77.03993,28.4183],[77.0399,28.41842]]}},{"type":"Feature","properties":{"name":"Sohna Road","highway":"trunk","policy":"truck entry 23:00-07:00 (CAQM/MCD rule)"},"geometry":{"type":"LineString","coordinates":[[77.04133,28.41347],[77.04126,28.4137]]}},{"type":"Feature","properties":{"name":"Sohna Road","highway":"trunk","policy":"truck entry 23:00-07:00 (CAQM/MCD rule)"},"geometry":{"type":"LineString","coordinates":[[77.04004,28.41844],[77.04007,28.41833],[77.04041,28.41708],[77.04066,28.41626],[77.04095,28.41527],[77.04141,28.41373]]}},{"type":"Feature","properties":{"name":"Sohna Road","highway":"trunk","policy":"truck entry 23:00-07:00 (CAQM/MCD rule)"},"geometry":{"type":"LineString","coordinates":[[77.04141,28.41373],[77.04147,28.41353]]}},{"type":"Feature","properties":{"name":"Sohna Road","highway":"trunk","policy":"truck entry 23:00-07:00 (CAQM/MCD rule)"},"geometry":{"type":"LineString","coordinates":[[77.04248,28.40954],[77.04185,28.41168],[77.04135,28.41341],[77.04133,28.41347]]}},{"type":"Feature","properties":{"name":"Sohna Road","highway":"trunk","policy":"truck entry 23:00-07:00 (CAQM/MCD rule)"},"geometry":{"type":"LineString","coordinates":[[77.04251,28.40944],[77.04248,28.40954]]}},{"type":"Feature","properties":{"name":"Sohna Road","highway":"trunk","policy":"truck entry 23:00-07:00 (CAQM/MCD rule)"},"geometry":{"type":"LineString","coordinates":[[77.04147,28.41353],[77.0415,28.41343],[77.04199,28.4117],[77.04265,28.40956]]}},{"type":"Feature","properties":{"name":"Sohna Road","highway":"trunk","policy":"truck entry 23:00-07:00 (CAQM/MCD rule)"},"geometry":{"type":"LineString","coordinates":[[77.04265,28.40956],[77.04268,28.40947]]}},{"type":"Feature","properties":{"name":"Mathura Road","highway":"trunk","policy":"truck entry 23:00-07:00 (CAQM/MCD rule)"},"geometry":{"type":"LineString","coordinates":[[77.30682,28.45959],[77.30668,28.46143],[77.30665,28.46173]]}},{"type":"Feature","properties":{"name":"Mathura Road","highway":"trunk","policy":"truck entry 23:00-07:00 (CAQM/MCD rule)"},"geometry":{"type":"LineString","coordinates":[[77.30675,28.46213],[77.30676,28.46203],[77.30679,28.46173],[77.30681,28.46145],[77.30689,28.46063],[77.30698,28.4596]]}},{"type":"Feature","properties":{"name":"Mathura Road","highway":"trunk","policy":"truck entry 23:00-07:00 (CAQM/MCD rule)"},"geometry":{"type":"LineString","coordinates":[[77.30654,28.46302],[77.30642,28.46449],[77.30628,28.46611]]}},{"type":"Feature","properties":{"name":"Mathura Road","highway":"trunk","policy":"truck entry 23:00-07:00 (CAQM/MCD rule)"},"geometry":{"type":"LineString","coordinates":[[77.30645,28.46612],[77.3066,28.46436],[77.30662,28.46403],[77.30669,28.46302]]}},{"type":"Feature","properties":{"name":"freight corridor","highway":"trunk","policy":"truck entry 23:00-07:00 (CAQM/MCD rule)"},"geometry":{"type":"LineString","coordinates":[[76.87792,28.67147],[76.87747,28.67133],[76.87622,28.67098]]}},{"type":"Feature","properties":{"name":"SH22","highway":"trunk","policy":"truck entry 23:00-07:00 (CAQM/MCD rule)"},"geometry":{"type":"LineString","coordinates":[[76.89493,28.67611],[76.89438,28.67594],[76.89309,28.67557],[76.89277,28.67548],[76.89218,28.67531],[76.8907,28.6749],[76.88933,28.67453],[76.88863,28.67433],[76.88847,28.67429],[76.88651,28.67375],[76.88637,28.67371]]}},{"type":"Feature","properties":{"name":"Delhi Western Peripheral Expressway","highway":"motorway","policy":"truck entry 23:00-07:00 (CAQM/MCD rule)"},"geometry":{"type":"LineString","coordinates":[[76.96074,28.86933],[76.95934,28.86823]]}},{"type":"Feature","properties":{"name":"Delhi Western Peripheral Expressway","highway":"motorway","policy":"truck entry 23:00-07:00 (CAQM/MCD rule)"},"geometry":{"type":"LineString","coordinates":[[76.96111,28.86966],[76.96074,28.86933]]}},{"type":"Feature","properties":{"name":"Delhi Western Peripheral Expressway","highway":"motorway","policy":"truck entry 23:00-07:00 (CAQM/MCD rule)"},"geometry":{"type":"LineString","coordinates":[[76.95923,28.86834],[76.96088,28.86973]]}},{"type":"Feature","properties":{"name":"Delhi Western Peripheral Expressway","highway":"motorway","policy":"truck entry 23:00-07:00 (CAQM/MCD rule)"},"geometry":{"type":"LineString","coordinates":[[76.96088,28.86973],[76.96132,28.8701]]}},{"type":"Feature","properties":{"name":"Gurgaon Rewari Narnaul Singhana Road","highway":"trunk","policy":"truck entry 23:00-07:00 (CAQM/MCD rule)"},"geometry":{"type":"LineString","coordinates":[[76.90647,28.41949],[76.90654,28.41958],[76.90687,28.41975],[76.90709,28.41985],[76.9072,28.41985],[76.90745,28.41987]]}},{"type":"Feature","properties":{"name":"National Highway 24 Bypass Flyover","highway":"trunk","policy":"truck entry 23:00-07:00 (CAQM/MCD rule)"},"geometry":{"type":"LineString","coordinates":[[77.34523,28.63258],[77.34538,28.63258],[77.34838,28.63255]]}},{"type":"Feature","properties":{"name":"National Highway 24 Bypass Flyover","highway":"trunk","policy":"truck entry 23:00-07:00 (CAQM/MCD rule)"},"geometry":{"type":"LineString","coordinates":[[77.34838,28.63255],[77.34859,28.63255]]}},{"type":"Feature","properties":{"name":"Delhi - Meerut Expressway","highway":"motorway","policy":"truck entry 23:00-07:00 (CAQM/MCD rule)"},"geometry":{"type":"LineString","coordinates":[[77.3486,28.63242],[77.3496,28.63242],[77.35371,28.63238]]}},{"type":"Feature","properties":{"name":"Delhi - Meerut Expressway","highway":"motorway","policy":"truck entry 23:00-07:00 (CAQM/MCD rule)"},"geometry":{"type":"LineString","coordinates":[[77.34837,28.63242],[77.3486,28.63242]]}},{"type":"Feature","properties":{"name":"Delhi - Meerut Expressway","highway":"motorway","policy":"truck entry 23:00-07:00 (CAQM/MCD rule)"},"geometry":{"type":"LineString","coordinates":[[77.34837,28.63228],[77.34467,28.6323]]}},{"type":"Feature","properties":{"name":"Delhi - Meerut Expressway","highway":"motorway","policy":"truck entry 23:00-07:00 (CAQM/MCD rule)"},"geometry":{"type":"LineString","coordinates":[[77.3486,28.63227],[77.34837,28.63228]]}},{"type":"Feature","properties":{"name":"Grand Trunk Road","highway":"trunk","policy":"truck entry 23:00-07:00 (CAQM/MCD rule)"},"geometry":{"type":"LineString","coordinates":[[77.13648,28.81042],[77.13601,28.81129],[77.13566,28.81226]]}},{"type":"Feature","properties":{"name":"Nizamuddin Railway Station Flyover","highway":"trunk","policy":"truck entry 23:00-07:00 (CAQM/MCD rule)"},"geometry":{"type":"LineString","coordinates":[[77.25796,28.59137],[77.25824,28.59051],[77.25862,28.58931],[77.2587,28.58904],[77.2592,28.58748]]}},{"type":"Feature","properties":{"name":"Nizamuddin Railway Station Flyover","highway":"trunk","policy":"truck entry 23:00-07:00 (CAQM/MCD rule)"},"geometry":{"type":"LineString","coordinates":[[77.2592,28.58748],[77.25935,28.58699]]}},{"type":"Feature","properties":{"name":"Nizamuddin Railway Station Flyover","highway":"trunk","policy":"truck entry 23:00-07:00 (CAQM/MCD rule)"},"geometry":{"type":"LineString","coordinates":[[77.25935,28.58699],[77.25946,28.58676]]}},{"type":"Feature","properties":{"name":"NH344P","highway":"trunk","policy":"truck entry 23:00-07:00 (CAQM/MCD rule)"},"geometry":{"type":"LineString","coordinates":[[77.01936,28.87522],[77.01931,28.87584],[77.01906,28.87795],[77.01875,28.87995],[77.01854,28.8808],[77.01841,28.88134]]}},{"type":"Feature","properties":{"name":"NH344P","highway":"trunk","policy":"truck entry 23:00-07:00 (CAQM/MCD rule)"},"geometry":{"type":"LineString","coordinates":[[77.01851,28.88136],[77.01861,28.88094],[77.01882,28.88],[77.0191,28.87835],[77.01927,28.87701],[77.01935,28.87644],[77.01946,28.87521]]}},{"type":"Feature","properties":{"name":"NH344P","highway":"trunk","policy":"truck entry 23:00-07:00 (CAQM/MCD rule)"},"geometry":{"type":"LineString","coordinates":[[77.01953,28.84144],[77.01952,28.8415],[77.01932,28.84277],[77.01916,28.84459],[77.01911,28.8456],[77.01899,28.84707],[77.01897,28.84728],[77.01894,28.84763],[77.01881,28.84943],[77.01882,28.85028],[77.01886,28.85096],[77.01892,28.85164],[77.01907,28.85262],[77.01916,28.85321],[77.01921,28.85366],[77.01926,28.85542],[77.01929,28.85734],[77.0194,28.8598],[77.01943,28.86239]]}},{"type":"Feature","properties":{"name":"NH344P","highway":"trunk","policy":"truck entry 23:00-07:00 (CAQM/MCD rule)"},"geometry":{"type":"LineString","coordinates":[[77.01938,28.87486],[77.01936,28.87522]]}},{"type":"Feature","properties":{"name":"NH344P","highway":"trunk","policy":"truck entry 23:00-07:00 (CAQM/MCD rule)"},"geometry":{"type":"LineString","coordinates":[[77.01946,28.87521],[77.01948,28.87484]]}},{"type":"Feature","properties":{"name":"NH344P","highway":"trunk","policy":"truck entry 23:00-07:00 (CAQM/MCD rule)"},"geometry":{"type":"LineString","coordinates":[[77.01953,28.86238],[77.01952,28.86112],[77.01948,28.85922],[77.01945,28.85828],[77.01941,28.8571],[77.01936,28.85552],[77.01932,28.85398],[77.0193,28.85358],[77.01926,28.85321],[77.01915,28.8523],[77.01902,28.85118],[77.01896,28.8501],[77.01903,28.84848],[77.01908,28.84764],[77.01909,28.8473],[77.01914,28.84688],[77.01926,28.84503],[77.01944,28.84263],[77.01961,28.84147]]}},{"type":"Feature","properties":{"name":"NH344P","highway":"trunk","policy":"truck entry 23:00-07:00 (CAQM/MCD rule)"},"geometry":{"type":"LineString","coordinates":[[77.01944,28.86266],[77.01946,28.86348],[77.01952,28.86599],[77.01956,28.86782],[77.01959,28.86971],[77.01955,28.87118],[77.01947,28.87365],[77.01938,28.87486]]}},{"type":"Feature","properties":{"name":"NH344P","highway":"trunk","policy":"truck entry 23:00-07:00 (CAQM/MCD rule)"},"geometry":{"type":"LineString","coordinates":[[77.01948,28.87484],[77.0195,28.87459],[77.01959,28.87349],[77.01963,28.87207],[77.01968,28.87064],[77.0197,28.86957],[77.01968,28.86842],[77.01965,28.86714],[77.01963,28.86614],[77.01961,28.86505],[77.01956,28.86345],[77.01954,28.86263]]}},{"type":"Feature","properties":{"name":"NH344P","highway":"trunk","policy":"truck entry 23:00-07:00 (CAQM/MCD rule)"},"geometry":{"type":"LineString","coordinates":[[77.01954,28.86263],[77.01953,28.86238]]}},{"type":"Feature","properties":{"name":"NH344P","highway":"trunk","policy":"truck entry 23:00-07:00 (CAQM/MCD rule)"},"geometry":{"type":"LineString","coordinates":[[77.01943,28.86239],[77.01944,28.86266]]}},{"type":"Feature","properties":{"name":"NH344P","highway":"trunk","policy":"truck entry 23:00-07:00 (CAQM/MCD rule)"},"geometry":{"type":"LineString","coordinates":[[77.04041,28.80462],[77.0401,28.80528],[77.03975,28.80603],[77.03914,28.80729],[77.03909,28.80737],[77.03842,28.80881],[77.03722,28.81133],[77.03639,28.81302],[77.0361,28.81352],[77.03586,28.81378],[77.0356,28.81407],[77.03514,28.8145],[77.03372,28.81576],[77.03276,28.81663],[77.03108,28.8183],[77.03035,28.81903],[77.02934,28.82009],[77.02768,28.82209],[77.02754,28.82232]]}},{"type":"Feature","properties":{"name":"Dariyapur Flyover Bridge","highway":"trunk","policy":"truck entry 23:00-07:00 (CAQM/MCD rule)"},"geometry":{"type":"LineString","coordinates":[[77.02754,28.82232],[77.02711,28.82289]]}},{"type":"Feature","properties":{"name":"NH344P","highway":"trunk","policy":"truck entry 23:00-07:00 (CAQM/MCD rule)"},"geometry":{"type":"LineString","coordinates":[[77.02762,28.8224],[77.02806,28.8218],[77.02932,28.82029],[77.03086,28.81868],[77.03277,28.81681],[77.03465,28.81507],[77.03599,28.81383],[77.03619,28.81358],[77.03645,28.81318],[77.03858,28.80876],[77.03919,28.80744],[77.03927,28.80727],[77.03985,28.80607],[77.0402,28.80531],[77.0405,28.80464]]}},{"type":"Feature","properties":{"name":"Dariyapur Flyover Bridge","highway":"trunk","policy":"truck entry 23:00-07:00 (CAQM/MCD rule)"},"geometry":{"type":"LineString","coordinates":[[77.02719,28.82297],[77.02762,28.8224]]}},{"type":"Feature","properties":{"name":"NH344P","highway":"trunk","policy":"truck entry 23:00-07:00 (CAQM/MCD rule)"},"geometry":{"type":"LineString","coordinates":[[77.02711,28.82289],[77.02638,28.8239],[77.02546,28.82527],[77.02467,28.8265],[77.0237,28.82818],[77.02328,28.82903]]}},{"type":"Feature","properties":{"name":"Harewali Flyover Bridge","highway":"trunk","policy":"truck entry 23:00-07:00 (CAQM/MCD rule)"},"geometry":{"type":"LineString","coordinates":[[77.02328,28.82903],[77.02313,28.82933]]}},{"type":"Feature","properties":{"name":"NH344P","highway":"trunk","policy":"truck entry 23:00-07:00 (CAQM/MCD rule)"},"geometry":{"type":"LineString","coordinates":[[77.02339,28.82907],[77.0241,28.82776],[77.02515,28.82597],[77.02641,28.82405],[77.02719,28.82297]]}},{"type":"Feature","properties":{"name":"Harewali Flyover Bridge","highway":"trunk","policy":"truck entry 23:00-07:00 (CAQM/MCD rule)"},"geometry":{"type":"LineString","coordinates":[[77.02324,28.82937],[77.02339,28.82907]]}},{"type":"Feature","properties":{"name":"NH344P","highway":"trunk","policy":"truck entry 23:00-07:00 (CAQM/MCD rule)"},"geometry":{"type":"LineString","coordinates":[[77.02037,28.83717],[77.02123,28.83419],[77.0221,28.83188],[77.02228,28.83145],[77.02301,28.82984],[77.02324,28.82937]]}},{"type":"Feature","properties":{"name":"NH344P","highway":"trunk","policy":"truck entry 23:00-07:00 (CAQM/MCD rule)"},"geometry":{"type":"LineString","coordinates":[[77.01961,28.84147],[77.01963,28.84132]]}},{"type":"Feature","properties":{"name":"NH344P","highway":"trunk","policy":"truck entry 23:00-07:00 (CAQM/MCD rule)"},"geometry":{"type":"LineString","coordinates":[[77.02313,28.82933],[77.02197,28.83187],[77.02111,28.8342],[77.0208,28.83526],[77.02045,28.83648],[77.02028,28.83717]]}},{"type":"Feature","properties":{"name":"NH344P","highway":"trunk","policy":"truck entry 23:00-07:00 (CAQM/MCD rule)"},"geometry":{"type":"LineString","coordinates":[[77.01955,28.8413],[77.01953,28.84144]]}},{"type":"Feature","properties":{"name":"NH344P","highway":"trunk","policy":"truck entry 23:00-07:00 (CAQM/MCD rule)"},"geometry":{"type":"LineString","coordinates":[[77.02024,28.83735],[77.02004,28.83817],[77.01977,28.83967],[77.01955,28.8413]]}},{"type":"Feature","properties":{"name":"NH344P","highway":"trunk","policy":"truck entry 23:00-07:00 (CAQM/MCD rule)"},"geometry":{"type":"LineString","coordinates":[[77.01963,28.84132],[77.01981,28.84005],[77.01999,28.83894],[77.02031,28.83742],[77.02033,28.83734]]}},{"type":"Feature","properties":{"name":"NH344P","highway":"trunk","policy":"truck entry 23:00-07:00 (CAQM/MCD rule)"},"geometry":{"type":"LineString","coordinates":[[77.02033,28.83734],[77.02035,28.83727],[77.02037,28.83717]]}},{"type":"Feature","properties":{"name":"NH344P","highway":"trunk","policy":"truck entry 23:00-07:00 (CAQM/MCD rule)"},"geometry":{"type":"LineString","coordinates":[[77.02028,28.83717],[77.02026,28.83727],[77.02024,28.83735]]}},{"type":"Feature","properties":{"name":"NH344P","highway":"trunk","policy":"truck entry 23:00-07:00 (CAQM/MCD rule)"},"geometry":{"type":"LineString","coordinates":[[77.04353,28.79919],[77.04326,28.79951],[77.04254,28.80038],[77.04219,28.80088],[77.04191,28.80147],[77.04147,28.80234],[77.04133,28.80262]]}},{"type":"Feature","properties":{"name":"NH344P","highway":"trunk","policy":"truck entry 23:00-07:00 (CAQM/MCD rule)"},"geometry":{"type":"LineString","coordinates":[[77.04133,28.80262],[77.04119,28.80291]]}},{"type":"Feature","properties":{"name":"NH344P","highway":"trunk","policy":"truck entry 23:00-07:00 (CAQM/MCD rule)"},"geometry":{"type":"LineString","coordinates":[[77.04144,28.80264],[77.04158,28.80236],[77.04201,28.8015],[77.04227,28.80093],[77.04259,28.80044],[77.04332,28.79957],[77.04361,28.79924]]}},{"type":"Feature","properties":{"name":"NH344P","highway":"trunk","policy":"truck entry 23:00-07:00 (CAQM/MCD rule)"},"geometry":{"type":"LineString","coordinates":[[77.0413,28.80293],[77.04144,28.80264]]}},{"type":"Feature","properties":{"name":"Dwarka Expressway","highway":"motorway","policy":"truck entry 23:00-07:00 (CAQM/MCD rule)"},"geometry":{"type":"LineString","coordinates":[[77.05427,28.5588],[77.05473,28.55936],[77.05485,28.55953]]}},{"type":"Feature","properties":{"name":"GT Road","highway":"trunk","policy":"truck entry 23:00-07:00 (CAQM/MCD rule)"},"geometry":{"type":"LineString","coordinates":[[77.3129,28.67609],[77.31299,28.6761],[77.31306,28.6761],[77.31317,28.6761],[77.31419,28.67615],[77.31443,28.67616],[77.31546,28.6762],[77.31551,28.6762]]}},{"type":"Feature","properties":{"name":"Grand Trunk Road","highway":"trunk","policy":"truck entry 23:00-07:00 (CAQM/MCD rule)"},"geometry":{"type":"LineString","coordinates":[[77.12882,28.83508],[77.12877,28.83525]]}},{"type":"Feature","properties":{"name":"Mayur Vihar Flyover","highway":"trunk","policy":"truck entry 23:00-07:00 (CAQM/MCD rule)"},"geometry":{"type":"LineString","coordinates":[[77.29864,28.58587],[77.29842,28.58615]]}},{"type":"Feature","properties":{"name":"Mayur Vihar Flyover","highway":"trunk","policy":"truck entry 23:00-07:00 (CAQM/MCD rule)"},"geometry":{"type":"LineString","coordinates":[[77.29856,28.58625],[77.29883,28.58603]]}},{"type":"Feature","properties":{"name":"Dadri Road","highway":"trunk","policy":"truck entry 23:00-07:00 (CAQM/MCD rule)"},"geometry":{"type":"LineString","coordinates":[[77.29256,28.59608],[77.29154,28.59823],[77.29147,28.59838]]}},{"type":"Feature","properties":{"name":"Akshardham Flyover","highway":"trunk","policy":"truck entry 23:00-07:00 (CAQM/MCD rule)"},"geometry":{"type":"LineString","coordinates":[[77.28149,28.61558],[77.28119,28.61607]]}},{"type":"Feature","properties":{"name":"Akshardham Flyover","highway":"trunk","policy":"truck entry 23:00-07:00 (CAQM/MCD rule)"},"geometry":{"type":"LineString","coordinates":[[77.28485,28.61079],[77.2847,28.61101]]}},{"type":"Feature","properties":{"name":"Akshardham Flyover","highway":"trunk","policy":"truck entry 23:00-07:00 (CAQM/MCD rule)"},"geometry":{"type":"LineString","coordinates":[[77.2849,28.61099],[77.28516,28.61055]]}},{"type":"Feature","properties":{"name":"Delhi Loni Road Flyover","highway":"trunk","policy":"truck entry 23:00-07:00 (CAQM/MCD rule)"},"geometry":{"type":"LineString","coordinates":[[77.28884,28.70124],[77.28847,28.70128]]}},{"type":"Feature","properties":{"name":"Delhi Loni Road Flyover","highway":"trunk","policy":"truck entry 23:00-07:00 (CAQM/MCD rule)"},"geometry":{"type":"LineString","coordinates":[[77.2949,28.70053],[77.29445,28.70059]]}},{"type":"Feature","properties":{"name":"Nand Nagari Flyover","highway":"trunk","policy":"truck entry 23:00-07:00 (CAQM/MCD rule)"},"geometry":{"type":"LineString","coordinates":[[77.29838,28.69995],[77.29823,28.69997],[77.29811,28.69998]]}},{"type":"Feature","properties":{"name":"Nand Nagari Flyover","highway":"trunk","policy":"truck entry 23:00-07:00 (CAQM/MCD rule)"},"geometry":{"type":"LineString","coordinates":[[77.29819,28.70008],[77.29845,28.70003]]}},{"type":"Feature","properties":{"name":"Nand Nagari Flyover","highway":"trunk","policy":"truck entry 23:00-07:00 (CAQM/MCD rule)"},"geometry":{"type":"LineString","coordinates":[[77.30539,28.69904],[77.30525,28.69905]]}},{"type":"Feature","properties":{"name":"Burari Flyover","highway":"trunk","policy":"truck entry 23:00-07:00 (CAQM/MCD rule)"},"geometry":{"type":"LineString","coordinates":[[77.20227,28.7273],[77.20166,28.72758]]}},{"type":"Feature","properties":{"name":"Burari Flyover","highway":"trunk","policy":"truck entry 23:00-07:00 (CAQM/MCD rule)"},"geometry":{"type":"LineString","coordinates":[[77.19478,28.72927],[77.19415,28.72938]]}},{"type":"Feature","properties":{"name":"Shahdara Flyover","highway":"trunk","policy":"truck entry 23:00-07:00 (CAQM/MCD rule)"},"geometry":{"type":"LineString","coordinates":[[77.27659,28.67247],[77.27718,28.67259],[77.2775,28.67266]]}},{"type":"Feature","properties":{"name":"Shahdara Flyover","highway":"trunk","policy":"truck entry 23:00-07:00 (CAQM/MCD rule)"},"geometry":{"type":"LineString","coordinates":[[77.27764,28.67259],[77.27717,28.67251],[77.27663,28.6724]]}},{"type":"Feature","properties":{"name":"Shahdara Flyover","highway":"trunk","policy":"truck entry 23:00-07:00 (CAQM/MCD rule)"},"geometry":{"type":"LineString","coordinates":[[77.30655,28.67583],[77.3074,28.67587]]}},{"type":"Feature","properties":{"name":"Shahdara Flyover","highway":"trunk","policy":"truck entry 23:00-07:00 (CAQM/MCD rule)"},"geometry":{"type":"LineString","coordinates":[[77.30739,28.67578],[77.30655,28.67577]]}},{"type":"Feature","properties":{"name":"Shahdara Flyover","highway":"trunk","policy":"truck entry 23:00-07:00 (CAQM/MCD rule)"},"geometry":{"type":"LineString","coordinates":[[77.28319,28.67345],[77.28325,28.67346],[77.28346,28.67351]]}},{"type":"Feature","properties":{"name":"Shahdara Flyover","highway":"trunk","policy":"truck entry 23:00-07:00 (CAQM/MCD rule)"},"geometry":{"type":"LineString","coordinates":[[77.28349,28.67342],[77.28328,28.67337],[77.2832,28.67335]]}},{"type":"Feature","properties":{"name":"Doctor KB Hedgewar Marg","highway":"trunk","policy":"truck entry 23:00-07:00 (CAQM/MCD rule)"},"geometry":{"type":"LineString","coordinates":[[77.18186,28.73243],[77.18077,28.73276],[77.1792,28.7333]]}},{"type":"Feature","properties":{"name":"Doctor KB Hedgewar Marg","highway":"trunk","policy":"truck entry 23:00-07:00 (CAQM/MCD rule)"},"geometry":{"type":"LineString","coordinates":[[77.17877,28.73361],[77.17927,28.73342]]}},{"type":"Feature","properties":{"name":"Doctor KB Hedgewar Marg","highway":"trunk","policy":"truck entry 23:00-07:00 (CAQM/MCD rule)"},"geometry":{"type":"LineString","coordinates":[[77.1792,28.7333],[77.17873,28.73345]]}},{"type":"Feature","properties":{"name":"Doctor KB Hedgewar Marg","highway":"trunk","policy":"truck entry 23:00-07:00 (CAQM/MCD rule)"},"geometry":{"type":"LineString","coordinates":[[77.18703,28.73126],[77.18784,28.73112]]}},{"type":"Feature","properties":{"name":"Doctor KB Hedgewar Marg","highway":"trunk","policy":"truck entry 23:00-07:00 (CAQM/MCD rule)"},"geometry":{"type":"LineString","coordinates":[[77.18699,28.73116],[77.18451,28.73175]]}},{"type":"Feature","properties":{"name":"Doctor KB Hedgewar Marg","highway":"trunk","policy":"truck entry 23:00-07:00 (CAQM/MCD rule)"},"geometry":{"type":"LineString","coordinates":[[77.18774,28.73092],[77.18699,28.73116]]}},{"type":"Feature","properties":{"name":"Bhalswa Flyover","highway":"trunk","policy":"truck entry 23:00-07:00 (CAQM/MCD rule)"},"geometry":{"type":"LineString","coordinates":[[77.16314,28.73785],[77.16395,28.73785]]}},{"type":"Feature","properties":{"name":"Bhalswa Flyover","highway":"trunk","policy":"truck entry 23:00-07:00 (CAQM/MCD rule)"},"geometry":{"type":"LineString","coordinates":[[77.16654,28.73753],[77.16596,28.73763],[77.16538,28.7377],[77.16474,28.73771],[77.16379,28.73769]]}},{"type":"Feature","properties":{"name":"Bhalswa Flyover","highway":"trunk","policy":"truck entry 23:00-07:00 (CAQM/MCD rule)"},"geometry":{"type":"LineString","coordinates":[[77.17077,28.73654],[77.17136,28.73635]]}},{"type":"Feature","properties":{"name":"Bhalswa Flyover","highway":"trunk","policy":"truck entry 23:00-07:00 (CAQM/MCD rule)"},"geometry":{"type":"LineString","coordinates":[[77.17073,28.73639],[77.1693,28.73689],[77.16892,28.73703],[77.16815,28.73724]]}},{"type":"Feature","properties":{"name":"Bhalswa Flyover","highway":"trunk","policy":"truck entry 23:00-07:00 (CAQM/MCD rule)"},"geometry":{"type":"LineString","coordinates":[[77.17129,28.73619],[77.17073,28.73639]]}},{"type":"Feature","properties":{"name":"Bhalswa Flyover","highway":"trunk","policy":"truck entry 23:00-07:00 (CAQM/MCD rule)"},"geometry":{"type":"LineString","coordinates":[[77.16379,28.73769],[77.16297,28.73768]]}},{"type":"Feature","properties":{"name":"Shaheed Captain Vikram Batra Flyover","highway":"trunk","policy":"truck entry 23:00-07:00 (CAQM/MCD rule)"},"geometry":{"type":"LineString","coordinates":[[77.15292,28.73311],[77.15338,28.7334]]}},{"type":"Feature","properties":{"name":"Shaheed Captain Vikram Batra Flyover","highway":"trunk","policy":"truck entry 23:00-07:00 (CAQM/MCD rule)"},"geometry":{"type":"LineString","coordinates":[[77.15346,28.73329],[77.15312,28.73306],[77.15294,28.73294],[77.15257,28.73271]]}},{"type":"Feature","properties":{"name":"Rao Tula Ram Flyover","highway":"trunk","policy":"truck entry 23:00-07:00 (CAQM/MCD rule)"},"geometry":{"type":"LineString","coordinates":[[77.15276,28.57419],[77.1525,28.57417],[77.1524,28.57414],[77.15217,28.57408]]}},{"type":"Feature","properties":{"name":"Rao Tula Ram Flyover","highway":"trunk","policy":"truck entry 23:00-07:00 (CAQM/MCD rule)"},"geometry":{"type":"LineString","coordinates":[[77.15663,28.57579],[77.15673,28.57579],[77.15681,28.5758],[77.15688,28.57581],[77.15693,28.57582]]}},{"type":"Feature","properties":{"name":"Rao Tula Ram Flyover","highway":"trunk","policy":"truck entry 23:00-07:00 (CAQM/MCD rule)"},"geometry":{"type":"LineString","coordinates":[[77.16343,28.57017],[77.16348,28.5701],[77.16364,28.56992],[77.16376,28.56984]]}},{"type":"Feature","properties":{"name":"Grand Trunk Road","highway":"trunk","policy":"truck entry 23:00-07:00 (CAQM/MCD rule)"},"geometry":{"type":"LineString","coordinates":[[77.14346,28.79216],[77.1428,28.791]]}},{"type":"Feature","properties":{"name":"Grand Trunk Road","highway":"trunk","policy":"truck entry 23:00-07:00 (CAQM/MCD rule)"},"geometry":{"type":"LineString","coordinates":[[77.14391,28.79637],[77.14397,28.79584]]}},{"type":"Feature","properties":{"name":"Nangloi Flyover","highway":"trunk","policy":"truck entry 23:00-07:00 (CAQM/MCD rule)"},"geometry":{"type":"LineString","coordinates":[[77.05979,28.68225],[77.06004,28.68222],[77.06024,28.68221]]}},{"type":"Feature","properties":{"name":"Nangloi Flyover","highway":"trunk","policy":"truck entry 23:00-07:00 (CAQM/MCD rule)"},"geometry":{"type":"LineString","coordinates":[[77.06025,28.68212],[77.06,28.68213],[77.0597,28.68215]]}},{"type":"Feature","properties":{"name":"Nangloi Flyover","highway":"trunk","policy":"truck entry 23:00-07:00 (CAQM/MCD rule)"},"geometry":{"type":"LineString","coordinates":[[77.07085,28.68212],[77.07118,28.68212]]}},{"type":"Feature","properties":{"name":"Nangloi Flyover","highway":"trunk","policy":"truck entry 23:00-07:00 (CAQM/MCD rule)"},"geometry":{"type":"LineString","coordinates":[[77.07151,28.68203],[77.07085,28.68203]]}},{"type":"Feature","properties":{"name":"Mangolpuri Flyover","highway":"trunk","policy":"truck entry 23:00-07:00 (CAQM/MCD rule)"},"geometry":{"type":"LineString","coordinates":[[77.09629,28.68918],[77.09638,28.68946],[77.09657,28.68987],[77.09688,28.69038],[77.09714,28.69074],[77.09715,28.69076]]}},{"type":"Feature","properties":{"name":"Mangolpuri Flyover","highway":"trunk","policy":"truck entry 23:00-07:00 (CAQM/MCD rule)"},"geometry":{"type":"LineString","coordinates":[[77.09728,28.69073],[77.09721,28.69065],[77.09695,28.69032],[77.09667,28.68982],[77.0965,28.68943],[77.0964,28.68915]]}},{"type":"Feature","properties":{"name":"Outer Ring Road","highway":"trunk","policy":"truck entry 23:00-07:00 (CAQM/MCD rule)"},"geometry":{"type":"LineString","coordinates":[[77.12624,28.70071],[77.12534,28.7002],[77.12417,28.69969],[77.12347,28.69941]]}},{"type":"Feature","properties":{"name":"Mangolpuri Flyover","highway":"trunk","policy":"truck entry 23:00-07:00 (CAQM/MCD rule)"},"geometry":{"type":"LineString","coordinates":[[77.12347,28.69941],[77.12287,28.69918]]}},{"type":"Feature","properties":{"name":"Mangolpuri Flyover","highway":"trunk","policy":"truck entry 23:00-07:00 (CAQM/MCD rule)"},"geometry":{"type":"LineString","coordinates":[[77.12285,28.6993],[77.12323,28.69951]]}},{"type":"Feature","properties":{"name":"Mangolpuri Flyover","highway":"trunk","policy":"truck entry 23:00-07:00 (CAQM/MCD rule)"},"geometry":{"type":"LineString","coordinates":[[77.09762,28.69113],[77.09737,28.69084]]}},{"type":"Feature","properties":{"name":"Mangolpuri Flyover","highway":"trunk","policy":"truck entry 23:00-07:00 (CAQM/MCD rule)"},"geometry":{"type":"LineString","coordinates":[[77.09721,28.69083],[77.09754,28.69124]]}},{"type":"Feature","properties":{"name":"Mangolpuri Flyover","highway":"trunk","policy":"truck entry 23:00-07:00 (CAQM/MCD rule)"},"geometry":{"type":"LineString","coordinates":[[77.09575,28.68631],[77.0958,28.68657]]}},{"type":"Feature","properties":{"name":"Mangolpuri Flyover","highway":"trunk","policy":"truck entry 23:00-07:00 (CAQM/MCD rule)"},"geometry":{"type":"LineString","coordinates":[[77.09616,28.68792],[77.09593,28.68656]]}},{"type":"Feature","properties":{"name":"Mangolpuri Flyover","highway":"trunk","policy":"truck entry 23:00-07:00 (CAQM/MCD rule)"},"geometry":{"type":"LineString","coordinates":[[77.09593,28.68656],[77.09588,28.68624]]}},{"type":"Feature","properties":{"name":"Mahipalpur Flyover","highway":"motorway","policy":"truck entry 23:00-07:00 (CAQM/MCD rule)"},"geometry":{"type":"LineString","coordinates":[[77.11658,28.53929],[77.11701,28.54028]]}},{"type":"Feature","properties":{"name":"Mahipalpur Flyover","highway":"motorway","policy":"truck entry 23:00-07:00 (CAQM/MCD rule)"},"geometry":{"type":"LineString","coordinates":[[77.1292,28.55095],[77.13014,28.55169]]}},{"type":"Feature","properties":{"name":"Mahipalpur Flyover","highway":"motorway","policy":"truck entry 23:00-07:00 (CAQM/MCD rule)"},"geometry":{"type":"LineString","coordinates":[[77.13014,28.55169],[77.1305,28.55196],[77.13072,28.55217],[77.13077,28.55224]]}},{"type":"Feature","properties":{"name":"Mahipalpur Flyover","highway":"motorway","policy":"truck entry 23:00-07:00 (CAQM/MCD rule)"},"geometry":{"type":"LineString","coordinates":[[77.12964,28.55105],[77.12936,28.55082]]}},{"type":"Feature","properties":{"name":"Flyover","highway":"trunk","policy":"truck entry 23:00-07:00 (CAQM/MCD rule)"},"geometry":{"type":"LineString","coordinates":[[77.16216,28.5927],[77.16233,28.59275]]}},{"type":"Feature","properties":{"name":"Flyover","highway":"trunk","policy":"truck entry 23:00-07:00 (CAQM/MCD rule)"},"geometry":{"type":"LineString","coordinates":[[77.30269,28.62219],[77.30219,28.62202]]}},{"type":"Feature","properties":{"name":"Flyover","highway":"trunk","policy":"truck entry 23:00-07:00 (CAQM/MCD rule)"},"geometry":{"type":"LineString","coordinates":[[77.2908,28.61818],[77.29063,28.61812],[77.29006,28.61793]]}},{"type":"Feature","properties":{"name":"Flyover","highway":"trunk","policy":"truck entry 23:00-07:00 (CAQM/MCD rule)"},"geometry":{"type":"LineString","coordinates":[[77.31257,28.62543],[77.31197,28.62527]]}},{"type":"Feature","properties":{"name":"Flyover","highway":"trunk","policy":"truck entry 23:00-07:00 (CAQM/MCD rule)"},"geometry":{"type":"LineString","coordinates":[[77.30305,28.62231],[77.30269,28.62219]]}},{"type":"Feature","properties":{"name":"Flyover","highway":"trunk","policy":"truck entry 23:00-07:00 (CAQM/MCD rule)"},"geometry":{"type":"LineString","coordinates":[[77.28984,28.6183],[77.29068,28.61861]]}},{"type":"Feature","properties":{"name":"Flyover","highway":"trunk","policy":"truck entry 23:00-07:00 (CAQM/MCD rule)"},"geometry":{"type":"LineString","coordinates":[[77.29068,28.61861],[77.29109,28.61874],[77.29186,28.61901]]}},{"type":"Feature","properties":{"name":"National Highway 24 Bypass","highway":"trunk","policy":"truck entry 23:00-07:00 (CAQM/MCD rule)"},"geometry":{"type":"LineString","coordinates":[[77.3036,28.62298],[77.30458,28.62329],[77.30511,28.62348]]}},{"type":"Feature","properties":{"name":"Flyover","highway":"trunk","policy":"truck entry 23:00-07:00 (CAQM/MCD rule)"},"geometry":{"type":"LineString","coordinates":[[77.30298,28.62269],[77.30302,28.62271],[77.3036,28.62298]]}},{"type":"Feature","properties":{"name":"Flyover","highway":"trunk","policy":"truck entry 23:00-07:00 (CAQM/MCD rule)"},"geometry":{"type":"LineString","coordinates":[[77.30511,28.62348],[77.30552,28.62355],[77.30614,28.62377]]}},{"type":"Feature","properties":{"name":"Flyover","highway":"trunk","policy":"truck entry 23:00-07:00 (CAQM/MCD rule)"},"geometry":{"type":"LineString","coordinates":[[77.31165,28.62559],[77.31215,28.62584]]}},{"type":"Feature","properties":{"name":"Shastri Park Flyover","highway":"trunk","policy":"truck entry 23:00-07:00 (CAQM/MCD rule)"},"geometry":{"type":"LineString","coordinates":[[77.25182,28.67337],[77.25254,28.67323]]}},{"type":"Feature","properties":{"name":"Shastri Park Flyover","highway":"trunk","policy":"truck entry 23:00-07:00 (CAQM/MCD rule)"},"geometry":{"type":"LineString","coordinates":[[77.25252,28.67314],[77.25195,28.67322]]}},{"type":"Feature","properties":{"name":"Shastri Park Flyover","highway":"trunk","policy":"truck entry 23:00-07:00 (CAQM/MCD rule)"},"geometry":{"type":"LineString","coordinates":[[77.26043,28.67178],[77.26013,28.67187]]}},{"type":"Feature","properties":{"name":"Shastri Park Flyover","highway":"trunk","policy":"truck entry 23:00-07:00 (CAQM/MCD rule)"},"geometry":{"type":"LineString","coordinates":[[77.26016,28.67197],[77.26061,28.67185]]}},{"type":"Feature","properties":{"name":"Okhla Estate Marg Flyover","highway":"trunk","policy":"truck entry 23:00-07:00 (CAQM/MCD rule)"},"geometry":{"type":"LineString","coordinates":[[77.28341,28.53866],[77.28354,28.53842]]}},{"type":"Feature","properties":{"name":"Okhla Estate Marg Flyover","highway":"trunk","policy":"truck entry 23:00-07:00 (CAQM/MCD rule)"},"geometry":{"type":"LineString","coordinates":[[77.28678,28.53236],[77.28668,28.53255]]}},{"type":"Feature","properties":{"name":"Okhla Estate Marg Flyover","highway":"trunk","policy":"truck entry 23:00-07:00 (CAQM/MCD rule)"},"geometry":{"type":"LineString","coordinates":[[77.28681,28.53258],[77.2869,28.53238]]}},{"type":"Feature","properties":{"name":"Mathura Road","highway":"trunk","policy":"truck entry 23:00-07:00 (CAQM/MCD rule)"},"geometry":{"type":"LineString","coordinates":[[77.30568,28.47296],[77.30566,28.47318]]}},{"type":"Feature","properties":{"name":"Mathura Road","highway":"trunk","policy":"truck entry 23:00-07:00 (CAQM/MCD rule)"},"geometry":{"type":"LineString","coordinates":[[77.30585,28.47296],[77.30586,28.47281],[77.30587,28.47248]]}},{"type":"Feature","properties":{"name":"Mathura Road","highway":"trunk","policy":"truck entry 23:00-07:00 (CAQM/MCD rule)"},"geometry":{"type":"LineString","coordinates":[[77.29822,28.51146],[77.29807,28.5118]]}},{"type":"Feature","properties":{"name":"Mathura Road","highway":"trunk","policy":"truck entry 23:00-07:00 (CAQM/MCD rule)"},"geometry":{"type":"LineString","coordinates":[[77.29792,28.51268],[77.29807,28.51229]]}},{"type":"Feature","properties":{"name":"Hanuman Mandir Flyover","highway":"trunk","policy":"truck entry 23:00-07:00 (CAQM/MCD rule)"},"geometry":{"type":"LineString","coordinates":[[77.2408,28.66117],[77.24021,28.66154]]}},{"type":"Feature","properties":{"name":"Hanuman Mandir Flyover","highway":"trunk","policy":"truck entry 23:00-07:00 (CAQM/MCD rule)"},"geometry":{"type":"LineString","coordinates":[[77.23835,28.66229],[77.2377,28.66263],[77.23764,28.66266]]}},{"type":"Feature","properties":{"name":"Ring Road","highway":"trunk","policy":"truck entry 23:00-07:00 (CAQM/MCD rule)"},"geometry":{"type":"LineString","coordinates":[[77.2374,28.66275],[77.2373,28.6628],[77.23714,28.66285]]}},{"type":"Feature","properties":{"name":"Hanuman Mandir Flyover","highway":"trunk","policy":"truck entry 23:00-07:00 (CAQM/MCD rule)"},"geometry":{"type":"LineString","coordinates":[[77.24098,28.66105],[77.24093,28.66108],[77.24089,28.66111],[77.2408,28.66117]]}},{"type":"Feature","properties":{"name":"Barapullah Road Flyover","highway":"trunk","policy":"truck entry 23:00-07:00 (CAQM/MCD rule)"},"geometry":{"type":"LineString","coordinates":[[77.20945,28.57324],[77.20955,28.57324],[77.20971,28.57324]]}},{"type":"Feature","properties":{"name":"Delhi-Dehradun Expressway","highway":"trunk","policy":"truck entry 23:00-07:00 (CAQM/MCD rule)"},"geometry":{"type":"LineString","coordinates":[[77.27632,28.62373],[77.27645,28.62353]]}},{"type":"Feature","properties":{"name":"Delhi-Dehradun Expressway","highway":"trunk","policy":"truck entry 23:00-07:00 (CAQM/MCD rule)"},"geometry":{"type":"LineString","coordinates":[[77.27634,28.62348],[77.27622,28.62365]]}},{"type":"Feature","properties":{"name":"Flyover","highway":"trunk","policy":"truck entry 23:00-07:00 (CAQM/MCD rule)"},"geometry":{"type":"LineString","coordinates":[[77.27792,28.6084],[77.27858,28.609]]}},{"type":"Feature","properties":{"name":"Flyover","highway":"trunk","policy":"truck entry 23:00-07:00 (CAQM/MCD rule)"},"geometry":{"type":"LineString","coordinates":[[77.26999,28.6045],[77.27099,28.60489]]}},{"type":"Feature","properties":{"name":"Flyover","highway":"trunk","policy":"truck entry 23:00-07:00 (CAQM/MCD rule)"},"geometry":{"type":"LineString","coordinates":[[77.27121,28.60455],[77.27078,28.60434],[77.27001,28.60393]]}},{"type":"Feature","properties":{"name":"Flyover","highway":"trunk","policy":"truck entry 23:00-07:00 (CAQM/MCD rule)"},"geometry":{"type":"LineString","coordinates":[[77.2793,28.60898],[77.27873,28.60853]]}},{"type":"Feature","properties":{"name":"ITO Flyover","highway":"trunk","policy":"truck entry 23:00-07:00 (CAQM/MCD rule)"},"geometry":{"type":"LineString","coordinates":[[77.24688,28.62575],[77.24682,28.62642]]}},{"type":"Feature","properties":{"name":"ITO Flyover","highway":"trunk","policy":"truck entry 23:00-07:00 (CAQM/MCD rule)"},"geometry":{"type":"LineString","coordinates":[[77.24695,28.62637],[77.247,28.62575]]}},{"type":"Feature","properties":{"name":"ITO Flyover","highway":"trunk","policy":"truck entry 23:00-07:00 (CAQM/MCD rule)"},"geometry":{"type":"LineString","coordinates":[[77.2469,28.63082],[77.2469,28.63076]]}},{"type":"Feature","properties":{"name":"ITO Flyover","highway":"trunk","policy":"truck entry 23:00-07:00 (CAQM/MCD rule)"},"geometry":{"type":"LineString","coordinates":[[77.24704,28.6251],[77.24702,28.62519],[77.247,28.62524],[77.24688,28.62575]]}},{"type":"Feature","properties":{"name":"ITO Flyover","highway":"trunk","policy":"truck entry 23:00-07:00 (CAQM/MCD rule)"},"geometry":{"type":"LineString","coordinates":[[77.247,28.62575],[77.24708,28.6254],[77.24712,28.62524]]}},{"type":"Feature","properties":{"name":"Sachivalaya Road Flyover","highway":"trunk","policy":"truck entry 23:00-07:00 (CAQM/MCD rule)"},"geometry":{"type":"LineString","coordinates":[[77.24795,28.63522],[77.24776,28.63521],[77.24761,28.6352],[77.24753,28.63519],[77.24746,28.63516],[77.24739,28.63513],[77.24733,28.63508],[77.24728,28.63504],[77.24724,28.63498],[77.2472,28.63492],[77.24715,28.63479]]}},{"type":"Feature","properties":{"name":"Sachivalaya Road Flyover","highway":"trunk","policy":"truck entry 23:00-07:00 (CAQM/MCD rule)"},"geometry":{"type":"LineString","coordinates":[[77.2469,28.63267],[77.24695,28.63284]]}},{"type":"Feature","properties":{"name":"Ring Road","highway":"trunk","policy":"truck entry 23:00-07:00 (CAQM/MCD rule)"},"geometry":{"type":"LineString","coordinates":[[77.25763,28.63991],[77.25769,28.64018],[77.25775,28.6404],[77.25777,28.64087],[77.25771,28.64125],[77.25747,28.64196]]}},{"type":"Feature","properties":{"name":"Sachivalaya Road Flyover","highway":"trunk","policy":"truck entry 23:00-07:00 (CAQM/MCD rule)"},"geometry":{"type":"LineString","coordinates":[[77.25794,28.64066],[77.25793,28.64054],[77.25791,28.64027],[77.25782,28.63987],[77.25751,28.63899],[77.25749,28.63892],[77.25739,28.63864],[77.2568,28.63704],[77.25642,28.63586]]}},{"type":"Feature","properties":{"name":"Nizamuddin Railway Station Flyover","highway":"trunk","policy":"truck entry 23:00-07:00 (CAQM/MCD rule)"},"geometry":{"type":"LineString","coordinates":[[77.25785,28.59136],[77.25771,28.59181]]}},{"type":"Feature","properties":{"name":"Nizamuddin Railway Station Flyover","highway":"trunk","policy":"truck entry 23:00-07:00 (CAQM/MCD rule)"},"geometry":{"type":"LineString","coordinates":[[77.25781,28.59184],[77.25796,28.59137]]}},{"type":"Feature","properties":{"name":"Nizamuddin Road Flyover","highway":"trunk","policy":"truck entry 23:00-07:00 (CAQM/MCD rule)"},"geometry":{"type":"LineString","coordinates":[[77.25468,28.60153],[77.2548,28.60103]]}},{"type":"Feature","properties":{"name":"DND Flyway","highway":"motorway","policy":"truck entry 23:00-07:00 (CAQM/MCD rule)"},"geometry":{"type":"LineString","coordinates":[[77.30594,28.57324],[77.30613,28.5731],[77.30622,28.57304],[77.30654,28.57287],[77.30678,28.57276],[77.30704,28.57265],[77.30732,28.57256],[77.3077,28.57249],[77.30806,28.57245],[77.30843,28.57243],[77.30878,28.57245],[77.30898,28.57246],[77.30929,28.5725]]}},{"type":"Feature","properties":{"name":"Mathura Road Flyover","highway":"trunk","policy":"truck entry 23:00-07:00 (CAQM/MCD rule)"},"geometry":{"type":"LineString","coordinates":[[77.31006,28.42313],[77.31008,28.4229],[77.31013,28.42224],[77.3102,28.42142]]}},{"type":"Feature","properties":{"name":"Mathura Road Flyover","highway":"trunk","policy":"truck entry 23:00-07:00 (CAQM/MCD rule)"},"geometry":{"type":"LineString","coordinates":[[77.3099,28.42311],[77.30985,28.42374]]}},{"type":"Feature","properties":{"name":"Mathura Road Flyover","highway":"trunk","policy":"truck entry 23:00-07:00 (CAQM/MCD rule)"},"geometry":{"type":"LineString","coordinates":[[77.31001,28.42174],[77.30998,28.42204]]}},{"type":"Feature","properties":{"name":"Mathura Road Flyover","highway":"trunk","policy":"truck entry 23:00-07:00 (CAQM/MCD rule)"},"geometry":{"type":"LineString","coordinates":[[77.31028,28.42042],[77.31031,28.42009]]}},{"type":"Feature","properties":{"name":"Mathura Road Flyover","highway":"trunk","policy":"truck entry 23:00-07:00 (CAQM/MCD rule)"},"geometry":{"type":"LineString","coordinates":[[77.3102,28.41959],[77.31018,28.41974],[77.31001,28.42174]]}},{"type":"Feature","properties":{"name":"Mathura Road Flyover","highway":"trunk","policy":"truck entry 23:00-07:00 (CAQM/MCD rule)"},"geometry":{"type":"LineString","coordinates":[[77.31088,28.41124],[77.31086,28.41139],[77.31082,28.41189]]}},{"type":"Feature","properties":{"name":"Mathura Road Flyover","highway":"trunk","policy":"truck entry 23:00-07:00 (CAQM/MCD rule)"},"geometry":{"type":"LineString","coordinates":[[77.311,28.41189],[77.31102,28.41159],[77.31137,28.40752],[77.31145,28.40658]]}},{"type":"Feature","properties":{"name":"Mathura Road Flyover","highway":"trunk","policy":"truck entry 23:00-07:00 (CAQM/MCD rule)"},"geometry":{"type":"LineString","coordinates":[[77.31145,28.40658],[77.31146,28.40635]]}},{"type":"Feature","properties":{"name":"Mathura Road","highway":"trunk","policy":"truck entry 23:00-07:00 (CAQM/MCD rule)"},"geometry":{"type":"LineString","coordinates":[[77.30998,28.42204],[77.30995,28.42235],[77.30992,28.42281]]}},{"type":"Feature","properties":{"name":"Mathura Road","highway":"trunk","policy":"truck entry 23:00-07:00 (CAQM/MCD rule)"},"geometry":{"type":"LineString","coordinates":[[77.31022,28.42116],[77.31028,28.42042]]}},{"type":"Feature","properties":{"name":"Mathura Road Flyover","highway":"trunk","policy":"truck entry 23:00-07:00 (CAQM/MCD rule)"},"geometry":{"type":"LineString","coordinates":[[77.3102,28.42142],[77.31022,28.42116]]}},{"type":"Feature","properties":{"name":"Mathura Road Flyover","highway":"trunk","policy":"truck entry 23:00-07:00 (CAQM/MCD rule)"},"geometry":{"type":"LineString","coordinates":[[77.30992,28.42281],[77.3099,28.42311]]}},{"type":"Feature","properties":{"name":"Mathura Road Flyover","highway":"trunk","policy":"truck entry 23:00-07:00 (CAQM/MCD rule)"},"geometry":{"type":"LineString","coordinates":[[77.3094,28.43106],[77.30943,28.43065],[77.30944,28.43054]]}},{"type":"Feature","properties":{"name":"Mathura Road Flyover","highway":"trunk","policy":"truck entry 23:00-07:00 (CAQM/MCD rule)"},"geometry":{"type":"LineString","coordinates":[[77.30926,28.43055],[77.3091,28.43252],[77.30906,28.43305]]}},{"type":"Feature","properties":{"name":"Mathura Road Flyover","highway":"trunk","policy":"truck entry 23:00-07:00 (CAQM/MCD rule)"},"geometry":{"type":"LineString","coordinates":[[77.30906,28.43305],[77.30903,28.43339]]}},{"type":"Feature","properties":{"name":"Mathura Road Flyover","highway":"trunk","policy":"truck entry 23:00-07:00 (CAQM/MCD rule)"},"geometry":{"type":"LineString","coordinates":[[77.3078,28.4478],[77.3077,28.44906]]}},{"type":"Feature","properties":{"name":"Mathura Road Flyover","highway":"trunk","policy":"truck entry 23:00-07:00 (CAQM/MCD rule)"},"geometry":{"type":"LineString","coordinates":[[77.30765,28.4518],[77.30774,28.45064],[77.30786,28.44907]]}},{"type":"Feature","properties":{"name":"Mathura Road Flyover","highway":"trunk","policy":"truck entry 23:00-07:00 (CAQM/MCD rule)"},"geometry":{"type":"LineString","coordinates":[[77.3076,28.4523],[77.30765,28.4518]]}},{"type":"Feature","properties":{"name":"Mathura Road Flyover","highway":"trunk","policy":"truck entry 23:00-07:00 (CAQM/MCD rule)"},"geometry":{"type":"LineString","coordinates":[[77.3077,28.44906],[77.30766,28.44953]]}},{"type":"Feature","properties":{"name":"Mathura Road Flyover","highway":"trunk","policy":"truck entry 23:00-07:00 (CAQM/MCD rule)"},"geometry":{"type":"LineString","coordinates":[[77.30786,28.44907],[77.30795,28.44779]]}},{"type":"Feature","properties":{"name":"Mathura Road Flyover","highway":"trunk","policy":"truck entry 23:00-07:00 (CAQM/MCD rule)"},"geometry":{"type":"LineString","coordinates":[[77.30837,28.44103],[77.30829,28.44192]]}},{"type":"Feature","properties":{"name":"Mathura Road Flyover","highway":"trunk","policy":"truck entry 23:00-07:00 (CAQM/MCD rule)"},"geometry":{"type":"LineString","coordinates":[[77.30844,28.44193],[77.30853,28.44106]]}},{"type":"Feature","properties":{"name":"Mathura Road","highway":"trunk","policy":"truck entry 23:00-07:00 (CAQM/MCD rule)"},"geometry":{"type":"LineString","coordinates":[[77.30902,28.43542],[77.30916,28.43387],[77.30919,28.43355],[77.3094,28.43106]]}},{"type":"Feature","properties":{"name":"Mathura Road Flyover","highway":"trunk","policy":"truck entry 23:00-07:00 (CAQM/MCD rule)"},"geometry":{"type":"LineString","coordinates":[[77.30899,28.43584],[77.30902,28.43542]]}},{"type":"Feature","properties":{"name":"Mathura Road Flyover","highway":"trunk","policy":"truck entry 23:00-07:00 (CAQM/MCD rule)"},"geometry":{"type":"LineString","coordinates":[[77.3084,28.44071],[77.30837,28.44103]]}},{"type":"Feature","properties":{"name":"Flyover","highway":"trunk","policy":"truck entry 23:00-07:00 (CAQM/MCD rule)"},"geometry":{"type":"LineString","coordinates":[[77.34526,28.63219],[77.34393,28.63212]]}},{"type":"Feature","properties":{"name":"National Highway 24 Bypass","highway":"trunk","policy":"truck entry 23:00-07:00 (CAQM/MCD rule)"},"geometry":{"type":"LineString","coordinates":[[77.3231,28.62943],[77.32401,28.62971]]}},{"type":"Feature","properties":{"name":"National Highway 24 Bypass Flyover","highway":"trunk","policy":"truck entry 23:00-07:00 (CAQM/MCD rule)"},"geometry":{"type":"LineString","coordinates":[[77.32401,28.62971],[77.32463,28.6299]]}},{"type":"Feature","properties":{"name":"National Highway 24 Bypass Flyover","highway":"trunk","policy":"truck entry 23:00-07:00 (CAQM/MCD rule)"},"geometry":{"type":"LineString","coordinates":[[77.33428,28.63264],[77.33546,28.63264]]}},{"type":"Feature","properties":{"name":"freight corridor","highway":"trunk","policy":"truck entry 23:00-07:00 (CAQM/MCD rule)"},"geometry":{"type":"LineString","coordinates":[[77.33546,28.63264],[77.33578,28.63264]]}},{"type":"Feature","properties":{"name":"National Highway 24 Bypass Flyover","highway":"trunk","policy":"truck entry 23:00-07:00 (CAQM/MCD rule)"},"geometry":{"type":"LineString","coordinates":[[77.344,28.63265],[77.34523,28.63258]]}},{"type":"Feature","properties":{"name":"National Highway 24 Bypass","highway":"trunk","policy":"truck entry 23:00-07:00 (CAQM/MCD rule)"},"geometry":{"type":"LineString","coordinates":[[77.32344,28.62906],[77.32302,28.62891]]}},{"type":"Feature","properties":{"name":"National Highway 24 Bypass Flyover","highway":"trunk","policy":"truck entry 23:00-07:00 (CAQM/MCD rule)"},"geometry":{"type":"LineString","coordinates":[[77.32448,28.62939],[77.32385,28.62919],[77.32344,28.62906]]}},{"type":"Feature","properties":{"name":"National Highway 24 Bypass Flyover","highway":"trunk","policy":"truck entry 23:00-07:00 (CAQM/MCD rule)"},"geometry":{"type":"LineString","coordinates":[[77.33413,28.63222],[77.33396,28.63222]]}},{"type":"Feature","properties":{"name":"DND KMP Expressway","highway":"trunk","policy":"truck entry 23:00-07:00 (CAQM/MCD rule)"},"geometry":{"type":"LineString","coordinates":[[77.31635,28.4955],[77.31651,28.49376],[77.3167,28.49206],[77.31709,28.4883],[77.31718,28.48727],[77.31739,28.48573]]}},{"type":"Feature","properties":{"name":"Dwarka Expressway","highway":"motorway","policy":"truck entry 23:00-07:00 (CAQM/MCD rule)"},"geometry":{"type":"LineString","coordinates":[[77.04972,28.55364],[77.05078,28.55475]]}},{"type":"Feature","properties":{"name":"Shubhash Chowk Underpass","highway":"trunk","policy":"truck entry 23:00-07:00 (CAQM/MCD rule)"},"geometry":{"type":"LineString","coordinates":[[77.03419,28.44185],[77.03423,28.44159]]}},{"type":"Feature","properties":{"name":"Shubhash Chowk Underpass","highway":"trunk","policy":"truck entry 23:00-07:00 (CAQM/MCD rule)"},"geometry":{"type":"LineString","coordinates":[[77.03409,28.44158],[77.03406,28.44183]]}},{"type":"Feature","properties":{"name":"Sohna Road","highway":"trunk","policy":"truck entry 23:00-07:00 (CAQM/MCD rule)"},"geometry":{"type":"LineString","coordinates":[[77.03417,28.44201],[77.03419,28.44185]]}},{"type":"Feature","properties":{"name":"Sohna Road","highway":"trunk","policy":"truck entry 23:00-07:00 (CAQM/MCD rule)"},"geometry":{"type":"LineString","coordinates":[[77.03406,28.44183],[77.03405,28.44199]]}},{"type":"Feature","properties":{"name":"Shubhash Chowk Underpass","highway":"trunk","policy":"truck entry 23:00-07:00 (CAQM/MCD rule)"},"geometry":{"type":"LineString","coordinates":[[77.03819,28.42486],[77.03822,28.42474]]}},{"type":"Feature","properties":{"name":"Sohna Road","highway":"trunk","policy":"truck entry 23:00-07:00 (CAQM/MCD rule)"},"geometry":{"type":"LineString","coordinates":[[77.03828,28.42399],[77.03827,28.42403],[77.0382,28.42427],[77.03819,28.42429]]}},{"type":"Feature","properties":{"name":"Bharthal Railway Underpass","highway":"trunk","policy":"truck entry 23:00-07:00 (CAQM/MCD rule)"},"geometry":{"type":"LineString","coordinates":[[77.05854,28.54667],[77.05779,28.54712]]}},{"type":"Feature","properties":{"name":"Bharthal Railway Underpass","highway":"trunk","policy":"truck entry 23:00-07:00 (CAQM/MCD rule)"},"geometry":{"type":"LineString","coordinates":[[77.0579,28.54724],[77.05862,28.54677]]}},{"type":"Feature","properties":{"name":"Bharthal Railway Underpass","highway":"trunk","policy":"truck entry 23:00-07:00 (CAQM/MCD rule)"},"geometry":{"type":"LineString","coordinates":[[77.0612,28.54525],[77.05977,28.54588]]}},{"type":"Feature","properties":{"name":"Bharthal Railway Underpass","highway":"trunk","policy":"truck entry 23:00-07:00 (CAQM/MCD rule)"},"geometry":{"type":"LineString","coordinates":[[77.05986,28.54601],[77.0613,28.5454]]}},{"type":"Feature","properties":{"name":"Outer Ring Road Underpass","highway":"trunk","policy":"truck entry 23:00-07:00 (CAQM/MCD rule)"},"geometry":{"type":"LineString","coordinates":[[77.1332,28.70632],[77.13133,28.70419]]}},{"type":"Feature","properties":{"name":"Outer Ring Road Underpass","highway":"trunk","policy":"truck entry 23:00-07:00 (CAQM/MCD rule)"},"geometry":{"type":"LineString","coordinates":[[77.13125,28.70424],[77.1331,28.70637]]}},{"type":"Feature","properties":{"name":"Outer Ring Road Underpass","highway":"trunk","policy":"truck entry 23:00-07:00 (CAQM/MCD rule)"},"geometry":{"type":"LineString","coordinates":[[77.1286,28.70214],[77.12977,28.70283],[77.1303,28.70322],[77.13087,28.70381]]}},{"type":"Feature","properties":{"name":"Outer Ring Road","highway":"trunk","policy":"truck entry 23:00-07:00 (CAQM/MCD rule)"},"geometry":{"type":"LineString","coordinates":[[77.12849,28.70197],[77.12839,28.70191],[77.12624,28.70071]]}},{"type":"Feature","properties":{"name":"freight corridor","highway":"trunk","policy":"truck entry 23:00-07:00 (CAQM/MCD rule)"},"geometry":{"type":"LineString","coordinates":[[77.00719,28.43767],[77.0061,28.43835]]}},{"type":"Feature","properties":{"name":"Mahatma Gandhi Marg","highway":"trunk","policy":"truck entry 23:00-07:00 (CAQM/MCD rule)"},"geometry":{"type":"LineString","coordinates":[[77.23538,28.6651],[77.2354,28.66493],[77.23544,28.66445],[77.23549,28.66426],[77.23557,28.66408],[77.23558,28.66407],[77.23566,28.66393],[77.23591,28.66368],[77.23618,28.6635],[77.23662,28.66325]]}},{"type":"Feature","properties":{"name":"Mahatma Gandhi Marg","highway":"trunk","policy":"truck entry 23:00-07:00 (CAQM/MCD rule)"},"geometry":{"type":"LineString","coordinates":[[77.23714,28.66285],[77.23676,28.66302],[77.23654,28.66313],[77.23626,28.6633],[77.23591,28.66355],[77.23534,28.66404],[77.23478,28.66465]]}},{"type":"Feature","properties":{"name":"freight corridor","highway":"trunk","policy":"truck entry 23:00-07:00 (CAQM/MCD rule)"},"geometry":{"type":"LineString","coordinates":[[77.06045,28.54593],[77.0608,28.54577],[77.06126,28.54557],[77.06178,28.54541],[77.06201,28.54532],[77.06236,28.54514],[77.06263,28.54501]]}},{"type":"Feature","properties":{"name":"NH9","highway":"trunk","policy":"truck entry 23:00-07:00 (CAQM/MCD rule)"},"geometry":{"type":"LineString","coordinates":[[76.85031,28.7297],[76.85047,28.72963],[76.85106,28.72936],[76.85165,28.72901],[76.85191,28.72884],[76.85407,28.7275],[76.85454,28.72723],[76.85547,28.72669],[76.85629,28.72624],[76.85785,28.72538],[76.85832,28.72513],[76.85835,28.72511],[76.85989,28.72427],[76.86093,28.72371],[76.86121,28.72355],[76.86126,28.72353],[76.86226,28.72296],[76.86274,28.72276],[76.86296,28.72267],[76.86358,28.72245],[76.86491,28.72198],[76.86545,28.72179],[76.86594,28.72154],[76.86619,28.72139]]}},{"type":"Feature","properties":{"name":"Delhi - Amritsar - Katra Expressway","highway":"motorway","policy":"truck entry 23:00-07:00 (CAQM/MCD rule)"},"geometry":{"type":"LineString","coordinates":[[76.87604,28.79888],[76.87785,28.79778],[76.88074,28.79602]]}},{"type":"Feature","properties":{"name":"Delhi - Amritsar - Katra Expressway","highway":"motorway","policy":"truck entry 23:00-07:00 (CAQM/MCD rule)"},"geometry":{"type":"LineString","coordinates":[[76.86915,28.80307],[76.86929,28.80298]]}},{"type":"Feature","properties":{"name":"Delhi - Amritsar - Katra Expressway","highway":"motorway","policy":"truck entry 23:00-07:00 (CAQM/MCD rule)"},"geometry":{"type":"LineString","coordinates":[[76.88002,28.79613],[76.87939,28.7965],[76.87594,28.79867]]}},{"type":"Feature","properties":{"name":"Delhi - Amritsar - Katra Expressway","highway":"motorway","policy":"truck entry 23:00-07:00 (CAQM/MCD rule)"},"geometry":{"type":"LineString","coordinates":[[76.86912,28.80273],[76.86897,28.80283]]}},{"type":"Feature","properties":{"name":"NE5","highway":"motorway","policy":"truck entry 23:00-07:00 (CAQM/MCD rule)"},"geometry":{"type":"LineString","coordinates":[[76.88074,28.79602],[76.88146,28.79558]]}},{"type":"Feature","properties":{"name":"freight corridor","highway":"motorway","policy":"truck entry 23:00-07:00 (CAQM/MCD rule)"},"geometry":{"type":"LineString","coordinates":[[76.88054,28.7958],[76.88002,28.79613]]}},{"type":"Feature","properties":{"name":"NE5","highway":"motorway","policy":"truck entry 23:00-07:00 (CAQM/MCD rule)"},"geometry":{"type":"LineString","coordinates":[[76.8813,28.79535],[76.88054,28.7958]]}},{"type":"Feature","properties":{"name":"Delhi - Amritsar - Katra Expressway","highway":"motorway","policy":"truck entry 23:00-07:00 (CAQM/MCD rule)"},"geometry":{"type":"LineString","coordinates":[[76.86186,28.808],[76.86428,28.80623],[76.86915,28.80307]]}},{"type":"Feature","properties":{"name":"Delhi - Amritsar - Katra Expressway","highway":"motorway","policy":"truck entry 23:00-07:00 (CAQM/MCD rule)"},"geometry":{"type":"LineString","coordinates":[[76.85628,28.81291],[76.8567,28.81255]]}},{"type":"Feature","properties":{"name":"freight corridor","highway":"trunk","policy":"truck entry 23:00-07:00 (CAQM/MCD rule)"},"geometry":{"type":"LineString","coordinates":[[77.10627,28.53572],[77.10706,28.53528],[77.10822,28.53479],[77.1084,28.5347],[77.10866,28.53452],[77.10877,28.53443],[77.109,28.53415],[77.10913,28.53394],[77.10918,28.53378],[77.10916,28.53367],[77.10914,28.53357],[77.10898,28.53327],[77.10881,28.53304],[77.10867,28.53294],[77.10857,28.53287],[77.10841,28.5328],[77.10819,28.53274]]}},{"type":"Feature","properties":{"name":"Grand Trunk Road","highway":"trunk","policy":"truck entry 23:00-07:00 (CAQM/MCD rule)"},"geometry":{"type":"LineString","coordinates":[[77.14122,28.80588],[77.1409,28.80623],[77.14065,28.8065],[77.13979,28.80719],[77.13858,28.80818],[77.13814,28.80856],[77.13783,28.80883],[77.13726,28.80938],[77.13685,28.80986],[77.13654,28.81033],[77.13648,28.81042]]}},{"type":"Feature","properties":{"name":"DND-KMP Expressway","highway":"motorway","policy":"truck entry 23:00-07:00 (CAQM/MCD rule)"},"geometry":{"type":"LineString","coordinates":[[77.30624,28.52686],[77.30664,28.52576],[77.30696,28.52502],[77.3071,28.52469],[77.30749,28.52412],[77.30929,28.52163],[77.31067,28.51968],[77.31116,28.51876],[77.31145,28.51795],[77.31154,28.51768],[77.31182,28.51669],[77.31211,28.51575],[77.31245,28.5148],[77.31327,28.51224]]}},{"type":"Feature","properties":{"name":"DND KMP Expressway","highway":"trunk","policy":"truck entry 23:00-07:00 (CAQM/MCD rule)"},"geometry":{"type":"LineString","coordinates":[[77.31327,28.51224],[77.31352,28.5115]]}},{"type":"Feature","properties":{"name":"DND KMP Expressway","highway":"trunk","policy":"truck entry 23:00-07:00 (CAQM/MCD rule)"},"geometry":{"type":"LineString","coordinates":[[77.31337,28.51148],[77.31314,28.51219]]}},{"type":"Feature","properties":{"name":"DND KMP Expressway","highway":"trunk","policy":"truck entry 23:00-07:00 (CAQM/MCD rule)"},"geometry":{"type":"LineString","coordinates":[[77.31572,28.50106],[77.31549,28.50338],[77.31534,28.50456],[77.3153,28.50481],[77.31519,28.50545],[77.31514,28.50577],[77.31482,28.50705],[77.31376,28.51034],[77.31337,28.51148]]}},{"type":"Feature","properties":{"name":"DND KMP Expressway","highway":"trunk","policy":"truck entry 23:00-07:00 (CAQM/MCD rule)"},"geometry":{"type":"LineString","coordinates":[[77.31352,28.5115],[77.31387,28.51037],[77.31496,28.50714],[77.31533,28.50583],[77.31539,28.50548],[77.31551,28.50484],[77.31555,28.50461],[77.31573,28.50267],[77.31589,28.50109]]}},{"type":"Feature","properties":{"name":"DND KMP Expressway","highway":"trunk","policy":"truck entry 23:00-07:00 (CAQM/MCD rule)"},"geometry":{"type":"LineString","coordinates":[[77.31596,28.49835],[77.31586,28.49953],[77.31572,28.50106]]}},{"type":"Feature","properties":{"name":"DND KMP Expressway","highway":"trunk","policy":"truck entry 23:00-07:00 (CAQM/MCD rule)"},"geometry":{"type":"LineString","coordinates":[[77.31589,28.50109],[77.31594,28.5002],[77.3161,28.49837]]}},{"type":"Feature","properties":{"name":"DND KMP Expressway","highway":"trunk","policy":"truck entry 23:00-07:00 (CAQM/MCD rule)"},"geometry":{"type":"LineString","coordinates":[[77.3162,28.49548],[77.31601,28.49776],[77.31596,28.49835]]}},{"type":"Feature","properties":{"name":"DND KMP Expressway","highway":"trunk","policy":"truck entry 23:00-07:00 (CAQM/MCD rule)"},"geometry":{"type":"LineString","coordinates":[[77.3161,28.49837],[77.31614,28.49778],[77.31635,28.4955]]}},{"type":"Feature","properties":{"name":"DND KMP Expressway","highway":"trunk","policy":"truck entry 23:00-07:00 (CAQM/MCD rule)"},"geometry":{"type":"LineString","coordinates":[[77.31685,28.48091],[77.3174,28.48197],[77.31748,28.48227],[77.31755,28.48253],[77.31758,28.48282],[77.31759,28.48312],[77.31754,28.48368],[77.31747,28.48426],[77.31726,28.48572]]}},{"type":"Feature","properties":{"name":"DND KMP Expressway","highway":"trunk","policy":"truck entry 23:00-07:00 (CAQM/MCD rule)"},"geometry":{"type":"LineString","coordinates":[[77.31739,28.48573],[77.3176,28.48429],[77.31768,28.4837],[77.31772,28.48311],[77.31771,28.48281],[77.31768,28.48252],[77.31762,28.48226],[77.31753,28.48193],[77.317,28.48089]]}},{"type":"Feature","properties":{"name":"DND KMP Expressway","highway":"trunk","policy":"truck entry 23:00-07:00 (CAQM/MCD rule)"},"geometry":{"type":"LineString","coordinates":[[77.31681,28.4706],[77.31685,28.46993],[77.31686,28.46923],[77.31688,28.46817],[77.31698,28.46674],[77.31705,28.46581],[77.31715,28.46464],[77.3172,28.46409],[77.3173,28.4635]]}},{"type":"Feature","properties":{"name":"DND KMP Expressway","highway":"trunk","policy":"truck entry 23:00-07:00 (CAQM/MCD rule)"},"geometry":{"type":"LineString","coordinates":[[77.31716,28.46348],[77.31707,28.46408],[77.31701,28.46464],[77.31691,28.46579],[77.31684,28.46673],[77.31675,28.46818],[77.31671,28.46991],[77.31666,28.47058]]}},{"type":"Feature","properties":{"name":"DND KMP Expressway","highway":"trunk","policy":"truck entry 23:00-07:00 (CAQM/MCD rule)"},"geometry":{"type":"LineString","coordinates":[[77.31659,28.48049],[77.31685,28.48091]]}},{"type":"Feature","properties":{"name":"DND KMP Expressway","highway":"trunk","policy":"truck entry 23:00-07:00 (CAQM/MCD rule)"},"geometry":{"type":"LineString","coordinates":[[77.317,28.48089],[77.31675,28.48047]]}},{"type":"Feature","properties":{"name":"DND KMP Expressway","highway":"trunk","policy":"truck entry 23:00-07:00 (CAQM/MCD rule)"},"geometry":{"type":"LineString","coordinates":[[77.32418,28.4387],[77.32461,28.43717],[77.32512,28.43539],[77.32539,28.43443],[77.32585,28.43278],[77.32625,28.43139],[77.32651,28.43069],[77.32709,28.42908]]}},{"type":"Feature","properties":{"name":"DND KMP Expressway","highway":"trunk","policy":"truck entry 23:00-07:00 (CAQM/MCD rule)"},"geometry":{"type":"LineString","coordinates":[[77.32695,28.42904],[77.32638,28.43066],[77.32612,28.43136],[77.32572,28.43276],[77.32524,28.43444],[77.32482,28.43593],[77.32448,28.43715],[77.32406,28.43867]]}},{"type":"Feature","properties":{"name":"Delhi-Dehradun Expressway","highway":"motorway","policy":"truck entry 23:00-07:00 (CAQM/MCD rule)"},"geometry":{"type":"LineString","coordinates":[[77.27845,28.78039],[77.27844,28.78042],[77.27832,28.78096],[77.27829,28.7811],[77.27824,28.78143],[77.27817,28.78189],[77.27804,28.78269],[77.27794,28.78332],[77.27783,28.784],[77.27758,28.78552],[77.27754,28.7857],[77.2774,28.78663],[77.27717,28.78802],[77.27708,28.78855],[77.277,28.78898],[77.27698,28.7891],[77.27683,28.79008],[77.27678,28.79038],[77.2764,28.79271],[77.27631,28.7932],[77.27612,28.79422],[77.27604,28.79461],[77.27568,28.79637],[77.27562,28.79666],[77.27553,28.79709],[77.27544,28.79754],[77.27542,28.79763],[77.27537,28.79785],[77.27522,28.79862],[77.27514,28.79899],[77.27502,28.79956],[77.2749,28.80018],[77.2748,28.80065],[77.27465,28.80141],[77.27433,28.80298],[77.27425,28.8034],[77.2742,28.80363],[77.27417,28.80375],[77.2741,28.8041],[77.27386,28.80531],[77.27377,28.80577],[77.27363,28.80642],[77.27355,28.80685],[77.27351,28.80703],[77.27332,28.80798],[77.27324,28.80832],[77.27317,28.80867],[77.27316,28.80871],[77.27314,28.80884],[77.27311,28.809],[77.27309,28.80916],[77.27309,28.80917],[77.27307,28.80934],[77.27306,28.80955],[77.27306,28.8096],[77.27306,28.80975],[77.27307,28.80996],[77.27309,28.81008],[77.27309,28.81016],[77.27312,28.81037],[77.27331,28.8114],[77.27355,28.81274],[77.27373,28.8137],[77.27377,28.81394],[77.2738,28.81407],[77.27381,28.81412],[77.27383,28.8143],[77.27384,28.81442],[77.27385,28.81449],[77.27385,28.81464],[77.27385,28.81477],[77.27385,28.8148],[77.27384,28.81496],[77.27382,28.81512],[77.27381,28.8152],[77.2738,28.81527],[77.27378,28.81536],[77.27376,28.81545],[77.27374,28.81553],[77.27371,28.81563],[77.27367,28.81575],[77.27362,28.81588],[77.27346,28.81619],[77.27335,28.81642],[77.27334,28.81643],[77.27325,28.8166],[77.27255,28.8178],[77.27179,28.81916],[77.27165,28.81939],[77.27117,28.82022],[77.27116,28.82024],[77.27102,28.82054],[77.27092,28.82074],[77.27092,28.82075],[77.2707,28.82121],[77.2706,28.82142],[77.27052,28.82165],[77.27043,28.82192],[77.26999,28.82322],[77.26922,28.82556],[77.26876,28.8269],[77.26811,28.82889],[77.26776,28.82998],[77.26772,28.83009],[77.26739,28.83114],[77.2671,28.83207],[77.26702,28.83232],[77.26638,28.83428],[77.26601,28.83542],[77.26579,28.83613],[77.26541,28.83735],[77.26509,28.83834],[77.26471,28.83951],[77.2642,28.84109],[77.26354,28.84317],[77.26317,28.8443],[77.26277,28.84551],[77.26242,28.84656],[77.26177,28.84854],[77.26144,28.84951],[77.2613,28.84995],[77.26114,28.85025],[77.26095,28.85057],[77.26049,28.85116],[77.26003,28.85179],[77.2598,28.85223],[77.25967,28.85257],[77.2596,28.85279],[77.25915,28.85424],[77.25898,28.8549],[77.25872,28.85571],[77.2585,28.8564],[77.25841,28.85665],[77.25769,28.85819],[77.25677,28.8602],[77.25636,28.86111],[77.25566,28.86262],[77.25302,28.86858],[77.25242,28.86997],[77.25054,28.87429]]}},{"type":"Feature","properties":{"name":"Urban Extension Road-II","highway":"trunk","policy":"truck entry 23:00-07:00 (CAQM/MCD rule)"},"geometry":{"type":"LineString","coordinates":[[77.03632,28.56057],[77.03564,28.56058],[77.03498,28.56055]]}},{"type":"Feature","properties":{"name":"Urban Extension Road-II","highway":"trunk","policy":"truck entry 23:00-07:00 (CAQM/MCD rule)"},"geometry":{"type":"LineString","coordinates":[[77.02853,28.56001],[77.02782,28.5603],[77.02724,28.56062]]}},{"type":"Feature","properties":{"name":"Urban Extension Road-II","highway":"trunk","policy":"truck entry 23:00-07:00 (CAQM/MCD rule)"},"geometry":{"type":"LineString","coordinates":[[77.02463,28.5624],[77.02589,28.56163]]}},{"type":"Feature","properties":{"name":"Urban Extension Road-II","highway":"trunk","policy":"truck entry 23:00-07:00 (CAQM/MCD rule)"},"geometry":{"type":"LineString","coordinates":[[77.03485,28.56067],[77.03565,28.56071],[77.03633,28.5607]]}},{"type":"Feature","properties":{"name":"Urban Extension Road-II","highway":"trunk","policy":"truck entry 23:00-07:00 (CAQM/MCD rule)"},"geometry":{"type":"LineString","coordinates":[[77.02724,28.56062],[77.02582,28.56153]]}},{"type":"Feature","properties":{"name":"Urban Extension Road-II","highway":"trunk","policy":"truck entry 23:00-07:00 (CAQM/MCD rule)"},"geometry":{"type":"LineString","coordinates":[[77.07218,28.78636],[77.07255,28.78694]]}},{"type":"Feature","properties":{"name":"Urban Extension Road-II","highway":"trunk","policy":"truck entry 23:00-07:00 (CAQM/MCD rule)"},"geometry":{"type":"LineString","coordinates":[[77.07255,28.78694],[77.07264,28.78709]]}},{"type":"Feature","properties":{"name":"Urban Extension Road-II","highway":"trunk","policy":"truck entry 23:00-07:00 (CAQM/MCD rule)"},"geometry":{"type":"LineString","coordinates":[[77.07265,28.78681],[77.07232,28.78628]]}},{"type":"Feature","properties":{"name":"Urban Extension Road-II","highway":"trunk","policy":"truck entry 23:00-07:00 (CAQM/MCD rule)"},"geometry":{"type":"LineString","coordinates":[[77.07276,28.78699],[77.07265,28.78681]]}},{"type":"Feature","properties":{"name":"Urban Extension Road-II","highway":"trunk","policy":"truck entry 23:00-07:00 (CAQM/MCD rule)"},"geometry":{"type":"LineString","coordinates":[[77.06218,28.76641],[77.06262,28.76717],[77.06297,28.76788],[77.06316,28.76826],[77.0651,28.7722],[77.06539,28.77278],[77.07167,28.78547],[77.07192,28.78591]]}},{"type":"Feature","properties":{"name":"Urban Extension Road-II","highway":"trunk","policy":"truck entry 23:00-07:00 (CAQM/MCD rule)"},"geometry":{"type":"LineString","coordinates":[[77.07205,28.7858],[77.0718,28.78539],[77.07154,28.78488],[77.06723,28.77618],[77.06332,28.76824],[77.06313,28.76786],[77.06278,28.76716],[77.06248,28.76666],[77.06227,28.76634]]}},{"type":"Feature","properties":{"name":"Urban Extension Road-II","highway":"trunk","policy":"truck entry 23:00-07:00 (CAQM/MCD rule)"},"geometry":{"type":"LineString","coordinates":[[77.04423,28.73248],[77.04457,28.73312],[77.04598,28.73575],[77.04653,28.7367]]}},{"type":"Feature","properties":{"name":"Urban Extension Road-II","highway":"trunk","policy":"truck entry 23:00-07:00 (CAQM/MCD rule)"},"geometry":{"type":"LineString","coordinates":[[77.04653,28.7367],[77.04661,28.73682]]}},{"type":"Feature","properties":{"name":"Urban Extension Road-II","highway":"trunk","policy":"truck entry 23:00-07:00 (CAQM/MCD rule)"},"geometry":{"type":"LineString","coordinates":[[77.04673,28.73678],[77.04667,28.73668]]}},{"type":"Feature","properties":{"name":"Urban Extension Road-II","highway":"trunk","policy":"truck entry 23:00-07:00 (CAQM/MCD rule)"},"geometry":{"type":"LineString","coordinates":[[77.0471,28.73741],[77.04673,28.73678]]}},{"type":"Feature","properties":{"name":"Urban Extension Road-II","highway":"trunk","policy":"truck entry 23:00-07:00 (CAQM/MCD rule)"},"geometry":{"type":"LineString","coordinates":[[77.04715,28.73751],[77.0471,28.73741]]}},{"type":"Feature","properties":{"name":"Urban Extension Road-II","highway":"trunk","policy":"truck entry 23:00-07:00 (CAQM/MCD rule)"},"geometry":{"type":"LineString","coordinates":[[77.04661,28.73682],[77.04697,28.73747]]}},{"type":"Feature","properties":{"name":"Urban Extension Road-II","highway":"trunk","policy":"truck entry 23:00-07:00 (CAQM/MCD rule)"},"geometry":{"type":"LineString","coordinates":[[77.04697,28.73747],[77.04703,28.73756]]}},{"type":"Feature","properties":{"name":"Urban Extension Road-II","highway":"trunk","policy":"truck entry 23:00-07:00 (CAQM/MCD rule)"},"geometry":{"type":"LineString","coordinates":[[77.04667,28.73668],[77.0461,28.7357],[77.04471,28.73308],[77.04435,28.73241]]}},{"type":"Feature","properties":{"name":"DND KMP Expressway","highway":"trunk","policy":"truck entry 23:00-07:00 (CAQM/MCD rule)"},"geometry":{"type":"LineString","coordinates":[[77.31943,28.44897],[77.31967,28.44859],[77.31993,28.44823],[77.3204,28.44779],[77.32091,28.44736],[77.32139,28.44697],[77.32183,28.44653],[77.32199,28.4463],[77.32212,28.44606],[77.32222,28.44583],[77.32246,28.44506]]}},{"type":"Feature","properties":{"name":"DND KMP Expressway","highway":"trunk","policy":"truck entry 23:00-07:00 (CAQM/MCD rule)"},"geometry":{"type":"LineString","coordinates":[[77.32233,28.44503],[77.3221,28.4458],[77.32201,28.44602],[77.32187,28.44624],[77.32173,28.44646],[77.32132,28.44687],[77.32086,28.44727],[77.32029,28.44771],[77.31984,28.44815],[77.31956,28.44852],[77.31932,28.44893]]}},{"type":"Feature","properties":{"name":"DND KMP Expressway","highway":"trunk","policy":"truck entry 23:00-07:00 (CAQM/MCD rule)"},"geometry":{"type":"LineString","coordinates":[[77.32246,28.44506],[77.32282,28.44367],[77.32292,28.44332],[77.32305,28.44281]]}},{"type":"Feature","properties":{"name":"DND KMP Expressway","highway":"trunk","policy":"truck entry 23:00-07:00 (CAQM/MCD rule)"},"geometry":{"type":"LineString","coordinates":[[77.32293,28.44276],[77.3224,28.44479],[77.32233,28.44503]]}},{"type":"Feature","properties":{"name":"Delhi - Amritsar - Katra Expressway","highway":"motorway","policy":"truck entry 23:00-07:00 (CAQM/MCD rule)"},"geometry":{"type":"LineString","coordinates":[[76.86897,28.80283],[76.864,28.80606],[76.86148,28.80791]]}},{"type":"Feature","properties":{"name":"Delhi - Amritsar - Katra Expressway","highway":"motorway","policy":"truck entry 23:00-07:00 (CAQM/MCD rule)"},"geometry":{"type":"LineString","coordinates":[[76.84081,28.82289],[76.8401,28.82314],[76.83906,28.8236],[76.8383,28.82402],[76.83771,28.82438],[76.83707,28.82487],[76.83641,28.82547]]}},{"type":"Feature","properties":{"name":"Delhi - Amritsar - Katra Expressway","highway":"motorway","policy":"truck entry 23:00-07:00 (CAQM/MCD rule)"},"geometry":{"type":"LineString","coordinates":[[76.84102,28.82281],[76.84081,28.82289]]}},{"type":"Feature","properties":{"name":"Delhi - Amritsar - Katra Expressway","highway":"motorway","policy":"truck entry 23:00-07:00 (CAQM/MCD rule)"},"geometry":{"type":"LineString","coordinates":[[76.83663,28.82565],[76.83718,28.82516],[76.83775,28.82473],[76.83795,28.82458],[76.83875,28.82411],[76.83957,28.82372],[76.84017,28.82347],[76.84081,28.82322],[76.8409,28.82319]]}},{"type":"Feature","properties":{"name":"Delhi - Amritsar - Katra Expressway","highway":"motorway","policy":"truck entry 23:00-07:00 (CAQM/MCD rule)"},"geometry":{"type":"LineString","coordinates":[[76.8409,28.82319],[76.84099,28.82317]]}},{"type":"Feature","properties":{"name":"Delhi - Amritsar - Katra Expressway","highway":"motorway","policy":"truck entry 23:00-07:00 (CAQM/MCD rule)"},"geometry":{"type":"LineString","coordinates":[[76.84689,28.8205],[76.84595,28.82096],[76.84515,28.82131],[76.84433,28.82163],[76.8434,28.82195],[76.84227,28.82236],[76.84102,28.82281]]}},{"type":"Feature","properties":{"name":"Delhi - Amritsar - Katra Expressway","highway":"motorway","policy":"truck entry 23:00-07:00 (CAQM/MCD rule)"},"geometry":{"type":"LineString","coordinates":[[76.84726,28.82031],[76.84689,28.8205]]}},{"type":"Feature","properties":{"name":"Delhi - Amritsar - Katra Expressway","highway":"motorway","policy":"truck entry 23:00-07:00 (CAQM/MCD rule)"},"geometry":{"type":"LineString","coordinates":[[76.84099,28.82317],[76.84232,28.82268],[76.84357,28.82223],[76.84443,28.8219],[76.84524,28.82159],[76.846,28.82125],[76.847,28.82074]]}},{"type":"Feature","properties":{"name":"Delhi - Amritsar - Katra Expressway","highway":"motorway","policy":"truck entry 23:00-07:00 (CAQM/MCD rule)"},"geometry":{"type":"LineString","coordinates":[[76.847,28.82074],[76.84733,28.82057]]}},{"type":"Feature","properties":{"name":"Delhi - Amritsar - Katra Expressway","highway":"motorway","policy":"truck entry 23:00-07:00 (CAQM/MCD rule)"},"geometry":{"type":"LineString","coordinates":[[76.85069,28.81789],[76.84969,28.8187],[76.84726,28.82031]]}},{"type":"Feature","properties":{"name":"Delhi - Amritsar - Katra Expressway","highway":"motorway","policy":"truck entry 23:00-07:00 (CAQM/MCD rule)"},"geometry":{"type":"LineString","coordinates":[[76.84733,28.82057],[76.84853,28.81985],[76.84988,28.81892],[76.85098,28.818]]}},{"type":"Feature","properties":{"name":"Delhi - Amritsar - Katra Expressway","highway":"motorway","policy":"truck entry 23:00-07:00 (CAQM/MCD rule)"},"geometry":{"type":"LineString","coordinates":[[76.85098,28.818],[76.85126,28.81772],[76.8523,28.81678],[76.85372,28.81541]]}},{"type":"Feature","properties":{"name":"Delhi - Amritsar - Katra Expressway","highway":"motorway","policy":"truck entry 23:00-07:00 (CAQM/MCD rule)"},"geometry":{"type":"LineString","coordinates":[[76.85354,28.81517],[76.85206,28.8166],[76.85108,28.81753],[76.85069,28.81789]]}},{"type":"Feature","properties":{"name":"Delhi - Amritsar - Katra Expressway","highway":"motorway","policy":"truck entry 23:00-07:00 (CAQM/MCD rule)"},"geometry":{"type":"LineString","coordinates":[[76.85404,28.81472],[76.85354,28.81517]]}},{"type":"Feature","properties":{"name":"Delhi - Amritsar - Katra Expressway","highway":"motorway","policy":"truck entry 23:00-07:00 (CAQM/MCD rule)"},"geometry":{"type":"LineString","coordinates":[[76.85422,28.81497],[76.85628,28.81291]]}},{"type":"Feature","properties":{"name":"Delhi - Amritsar - Katra Expressway","highway":"motorway","policy":"truck entry 23:00-07:00 (CAQM/MCD rule)"},"geometry":{"type":"LineString","coordinates":[[76.85372,28.81541],[76.85422,28.81497]]}},{"type":"Feature","properties":{"name":"Delhi - Amritsar - Katra Expressway","highway":"motorway","policy":"truck entry 23:00-07:00 (CAQM/MCD rule)"},"geometry":{"type":"LineString","coordinates":[[76.85608,28.8127],[76.85404,28.81472]]}},{"type":"Feature","properties":{"name":"Delhi - Amritsar - Katra Expressway","highway":"motorway","policy":"truck entry 23:00-07:00 (CAQM/MCD rule)"},"geometry":{"type":"LineString","coordinates":[[76.85648,28.81238],[76.85608,28.8127]]}},{"type":"Feature","properties":{"name":"Dwarka Expressway","highway":"motorway","policy":"truck entry 23:00-07:00 (CAQM/MCD rule)"},"geometry":{"type":"LineString","coordinates":[[77.05496,28.55948],[77.05433,28.55874]]}},{"type":"Feature","properties":{"name":"freight corridor","highway":"trunk","policy":"truck entry 23:00-07:00 (CAQM/MCD rule)"},"geometry":{"type":"LineString","coordinates":[[76.99882,28.4453],[76.99868,28.44557]]}},{"type":"Feature","properties":{"name":"DND-KMP Expressway","highway":"motorway","policy":"truck entry 23:00-07:00 (CAQM/MCD rule)"},"geometry":{"type":"LineString","coordinates":[[77.31314,28.51219],[77.31234,28.51463],[77.31193,28.51584],[77.31166,28.51664],[77.31134,28.51763],[77.31119,28.51805]]}},{"type":"Feature","properties":{"name":"Delhi-Dehradun Expressway","highway":"motorway","policy":"truck entry 23:00-07:00 (CAQM/MCD rule)"},"geometry":{"type":"LineString","coordinates":[[77.2556,28.66938],[77.25558,28.66897],[77.25556,28.66867]]}},{"type":"Feature","properties":{"name":"Delhi-Dehradun Expressway","highway":"motorway","policy":"truck entry 23:00-07:00 (CAQM/MCD rule)"},"geometry":{"type":"LineString","coordinates":[[77.25562,28.66987],[77.2556,28.66938]]}},{"type":"Feature","properties":{"name":"Delhi - Amritsar - Katra Expressway","highway":"motorway","policy":"truck entry 23:00-07:00 (CAQM/MCD rule)"},"geometry":{"type":"LineString","coordinates":[[76.8567,28.81255],[76.85778,28.81154],[76.85884,28.81056],[76.86102,28.80861],[76.86175,28.80808]]}},{"type":"Feature","properties":{"name":"Delhi - Amritsar - Katra Expressway","highway":"motorway","policy":"truck entry 23:00-07:00 (CAQM/MCD rule)"},"geometry":{"type":"LineString","coordinates":[[76.86175,28.80808],[76.86186,28.808]]}},{"type":"Feature","properties":{"name":"Delhi - Amritsar - Katra Expressway","highway":"motorway","policy":"truck entry 23:00-07:00 (CAQM/MCD rule)"},"geometry":{"type":"LineString","coordinates":[[76.86137,28.80799],[76.8608,28.80846],[76.85875,28.81021],[76.85648,28.81238]]}},{"type":"Feature","properties":{"name":"Delhi - Amritsar - Katra Expressway","highway":"motorway","policy":"truck entry 23:00-07:00 (CAQM/MCD rule)"},"geometry":{"type":"LineString","coordinates":[[76.86148,28.80791],[76.86137,28.80799]]}},{"type":"Feature","properties":{"name":"Gurgaon Rewari Narnaul Singhana Road","highway":"trunk","policy":"truck entry 23:00-07:00 (CAQM/MCD rule)"},"geometry":{"type":"LineString","coordinates":[[76.99717,28.44835],[76.99725,28.44838]]}},{"type":"Feature","properties":{"name":"NH352W","highway":"trunk","policy":"truck entry 23:00-07:00 (CAQM/MCD rule)"},"geometry":{"type":"LineString","coordinates":[[76.99702,28.4482],[76.99574,28.44765],[76.99523,28.44744],[76.9949,28.44731],[76.99469,28.44722],[76.99466,28.44721],[76.99438,28.44707],[76.99351,28.44672],[76.99303,28.44653],[76.99257,28.44633],[76.99241,28.44626],[76.99221,28.44618],[76.99185,28.44602],[76.99166,28.44593],[76.99129,28.44575],[76.99125,28.44573],[76.99099,28.44559],[76.99065,28.44543],[76.99014,28.44515],[76.98971,28.44491],[76.98969,28.4449],[76.98963,28.44487],[76.98947,28.44477],[76.98889,28.44448],[76.98867,28.44437],[76.98806,28.4441],[76.98794,28.44404],[76.98724,28.44371],[76.98718,28.44369],[76.98677,28.44351],[76.9858,28.44307],[76.98513,28.4428],[76.98491,28.44271],[76.98461,28.44259],[76.98438,28.4425],[76.98427,28.44246],[76.98375,28.44232],[76.98315,28.44217],[76.98225,28.44197]]}},{"type":"Feature","properties":{"name":"Sohna Road","highway":"trunk","policy":"truck entry 23:00-07:00 (CAQM/MCD rule)"},"geometry":{"type":"LineString","coordinates":[[77.04546,28.39869],[77.04509,28.40007],[77.04502,28.4004],[77.04494,28.40074],[77.04486,28.40103],[77.04483,28.40116]]}},{"type":"Feature","properties":{"name":"freight corridor","highway":"trunk","policy":"truck entry 23:00-07:00 (CAQM/MCD rule)"},"geometry":{"type":"LineString","coordinates":[[77.00161,28.4418],[77.00182,28.44156],[77.00216,28.4412]]}},{"type":"Feature","properties":{"name":"freight corridor","highway":"trunk","policy":"truck entry 23:00-07:00 (CAQM/MCD rule)"},"geometry":{"type":"LineString","coordinates":[[77.00242,28.4409],[77.00209,28.44116],[77.00194,28.4413],[77.00174,28.44151],[77.00154,28.44174],[77.00121,28.44213],[77.00093,28.44244],[77.00084,28.44254],[77.00064,28.44277],[77.00045,28.443],[77.00025,28.44323]]}},{"type":"Feature","properties":{"name":"freight corridor","highway":"trunk","policy":"truck entry 23:00-07:00 (CAQM/MCD rule)"},"geometry":{"type":"LineString","coordinates":[[77.00017,28.44332],[76.99997,28.4435]]}},{"type":"Feature","properties":{"name":"freight corridor","highway":"trunk","policy":"truck entry 23:00-07:00 (CAQM/MCD rule)"},"geometry":{"type":"LineString","coordinates":[[77.00025,28.44323],[77.00017,28.44332]]}},{"type":"Feature","properties":{"name":"freight corridor","highway":"trunk","policy":"truck entry 23:00-07:00 (CAQM/MCD rule)"},"geometry":{"type":"LineString","coordinates":[[77.00004,28.44356],[77.00034,28.44322]]}},{"type":"Feature","properties":{"name":"Mehrauli Gurgaon Road","highway":"trunk","policy":"truck entry 23:00-07:00 (CAQM/MCD rule)"},"geometry":{"type":"LineString","coordinates":[[77.07782,28.47911],[77.07704,28.47897],[77.07612,28.47882]]}},{"type":"Feature","properties":{"name":"Dadri Main Road","highway":"motorway","policy":"truck entry 23:00-07:00 (CAQM/MCD rule)"},"geometry":{"type":"LineString","coordinates":[[77.31962,28.55988],[77.32043,28.55942]]}},{"type":"Feature","properties":{"name":"NH9","highway":"trunk","policy":"truck entry 23:00-07:00 (CAQM/MCD rule)"},"geometry":{"type":"LineString","coordinates":[[76.96041,28.68844],[76.96064,28.68842],[76.96118,28.68834],[76.96145,28.68831],[76.96237,28.68822]]}},{"type":"Feature","properties":{"name":"NH9","highway":"trunk","policy":"truck entry 23:00-07:00 (CAQM/MCD rule)"},"geometry":{"type":"LineString","coordinates":[[76.96238,28.68809],[76.96175,28.68816],[76.96173,28.68817],[76.96172,28.68817],[76.96162,28.68818],[76.96142,28.6882],[76.96129,28.68822],[76.96115,28.68824],[76.96089,28.68827],[76.96063,28.6883],[76.96021,28.68835],[76.96019,28.68835]]}},{"type":"Feature","properties":{"name":"NH9","highway":"trunk","policy":"truck entry 23:00-07:00 (CAQM/MCD rule)"},"geometry":{"type":"LineString","coordinates":[[76.99483,28.68536],[76.99499,28.68534],[76.99836,28.68507],[76.99843,28.68506],[76.99889,28.68503],[76.9989,28.68503],[76.99921,28.685],[76.99977,28.68496],[77.00048,28.68489],[77.00072,28.68487]]}},{"type":"Feature","properties":{"name":"NH9","highway":"trunk","policy":"truck entry 23:00-07:00 (CAQM/MCD rule)"},"geometry":{"type":"LineString","coordinates":[[77.0007,28.68475],[77.00061,28.68476],[76.99986,28.68483],[76.99975,28.68484],[76.9995,28.68486],[76.9992,28.68488],[76.99688,28.68507],[76.99527,28.6852],[76.99495,28.68523]]}},{"type":"Feature","properties":{"name":"DND KMP Expressway","highway":"trunk","policy":"truck entry 23:00-07:00 (CAQM/MCD rule)"},"geometry":{"type":"LineString","coordinates":[[77.33594,28.39653],[77.33589,28.39699],[77.33577,28.3979],[77.33558,28.39861],[77.33537,28.39937],[77.33515,28.4002],[77.33447,28.40271]]}},{"type":"Feature","properties":{"name":"Dwarka Expressway","highway":"motorway","policy":"truck entry 23:00-07:00 (CAQM/MCD rule)"},"geometry":{"type":"LineString","coordinates":[[77.03696,28.53856],[77.03684,28.53836],[77.03622,28.53717]]}},{"type":"Feature","properties":{"name":"Dwarka Expressway","highway":"motorway","policy":"truck entry 23:00-07:00 (CAQM/MCD rule)"},"geometry":{"type":"LineString","coordinates":[[77.03601,28.53723],[77.03664,28.53839],[77.03682,28.53864]]}},{"type":"Feature","properties":{"name":"Gurgaon Rewari Narnaul Singhana Road","highway":"trunk","policy":"truck entry 23:00-07:00 (CAQM/MCD rule)"},"geometry":{"type":"LineString","coordinates":[[76.93476,28.42443],[76.93494,28.42446],[76.93539,28.42454]]}},{"type":"Feature","properties":{"name":"NH344M","highway":"trunk","policy":"truck entry 23:00-07:00 (CAQM/MCD rule)"},"geometry":{"type":"LineString","coordinates":[[77.09187,28.80022],[77.09091,28.79983],[77.09075,28.79976]]}},{"type":"Feature","properties":{"name":"NH344M","highway":"trunk","policy":"truck entry 23:00-07:00 (CAQM/MCD rule)"},"geometry":{"type":"LineString","coordinates":[[77.09178,28.80032],[77.09272,28.80067],[77.09341,28.80088],[77.0963,28.80167]]}},{"type":"Feature","properties":{"name":"NH344M","highway":"trunk","policy":"truck entry 23:00-07:00 (CAQM/MCD rule)"},"geometry":{"type":"LineString","coordinates":[[77.09635,28.80155],[77.09348,28.80077],[77.09274,28.80053],[77.09187,28.80022]]}},{"type":"Feature","properties":{"name":"Urban Extension Road-II","highway":"trunk","policy":"truck entry 23:00-07:00 (CAQM/MCD rule)"},"geometry":{"type":"LineString","coordinates":[[77.12583,28.80845],[77.12459,28.80816]]}},{"type":"Feature","properties":{"name":"Urban Extension Road-II","highway":"trunk","policy":"truck entry 23:00-07:00 (CAQM/MCD rule)"},"geometry":{"type":"LineString","coordinates":[[77.12903,28.80915],[77.12612,28.80851],[77.12583,28.80845]]}},{"type":"Feature","properties":{"name":"Urban Extension Road-II","highway":"trunk","policy":"truck entry 23:00-07:00 (CAQM/MCD rule)"},"geometry":{"type":"LineString","coordinates":[[77.13067,28.80954],[77.12903,28.80915]]}},{"type":"Feature","properties":{"name":"Urban Extension Road-II","highway":"trunk","policy":"truck entry 23:00-07:00 (CAQM/MCD rule)"},"geometry":{"type":"LineString","coordinates":[[77.12898,28.80928],[77.13066,28.8097]]}},{"type":"Feature","properties":{"name":"Grand Trunk Road","highway":"trunk","policy":"truck entry 23:00-07:00 (CAQM/MCD rule)"},"geometry":{"type":"LineString","coordinates":[[77.13405,28.8187],[77.1341,28.81851],[77.13448,28.81733]]}},{"type":"Feature","properties":{"name":"Urban Extension Road-II","highway":"trunk","policy":"truck entry 23:00-07:00 (CAQM/MCD rule)"},"geometry":{"type":"LineString","coordinates":[[77.04015,28.72463],[77.04043,28.72503]]}},{"type":"Feature","properties":{"name":"Urban Extension Road-II","highway":"trunk","policy":"truck entry 23:00-07:00 (CAQM/MCD rule)"},"geometry":{"type":"LineString","coordinates":[[77.04056,28.72498],[77.04028,28.72458]]}},{"type":"Feature","properties":{"name":"Urban Extension Road-II","highway":"trunk","policy":"truck entry 23:00-07:00 (CAQM/MCD rule)"},"geometry":{"type":"LineString","coordinates":[[77.04043,28.72503],[77.04064,28.72537],[77.04094,28.72589]]}},{"type":"Feature","properties":{"name":"Urban Extension Road-II","highway":"trunk","policy":"truck entry 23:00-07:00 (CAQM/MCD rule)"},"geometry":{"type":"LineString","coordinates":[[77.04108,28.72587],[77.04082,28.7254],[77.04056,28.72498]]}},{"type":"Feature","properties":{"name":"Urban Extension Road-II","highway":"trunk","policy":"truck entry 23:00-07:00 (CAQM/MCD rule)"},"geometry":{"type":"LineString","coordinates":[[77.04094,28.72589],[77.04114,28.7263]]}},{"type":"Feature","properties":{"name":"Urban Extension Road-II","highway":"trunk","policy":"truck entry 23:00-07:00 (CAQM/MCD rule)"},"geometry":{"type":"LineString","coordinates":[[77.04126,28.72624],[77.04108,28.72587]]}},{"type":"Feature","properties":{"name":"Urban Extension Road-II","highway":"trunk","policy":"truck entry 23:00-07:00 (CAQM/MCD rule)"},"geometry":{"type":"LineString","coordinates":[[77.04703,28.73756],[77.04772,28.73884]]}},{"type":"Feature","properties":{"name":"Urban Extension Road-II","highway":"trunk","policy":"truck entry 23:00-07:00 (CAQM/MCD rule)"},"geometry":{"type":"LineString","coordinates":[[77.04786,28.7388],[77.04715,28.73751]]}},{"type":"Feature","properties":{"name":"Urban Extension Road-II","highway":"trunk","policy":"truck entry 23:00-07:00 (CAQM/MCD rule)"},"geometry":{"type":"LineString","coordinates":[[77.05732,28.7565],[77.05817,28.75811]]}},{"type":"Feature","properties":{"name":"Urban Extension Road-II","highway":"trunk","policy":"truck entry 23:00-07:00 (CAQM/MCD rule)"},"geometry":{"type":"LineString","coordinates":[[77.05829,28.75803],[77.05745,28.7564]]}},{"type":"Feature","properties":{"name":"Urban Extension Road-II","highway":"trunk","policy":"truck entry 23:00-07:00 (CAQM/MCD rule)"},"geometry":{"type":"LineString","coordinates":[[77.06227,28.76634],[77.06177,28.76574],[77.06103,28.76504]]}},{"type":"Feature","properties":{"name":"Urban Extension Road-II","highway":"trunk","policy":"truck entry 23:00-07:00 (CAQM/MCD rule)"},"geometry":{"type":"LineString","coordinates":[[77.06095,28.76513],[77.06162,28.76577],[77.06218,28.76641]]}},{"type":"Feature","properties":{"name":"NH248BB","highway":"trunk","policy":"truck entry 23:00-07:00 (CAQM/MCD rule)"},"geometry":{"type":"LineString","coordinates":[[77.06263,28.54501],[77.06282,28.54492],[77.06298,28.54486],[77.06312,28.54482],[77.06327,28.54478],[77.0635,28.54472],[77.06375,28.54467],[77.06405,28.54459],[77.06441,28.54451],[77.06513,28.54433],[77.06594,28.54413],[77.06756,28.54374],[77.06886,28.54344],[77.06919,28.54337],[77.06948,28.54331],[77.06973,28.54326],[77.07001,28.54321],[77.07037,28.54315],[77.07075,28.54309],[77.07118,28.54302],[77.07141,28.54298],[77.07164,28.54293],[77.07195,28.54286],[77.07266,28.54269],[77.07304,28.54261],[77.07318,28.54258],[77.07333,28.54255],[77.0737,28.54247],[77.07404,28.54241],[77.07428,28.54236],[77.0745,28.5423],[77.07486,28.54221],[77.07646,28.54182],[77.07762,28.54156],[77.07909,28.54125],[77.07958,28.54114],[77.07974,28.5411],[77.07989,28.54106],[77.08004,28.54102],[77.08021,28.54097],[77.08043,28.5409],[77.08065,28.54082],[77.08118,28.54062],[77.08268,28.54004]]}},{"type":"Feature","properties":{"name":"NH344P","highway":"trunk","policy":"truck entry 23:00-07:00 (CAQM/MCD rule)"},"geometry":{"type":"LineString","coordinates":[[77.04648,28.79538],[77.04619,28.79571],[77.04429,28.7982]]}},{"type":"Feature","properties":{"name":"NH344P","highway":"trunk","policy":"truck entry 23:00-07:00 (CAQM/MCD rule)"},"geometry":{"type":"LineString","coordinates":[[77.04438,28.79825],[77.04498,28.79744],[77.04502,28.79738],[77.04655,28.79546]]}},{"type":"Feature","properties":{"name":"NH344P","highway":"trunk","policy":"truck entry 23:00-07:00 (CAQM/MCD rule)"},"geometry":{"type":"LineString","coordinates":[[77.04429,28.7982],[77.04409,28.79845],[77.04375,28.7989],[77.04353,28.79919]]}},{"type":"Feature","properties":{"name":"NH344P","highway":"trunk","policy":"truck entry 23:00-07:00 (CAQM/MCD rule)"},"geometry":{"type":"LineString","coordinates":[[77.04361,28.79924],[77.04382,28.79897],[77.04416,28.79851],[77.04438,28.79825]]}},{"type":"Feature","properties":{"name":"NH344P","highway":"trunk","policy":"truck entry 23:00-07:00 (CAQM/MCD rule)"},"geometry":{"type":"LineString","coordinates":[[77.0405,28.80464],[77.04124,28.80304],[77.0413,28.80293]]}},{"type":"Feature","properties":{"name":"NH344P","highway":"trunk","policy":"truck entry 23:00-07:00 (CAQM/MCD rule)"},"geometry":{"type":"LineString","coordinates":[[77.04119,28.80291],[77.04041,28.80462]]}},{"type":"Feature","properties":{"name":"Urban Extension Road-II","highway":"trunk","policy":"truck entry 23:00-07:00 (CAQM/MCD rule)"},"geometry":{"type":"LineString","coordinates":[[77.0134,28.70898],[77.01403,28.71008],[77.01592,28.71335]]}},{"type":"Feature","properties":{"name":"Urban Extension Road-II","highway":"trunk","policy":"truck entry 23:00-07:00 (CAQM/MCD rule)"},"geometry":{"type":"LineString","coordinates":[[77.01332,28.70883],[77.0134,28.70898]]}},{"type":"Feature","properties":{"name":"Urban Extension Road-II","highway":"trunk","policy":"truck entry 23:00-07:00 (CAQM/MCD rule)"},"geometry":{"type":"LineString","coordinates":[[77.01358,28.70897],[77.01351,28.70885]]}},{"type":"Feature","properties":{"name":"Urban Extension Road-II","highway":"trunk","policy":"truck entry 23:00-07:00 (CAQM/MCD rule)"},"geometry":{"type":"LineString","coordinates":[[77.01605,28.71328],[77.01358,28.70897]]}},{"type":"Feature","properties":{"name":"Urban Extension Road-II","highway":"trunk","policy":"truck entry 23:00-07:00 (CAQM/MCD rule)"},"geometry":{"type":"LineString","coordinates":[[76.99941,28.62649],[76.99909,28.62559],[76.99868,28.62436]]}},{"type":"Feature","properties":{"name":"Urban Extension Road-II","highway":"trunk","policy":"truck entry 23:00-07:00 (CAQM/MCD rule)"},"geometry":{"type":"LineString","coordinates":[[76.99927,28.62654],[76.99944,28.62706],[76.99955,28.62749],[76.99962,28.62791]]}},{"type":"Feature","properties":{"name":"Urban Extension Road-II","highway":"trunk","policy":"truck entry 23:00-07:00 (CAQM/MCD rule)"},"geometry":{"type":"LineString","coordinates":[[77.01012,28.6713],[77.01104,28.67309],[77.01129,28.67357],[77.01179,28.6744]]}},{"type":"Feature","properties":{"name":"Urban Extension Road-II","highway":"trunk","policy":"truck entry 23:00-07:00 (CAQM/MCD rule)"},"geometry":{"type":"LineString","coordinates":[[77.01201,28.67437],[77.01192,28.67421],[77.01113,28.67278],[77.00995,28.67063]]}},{"type":"Feature","properties":{"name":"Urban Extension Road-II","highway":"trunk","policy":"truck entry 23:00-07:00 (CAQM/MCD rule)"},"geometry":{"type":"LineString","coordinates":[[77.00995,28.67063],[77.00838,28.66789],[77.00786,28.66702],[77.00731,28.66603],[77.00626,28.66416]]}},{"type":"Feature","properties":{"name":"Urban Extension Road-II","highway":"trunk","policy":"truck entry 23:00-07:00 (CAQM/MCD rule)"},"geometry":{"type":"LineString","coordinates":[[77.00342,28.65972],[77.00496,28.6623],[77.00606,28.66426],[77.00713,28.66608],[77.00767,28.66702],[77.00823,28.66801],[77.0098,28.67072],[77.00996,28.67101],[77.01012,28.6713]]}},{"type":"Feature","properties":{"name":"Urban Extension Road-II","highway":"trunk","policy":"truck entry 23:00-07:00 (CAQM/MCD rule)"},"geometry":{"type":"LineString","coordinates":[[77.01398,28.70335],[77.0138,28.70359]]}},{"type":"Feature","properties":{"name":"Urban Extension Road-II","highway":"trunk","policy":"truck entry 23:00-07:00 (CAQM/MCD rule)"},"geometry":{"type":"LineString","coordinates":[[77.0175,28.6985],[77.01583,28.70083],[77.0152,28.70169],[77.01398,28.70335]]}},{"type":"Feature","properties":{"name":"Urban Extension Road-II","highway":"trunk","policy":"truck entry 23:00-07:00 (CAQM/MCD rule)"},"geometry":{"type":"LineString","coordinates":[[77.01415,28.70344],[77.01537,28.70174],[77.01594,28.70094],[77.01758,28.69864]]}},{"type":"Feature","properties":{"name":"Urban Extension Road-II","highway":"trunk","policy":"truck entry 23:00-07:00 (CAQM/MCD rule)"},"geometry":{"type":"LineString","coordinates":[[77.01397,28.70368],[77.01415,28.70344]]}},{"type":"Feature","properties":{"name":"Urban Extension Road-II","highway":"trunk","policy":"truck entry 23:00-07:00 (CAQM/MCD rule)"},"geometry":{"type":"LineString","coordinates":[[77.01753,28.71615],[77.01904,28.71871]]}},{"type":"Feature","properties":{"name":"Urban Extension Road-II","highway":"trunk","policy":"truck entry 23:00-07:00 (CAQM/MCD rule)"},"geometry":{"type":"LineString","coordinates":[[77.01918,28.71865],[77.01769,28.71609]]}},{"type":"Feature","properties":{"name":"Urban Extension Road-II","highway":"trunk","policy":"truck entry 23:00-07:00 (CAQM/MCD rule)"},"geometry":{"type":"LineString","coordinates":[[77.01592,28.71335],[77.01673,28.71477],[77.01743,28.71599]]}},{"type":"Feature","properties":{"name":"Urban Extension Road-II","highway":"trunk","policy":"truck entry 23:00-07:00 (CAQM/MCD rule)"},"geometry":{"type":"LineString","coordinates":[[77.0176,28.71593],[77.01686,28.7147],[77.01605,28.71328]]}},{"type":"Feature","properties":{"name":"Urban Extension Road-II","highway":"trunk","policy":"truck entry 23:00-07:00 (CAQM/MCD rule)"},"geometry":{"type":"LineString","coordinates":[[77.01776,28.69841],[77.01919,28.69642],[77.01965,28.69574],[77.02081,28.694],[77.02107,28.69361],[77.02134,28.69301]]}},{"type":"Feature","properties":{"name":"Urban Extension Road-II","highway":"trunk","policy":"truck entry 23:00-07:00 (CAQM/MCD rule)"},"geometry":{"type":"LineString","coordinates":[[77.01758,28.69864],[77.01776,28.69841]]}},{"type":"Feature","properties":{"name":"Urban Extension Road-II","highway":"trunk","policy":"truck entry 23:00-07:00 (CAQM/MCD rule)"},"geometry":{"type":"LineString","coordinates":[[77.01769,28.69825],[77.0175,28.6985]]}},{"type":"Feature","properties":{"name":"Urban Extension Road-II","highway":"trunk","policy":"truck entry 23:00-07:00 (CAQM/MCD rule)"},"geometry":{"type":"LineString","coordinates":[[77.02123,28.69296],[77.02094,28.69354],[77.0207,28.69392],[77.01942,28.69578],[77.01898,28.69643],[77.01769,28.69825]]}},{"type":"Feature","properties":{"name":"freight corridor","highway":"trunk","policy":"truck entry 23:00-07:00 (CAQM/MCD rule)"},"geometry":{"type":"LineString","coordinates":[[77.06162,28.54493],[77.06121,28.54509],[77.06064,28.54532]]}},{"type":"Feature","properties":{"name":"Urban Extension Road-II","highway":"trunk","policy":"truck entry 23:00-07:00 (CAQM/MCD rule)"},"geometry":{"type":"LineString","coordinates":[[77.05049,28.55485],[77.05098,28.55455]]}},{"type":"Feature","properties":{"name":"Urban Extension Road-II","highway":"trunk","policy":"truck entry 23:00-07:00 (CAQM/MCD rule)"},"geometry":{"type":"LineString","coordinates":[[77.05001,28.55514],[77.05049,28.55485]]}},{"type":"Feature","properties":{"name":"Urban Extension Road-II","highway":"trunk","policy":"truck entry 23:00-07:00 (CAQM/MCD rule)"},"geometry":{"type":"LineString","coordinates":[[77.04595,28.5576],[77.04762,28.55654],[77.04815,28.55622],[77.04864,28.55593],[77.04902,28.55574],[77.05001,28.55514]]}},{"type":"Feature","properties":{"name":"Dwarka Expressway","highway":"motorway","policy":"truck entry 23:00-07:00 (CAQM/MCD rule)"},"geometry":{"type":"LineString","coordinates":[[77.05149,28.5553],[77.05045,28.55408]]}},{"type":"Feature","properties":{"name":"Dwarka Expressway","highway":"motorway","policy":"truck entry 23:00-07:00 (CAQM/MCD rule)"},"geometry":{"type":"LineString","coordinates":[[76.96701,28.46168],[76.96787,28.46299]]}},{"type":"Feature","properties":{"name":"Dwarka Expressway","highway":"motorway","policy":"truck entry 23:00-07:00 (CAQM/MCD rule)"},"geometry":{"type":"LineString","coordinates":[[76.96802,28.46291],[76.96718,28.46163],[76.96653,28.4606],[76.96648,28.46052]]}},{"type":"Feature","properties":{"name":"NH248BB","highway":"trunk","policy":"truck entry 23:00-07:00 (CAQM/MCD rule)"},"geometry":{"type":"LineString","coordinates":[[77.09989,28.53746],[77.09943,28.5375],[77.09871,28.53757]]}},{"type":"Feature","properties":{"name":"NH248BB","highway":"trunk","policy":"truck entry 23:00-07:00 (CAQM/MCD rule)"},"geometry":{"type":"LineString","coordinates":[[77.09871,28.53757],[77.09802,28.53758],[77.09683,28.5375]]}},{"type":"Feature","properties":{"name":"NH248BB","highway":"trunk","policy":"truck entry 23:00-07:00 (CAQM/MCD rule)"},"geometry":{"type":"LineString","coordinates":[[77.09683,28.5375],[77.09663,28.5375],[77.09472,28.53744],[77.0919,28.538],[77.09088,28.5382],[77.08848,28.53848],[77.08528,28.53908],[77.08416,28.53938],[77.08266,28.53988],[77.08058,28.54066],[77.07969,28.54094],[77.07759,28.54139],[77.07481,28.54205],[77.0733,28.54243],[77.07115,28.54285],[77.07,28.54303],[77.06881,28.54326],[77.06592,28.54396],[77.0635,28.54457],[77.06246,28.54479],[77.0612,28.54525]]}},{"type":"Feature","properties":{"name":"NH248BB","highway":"trunk","policy":"truck entry 23:00-07:00 (CAQM/MCD rule)"},"geometry":{"type":"LineString","coordinates":[[77.09872,28.53775],[77.09949,28.53767],[77.10043,28.53751],[77.10267,28.53705],[77.10313,28.53695]]}},{"type":"Feature","properties":{"name":"NH248BB","highway":"trunk","policy":"truck entry 23:00-07:00 (CAQM/MCD rule)"},"geometry":{"type":"LineString","coordinates":[[77.09677,28.53766],[77.09813,28.53777],[77.09872,28.53775]]}},{"type":"Feature","properties":{"name":"NH248BB","highway":"trunk","policy":"truck entry 23:00-07:00 (CAQM/MCD rule)"},"geometry":{"type":"LineString","coordinates":[[77.0613,28.5454],[77.06252,28.54496],[77.06356,28.54475],[77.06599,28.54418],[77.06887,28.5435],[77.07004,28.54325],[77.07121,28.54308],[77.07335,28.5426],[77.07489,28.54227],[77.07765,28.5416],[77.07975,28.54116],[77.08065,28.54088],[77.08274,28.54007],[77.08424,28.53959],[77.08535,28.5393],[77.08851,28.5387],[77.09092,28.53842],[77.09195,28.53823],[77.09476,28.53766]]}},{"type":"Feature","properties":{"name":"Urban Extension Road-II","highway":"trunk","policy":"truck entry 23:00-07:00 (CAQM/MCD rule)"},"geometry":{"type":"LineString","coordinates":[[77.03862,28.72251],[77.03906,28.72302],[77.0399,28.72425],[77.04015,28.72463]]}},{"type":"Feature","properties":{"name":"Urban Extension Road-II","highway":"trunk","policy":"truck entry 23:00-07:00 (CAQM/MCD rule)"},"geometry":{"type":"LineString","coordinates":[[77.03854,28.72241],[77.03857,28.72245],[77.03862,28.72251]]}},{"type":"Feature","properties":{"name":"Urban Extension Road-II","highway":"trunk","policy":"truck entry 23:00-07:00 (CAQM/MCD rule)"},"geometry":{"type":"LineString","coordinates":[[77.04028,28.72458],[77.04002,28.72421],[77.03921,28.72296],[77.03874,28.72242]]}},{"type":"Feature","properties":{"name":"Urban Extension Road-II","highway":"trunk","policy":"truck entry 23:00-07:00 (CAQM/MCD rule)"},"geometry":{"type":"LineString","coordinates":[[77.03874,28.72242],[77.03866,28.72234],[77.03864,28.72232]]}},{"type":"Feature","properties":{"name":"Mehrauli Gurgaon Road","highway":"trunk","policy":"truck entry 23:00-07:00 (CAQM/MCD rule)"},"geometry":{"type":"LineString","coordinates":[[77.09485,28.48358],[77.09486,28.48368],[77.09493,28.48426]]}},{"type":"Feature","properties":{"name":"Outer Ring Road","highway":"trunk","policy":"truck entry 23:00-07:00 (CAQM/MCD rule)"},"geometry":{"type":"LineString","coordinates":[[77.09489,28.68017],[77.09483,28.67984],[77.09481,28.6797],[77.09479,28.67961]]}},{"type":"Feature","properties":{"name":"freight corridor","highway":"trunk","policy":"truck entry 23:00-07:00 (CAQM/MCD rule)"},"geometry":{"type":"LineString","coordinates":[[77.10313,28.53695],[77.10383,28.53676],[77.1046,28.5365],[77.10527,28.53626],[77.10627,28.53572]]}},{"type":"Feature","properties":{"name":"freight corridor","highway":"trunk","policy":"truck entry 23:00-07:00 (CAQM/MCD rule)"},"geometry":{"type":"LineString","coordinates":[[77.10819,28.53274],[77.10793,28.5327],[77.10718,28.53263],[77.10689,28.53258],[77.10671,28.53253],[77.10655,28.53249],[77.1063,28.53243],[77.10614,28.53239]]}},{"type":"Feature","properties":{"name":"NH248BB","highway":"trunk","policy":"truck entry 23:00-07:00 (CAQM/MCD rule)"},"geometry":{"type":"LineString","coordinates":[[77.09476,28.53766],[77.09519,28.53764],[77.09571,28.53764],[77.09677,28.53766]]}},{"type":"Feature","properties":{"name":"Nand Nagari Flyover","highway":"trunk","policy":"truck entry 23:00-07:00 (CAQM/MCD rule)"},"geometry":{"type":"LineString","coordinates":[[77.30494,28.6992],[77.30516,28.69918]]}},{"type":"Feature","properties":{"name":"Nand Nagari Flyover","highway":"trunk","policy":"truck entry 23:00-07:00 (CAQM/MCD rule)"},"geometry":{"type":"LineString","coordinates":[[77.30516,28.69918],[77.30551,28.69913]]}},{"type":"Feature","properties":{"name":"Mangolpuri Flyover","highway":"trunk","policy":"truck entry 23:00-07:00 (CAQM/MCD rule)"},"geometry":{"type":"LineString","coordinates":[[77.09715,28.69076],[77.09721,28.69083]]}},{"type":"Feature","properties":{"name":"Mangolpuri Flyover","highway":"trunk","policy":"truck entry 23:00-07:00 (CAQM/MCD rule)"},"geometry":{"type":"LineString","coordinates":[[77.09737,28.69084],[77.09728,28.69073]]}},{"type":"Feature","properties":{"name":"Barapullah Road Flyover","highway":"trunk","policy":"truck entry 23:00-07:00 (CAQM/MCD rule)"},"geometry":{"type":"LineString","coordinates":[[77.2276,28.57972],[77.22925,28.57965],[77.22963,28.57964]]}},{"type":"Feature","properties":{"name":"Barapullah Road Flyover","highway":"trunk","policy":"truck entry 23:00-07:00 (CAQM/MCD rule)"},"geometry":{"type":"LineString","coordinates":[[77.22819,28.5796],[77.22789,28.57961],[77.22778,28.57962],[77.2276,28.57962]]}},{"type":"Feature","properties":{"name":"freight corridor","highway":"trunk","policy":"truck entry 23:00-07:00 (CAQM/MCD rule)"},"geometry":{"type":"LineString","coordinates":[[77.20953,28.57295],[77.2094,28.57288]]}},{"type":"Feature","properties":{"name":"Delhi-Dehradun Expressway","highway":"trunk","policy":"truck entry 23:00-07:00 (CAQM/MCD rule)"},"geometry":{"type":"LineString","coordinates":[[77.27001,28.63488],[77.27004,28.6342],[77.27009,28.63338]]}},{"type":"Feature","properties":{"name":"Delhi-Dehradun Expressway","highway":"motorway","policy":"truck entry 23:00-07:00 (CAQM/MCD rule)"},"geometry":{"type":"LineString","coordinates":[[77.27,28.63523],[77.27001,28.63488]]}},{"type":"Feature","properties":{"name":"Delhi-Dehradun Expressway","highway":"motorway","policy":"truck entry 23:00-07:00 (CAQM/MCD rule)"},"geometry":{"type":"LineString","coordinates":[[77.26988,28.63473],[77.26986,28.63518]]}},{"type":"Feature","properties":{"name":"Mayur Vihar Flyover","highway":"trunk","policy":"truck entry 23:00-07:00 (CAQM/MCD rule)"},"geometry":{"type":"LineString","coordinates":[[77.29285,28.5956],[77.29283,28.59562],[77.29256,28.59608]]}},{"type":"Feature","properties":{"name":"Mayur Vihar Flyover","highway":"trunk","policy":"truck entry 23:00-07:00 (CAQM/MCD rule)"},"geometry":{"type":"LineString","coordinates":[[77.29274,28.59613],[77.293,28.59557]]}},{"type":"Feature","properties":{"name":"Delhi-Dehradun Expressway","highway":"trunk","policy":"truck entry 23:00-07:00 (CAQM/MCD rule)"},"geometry":{"type":"LineString","coordinates":[[77.27113,28.63165],[77.27129,28.6314]]}},{"type":"Feature","properties":{"name":"Delhi-Dehradun Expressway","highway":"trunk","policy":"truck entry 23:00-07:00 (CAQM/MCD rule)"},"geometry":{"type":"LineString","coordinates":[[77.2711,28.63171],[77.27113,28.63165]]}},{"type":"Feature","properties":{"name":"freight corridor","highway":"trunk","policy":"truck entry 23:00-07:00 (CAQM/MCD rule)"},"geometry":{"type":"LineString","coordinates":[[76.99728,28.44832],[76.99745,28.44804],[76.99777,28.44747],[76.9978,28.44739],[76.99786,28.44727],[76.9979,28.44721],[76.99828,28.44647]]}},{"type":"Feature","properties":{"name":"Rohtak Road","highway":"trunk","policy":"truck entry 23:00-07:00 (CAQM/MCD rule)"},"geometry":{"type":"LineString","coordinates":[[77.09476,28.6794],[77.09443,28.67944]]}},{"type":"Feature","properties":{"name":"Delhi - Amritsar - Katra Expressway","highway":"motorway","policy":"truck entry 23:00-07:00 (CAQM/MCD rule)"},"geometry":{"type":"LineString","coordinates":[[76.87575,28.79879],[76.8714,28.80152],[76.86912,28.80273]]}},{"type":"Feature","properties":{"name":"Delhi - Amritsar - Katra Expressway","highway":"motorway","policy":"truck entry 23:00-07:00 (CAQM/MCD rule)"},"geometry":{"type":"LineString","coordinates":[[76.87594,28.79867],[76.87575,28.79879]]}},{"type":"Feature","properties":{"name":"Delhi - Amritsar - Katra Expressway","highway":"motorway","policy":"truck entry 23:00-07:00 (CAQM/MCD rule)"},"geometry":{"type":"LineString","coordinates":[[76.87585,28.79899],[76.87604,28.79888]]}},{"type":"Feature","properties":{"name":"Delhi - Amritsar - Katra Expressway","highway":"motorway","policy":"truck entry 23:00-07:00 (CAQM/MCD rule)"},"geometry":{"type":"LineString","coordinates":[[76.86929,28.80298],[76.87585,28.79899]]}},{"type":"Feature","properties":{"name":"freight corridor","highway":"motorway","policy":"truck entry 23:00-07:00 (CAQM/MCD rule)"},"geometry":{"type":"LineString","coordinates":[[76.87913,28.78842],[76.87835,28.78845],[76.8776,28.78846],[76.87738,28.78846],[76.87717,28.78847],[76.87703,28.78847],[76.87633,28.78849],[76.87592,28.78858],[76.87563,28.7887],[76.87543,28.78883],[76.87527,28.78898],[76.87518,28.78909],[76.87507,28.78936],[76.87502,28.7896],[76.87503,28.78981],[76.87507,28.78998],[76.87517,28.79019],[76.87533,28.7904],[76.87555,28.79058],[76.87582,28.79072],[76.8761,28.79079],[76.8764,28.79081],[76.87674,28.79081],[76.87703,28.79081],[76.87734,28.7908],[76.87776,28.7909],[76.87799,28.791],[76.87817,28.79111],[76.87837,28.79126],[76.87855,28.79146],[76.87871,28.7917],[76.87883,28.79188],[76.87924,28.79241]]}},{"type":"Feature","properties":{"name":"freight corridor","highway":"motorway","policy":"truck entry 23:00-07:00 (CAQM/MCD rule)"},"geometry":{"type":"LineString","coordinates":[[76.88146,28.79558],[76.88366,28.79425],[76.88443,28.79377],[76.88461,28.79366],[76.88558,28.79306],[76.8859,28.79291],[76.8861,28.79283],[76.88625,28.79279],[76.88644,28.79275],[76.8867,28.79272],[76.88692,28.79272],[76.88714,28.79276],[76.88739,28.79282],[76.88775,28.79295],[76.88806,28.79308],[76.88827,28.79317],[76.88845,28.79324],[76.88865,28.79329],[76.88886,28.79331],[76.8891,28.7933],[76.88929,28.79327],[76.88943,28.79323],[76.88956,28.79318],[76.8897,28.79311],[76.88984,28.79303],[76.88998,28.79292],[76.89009,28.7928],[76.89017,28.7927],[76.89023,28.79261],[76.89029,28.7925],[76.89033,28.79238],[76.89036,28.79228],[76.89038,28.79212],[76.89039,28.792],[76.89037,28.79179],[76.89033,28.79163],[76.89025,28.79147],[76.89017,28.79133],[76.89006,28.79121],[76.88994,28.7911],[76.88982,28.79101],[76.88968,28.79093],[76.88945,28.79082],[76.88875,28.79054],[76.88799,28.79027],[76.88614,28.78957],[76.88457,28.78899],[76.88385,28.78876],[76.88342,28.78865],[76.88298,28.78856],[76.88262,28.78851],[76.88226,28.78847],[76.88172,28.78843],[76.88043,28.78841],[76.87975,28.78841],[76.87913,28.78842]]}},{"type":"Feature","properties":{"name":"freight corridor","highway":"motorway","policy":"truck entry 23:00-07:00 (CAQM/MCD rule)"},"geometry":{"type":"LineString","coordinates":[[76.87729,28.78869],[76.87735,28.78905],[76.87744,28.7893],[76.87747,28.78951],[76.87749,28.78972],[76.87747,28.78989],[76.87742,28.79005],[76.87729,28.79024],[76.87713,28.79041],[76.87697,28.79052],[76.87678,28.7906],[76.87658,28.79067],[76.87635,28.79069],[76.8761,28.79067],[76.87588,28.7906],[76.87569,28.79052],[76.87555,28.79043],[76.87544,28.79029],[76.87533,28.79012],[76.87529,28.78996],[76.87529,28.78978],[76.87535,28.78954],[76.87541,28.78937],[76.8755,28.7892],[76.87566,28.78897],[76.87581,28.78883],[76.87598,28.78872],[76.87624,28.78865],[76.87675,28.78859],[76.87723,28.78858],[76.87743,28.78858],[76.87774,28.78857],[76.87876,28.78855],[76.88022,28.78856],[76.88152,28.78856],[76.88209,28.78859],[76.8826,28.78866],[76.88314,28.78874],[76.88367,28.78888],[76.88419,28.78902],[76.88469,28.7892],[76.88516,28.7894],[76.88566,28.78959],[76.88605,28.78981],[76.88633,28.79004],[76.8865,28.79029],[76.8866,28.79053],[76.88666,28.79076],[76.88668,28.79106],[76.88663,28.79133],[76.88655,28.79155],[76.8864,28.79178],[76.8862,28.79202],[76.88589,28.79229],[76.88542,28.79267],[76.885,28.79298],[76.88443,28.79337],[76.88417,28.79354],[76.88342,28.79401],[76.88284,28.79437],[76.88183,28.79501],[76.8813,28.79535]]}},{"type":"Feature","properties":{"name":"Delhi-Dehradun Expressway","highway":"trunk","policy":"truck entry 23:00-07:00 (CAQM/MCD rule)"},"geometry":{"type":"LineString","coordinates":[[77.27502,28.62563],[77.27564,28.62473],[77.27601,28.62418],[77.27632,28.62373]]}},{"type":"Feature","properties":{"name":"Delhi\u2013Dehradun Expressway","highway":"trunk","policy":"truck entry 23:00-07:00 (CAQM/MCD rule)"},"geometry":{"type":"LineString","coordinates":[[77.265,28.6543],[77.26517,28.65423],[77.26528,28.65412],[77.26538,28.65398],[77.2658,28.65342],[77.26633,28.65273],[77.26666,28.6524],[77.26691,28.65211],[77.26726,28.65167],[77.26724,28.65157]]}},{"type":"Feature","properties":{"name":"Delhi-Dehradun Expressway","highway":"motorway","policy":"truck entry 23:00-07:00 (CAQM/MCD rule)"},"geometry":{"type":"LineString","coordinates":[[77.26391,28.65563],[77.2642,28.65529]]}},{"type":"Feature","properties":{"name":"Delhi-Dehradun Expressway","highway":"motorway","policy":"truck entry 23:00-07:00 (CAQM/MCD rule)"},"geometry":{"type":"LineString","coordinates":[[77.2676,28.6506],[77.26731,28.6509],[77.26716,28.65111],[77.26692,28.65142],[77.26652,28.65202],[77.26562,28.65324],[77.26479,28.65437],[77.26467,28.65453],[77.26458,28.65464],[77.26417,28.65509],[77.26407,28.65521]]}},{"type":"Feature","properties":{"name":"Delhi-Dehradun Expressway","highway":"motorway","policy":"truck entry 23:00-07:00 (CAQM/MCD rule)"},"geometry":{"type":"LineString","coordinates":[[77.26407,28.65521],[77.2638,28.65558]]}},{"type":"Feature","properties":{"name":"Delhi\u2013Dehradun Expressway","highway":"trunk","policy":"truck entry 23:00-07:00 (CAQM/MCD rule)"},"geometry":{"type":"LineString","coordinates":[[77.25597,28.67368],[77.25627,28.67472],[77.25638,28.67522],[77.25654,28.67591],[77.25663,28.67638],[77.25665,28.6769],[77.25661,28.67718],[77.25658,28.67737],[77.25616,28.67901],[77.25605,28.67957],[77.25594,28.68011],[77.25577,28.68081],[77.25539,28.68224],[77.25532,28.68251],[77.25507,28.68326],[77.25499,28.68348],[77.2549,28.68393],[77.25485,28.68415],[77.25476,28.68455],[77.25432,28.68624],[77.25418,28.68674],[77.25415,28.68682],[77.25393,28.68772],[77.25386,28.6882],[77.25384,28.68849],[77.25384,28.68883],[77.2539,28.68937],[77.25398,28.68992],[77.25409,28.6907],[77.25414,28.69115],[77.25421,28.69159],[77.25439,28.69303],[77.25453,28.69406],[77.25467,28.69503],[77.25479,28.69596],[77.25482,28.69616],[77.25487,28.69657],[77.25517,28.6987],[77.25528,28.69946],[77.25543,28.70045],[77.25563,28.70202],[77.25564,28.70208],[77.25577,28.70304],[77.25586,28.7039],[77.25586,28.70399],[77.25582,28.70413],[77.25576,28.70423],[77.25568,28.70433],[77.2556,28.70441]]}},{"type":"Feature","properties":{"name":"Rohtak Road","highway":"trunk","policy":"truck entry 23:00-07:00 (CAQM/MCD rule)"},"geometry":{"type":"LineString","coordinates":[[77.09446,28.67968],[77.09479,28.67961]]}},{"type":"Feature","properties":{"name":"Outer Ring Road","highway":"trunk","policy":"truck entry 23:00-07:00 (CAQM/MCD rule)"},"geometry":{"type":"LineString","coordinates":[[77.09479,28.67961],[77.09476,28.6794]]}},{"type":"Feature","properties":{"name":"Delhi-Dehradun Expressway","highway":"motorway","policy":"truck entry 23:00-07:00 (CAQM/MCD rule)"},"geometry":{"type":"LineString","coordinates":[[77.25618,28.70556],[77.25638,28.70708],[77.25647,28.70771],[77.25651,28.70804],[77.25656,28.70835],[77.25673,28.70951],[77.25702,28.71147],[77.25716,28.71253],[77.25723,28.71305],[77.25728,28.7134],[77.25728,28.71343]]}},{"type":"Feature","properties":{"name":"Delhi-Dehradun Expressway","highway":"motorway","policy":"truck entry 23:00-07:00 (CAQM/MCD rule)"},"geometry":{"type":"LineString","coordinates":[[77.25741,28.71342],[77.25714,28.71146],[77.25685,28.7095],[77.25668,28.70833],[77.25663,28.70802],[77.25659,28.7077],[77.2565,28.70707],[77.2563,28.70555]]}},{"type":"Feature","properties":{"name":"Delhi-Dehradun Expressway","highway":"motorway","policy":"truck entry 23:00-07:00 (CAQM/MCD rule)"},"geometry":{"type":"LineString","coordinates":[[77.25728,28.71343],[77.25732,28.71368],[77.25733,28.71383],[77.25739,28.71426],[77.25744,28.71461],[77.25747,28.71487],[77.25748,28.71493],[77.25765,28.71613]]}},{"type":"Feature","properties":{"name":"Delhi-Dehradun Expressway","highway":"motorway","policy":"truck entry 23:00-07:00 (CAQM/MCD rule)"},"geometry":{"type":"LineString","coordinates":[[77.25778,28.71612],[77.2576,28.71491],[77.25741,28.71342]]}},{"type":"Feature","properties":{"name":"Delhi-Dehradun Expressway","highway":"motorway","policy":"truck entry 23:00-07:00 (CAQM/MCD rule)"},"geometry":{"type":"LineString","coordinates":[[77.26626,28.74956],[77.26646,28.74983],[77.26649,28.74988],[77.26672,28.75023],[77.26687,28.75048],[77.26713,28.75087],[77.26736,28.75126],[77.26771,28.75186],[77.26794,28.75233],[77.26846,28.75356]]}},{"type":"Feature","properties":{"name":"Delhi-Dehradun Expressway","highway":"motorway","policy":"truck entry 23:00-07:00 (CAQM/MCD rule)"},"geometry":{"type":"LineString","coordinates":[[77.26067,28.73715],[77.26072,28.73742],[77.26086,28.73841],[77.2609,28.7387],[77.2609,28.73873],[77.26094,28.73912],[77.26094,28.73914],[77.26094,28.73944],[77.26094,28.73981],[77.26094,28.73997]]}},{"type":"Feature","properties":{"name":"Delhi-Dehradun Expressway","highway":"motorway","policy":"truck entry 23:00-07:00 (CAQM/MCD rule)"},"geometry":{"type":"LineString","coordinates":[[77.25401,28.68774],[77.25397,28.68792],[77.25397,28.68794],[77.25394,28.68811],[77.25392,28.6883],[77.25391,28.68849],[77.25391,28.68868],[77.25392,28.68887],[77.25395,28.68923],[77.25401,28.68962],[77.25405,28.68995],[77.2542,28.69094],[77.25436,28.69205],[77.2545,28.69305],[77.25461,28.69392],[77.25472,28.69475],[77.25489,28.69597],[77.25498,28.69662],[77.2551,28.69757],[77.25518,28.69811],[77.25522,28.69846],[77.25526,28.69872],[77.25532,28.6992],[77.2554,28.69974],[77.25543,28.69996],[77.25569,28.70192],[77.25578,28.70262],[77.25588,28.70333],[77.25595,28.70389],[77.25618,28.70556]]}},{"type":"Feature","properties":{"name":"Delhi-Dehradun Expressway","highway":"motorway","policy":"truck entry 23:00-07:00 (CAQM/MCD rule)"},"geometry":{"type":"LineString","coordinates":[[77.25543,28.66867],[77.25545,28.66898],[77.25547,28.66938]]}},{"type":"Feature","properties":{"name":"Delhi-Dehradun Expressway","highway":"motorway","policy":"truck entry 23:00-07:00 (CAQM/MCD rule)"},"geometry":{"type":"LineString","coordinates":[[77.25628,28.66373],[77.25615,28.66382],[77.25604,28.66391],[77.25603,28.66393],[77.25591,28.66403],[77.25589,28.66405],[77.2558,28.66415],[77.25572,28.66425],[77.25564,28.66435],[77.25557,28.66445],[77.25554,28.66449],[77.2555,28.66456],[77.25544,28.66468],[77.25539,28.66481],[77.25535,28.66491],[77.25534,28.66493],[77.2553,28.66506],[77.25527,28.66519],[77.25524,28.66533],[77.25524,28.66538],[77.25523,28.66547],[77.25523,28.66582],[77.25523,28.6659],[77.25531,28.66701],[77.2554,28.66822],[77.25543,28.66867]]}},{"type":"Feature","properties":{"name":"Delhi-Dehradun Expressway","highway":"motorway","policy":"truck entry 23:00-07:00 (CAQM/MCD rule)"},"geometry":{"type":"LineString","coordinates":[[77.25547,28.66938],[77.25548,28.66954],[77.2555,28.66987]]}},{"type":"Feature","properties":{"name":"Delhi-Dehradun Expressway","highway":"motorway","policy":"truck entry 23:00-07:00 (CAQM/MCD rule)"},"geometry":{"type":"LineString","coordinates":[[77.2558,28.6724],[77.25589,28.67282]]}},{"type":"Feature","properties":{"name":"Delhi-Dehradun Expressway","highway":"motorway","policy":"truck entry 23:00-07:00 (CAQM/MCD rule)"},"geometry":{"type":"LineString","coordinates":[[77.25589,28.67282],[77.25593,28.67302],[77.256,28.67334],[77.25606,28.67363],[77.25612,28.67386],[77.2562,28.67421],[77.25622,28.67428],[77.25627,28.67448],[77.25639,28.67492],[77.2565,28.67535],[77.25659,28.67566],[77.2567,28.67612],[77.25671,28.67614],[77.25673,28.67628],[77.25675,28.67642],[77.25675,28.67648],[77.25676,28.67656],[77.25676,28.67672],[77.25676,28.67678],[77.25676,28.67689],[77.25675,28.67706],[77.25673,28.67722],[77.2567,28.67739],[77.25667,28.67755]]}},{"type":"Feature","properties":{"name":"Delhi-Dehradun Expressway","highway":"motorway","policy":"truck entry 23:00-07:00 (CAQM/MCD rule)"},"geometry":{"type":"LineString","coordinates":[[77.26107,28.73996],[77.26107,28.73993],[77.26106,28.73957],[77.26106,28.73917],[77.26106,28.73912],[77.26102,28.73869],[77.26098,28.7384],[77.26084,28.73741],[77.26079,28.73714]]}},{"type":"Feature","properties":{"name":"Delhi-Dehradun Expressway","highway":"motorway","policy":"truck entry 23:00-07:00 (CAQM/MCD rule)"},"geometry":{"type":"LineString","coordinates":[[77.25413,28.68776],[77.25427,28.6872],[77.25434,28.68691],[77.25441,28.68664],[77.25448,28.68639],[77.25451,28.68629],[77.25457,28.68604],[77.25464,28.68579],[77.25464,28.68575],[77.25471,28.68548],[77.25502,28.6843],[77.25519,28.68364],[77.25529,28.68327],[77.25582,28.68122],[77.25594,28.68077],[77.25611,28.6801],[77.2563,28.67939],[77.25631,28.67936],[77.25645,28.67885],[77.25654,28.67851],[77.25657,28.67841],[77.25669,28.67796],[77.25675,28.67775],[77.25679,28.67757]]}},{"type":"Feature","properties":{"name":"Delhi-Dehradun Expressway","highway":"motorway","policy":"truck entry 23:00-07:00 (CAQM/MCD rule)"},"geometry":{"type":"LineString","coordinates":[[77.25679,28.67757],[77.25681,28.67749],[77.25683,28.6774],[77.25685,28.67723],[77.25687,28.67706],[77.25688,28.67689],[77.25689,28.67672],[77.25688,28.67655],[77.25687,28.67641],[77.25685,28.67626],[77.25683,28.67612],[77.25651,28.67489],[77.25634,28.67425],[77.25624,28.67384],[77.25618,28.67361],[77.25612,28.67332],[77.25605,28.673],[77.25604,28.67294],[77.25601,28.6728]]}},{"type":"Feature","properties":{"name":"Delhi-Dehradun Expressway","highway":"motorway","policy":"truck entry 23:00-07:00 (CAQM/MCD rule)"},"geometry":{"type":"LineString","coordinates":[[77.25556,28.66867],[77.25552,28.66821],[77.25543,28.667],[77.25542,28.6668],[77.2554,28.66645],[77.25537,28.66614],[77.25536,28.66589],[77.25535,28.66581],[77.25535,28.66548],[77.25536,28.66539],[77.25537,28.66535],[77.25539,28.66521],[77.25542,28.66508],[77.25546,28.66496],[77.25546,28.66494],[77.2555,28.66484],[77.25555,28.66472],[77.25561,28.66461],[77.25565,28.66454],[77.25567,28.66451],[77.25574,28.66441],[77.25582,28.66431],[77.2559,28.66422],[77.25598,28.66412],[77.256,28.66411],[77.25611,28.664],[77.2562,28.66393],[77.25623,28.6639],[77.25636,28.66381]]}},{"type":"Feature","properties":{"name":"Delhi-Dehradun Expressway","highway":"trunk","policy":"truck entry 23:00-07:00 (CAQM/MCD rule)"},"geometry":{"type":"LineString","coordinates":[[77.27129,28.6314],[77.27134,28.63132],[77.27138,28.63123],[77.27141,28.63114],[77.27144,28.63105],[77.27146,28.63095],[77.27148,28.63086],[77.27149,28.63076],[77.27149,28.63067],[77.27148,28.63057],[77.27139,28.62921],[77.2714,28.62887]]}},{"type":"Feature","properties":{"name":"Delhi-Dehradun Expressway","highway":"trunk","policy":"truck entry 23:00-07:00 (CAQM/MCD rule)"},"geometry":{"type":"LineString","coordinates":[[77.27128,28.62872],[77.27128,28.62887],[77.27128,28.62922],[77.27137,28.63057],[77.27137,28.63066],[77.27136,28.63075],[77.27135,28.63083],[77.27133,28.63095],[77.2713,28.63106],[77.27126,28.63116],[77.27121,28.63127]]}},{"type":"Feature","properties":{"name":"Delhi-Dehradun Expressway","highway":"trunk","policy":"truck entry 23:00-07:00 (CAQM/MCD rule)"},"geometry":{"type":"LineString","coordinates":[[77.26993,28.63366],[77.26992,28.63387],[77.26988,28.63473]]}},{"type":"Feature","properties":{"name":"Delhi-Dehradun Expressway","highway":"trunk","policy":"truck entry 23:00-07:00 (CAQM/MCD rule)"},"geometry":{"type":"LineString","coordinates":[[77.27121,28.63127],[77.2701,28.63294],[77.27006,28.633],[77.27002,28.63307],[77.26999,28.63314],[77.26997,28.63321],[77.26995,28.63329],[77.26995,28.63337],[77.26993,28.63366]]}},{"type":"Feature","properties":{"name":"Delhi-Dehradun Expressway","highway":"motorway","policy":"truck entry 23:00-07:00 (CAQM/MCD rule)"},"geometry":{"type":"LineString","coordinates":[[77.26867,28.64642],[77.26859,28.6472],[77.26858,28.64729],[77.26848,28.6482],[77.26844,28.64867],[77.26842,28.64888],[77.26827,28.64945],[77.26807,28.6499],[77.2676,28.6506]]}},{"type":"Feature","properties":{"name":"Delhi\u2013Dehradun Expressway","highway":"trunk","policy":"truck entry 23:00-07:00 (CAQM/MCD rule)"},"geometry":{"type":"LineString","coordinates":[[77.2676,28.6506],[77.26745,28.65085],[77.26701,28.65146],[77.26673,28.65184],[77.26652,28.65202]]}},{"type":"Feature","properties":{"name":"Delhi-Dehradun Expressway","highway":"motorway","policy":"truck entry 23:00-07:00 (CAQM/MCD rule)"},"geometry":{"type":"LineString","coordinates":[[77.2642,28.65529],[77.26469,28.6547],[77.26479,28.65459]]}},{"type":"Feature","properties":{"name":"Delhi-Dehradun Expressway","highway":"trunk","policy":"truck entry 23:00-07:00 (CAQM/MCD rule)"},"geometry":{"type":"LineString","coordinates":[[77.27009,28.63338],[77.2701,28.63331],[77.27012,28.63324],[77.27015,28.63317],[77.27018,28.63312],[77.27022,28.63307],[77.27026,28.63302],[77.2711,28.63171]]}},{"type":"Feature","properties":{"name":"Delhi\u2013Saharanpur\u2013Dehradun Expressway","highway":"trunk","policy":"truck entry 23:00-07:00 (CAQM/MCD rule)"},"geometry":{"type":"LineString","coordinates":[[77.2823,28.76674],[77.28242,28.76616]]}},{"type":"Feature","properties":{"name":"Delhi\u2013Saharanpur\u2013Dehradun Expressway","highway":"trunk","policy":"truck entry 23:00-07:00 (CAQM/MCD rule)"},"geometry":{"type":"LineString","coordinates":[[77.28076,28.772],[77.28108,28.77128],[77.28117,28.77097],[77.28199,28.76787],[77.2823,28.76674]]}},{"type":"Feature","properties":{"name":"Delhi-Dehradun Expressway","highway":"motorway","policy":"truck entry 23:00-07:00 (CAQM/MCD rule)"},"geometry":{"type":"LineString","coordinates":[[77.27857,28.78042],[77.27858,28.78038],[77.27969,28.77636],[77.2797,28.7763],[77.27986,28.77567],[77.27996,28.77529],[77.28002,28.775],[77.28011,28.77462],[77.28019,28.77427],[77.28024,28.77407],[77.28039,28.77341],[77.28039,28.77339],[77.28055,28.77281],[77.28066,28.77239],[77.28076,28.772],[77.28086,28.77163],[77.28116,28.7705],[77.28123,28.77027],[77.28127,28.77009],[77.28137,28.76976],[77.28143,28.76952],[77.28147,28.76938],[77.28147,28.76935],[77.28149,28.76923],[77.2815,28.76909],[77.28151,28.76895],[77.28151,28.76881],[77.2815,28.76867],[77.28149,28.76862],[77.28147,28.76854],[77.28144,28.76841],[77.28141,28.7683],[77.2814,28.76828],[77.28136,28.76815],[77.28131,28.76803],[77.28125,28.76792],[77.28124,28.76791],[77.28117,28.7678]]}},{"type":"Feature","properties":{"name":"Delhi-Dehradun Expressway","highway":"motorway","policy":"truck entry 23:00-07:00 (CAQM/MCD rule)"},"geometry":{"type":"LineString","coordinates":[[77.26991,28.75551],[77.26972,28.75522],[77.26958,28.75502],[77.26951,28.75491],[77.26942,28.75477],[77.26902,28.75415],[77.26894,28.75401],[77.26866,28.75351]]}},{"type":"Feature","properties":{"name":"Delhi-Dehradun Expressway","highway":"motorway","policy":"truck entry 23:00-07:00 (CAQM/MCD rule)"},"geometry":{"type":"LineString","coordinates":[[77.26846,28.75356],[77.26871,28.75402],[77.26893,28.75436],[77.26933,28.755],[77.26971,28.75558]]}},{"type":"Feature","properties":{"name":"freight corridor","highway":"trunk","policy":"truck entry 23:00-07:00 (CAQM/MCD rule)"},"geometry":{"type":"LineString","coordinates":[[77.27368,28.8068],[77.27387,28.80649],[77.27413,28.80518],[77.27419,28.80484],[77.27426,28.80448],[77.27428,28.80441]]}},{"type":"Feature","properties":{"name":"freight corridor","highway":"trunk","policy":"truck entry 23:00-07:00 (CAQM/MCD rule)"},"geometry":{"type":"LineString","coordinates":[[77.27405,28.8037],[77.27404,28.80374],[77.27398,28.80402],[77.27396,28.80412],[77.27386,28.80531]]}},{"type":"Feature","properties":{"name":"freight corridor","highway":"trunk","policy":"truck entry 23:00-07:00 (CAQM/MCD rule)"},"geometry":{"type":"LineString","coordinates":[[77.27477,28.80207],[77.27494,28.80123],[77.27496,28.80112],[77.27513,28.79964]]}},{"type":"Feature","properties":{"name":"freight corridor","highway":"trunk","policy":"truck entry 23:00-07:00 (CAQM/MCD rule)"},"geometry":{"type":"LineString","coordinates":[[77.27537,28.79785],[77.27509,28.79856],[77.27465,28.80076],[77.27458,28.80111],[77.27451,28.80147],[77.27443,28.80191]]}},{"type":"Feature","properties":{"name":"Delhi-Dehradun Expressway","highway":"motorway","policy":"truck entry 23:00-07:00 (CAQM/MCD rule)"},"geometry":{"type":"LineString","coordinates":[[77.25066,28.87432],[77.25253,28.87001],[77.25314,28.86862],[77.25577,28.86266],[77.25647,28.86115],[77.25688,28.86024],[77.25781,28.85823],[77.25853,28.85668],[77.25862,28.85643],[77.25884,28.85574],[77.2591,28.85493],[77.25927,28.85426],[77.25971,28.85282],[77.25978,28.8526],[77.25992,28.85227],[77.26014,28.85184],[77.26059,28.85122],[77.26106,28.85062],[77.26125,28.85029],[77.26141,28.84999],[77.26156,28.84954],[77.26189,28.84857],[77.26254,28.84659],[77.26289,28.84554],[77.26329,28.84433],[77.26366,28.8432],[77.26432,28.84112],[77.26483,28.83954],[77.26521,28.83837],[77.26553,28.83738],[77.2659,28.83616],[77.26613,28.83545],[77.2665,28.83431],[77.26714,28.83234],[77.26722,28.8321],[77.26751,28.83117],[77.26784,28.83012],[77.26823,28.82892],[77.26888,28.82693],[77.26934,28.82559],[77.26975,28.82435],[77.27011,28.82325],[77.27044,28.82227],[77.27054,28.82195],[77.27064,28.82168],[77.27072,28.82146],[77.27082,28.82125],[77.27092,28.82103],[77.27103,28.82079],[77.27114,28.82058],[77.27124,28.82035],[77.27128,28.82026],[77.27176,28.81944],[77.2719,28.81921],[77.27266,28.81785],[77.27322,28.81689],[77.27336,28.81664],[77.27345,28.81648],[77.27347,28.81646],[77.27357,28.81624],[77.27373,28.81592],[77.27373,28.81591],[77.27378,28.81579],[77.27383,28.81566],[77.27386,28.81556],[77.27388,28.81548],[77.2739,28.81541],[77.27392,28.81531],[77.27393,28.81521],[77.27394,28.81513],[77.27396,28.81497],[77.27397,28.8148],[77.27397,28.81478],[77.27397,28.81464],[77.27397,28.81448],[77.27396,28.81442],[77.27395,28.81429],[77.27393,28.8141],[77.27392,28.81407],[77.27389,28.81392],[77.27368,28.81273],[77.27343,28.81138],[77.27325,28.81035],[77.27323,28.81025],[77.27322,28.81015],[77.2732,28.80995],[77.27319,28.80989],[77.27319,28.80975],[77.27319,28.80955],[77.27319,28.80935],[77.27321,28.80918],[77.27321,28.80915],[77.27323,28.80902],[77.27326,28.80885],[77.27329,28.80871],[77.27329,28.80869],[77.27337,28.80832],[77.27344,28.808],[77.27367,28.80686],[77.27368,28.8068],[77.27389,28.80579],[77.27409,28.80477],[77.27432,28.80364],[77.27467,28.80191],[77.27474,28.80157],[77.27477,28.80143],[77.27481,28.80121],[77.27513,28.79964],[77.27534,28.79862],[77.2754,28.79832],[77.27541,28.79825],[77.27549,28.79787],[77.27554,28.79767],[77.27568,28.797],[77.2758,28.79639],[77.27585,28.79615],[77.27624,28.79424],[77.27629,28.79399],[77.27643,28.79322],[77.27652,28.79273],[77.27666,28.79189],[77.2767,28.79162],[77.27687,28.7906],[77.2769,28.79039],[77.27713,28.78899],[77.27729,28.78803],[77.27752,28.78665],[77.27767,28.78572],[77.27795,28.78401],[77.27798,28.7838],[77.27804,28.78348],[77.27806,28.78334],[77.27813,28.78292],[77.27818,28.78261],[77.27827,28.78204],[77.27841,28.78112],[77.27841,28.78111],[77.27849,28.78075],[77.27857,28.78042]]}},{"type":"Feature","properties":{"name":"Delhi-Dehradun Expressway","highway":"motorway","policy":"truck entry 23:00-07:00 (CAQM/MCD rule)"},"geometry":{"type":"LineString","coordinates":[[77.28107,28.76785],[77.28113,28.76796],[77.28119,28.76807],[77.28121,28.76812],[77.28124,28.76819],[77.28129,28.76831],[77.28132,28.76843],[77.28133,28.76845],[77.28135,28.76856],[77.28137,28.76868],[77.28138,28.76876],[77.28139,28.76881],[77.28139,28.76895],[77.28138,28.76908],[77.28137,28.7692],[77.28137,28.76922],[77.28134,28.76936],[77.28131,28.7695],[77.28131,28.76952],[77.28121,28.76986],[77.28111,28.77024],[77.28104,28.77049],[77.281,28.77064],[77.28027,28.77337],[77.28025,28.77348],[77.28007,28.77425],[77.27989,28.77502],[77.27984,28.77527],[77.27975,28.77562],[77.27958,28.77628],[77.27955,28.7764],[77.27863,28.77972],[77.27845,28.78039]]}},{"type":"Feature","properties":{"name":"Loni Road","highway":"trunk","policy":"truck entry 23:00-07:00 (CAQM/MCD rule)"},"geometry":{"type":"LineString","coordinates":[[77.24865,28.87859],[77.24843,28.87876],[77.24816,28.8792],[77.2476,28.88023],[77.24678,28.88177],[77.2462,28.8829],[77.24589,28.88353],[77.24586,28.88372],[77.24583,28.88392],[77.24582,28.88399],[77.24581,28.88412],[77.2458,28.88432],[77.2458,28.88452],[77.2458,28.88471],[77.24578,28.88492],[77.24577,28.88521]]}},{"type":"Feature","properties":{"name":"Delhi-Dehradun Expressway","highway":"motorway","policy":"truck entry 23:00-07:00 (CAQM/MCD rule)"},"geometry":{"type":"LineString","coordinates":[[77.24865,28.87859],[77.24795,28.88005],[77.24662,28.88279],[77.24657,28.88289]]}},{"type":"Feature","properties":{"name":"Delhi-Dehradun Expressway","highway":"motorway","policy":"truck entry 23:00-07:00 (CAQM/MCD rule)"},"geometry":{"type":"LineString","coordinates":[[77.24668,28.88293],[77.24677,28.88275],[77.24748,28.88139],[77.24806,28.88017],[77.24859,28.87906],[77.24884,28.87851]]}},{"type":"Feature","properties":{"name":"Loni Road","highway":"trunk","policy":"truck entry 23:00-07:00 (CAQM/MCD rule)"},"geometry":{"type":"LineString","coordinates":[[77.25047,28.87475],[77.25062,28.87464],[77.25096,28.87388],[77.25168,28.87224],[77.25218,28.87113]]}},{"type":"Feature","properties":{"name":"Delhi-Dehradun Expressway","highway":"motorway","policy":"truck entry 23:00-07:00 (CAQM/MCD rule)"},"geometry":{"type":"LineString","coordinates":[[77.25054,28.87429],[77.25035,28.87472]]}},{"type":"Feature","properties":{"name":"Delhi-Dehradun Expressway","highway":"motorway","policy":"truck entry 23:00-07:00 (CAQM/MCD rule)"},"geometry":{"type":"LineString","coordinates":[[77.25047,28.87475],[77.25066,28.87432]]}},{"type":"Feature","properties":{"name":"Delhi-Dehradun Expressway","highway":"motorway","policy":"truck entry 23:00-07:00 (CAQM/MCD rule)"},"geometry":{"type":"LineString","coordinates":[[77.24884,28.87851],[77.24906,28.878],[77.24922,28.87765],[77.25035,28.87503],[77.25042,28.87487],[77.25047,28.87475]]}},{"type":"Feature","properties":{"name":"Delhi-Dehradun Expressway","highway":"motorway","policy":"truck entry 23:00-07:00 (CAQM/MCD rule)"},"geometry":{"type":"LineString","coordinates":[[77.25035,28.87472],[77.24988,28.8758],[77.24865,28.87859]]}},{"type":"Feature","properties":{"name":"Delhi\u2013Dehradun Expressway","highway":"trunk","policy":"truck entry 23:00-07:00 (CAQM/MCD rule)"},"geometry":{"type":"LineString","coordinates":[[77.25575,28.67284],[77.25577,28.67293],[77.2559,28.67341],[77.25597,28.67368]]}},{"type":"Feature","properties":{"name":"Delhi\u2013Dehradun Expressway","highway":"trunk","policy":"truck entry 23:00-07:00 (CAQM/MCD rule)"},"geometry":{"type":"LineString","coordinates":[[77.25569,28.66749],[77.2557,28.66775],[77.25565,28.66795],[77.25558,28.66814],[77.25549,28.66825],[77.25527,28.66853],[77.25528,28.6686],[77.25529,28.66867],[77.2553,28.66905],[77.25534,28.66989],[77.25537,28.67048],[77.25542,28.67113],[77.25542,28.67117],[77.25545,28.67133],[77.25553,28.67184],[77.25567,28.67248],[77.25575,28.67284]]}},{"type":"Feature","properties":{"name":"Mahatma Gandhi Marg","highway":"trunk","policy":"truck entry 23:00-07:00 (CAQM/MCD rule)"},"geometry":{"type":"LineString","coordinates":[[77.2314,28.67071],[77.23113,28.67157],[77.23107,28.67177],[77.23101,28.67194],[77.23092,28.67229],[77.23091,28.67233]]}},{"type":"Feature","properties":{"name":"Mahatma Gandhi Marg","highway":"trunk","policy":"truck entry 23:00-07:00 (CAQM/MCD rule)"},"geometry":{"type":"LineString","coordinates":[[77.23162,28.6701],[77.2314,28.67071]]}},{"type":"Feature","properties":{"name":"freight corridor","highway":"trunk","policy":"truck entry 23:00-07:00 (CAQM/MCD rule)"},"geometry":{"type":"LineString","coordinates":[[77.27428,28.80441],[77.27447,28.80342],[77.27464,28.80307]]}},{"type":"Feature","properties":{"name":"freight corridor","highway":"trunk","policy":"truck entry 23:00-07:00 (CAQM/MCD rule)"},"geometry":{"type":"LineString","coordinates":[[77.27418,28.8029],[77.27415,28.80324],[77.27412,28.80337],[77.27405,28.8037]]}},{"type":"Feature","properties":{"name":"freight corridor","highway":"trunk","policy":"truck entry 23:00-07:00 (CAQM/MCD rule)"},"geometry":{"type":"LineString","coordinates":[[77.27477,28.80241],[77.27474,28.80222],[77.27477,28.80207]]}},{"type":"Feature","properties":{"name":"freight corridor","highway":"trunk","policy":"truck entry 23:00-07:00 (CAQM/MCD rule)"},"geometry":{"type":"LineString","coordinates":[[77.27443,28.80191],[77.27427,28.80241]]}},{"type":"Feature","properties":{"name":"Delhi-Gurugram Expressway","highway":"motorway","policy":"truck entry 23:00-07:00 (CAQM/MCD rule)"},"geometry":{"type":"LineString","coordinates":[[77.09314,28.51409],[77.09344,28.51461],[77.0944,28.51611]]}},{"type":"Feature","properties":{"name":"Delhi-Gurugram Expressway","highway":"motorway","policy":"truck entry 23:00-07:00 (CAQM/MCD rule)"},"geometry":{"type":"LineString","coordinates":[[77.09474,28.50862],[77.09494,28.50805],[77.09508,28.5076],[77.09515,28.50713],[77.09516,28.5067]]}},{"type":"Feature","properties":{"name":"ITO Flyover","highway":"trunk","policy":"truck entry 23:00-07:00 (CAQM/MCD rule)"},"geometry":{"type":"LineString","coordinates":[[77.2469,28.63076],[77.24692,28.62882]]}},{"type":"Feature","properties":{"name":"DND KMP Expressway","highway":"trunk","policy":"truck entry 23:00-07:00 (CAQM/MCD rule)"},"geometry":{"type":"LineString","coordinates":[[77.31723,28.46312],[77.31716,28.46348]]}},{"type":"Feature","properties":{"name":"DND KMP Expressway","highway":"trunk","policy":"truck entry 23:00-07:00 (CAQM/MCD rule)"},"geometry":{"type":"LineString","coordinates":[[77.3173,28.4635],[77.31736,28.46313]]}},{"type":"Feature","properties":{"name":"DND KMP Expressway","highway":"trunk","policy":"truck entry 23:00-07:00 (CAQM/MCD rule)"},"geometry":{"type":"LineString","coordinates":[[77.31736,28.46313],[77.31756,28.46219],[77.31782,28.46116],[77.31837,28.45922],[77.31872,28.45797],[77.31894,28.45704]]}},{"type":"Feature","properties":{"name":"DND KMP Expressway","highway":"trunk","policy":"truck entry 23:00-07:00 (CAQM/MCD rule)"},"geometry":{"type":"LineString","coordinates":[[77.31882,28.45704],[77.31825,28.45916],[77.3177,28.46114],[77.31742,28.46217],[77.31723,28.46312]]}},{"type":"Feature","properties":{"name":"DND KMP Expressway","highway":"trunk","policy":"truck entry 23:00-07:00 (CAQM/MCD rule)"},"geometry":{"type":"LineString","coordinates":[[77.31666,28.47058],[77.31658,28.47131]]}},{"type":"Feature","properties":{"name":"DND KMP Expressway","highway":"trunk","policy":"truck entry 23:00-07:00 (CAQM/MCD rule)"},"geometry":{"type":"LineString","coordinates":[[77.31673,28.47131],[77.31681,28.4706]]}},{"type":"Feature","properties":{"name":"DND KMP Expressway","highway":"trunk","policy":"truck entry 23:00-07:00 (CAQM/MCD rule)"},"geometry":{"type":"LineString","coordinates":[[77.31606,28.47775],[77.31644,28.4738],[77.31673,28.47131]]}},{"type":"Feature","properties":{"name":"DND KMP Expressway","highway":"trunk","policy":"truck entry 23:00-07:00 (CAQM/MCD rule)"},"geometry":{"type":"LineString","coordinates":[[77.31658,28.47131],[77.3163,28.47379],[77.31591,28.47774]]}},{"type":"Feature","properties":{"name":"DND KMP Expressway","highway":"trunk","policy":"truck entry 23:00-07:00 (CAQM/MCD rule)"},"geometry":{"type":"LineString","coordinates":[[77.31591,28.47774],[77.31588,28.47834],[77.31594,28.47894],[77.31611,28.47952],[77.31634,28.48004],[77.31659,28.48049]]}},{"type":"Feature","properties":{"name":"DND KMP Expressway","highway":"trunk","policy":"truck entry 23:00-07:00 (CAQM/MCD rule)"},"geometry":{"type":"LineString","coordinates":[[77.31675,28.48047],[77.31648,28.48],[77.31622,28.47947],[77.31606,28.47892],[77.31602,28.47834],[77.31606,28.47775]]}},{"type":"Feature","properties":{"name":"DND KMP Expressway","highway":"trunk","policy":"truck entry 23:00-07:00 (CAQM/MCD rule)"},"geometry":{"type":"LineString","coordinates":[[77.31934,28.45431],[77.31933,28.45466],[77.31931,28.45495],[77.31918,28.45556],[77.31895,28.45653]]}},{"type":"Feature","properties":{"name":"DND KMP Expressway","highway":"trunk","policy":"truck entry 23:00-07:00 (CAQM/MCD rule)"},"geometry":{"type":"LineString","coordinates":[[77.31894,28.45704],[77.31908,28.4565]]}},{"type":"Feature","properties":{"name":"DND KMP Expressway","highway":"trunk","policy":"truck entry 23:00-07:00 (CAQM/MCD rule)"},"geometry":{"type":"LineString","coordinates":[[77.31895,28.45653],[77.31882,28.45704]]}},{"type":"Feature","properties":{"name":"DND KMP Expressway","highway":"trunk","policy":"truck entry 23:00-07:00 (CAQM/MCD rule)"},"geometry":{"type":"LineString","coordinates":[[77.31908,28.4565],[77.31931,28.45559],[77.31943,28.45499],[77.31947,28.45468],[77.31949,28.45432]]}},{"type":"Feature","properties":{"name":"DND KMP Expressway","highway":"trunk","policy":"truck entry 23:00-07:00 (CAQM/MCD rule)"},"geometry":{"type":"LineString","coordinates":[[77.31921,28.44952],[77.31932,28.44923],[77.31943,28.44897]]}},{"type":"Feature","properties":{"name":"DND KMP Expressway","highway":"trunk","policy":"truck entry 23:00-07:00 (CAQM/MCD rule)"},"geometry":{"type":"LineString","coordinates":[[77.31949,28.45432],[77.31946,28.4537],[77.31939,28.45309],[77.31932,28.45248],[77.31915,28.45127],[77.31909,28.45067],[77.31909,28.45047],[77.3191,28.45009],[77.31914,28.44984],[77.31921,28.44952]]}},{"type":"Feature","properties":{"name":"DND KMP Expressway","highway":"trunk","policy":"truck entry 23:00-07:00 (CAQM/MCD rule)"},"geometry":{"type":"LineString","coordinates":[[77.31932,28.44893],[77.31921,28.44917],[77.31908,28.44949]]}},{"type":"Feature","properties":{"name":"DND KMP Expressway","highway":"trunk","policy":"truck entry 23:00-07:00 (CAQM/MCD rule)"},"geometry":{"type":"LineString","coordinates":[[77.32406,28.43867],[77.32386,28.43936]]}},{"type":"Feature","properties":{"name":"DND KMP Expressway","highway":"trunk","policy":"truck entry 23:00-07:00 (CAQM/MCD rule)"},"geometry":{"type":"LineString","coordinates":[[77.32399,28.4394],[77.32418,28.4387]]}},{"type":"Feature","properties":{"name":"DND KMP Expressway","highway":"trunk","policy":"truck entry 23:00-07:00 (CAQM/MCD rule)"},"geometry":{"type":"LineString","coordinates":[[77.32305,28.44281],[77.3236,28.44084],[77.32399,28.4394]]}},{"type":"Feature","properties":{"name":"DND KMP Expressway","highway":"trunk","policy":"truck entry 23:00-07:00 (CAQM/MCD rule)"},"geometry":{"type":"LineString","coordinates":[[77.32386,28.43936],[77.32346,28.44081],[77.32293,28.44276]]}},{"type":"Feature","properties":{"name":"DND KMP Expressway","highway":"trunk","policy":"truck entry 23:00-07:00 (CAQM/MCD rule)"},"geometry":{"type":"LineString","coordinates":[[77.32709,28.42908],[77.32733,28.42835]]}},{"type":"Feature","properties":{"name":"DND KMP Expressway","highway":"trunk","policy":"truck entry 23:00-07:00 (CAQM/MCD rule)"},"geometry":{"type":"LineString","coordinates":[[77.32718,28.42834],[77.32695,28.42904]]}},{"type":"Feature","properties":{"name":"DND KMP Expressway","highway":"trunk","policy":"truck entry 23:00-07:00 (CAQM/MCD rule)"},"geometry":{"type":"LineString","coordinates":[[77.32913,28.42169],[77.32866,28.42342],[77.3279,28.42609],[77.32754,28.42732],[77.32718,28.42834]]}},{"type":"Feature","properties":{"name":"DND KMP Expressway","highway":"trunk","policy":"truck entry 23:00-07:00 (CAQM/MCD rule)"},"geometry":{"type":"LineString","coordinates":[[77.32733,28.42835],[77.32767,28.42733],[77.32803,28.42612],[77.32879,28.42346],[77.32926,28.42172]]}},{"type":"Feature","properties":{"name":"DND KMP Expressway","highway":"trunk","policy":"truck entry 23:00-07:00 (CAQM/MCD rule)"},"geometry":{"type":"LineString","coordinates":[[77.32946,28.42037],[77.32913,28.42169]]}},{"type":"Feature","properties":{"name":"DND KMP Expressway","highway":"trunk","policy":"truck entry 23:00-07:00 (CAQM/MCD rule)"},"geometry":{"type":"LineString","coordinates":[[77.32926,28.42172],[77.32941,28.42108],[77.32959,28.4204]]}},{"type":"Feature","properties":{"name":"DND KMP Expressway","highway":"trunk","policy":"truck entry 23:00-07:00 (CAQM/MCD rule)"},"geometry":{"type":"LineString","coordinates":[[77.33053,28.41657],[77.33017,28.41789],[77.32982,28.41911],[77.32946,28.42037]]}},{"type":"Feature","properties":{"name":"DND KMP Expressway","highway":"trunk","policy":"truck entry 23:00-07:00 (CAQM/MCD rule)"},"geometry":{"type":"LineString","coordinates":[[77.32959,28.4204],[77.32995,28.41914],[77.33065,28.41665]]}},{"type":"Feature","properties":{"name":"DND KMP Expressway","highway":"trunk","policy":"truck entry 23:00-07:00 (CAQM/MCD rule)"},"geometry":{"type":"LineString","coordinates":[[77.33065,28.41665],[77.33092,28.41563],[77.33119,28.41473],[77.33135,28.41417]]}},{"type":"Feature","properties":{"name":"DND KMP Expressway","highway":"trunk","policy":"truck entry 23:00-07:00 (CAQM/MCD rule)"},"geometry":{"type":"LineString","coordinates":[[77.33111,28.41451],[77.33109,28.41461],[77.33106,28.4147],[77.33084,28.41546],[77.33063,28.41623],[77.33053,28.41657]]}},{"type":"Feature","properties":{"name":"DND KMP Expressway","highway":"trunk","policy":"truck entry 23:00-07:00 (CAQM/MCD rule)"},"geometry":{"type":"LineString","coordinates":[[77.33135,28.41417],[77.332,28.41187],[77.33226,28.41099]]}},{"type":"Feature","properties":{"name":"DND KMP Expressway","highway":"trunk","policy":"truck entry 23:00-07:00 (CAQM/MCD rule)"},"geometry":{"type":"LineString","coordinates":[[77.33213,28.41097],[77.33188,28.41183],[77.33131,28.41383],[77.33111,28.41451]]}},{"type":"Feature","properties":{"name":"DND KMP Expressway","highway":"trunk","policy":"truck entry 23:00-07:00 (CAQM/MCD rule)"},"geometry":{"type":"LineString","coordinates":[[77.33233,28.41028],[77.33213,28.41097]]}},{"type":"Feature","properties":{"name":"DND KMP Expressway","highway":"trunk","policy":"truck entry 23:00-07:00 (CAQM/MCD rule)"},"geometry":{"type":"LineString","coordinates":[[77.33226,28.41099],[77.33245,28.4103]]}},{"type":"Feature","properties":{"name":"DND KMP Expressway","highway":"trunk","policy":"truck entry 23:00-07:00 (CAQM/MCD rule)"},"geometry":{"type":"LineString","coordinates":[[77.33245,28.4103],[77.33293,28.40852],[77.33339,28.40695],[77.3337,28.40584],[77.3345,28.40309]]}},{"type":"Feature","properties":{"name":"DND KMP Expressway","highway":"trunk","policy":"truck entry 23:00-07:00 (CAQM/MCD rule)"},"geometry":{"type":"LineString","coordinates":[[77.33447,28.40271],[77.33437,28.40306]]}},{"type":"Feature","properties":{"name":"DND KMP Expressway","highway":"trunk","policy":"truck entry 23:00-07:00 (CAQM/MCD rule)"},"geometry":{"type":"LineString","coordinates":[[77.33437,28.40306],[77.33426,28.40348],[77.33347,28.40622],[77.33319,28.40717],[77.33233,28.41028]]}},{"type":"Feature","properties":{"name":"DND KMP Expressway","highway":"trunk","policy":"truck entry 23:00-07:00 (CAQM/MCD rule)"},"geometry":{"type":"LineString","coordinates":[[77.3345,28.40309],[77.3346,28.40274]]}},{"type":"Feature","properties":{"name":"DND KMP Expressway","highway":"trunk","policy":"truck entry 23:00-07:00 (CAQM/MCD rule)"},"geometry":{"type":"LineString","coordinates":[[77.3346,28.40274],[77.33505,28.4011],[77.33528,28.40024],[77.3355,28.39938],[77.33571,28.39867],[77.3359,28.39792],[77.33603,28.397],[77.33607,28.39651]]}},{"type":"Feature","properties":{"name":"Bahadurgarh Bypass","highway":"trunk","policy":"truck entry 23:00-07:00 (CAQM/MCD rule)"},"geometry":{"type":"LineString","coordinates":[[76.92174,28.6633],[76.92216,28.66343],[76.92257,28.66359]]}},{"type":"Feature","properties":{"name":"Bahadurgarh Bypass","highway":"trunk","policy":"truck entry 23:00-07:00 (CAQM/MCD rule)"},"geometry":{"type":"LineString","coordinates":[[76.92263,28.66347],[76.92203,28.66324],[76.92177,28.66317]]}},{"type":"Feature","properties":{"name":"freight corridor","highway":"motorway","policy":"truck entry 23:00-07:00 (CAQM/MCD rule)"},"geometry":{"type":"LineString","coordinates":[[76.99289,28.40479],[76.9943,28.40423]]}},{"type":"Feature","properties":{"name":"freight corridor","highway":"motorway","policy":"truck entry 23:00-07:00 (CAQM/MCD rule)"},"geometry":{"type":"LineString","coordinates":[[76.99426,28.40404],[76.99284,28.40468]]}},{"type":"Feature","properties":{"name":"Dadri Main Road","highway":"motorway","policy":"truck entry 23:00-07:00 (CAQM/MCD rule)"},"geometry":{"type":"LineString","coordinates":[[77.32045,28.55932],[77.31999,28.55954],[77.31955,28.55976]]}},{"type":"Feature","properties":{"name":"Gurgaon Rewari Narnaul Singhana Road","highway":"trunk","policy":"truck entry 23:00-07:00 (CAQM/MCD rule)"},"geometry":{"type":"LineString","coordinates":[[76.95027,28.42795],[76.95093,28.42804],[76.95104,28.42806]]}}]}