{"type":"FeatureCollection","features":[{"type":"Feature","properties":{"name":"NH163","highway":"trunk","policy":""},"geometry":{"type":"LineString","coordinates":[[78.54311,17.40096],[78.5439,17.40107],[78.54408,17.4011],[78.54435,17.40113],[78.54504,17.40122],[78.54511,17.40123],[78.54521,17.40124],[78.54549,17.40127],[78.54553,17.40128],[78.54559,17.40128],[78.54561,17.40128],[78.54565,17.40129],[78.54613,17.40132],[78.54655,17.40136],[78.54715,17.40137],[78.54724,17.40137],[78.5477,17.40135],[78.54777,17.40135],[78.54916,17.40131],[78.55015,17.40128],[78.55141,17.40125],[78.55294,17.40122],[78.55355,17.4012],[78.55462,17.40117],[78.55467,17.40117],[78.55535,17.40117],[78.55567,17.4012],[78.55782,17.40137],[78.55829,17.40144],[78.55937,17.40151],[78.55944,17.40153],[78.55947,17.40156]]}},{"type":"Feature","properties":{"name":"NH163","highway":"trunk","policy":""},"geometry":{"type":"LineString","coordinates":[[78.49543,17.38287],[78.49576,17.38302],[78.49592,17.38309],[78.49635,17.38335],[78.49668,17.38361],[78.49691,17.38377],[78.49716,17.38395],[78.49742,17.38417],[78.49756,17.3843],[78.498,17.38465],[78.49812,17.38475],[78.4983,17.3849],[78.4984,17.38498],[78.49929,17.38566],[78.49957,17.38583],[78.4997,17.38591],[78.49987,17.38601],[78.50093,17.3867],[78.50116,17.38684],[78.50129,17.38693]]}},{"type":"Feature","properties":{"name":"Sanjeeva Reddy Nagar Main Road","highway":"trunk","policy":""},"geometry":{"type":"LineString","coordinates":[[78.44133,17.44243],[78.44145,17.44223],[78.4423,17.44077],[78.44261,17.44006],[78.44286,17.43945],[78.44308,17.43892],[78.44321,17.43862],[78.44346,17.43804],[78.44366,17.43763],[78.44378,17.43738],[78.44411,17.4367]]}},{"type":"Feature","properties":{"name":"Mumbai Highway","highway":"trunk","policy":""},"geometry":{"type":"LineString","coordinates":[[78.43521,17.4533],[78.43501,17.45363],[78.43497,17.45369],[78.43487,17.45386],[78.43467,17.45427],[78.43449,17.45472],[78.4343,17.45513],[78.43417,17.45544],[78.43414,17.45552],[78.4339,17.45606],[78.43376,17.45636],[78.43352,17.45695],[78.43327,17.45758],[78.43325,17.45762],[78.43318,17.45776],[78.43316,17.45782],[78.43314,17.45786],[78.4331,17.45795],[78.43307,17.45801],[78.43304,17.45809],[78.43293,17.45832],[78.43288,17.45844],[78.43258,17.45911]]}},{"type":"Feature","properties":{"name":"Tank Bund Road","highway":"trunk","policy":""},"geometry":{"type":"LineString","coordinates":[[78.48442,17.42142],[78.48451,17.42153]]}},{"type":"Feature","properties":{"name":"NH44","highway":"trunk","policy":""},"geometry":{"type":"LineString","coordinates":[[78.46754,17.4072],[78.46758,17.40722],[78.46764,17.40722],[78.46768,17.4072],[78.46771,17.40717],[78.46773,17.40713],[78.46774,17.40709],[78.46772,17.40705]]}},{"type":"Feature","properties":{"name":"NH44","highway":"trunk","policy":""},"geometry":{"type":"LineString","coordinates":[[78.48636,17.42571],[78.48649,17.42607],[78.4866,17.4263],[78.48665,17.42637],[78.48667,17.42643],[78.48697,17.42698],[78.48744,17.42782],[78.48778,17.42846]]}},{"type":"Feature","properties":{"name":"NH44","highway":"trunk","policy":""},"geometry":{"type":"LineString","coordinates":[[78.48782,17.42855],[78.48789,17.42869],[78.48796,17.42886],[78.48797,17.42892],[78.488,17.42907],[78.48806,17.42944],[78.48813,17.42987],[78.48814,17.42998],[78.48822,17.43074],[78.4883,17.43149],[78.48833,17.43187],[78.48836,17.4322],[78.48838,17.43237],[78.48838,17.43254],[78.48839,17.43288],[78.48839,17.43298]]}},{"type":"Feature","properties":{"name":"Vijaywada Highway","highway":"trunk","policy":""},"geometry":{"type":"LineString","coordinates":[[78.51497,17.36989],[78.51517,17.36985],[78.51567,17.36976],[78.51649,17.36956],[78.5172,17.36939],[78.51776,17.36926],[78.51881,17.369]]}},{"type":"Feature","properties":{"name":"Lakdikapul Road","highway":"trunk","policy":""},"geometry":{"type":"LineString","coordinates":[[78.46446,17.40462],[78.46447,17.40448],[78.46447,17.40442],[78.46446,17.40429],[78.46442,17.40422],[78.46434,17.40416],[78.46407,17.40393]]}},{"type":"Feature","properties":{"name":"Naya Pul","highway":"trunk","policy":""},"geometry":{"type":"LineString","coordinates":[[78.47617,17.37249],[78.47647,17.37175],[78.47693,17.37071]]}},{"type":"Feature","properties":{"name":"Naya Pul","highway":"trunk","policy":""},"geometry":{"type":"LineString","coordinates":[[78.47632,17.37079],[78.47587,17.3723]]}},{"type":"Feature","properties":{"name":"High court road","highway":"trunk","policy":""},"geometry":{"type":"LineString","coordinates":[[78.47628,17.36881],[78.47611,17.36878]]}},{"type":"Feature","properties":{"name":"NH44","highway":"trunk","policy":""},"geometry":{"type":"LineString","coordinates":[[78.45832,17.36663],[78.45836,17.3667],[78.45843,17.36676],[78.45847,17.36677],[78.4585,17.36678],[78.45858,17.36678],[78.45865,17.36675],[78.45872,17.36669],[78.45875,17.36661],[78.45875,17.36652]]}},{"type":"Feature","properties":{"name":"NH44","highway":"trunk","policy":""},"geometry":{"type":"LineString","coordinates":[[78.45875,17.36652],[78.45873,17.36644],[78.45874,17.36635],[78.45876,17.36629]]}},{"type":"Feature","properties":{"name":"uppuguda","highway":"trunk","policy":""},"geometry":{"type":"LineString","coordinates":[[78.47628,17.36881],[78.47619,17.36866]]}},{"type":"Feature","properties":{"name":"freight corridor","highway":"trunk","policy":""},"geometry":{"type":"LineString","coordinates":[[78.47639,17.3705],[78.47638,17.37052],[78.47632,17.37079]]}},{"type":"Feature","properties":{"name":"Darul Shifa Road","highway":"trunk","policy":""},"geometry":{"type":"LineString","coordinates":[[78.47324,17.35488],[78.47327,17.35489],[78.47331,17.3549],[78.47342,17.35492],[78.47361,17.35491],[78.47427,17.35478],[78.47464,17.35471],[78.4747,17.35469],[78.47491,17.35465],[78.4759,17.35444],[78.47603,17.3544],[78.47614,17.35437],[78.47634,17.35432],[78.47654,17.35428],[78.4771,17.35418],[78.47737,17.35413],[78.478,17.354],[78.47812,17.35399],[78.47821,17.35402],[78.4783,17.35406],[78.47834,17.35409],[78.4784,17.35415],[78.47845,17.35423],[78.47847,17.35431]]}},{"type":"Feature","properties":{"name":"NH65","highway":"trunk","policy":""},"geometry":{"type":"LineString","coordinates":[[78.49183,17.37781],[78.4919,17.37784],[78.49197,17.37784],[78.49205,17.37782],[78.49211,17.37779]]}},{"type":"Feature","properties":{"name":"NH65","highway":"trunk","policy":""},"geometry":{"type":"LineString","coordinates":[[78.49609,17.37648],[78.49619,17.37631],[78.49633,17.37609],[78.49651,17.37589],[78.49663,17.3758],[78.49669,17.37574],[78.49684,17.37568],[78.497,17.37564],[78.49725,17.37562],[78.49746,17.3756],[78.49774,17.37556],[78.49795,17.37549],[78.49799,17.37547],[78.4981,17.3754],[78.49817,17.37537],[78.49827,17.37532],[78.49836,17.37528]]}},{"type":"Feature","properties":{"name":"Inner Ring Road Underpass","highway":"trunk","policy":""},"geometry":{"type":"LineString","coordinates":[[78.43219,17.3216],[78.43288,17.32113],[78.43302,17.32105]]}},{"type":"Feature","properties":{"name":"NH765","highway":"trunk","policy":""},"geometry":{"type":"LineString","coordinates":[[78.4715,17.32953],[78.47232,17.32922]]}},{"type":"Feature","properties":{"name":"NH765","highway":"trunk","policy":""},"geometry":{"type":"LineString","coordinates":[[78.47232,17.32922],[78.47249,17.32914],[78.47263,17.32905],[78.47333,17.32861],[78.47364,17.32844],[78.47394,17.3283],[78.47404,17.32826],[78.47413,17.32819],[78.4742,17.32812],[78.47426,17.32806],[78.47433,17.32797],[78.4744,17.3279]]}},{"type":"Feature","properties":{"name":"Inner Ring Road","highway":"trunk","policy":""},"geometry":{"type":"LineString","coordinates":[[78.55839,17.38395],[78.55833,17.38262]]}},{"type":"Feature","properties":{"name":"Nagole Flyover","highway":"trunk","policy":""},"geometry":{"type":"LineString","coordinates":[[78.55809,17.37871],[78.55807,17.37838],[78.55804,17.37788],[78.55799,17.37721],[78.55792,17.37645],[78.55792,17.37638],[78.55791,17.37633]]}},{"type":"Feature","properties":{"name":"Inner Ring Road","highway":"trunk","policy":""},"geometry":{"type":"LineString","coordinates":[[78.55897,17.39189],[78.55896,17.39169],[78.55895,17.39147]]}},{"type":"Feature","properties":{"name":"Inner Ring Road","highway":"trunk","policy":""},"geometry":{"type":"LineString","coordinates":[[78.55874,17.38852],[78.55873,17.38837],[78.55869,17.38768],[78.55869,17.38766],[78.55866,17.38743],[78.55864,17.38708],[78.55863,17.38699],[78.55861,17.38664],[78.55861,17.38658],[78.55859,17.38615],[78.55856,17.3858],[78.55855,17.38528],[78.55854,17.38518],[78.55853,17.38509],[78.55848,17.38478],[78.55843,17.3845],[78.55839,17.38395]]}},{"type":"Feature","properties":{"name":"Inner Ring Road","highway":"trunk","policy":""},"geometry":{"type":"LineString","coordinates":[[78.55797,17.40345],[78.55829,17.40313],[78.55834,17.40309],[78.55951,17.40242],[78.55976,17.40224],[78.55999,17.40203],[78.56002,17.402],[78.56008,17.40196],[78.5602,17.40185],[78.56026,17.40179]]}},{"type":"Feature","properties":{"name":"Inner Ring Road","highway":"trunk","policy":""},"geometry":{"type":"LineString","coordinates":[[78.55883,17.3919],[78.55885,17.39215],[78.55891,17.39305],[78.55893,17.39337],[78.55893,17.3934],[78.55908,17.39502],[78.55911,17.39533],[78.5592,17.39567],[78.55945,17.39654],[78.55965,17.39726],[78.5597,17.39744],[78.55973,17.39753],[78.55987,17.39804],[78.55988,17.39806],[78.5599,17.39814],[78.56,17.39857],[78.56004,17.39879],[78.56007,17.39921],[78.56008,17.39936],[78.56008,17.3994],[78.56009,17.39947],[78.56011,17.39994],[78.56012,17.40038],[78.56013,17.40067],[78.56013,17.40086],[78.56012,17.40102],[78.56011,17.40114],[78.56011,17.40117],[78.56009,17.40127],[78.56009,17.40129]]}},{"type":"Feature","properties":{"name":"Mumbai Highway","highway":"trunk","policy":""},"geometry":{"type":"LineString","coordinates":[[78.48041,17.37521],[78.48035,17.37509],[78.48027,17.37499],[78.48013,17.37477],[78.47993,17.37444],[78.47984,17.37434],[78.47958,17.37408],[78.47938,17.37393],[78.47921,17.37379],[78.47898,17.37362],[78.47884,17.37357],[78.47868,17.37355],[78.47836,17.37357],[78.47827,17.37359],[78.4779,17.37367],[78.47765,17.37372],[78.47749,17.37369],[78.47739,17.37371]]}},{"type":"Feature","properties":{"name":"NH44","highway":"trunk","policy":""},"geometry":{"type":"LineString","coordinates":[[78.47587,17.3723],[78.47587,17.37235],[78.47586,17.37243],[78.47586,17.37254],[78.47588,17.37264],[78.47594,17.37296],[78.47595,17.37305],[78.47595,17.37309]]}},{"type":"Feature","properties":{"name":"Causeway Bridge","highway":"trunk","policy":""},"geometry":{"type":"LineString","coordinates":[[78.49245,17.38085],[78.49312,17.37932]]}},{"type":"Feature","properties":{"name":"NH65","highway":"trunk","policy":""},"geometry":{"type":"LineString","coordinates":[[78.49312,17.37932],[78.49314,17.37928],[78.49316,17.37925],[78.49323,17.37909],[78.49333,17.37886],[78.49337,17.37876],[78.49339,17.37865],[78.49341,17.37852],[78.49341,17.37846],[78.49345,17.378],[78.49347,17.37787],[78.49351,17.37767],[78.4936,17.37747],[78.49364,17.37741],[78.4937,17.37735],[78.49376,17.3773]]}},{"type":"Feature","properties":{"name":"NH163","highway":"trunk","policy":""},"geometry":{"type":"LineString","coordinates":[[78.42778,17.39583],[78.42766,17.39571],[78.42758,17.39564],[78.42754,17.39558],[78.42749,17.39549],[78.42731,17.39502],[78.4272,17.39468],[78.42685,17.39351],[78.42681,17.39345],[78.4268,17.39342]]}},{"type":"Feature","properties":{"name":"Chavella road","highway":"trunk","policy":""},"geometry":{"type":"LineString","coordinates":[[78.40534,17.37243],[78.40475,17.37146]]}},{"type":"Feature","properties":{"name":"NH44","highway":"trunk","policy":""},"geometry":{"type":"LineString","coordinates":[[78.47595,17.37309],[78.47592,17.37324],[78.47589,17.37343],[78.47589,17.37361],[78.4759,17.37379],[78.47594,17.37397],[78.476,17.37415],[78.47602,17.37419],[78.47603,17.37421],[78.47604,17.37424]]}},{"type":"Feature","properties":{"name":"Golkonda Road","highway":"trunk","policy":""},"geometry":{"type":"LineString","coordinates":[[78.42762,17.39591],[78.4276,17.39596],[78.4276,17.39603],[78.42763,17.39609],[78.42766,17.39612],[78.42772,17.39615]]}},{"type":"Feature","properties":{"name":"Golkonda Road","highway":"trunk","policy":""},"geometry":{"type":"LineString","coordinates":[[78.43136,17.39576],[78.43113,17.39576]]}},{"type":"Feature","properties":{"name":"NH163","highway":"trunk","policy":""},"geometry":{"type":"LineString","coordinates":[[78.50445,17.38942],[78.50484,17.38973]]}},{"type":"Feature","properties":{"name":"Uppal Road","highway":"trunk","policy":""},"geometry":{"type":"LineString","coordinates":[[78.50484,17.38973],[78.50499,17.38983],[78.50513,17.38991]]}},{"type":"Feature","properties":{"name":"NH65;NH163;NH44","highway":"trunk","policy":""},"geometry":{"type":"LineString","coordinates":[[78.46811,17.40265],[78.46819,17.40258]]}},{"type":"Feature","properties":{"name":"Sardar Vallabhai Patel Chowk","highway":"trunk","policy":""},"geometry":{"type":"LineString","coordinates":[[78.47046,17.40065],[78.47042,17.40056],[78.47035,17.40049],[78.47025,17.40045],[78.47018,17.40045],[78.47015,17.40045],[78.47004,17.40048]]}},{"type":"Feature","properties":{"name":"Public Garden Road","highway":"trunk","policy":""},"geometry":{"type":"LineString","coordinates":[[78.47046,17.40065],[78.47055,17.40043],[78.47059,17.40031],[78.47066,17.40013],[78.47083,17.3997],[78.47096,17.39946],[78.47105,17.39928]]}},{"type":"Feature","properties":{"name":"NH44;NH65;NH163","highway":"trunk","policy":""},"geometry":{"type":"LineString","coordinates":[[78.47077,17.39914],[78.47081,17.39922],[78.47087,17.39928],[78.47094,17.3993],[78.47105,17.39928]]}},{"type":"Feature","properties":{"name":"\u0628\u0631\u06cc\u06af\u06cc\u0688\u06cc\u0626\u0631 \u0633\u0639\u06cc\u062f \u0631\u0648\u0688","highway":"trunk","policy":""},"geometry":{"type":"LineString","coordinates":[[78.48619,17.45179],[78.48627,17.45163],[78.48636,17.45148],[78.48641,17.45139],[78.48642,17.45135],[78.48643,17.45133],[78.48644,17.4513]]}},{"type":"Feature","properties":{"name":"Masab Tank Flyover","highway":"trunk","policy":""},"geometry":{"type":"LineString","coordinates":[[78.45595,17.40369],[78.45521,17.40412],[78.45492,17.40424],[78.45473,17.40428],[78.45452,17.40428],[78.4543,17.40424],[78.45409,17.40415],[78.45387,17.40402],[78.45279,17.40323],[78.45258,17.40304],[78.45245,17.40291],[78.45233,17.40276],[78.4522,17.40255],[78.4508,17.40008]]}},{"type":"Feature","properties":{"name":"Golkonda Road","highway":"trunk","policy":""},"geometry":{"type":"LineString","coordinates":[[78.45044,17.39946],[78.45035,17.39927],[78.45028,17.39912],[78.45024,17.39901],[78.45021,17.39895],[78.45014,17.39888],[78.44998,17.39879],[78.44975,17.39877],[78.44952,17.3988],[78.44909,17.39886],[78.44882,17.3989],[78.44778,17.39905],[78.44744,17.39908],[78.44729,17.39908],[78.44708,17.39904],[78.4467,17.39892],[78.44648,17.39884],[78.44639,17.39881],[78.4463,17.39878],[78.44616,17.39875],[78.44598,17.39871],[78.44596,17.39871],[78.44573,17.39869],[78.44561,17.39869],[78.44544,17.39867],[78.44533,17.39868],[78.44495,17.39865],[78.44459,17.39861],[78.44432,17.39857]]}},{"type":"Feature","properties":{"name":"Lakdikapul Road","highway":"trunk","policy":""},"geometry":{"type":"LineString","coordinates":[[78.4609,17.40691],[78.46099,17.40689],[78.46114,17.40683],[78.46157,17.40675],[78.46174,17.40671],[78.4618,17.40669],[78.46182,17.40669]]}},{"type":"Feature","properties":{"name":"Nizamabad Road","highway":"trunk","policy":""},"geometry":{"type":"LineString","coordinates":[[78.47655,17.49849],[78.47644,17.49825],[78.47625,17.49785]]}},{"type":"Feature","properties":{"name":"Moosapet Flyover","highway":"trunk","policy":""},"geometry":{"type":"LineString","coordinates":[[78.43248,17.45929],[78.4308,17.46298],[78.42931,17.46616]]}},{"type":"Feature","properties":{"name":"Moosapet Road","highway":"trunk","policy":""},"geometry":{"type":"LineString","coordinates":[[78.42905,17.4667],[78.42905,17.46672],[78.42865,17.4675],[78.4286,17.4676],[78.42859,17.46763],[78.42833,17.46827],[78.42822,17.46849],[78.42802,17.46891],[78.42796,17.46902],[78.42775,17.46933],[78.42762,17.46953]]}},{"type":"Feature","properties":{"name":"Hyderabad-Janagam Highway","highway":"trunk","policy":""},"geometry":{"type":"LineString","coordinates":[[78.65935,17.43504],[78.65735,17.43427],[78.65702,17.43414]]}},{"type":"Feature","properties":{"name":"Hyderabad-Janagam Highway","highway":"trunk","policy":""},"geometry":{"type":"LineString","coordinates":[[78.57349,17.40169],[78.57366,17.40173],[78.57398,17.40181],[78.57407,17.40184],[78.57518,17.40212],[78.57551,17.40217],[78.57584,17.40221],[78.57613,17.4022],[78.57643,17.40214],[78.57697,17.402],[78.57779,17.40182]]}},{"type":"Feature","properties":{"name":"Hyderabad-Janagam Highway","highway":"trunk","policy":""},"geometry":{"type":"LineString","coordinates":[[78.66193,17.43607],[78.6628,17.4364],[78.66365,17.43676],[78.66406,17.43696],[78.66445,17.43718],[78.66478,17.4374],[78.66509,17.43764],[78.66577,17.4382],[78.66582,17.43824],[78.66822,17.44035],[78.66837,17.44049],[78.66874,17.44079],[78.66885,17.44088],[78.66974,17.44161],[78.66977,17.44162],[78.66999,17.44176],[78.67005,17.4418],[78.67066,17.4422],[78.67117,17.44242],[78.67168,17.44259],[78.67195,17.44267],[78.67226,17.44273],[78.67232,17.44274],[78.67244,17.44275]]}},{"type":"Feature","properties":{"name":"Hyderabad-Janagam Highway","highway":"trunk","policy":""},"geometry":{"type":"LineString","coordinates":[[78.58049,17.40106],[78.5803,17.40109],[78.58017,17.40111],[78.57994,17.4012],[78.57978,17.40126],[78.57951,17.40136],[78.57819,17.40163],[78.57752,17.40177],[78.57693,17.40189],[78.57677,17.40194],[78.57667,17.40196],[78.57649,17.40202],[78.57638,17.40205],[78.57607,17.40211],[78.57585,17.40212],[78.57577,17.40212],[78.57574,17.40212],[78.57551,17.4021],[78.57547,17.40209],[78.5754,17.40207],[78.57498,17.40197],[78.57471,17.4019],[78.57437,17.40182],[78.57377,17.40167],[78.57364,17.40164],[78.57337,17.40157]]}},{"type":"Feature","properties":{"name":"Hyderabad-Janagam Highway","highway":"trunk","policy":""},"geometry":{"type":"LineString","coordinates":[[78.57779,17.40182],[78.57913,17.40153],[78.57949,17.40144],[78.58,17.40129],[78.58026,17.40124],[78.58051,17.40121]]}},{"type":"Feature","properties":{"name":"Hyderabad-Janagam Highway","highway":"trunk","policy":""},"geometry":{"type":"LineString","coordinates":[[78.57337,17.40157],[78.57295,17.4015],[78.57289,17.40149],[78.57266,17.40149],[78.57257,17.40149],[78.57247,17.40148],[78.57243,17.40148],[78.5719,17.40144],[78.57146,17.40143],[78.57141,17.40143],[78.57097,17.40142],[78.56981,17.40139],[78.56963,17.40139],[78.56943,17.40139],[78.56865,17.40138],[78.56852,17.40138],[78.56817,17.40138],[78.56809,17.40138],[78.56806,17.40138],[78.56801,17.40138],[78.56793,17.40139],[78.5673,17.4014],[78.56683,17.4014],[78.56664,17.4014],[78.56649,17.40141],[78.56641,17.40141],[78.56585,17.40141],[78.56549,17.40139],[78.56528,17.40138],[78.56447,17.40139],[78.56409,17.4014],[78.56353,17.4014],[78.56335,17.4014],[78.56318,17.40141],[78.5629,17.40141],[78.56271,17.40141],[78.56242,17.4014],[78.56235,17.4014],[78.56202,17.40141],[78.56172,17.40141],[78.56139,17.40141],[78.56085,17.40141]]}},{"type":"Feature","properties":{"name":"NH44","highway":"trunk","policy":""},"geometry":{"type":"LineString","coordinates":[[78.49273,17.55932],[78.49261,17.55876]]}},{"type":"Feature","properties":{"name":"Nizamabad Road","highway":"trunk","policy":""},"geometry":{"type":"LineString","coordinates":[[78.47647,17.49867],[78.47661,17.49896],[78.47669,17.4991]]}},{"type":"Feature","properties":{"name":"NH65","highway":"trunk","policy":""},"geometry":{"type":"LineString","coordinates":[[78.21352,17.54637],[78.21332,17.54644],[78.2133,17.54646],[78.21319,17.5465]]}},{"type":"Feature","properties":{"name":"NH163","highway":"trunk","policy":""},"geometry":{"type":"LineString","coordinates":[[78.21404,17.31866],[78.21358,17.31894],[78.21294,17.31924],[78.21229,17.31945],[78.21146,17.31958],[78.20987,17.31968],[78.20899,17.31959],[78.20844,17.31945],[78.20817,17.31936],[78.20776,17.31917],[78.20733,17.31896],[78.20658,17.31855],[78.206,17.31823],[78.20463,17.3175],[78.20339,17.3168],[78.20206,17.31606],[78.20077,17.31527],[78.19786,17.31352],[78.19659,17.31272],[78.19579,17.31202],[78.19522,17.31129],[78.19458,17.31068],[78.19414,17.31037],[78.19366,17.31011],[78.19168,17.30922],[78.1904,17.30868],[78.18477,17.3069],[78.18377,17.30678],[78.18304,17.30689],[78.18243,17.3072],[78.18141,17.30799],[78.18076,17.30861],[78.17927,17.3103],[78.179,17.3105],[78.1788,17.31062],[78.17837,17.31078],[78.17629,17.3114],[78.17557,17.31161],[78.1748,17.31194],[78.17376,17.31245],[78.17326,17.31262],[78.17283,17.3126],[78.17249,17.31251],[78.17212,17.3123],[78.16822,17.30955],[78.16675,17.30845],[78.16534,17.30748],[78.16517,17.30737],[78.165,17.30727],[78.16486,17.3072],[78.16471,17.30714],[78.16455,17.30709],[78.16435,17.30703],[78.16414,17.30699],[78.16096,17.30642],[78.15679,17.30566],[78.15396,17.30507],[78.15173,17.30503]]}},{"type":"Feature","properties":{"name":"NH163","highway":"trunk","policy":""},"geometry":{"type":"LineString","coordinates":[[78.26774,17.32416],[78.26783,17.32428],[78.26795,17.32437],[78.26931,17.32557],[78.26986,17.32602],[78.27039,17.32649],[78.27098,17.32697],[78.27142,17.32739],[78.27186,17.32777],[78.27202,17.32792],[78.27222,17.3281],[78.27304,17.3288],[78.27308,17.32884],[78.27373,17.32926],[78.27422,17.3295],[78.27428,17.32952],[78.27488,17.3297],[78.27524,17.3298],[78.27553,17.32989],[78.27584,17.32999],[78.27606,17.33004],[78.27626,17.3301],[78.27672,17.33021],[78.27719,17.33028],[78.27746,17.33031],[78.27767,17.33032],[78.27783,17.33032],[78.27804,17.33031],[78.27834,17.33028],[78.2794,17.3302],[78.28006,17.33014],[78.28016,17.33014],[78.28061,17.33011],[78.28121,17.33004],[78.28267,17.3299],[78.28277,17.32989],[78.28406,17.32978],[78.28477,17.32972],[78.28488,17.32972],[78.28518,17.32973],[78.28567,17.32985],[78.28599,17.32996],[78.28631,17.33009],[78.28712,17.3305],[78.28754,17.33073],[78.28766,17.33079],[78.28811,17.33105],[78.28823,17.33112],[78.28837,17.3312],[78.28854,17.33125],[78.2887,17.33129],[78.28888,17.3313],[78.28915,17.3313],[78.28926,17.3313],[78.29039,17.33126],[78.29085,17.33124],[78.29129,17.33122],[78.29321,17.33116],[78.29399,17.33113],[78.29439,17.33111],[78.29559,17.33107],[78.29595,17.33108],[78.29612,17.33111],[78.29626,17.33113],[78.29639,17.33116],[78.29647,17.33119],[78.2967,17.33127],[78.29696,17.33138],[78.29718,17.33151],[78.29739,17.33165],[78.29747,17.3317],[78.29771,17.33189],[78.29781,17.33198],[78.29815,17.33227],[78.29864,17.33272],[78.29867,17.33274],[78.29919,17.33318],[78.29946,17.33343],[78.29974,17.33366],[78.29993,17.33381],[78.30059,17.33439],[78.30125,17.33496],[78.30193,17.33554],[78.30261,17.33613],[78.30346,17.33687],[78.30434,17.33759],[78.30463,17.33779],[78.30482,17.33789],[78.30496,17.33794],[78.30534,17.33807],[78.30565,17.33815],[78.30651,17.33836],[78.30679,17.33844],[78.30693,17.33847],[78.30695,17.33847],[78.30773,17.33864],[78.30855,17.33885],[78.30925,17.33901],[78.3097,17.33911],[78.31017,17.33918],[78.31049,17.3392],[78.31086,17.33917],[78.3113,17.33906],[78.31158,17.33895],[78.31178,17.33886]]}},{"type":"Feature","properties":{"name":"NH44","highway":"trunk","policy":""},"geometry":{"type":"LineString","coordinates":[[78.35588,17.23336],[78.35549,17.23303],[78.3554,17.23296],[78.35496,17.23261],[78.35457,17.23226],[78.35437,17.23206],[78.35416,17.23184],[78.35368,17.23135],[78.3532,17.23086],[78.35284,17.2305],[78.35252,17.23024],[78.35223,17.23004],[78.352,17.22989],[78.35191,17.22984],[78.35141,17.22954],[78.35134,17.2295],[78.35091,17.22923],[78.35051,17.22894],[78.35019,17.22865],[78.3494,17.22788],[78.34872,17.22718],[78.34806,17.22652],[78.348,17.22646],[78.34734,17.22581],[78.34669,17.22517],[78.34635,17.22481],[78.34588,17.22426],[78.34546,17.22381],[78.34497,17.22321],[78.34453,17.22265],[78.34419,17.22215],[78.34365,17.22129],[78.34357,17.22116],[78.34303,17.2203],[78.3425,17.21942],[78.34186,17.21844],[78.34138,17.21768],[78.34097,17.21701],[78.3409,17.21688],[78.3403,17.21575],[78.33984,17.21489],[78.33959,17.21446],[78.33942,17.2142],[78.33919,17.21392],[78.33908,17.21381],[78.33887,17.2136],[78.33857,17.21336],[78.3381,17.2131],[78.33786,17.21296],[78.3371,17.21254],[78.33696,17.21244],[78.33688,17.21239],[78.33673,17.2123],[78.33645,17.21211],[78.33615,17.21184],[78.33586,17.21159],[78.33516,17.21075],[78.33474,17.21017],[78.33446,17.2098],[78.33421,17.20947],[78.33401,17.20921],[78.33348,17.2086],[78.33323,17.20827],[78.33231,17.20734],[78.33151,17.20648],[78.33058,17.2055],[78.32972,17.2045],[78.32904,17.20375],[78.3287,17.20342],[78.32845,17.20323],[78.32797,17.20291],[78.32785,17.20285],[78.32735,17.20252],[78.3268,17.20216],[78.32635,17.20186],[78.3257,17.20139],[78.32559,17.2013],[78.32457,17.20055],[78.32361,17.19985],[78.32336,17.19965],[78.32309,17.19942],[78.3225,17.19887],[78.32243,17.19879],[78.32204,17.19839],[78.32164,17.19797],[78.32108,17.1974],[78.3208,17.19707],[78.32044,17.19657],[78.32018,17.19624],[78.31999,17.19601],[78.31994,17.19597],[78.31985,17.19589],[78.31961,17.19572],[78.31914,17.19543],[78.31836,17.19507],[78.318,17.19489],[78.31777,17.19479],[78.31741,17.19461],[78.3171,17.19447],[78.31676,17.19429],[78.31649,17.19413],[78.31637,17.19404],[78.31556,17.19343],[78.31545,17.19335],[78.31455,17.19261],[78.31364,17.19187],[78.31292,17.19131],[78.3125,17.19099],[78.31162,17.19029],[78.31062,17.18948],[78.30967,17.18872],[78.30929,17.18842],[78.30902,17.18821]]}},{"type":"Feature","properties":{"name":"NH765","highway":"trunk","policy":""},"geometry":{"type":"LineString","coordinates":[[78.47432,17.24842],[78.47431,17.24837],[78.47423,17.24814],[78.47412,17.2478],[78.47402,17.24744],[78.47395,17.24723],[78.47389,17.24702],[78.47368,17.2462],[78.47359,17.24574],[78.47356,17.24549],[78.47355,17.24496],[78.47357,17.24462],[78.47361,17.24255],[78.47355,17.24103],[78.47349,17.24036],[78.47338,17.23997],[78.47322,17.23947],[78.4732,17.23939],[78.47311,17.23898],[78.47306,17.23855],[78.47309,17.23808],[78.47319,17.23748],[78.47337,17.23624],[78.47341,17.23577],[78.47343,17.23542],[78.47338,17.23288],[78.47338,17.23266],[78.47338,17.2326],[78.47339,17.23247],[78.47413,17.22936],[78.47435,17.22848],[78.47455,17.2277],[78.47516,17.22522],[78.47528,17.22477],[78.47537,17.2244],[78.47572,17.22304],[78.47633,17.22067],[78.47663,17.2195],[78.47703,17.21797],[78.47704,17.21756],[78.47703,17.21691],[78.477,17.21555],[78.477,17.21551],[78.477,17.21518],[78.477,17.21491],[78.47698,17.21332],[78.47697,17.21286],[78.47696,17.2123],[78.47696,17.21204],[78.47696,17.21186],[78.47695,17.21105],[78.47693,17.21037],[78.47692,17.21006],[78.4769,17.20976],[78.47686,17.20941],[78.47682,17.20918],[78.47682,17.20905],[78.47671,17.20804],[78.47663,17.20742],[78.47661,17.20718],[78.47653,17.2065],[78.47643,17.20559],[78.47634,17.20464],[78.47633,17.20449],[78.47629,17.20426],[78.47624,17.20362],[78.47618,17.20323]]}},{"type":"Feature","properties":{"name":"Vijaywada Highway","highway":"trunk","policy":""},"geometry":{"type":"LineString","coordinates":[[78.54827,17.34922],[78.548,17.34957],[78.54703,17.35083],[78.54695,17.35093],[78.54686,17.35104],[78.54667,17.35134],[78.54653,17.35163],[78.54639,17.35198],[78.54609,17.35313],[78.54604,17.35332],[78.54575,17.35449],[78.54565,17.35493],[78.54547,17.3556],[78.54543,17.35572],[78.54482,17.35797],[78.5447,17.35848],[78.54447,17.35936],[78.54411,17.36076],[78.54378,17.36205],[78.54345,17.3632],[78.54333,17.3636],[78.54314,17.36414],[78.54297,17.36448],[78.54289,17.36461],[78.54285,17.36469],[78.54248,17.36526],[78.54195,17.3659],[78.54125,17.36656],[78.54064,17.36702],[78.54047,17.36712],[78.5401,17.36732],[78.53985,17.36746]]}},{"type":"Feature","properties":{"name":"AG Office Road","highway":"trunk","policy":""},"geometry":{"type":"LineString","coordinates":[[78.46768,17.407],[78.46752,17.40676],[78.46741,17.40651],[78.46735,17.40632],[78.46733,17.40613],[78.46733,17.40609],[78.46735,17.40588],[78.46736,17.40577],[78.46737,17.40567],[78.46747,17.40499],[78.46748,17.40494],[78.46753,17.40465],[78.46774,17.40383],[78.46778,17.40364],[78.46786,17.40338],[78.46793,17.40314],[78.46797,17.40303]]}},{"type":"Feature","properties":{"name":"Lakdikapul Road","highway":"trunk","policy":""},"geometry":{"type":"LineString","coordinates":[[78.46788,17.40255],[78.46747,17.40267],[78.4673,17.40268],[78.46703,17.40271],[78.46696,17.40271],[78.46658,17.40277],[78.46643,17.40279],[78.46626,17.40282],[78.46617,17.40284],[78.46598,17.40293],[78.46583,17.40302],[78.46567,17.40316],[78.46499,17.40377],[78.46496,17.4038],[78.46484,17.40389],[78.46476,17.40396]]}},{"type":"Feature","properties":{"name":"Lakdikapul Road","highway":"trunk","policy":""},"geometry":{"type":"LineString","coordinates":[[78.46193,17.40337],[78.46166,17.40385],[78.46164,17.40389],[78.46159,17.40398],[78.46156,17.40403],[78.46145,17.40425],[78.4613,17.40451],[78.46127,17.40458],[78.4612,17.40479],[78.46114,17.40497],[78.4611,17.40511],[78.46092,17.40566],[78.46091,17.40568],[78.46081,17.40607],[78.46078,17.4062],[78.46071,17.40655]]}},{"type":"Feature","properties":{"name":"Ameerpet Road - Panjagutta Main Road","highway":"trunk","policy":""},"geometry":{"type":"LineString","coordinates":[[78.44411,17.4367],[78.44415,17.43661],[78.44429,17.43638],[78.44435,17.43628],[78.44469,17.43575],[78.4449,17.43538],[78.44498,17.43524],[78.44506,17.43512],[78.4451,17.43504],[78.44515,17.43494],[78.44526,17.4347],[78.44531,17.43461],[78.44541,17.43443],[78.44576,17.43409],[78.44603,17.43379]]}},{"type":"Feature","properties":{"name":"Mahavir Marg","highway":"trunk","policy":""},"geometry":{"type":"LineString","coordinates":[[78.45639,17.40352],[78.45672,17.40336],[78.45703,17.40319],[78.45715,17.40314],[78.45746,17.40302],[78.45753,17.40299]]}},{"type":"Feature","properties":{"name":"Outer Ring Road","highway":"motorway","policy":""},"geometry":{"type":"LineString","coordinates":[[78.36358,17.43823],[78.36326,17.43766],[78.36234,17.43632],[78.36155,17.43513],[78.36136,17.43486],[78.36086,17.43409],[78.36052,17.43347],[78.36024,17.43293],[78.36018,17.43281]]}},{"type":"Feature","properties":{"name":"Lakdikapool Road","highway":"trunk","policy":""},"geometry":{"type":"LineString","coordinates":[[78.46029,17.41319],[78.46046,17.41286],[78.46052,17.41276],[78.46068,17.41246],[78.46078,17.41221],[78.46082,17.41204],[78.46084,17.41193],[78.46092,17.41142],[78.46098,17.41102],[78.46103,17.41047],[78.46102,17.41043],[78.46101,17.41032],[78.46096,17.41014],[78.46089,17.40999],[78.46087,17.40994],[78.46085,17.40988],[78.46083,17.40984],[78.46069,17.40952],[78.46064,17.40934],[78.46062,17.40925],[78.4606,17.40911],[78.4606,17.40908],[78.46057,17.40879],[78.46056,17.40868],[78.46053,17.40851],[78.46054,17.40844],[78.46052,17.40825],[78.46053,17.40811],[78.46054,17.40787]]}},{"type":"Feature","properties":{"name":"NH44","highway":"trunk","policy":""},"geometry":{"type":"LineString","coordinates":[[78.4752,17.40896],[78.47537,17.40922],[78.47555,17.40949],[78.47577,17.40972],[78.47598,17.40997],[78.47612,17.41025],[78.4763,17.41055],[78.47659,17.41097],[78.4771,17.41171],[78.47749,17.4123],[78.47798,17.41297],[78.47799,17.41299],[78.47824,17.41337],[78.47848,17.41374],[78.4787,17.41412],[78.47892,17.4145],[78.47906,17.41479],[78.4792,17.41499],[78.47937,17.4152],[78.47969,17.41559],[78.48059,17.41668],[78.48137,17.41763],[78.48229,17.41878],[78.48331,17.42004],[78.48398,17.42081],[78.48407,17.42093],[78.48425,17.42118],[78.48442,17.42142]]}},{"type":"Feature","properties":{"name":"Bairamalguda Flyover","highway":"trunk","policy":""},"geometry":{"type":"LineString","coordinates":[[78.54603,17.3417],[78.54611,17.34177],[78.54656,17.34219],[78.5467,17.34233],[78.54687,17.34251],[78.54696,17.3426],[78.54715,17.3428],[78.5472,17.34286],[78.54781,17.34348],[78.54786,17.34353],[78.54851,17.34416],[78.54875,17.34439]]}},{"type":"Feature","properties":{"name":"P.V. Narasimha Rao Flyover","highway":"motorway","policy":""},"geometry":{"type":"LineString","coordinates":[[78.42874,17.31966],[78.42891,17.3198],[78.42909,17.31998]]}},{"type":"Feature","properties":{"name":"Nizamabad Road","highway":"trunk","policy":""},"geometry":{"type":"LineString","coordinates":[[78.47672,17.49919],[78.47679,17.49935],[78.47711,17.50002],[78.4772,17.50022],[78.47757,17.50101],[78.4778,17.50152],[78.47792,17.50179],[78.47799,17.502],[78.47804,17.50215],[78.47813,17.50244],[78.47838,17.50357],[78.4784,17.50365],[78.47848,17.504],[78.47855,17.50433],[78.47871,17.50505],[78.47877,17.50535],[78.47909,17.50679],[78.47922,17.50739],[78.47923,17.50765],[78.47927,17.50851],[78.47947,17.51104],[78.4795,17.51158],[78.47952,17.51195],[78.47955,17.51255],[78.47957,17.5129],[78.4796,17.51328],[78.47965,17.51366],[78.47981,17.5143],[78.47999,17.51486],[78.48002,17.51494],[78.4807,17.51651],[78.48093,17.51699],[78.4813,17.51778]]}},{"type":"Feature","properties":{"name":"NH44","highway":"trunk","policy":""},"geometry":{"type":"LineString","coordinates":[[78.3761,17.25012],[78.37642,17.25037],[78.37794,17.25162],[78.37851,17.25214],[78.37893,17.25257],[78.37974,17.25347],[78.38076,17.2548],[78.38092,17.25508],[78.38099,17.25518],[78.38109,17.25532],[78.38115,17.25539],[78.38131,17.25563],[78.38162,17.25608],[78.3818,17.25633]]}},{"type":"Feature","properties":{"name":"Lakdikapul Road","highway":"trunk","policy":""},"geometry":{"type":"LineString","coordinates":[[78.46213,17.40672],[78.46229,17.40668],[78.46238,17.40665],[78.46246,17.40662],[78.46257,17.40656]]}},{"type":"Feature","properties":{"name":"Lakdikapul Road","highway":"trunk","policy":""},"geometry":{"type":"LineString","coordinates":[[78.46343,17.40349],[78.46336,17.40344],[78.46298,17.40317],[78.46281,17.40307],[78.46263,17.40298],[78.46243,17.40292],[78.46231,17.40289],[78.46222,17.40291],[78.46216,17.40294],[78.46212,17.40301],[78.46204,17.40321],[78.46199,17.40328],[78.46193,17.40337]]}},{"type":"Feature","properties":{"name":"Lakdikapul Road","highway":"trunk","policy":""},"geometry":{"type":"LineString","coordinates":[[78.46183,17.40677],[78.46213,17.40672]]}},{"type":"Feature","properties":{"name":"Lakdikapul Road","highway":"trunk","policy":""},"geometry":{"type":"LineString","coordinates":[[78.46054,17.40787],[78.46057,17.40754],[78.46059,17.40743],[78.46074,17.40718]]}},{"type":"Feature","properties":{"name":"NH65","highway":"trunk","policy":""},"geometry":{"type":"LineString","coordinates":[[78.49457,17.37719],[78.49465,17.37718],[78.49502,17.37715],[78.49525,17.37711],[78.4953,17.37709],[78.4954,17.37706],[78.49565,17.37697],[78.49578,17.37691],[78.49582,17.37689],[78.49591,17.37683],[78.49593,17.37678],[78.49598,17.3767],[78.49603,17.3766],[78.49609,17.37648]]}},{"type":"Feature","properties":{"name":"NH44","highway":"trunk","policy":""},"geometry":{"type":"LineString","coordinates":[[78.45709,17.36499],[78.45692,17.36467],[78.45658,17.36403],[78.45642,17.36357],[78.45599,17.36217],[78.45584,17.36169],[78.45574,17.36139]]}},{"type":"Feature","properties":{"name":"Outer Ring Road","highway":"motorway","policy":""},"geometry":{"type":"LineString","coordinates":[[78.65779,17.3171],[78.65787,17.31753]]}},{"type":"Feature","properties":{"name":"Outer Ring Road","highway":"motorway","policy":""},"geometry":{"type":"LineString","coordinates":[[78.65799,17.31819],[78.65805,17.31852],[78.65813,17.31906],[78.65819,17.31959],[78.65823,17.31992]]}},{"type":"Feature","properties":{"name":"Outer Ring Road","highway":"motorway","policy":""},"geometry":{"type":"LineString","coordinates":[[78.65806,17.31751],[78.65798,17.31707]]}},{"type":"Feature","properties":{"name":"Outer Ring Road","highway":"motorway","policy":""},"geometry":{"type":"LineString","coordinates":[[78.6532,17.50744],[78.65355,17.50701],[78.65389,17.50659],[78.65424,17.50615],[78.65457,17.50571],[78.65489,17.50527],[78.65521,17.50481],[78.65551,17.50434],[78.65579,17.50388],[78.65608,17.5034],[78.65634,17.50292],[78.6566,17.50243],[78.65823,17.49931]]}},{"type":"Feature","properties":{"name":"Outer Ring Road","highway":"motorway","policy":""},"geometry":{"type":"LineString","coordinates":[[78.65709,17.31393],[78.65769,17.31666]]}},{"type":"Feature","properties":{"name":"Outer Ring Road","highway":"motorway","policy":""},"geometry":{"type":"LineString","coordinates":[[78.65728,17.31389],[78.65716,17.31337]]}},{"type":"Feature","properties":{"name":"Outer Ring Road","highway":"motorway","policy":""},"geometry":{"type":"LineString","coordinates":[[78.65844,17.32013],[78.65842,17.31991]]}},{"type":"Feature","properties":{"name":"Outer Ring Road","highway":"motorway","policy":""},"geometry":{"type":"LineString","coordinates":[[78.65825,17.32014],[78.65829,17.32064],[78.65832,17.32118],[78.65833,17.32139]]}},{"type":"Feature","properties":{"name":"Outer Ring Road","highway":"motorway","policy":""},"geometry":{"type":"LineString","coordinates":[[78.6584,17.31974],[78.65838,17.31957],[78.65832,17.31904],[78.65824,17.3185],[78.65815,17.31796],[78.65813,17.31784]]}},{"type":"Feature","properties":{"name":"Outer Ring Road","highway":"motorway","policy":""},"geometry":{"type":"LineString","coordinates":[[78.65823,17.31992],[78.65825,17.32014]]}},{"type":"Feature","properties":{"name":"Outer Ring Road","highway":"motorway","policy":""},"geometry":{"type":"LineString","coordinates":[[78.65697,17.3134],[78.65709,17.31393]]}},{"type":"Feature","properties":{"name":"Inner Ring Road","highway":"trunk","policy":""},"geometry":{"type":"LineString","coordinates":[[78.55824,17.38259],[78.5583,17.38357]]}},{"type":"Feature","properties":{"name":"Inner Ring Road","highway":"trunk","policy":""},"geometry":{"type":"LineString","coordinates":[[78.55814,17.38156],[78.55824,17.38259]]}},{"type":"Feature","properties":{"name":"Inner Ring Road","highway":"trunk","policy":""},"geometry":{"type":"LineString","coordinates":[[78.55832,17.38405],[78.5583,17.38425],[78.55834,17.38488],[78.55838,17.38535],[78.55839,17.38546],[78.5584,17.38555],[78.55841,17.38571],[78.5585,17.38716],[78.55858,17.38838],[78.55859,17.38854],[78.55861,17.38876],[78.55866,17.38953],[78.55866,17.38959],[78.55868,17.38999],[78.5587,17.39017],[78.5588,17.39151]]}},{"type":"Feature","properties":{"name":"Inner Ring Road","highway":"trunk","policy":""},"geometry":{"type":"LineString","coordinates":[[78.5588,17.39151],[78.55883,17.3919]]}},{"type":"Feature","properties":{"name":"Outer Ring Road","highway":"motorway","policy":""},"geometry":{"type":"LineString","coordinates":[[78.35752,17.42325],[78.35726,17.42235]]}},{"type":"Feature","properties":{"name":"Outer Ring Road","highway":"motorway","policy":""},"geometry":{"type":"LineString","coordinates":[[78.35729,17.42332],[78.35755,17.42432],[78.35824,17.42684],[78.35878,17.42892],[78.3589,17.42936],[78.35919,17.43048],[78.35945,17.43143],[78.35978,17.4324],[78.35988,17.43264]]}},{"type":"Feature","properties":{"name":"Moosapet Road","highway":"trunk","policy":""},"geometry":{"type":"LineString","coordinates":[[78.42763,17.46976],[78.42793,17.46933],[78.42808,17.46907],[78.42815,17.46896],[78.42821,17.46885],[78.42847,17.46831],[78.42876,17.4677],[78.42877,17.46766],[78.4289,17.4674],[78.429,17.46718],[78.42919,17.46676],[78.42932,17.46651]]}},{"type":"Feature","properties":{"name":"Mumbai Highway","highway":"trunk","policy":""},"geometry":{"type":"LineString","coordinates":[[78.44012,17.44414],[78.44005,17.44426],[78.43996,17.4444],[78.43992,17.44446],[78.43966,17.4449],[78.43962,17.44496],[78.43959,17.44502],[78.43928,17.44552],[78.43924,17.44559],[78.4388,17.44636],[78.4386,17.44673],[78.43853,17.44688],[78.43833,17.44726],[78.43833,17.44727],[78.43821,17.4475],[78.43813,17.44763],[78.438,17.44785],[78.43793,17.44796]]}},{"type":"Feature","properties":{"name":"Sanath Nagar Road","highway":"trunk","policy":""},"geometry":{"type":"LineString","coordinates":[[78.43272,17.45912],[78.43281,17.45893],[78.43301,17.45849],[78.43317,17.45814],[78.43321,17.45807],[78.4333,17.45788],[78.43334,17.45778],[78.43347,17.4575],[78.43354,17.45735],[78.43355,17.45732],[78.43359,17.45723],[78.43387,17.45665],[78.434,17.45635],[78.4341,17.45614]]}},{"type":"Feature","properties":{"name":"Moosapet Flyover","highway":"trunk","policy":""},"geometry":{"type":"LineString","coordinates":[[78.42946,17.46621],[78.43086,17.46312],[78.43262,17.45934]]}},{"type":"Feature","properties":{"name":"Lakdikapul Road","highway":"trunk","policy":""},"geometry":{"type":"LineString","coordinates":[[78.46182,17.40669],[78.46217,17.40662]]}},{"type":"Feature","properties":{"name":"Lakdikapul Road","highway":"trunk","policy":""},"geometry":{"type":"LineString","coordinates":[[78.46217,17.40662],[78.46223,17.4066],[78.46234,17.40656]]}},{"type":"Feature","properties":{"name":"Mahavir Marg","highway":"trunk","policy":""},"geometry":{"type":"LineString","coordinates":[[78.46186,17.40285],[78.46194,17.40293],[78.46198,17.40298],[78.46199,17.40305],[78.46198,17.40312],[78.46196,17.40319],[78.46195,17.40327],[78.46193,17.40337]]}},{"type":"Feature","properties":{"name":"Mahavir Marg","highway":"trunk","policy":""},"geometry":{"type":"LineString","coordinates":[[78.46172,17.40269],[78.46162,17.40268],[78.46152,17.40268],[78.46142,17.40269],[78.46055,17.40294],[78.4604,17.40296],[78.46016,17.40299],[78.45991,17.40297],[78.45981,17.40296],[78.45908,17.40284],[78.45897,17.40282],[78.4589,17.40282],[78.45868,17.4028],[78.45829,17.40277],[78.45798,17.40275],[78.4578,17.40278],[78.45773,17.4028]]}},{"type":"Feature","properties":{"name":"NH44","highway":"trunk","policy":""},"geometry":{"type":"LineString","coordinates":[[78.48742,17.4432],[78.48741,17.4434]]}},{"type":"Feature","properties":{"name":"Brigadier Sayeed Road","highway":"trunk","policy":""},"geometry":{"type":"LineString","coordinates":[[78.48741,17.4434],[78.4874,17.44348],[78.48738,17.44377],[78.48737,17.4438],[78.48736,17.44401],[78.48732,17.44444],[78.48726,17.44489],[78.4872,17.44538],[78.48729,17.44602],[78.48731,17.44634],[78.48734,17.44664],[78.48736,17.44701],[78.48738,17.44729],[78.48739,17.44737],[78.48741,17.44774],[78.48743,17.44811],[78.48744,17.44844],[78.48746,17.44884],[78.48747,17.44891],[78.48745,17.44901],[78.48745,17.44901],[78.48742,17.4491]]}},{"type":"Feature","properties":{"name":"Mahatma Gandhi Road","highway":"trunk","policy":""},"geometry":{"type":"LineString","coordinates":[[78.48746,17.4424],[78.48744,17.44267],[78.48742,17.44308],[78.48742,17.44314],[78.48742,17.4432]]}},{"type":"Feature","properties":{"name":"Nizamabad Road","highway":"trunk","policy":""},"geometry":{"type":"LineString","coordinates":[[78.47381,17.48992],[78.47348,17.48718],[78.47333,17.48617],[78.47333,17.48615],[78.47319,17.48507],[78.47311,17.48447],[78.47305,17.48392],[78.47302,17.48353],[78.47302,17.48324],[78.47304,17.48277],[78.47305,17.48265],[78.47306,17.4825],[78.47315,17.48172],[78.47329,17.48027],[78.47346,17.47879],[78.47347,17.47857],[78.47354,17.47773],[78.47355,17.47763],[78.47359,17.47722],[78.4736,17.47708],[78.47366,17.47676],[78.47368,17.47663],[78.47371,17.47648],[78.47384,17.47592],[78.47389,17.47562],[78.47394,17.47529],[78.47405,17.47438],[78.47407,17.47414],[78.4742,17.47323],[78.47421,17.47318],[78.47421,17.47285],[78.47419,17.47269],[78.47404,17.47205],[78.47402,17.47196],[78.47377,17.47088]]}},{"type":"Feature","properties":{"name":"Nizamabad Road","highway":"trunk","policy":""},"geometry":{"type":"LineString","coordinates":[[78.47593,17.49747],[78.4763,17.4983],[78.4764,17.49851]]}},{"type":"Feature","properties":{"name":"Brigadier Sayeed Road","highway":"trunk","policy":""},"geometry":{"type":"LineString","coordinates":[[78.48605,17.45178],[78.486,17.45214],[78.48598,17.45222],[78.48589,17.45275],[78.48572,17.4537],[78.48555,17.45431],[78.48524,17.45522],[78.4852,17.45531],[78.4851,17.45549],[78.48509,17.45551],[78.48505,17.45558],[78.48502,17.45564],[78.48496,17.45586],[78.48494,17.45606],[78.48494,17.45634],[78.48495,17.45654],[78.48497,17.4568]]}},{"type":"Feature","properties":{"name":"\u0628\u0631\u06cc\u06af\u06cc\u0688\u06cc\u0626\u0631 \u0633\u0639\u06cc\u062f \u0631\u0648\u0688","highway":"trunk","policy":""},"geometry":{"type":"LineString","coordinates":[[78.48506,17.45685],[78.48504,17.45652],[78.48501,17.45624],[78.48502,17.45599],[78.48504,17.45588],[78.48514,17.45563],[78.48517,17.45555],[78.48533,17.45525],[78.48535,17.45519],[78.48542,17.45498],[78.48554,17.45461],[78.48559,17.45445],[78.48565,17.45427],[78.48581,17.45371],[78.48582,17.45364],[78.48599,17.45276],[78.4861,17.45224],[78.48619,17.45179]]}},{"type":"Feature","properties":{"name":"NH44","highway":"trunk","policy":""},"geometry":{"type":"LineString","coordinates":[[78.48752,17.4434],[78.48753,17.4432]]}},{"type":"Feature","properties":{"name":"Nizamabad Road","highway":"trunk","policy":""},"geometry":{"type":"LineString","coordinates":[[78.47367,17.47085],[78.4738,17.47141],[78.47392,17.47201],[78.47396,17.47214],[78.47405,17.47252],[78.47414,17.47286],[78.47414,17.47299],[78.47414,17.47311],[78.47412,17.4733],[78.47409,17.47353],[78.47408,17.47355],[78.47407,17.47367],[78.474,17.47407],[78.47387,17.47528],[78.47382,17.47558],[78.47374,17.47596],[78.47363,17.47645],[78.47361,17.47658],[78.47353,17.47701],[78.4735,17.47728],[78.47345,17.47766],[78.47335,17.47845],[78.47334,17.47856],[78.47316,17.48036],[78.47301,17.48183],[78.47294,17.48264],[78.4729,17.4831],[78.4729,17.48349],[78.47296,17.48424],[78.47315,17.48577],[78.47321,17.48616],[78.47334,17.48702],[78.47336,17.4872],[78.47346,17.48806],[78.47376,17.49056],[78.47393,17.49191],[78.47403,17.49281],[78.47412,17.49349],[78.47422,17.49405],[78.47434,17.49445],[78.47444,17.49471],[78.47458,17.49499],[78.47466,17.49515],[78.47507,17.49594]]}},{"type":"Feature","properties":{"name":"Mahatma Gandhi Road","highway":"trunk","policy":""},"geometry":{"type":"LineString","coordinates":[[78.48753,17.4432],[78.48753,17.44314],[78.48753,17.44308],[78.48754,17.4427],[78.48754,17.44257],[78.48755,17.44239]]}},{"type":"Feature","properties":{"name":"NH44","highway":"trunk","policy":""},"geometry":{"type":"LineString","coordinates":[[78.48848,17.43298],[78.48848,17.43288],[78.48848,17.43278],[78.48846,17.43262],[78.48845,17.43248],[78.48842,17.4321],[78.4884,17.43177],[78.48838,17.43142],[78.48835,17.43113],[78.48832,17.43088],[78.48831,17.43075],[78.48827,17.43036],[78.48823,17.4299],[78.48817,17.42948],[78.48808,17.42896],[78.48806,17.42889],[78.48798,17.42864],[78.48793,17.42854]]}},{"type":"Feature","properties":{"name":"NH44","highway":"trunk","policy":""},"geometry":{"type":"LineString","coordinates":[[78.48793,17.42854],[78.48789,17.42844]]}},{"type":"Feature","properties":{"name":"Outer Ring Road","highway":"motorway","policy":""},"geometry":{"type":"LineString","coordinates":[[78.54545,17.21629],[78.54511,17.21616],[78.54459,17.21597],[78.54406,17.21578],[78.54352,17.21561],[78.54298,17.21545],[78.54243,17.2153],[78.54189,17.21516],[78.54134,17.21503],[78.5379,17.21427]]}},{"type":"Feature","properties":{"name":"Outer Ring Road","highway":"motorway","policy":""},"geometry":{"type":"LineString","coordinates":[[78.47635,17.20378],[78.47598,17.20378]]}},{"type":"Feature","properties":{"name":"Outer Ring Road","highway":"motorway","policy":""},"geometry":{"type":"LineString","coordinates":[[78.49578,17.2053],[78.49637,17.20542],[78.49747,17.20565],[78.50493,17.20725]]}},{"type":"Feature","properties":{"name":"Outer Ring Road","highway":"motorway","policy":""},"geometry":{"type":"LineString","coordinates":[[78.38918,17.20624],[78.38898,17.20645],[78.3888,17.20665],[78.38862,17.20687],[78.38845,17.20709],[78.38828,17.20731],[78.38813,17.20754],[78.38797,17.20777],[78.38783,17.20801],[78.38399,17.2143],[78.38371,17.21479],[78.38346,17.21527],[78.38321,17.21577],[78.383,17.21626],[78.3828,17.21678],[78.38262,17.21729],[78.38247,17.21782],[78.38234,17.21834],[78.38223,17.21888],[78.38214,17.21942],[78.38207,17.21996],[78.38203,17.22051],[78.38201,17.22105],[78.382,17.22159],[78.38197,17.22386]]}},{"type":"Feature","properties":{"name":"Outer Ring Road","highway":"motorway","policy":""},"geometry":{"type":"LineString","coordinates":[[78.476,17.20396],[78.47637,17.20396]]}},{"type":"Feature","properties":{"name":"NH765","highway":"trunk","policy":""},"geometry":{"type":"LineString","coordinates":[[78.47606,17.20324],[78.47609,17.20347],[78.47617,17.20419],[78.47621,17.2045],[78.47623,17.20464],[78.47634,17.2058],[78.47642,17.20654],[78.4765,17.20722],[78.4766,17.2081],[78.47661,17.2082],[78.47668,17.20876],[78.4767,17.20907],[78.47672,17.20922],[78.47675,17.20937],[78.4768,17.21031],[78.47684,17.21175],[78.47684,17.21204],[78.47688,17.21416],[78.47687,17.21551],[78.4769,17.21697],[78.47692,17.21728],[78.47693,17.21759],[78.47689,17.21798],[78.47641,17.21989],[78.47566,17.22282],[78.47561,17.22302],[78.47543,17.2237],[78.47525,17.22442],[78.47518,17.22469],[78.47499,17.22545],[78.47477,17.22634],[78.47453,17.2273],[78.47447,17.22756],[78.47402,17.22937],[78.47345,17.2317],[78.47329,17.23246],[78.47327,17.23258],[78.47326,17.23266],[78.47324,17.23292],[78.47327,17.23408],[78.47327,17.23412],[78.4733,17.23546],[78.47327,17.23584],[78.47323,17.2363],[78.47305,17.2375],[78.47297,17.23811],[78.47296,17.23822],[78.47294,17.23859],[78.47298,17.23904],[78.47305,17.23933],[78.47307,17.23943],[78.47309,17.23949],[78.47327,17.24004],[78.47337,17.24043],[78.47347,17.2426],[78.47343,17.24391],[78.47342,17.24523],[78.47344,17.24557],[78.47353,17.24618],[78.47359,17.24656],[78.47372,17.24706],[78.4738,17.24729],[78.4739,17.24765],[78.47401,17.24809],[78.47403,17.24819],[78.47415,17.24846],[78.47418,17.24851],[78.47423,17.24865]]}},{"type":"Feature","properties":{"name":"Golkonda Road","highway":"trunk","policy":""},"geometry":{"type":"LineString","coordinates":[[78.42784,17.39614],[78.42846,17.39609],[78.42931,17.39603]]}},{"type":"Feature","properties":{"name":"Lakdikapul Road","highway":"trunk","policy":""},"geometry":{"type":"LineString","coordinates":[[78.46476,17.40396],[78.46466,17.40397],[78.46459,17.40399],[78.46449,17.40398],[78.4644,17.40396],[78.46383,17.4036]]}},{"type":"Feature","properties":{"name":"Nampalli Assembly Road - Public Garden Road","highway":"trunk","policy":""},"geometry":{"type":"LineString","coordinates":[[78.47043,17.39493],[78.47076,17.39554],[78.47089,17.39583],[78.4709,17.39586],[78.47094,17.39599],[78.47095,17.39609],[78.47095,17.39628],[78.47093,17.39674],[78.47088,17.39718],[78.47083,17.3977],[78.47077,17.39818],[78.47073,17.39847],[78.47074,17.39875],[78.47077,17.39893],[78.4708,17.39904]]}},{"type":"Feature","properties":{"name":"Lakdikapul Road","highway":"trunk","policy":""},"geometry":{"type":"LineString","coordinates":[[78.46352,17.40336],[78.46329,17.4032],[78.46305,17.40307]]}},{"type":"Feature","properties":{"name":"Somajiguda Road - Panjagutta Main Road","highway":"trunk","policy":""},"geometry":{"type":"LineString","coordinates":[[78.45978,17.41345],[78.45952,17.41367]]}},{"type":"Feature","properties":{"name":"NH44;NH65;NH163","highway":"trunk","policy":""},"geometry":{"type":"LineString","coordinates":[[78.47007,17.39009],[78.47001,17.39021],[78.47,17.39023],[78.46998,17.39036],[78.46999,17.39069],[78.47,17.39092],[78.47001,17.39118],[78.47001,17.3913],[78.47002,17.3915],[78.47003,17.39181],[78.47004,17.39198],[78.47005,17.39212],[78.47007,17.39228],[78.47007,17.39235],[78.47008,17.39244],[78.47008,17.39256],[78.4701,17.3929],[78.47012,17.39303],[78.47013,17.39313],[78.47017,17.39345],[78.47019,17.39376],[78.47022,17.39413],[78.47024,17.39424],[78.47025,17.39431],[78.47027,17.3944],[78.4703,17.39454],[78.47035,17.39473],[78.4704,17.39485],[78.47043,17.39493]]}},{"type":"Feature","properties":{"name":"NH44;NH65;NH163","highway":"trunk","policy":""},"geometry":{"type":"LineString","coordinates":[[78.47604,17.37424],[78.47578,17.37442],[78.47556,17.37456],[78.47538,17.37464],[78.47523,17.37475],[78.47516,17.37484],[78.47514,17.37488],[78.47509,17.37495],[78.47507,17.37507],[78.47506,17.37523],[78.47505,17.37565],[78.47504,17.37592],[78.47503,17.3761],[78.47501,17.37618],[78.475,17.37641],[78.47504,17.3765],[78.47506,17.37658],[78.47505,17.37685],[78.47505,17.377],[78.47506,17.37755],[78.47506,17.37802],[78.47505,17.3787],[78.47502,17.37883],[78.47495,17.37902],[78.47493,17.37914],[78.47492,17.3793],[78.47493,17.37937],[78.47495,17.37946],[78.47499,17.37957],[78.47502,17.37964],[78.47504,17.37973],[78.47506,17.37986],[78.47505,17.3802],[78.47506,17.38057],[78.47506,17.38088],[78.47506,17.38125],[78.47507,17.38166],[78.47507,17.38202],[78.47507,17.3822],[78.47506,17.38255],[78.47507,17.3833],[78.47507,17.38338],[78.47507,17.3835],[78.47508,17.38356],[78.47508,17.38362],[78.47509,17.38373]]}},{"type":"Feature","properties":{"name":"Chader Ghat Bridge","highway":"trunk","policy":""},"geometry":{"type":"LineString","coordinates":[[78.49178,17.38047],[78.4919,17.37926],[78.49198,17.37844]]}},{"type":"Feature","properties":{"name":"Lakdikapul Road","highway":"trunk","policy":""},"geometry":{"type":"LineString","coordinates":[[78.46446,17.40462],[78.46475,17.40427],[78.46478,17.40425],[78.46481,17.40421],[78.46498,17.40402],[78.46501,17.40399],[78.4651,17.4039],[78.46519,17.40381],[78.46522,17.40379],[78.46533,17.40366],[78.46566,17.40332],[78.4658,17.40317],[78.46584,17.40314],[78.46592,17.40307],[78.466,17.40302],[78.46611,17.40296],[78.46624,17.40292],[78.46639,17.40289],[78.46722,17.40276],[78.46736,17.40276],[78.46759,17.40275],[78.4679,17.40271]]}},{"type":"Feature","properties":{"name":"NH44","highway":"trunk","policy":""},"geometry":{"type":"LineString","coordinates":[[78.46788,17.40255],[78.4679,17.40271]]}},{"type":"Feature","properties":{"name":"NH65","highway":"trunk","policy":""},"geometry":{"type":"LineString","coordinates":[[78.46811,17.40265],[78.46807,17.40246]]}},{"type":"Feature","properties":{"name":"Uppal Road","highway":"trunk","policy":""},"geometry":{"type":"LineString","coordinates":[[78.50517,17.38977],[78.50504,17.38975],[78.50491,17.38968]]}},{"type":"Feature","properties":{"name":"NH163","highway":"trunk","policy":""},"geometry":{"type":"LineString","coordinates":[[78.5045,17.38937],[78.50436,17.38927],[78.50423,17.38916],[78.50414,17.38907],[78.50411,17.38904],[78.50404,17.38896],[78.50359,17.3884],[78.50343,17.38823]]}},{"type":"Feature","properties":{"name":"NH163","highway":"trunk","policy":""},"geometry":{"type":"LineString","coordinates":[[78.50491,17.38968],[78.5045,17.38937]]}},{"type":"Feature","properties":{"name":"NH44","highway":"trunk","policy":""},"geometry":{"type":"LineString","coordinates":[[78.45595,17.36233],[78.45615,17.36293],[78.45628,17.36331],[78.45644,17.36382],[78.45652,17.36405],[78.45659,17.36421],[78.45668,17.36438],[78.45682,17.36463],[78.45707,17.36508],[78.4574,17.36561],[78.45744,17.36566],[78.45766,17.36598],[78.45787,17.36623],[78.45805,17.36639],[78.45824,17.36656],[78.45832,17.36663]]}},{"type":"Feature","properties":{"name":"Inner Ring Road Underpass","highway":"trunk","policy":""},"geometry":{"type":"LineString","coordinates":[[78.43214,17.32152],[78.43169,17.32184]]}},{"type":"Feature","properties":{"name":"Mumbai Highway","highway":"trunk","policy":""},"geometry":{"type":"LineString","coordinates":[[78.48478,17.3806],[78.48456,17.38055],[78.48438,17.38051],[78.48417,17.38043],[78.48382,17.38027],[78.48355,17.38011],[78.48339,17.38],[78.4832,17.37984],[78.483,17.37965],[78.4829,17.37953],[78.48283,17.37945],[78.4827,17.37922],[78.48253,17.37891],[78.48242,17.37874],[78.48235,17.37863],[78.48222,17.37843]]}},{"type":"Feature","properties":{"name":"Mumbai Highway","highway":"trunk","policy":""},"geometry":{"type":"LineString","coordinates":[[78.47739,17.37371],[78.47747,17.37379],[78.47764,17.37381],[78.47792,17.37378],[78.47829,17.3737],[78.47838,17.37368],[78.47867,17.37365],[78.47881,17.37367],[78.47892,17.37372],[78.47914,17.37387],[78.47935,17.37402],[78.47961,17.37423],[78.47979,17.3744],[78.47992,17.37457],[78.47998,17.37466],[78.48018,17.37497],[78.48022,17.37502],[78.48035,17.37524],[78.48037,17.37528]]}},{"type":"Feature","properties":{"name":"NH44","highway":"trunk","policy":""},"geometry":{"type":"LineString","coordinates":[[78.47693,17.37071],[78.47696,17.37064],[78.47697,17.37062]]}},{"type":"Feature","properties":{"name":"Mumbai Highway","highway":"trunk","policy":""},"geometry":{"type":"LineString","coordinates":[[78.4822,17.3786],[78.48217,17.37862],[78.48211,17.37871],[78.48207,17.37882],[78.4821,17.37893],[78.48215,17.37901],[78.48231,17.37916],[78.48258,17.37941],[78.48273,17.37951],[78.48283,17.37959],[78.48289,17.37965],[78.48305,17.3798],[78.48326,17.37998],[78.48342,17.3801],[78.48378,17.38033],[78.48404,17.38045],[78.48431,17.38055],[78.48462,17.38064],[78.48473,17.38068],[78.48493,17.38072],[78.48508,17.38075],[78.48521,17.38074]]}},{"type":"Feature","properties":{"name":"Inner Ring Road Underpass","highway":"trunk","policy":""},"geometry":{"type":"LineString","coordinates":[[78.43174,17.32192],[78.43219,17.3216]]}},{"type":"Feature","properties":{"name":"NH44","highway":"trunk","policy":""},"geometry":{"type":"LineString","coordinates":[[78.45844,17.36638],[78.4582,17.36638],[78.45807,17.36632],[78.45786,17.36612],[78.45769,17.36593],[78.4575,17.36563],[78.45713,17.36505],[78.45709,17.36499]]}},{"type":"Feature","properties":{"name":"NH44","highway":"trunk","policy":""},"geometry":{"type":"LineString","coordinates":[[78.47586,17.37254],[78.47592,17.3726],[78.47594,17.37262],[78.47597,17.37263],[78.476,17.37263],[78.47603,17.37262],[78.47605,17.3726],[78.47608,17.37258],[78.47611,17.37255],[78.47613,17.37252],[78.47617,17.37249]]}},{"type":"Feature","properties":{"name":"Flyover","highway":"trunk","policy":""},"geometry":{"type":"LineString","coordinates":[[78.40368,17.27682],[78.40405,17.27707],[78.40437,17.27727],[78.4052,17.27769],[78.40575,17.27793],[78.40646,17.27823],[78.40686,17.2784],[78.40724,17.27855],[78.40735,17.2786],[78.40781,17.27883],[78.40852,17.27928],[78.40905,17.27971],[78.40922,17.27986]]}},{"type":"Feature","properties":{"name":"Inner Ring Road Underpass","highway":"trunk","policy":""},"geometry":{"type":"LineString","coordinates":[[78.43073,17.32279],[78.43092,17.32254],[78.43098,17.32249],[78.43174,17.32192]]}},{"type":"Feature","properties":{"name":"Outer Ring Road","highway":"motorway","policy":""},"geometry":{"type":"LineString","coordinates":[[78.35704,17.42212],[78.35711,17.42238]]}},{"type":"Feature","properties":{"name":"Outer Ring Road","highway":"motorway","policy":""},"geometry":{"type":"LineString","coordinates":[[78.37776,17.25105],[78.3775,17.25155]]}},{"type":"Feature","properties":{"name":"Outer Ring Road","highway":"motorway","policy":""},"geometry":{"type":"LineString","coordinates":[[78.34925,17.37741],[78.3492,17.37724],[78.34912,17.37688],[78.34905,17.37654],[78.34898,17.37618],[78.34892,17.37584],[78.34888,17.37548],[78.34885,17.37513],[78.34884,17.37478],[78.34884,17.37445],[78.34887,17.37411],[78.34892,17.37375],[78.34899,17.37341],[78.34909,17.37306],[78.34918,17.37275]]}},{"type":"Feature","properties":{"name":"Outer Ring Road","highway":"motorway","policy":""},"geometry":{"type":"LineString","coordinates":[[78.35623,17.41895],[78.3563,17.41923]]}},{"type":"Feature","properties":{"name":"Outer Ring Road","highway":"motorway","policy":""},"geometry":{"type":"LineString","coordinates":[[78.35726,17.42235],[78.35719,17.42208]]}},{"type":"Feature","properties":{"name":"Outer Ring Road","highway":"motorway","policy":""},"geometry":{"type":"LineString","coordinates":[[78.36006,17.43257],[78.35962,17.43137],[78.35937,17.43055],[78.35904,17.42928],[78.35894,17.42889],[78.3584,17.42683],[78.358,17.42518],[78.35789,17.42478],[78.35752,17.42325]]}},{"type":"Feature","properties":{"name":"Outer Ring Road","highway":"motorway","policy":""},"geometry":{"type":"LineString","coordinates":[[78.35645,17.41919],[78.35638,17.41892]]}},{"type":"Feature","properties":{"name":"Outer Ring Road","highway":"motorway","policy":""},"geometry":{"type":"LineString","coordinates":[[78.3563,17.41923],[78.35667,17.42068],[78.35704,17.42212]]}},{"type":"Feature","properties":{"name":"Outer Ring Road","highway":"motorway","policy":""},"geometry":{"type":"LineString","coordinates":[[78.36018,17.43281],[78.36006,17.43257]]}},{"type":"Feature","properties":{"name":"Outer Ring Road","highway":"motorway","policy":""},"geometry":{"type":"LineString","coordinates":[[78.35719,17.42208],[78.35682,17.42064],[78.35645,17.41919]]}},{"type":"Feature","properties":{"name":"Outer Ring Road","highway":"motorway","policy":""},"geometry":{"type":"LineString","coordinates":[[78.37765,17.25167],[78.37773,17.2515]]}},{"type":"Feature","properties":{"name":"Outer Ring Road","highway":"motorway","policy":""},"geometry":{"type":"LineString","coordinates":[[78.35549,17.4154],[78.35604,17.41807],[78.35613,17.41851],[78.35623,17.41895]]}},{"type":"Feature","properties":{"name":"Outer Ring Road","highway":"motorway","policy":""},"geometry":{"type":"LineString","coordinates":[[78.38323,17.21622],[78.38339,17.21584],[78.38363,17.21534],[78.38389,17.21487],[78.38416,17.21439],[78.388,17.20809],[78.38814,17.20786],[78.38829,17.20764],[78.38845,17.20741],[78.38861,17.20719],[78.38878,17.20698],[78.38895,17.20677],[78.38913,17.20656],[78.38932,17.20637]]}},{"type":"Feature","properties":{"name":"Outer Ring Road","highway":"motorway","policy":""},"geometry":{"type":"LineString","coordinates":[[78.37593,17.25467],[78.37583,17.25494],[78.37574,17.25521],[78.37565,17.25549],[78.37557,17.25577],[78.37554,17.25591],[78.37549,17.25613],[78.37544,17.25638],[78.37539,17.25663],[78.37536,17.25688],[78.37533,17.25714],[78.37531,17.25743],[78.37529,17.25773]]}},{"type":"Feature","properties":{"name":"Outer Ring Road","highway":"motorway","policy":""},"geometry":{"type":"LineString","coordinates":[[78.35988,17.43264],[78.35998,17.43289]]}},{"type":"Feature","properties":{"name":"Chadarghat Road","highway":"trunk","policy":""},"geometry":{"type":"LineString","coordinates":[[78.49224,17.37757],[78.49238,17.37758],[78.4926,17.37744],[78.49277,17.37738],[78.49297,17.37735],[78.49326,17.37729]]}},{"type":"Feature","properties":{"name":"Outer Ring Road","highway":"motorway","policy":""},"geometry":{"type":"LineString","coordinates":[[78.3175,17.4111],[78.31696,17.41123],[78.31642,17.41135],[78.31587,17.41146],[78.31532,17.41156],[78.31476,17.41165],[78.3142,17.41173],[78.31365,17.4118],[78.3135,17.41182],[78.3131,17.41186],[78.31252,17.41191],[78.30497,17.41246]]}},{"type":"Feature","properties":{"name":"Outer Ring Road","highway":"motorway","policy":""},"geometry":{"type":"LineString","coordinates":[[78.23802,17.53933],[78.23789,17.5392],[78.23772,17.53901],[78.23754,17.5388],[78.23747,17.53872]]}},{"type":"Feature","properties":{"name":"Outer Ring Road","highway":"motorway","policy":""},"geometry":{"type":"LineString","coordinates":[[78.30887,17.41236],[78.31253,17.41209],[78.31311,17.41205],[78.31367,17.41199],[78.31386,17.41196],[78.31423,17.41192],[78.31479,17.41184],[78.31535,17.41174],[78.31591,17.41164],[78.31647,17.41153],[78.317,17.4114],[78.31755,17.41128]]}},{"type":"Feature","properties":{"name":"NH65","highway":"trunk","policy":""},"geometry":{"type":"LineString","coordinates":[[78.23685,17.53848],[78.23747,17.53825]]}},{"type":"Feature","properties":{"name":"Outer Ring Road","highway":"motorway","policy":""},"geometry":{"type":"LineString","coordinates":[[78.24385,17.49989],[78.24373,17.50048],[78.24351,17.50153],[78.24325,17.5027],[78.24297,17.50386],[78.24267,17.50502],[78.24252,17.5056],[78.24237,17.50617],[78.24205,17.50732],[78.24171,17.50847],[78.24137,17.50962],[78.24119,17.51019],[78.24101,17.51075],[78.24095,17.51094]]}},{"type":"Feature","properties":{"name":"Outer Ring Road","highway":"motorway","policy":""},"geometry":{"type":"LineString","coordinates":[[78.24874,17.46783],[78.24872,17.46793]]}},{"type":"Feature","properties":{"name":"Outer Ring Road","highway":"motorway","policy":""},"geometry":{"type":"LineString","coordinates":[[78.2488,17.46864],[78.24884,17.46837]]}},{"type":"Feature","properties":{"name":"NH65","highway":"trunk","policy":""},"geometry":{"type":"LineString","coordinates":[[78.23677,17.53837],[78.23617,17.53864],[78.23554,17.53891],[78.23489,17.5392],[78.23432,17.53945],[78.23358,17.53975],[78.23317,17.53993],[78.23301,17.54],[78.23251,17.54021],[78.23178,17.54053],[78.2317,17.54057],[78.23133,17.54072],[78.22989,17.54135],[78.22956,17.54149],[78.22915,17.54165],[78.22894,17.54174],[78.22856,17.54189],[78.22803,17.54211],[78.2279,17.54216],[78.22765,17.54223],[78.22744,17.5423],[78.22701,17.54242],[78.22679,17.54249],[78.22647,17.54258],[78.22639,17.5426],[78.22601,17.54269],[78.22581,17.54275],[78.22514,17.54294],[78.22383,17.54331],[78.22293,17.54357],[78.22283,17.5436],[78.22268,17.54364],[78.22249,17.5437],[78.22122,17.54406],[78.22042,17.54429],[78.21839,17.54488],[78.21782,17.54504],[78.21728,17.54519],[78.21555,17.54572],[78.21529,17.5458],[78.21523,17.54582],[78.21516,17.54584],[78.21384,17.54623],[78.21352,17.54637]]}},{"type":"Feature","properties":{"name":"NH65","highway":"trunk","policy":""},"geometry":{"type":"LineString","coordinates":[[78.2374,17.53816],[78.23677,17.53837]]}},{"type":"Feature","properties":{"name":"NH65","highway":"trunk","policy":""},"geometry":{"type":"LineString","coordinates":[[78.2184,17.54497],[78.21848,17.54494],[78.21866,17.54489],[78.21907,17.54478],[78.22039,17.5444],[78.22122,17.54416],[78.22189,17.54396],[78.22271,17.54372],[78.22286,17.54368],[78.22328,17.54356],[78.22388,17.54339],[78.22523,17.543],[78.22593,17.5428],[78.22649,17.54265],[78.22727,17.54243],[78.22786,17.54225],[78.22795,17.54223],[78.22839,17.54207],[78.22859,17.54197],[78.22894,17.54184],[78.22948,17.54162],[78.22966,17.54155],[78.22993,17.54144],[78.23024,17.54131],[78.2303,17.54129],[78.231,17.54098],[78.23136,17.54082],[78.23182,17.54061],[78.23202,17.54052],[78.23279,17.54019],[78.23328,17.53997],[78.23352,17.53987],[78.23402,17.53968],[78.23437,17.53955],[78.23494,17.5393],[78.2355,17.53905],[78.23577,17.53893],[78.23685,17.53848]]}},{"type":"Feature","properties":{"name":"NH163","highway":"trunk","policy":""},"geometry":{"type":"LineString","coordinates":[[78.36172,17.3501],[78.36164,17.35011],[78.3615,17.35008],[78.35896,17.34894],[78.35887,17.34889],[78.35879,17.34882]]}},{"type":"Feature","properties":{"name":"Chavella road","highway":"trunk","policy":""},"geometry":{"type":"LineString","coordinates":[[78.37882,17.35452],[78.37889,17.3546],[78.3791,17.3548],[78.37935,17.35499],[78.37949,17.35509],[78.37951,17.3551],[78.37952,17.35511],[78.37982,17.3553],[78.38034,17.35558],[78.3807,17.35578],[78.38113,17.35601],[78.38123,17.35607],[78.3813,17.35611],[78.38136,17.35614],[78.38147,17.35619],[78.38191,17.35642],[78.38224,17.35659],[78.38255,17.35675],[78.38339,17.35717],[78.38495,17.35802],[78.38527,17.35819],[78.38622,17.3587],[78.38745,17.35938],[78.3878,17.35957],[78.38807,17.35974],[78.38814,17.35979],[78.38886,17.36031],[78.3894,17.36069],[78.39007,17.36115],[78.3902,17.36122],[78.39036,17.36126],[78.39072,17.3613],[78.39157,17.3614],[78.3929,17.36154],[78.39311,17.36157],[78.39326,17.36162],[78.39336,17.36167],[78.39344,17.36174],[78.39358,17.36191],[78.39431,17.36304],[78.39453,17.36333],[78.39464,17.3635],[78.39482,17.36385],[78.39488,17.36397],[78.39502,17.36422],[78.39522,17.36449],[78.39539,17.36465],[78.39548,17.36472],[78.39565,17.36486],[78.39613,17.36513],[78.39628,17.3652],[78.3971,17.36561],[78.39744,17.36579],[78.39777,17.36598],[78.39801,17.36613],[78.39813,17.36622],[78.39845,17.36649],[78.39999,17.36781],[78.40024,17.36799],[78.40047,17.36813],[78.40065,17.36823],[78.40088,17.36829],[78.40114,17.36831],[78.4017,17.36833],[78.40211,17.36838],[78.40254,17.36847],[78.40312,17.36864],[78.40332,17.36874],[78.40341,17.36881],[78.40344,17.36884],[78.40349,17.36888],[78.40357,17.36899],[78.40372,17.36923],[78.40384,17.36953],[78.40408,17.3701],[78.40421,17.37039],[78.40434,17.37071],[78.40459,17.37131]]}},{"type":"Feature","properties":{"name":"NH163","highway":"trunk","policy":""},"geometry":{"type":"LineString","coordinates":[[78.35879,17.34882],[78.35879,17.34872],[78.35874,17.34863],[78.35866,17.34856],[78.35851,17.34852],[78.35846,17.34853],[78.35839,17.34856],[78.35832,17.3486],[78.35828,17.34866],[78.35825,17.34872]]}},{"type":"Feature","properties":{"name":"NH163","highway":"trunk","policy":""},"geometry":{"type":"LineString","coordinates":[[78.3622,17.35035],[78.36221,17.35026],[78.36219,17.3502],[78.36215,17.35013],[78.36209,17.35007],[78.36201,17.35004],[78.36191,17.35002],[78.36181,17.35004],[78.36172,17.3501]]}},{"type":"Feature","properties":{"name":"Chavella road","highway":"trunk","policy":""},"geometry":{"type":"LineString","coordinates":[[78.40459,17.37131],[78.40466,17.37146],[78.4052,17.37249]]}},{"type":"Feature","properties":{"name":"NH163","highway":"trunk","policy":""},"geometry":{"type":"LineString","coordinates":[[78.35869,17.349],[78.3588,17.349],[78.35891,17.34903],[78.36146,17.35016],[78.36157,17.35024],[78.36163,17.35032]]}},{"type":"Feature","properties":{"name":"Outer Ring Road","highway":"motorway","policy":""},"geometry":{"type":"LineString","coordinates":[[78.37574,17.32234],[78.37577,17.32218],[78.3758,17.322],[78.37585,17.32164],[78.3759,17.32127],[78.37593,17.32091],[78.37598,17.32042],[78.3765,17.31366],[78.37654,17.31321],[78.37659,17.31276],[78.37665,17.31232],[78.37672,17.31188],[78.3768,17.31145],[78.37688,17.31101],[78.37698,17.31058],[78.3774,17.30873]]}},{"type":"Feature","properties":{"name":"Outer Ring Road","highway":"motorway","policy":""},"geometry":{"type":"LineString","coordinates":[[78.37403,17.32633],[78.3741,17.32622]]}},{"type":"Feature","properties":{"name":"Outer Ring Road","highway":"motorway","policy":""},"geometry":{"type":"LineString","coordinates":[[78.35407,17.36052],[78.3539,17.3609],[78.35372,17.36132],[78.34937,17.3717],[78.34931,17.37186],[78.34924,17.37202],[78.34918,17.37219],[78.34911,17.37238],[78.34904,17.37257]]}},{"type":"Feature","properties":{"name":"Outer Ring Road","highway":"motorway","policy":""},"geometry":{"type":"LineString","coordinates":[[78.37555,17.32231],[78.37543,17.32286],[78.37531,17.32328],[78.37518,17.32367],[78.37503,17.32406],[78.37486,17.32445],[78.37466,17.32486],[78.37444,17.32525],[78.37431,17.32549]]}},{"type":"Feature","properties":{"name":"Lakdikapool Road","highway":"trunk","policy":""},"geometry":{"type":"LineString","coordinates":[[78.46045,17.40752],[78.46041,17.40797],[78.4604,17.40805],[78.46042,17.40816],[78.46044,17.40834],[78.46047,17.40871],[78.46048,17.40878],[78.46052,17.40918],[78.46053,17.40927],[78.46055,17.40933],[78.46055,17.40935],[78.46061,17.40955],[78.46076,17.4099],[78.46079,17.40997],[78.46086,17.41016],[78.46092,17.41034],[78.46093,17.41044],[78.46093,17.41054],[78.4609,17.41098],[78.46086,17.41123],[78.46079,17.4117],[78.46072,17.41204],[78.46066,17.41224],[78.46053,17.41247],[78.46039,17.41272],[78.46035,17.41278],[78.46022,17.41297],[78.46017,17.41304],[78.46013,17.41309],[78.46003,17.41322],[78.45992,17.41333]]}},{"type":"Feature","properties":{"name":"Outer Ring Road","highway":"motorway","policy":""},"geometry":{"type":"LineString","coordinates":[[78.65846,17.3293],[78.65854,17.33495],[78.65856,17.3355],[78.65857,17.33577],[78.65859,17.33604],[78.65861,17.33631],[78.65864,17.33658],[78.65869,17.33685],[78.65873,17.33712],[78.65879,17.33739],[78.65886,17.33766],[78.65893,17.33792],[78.65901,17.33818],[78.6591,17.33844],[78.6592,17.3387],[78.65931,17.33895],[78.65942,17.3392],[78.65946,17.33928]]}},{"type":"Feature","properties":{"name":"Nizamabad Road","highway":"trunk","policy":""},"geometry":{"type":"LineString","coordinates":[[78.49252,17.55787],[78.49254,17.55753],[78.49263,17.55718],[78.49281,17.5566],[78.49309,17.55588],[78.49345,17.55503],[78.49365,17.55447],[78.49385,17.55382],[78.49392,17.55344],[78.49397,17.55292],[78.49399,17.55245],[78.49394,17.5518],[78.49386,17.55139],[78.4938,17.55111],[78.4935,17.54995],[78.49337,17.54949],[78.49323,17.54897],[78.49318,17.54881]]}},{"type":"Feature","properties":{"name":"NH44","highway":"trunk","policy":""},"geometry":{"type":"LineString","coordinates":[[78.38192,17.25623],[78.38168,17.25591],[78.38142,17.25553],[78.38125,17.25532],[78.38115,17.25519],[78.38065,17.2545],[78.38054,17.25434],[78.38013,17.25373],[78.37956,17.25304],[78.37924,17.25272],[78.37902,17.25248],[78.37862,17.25208],[78.37808,17.25158],[78.37664,17.25037],[78.37615,17.25]]}},{"type":"Feature","properties":{"name":"NH44","highway":"trunk","policy":""},"geometry":{"type":"LineString","coordinates":[[78.30279,17.17879],[78.30331,17.17992],[78.30375,17.18075],[78.30426,17.18161],[78.3045,17.18211],[78.3047,17.18266],[78.30508,17.18383],[78.30525,17.18422],[78.30545,17.18462],[78.30573,17.18511],[78.30601,17.18559],[78.30631,17.18599],[78.3064,17.18611],[78.30676,17.18651],[78.307,17.18674],[78.30738,17.18705],[78.30867,17.18806],[78.30891,17.18824],[78.30903,17.18834],[78.31004,17.18912],[78.31058,17.18956],[78.31114,17.19001],[78.31241,17.19104],[78.31376,17.1921],[78.31489,17.19299],[78.31547,17.19347],[78.31594,17.19385],[78.31632,17.19411],[78.31641,17.19417],[78.31666,17.19433],[78.31704,17.19452],[78.31794,17.19494],[78.31829,17.1951],[78.31906,17.19547],[78.31952,17.19576],[78.31976,17.19591],[78.31987,17.19602],[78.32007,17.19624],[78.32025,17.19648],[78.32031,17.19656],[78.32073,17.19714],[78.32098,17.19743],[78.32148,17.19794],[78.32152,17.19799],[78.32198,17.19844],[78.32207,17.19853],[78.32289,17.19938],[78.32297,17.19945],[78.3232,17.19964],[78.32339,17.19978],[78.32344,17.19982],[78.3238,17.20007],[78.32413,17.20032],[78.32487,17.20087],[78.32549,17.20134],[78.32627,17.2019],[78.32645,17.20202],[78.32703,17.2024],[78.32728,17.20256],[78.32783,17.20291],[78.32829,17.20323],[78.32843,17.20333],[78.32861,17.20348],[78.32959,17.20449],[78.3305,17.20553],[78.33205,17.20722],[78.33342,17.20867],[78.33402,17.20941],[78.33453,17.21005],[78.33469,17.21027],[78.33508,17.21078],[78.33546,17.21124],[78.33578,17.21163],[78.3361,17.21192],[78.33635,17.21213],[78.33659,17.21231],[78.33691,17.21252],[78.33701,17.21257],[78.33755,17.21288],[78.33848,17.21341],[78.3388,17.21364],[78.33911,17.21394],[78.33931,17.21421],[78.33949,17.21445],[78.33974,17.21489],[78.33999,17.21538],[78.34022,17.21584],[78.34079,17.21687],[78.34091,17.21709],[78.34126,17.21768],[78.34151,17.21807],[78.34173,17.21841],[78.34195,17.21876],[78.34241,17.21947],[78.34306,17.22051],[78.34308,17.22055],[78.34354,17.22129],[78.34409,17.22214],[78.34443,17.22266],[78.34485,17.22322],[78.34534,17.22381],[78.34638,17.22498],[78.34647,17.22507],[78.34765,17.22626],[78.3483,17.22686],[78.34873,17.22731],[78.34921,17.22783],[78.3493,17.22791],[78.35009,17.22869],[78.3504,17.22894],[78.35055,17.22906],[78.35073,17.2292],[78.35117,17.2295],[78.35136,17.22962],[78.35212,17.23008],[78.35241,17.23027],[78.35273,17.23052],[78.35309,17.23086],[78.35316,17.23093],[78.35356,17.23135],[78.35394,17.23176],[78.35402,17.23184],[78.35444,17.23224],[78.35485,17.23263],[78.35516,17.23288],[78.35529,17.23299],[78.35591,17.23348],[78.35657,17.23394],[78.35719,17.23434],[78.35826,17.23499],[78.35965,17.2358],[78.36018,17.23614],[78.36063,17.2365],[78.36089,17.23679],[78.36113,17.23712],[78.36169,17.23806]]}},{"type":"Feature","properties":{"name":"NH44","highway":"trunk","policy":""},"geometry":{"type":"LineString","coordinates":[[78.47703,17.37362],[78.47692,17.37345],[78.47648,17.37308],[78.4763,17.37293]]}},{"type":"Feature","properties":{"name":"Nizamabad Road","highway":"trunk","policy":""},"geometry":{"type":"LineString","coordinates":[[78.47273,17.46681],[78.47263,17.46735],[78.47246,17.46832],[78.47245,17.4687],[78.47251,17.46893],[78.47258,17.4691],[78.47277,17.46955],[78.47286,17.46968],[78.47357,17.47059],[78.47365,17.47075],[78.47367,17.47085]]}},{"type":"Feature","properties":{"name":"Inner Ring Road Underpass","highway":"trunk","policy":""},"geometry":{"type":"LineString","coordinates":[[78.43169,17.32184],[78.43061,17.32266]]}},{"type":"Feature","properties":{"name":"Nizampet - Miyapur Road Mumbai Highway","highway":"trunk","policy":""},"geometry":{"type":"LineString","coordinates":[[78.37987,17.49848],[78.37942,17.49826],[78.37938,17.49824],[78.37865,17.49788],[78.37816,17.49764],[78.37777,17.49744],[78.37738,17.49726],[78.37714,17.49718],[78.37699,17.49715],[78.37652,17.49704],[78.37564,17.49688],[78.37555,17.49685],[78.37488,17.49664],[78.37438,17.49649],[78.37418,17.49647],[78.374,17.49646],[78.37368,17.49646]]}},{"type":"Feature","properties":{"name":"Nizampet - Miyapur Road Mumbai Highway","highway":"trunk","policy":""},"geometry":{"type":"LineString","coordinates":[[78.37369,17.4966],[78.37399,17.4966],[78.37429,17.49665],[78.37478,17.49677],[78.37541,17.49697],[78.3755,17.49699],[78.37584,17.49708],[78.37708,17.49733],[78.3776,17.49753],[78.3778,17.49763],[78.37785,17.49765],[78.37796,17.4977],[78.37838,17.49791],[78.37902,17.49823],[78.3793,17.49837],[78.37935,17.49839],[78.3799,17.49866],[78.3801,17.49877],[78.38036,17.49889],[78.3806,17.49899],[78.38095,17.49912],[78.3814,17.49929],[78.38179,17.49942],[78.38197,17.49946],[78.38207,17.49948],[78.3824,17.49953],[78.38273,17.49955],[78.38289,17.49954],[78.38309,17.49953],[78.38339,17.49949],[78.38377,17.49944],[78.38422,17.49937],[78.38493,17.49927],[78.38497,17.49927],[78.38553,17.49919],[78.38581,17.49915]]}},{"type":"Feature","properties":{"name":"Pathergatti Road","highway":"trunk","policy":""},"geometry":{"type":"LineString","coordinates":[[78.47503,17.36349],[78.47516,17.36423],[78.47521,17.36435]]}},{"type":"Feature","properties":{"name":"NH765","highway":"trunk","policy":""},"geometry":{"type":"LineString","coordinates":[[78.47503,17.36331],[78.475,17.36332],[78.47497,17.36333],[78.47495,17.36335],[78.47493,17.36337],[78.47493,17.3634],[78.47493,17.36343],[78.47495,17.36346],[78.47497,17.36347],[78.475,17.36349],[78.47503,17.36349]]}},{"type":"Feature","properties":{"name":"NH765","highway":"trunk","policy":""},"geometry":{"type":"LineString","coordinates":[[78.47519,17.3634],[78.47567,17.36333],[78.47627,17.36322],[78.47637,17.3632],[78.47733,17.36303],[78.47766,17.36297],[78.47789,17.36292],[78.47839,17.36283],[78.47846,17.36282],[78.47869,17.36278],[78.47886,17.36275],[78.47907,17.36271],[78.47923,17.36268],[78.47948,17.36263],[78.47991,17.36254]]}},{"type":"Feature","properties":{"name":"NH44","highway":"trunk","policy":""},"geometry":{"type":"LineString","coordinates":[[78.4925,17.55886],[78.49262,17.55953]]}},{"type":"Feature","properties":{"name":"NH44","highway":"trunk","policy":""},"geometry":{"type":"LineString","coordinates":[[78.49262,17.55953],[78.49266,17.55985],[78.49289,17.56129],[78.49326,17.56348],[78.49334,17.5639]]}},{"type":"Feature","properties":{"name":"NH163","highway":"trunk","policy":""},"geometry":{"type":"LineString","coordinates":[[78.50129,17.38693],[78.50133,17.38701],[78.50167,17.38722],[78.50213,17.38749],[78.50241,17.38766],[78.5029,17.38795],[78.50306,17.38805],[78.50321,17.38815],[78.50337,17.38828],[78.50353,17.38843],[78.50368,17.38862],[78.50387,17.38885],[78.50406,17.38909],[78.50416,17.3892],[78.50427,17.3893],[78.50445,17.38942]]}},{"type":"Feature","properties":{"name":"Lakdikapul Road","highway":"trunk","policy":""},"geometry":{"type":"LineString","coordinates":[[78.46407,17.40393],[78.46395,17.40386],[78.46387,17.4038],[78.46377,17.40374],[78.46373,17.40371]]}},{"type":"Feature","properties":{"name":"Outer Ring Road","highway":"motorway","policy":""},"geometry":{"type":"LineString","coordinates":[[78.57059,17.57828],[78.5709,17.57822]]}},{"type":"Feature","properties":{"name":"Outer Ring Road","highway":"motorway","policy":""},"geometry":{"type":"LineString","coordinates":[[78.56296,17.58091],[78.56285,17.58095]]}},{"type":"Feature","properties":{"name":"Outer Ring Road","highway":"motorway","policy":""},"geometry":{"type":"LineString","coordinates":[[78.57444,17.57779],[78.57404,17.57777]]}},{"type":"Feature","properties":{"name":"Outer Ring Road","highway":"motorway","policy":""},"geometry":{"type":"LineString","coordinates":[[78.56293,17.58112],[78.56303,17.58108]]}},{"type":"Feature","properties":{"name":"Outer Ring Road","highway":"motorway","policy":""},"geometry":{"type":"LineString","coordinates":[[78.57086,17.57804],[78.57055,17.5781]]}},{"type":"Feature","properties":{"name":"Outer Ring Road","highway":"motorway","policy":""},"geometry":{"type":"LineString","coordinates":[[78.58931,17.57904],[78.58918,17.57903]]}},{"type":"Feature","properties":{"name":"Outer Ring Road","highway":"motorway","policy":""},"geometry":{"type":"LineString","coordinates":[[78.57407,17.57796],[78.57448,17.57797]]}},{"type":"Feature","properties":{"name":"Outer Ring Road","highway":"motorway","policy":""},"geometry":{"type":"LineString","coordinates":[[78.58916,17.57921],[78.58929,17.57922]]}},{"type":"Feature","properties":{"name":"Outer Ring Road","highway":"motorway","policy":""},"geometry":{"type":"LineString","coordinates":[[78.49372,17.59899],[78.4951,17.59865],[78.49565,17.59851],[78.49619,17.59834],[78.49646,17.59826],[78.49699,17.59807],[78.49751,17.59786],[78.49852,17.59743]]}},{"type":"Feature","properties":{"name":"Outer Ring Road","highway":"motorway","policy":""},"geometry":{"type":"LineString","coordinates":[[78.56285,17.58095],[78.54572,17.58779],[78.5452,17.58799],[78.54468,17.58818],[78.54415,17.58835],[78.54361,17.58851],[78.54309,17.58865],[78.54255,17.58879],[78.542,17.58892],[78.54145,17.58902],[78.54089,17.58912],[78.54034,17.58921],[78.53394,17.59011]]}},{"type":"Feature","properties":{"name":"Outer Ring Road","highway":"motorway","policy":""},"geometry":{"type":"LineString","coordinates":[[78.57266,17.5778],[78.57238,17.57782],[78.57209,17.57785],[78.57181,17.57788],[78.57154,17.57792],[78.57126,17.57796],[78.57098,17.57801],[78.57086,17.57804]]}},{"type":"Feature","properties":{"name":"Outer Ring Road","highway":"motorway","policy":""},"geometry":{"type":"LineString","coordinates":[[78.57106,17.57819],[78.57129,17.57814],[78.57157,17.5781],[78.57184,17.57806],[78.57211,17.57803],[78.57239,17.57801],[78.57268,17.57798],[78.57295,17.57797],[78.57323,17.57795],[78.57341,17.57795]]}},{"type":"Feature","properties":{"name":"Outer Ring Road","highway":"motorway","policy":""},"geometry":{"type":"LineString","coordinates":[[78.56454,17.58047],[78.5678,17.57917],[78.56806,17.57907],[78.56832,17.57896],[78.56857,17.57887],[78.56884,17.57877],[78.5691,17.57868],[78.56924,17.57864]]}},{"type":"Feature","properties":{"name":"Outer Ring Road","highway":"motorway","policy":""},"geometry":{"type":"LineString","coordinates":[[78.57485,17.578],[78.57492,17.578],[78.57547,17.57805],[78.57997,17.57843]]}},{"type":"Feature","properties":{"name":"Outer Ring Road","highway":"motorway","policy":""},"geometry":{"type":"LineString","coordinates":[[78.57858,17.57813],[78.57549,17.57786],[78.57493,17.57782],[78.57465,17.5778],[78.57444,17.57779]]}},{"type":"Feature","properties":{"name":"Outer Ring Road","highway":"motorway","policy":""},"geometry":{"type":"LineString","coordinates":[[78.57055,17.5781],[78.57042,17.57813],[78.57015,17.57819],[78.56987,17.57826],[78.5696,17.57834],[78.56932,17.57842],[78.56926,17.57844]]}},{"type":"Feature","properties":{"name":"Inner Ring Road","highway":"trunk","policy":""},"geometry":{"type":"LineString","coordinates":[[78.5583,17.38357],[78.55832,17.38392],[78.55832,17.38405]]}},{"type":"Feature","properties":{"name":"Hyderabad-Janagam Highway","highway":"trunk","policy":""},"geometry":{"type":"LineString","coordinates":[[78.58051,17.40121],[78.58081,17.40119]]}},{"type":"Feature","properties":{"name":"Hyderabad-Janagam Highway","highway":"trunk","policy":""},"geometry":{"type":"LineString","coordinates":[[78.58081,17.40106],[78.58049,17.40106]]}},{"type":"Feature","properties":{"name":"Hyderabad-Janagam Highway","highway":"trunk","policy":""},"geometry":{"type":"LineString","coordinates":[[78.58159,17.4012],[78.5812,17.40111],[78.58081,17.40106]]}},{"type":"Feature","properties":{"name":"Hyderabad-Janagam Highway","highway":"trunk","policy":""},"geometry":{"type":"LineString","coordinates":[[78.65423,17.43267],[78.65391,17.43234],[78.65367,17.43204],[78.65313,17.43122]]}},{"type":"Feature","properties":{"name":"Hyderabad-Janagam Highway","highway":"trunk","policy":""},"geometry":{"type":"LineString","coordinates":[[78.58081,17.40119],[78.58116,17.40122],[78.58138,17.40126],[78.5815,17.40129],[78.58172,17.40142],[78.58232,17.40202],[78.58266,17.40236],[78.58275,17.40246],[78.58296,17.40265],[78.58327,17.40292],[78.58414,17.40351],[78.58444,17.40371],[78.5845,17.40375],[78.58463,17.40384],[78.58501,17.4041],[78.58537,17.40427],[78.58585,17.40444],[78.58627,17.40459],[78.58693,17.40476],[78.58698,17.40478]]}},{"type":"Feature","properties":{"name":"Hyderabad-Janagam Highway","highway":"trunk","policy":""},"geometry":{"type":"LineString","coordinates":[[78.65426,17.43292],[78.65441,17.43303],[78.65457,17.43315]]}},{"type":"Feature","properties":{"name":"NH163","highway":"trunk","policy":""},"geometry":{"type":"LineString","coordinates":[[78.69769,17.45244],[78.69819,17.45274],[78.69889,17.45319],[78.69967,17.45371],[78.70057,17.45426],[78.70112,17.45451],[78.70181,17.45473],[78.70247,17.45488],[78.7032,17.45497]]}},{"type":"Feature","properties":{"name":"NH163","highway":"trunk","policy":""},"geometry":{"type":"LineString","coordinates":[[78.68632,17.44402],[78.68713,17.44441]]}},{"type":"Feature","properties":{"name":"NH163","highway":"trunk","policy":""},"geometry":{"type":"LineString","coordinates":[[78.68713,17.44441],[78.68781,17.44475],[78.68895,17.44543],[78.68956,17.44585]]}},{"type":"Feature","properties":{"name":"NH163","highway":"trunk","policy":""},"geometry":{"type":"LineString","coordinates":[[78.68731,17.44437],[78.68645,17.44395]]}},{"type":"Feature","properties":{"name":"NH163","highway":"trunk","policy":""},"geometry":{"type":"LineString","coordinates":[[78.68645,17.44395],[78.68573,17.44366]]}},{"type":"Feature","properties":{"name":"NH163","highway":"trunk","policy":""},"geometry":{"type":"LineString","coordinates":[[78.68574,17.44378],[78.68632,17.44402]]}},{"type":"Feature","properties":{"name":"NH163","highway":"trunk","policy":""},"geometry":{"type":"LineString","coordinates":[[78.68573,17.44366],[78.68399,17.44304],[78.68381,17.44298],[78.68223,17.44263],[78.68149,17.44249],[78.67895,17.44226],[78.67688,17.44236],[78.67564,17.44243],[78.67459,17.44257],[78.67414,17.44262],[78.67378,17.44266],[78.67344,17.44268],[78.67323,17.44269],[78.67296,17.44268],[78.67279,17.44266],[78.67273,17.44266],[78.67267,17.44265]]}},{"type":"Feature","properties":{"name":"NH163","highway":"trunk","policy":""},"geometry":{"type":"LineString","coordinates":[[78.68978,17.446],[78.69051,17.44654]]}},{"type":"Feature","properties":{"name":"NH163","highway":"trunk","policy":""},"geometry":{"type":"LineString","coordinates":[[78.68963,17.44574],[78.68915,17.44541],[78.68834,17.44492],[78.68731,17.44437]]}},{"type":"Feature","properties":{"name":"NH163","highway":"trunk","policy":""},"geometry":{"type":"LineString","coordinates":[[78.69078,17.44674],[78.69116,17.44704],[78.69255,17.44829],[78.69314,17.44888],[78.69369,17.44946],[78.6943,17.45004]]}},{"type":"Feature","properties":{"name":"NH163","highway":"trunk","policy":""},"geometry":{"type":"LineString","coordinates":[[78.6906,17.44646],[78.68986,17.4459]]}},{"type":"Feature","properties":{"name":"NH163","highway":"trunk","policy":""},"geometry":{"type":"LineString","coordinates":[[78.6943,17.45004],[78.69509,17.45072]]}},{"type":"Feature","properties":{"name":"NH163","highway":"trunk","policy":""},"geometry":{"type":"LineString","coordinates":[[78.69509,17.45072],[78.69584,17.45128],[78.69717,17.45213],[78.69769,17.45244]]}},{"type":"Feature","properties":{"name":"NH163","highway":"trunk","policy":""},"geometry":{"type":"LineString","coordinates":[[78.69437,17.44997],[78.6937,17.44929],[78.69286,17.44843],[78.69151,17.44719],[78.69086,17.44665]]}},{"type":"Feature","properties":{"name":"NH163","highway":"trunk","policy":""},"geometry":{"type":"LineString","coordinates":[[78.69517,17.45065],[78.69437,17.44997]]}},{"type":"Feature","properties":{"name":"NH163","highway":"trunk","policy":""},"geometry":{"type":"LineString","coordinates":[[78.69777,17.45234],[78.69587,17.45115],[78.69517,17.45065]]}},{"type":"Feature","properties":{"name":"NH163","highway":"trunk","policy":""},"geometry":{"type":"LineString","coordinates":[[78.70321,17.45486],[78.70297,17.45483],[78.70208,17.45469],[78.70141,17.45449],[78.70063,17.45413],[78.69999,17.45378],[78.69923,17.45326],[78.69833,17.45269],[78.69777,17.45234]]}},{"type":"Feature","properties":{"name":"Outer Ring Road","highway":"motorway","policy":""},"geometry":{"type":"LineString","coordinates":[[78.40782,17.59269],[78.40748,17.59249]]}},{"type":"Feature","properties":{"name":"Outer Ring Road","highway":"motorway","policy":""},"geometry":{"type":"LineString","coordinates":[[78.40733,17.59261],[78.40767,17.59282]]}},{"type":"Feature","properties":{"name":"Outer Ring Road","highway":"motorway","policy":""},"geometry":{"type":"LineString","coordinates":[[78.41672,17.59698],[78.41682,17.59702]]}},{"type":"Feature","properties":{"name":"Outer Ring Road","highway":"motorway","policy":""},"geometry":{"type":"LineString","coordinates":[[78.41689,17.59685],[78.41679,17.59681]]}},{"type":"Feature","properties":{"name":"Outer Ring Road","highway":"motorway","policy":""},"geometry":{"type":"LineString","coordinates":[[78.4099,17.59406],[78.41017,17.59419]]}},{"type":"Feature","properties":{"name":"Outer Ring Road","highway":"motorway","policy":""},"geometry":{"type":"LineString","coordinates":[[78.41028,17.59404],[78.41001,17.59391]]}},{"type":"Feature","properties":{"name":"Outer Ring Road","highway":"motorway","policy":""},"geometry":{"type":"LineString","coordinates":[[78.40982,17.59381],[78.40961,17.59371],[78.40937,17.59358],[78.40913,17.59344],[78.40815,17.59289],[78.4079,17.59274]]}},{"type":"Feature","properties":{"name":"Outer Ring Road","highway":"motorway","policy":""},"geometry":{"type":"LineString","coordinates":[[78.40767,17.59282],[78.40805,17.59304],[78.40854,17.59332]]}},{"type":"Feature","properties":{"name":"Outer Ring Road","highway":"motorway","policy":""},"geometry":{"type":"LineString","coordinates":[[78.41679,17.59681],[78.41596,17.59648]]}},{"type":"Feature","properties":{"name":"NH765D","highway":"trunk","policy":""},"geometry":{"type":"LineString","coordinates":[[78.40246,17.59699],[78.40346,17.59616]]}},{"type":"Feature","properties":{"name":"NH765D","highway":"trunk","policy":""},"geometry":{"type":"LineString","coordinates":[[78.40398,17.59543],[78.40398,17.5955],[78.404,17.59557],[78.40404,17.59563],[78.4041,17.59568],[78.40417,17.5957],[78.40425,17.59571]]}},{"type":"Feature","properties":{"name":"Mukharam Jahi Road","highway":"trunk","policy":""},"geometry":{"type":"LineString","coordinates":[[78.47509,17.38373],[78.47496,17.38382],[78.47479,17.38396],[78.47457,17.38414]]}},{"type":"Feature","properties":{"name":"NH65;NH163","highway":"trunk","policy":""},"geometry":{"type":"LineString","coordinates":[[78.47604,17.37424],[78.47639,17.37398],[78.47654,17.37394]]}},{"type":"Feature","properties":{"name":"Srinagar-Kanyakumari Highway","highway":"trunk","policy":""},"geometry":{"type":"LineString","coordinates":[[78.47768,17.45827],[78.4776,17.45839],[78.47748,17.45857],[78.47734,17.45874],[78.47731,17.45876],[78.47687,17.45907],[78.47646,17.45931],[78.4762,17.4595],[78.47612,17.45956],[78.47598,17.45972],[78.47587,17.45992],[78.47581,17.46011],[78.47571,17.46063],[78.47569,17.46104],[78.47567,17.4612],[78.47561,17.46135],[78.4754,17.46161],[78.47501,17.46198],[78.47453,17.46239],[78.47447,17.46244],[78.47397,17.46283],[78.47351,17.46322],[78.4732,17.46348],[78.47293,17.46372],[78.47288,17.46377],[78.47284,17.46379],[78.4728,17.46383]]}},{"type":"Feature","properties":{"name":"Srinagar-Kanyakumari Highway","highway":"trunk","policy":""},"geometry":{"type":"LineString","coordinates":[[78.47457,17.46243],[78.47499,17.46206],[78.47545,17.46167],[78.47558,17.46154],[78.4757,17.46141],[78.47573,17.46131],[78.47575,17.4612],[78.47577,17.46102],[78.47578,17.46093],[78.47579,17.4608],[78.4758,17.46063],[78.47582,17.46051],[78.47591,17.46008]]}},{"type":"Feature","properties":{"name":"Srinagar-Kanyakumari Highway","highway":"trunk","policy":""},"geometry":{"type":"LineString","coordinates":[[78.47772,17.4583],[78.47801,17.45781]]}},{"type":"Feature","properties":{"name":"Srinagar-Kanyakumari Highway","highway":"trunk","policy":""},"geometry":{"type":"LineString","coordinates":[[78.47794,17.45778],[78.47768,17.45827]]}},{"type":"Feature","properties":{"name":"NH163","highway":"trunk","policy":""},"geometry":{"type":"LineString","coordinates":[[78.42679,17.39355],[78.42683,17.39367],[78.42713,17.39466],[78.4273,17.39526],[78.42745,17.39561],[78.4275,17.39572],[78.42755,17.39582],[78.42762,17.39591]]}},{"type":"Feature","properties":{"name":"NH163","highway":"trunk","policy":""},"geometry":{"type":"LineString","coordinates":[[78.42171,17.381],[78.42182,17.38129],[78.42189,17.38152],[78.42197,17.38174],[78.42214,17.38226],[78.42221,17.38248]]}},{"type":"Feature","properties":{"name":"NH163","highway":"trunk","policy":""},"geometry":{"type":"LineString","coordinates":[[78.42436,17.39241],[78.42362,17.39215],[78.42345,17.39209],[78.42317,17.39199],[78.42313,17.39197],[78.42309,17.39193],[78.42307,17.39188],[78.42306,17.39185],[78.42306,17.39123],[78.42306,17.39104],[78.42295,17.38969],[78.42289,17.38898],[78.42286,17.38867],[78.42282,17.38815],[78.42278,17.38767],[78.42277,17.3876],[78.42264,17.38602],[78.42264,17.38598]]}},{"type":"Feature","properties":{"name":"NH163","highway":"trunk","policy":""},"geometry":{"type":"LineString","coordinates":[[78.4268,17.39342],[78.42673,17.39336]]}},{"type":"Feature","properties":{"name":"NH163","highway":"trunk","policy":""},"geometry":{"type":"LineString","coordinates":[[78.42269,17.38761],[78.42269,17.38769],[78.42282,17.38933],[78.42286,17.3897],[78.42297,17.39099],[78.42298,17.39189],[78.42298,17.39193],[78.423,17.39197],[78.42303,17.39201],[78.42308,17.39204],[78.42408,17.3924],[78.42432,17.39247],[78.42469,17.39263],[78.42512,17.39278],[78.42643,17.39327],[78.42656,17.39333],[78.42661,17.39336],[78.42664,17.39338],[78.42673,17.39346],[78.42679,17.39355]]}},{"type":"Feature","properties":{"name":"Srinagar-Kanyakumari Highway","highway":"trunk","policy":""},"geometry":{"type":"LineString","coordinates":[[78.47844,17.45726],[78.4786,17.45711],[78.47932,17.45645],[78.47967,17.45611],[78.47984,17.45585],[78.48055,17.45468],[78.4806,17.45463],[78.48066,17.45461],[78.48083,17.45462],[78.48115,17.45479],[78.48141,17.45493],[78.48252,17.45554],[78.48297,17.4558],[78.48342,17.45606],[78.48462,17.45675],[78.48481,17.45686],[78.48484,17.45687],[78.48497,17.45693]]}},{"type":"Feature","properties":{"name":"freight corridor","highway":"trunk","policy":""},"geometry":{"type":"LineString","coordinates":[[78.48506,17.45685],[78.48497,17.4568]]}},{"type":"Feature","properties":{"name":"freight corridor","highway":"trunk","policy":""},"geometry":{"type":"LineString","coordinates":[[78.48497,17.4568],[78.48497,17.45693]]}},{"type":"Feature","properties":{"name":"NH44","highway":"trunk","policy":""},"geometry":{"type":"LineString","coordinates":[[78.48497,17.45693],[78.48506,17.45697]]}},{"type":"Feature","properties":{"name":"NH44","highway":"trunk","policy":""},"geometry":{"type":"LineString","coordinates":[[78.48506,17.45697],[78.48506,17.45685]]}},{"type":"Feature","properties":{"name":"Ameerpet Road - Panjagutta Main Road","highway":"trunk","policy":""},"geometry":{"type":"LineString","coordinates":[[78.44603,17.43379],[78.44617,17.43362],[78.44661,17.4331],[78.44704,17.43258],[78.44713,17.43248],[78.44727,17.43233],[78.44745,17.4321],[78.44757,17.43199],[78.44787,17.43168],[78.44796,17.43162],[78.44803,17.43156],[78.44814,17.43147]]}},{"type":"Feature","properties":{"name":"Mahatma Gandhi Road","highway":"trunk","policy":""},"geometry":{"type":"LineString","coordinates":[[78.48753,17.44183],[78.48752,17.44191]]}},{"type":"Feature","properties":{"name":"Chader Ghat Bridge","highway":"trunk","policy":""},"geometry":{"type":"LineString","coordinates":[[78.49189,17.37843],[78.49181,17.37923],[78.49169,17.38046]]}},{"type":"Feature","properties":{"name":"NH65","highway":"trunk","policy":""},"geometry":{"type":"LineString","coordinates":[[78.49169,17.38046],[78.49168,17.38054],[78.49167,17.38065],[78.49163,17.38084]]}},{"type":"Feature","properties":{"name":"Hyderabad Janagam Highway","highway":"trunk","policy":""},"geometry":{"type":"LineString","coordinates":[[78.49327,17.3822],[78.49338,17.3822]]}},{"type":"Feature","properties":{"name":"NH65","highway":"trunk","policy":""},"geometry":{"type":"LineString","coordinates":[[78.49183,17.37781],[78.49188,17.3779],[78.49192,17.37801],[78.49192,17.37812],[78.49189,17.37843]]}},{"type":"Feature","properties":{"name":"NH65","highway":"trunk","policy":""},"geometry":{"type":"LineString","coordinates":[[78.49198,17.37844],[78.49201,17.3782],[78.49204,17.37805],[78.49211,17.37779]]}},{"type":"Feature","properties":{"name":"NH65","highway":"trunk","policy":""},"geometry":{"type":"LineString","coordinates":[[78.49808,17.37526],[78.49794,17.37536],[78.49773,17.37544],[78.49757,17.37547],[78.49721,17.37552],[78.49708,17.37553],[78.49694,17.37555],[78.49689,17.37556],[78.49679,17.37558],[78.49668,17.37563],[78.49659,17.37568],[78.49649,17.37575],[78.49632,17.37591],[78.49622,17.37606],[78.49613,17.3762],[78.49607,17.3763],[78.49598,17.37651]]}},{"type":"Feature","properties":{"name":"Vijaywada Highway","highway":"trunk","policy":""},"geometry":{"type":"LineString","coordinates":[[78.50734,17.37272],[78.50681,17.37281],[78.50633,17.3729],[78.50553,17.37303],[78.50515,17.37308],[78.50504,17.3731],[78.5045,17.37318],[78.50418,17.37323],[78.50393,17.37327],[78.50353,17.37332],[78.5032,17.37338],[78.50306,17.3734]]}},{"type":"Feature","properties":{"name":"Vijaywada Highway","highway":"trunk","policy":""},"geometry":{"type":"LineString","coordinates":[[78.51488,17.36979],[78.51447,17.36985],[78.51422,17.36991],[78.51386,17.36998],[78.51359,17.37009],[78.51343,17.37015],[78.51326,17.37025],[78.51296,17.37043],[78.51291,17.37046],[78.51259,17.37065],[78.5123,17.37082],[78.51197,17.371],[78.5118,17.3711],[78.51172,17.37114],[78.51148,17.37128],[78.51111,17.37149],[78.51092,17.37158],[78.51071,17.3717],[78.51051,17.37179],[78.51041,17.37182]]}},{"type":"Feature","properties":{"name":"Vijaywada Highway","highway":"trunk","policy":""},"geometry":{"type":"LineString","coordinates":[[78.51487,17.3699],[78.51497,17.36989]]}},{"type":"Feature","properties":{"name":"Vijaywada Highway","highway":"trunk","policy":""},"geometry":{"type":"LineString","coordinates":[[78.52511,17.36861],[78.52524,17.36861],[78.52539,17.36861],[78.52574,17.36861],[78.52621,17.36861],[78.52738,17.36859],[78.52766,17.36858],[78.52824,17.36857],[78.5288,17.36856],[78.529,17.36855],[78.52948,17.36854],[78.53032,17.36851],[78.53156,17.36847],[78.53206,17.36846],[78.5322,17.36846],[78.53234,17.36846],[78.53331,17.36843],[78.53437,17.36841],[78.53468,17.36839],[78.53618,17.36836],[78.53693,17.36834],[78.53729,17.36832],[78.5377,17.36827],[78.53793,17.36824],[78.53809,17.36821],[78.53829,17.36817],[78.53869,17.36805],[78.53907,17.36795],[78.53929,17.36787],[78.53943,17.36781],[78.53984,17.36764]]}},{"type":"Feature","properties":{"name":"Vijayavada Highway Flyover","highway":"trunk","policy":""},"geometry":{"type":"LineString","coordinates":[[78.55065,17.34683],[78.55094,17.34662],[78.55183,17.34604],[78.55221,17.34578],[78.55264,17.34549]]}},{"type":"Feature","properties":{"name":"Vijaywada Highway","highway":"trunk","policy":""},"geometry":{"type":"LineString","coordinates":[[78.57387,17.33664],[78.57334,17.33676],[78.57298,17.33687],[78.57272,17.33693],[78.57214,17.33714],[78.57155,17.33732],[78.57113,17.33746],[78.57086,17.33754],[78.57064,17.3376],[78.57017,17.33774],[78.56987,17.33784]]}},{"type":"Feature","properties":{"name":"Vijaywada Highway","highway":"trunk","policy":""},"geometry":{"type":"LineString","coordinates":[[78.57952,17.33596],[78.57923,17.33599],[78.57878,17.33605],[78.57822,17.33611],[78.57738,17.33621],[78.57614,17.33637],[78.57598,17.33639],[78.5741,17.33662],[78.57387,17.33664]]}},{"type":"Feature","properties":{"name":"Inner Ring Road","highway":"trunk","policy":""},"geometry":{"type":"LineString","coordinates":[[78.51321,17.34275],[78.51378,17.3427],[78.51413,17.34265],[78.51418,17.34264],[78.51443,17.34261],[78.51521,17.34248],[78.51586,17.34239],[78.51653,17.34231],[78.51662,17.34231],[78.51716,17.3422],[78.51742,17.34212],[78.51805,17.34189],[78.51821,17.34184],[78.51832,17.34179],[78.51858,17.34168],[78.51884,17.34157],[78.51908,17.34147],[78.51937,17.34136],[78.5198,17.34119],[78.51987,17.34116],[78.5202,17.34103],[78.52036,17.34097],[78.52066,17.34086],[78.52123,17.34066],[78.52205,17.34038],[78.52211,17.34036],[78.52216,17.34034],[78.52243,17.34024],[78.52274,17.34013],[78.52293,17.34007],[78.52371,17.3398],[78.52379,17.33978]]}},{"type":"Feature","properties":{"name":"Vijaywada Highway","highway":"trunk","policy":""},"geometry":{"type":"LineString","coordinates":[[78.55677,17.34247],[78.55674,17.34249],[78.5567,17.34251],[78.55649,17.34266],[78.5562,17.34288],[78.55606,17.34299],[78.55591,17.34309],[78.55577,17.34319],[78.55547,17.34341],[78.55483,17.34381],[78.5547,17.34389],[78.55439,17.34409]]}},{"type":"Feature","properties":{"name":"Nagole Flyover","highway":"trunk","policy":""},"geometry":{"type":"LineString","coordinates":[[78.55779,17.37634],[78.55779,17.37636],[78.5578,17.37641],[78.55784,17.37697],[78.5579,17.37785],[78.55792,17.37811],[78.55797,17.37871]]}},{"type":"Feature","properties":{"name":"Inner Ring Road","highway":"trunk","policy":""},"geometry":{"type":"LineString","coordinates":[[78.55809,17.38058],[78.55811,17.38102],[78.55812,17.38113],[78.55814,17.38156]]}},{"type":"Feature","properties":{"name":"Chandrayangutta Flyover","highway":"trunk","policy":""},"geometry":{"type":"LineString","coordinates":[[78.47432,17.32603],[78.47469,17.32617],[78.47507,17.32629],[78.47547,17.32642],[78.47584,17.32653],[78.47619,17.32663],[78.47658,17.32676],[78.47696,17.32689],[78.47774,17.32714],[78.4781,17.32727],[78.47856,17.32745],[78.47881,17.32755],[78.47932,17.32773],[78.48003,17.32796],[78.48071,17.32816],[78.48119,17.32831],[78.48196,17.32862],[78.48274,17.32897],[78.48333,17.32921],[78.48376,17.32937],[78.4842,17.32955]]}},{"type":"Feature","properties":{"name":"Inner Ring Road","highway":"trunk","policy":""},"geometry":{"type":"LineString","coordinates":[[78.49259,17.33361],[78.49215,17.3333],[78.49172,17.33293],[78.49149,17.33273],[78.49108,17.33239],[78.49098,17.3323],[78.49073,17.33209],[78.49058,17.33201],[78.49053,17.332],[78.49024,17.33188],[78.49001,17.33178],[78.48974,17.33167],[78.48943,17.33156],[78.4891,17.33141],[78.48851,17.3312],[78.48834,17.33114],[78.48792,17.33096],[78.48718,17.33065],[78.48679,17.33049],[78.48664,17.33041],[78.48659,17.33039],[78.48631,17.33027],[78.48621,17.33023]]}},{"type":"Feature","properties":{"name":"Chandrayangutta Flyover","highway":"trunk","policy":""},"geometry":{"type":"LineString","coordinates":[[78.48423,17.32945],[78.48333,17.32912],[78.48248,17.32877],[78.48197,17.32855],[78.4816,17.32839],[78.48122,17.32824],[78.48072,17.32808],[78.47992,17.32784],[78.47936,17.32765],[78.47905,17.32755],[78.47859,17.32739],[78.47813,17.32721],[78.47775,17.32708],[78.47698,17.32682],[78.4766,17.3267],[78.47621,17.32657],[78.47548,17.32636],[78.47508,17.32623],[78.47472,17.3261],[78.47435,17.32596]]}},{"type":"Feature","properties":{"name":"Inner Ring Road","highway":"trunk","policy":""},"geometry":{"type":"LineString","coordinates":[[78.45995,17.3144],[78.46008,17.31441],[78.46026,17.31441],[78.46028,17.31441],[78.46058,17.31445],[78.46085,17.3145],[78.4613,17.31455],[78.46162,17.31457],[78.46178,17.31455],[78.46259,17.31446],[78.46265,17.31445],[78.46275,17.31445],[78.46303,17.31442],[78.46335,17.31448],[78.46361,17.31455],[78.46429,17.31479],[78.46483,17.31508],[78.465,17.31518],[78.46534,17.31538],[78.4655,17.31548],[78.46565,17.31561],[78.4658,17.31576],[78.46601,17.316],[78.46609,17.31615],[78.46618,17.3164],[78.4663,17.31681],[78.46645,17.31728],[78.46672,17.31841],[78.46674,17.31846],[78.46676,17.31851],[78.46685,17.31892],[78.46704,17.31968],[78.46706,17.31976],[78.46738,17.32106],[78.4674,17.32113],[78.4675,17.32152],[78.46752,17.32153],[78.46758,17.32161],[78.46764,17.32167],[78.46767,17.32169],[78.46778,17.32177],[78.4678,17.32179],[78.46789,17.32185],[78.46797,17.32189],[78.46816,17.322],[78.46846,17.32216],[78.46855,17.32221],[78.46889,17.3224],[78.46928,17.32261],[78.46941,17.32268],[78.46981,17.32292],[78.47002,17.32303],[78.47029,17.32318],[78.47054,17.32332],[78.47081,17.32346],[78.47094,17.32354],[78.47105,17.32361],[78.47113,17.32366],[78.47132,17.3238],[78.4715,17.32395],[78.47158,17.32401],[78.47175,17.32415],[78.47179,17.32418],[78.472,17.32436],[78.47231,17.32463],[78.47258,17.32482],[78.47281,17.32502],[78.47287,17.32507],[78.47295,17.32514],[78.47315,17.32531],[78.47339,17.32552],[78.47358,17.32565],[78.47371,17.32574],[78.47403,17.32591]]}},{"type":"Feature","properties":{"name":"Srisailam Highway","highway":"trunk","policy":""},"geometry":{"type":"LineString","coordinates":[[78.47973,17.31813],[78.47954,17.31707],[78.47945,17.31683],[78.47909,17.31581],[78.4787,17.31504],[78.4786,17.31482],[78.47841,17.31441],[78.47825,17.31407],[78.47793,17.31328],[78.47783,17.31303],[78.47779,17.31293],[78.47757,17.31245],[78.47753,17.31236],[78.47734,17.31201],[78.47719,17.31171],[78.47703,17.3114],[78.47696,17.31127],[78.47683,17.31104],[78.47663,17.31064],[78.47658,17.31055],[78.47636,17.31011],[78.47616,17.30973],[78.47611,17.30964],[78.476,17.30946],[78.47587,17.3092],[78.4756,17.30872],[78.47554,17.3086],[78.47552,17.30857],[78.47549,17.30852],[78.47547,17.30848],[78.47547,17.30847],[78.47544,17.30842],[78.47543,17.30841],[78.47534,17.30824],[78.4752,17.30799],[78.4751,17.30776],[78.47505,17.30764],[78.475,17.30748],[78.47488,17.30705],[78.47481,17.30676],[78.47471,17.30637],[78.47467,17.30621],[78.47456,17.30581],[78.47452,17.30566],[78.47438,17.30511],[78.47435,17.30492],[78.47436,17.30472],[78.47445,17.30441],[78.47453,17.30406],[78.47456,17.3039],[78.4746,17.30373],[78.47467,17.30356],[78.47471,17.30347],[78.47501,17.30294],[78.47505,17.30287],[78.4751,17.30277],[78.47519,17.30265],[78.47538,17.30238],[78.47546,17.30224],[78.47548,17.30221]]}},{"type":"Feature","properties":{"name":"Inner Ring Road","highway":"trunk","policy":""},"geometry":{"type":"LineString","coordinates":[[78.46265,17.31434],[78.46202,17.31442],[78.46177,17.31446],[78.46153,17.31447],[78.46128,17.31447],[78.4609,17.31444],[78.46054,17.31437],[78.46042,17.31435],[78.46017,17.31434],[78.46013,17.31433],[78.45994,17.31433],[78.45968,17.31434],[78.45938,17.31436],[78.45911,17.31439],[78.45903,17.31443],[78.45878,17.31459],[78.45839,17.31486],[78.45799,17.31514],[78.45785,17.3152],[78.45756,17.31527],[78.45618,17.31555],[78.45561,17.31568],[78.45546,17.31572],[78.45537,17.31574],[78.45512,17.31581],[78.45507,17.31582],[78.45436,17.31606],[78.45431,17.31608],[78.4541,17.31614],[78.45391,17.31619],[78.45322,17.31642],[78.45262,17.31661],[78.45239,17.31667],[78.45205,17.31675],[78.45201,17.31675],[78.45194,17.31677],[78.45164,17.3168],[78.45144,17.3168],[78.45132,17.31678],[78.4512,17.31675],[78.45104,17.31667],[78.45074,17.31651]]}},{"type":"Feature","properties":{"name":"Inner Ring Road","highway":"trunk","policy":""},"geometry":{"type":"LineString","coordinates":[[78.47108,17.32355],[78.47085,17.3234],[78.47051,17.32322],[78.47023,17.32307],[78.47003,17.32296],[78.46939,17.32258]]}},{"type":"Feature","properties":{"name":"Inner Ring Road","highway":"trunk","policy":""},"geometry":{"type":"LineString","coordinates":[[78.47416,17.32588],[78.47373,17.32568],[78.4734,17.32544],[78.47328,17.32535],[78.47318,17.32526],[78.47274,17.32488],[78.4724,17.32456],[78.47181,17.3241],[78.47153,17.32386],[78.47122,17.32363],[78.47108,17.32355]]}},{"type":"Feature","properties":{"name":"Inner Ring Road","highway":"trunk","policy":""},"geometry":{"type":"LineString","coordinates":[[78.44885,17.31592],[78.44812,17.31569],[78.44795,17.31561],[78.44741,17.31534],[78.44734,17.3153],[78.44683,17.31505],[78.44652,17.3149],[78.44637,17.31483],[78.44584,17.31462],[78.44556,17.31453],[78.44525,17.31445],[78.44476,17.31436],[78.44444,17.31432],[78.44425,17.3143],[78.44416,17.31432],[78.44414,17.31432],[78.44407,17.31435],[78.44401,17.31437],[78.44381,17.31446],[78.44359,17.31458],[78.44316,17.31483],[78.44215,17.31539],[78.44124,17.3159],[78.44066,17.31623],[78.44011,17.31653],[78.43975,17.31672],[78.43876,17.31724],[78.43808,17.3176],[78.43775,17.31778],[78.43703,17.31818],[78.43631,17.31858],[78.43596,17.31879],[78.43554,17.31904],[78.43458,17.31974],[78.4343,17.31994],[78.43386,17.32027],[78.43334,17.32067]]}},{"type":"Feature","properties":{"name":"Mumbai Highway","highway":"trunk","policy":""},"geometry":{"type":"LineString","coordinates":[[78.48216,17.37835],[78.48168,17.37752]]}},{"type":"Feature","properties":{"name":"Mumbai Highway","highway":"trunk","policy":""},"geometry":{"type":"LineString","coordinates":[[78.48045,17.37527],[78.48041,17.37521]]}},{"type":"Feature","properties":{"name":"High Court Road","highway":"trunk","policy":""},"geometry":{"type":"LineString","coordinates":[[78.46901,17.36904],[78.46909,17.36907],[78.46922,17.36912],[78.47002,17.36933],[78.47025,17.36938],[78.47106,17.36956],[78.47125,17.36961],[78.47202,17.36976],[78.47286,17.36993],[78.47336,17.37002],[78.4749,17.37027],[78.47527,17.37032],[78.47536,17.37033],[78.47612,17.3704]]}},{"type":"Feature","properties":{"name":"NH44;NH65;NH163","highway":"trunk","policy":""},"geometry":{"type":"LineString","coordinates":[[78.47521,17.38367],[78.47519,17.38359],[78.47519,17.38354],[78.47519,17.3835],[78.47519,17.38334],[78.47518,17.3829],[78.47518,17.38234],[78.47517,17.38192],[78.47517,17.38162],[78.47517,17.38126],[78.47516,17.38081],[78.47515,17.38009],[78.47515,17.37984],[78.47513,17.37966],[78.47506,17.37947],[78.47502,17.37933],[78.47502,17.37931],[78.47501,17.3792],[78.47504,17.37908],[78.47508,17.37896],[78.4751,17.37889],[78.47512,17.37884],[78.47514,17.37869],[78.47515,17.3783],[78.47516,17.37761],[78.47516,17.3776],[78.47515,17.37661],[78.47516,17.37658],[78.47519,17.3765],[78.47527,17.37635],[78.4753,17.37625],[78.47527,17.37616],[78.4752,17.37608],[78.47516,17.37593],[78.47515,17.37565],[78.47514,17.37515],[78.47515,17.37504],[78.47519,17.37495],[78.47526,17.37486],[78.47536,17.37476],[78.476,17.3744],[78.47607,17.37436]]}},{"type":"Feature","properties":{"name":"Gangaram - Chandanagar Road - Mumbai highway","highway":"trunk","policy":""},"geometry":{"type":"LineString","coordinates":[[78.33234,17.49511],[78.33227,17.4951],[78.3319,17.49504],[78.33136,17.495],[78.33058,17.49495],[78.33046,17.49494],[78.32994,17.4949],[78.32956,17.49484],[78.32937,17.49481],[78.32921,17.4948],[78.32905,17.49481],[78.32889,17.49481],[78.32872,17.49482],[78.3286,17.49482],[78.3285,17.49483],[78.32831,17.49484],[78.32799,17.49486]]}},{"type":"Feature","properties":{"name":"Miyapur - Allwyn Cross Road Mumbai Highway","highway":"trunk","policy":""},"geometry":{"type":"LineString","coordinates":[[78.35117,17.49416],[78.35169,17.49426],[78.35197,17.49431],[78.35266,17.49449],[78.35277,17.49451],[78.35338,17.49469],[78.35407,17.49486],[78.35543,17.49524],[78.35576,17.49533],[78.35606,17.49541],[78.35647,17.49551],[78.35667,17.49556],[78.35797,17.49589],[78.35818,17.49594],[78.35838,17.496],[78.35936,17.49622],[78.35973,17.49632],[78.35999,17.49639],[78.36014,17.49642],[78.3602,17.49644],[78.36041,17.49648],[78.36062,17.49653],[78.36067,17.49654],[78.36091,17.4966],[78.36107,17.49664],[78.36136,17.4967],[78.36151,17.49672],[78.36157,17.49672]]}},{"type":"Feature","properties":{"name":"NH65","highway":"trunk","policy":""},"geometry":{"type":"LineString","coordinates":[[78.35121,17.49404],[78.35107,17.49403]]}},{"type":"Feature","properties":{"name":"Gangaram - Chandanagar Road - Mumbai highway","highway":"trunk","policy":""},"geometry":{"type":"LineString","coordinates":[[78.32514,17.49508],[78.32573,17.49508],[78.32625,17.49507],[78.32658,17.49506],[78.32696,17.49504],[78.32745,17.49502],[78.32791,17.495],[78.32828,17.49498],[78.32855,17.49496],[78.32867,17.49495],[78.32889,17.49493],[78.32924,17.49494],[78.32949,17.49497],[78.32967,17.49499],[78.32983,17.49503],[78.32995,17.49504],[78.33007,17.49505],[78.33029,17.49506],[78.33142,17.49513],[78.33192,17.49518],[78.33219,17.49523],[78.33225,17.49524],[78.33237,17.49525]]}},{"type":"Feature","properties":{"name":"Allwyn - Gangaram Road Mumbai Highway","highway":"trunk","policy":""},"geometry":{"type":"LineString","coordinates":[[78.35107,17.49403],[78.35077,17.49398],[78.35049,17.49394],[78.35018,17.4939],[78.34999,17.49388],[78.34947,17.49389],[78.34921,17.49393],[78.34915,17.49394],[78.34903,17.49397],[78.34897,17.49399],[78.34888,17.49401],[78.34875,17.49405],[78.34862,17.4941],[78.3484,17.49418],[78.34834,17.49421]]}},{"type":"Feature","properties":{"name":"Chandanagar - RC Puram BHEL Rd Mumbai Highway","highway":"trunk","policy":""},"geometry":{"type":"LineString","coordinates":[[78.31723,17.49518],[78.31733,17.49517],[78.31744,17.49516],[78.31758,17.49514],[78.31784,17.49514],[78.31801,17.49513],[78.31817,17.49513],[78.31822,17.49513],[78.31832,17.49512],[78.31878,17.49512],[78.31889,17.49512],[78.31915,17.49512],[78.31941,17.49512],[78.31966,17.49512],[78.32005,17.49511],[78.32066,17.49511],[78.32156,17.49512],[78.32204,17.49511],[78.32236,17.4951]]}},{"type":"Feature","properties":{"name":"Chandanagar - RC Puram BHEL Rd Mumbai Highway","highway":"trunk","policy":""},"geometry":{"type":"LineString","coordinates":[[78.32234,17.49496],[78.32129,17.49496],[78.32097,17.49497],[78.32065,17.49497],[78.31907,17.49502],[78.31889,17.49503],[78.31878,17.49503],[78.31742,17.49507],[78.31731,17.49509],[78.31715,17.49511],[78.31707,17.49513],[78.31686,17.49518],[78.31636,17.49535],[78.31592,17.49553],[78.31558,17.49575],[78.31525,17.49604]]}},{"type":"Feature","properties":{"name":"Hyderabad-Janagam Highway","highway":"trunk","policy":""},"geometry":{"type":"LineString","coordinates":[[78.65564,17.43376],[78.65722,17.43434]]}},{"type":"Feature","properties":{"name":"Hyderabad-Janagam Highway","highway":"trunk","policy":""},"geometry":{"type":"LineString","coordinates":[[78.65301,17.43123],[78.65312,17.43143],[78.65346,17.43201],[78.65368,17.43235],[78.65398,17.43267],[78.65426,17.43292]]}},{"type":"Feature","properties":{"name":"Hyderabad-Janagam Highway","highway":"trunk","policy":""},"geometry":{"type":"LineString","coordinates":[[78.65313,17.43122],[78.65286,17.43084],[78.65284,17.43081],[78.65272,17.43062],[78.6524,17.43022],[78.65185,17.42967],[78.65139,17.42924],[78.65094,17.42888],[78.65023,17.4283],[78.64957,17.4278],[78.64886,17.42732],[78.64866,17.4272],[78.64828,17.42696],[78.64659,17.42588],[78.64628,17.42569],[78.64522,17.42504],[78.64484,17.42484]]}},{"type":"Feature","properties":{"name":"Hyderabad-Janagam Highway","highway":"trunk","policy":""},"geometry":{"type":"LineString","coordinates":[[78.65474,17.43308],[78.65436,17.43278],[78.65423,17.43267]]}},{"type":"Feature","properties":{"name":"Hyderabad-Janagam Highway","highway":"trunk","policy":""},"geometry":{"type":"LineString","coordinates":[[78.65457,17.43315],[78.65497,17.43342],[78.65505,17.43347]]}},{"type":"Feature","properties":{"name":"Hyderabad-Janagam Highway","highway":"trunk","policy":""},"geometry":{"type":"LineString","coordinates":[[78.6552,17.4334],[78.65474,17.43308]]}},{"type":"Feature","properties":{"name":"Hyderabad-Janagam Highway","highway":"trunk","policy":""},"geometry":{"type":"LineString","coordinates":[[78.65702,17.43414],[78.65561,17.43361],[78.6552,17.4334]]}},{"type":"Feature","properties":{"name":"NH163","highway":"trunk","policy":""},"geometry":{"type":"LineString","coordinates":[[78.65505,17.43347],[78.65564,17.43376]]}},{"type":"Feature","properties":{"name":"Hyderabad-Janagam Highway","highway":"trunk","policy":""},"geometry":{"type":"LineString","coordinates":[[78.65722,17.43434],[78.65926,17.43509]]}},{"type":"Feature","properties":{"name":"Amberpet Main Road","highway":"trunk","policy":""},"geometry":{"type":"LineString","coordinates":[[78.54311,17.40089],[78.54266,17.40082],[78.54221,17.40073],[78.54215,17.40072],[78.54184,17.40066],[78.54176,17.40065],[78.54154,17.40061],[78.54119,17.40054],[78.54084,17.40048],[78.54009,17.40031],[78.53986,17.40026],[78.53959,17.40018],[78.53944,17.40014],[78.53911,17.4],[78.53903,17.39997],[78.53858,17.39981],[78.53857,17.39981],[78.53836,17.39973],[78.53835,17.39972],[78.53834,17.39972],[78.53804,17.39962],[78.53776,17.39953],[78.53772,17.39951],[78.53763,17.39948],[78.5368,17.39923],[78.53664,17.39918],[78.53624,17.39906],[78.53606,17.399],[78.53584,17.39893],[78.53541,17.3988],[78.53537,17.39879],[78.53512,17.39871],[78.53494,17.39865],[78.53488,17.39862],[78.53464,17.39852],[78.53458,17.3985],[78.53401,17.39827],[78.53377,17.39816],[78.53369,17.39813],[78.53363,17.3981],[78.53333,17.39797],[78.53309,17.39786],[78.53299,17.39782],[78.53265,17.39768],[78.53239,17.39757],[78.5323,17.39753],[78.53179,17.39732],[78.53158,17.39725],[78.53127,17.39713],[78.5309,17.39697],[78.53024,17.3967],[78.53022,17.39669],[78.5298,17.39651],[78.52922,17.39628],[78.52921,17.39627],[78.52895,17.39616],[78.52859,17.39602],[78.52845,17.39596],[78.52838,17.39593],[78.52788,17.39571],[78.52722,17.39546],[78.52699,17.39536],[78.52615,17.39502],[78.5258,17.39488],[78.52519,17.39466],[78.52497,17.39457],[78.52481,17.39451],[78.52459,17.39441],[78.52429,17.39429],[78.52364,17.39404],[78.52355,17.39401],[78.52329,17.3939],[78.52269,17.39363],[78.52223,17.39342],[78.52216,17.39339],[78.5217,17.39319],[78.52147,17.3931],[78.52106,17.39294],[78.52095,17.39289],[78.52083,17.39285],[78.52048,17.39273],[78.5204,17.3927],[78.52006,17.39259],[78.51955,17.39248],[78.51944,17.39247]]}},{"type":"Feature","properties":{"name":"Allwyn - Gangaram Road Mumbai Highway","highway":"trunk","policy":""},"geometry":{"type":"LineString","coordinates":[[78.33237,17.49525],[78.33276,17.49535],[78.33323,17.49544],[78.33332,17.49546],[78.33334,17.49546],[78.33338,17.49547],[78.33361,17.49552],[78.33379,17.49555],[78.33419,17.4956],[78.33427,17.4956],[78.33433,17.4956],[78.33467,17.4956],[78.33485,17.4956],[78.33528,17.49559],[78.33547,17.49558],[78.33589,17.49557],[78.33615,17.49556],[78.33632,17.49556],[78.33683,17.49555],[78.33707,17.49553],[78.33727,17.49552],[78.33745,17.4955],[78.33747,17.4955],[78.33761,17.49548],[78.33795,17.49543],[78.33827,17.49538],[78.33867,17.49532],[78.33879,17.4953],[78.33893,17.49528],[78.33905,17.49526],[78.33913,17.49525],[78.33975,17.49518],[78.33992,17.49517],[78.34021,17.49517],[78.34051,17.49518],[78.34089,17.49521],[78.34121,17.49523],[78.34133,17.49524],[78.34197,17.49526],[78.34221,17.49527],[78.34245,17.49525],[78.34284,17.49523],[78.34307,17.49521],[78.3452,17.49499],[78.34592,17.49488],[78.34609,17.49485],[78.34623,17.49483]]}},{"type":"Feature","properties":{"name":"NH44","highway":"trunk","policy":""},"geometry":{"type":"LineString","coordinates":[[78.48635,17.4254],[78.48631,17.42528],[78.48624,17.42495],[78.48613,17.42448],[78.48599,17.4238],[78.48586,17.42335],[78.48576,17.42314],[78.48558,17.42286],[78.48458,17.42147]]}},{"type":"Feature","properties":{"name":"NH44","highway":"trunk","policy":""},"geometry":{"type":"LineString","coordinates":[[78.48458,17.42147],[78.4845,17.42137]]}},{"type":"Feature","properties":{"name":"Somajiguda Road - Panjagutta Main Road","highway":"trunk","policy":""},"geometry":{"type":"LineString","coordinates":[[78.45252,17.42676],[78.45281,17.42624],[78.45292,17.42607],[78.45309,17.42576],[78.45322,17.42552],[78.4535,17.42501],[78.45356,17.42489],[78.45377,17.42456],[78.45398,17.42417],[78.45472,17.42287],[78.45496,17.42246],[78.45497,17.42245],[78.45499,17.42242],[78.455,17.4224],[78.4551,17.42225],[78.4552,17.42207],[78.45532,17.42186],[78.45537,17.42179],[78.45547,17.42163],[78.45569,17.4213],[78.456,17.42082],[78.45606,17.42072],[78.45636,17.42024],[78.45657,17.41993],[78.45665,17.41981],[78.45681,17.41955],[78.45693,17.41936],[78.45695,17.41931],[78.45699,17.41924],[78.457,17.41921],[78.45704,17.41908],[78.45706,17.41894],[78.45711,17.41858],[78.45714,17.41833],[78.45719,17.41799],[78.45723,17.41766],[78.45723,17.41754],[78.45726,17.41744],[78.45726,17.4174],[78.45727,17.41737],[78.45727,17.41734],[78.45729,17.41723],[78.4573,17.41714],[78.45736,17.41697],[78.45748,17.41666],[78.45769,17.41623],[78.45775,17.41612],[78.45787,17.41595],[78.45789,17.41592],[78.45815,17.41562],[78.45829,17.41536],[78.45861,17.41464],[78.45872,17.4144],[78.45878,17.4143],[78.45889,17.4142],[78.4596,17.41377],[78.45988,17.4136]]}},{"type":"Feature","properties":{"name":"Inner Ring Road","highway":"trunk","policy":""},"geometry":{"type":"LineString","coordinates":[[78.55744,17.36998],[78.55743,17.3699],[78.55732,17.36835],[78.55729,17.36792],[78.55727,17.36748],[78.55724,17.36703],[78.55722,17.36683],[78.55719,17.36634],[78.55717,17.36554],[78.55716,17.36505]]}},{"type":"Feature","properties":{"name":"Inner Ring Road","highway":"trunk","policy":""},"geometry":{"type":"LineString","coordinates":[[78.55703,17.36505],[78.55702,17.36556],[78.55706,17.36614],[78.55709,17.36683],[78.55713,17.36735],[78.5572,17.36835],[78.55724,17.36885],[78.55728,17.36955],[78.55731,17.36991]]}},{"type":"Feature","properties":{"name":"Kamineni Flyover","highway":"trunk","policy":""},"geometry":{"type":"LineString","coordinates":[[78.55646,17.3552],[78.55629,17.35465],[78.55616,17.35421],[78.55592,17.35337],[78.55583,17.35313],[78.55581,17.35307],[78.55575,17.3529],[78.55562,17.3526],[78.5555,17.35235],[78.55541,17.35219],[78.55527,17.35196]]}},{"type":"Feature","properties":{"name":"Vijaywada Highway","highway":"trunk","policy":""},"geometry":{"type":"LineString","coordinates":[[78.55729,17.34211],[78.55677,17.34247]]}},{"type":"Feature","properties":{"name":"NH65","highway":"trunk","policy":""},"geometry":{"type":"LineString","coordinates":[[78.55709,17.34241],[78.55719,17.34235]]}},{"type":"Feature","properties":{"name":"Vijaywada Highway","highway":"trunk","policy":""},"geometry":{"type":"LineString","coordinates":[[78.55998,17.34122],[78.56003,17.34121],[78.56045,17.34112],[78.56066,17.34108],[78.56091,17.34104],[78.56113,17.34101],[78.56134,17.34098],[78.56185,17.3409],[78.56304,17.3407],[78.56335,17.34065],[78.56381,17.34058],[78.56397,17.34054],[78.56427,17.34046],[78.56453,17.34036],[78.5651,17.34009],[78.56587,17.3397],[78.56663,17.33928],[78.56696,17.3391],[78.56751,17.3388],[78.56774,17.33868],[78.56781,17.33864],[78.56828,17.33845],[78.56899,17.33823],[78.56938,17.3381],[78.56964,17.338]]}},{"type":"Feature","properties":{"name":"Vijaywada Highway","highway":"trunk","policy":""},"geometry":{"type":"LineString","coordinates":[[78.56976,17.33787],[78.56947,17.33797]]}},{"type":"Feature","properties":{"name":"Vijaywada Highway","highway":"trunk","policy":""},"geometry":{"type":"LineString","coordinates":[[78.56987,17.33784],[78.56976,17.33787]]}},{"type":"Feature","properties":{"name":"Punjagutta Junction","highway":"trunk","policy":""},"geometry":{"type":"LineString","coordinates":[[78.45239,17.42696],[78.45252,17.42676]]}},{"type":"Feature","properties":{"name":"NH65","highway":"trunk","policy":""},"geometry":{"type":"LineString","coordinates":[[78.45231,17.42688],[78.45222,17.42702]]}},{"type":"Feature","properties":{"name":"\u0628\u0631\u06cc\u06af\u06cc\u0688\u06cc\u0626\u0631 \u0633\u0639\u06cc\u062f \u0631\u0648\u0688","highway":"trunk","policy":""},"geometry":{"type":"LineString","coordinates":[[78.48752,17.44909],[78.48753,17.44903],[78.48754,17.44896],[78.48754,17.4488],[78.4875,17.44803],[78.48749,17.44797],[78.48746,17.44728],[78.48739,17.44601],[78.48736,17.44538],[78.48737,17.44515],[78.48745,17.44442],[78.48752,17.44352]]}},{"type":"Feature","properties":{"name":"NH44","highway":"trunk","policy":""},"geometry":{"type":"LineString","coordinates":[[78.47315,17.40796],[78.47303,17.40793]]}},{"type":"Feature","properties":{"name":"Secretriat Road","highway":"trunk","policy":""},"geometry":{"type":"LineString","coordinates":[[78.47303,17.40793],[78.47207,17.40779],[78.47202,17.40779],[78.47142,17.40772],[78.47133,17.40771],[78.4713,17.40771],[78.47053,17.40768],[78.46997,17.40769],[78.46973,17.4077],[78.46952,17.40777],[78.46944,17.40779],[78.469,17.40784],[78.46893,17.40784],[78.46876,17.40785],[78.46863,17.40784],[78.46849,17.4078],[78.46835,17.40771],[78.46822,17.40759],[78.46789,17.40722],[78.46772,17.40705]]}},{"type":"Feature","properties":{"name":"NH44","highway":"trunk","policy":""},"geometry":{"type":"LineString","coordinates":[[78.47266,17.40813],[78.47283,17.40816],[78.47316,17.40821]]}},{"type":"Feature","properties":{"name":"Uppal Road","highway":"trunk","policy":""},"geometry":{"type":"LineString","coordinates":[[78.51943,17.39255],[78.51961,17.39258],[78.51997,17.39266],[78.52034,17.39275],[78.52062,17.39284],[78.52077,17.3929],[78.52079,17.3929],[78.52097,17.39297],[78.52126,17.39307],[78.52134,17.39311],[78.52142,17.39313],[78.52171,17.39325],[78.52215,17.39345],[78.52266,17.39369],[78.52303,17.39387],[78.52315,17.39392],[78.52327,17.39397],[78.52364,17.39412],[78.52427,17.39436],[78.52431,17.39438],[78.52445,17.39444],[78.52457,17.3945],[78.52471,17.39455],[78.52489,17.39463],[78.525,17.39467],[78.52521,17.39475],[78.52564,17.39491],[78.52597,17.39502],[78.52633,17.39517],[78.52718,17.39554],[78.52747,17.39565],[78.52768,17.39573],[78.52786,17.3958],[78.5279,17.39582],[78.52801,17.39587],[78.52846,17.39604],[78.52917,17.39635],[78.5292,17.39637],[78.52964,17.39655],[78.52975,17.3966],[78.5298,17.39661],[78.53003,17.39672],[78.53022,17.39679],[78.53124,17.39723],[78.53135,17.39728],[78.53175,17.39744],[78.53176,17.39744],[78.53184,17.39747],[78.53195,17.39752],[78.53263,17.39778],[78.53295,17.39792],[78.53329,17.39806],[78.53364,17.39821],[78.53396,17.39835],[78.53401,17.39837],[78.53412,17.39841],[78.53484,17.39871],[78.53494,17.39875],[78.53535,17.39888],[78.53591,17.39905],[78.53663,17.39928],[78.53689,17.39936],[78.53771,17.39961],[78.53835,17.39981],[78.53848,17.39986],[78.53861,17.3999],[78.5394,17.40019],[78.53956,17.40024],[78.53981,17.40031],[78.54019,17.4004],[78.54088,17.40055],[78.54238,17.40084],[78.54311,17.40096]]}},{"type":"Feature","properties":{"name":"Inner Ring Road Underpass","highway":"trunk","policy":""},"geometry":{"type":"LineString","coordinates":[[78.43296,17.32093],[78.43285,17.32104],[78.43276,17.3211],[78.43214,17.32152]]}},{"type":"Feature","properties":{"name":"Inner Ring Road","highway":"trunk","policy":""},"geometry":{"type":"LineString","coordinates":[[78.43334,17.32067],[78.43313,17.32082]]}},{"type":"Feature","properties":{"name":"Inner Ring Road","highway":"trunk","policy":""},"geometry":{"type":"LineString","coordinates":[[78.4332,17.32091],[78.4334,17.32074]]}},{"type":"Feature","properties":{"name":"Inner Ring Road","highway":"trunk","policy":""},"geometry":{"type":"LineString","coordinates":[[78.4334,17.32074],[78.43361,17.32058],[78.4337,17.32051],[78.43415,17.32019],[78.43428,17.32009],[78.43451,17.31992],[78.43466,17.31982],[78.43563,17.31914],[78.43608,17.31888],[78.43631,17.31876],[78.43639,17.31872],[78.43654,17.31863],[78.43693,17.31841],[78.43716,17.31829],[78.43731,17.31819],[78.43748,17.31809],[78.43769,17.31796],[78.43859,17.31748],[78.43879,17.31737],[78.44009,17.3167],[78.4402,17.31664],[78.4406,17.31642],[78.44073,17.31635],[78.44122,17.31607],[78.44171,17.3158],[78.44231,17.31547],[78.44293,17.31513],[78.44297,17.31511],[78.44318,17.31499],[78.44337,17.3149],[78.44397,17.31455],[78.44409,17.3145],[78.44412,17.31449],[78.4442,17.31448],[78.44422,17.31447],[78.44428,17.31446],[78.44444,17.31446],[78.44477,17.3145],[78.44514,17.31457],[78.44523,17.31458],[78.44577,17.31474],[78.44586,17.31477],[78.44647,17.31499]]}},{"type":"Feature","properties":{"name":"NH44","highway":"trunk","policy":""},"geometry":{"type":"LineString","coordinates":[[78.43182,17.32158],[78.43165,17.32146],[78.43135,17.32126],[78.43117,17.32114],[78.4308,17.32091],[78.43046,17.32069],[78.43009,17.32048],[78.42986,17.32034],[78.42964,17.3202],[78.42941,17.32004],[78.42921,17.31987],[78.42897,17.31964],[78.42889,17.31956]]}},{"type":"Feature","properties":{"name":"NH44","highway":"trunk","policy":""},"geometry":{"type":"LineString","coordinates":[[78.45238,17.35085],[78.45272,17.35183],[78.45301,17.35251],[78.45308,17.35268],[78.45314,17.35305],[78.45322,17.35321],[78.45353,17.35401],[78.45383,17.35474],[78.45399,17.35512],[78.45406,17.3553],[78.45414,17.35547],[78.45427,17.35579],[78.45429,17.35583],[78.45433,17.35592],[78.45438,17.35604]]}},{"type":"Feature","properties":{"name":"NH44","highway":"trunk","policy":""},"geometry":{"type":"LineString","coordinates":[[78.43184,17.32156],[78.43182,17.32158],[78.4318,17.3216],[78.43178,17.32165],[78.43177,17.32166],[78.43177,17.3217],[78.43178,17.32176],[78.43181,17.32181],[78.43186,17.32184],[78.43192,17.32186],[78.43192,17.32186],[78.43197,17.32186],[78.43203,17.32184],[78.43208,17.3218],[78.43211,17.32175],[78.43212,17.3217],[78.43211,17.32164],[78.43208,17.3216],[78.43204,17.32156],[78.43199,17.32154],[78.43197,17.32153],[78.43194,17.32153],[78.4319,17.32153],[78.43189,17.32154],[78.43184,17.32156]]}},{"type":"Feature","properties":{"name":"NH44","highway":"trunk","policy":""},"geometry":{"type":"LineString","coordinates":[[78.45574,17.36139],[78.45564,17.36105],[78.45559,17.36089],[78.45556,17.36079],[78.45541,17.36019],[78.45533,17.35988],[78.4554,17.35978],[78.45527,17.35891],[78.45521,17.35853],[78.45502,17.35739],[78.45496,17.357],[78.45495,17.35697],[78.4549,17.35678],[78.45472,17.3562],[78.45471,17.35618],[78.45465,17.35602],[78.45459,17.3559]]}},{"type":"Feature","properties":{"name":"NH44","highway":"trunk","policy":""},"geometry":{"type":"LineString","coordinates":[[78.45438,17.35604],[78.45442,17.35615],[78.45446,17.35624],[78.45453,17.35647],[78.45458,17.35663],[78.45463,17.35684],[78.45467,17.35706],[78.4547,17.35718],[78.45474,17.35743],[78.4548,17.35783],[78.45486,17.35818],[78.45491,17.3585],[78.45492,17.35862],[78.45498,17.35904],[78.45508,17.35949],[78.45513,17.35969],[78.45515,17.35978],[78.45515,17.35979],[78.45526,17.35991]]}},{"type":"Feature","properties":{"name":"NH44","highway":"trunk","policy":""},"geometry":{"type":"LineString","coordinates":[[78.45459,17.3559],[78.45456,17.35582],[78.45433,17.35521],[78.45409,17.35464],[78.45404,17.35449],[78.45389,17.35412],[78.45376,17.35379],[78.45355,17.35329],[78.45337,17.35305],[78.45327,17.35281],[78.45321,17.35266],[78.45306,17.35232],[78.45282,17.3518],[78.45259,17.35115],[78.45244,17.35064]]}},{"type":"Feature","properties":{"name":"Inner Ring Road","highway":"trunk","policy":""},"geometry":{"type":"LineString","coordinates":[[78.54307,17.33899],[78.54275,17.33875],[78.54266,17.3387],[78.54249,17.33861],[78.54233,17.33852],[78.54217,17.33844],[78.54211,17.33841],[78.54149,17.33816],[78.54087,17.33794],[78.53997,17.33784],[78.53882,17.3378],[78.53858,17.33779],[78.5379,17.33774],[78.53776,17.33773],[78.53755,17.33772],[78.53714,17.33769],[78.53634,17.33754],[78.53613,17.33751],[78.53529,17.33734],[78.53486,17.33726],[78.53483,17.33725],[78.5347,17.33723],[78.53453,17.3372],[78.53442,17.33719],[78.53429,17.33718],[78.53391,17.33716],[78.53353,17.33716],[78.53304,17.33724],[78.53285,17.33728],[78.53247,17.33735],[78.53207,17.33743],[78.5316,17.33754]]}},{"type":"Feature","properties":{"name":"Inner Ring Road","highway":"trunk","policy":""},"geometry":{"type":"LineString","coordinates":[[78.52375,17.33966],[78.52328,17.33983],[78.52292,17.33996],[78.5223,17.34018],[78.52211,17.34024],[78.52209,17.34024],[78.52168,17.34039],[78.52125,17.34055],[78.52053,17.3408],[78.51949,17.34121],[78.51894,17.34143],[78.51886,17.34145],[78.5183,17.34168],[78.51789,17.34184],[78.51784,17.34185],[78.51745,17.34198],[78.51711,17.34209],[78.51685,17.34214],[78.51659,17.34219],[78.51593,17.34226],[78.51571,17.34229],[78.51504,17.34235],[78.514,17.34247],[78.51292,17.34259],[78.51197,17.34272],[78.51086,17.3429],[78.5098,17.34307],[78.50939,17.34314],[78.50926,17.34317],[78.50919,17.34318],[78.50891,17.34321],[78.50808,17.34334],[78.50718,17.34346],[78.50706,17.34345]]}},{"type":"Feature","properties":{"name":"Inner Ring Road","highway":"trunk","policy":""},"geometry":{"type":"LineString","coordinates":[[78.52387,17.33962],[78.52375,17.33966]]}},{"type":"Feature","properties":{"name":"Sanjeeva Reddy Nagar Main Road","highway":"trunk","policy":""},"geometry":{"type":"LineString","coordinates":[[78.44404,17.43641],[78.44393,17.43656],[78.44387,17.43665],[78.44347,17.43759],[78.44329,17.43804],[78.44309,17.43852],[78.44272,17.43938],[78.44249,17.43991],[78.44218,17.44066],[78.44199,17.44098],[78.44117,17.44236]]}},{"type":"Feature","properties":{"name":"Ameerpet Road - Panjagutta Main Road","highway":"trunk","policy":""},"geometry":{"type":"LineString","coordinates":[[78.44995,17.43002],[78.44986,17.43009],[78.44939,17.43044],[78.44867,17.43097],[78.4481,17.43142],[78.44798,17.43151],[78.4479,17.43156],[78.44776,17.43166],[78.44737,17.43204],[78.44656,17.433],[78.44621,17.43343],[78.44609,17.43358],[78.44559,17.43405],[78.44532,17.4344],[78.4453,17.43443],[78.44529,17.43444],[78.44526,17.4345],[78.445,17.4349],[78.44463,17.43547],[78.44449,17.43571],[78.44421,17.43613],[78.44419,17.43617],[78.44412,17.43627],[78.44404,17.43641]]}},{"type":"Feature","properties":{"name":"Mukharam Jahi Road","highway":"trunk","policy":""},"geometry":{"type":"LineString","coordinates":[[78.47251,17.38701],[78.47259,17.3869],[78.47262,17.38687],[78.47266,17.38681]]}},{"type":"Feature","properties":{"name":"High Court Road","highway":"trunk","policy":""},"geometry":{"type":"LineString","coordinates":[[78.46875,17.36802],[78.46855,17.36798]]}},{"type":"Feature","properties":{"name":"Mukharam Jahi Road","highway":"trunk","policy":""},"geometry":{"type":"LineString","coordinates":[[78.47467,17.38425],[78.47473,17.38418],[78.47495,17.38399],[78.47506,17.3839],[78.47514,17.38385]]}},{"type":"Feature","properties":{"name":"Mukharam Jahi Road","highway":"trunk","policy":""},"geometry":{"type":"LineString","coordinates":[[78.47457,17.38414],[78.47447,17.38424],[78.47425,17.38449],[78.47415,17.3846],[78.47388,17.38492],[78.47379,17.38502],[78.47359,17.38532],[78.47321,17.38586],[78.47297,17.38618],[78.47261,17.38664],[78.47248,17.38682]]}},{"type":"Feature","properties":{"name":"NH44;NH65;NH163","highway":"trunk","policy":""},"geometry":{"type":"LineString","coordinates":[[78.47012,17.39122],[78.47011,17.39096],[78.47011,17.39073],[78.47012,17.39057],[78.47015,17.39044],[78.47015,17.3904],[78.47019,17.39023],[78.47022,17.39012]]}},{"type":"Feature","properties":{"name":"NH44;NH65;NH163","highway":"trunk","policy":""},"geometry":{"type":"LineString","coordinates":[[78.47055,17.39489],[78.47048,17.39474],[78.47044,17.3946],[78.4704,17.3944],[78.47037,17.39419],[78.47032,17.39378],[78.47025,17.39296],[78.47025,17.39293],[78.47023,17.39269],[78.47021,17.39253],[78.47019,17.39236],[78.47017,17.3921],[78.47012,17.39122]]}},{"type":"Feature","properties":{"name":"High court road","highway":"trunk","policy":""},"geometry":{"type":"LineString","coordinates":[[78.47611,17.36878],[78.4758,17.36874]]}},{"type":"Feature","properties":{"name":"Brigadier Sayeed Road","highway":"trunk","policy":""},"geometry":{"type":"LineString","coordinates":[[78.48742,17.4491],[78.48734,17.44926],[78.48704,17.44984],[78.48655,17.45079],[78.48636,17.45117],[78.4863,17.45127]]}},{"type":"Feature","properties":{"name":"Mahatma Gandhi Road","highway":"trunk","policy":""},"geometry":{"type":"LineString","coordinates":[[78.48839,17.43298],[78.48839,17.43309],[78.4884,17.4332],[78.48841,17.43336],[78.48842,17.43358],[78.48844,17.4349],[78.48847,17.43545],[78.48852,17.43587],[78.48853,17.43601],[78.48857,17.43638],[78.48859,17.43685],[78.48859,17.43697],[78.48859,17.43717],[78.48861,17.43785],[78.48862,17.43825],[78.48859,17.43847],[78.48853,17.43878],[78.48846,17.43907],[78.48842,17.43915],[78.4883,17.43944],[78.48825,17.43955],[78.4882,17.4397],[78.488,17.44031],[78.48783,17.44083],[78.48761,17.44157],[78.48753,17.44183]]}},{"type":"Feature","properties":{"name":"NH44","highway":"trunk","policy":""},"geometry":{"type":"LineString","coordinates":[[78.47536,17.4086],[78.47531,17.40856],[78.4752,17.40849],[78.47511,17.40842],[78.47495,17.40833],[78.47481,17.40826],[78.47461,17.4082],[78.47445,17.40816],[78.47414,17.40809],[78.47325,17.40797],[78.47315,17.40796]]}},{"type":"Feature","properties":{"name":"NTR Marg","highway":"trunk","policy":""},"geometry":{"type":"LineString","coordinates":[[78.47316,17.40821],[78.47359,17.40828],[78.47363,17.40828],[78.4742,17.40836],[78.47464,17.40844],[78.4749,17.40855],[78.47508,17.40872],[78.47513,17.40881],[78.4752,17.40896],[78.47541,17.40896],[78.47553,17.40894],[78.47554,17.40894],[78.47561,17.40889],[78.47564,17.40884]]}},{"type":"Feature","properties":{"name":"Secretariat Road","highway":"trunk","policy":""},"geometry":{"type":"LineString","coordinates":[[78.46781,17.40733],[78.46824,17.40774],[78.46832,17.40781],[78.46852,17.40791],[78.46867,17.40793],[78.46944,17.40791],[78.46982,17.40791],[78.47052,17.40791],[78.47116,17.40793],[78.47124,17.40793],[78.47132,17.40794],[78.47141,17.40794],[78.47176,17.40799],[78.47224,17.40806],[78.47266,17.40813]]}},{"type":"Feature","properties":{"name":"AG Office Road","highway":"trunk","policy":""},"geometry":{"type":"LineString","coordinates":[[78.4679,17.40271],[78.46787,17.4029],[78.46783,17.40306],[78.46776,17.40339],[78.46771,17.40358],[78.46767,17.40374],[78.46759,17.40405],[78.46745,17.40462],[78.46736,17.40509],[78.46734,17.40521],[78.46725,17.40574],[78.46724,17.40585],[78.46722,17.40603],[78.46722,17.40625],[78.46725,17.40635],[78.46731,17.4065],[78.46738,17.40665],[78.46742,17.40677],[78.46744,17.40688],[78.46749,17.40705]]}},{"type":"Feature","properties":{"name":"NH65;NH163","highway":"trunk","policy":""},"geometry":{"type":"LineString","coordinates":[[78.4679,17.40271],[78.46811,17.40265]]}},{"type":"Feature","properties":{"name":"NH44;NH65;NH163","highway":"trunk","policy":""},"geometry":{"type":"LineString","coordinates":[[78.47027,17.4011],[78.47033,17.40101],[78.47039,17.40093]]}},{"type":"Feature","properties":{"name":"NH44;NH65;NH163","highway":"trunk","policy":""},"geometry":{"type":"LineString","coordinates":[[78.47077,17.39914],[78.47073,17.3993],[78.47071,17.39935],[78.47068,17.39947],[78.47059,17.39968],[78.47047,17.39991],[78.47023,17.40022],[78.47004,17.40048]]}},{"type":"Feature","properties":{"name":"NH44","highway":"trunk","policy":""},"geometry":{"type":"LineString","coordinates":[[78.46768,17.407],[78.46763,17.40699],[78.46759,17.40698],[78.46755,17.407],[78.46752,17.40702],[78.46749,17.40705]]}},{"type":"Feature","properties":{"name":"Telephone Bhavan Road","highway":"trunk","policy":""},"geometry":{"type":"LineString","coordinates":[[78.46754,17.4072],[78.4676,17.40724],[78.46778,17.40732],[78.46781,17.40733]]}},{"type":"Feature","properties":{"name":"Public Garden Road","highway":"trunk","policy":""},"geometry":{"type":"LineString","coordinates":[[78.46996,17.40055],[78.46967,17.40074],[78.46956,17.40083],[78.46924,17.40122],[78.46897,17.40154],[78.46887,17.40168],[78.46865,17.40195],[78.46831,17.40229],[78.46826,17.40233],[78.46807,17.40246],[78.46788,17.40255]]}},{"type":"Feature","properties":{"name":"Tank Bund Road","highway":"trunk","policy":""},"geometry":{"type":"LineString","coordinates":[[78.4845,17.42137],[78.48435,17.42119],[78.48426,17.42108],[78.48404,17.42079],[78.48335,17.42],[78.48235,17.41875],[78.48142,17.4176],[78.48064,17.41665],[78.47975,17.41556],[78.47942,17.41516],[78.47926,17.41496],[78.47914,17.41476],[78.47898,17.41449],[78.47875,17.41409],[78.47853,17.41371],[78.47829,17.41335],[78.47805,17.41295],[78.47804,17.41295],[78.47755,17.41226],[78.47715,17.41167],[78.47664,17.41093],[78.47632,17.41045],[78.47603,17.40998],[78.4758,17.40963],[78.47568,17.40946],[78.47556,17.40921],[78.47553,17.40894]]}},{"type":"Feature","properties":{"name":"Public Garden Road","highway":"trunk","policy":""},"geometry":{"type":"LineString","coordinates":[[78.47098,17.3989],[78.47088,17.39875],[78.47085,17.39865],[78.47083,17.39851],[78.47086,17.39817],[78.47095,17.3976],[78.47106,17.39697],[78.47114,17.39647],[78.47115,17.39635],[78.47115,17.39606],[78.47112,17.39594],[78.47103,17.39571],[78.47082,17.39534],[78.47055,17.39489]]}},{"type":"Feature","properties":{"name":"Mukharam Jahi Road","highway":"trunk","policy":""},"geometry":{"type":"LineString","coordinates":[[78.47248,17.38682],[78.47241,17.38694],[78.47165,17.388],[78.47137,17.38839],[78.47109,17.38878],[78.47094,17.38898],[78.47091,17.38902],[78.47083,17.38913],[78.47049,17.38962],[78.47029,17.38988],[78.47023,17.38994],[78.4702,17.38997],[78.47015,17.39002],[78.47012,17.39005],[78.47007,17.39009]]}},{"type":"Feature","properties":{"name":"Mukharam Jahi Road","highway":"trunk","policy":""},"geometry":{"type":"LineString","coordinates":[[78.47022,17.39012],[78.4703,17.39002],[78.4706,17.3897],[78.47097,17.38918],[78.4711,17.38901],[78.47121,17.38886],[78.47152,17.38843],[78.47177,17.38808],[78.472,17.38776],[78.47217,17.38752],[78.4722,17.38747],[78.47233,17.38728],[78.47251,17.38701]]}},{"type":"Feature","properties":{"name":"Mukharam Jahi Road","highway":"trunk","policy":""},"geometry":{"type":"LineString","coordinates":[[78.47271,17.38677],[78.473,17.38636],[78.47342,17.38577],[78.4736,17.38553],[78.47362,17.3855],[78.4739,17.3851],[78.474,17.385],[78.47436,17.38458],[78.47437,17.38456],[78.47467,17.38425]]}},{"type":"Feature","properties":{"name":"Mahatma Gandhi Road","highway":"trunk","policy":""},"geometry":{"type":"LineString","coordinates":[[78.48761,17.4419],[78.48763,17.44183]]}},{"type":"Feature","properties":{"name":"Golkonda Road","highway":"trunk","policy":""},"geometry":{"type":"LineString","coordinates":[[78.44432,17.39857],[78.44397,17.3984],[78.4438,17.39832],[78.44358,17.39818],[78.44338,17.39798],[78.44322,17.39772],[78.44312,17.39741],[78.44309,17.39734],[78.44296,17.39684],[78.44293,17.39673]]}},{"type":"Feature","properties":{"name":"Golkonda Road","highway":"trunk","policy":""},"geometry":{"type":"LineString","coordinates":[[78.44238,17.39629],[78.44252,17.39646],[78.44263,17.39666],[78.44267,17.39676],[78.44268,17.39681],[78.44272,17.39692],[78.44275,17.39701],[78.443,17.3978],[78.44312,17.39801],[78.4433,17.39825],[78.44339,17.39834],[78.44355,17.39845],[78.44374,17.39854],[78.44393,17.3986],[78.44413,17.39863],[78.44426,17.39865],[78.44456,17.39869],[78.44494,17.39874],[78.44502,17.39874],[78.4453,17.39875],[78.44556,17.39876],[78.44572,17.39877],[78.44576,17.39878],[78.44581,17.39878],[78.44596,17.3988],[78.44628,17.39887],[78.44642,17.39893],[78.44679,17.39903],[78.44691,17.39908],[78.44705,17.39912],[78.44715,17.39914],[78.44728,17.39917],[78.44746,17.39917],[78.44776,17.39913],[78.44836,17.39906],[78.44883,17.39897],[78.44909,17.39895],[78.44963,17.39888],[78.44985,17.39888],[78.44993,17.3989],[78.44999,17.39892],[78.45006,17.39896],[78.45016,17.39907],[78.45032,17.39933],[78.45039,17.39948]]}},{"type":"Feature","properties":{"name":"Nizampet - JNTU Road Mumbai Highway","highway":"trunk","policy":""},"geometry":{"type":"LineString","coordinates":[[78.39513,17.49626],[78.39505,17.49628],[78.39491,17.49633]]}},{"type":"Feature","properties":{"name":"Nizampet - JNTU Road Mumbai Highway","highway":"trunk","policy":""},"geometry":{"type":"LineString","coordinates":[[78.40112,17.494],[78.40039,17.49434],[78.39986,17.49457],[78.39972,17.49464],[78.39889,17.49501]]}},{"type":"Feature","properties":{"name":"Nizampet - JNTU Road Mumbai Highway","highway":"trunk","policy":""},"geometry":{"type":"LineString","coordinates":[[78.38977,17.49861],[78.3901,17.49857],[78.39074,17.49848],[78.39134,17.49833],[78.39177,17.49814],[78.39192,17.49807],[78.39205,17.49798],[78.39225,17.49785],[78.39249,17.49769],[78.39267,17.49755],[78.39357,17.49702],[78.39392,17.49685],[78.39488,17.49653]]}},{"type":"Feature","properties":{"name":"Nizampet - JNTU Road Mumbai Highway","highway":"trunk","policy":""},"geometry":{"type":"LineString","coordinates":[[78.40397,17.49269],[78.40349,17.49291],[78.40257,17.49334],[78.40238,17.49342]]}},{"type":"Feature","properties":{"name":"Kukkatpally Main Road - Mumbai Highway","highway":"trunk","policy":""},"geometry":{"type":"LineString","coordinates":[[78.40404,17.49282],[78.40409,17.4928],[78.40445,17.49267],[78.40546,17.49218],[78.40572,17.49205],[78.40598,17.49193],[78.4064,17.49172],[78.4069,17.49142],[78.40702,17.49131],[78.40748,17.49086],[78.40756,17.49079]]}},{"type":"Feature","properties":{"name":"Kukkatpally Main Road - Mumbai Highway","highway":"trunk","policy":""},"geometry":{"type":"LineString","coordinates":[[78.41682,17.48076],[78.41643,17.48118],[78.41611,17.48147],[78.41554,17.48186],[78.41508,17.48215],[78.41476,17.48234],[78.41464,17.48242],[78.41435,17.48259],[78.41393,17.48285],[78.41385,17.48291],[78.41359,17.48306],[78.41296,17.48342],[78.41253,17.48381],[78.41241,17.48393],[78.412,17.48446],[78.41175,17.48479],[78.41114,17.48564]]}},{"type":"Feature","properties":{"name":"Kukkatpally Main Road - Mumbai Highway","highway":"trunk","policy":""},"geometry":{"type":"LineString","coordinates":[[78.41253,17.48402],[78.41285,17.48374],[78.41304,17.48361],[78.4132,17.48348],[78.41347,17.48331],[78.41366,17.4832],[78.41389,17.48307],[78.41409,17.48294],[78.41455,17.48266],[78.41473,17.48255],[78.41485,17.48248],[78.41565,17.48202],[78.41577,17.48194],[78.41602,17.48176],[78.41621,17.48161],[78.41655,17.4813],[78.41725,17.48051],[78.41734,17.48041],[78.41784,17.47996],[78.41797,17.47985],[78.41816,17.47967],[78.41834,17.47951],[78.41854,17.47934],[78.4192,17.47882],[78.42008,17.47821],[78.42032,17.47804],[78.42098,17.47757],[78.42149,17.47724],[78.42153,17.47721],[78.42164,17.47714],[78.422,17.47689],[78.42271,17.47641],[78.42298,17.47622],[78.42313,17.47611],[78.42335,17.47592],[78.42355,17.47568],[78.42364,17.47558]]}},{"type":"Feature","properties":{"name":"Moosapet Road - Mumbai Highway","highway":"trunk","policy":""},"geometry":{"type":"LineString","coordinates":[[78.42552,17.47256],[78.42521,17.47296],[78.42518,17.473],[78.42507,17.47317],[78.42497,17.47333],[78.42493,17.47338],[78.42456,17.47396],[78.42449,17.47406],[78.42439,17.47423],[78.42397,17.47482],[78.42391,17.47491],[78.42369,17.47523],[78.4236,17.47534],[78.42347,17.47551]]}},{"type":"Feature","properties":{"name":"Nizampet - JNTU Road Mumbai Highway","highway":"trunk","policy":""},"geometry":{"type":"LineString","coordinates":[[78.39491,17.49633],[78.39474,17.49637],[78.39447,17.49644],[78.39421,17.49651],[78.39414,17.49654],[78.39402,17.49658],[78.39378,17.49667],[78.39345,17.49682],[78.39255,17.49744],[78.39238,17.49755],[78.39208,17.49776],[78.39177,17.49795],[78.39133,17.49815],[78.39122,17.49819],[78.391,17.49825],[78.39071,17.4983],[78.38996,17.49842],[78.38979,17.49843]]}},{"type":"Feature","properties":{"name":"Ameerpet Road - Panjagutta Main Road","highway":"trunk","policy":""},"geometry":{"type":"LineString","coordinates":[[78.45222,17.42702],[78.452,17.42731],[78.45158,17.42784],[78.45117,17.42838],[78.45112,17.42845],[78.45078,17.42901],[78.45068,17.42915],[78.45049,17.42941],[78.45035,17.42961],[78.45019,17.42979],[78.44995,17.43002]]}},{"type":"Feature","properties":{"name":"Ameerpet Road - Panjagutta Main Road","highway":"trunk","policy":""},"geometry":{"type":"LineString","coordinates":[[78.45005,17.43009],[78.45041,17.42978],[78.45046,17.4297],[78.45082,17.42918],[78.45139,17.42837],[78.45171,17.42792],[78.45195,17.4276],[78.45196,17.42759],[78.45217,17.42728],[78.45229,17.4271]]}},{"type":"Feature","properties":{"name":"Mumbai Highway","highway":"trunk","policy":""},"geometry":{"type":"LineString","coordinates":[[78.4341,17.45614],[78.43414,17.45605],[78.43431,17.45564],[78.43447,17.45525],[78.4345,17.45518],[78.43452,17.45514],[78.43456,17.45505],[78.43462,17.4549],[78.43482,17.45447],[78.43488,17.45432],[78.43489,17.45431],[78.435,17.45408],[78.43534,17.45336],[78.43555,17.45303],[78.43599,17.45224],[78.43627,17.4517],[78.43654,17.45116],[78.43656,17.45112],[78.437,17.45024],[78.43715,17.44994],[78.43718,17.44987],[78.43731,17.4496],[78.43763,17.44891],[78.43774,17.4487],[78.43806,17.44812],[78.43812,17.448],[78.43827,17.44774],[78.43832,17.44766],[78.43835,17.4476],[78.43838,17.44754],[78.43852,17.44729],[78.43878,17.44682],[78.43885,17.44669],[78.43899,17.44646],[78.43951,17.44546]]}},{"type":"Feature","properties":{"name":"NH65","highway":"trunk","policy":""},"geometry":{"type":"LineString","coordinates":[[78.44117,17.44236],[78.44112,17.44246]]}},{"type":"Feature","properties":{"name":"NH65","highway":"trunk","policy":""},"geometry":{"type":"LineString","coordinates":[[78.44125,17.44253],[78.44133,17.44243]]}},{"type":"Feature","properties":{"name":"Kamineni Flyover","highway":"trunk","policy":""},"geometry":{"type":"LineString","coordinates":[[78.55517,17.35202],[78.55528,17.3522],[78.55538,17.35239],[78.55545,17.35253],[78.55564,17.35295],[78.55572,17.35315],[78.55582,17.35345],[78.55604,17.35421],[78.5562,17.35476],[78.55635,17.35523]]}},{"type":"Feature","properties":{"name":"Inner Ring Road","highway":"trunk","policy":""},"geometry":{"type":"LineString","coordinates":[[78.5316,17.33761],[78.53205,17.33752],[78.53229,17.33749],[78.53247,17.33744],[78.53254,17.33744],[78.53277,17.33741],[78.53307,17.33737],[78.53351,17.3373],[78.53355,17.3373],[78.5337,17.33728],[78.53405,17.33728],[78.5344,17.33732],[78.53467,17.33736],[78.5348,17.33739],[78.53487,17.3374],[78.53527,17.33749],[78.53541,17.33751],[78.53602,17.33757],[78.5361,17.33759],[78.53625,17.33761],[78.53637,17.33764],[78.53696,17.33777],[78.53768,17.33781],[78.53785,17.33782],[78.53791,17.33783],[78.53857,17.33788],[78.5388,17.33789],[78.53926,17.33792],[78.53952,17.33793],[78.53995,17.33797]]}},{"type":"Feature","properties":{"name":"Inner Ring Road","highway":"trunk","policy":""},"geometry":{"type":"LineString","coordinates":[[78.52379,17.33978],[78.52386,17.33975],[78.52392,17.33973]]}},{"type":"Feature","properties":{"name":"RC Puram BHEL - Beeramguda Rd Mumbai Highway","highway":"trunk","policy":""},"geometry":{"type":"LineString","coordinates":[[78.30039,17.50909],[78.30044,17.50906],[78.30103,17.50873],[78.30135,17.50855],[78.30171,17.50834],[78.30197,17.50819],[78.3021,17.50812],[78.30228,17.50802],[78.3024,17.50795],[78.30262,17.50782],[78.30298,17.50762],[78.30318,17.5075],[78.30423,17.50691],[78.3049,17.50653],[78.3053,17.50629],[78.30594,17.50592],[78.30599,17.5059],[78.30608,17.50585],[78.30645,17.50565],[78.30683,17.50542],[78.30707,17.5053],[78.30759,17.505],[78.30816,17.5047],[78.30855,17.50448],[78.30882,17.50434],[78.31002,17.50366],[78.31014,17.5036]]}},{"type":"Feature","properties":{"name":"Vijaywada Highway","highway":"trunk","policy":""},"geometry":{"type":"LineString","coordinates":[[78.5704,17.33777],[78.57044,17.33775],[78.57063,17.33769],[78.57088,17.33762],[78.5714,17.33747],[78.57199,17.3373],[78.57199,17.3373],[78.57289,17.33701],[78.57335,17.33686],[78.57365,17.33679],[78.57388,17.33676]]}},{"type":"Feature","properties":{"name":"Vijaywada Highway","highway":"trunk","policy":""},"geometry":{"type":"LineString","coordinates":[[78.57388,17.33676],[78.57523,17.33661],[78.57571,17.33655],[78.57603,17.33651],[78.57652,17.33645],[78.57684,17.33641],[78.57689,17.3364],[78.57826,17.33624]]}},{"type":"Feature","properties":{"name":"Vijaywada Highway","highway":"trunk","policy":""},"geometry":{"type":"LineString","coordinates":[[78.52496,17.36847],[78.52315,17.36852],[78.52287,17.36853],[78.52249,17.36854],[78.52137,17.36855],[78.52129,17.36855],[78.52076,17.36857],[78.52042,17.36859],[78.51984,17.36863],[78.5197,17.36864],[78.51959,17.36866],[78.51924,17.36875],[78.51882,17.36884]]}},{"type":"Feature","properties":{"name":"Vijaywada Highway","highway":"trunk","policy":""},"geometry":{"type":"LineString","coordinates":[[78.53985,17.36746],[78.53978,17.36748]]}},{"type":"Feature","properties":{"name":"Vijaywada Highway","highway":"trunk","policy":""},"geometry":{"type":"LineString","coordinates":[[78.53992,17.3676],[78.54039,17.36733],[78.5409,17.36701],[78.54136,17.36668],[78.54163,17.36645],[78.54194,17.36616],[78.54217,17.36591],[78.54261,17.36535],[78.543,17.36481],[78.54305,17.3647],[78.54312,17.36457],[78.54331,17.3642],[78.54354,17.36352],[78.54365,17.36315],[78.5442,17.3611],[78.54428,17.3608],[78.54442,17.36029],[78.54463,17.35947],[78.54483,17.3587],[78.54502,17.35799],[78.54528,17.35695],[78.54558,17.35575],[78.54573,17.35524],[78.54598,17.35426]]}},{"type":"Feature","properties":{"name":"Vijaywada Highway","highway":"trunk","policy":""},"geometry":{"type":"LineString","coordinates":[[78.51881,17.369],[78.51952,17.36886],[78.51975,17.36881],[78.51986,17.3688],[78.52079,17.36873],[78.5208,17.36873],[78.5213,17.36872],[78.52148,17.3687],[78.52261,17.36868],[78.52355,17.36866],[78.52444,17.36863],[78.52463,17.36863],[78.52511,17.36861]]}},{"type":"Feature","properties":{"name":"Vijaywada Highway","highway":"trunk","policy":""},"geometry":{"type":"LineString","coordinates":[[78.51882,17.36884],[78.51837,17.36895],[78.51713,17.36926],[78.5163,17.36947],[78.51539,17.3697],[78.51517,17.36974],[78.51496,17.36978]]}},{"type":"Feature","properties":{"name":"Vijaywada Highway","highway":"trunk","policy":""},"geometry":{"type":"LineString","coordinates":[[78.51496,17.36978],[78.51488,17.36979]]}},{"type":"Feature","properties":{"name":"Vijaywada Highway","highway":"trunk","policy":""},"geometry":{"type":"LineString","coordinates":[[78.51047,17.3719],[78.51077,17.37178],[78.51097,17.37167],[78.51104,17.37163],[78.5117,17.37125],[78.513,17.37051]]}},{"type":"Feature","properties":{"name":"Golkonda Road","highway":"trunk","policy":""},"geometry":{"type":"LineString","coordinates":[[78.43171,17.39598],[78.43215,17.39596],[78.43244,17.39588],[78.43261,17.3958],[78.43275,17.39571],[78.43321,17.39545],[78.43338,17.3954],[78.43351,17.39537],[78.43368,17.39535],[78.43388,17.39534],[78.43434,17.3953],[78.43437,17.3953],[78.43502,17.39526],[78.43613,17.39516],[78.43674,17.3951],[78.43686,17.39509],[78.43783,17.39502],[78.43906,17.39494],[78.43953,17.39496],[78.43974,17.39501],[78.43995,17.39508],[78.44036,17.39525],[78.44169,17.39583],[78.44203,17.396],[78.44227,17.39617],[78.44238,17.39629]]}},{"type":"Feature","properties":{"name":"Golkonda Road","highway":"trunk","policy":""},"geometry":{"type":"LineString","coordinates":[[78.43121,17.39598],[78.43171,17.39598]]}},{"type":"Feature","properties":{"name":"RC Puram BHEL - Beeramguda Rd Mumbai Highway","highway":"trunk","policy":""},"geometry":{"type":"LineString","coordinates":[[78.3128,17.50039],[78.3126,17.50074],[78.3123,17.50127],[78.31203,17.50176],[78.31194,17.50192],[78.31188,17.50202],[78.31167,17.50231],[78.31141,17.50261],[78.31137,17.50265],[78.31124,17.50277],[78.31075,17.50314],[78.31064,17.50322],[78.31012,17.50351],[78.31009,17.50352],[78.30998,17.50359],[78.30876,17.50426]]}},{"type":"Feature","properties":{"name":"Punjagutta Junction","highway":"trunk","policy":""},"geometry":{"type":"LineString","coordinates":[[78.45242,17.42669],[78.45231,17.42688]]}},{"type":"Feature","properties":{"name":"NH44","highway":"trunk","policy":""},"geometry":{"type":"LineString","coordinates":[[78.42874,17.31966],[78.42884,17.31981],[78.42892,17.31993],[78.42903,17.32004],[78.42914,17.32015],[78.42925,17.32024],[78.42947,17.3204],[78.42972,17.32056],[78.42996,17.3207],[78.43063,17.32107],[78.43139,17.32147],[78.43177,17.32166]]}},{"type":"Feature","properties":{"name":"Hyderabad-Janagam Highway","highway":"trunk","policy":""},"geometry":{"type":"LineString","coordinates":[[78.60888,17.41218],[78.60958,17.41241],[78.60996,17.4125],[78.61023,17.4125],[78.61056,17.41249],[78.61229,17.41222],[78.61252,17.41222],[78.61271,17.41227],[78.6144,17.4129],[78.61514,17.41314],[78.61645,17.4135],[78.61804,17.41397],[78.61842,17.41412],[78.6186,17.41421],[78.61882,17.41432],[78.62025,17.41517],[78.62177,17.41609],[78.62255,17.41656],[78.62287,17.41673],[78.62326,17.41685],[78.6239,17.41699],[78.62579,17.41729],[78.62655,17.4174],[78.62745,17.41747],[78.62761,17.41749],[78.62789,17.41751],[78.62792,17.41751],[78.62851,17.41753],[78.62913,17.41759],[78.62976,17.41766],[78.62989,17.41768],[78.62993,17.41768],[78.62997,17.41769],[78.63063,17.41778],[78.63101,17.41783],[78.63177,17.41794],[78.63236,17.41804],[78.63273,17.41816],[78.63293,17.41822],[78.63294,17.41822],[78.63313,17.41832],[78.63327,17.41839],[78.63414,17.41897],[78.63468,17.41934],[78.6353,17.41976],[78.63535,17.41979],[78.63593,17.4202],[78.63737,17.42115],[78.63743,17.4212],[78.6387,17.42204],[78.63896,17.42222],[78.63904,17.42227],[78.63948,17.4225],[78.6396,17.42255],[78.63986,17.42267],[78.64025,17.42284],[78.64053,17.42297],[78.64098,17.42317],[78.64114,17.42323],[78.64164,17.42345],[78.64214,17.42364],[78.64257,17.42381],[78.64306,17.42399],[78.64365,17.42425],[78.644,17.42443],[78.6442,17.42453],[78.64478,17.42489],[78.64652,17.42597],[78.64657,17.426],[78.64793,17.42685],[78.64878,17.42738],[78.64896,17.42751],[78.649,17.42753],[78.64928,17.42773],[78.64943,17.42783],[78.64978,17.4281],[78.65006,17.42832],[78.6513,17.42929],[78.65201,17.42996],[78.65224,17.43019],[78.65255,17.43055],[78.65286,17.43098],[78.65295,17.43113],[78.65301,17.43123]]}},{"type":"Feature","properties":{"name":"Hyderabad-Janagam Highway","highway":"trunk","policy":""},"geometry":{"type":"LineString","coordinates":[[78.587,17.40469],[78.58695,17.40468],[78.58641,17.40454],[78.58603,17.40441],[78.58589,17.40436],[78.58546,17.4042],[78.58515,17.40406],[78.58477,17.40381],[78.58418,17.40343],[78.58392,17.40326],[78.58366,17.40309],[78.58363,17.40307],[78.58361,17.40305],[78.58326,17.4028],[78.583,17.40257],[78.58282,17.40241],[78.58278,17.40237],[78.58226,17.40187],[78.58195,17.40152],[78.58187,17.40144],[78.58171,17.40129],[78.58159,17.4012]]}},{"type":"Feature","properties":{"name":"Hyderabad-Janagam Highway","highway":"trunk","policy":""},"geometry":{"type":"LineString","coordinates":[[78.64484,17.42484],[78.64441,17.42457],[78.64387,17.42428],[78.64334,17.42403],[78.64274,17.4238],[78.64238,17.42365],[78.64218,17.42357],[78.64166,17.42336],[78.64067,17.42295],[78.64058,17.42292],[78.64043,17.42285],[78.63992,17.42262],[78.63957,17.42247],[78.63918,17.42225],[78.63878,17.42201],[78.63778,17.42134],[78.637,17.42082],[78.63692,17.42077],[78.63614,17.42026],[78.63542,17.41975],[78.63534,17.4197],[78.63517,17.41958],[78.63489,17.41941],[78.63483,17.41936],[78.63473,17.41929],[78.63472,17.41928],[78.63463,17.41922],[78.63457,17.41917],[78.63431,17.41899],[78.6334,17.41838],[78.633,17.41817],[78.63281,17.4181],[78.63254,17.41801],[78.63234,17.41796],[78.63145,17.41782],[78.62998,17.41762],[78.6299,17.41762],[78.62921,17.41753],[78.62902,17.41752],[78.6279,17.41745],[78.62737,17.41741],[78.62656,17.41734],[78.62516,17.41712],[78.62417,17.41696],[78.62354,17.41685],[78.62302,17.41671],[78.6227,17.41656],[78.62138,17.41576],[78.61892,17.41428],[78.61845,17.41405],[78.61799,17.41388],[78.61517,17.41306],[78.61485,17.41297],[78.61454,17.41287],[78.61318,17.41237],[78.61293,17.41227],[78.61275,17.41222],[78.6126,17.41217],[78.61234,17.41214],[78.6106,17.41241],[78.61027,17.41244],[78.60992,17.41242],[78.60973,17.41238],[78.6096,17.41234],[78.60951,17.41232],[78.6093,17.41225],[78.6091,17.41219],[78.60902,17.41216],[78.60889,17.41212],[78.60887,17.41211],[78.6084,17.41192],[78.60814,17.41182],[78.60725,17.41144],[78.60706,17.41136],[78.60603,17.41099],[78.60588,17.41093],[78.60546,17.41078],[78.60452,17.41044],[78.60343,17.41005],[78.6027,17.40976],[78.6025,17.40968],[78.60199,17.40947],[78.60156,17.4093],[78.60116,17.40914],[78.60088,17.40903],[78.60028,17.4088]]}},{"type":"Feature","properties":{"name":"Inner Ring Road","highway":"trunk","policy":""},"geometry":{"type":"LineString","coordinates":[[78.50706,17.34345],[78.50695,17.34342],[78.50686,17.34338],[78.50679,17.34333],[78.50663,17.34323],[78.50645,17.34313],[78.50628,17.34301],[78.50613,17.34291],[78.50574,17.34267],[78.50516,17.34229],[78.50484,17.34208],[78.50439,17.34178],[78.5037,17.34135],[78.50367,17.34133],[78.50312,17.341],[78.50255,17.34063],[78.50242,17.34055],[78.50239,17.34053],[78.50228,17.34047],[78.50125,17.33986],[78.50101,17.3397],[78.50057,17.33942],[78.50037,17.33929],[78.50024,17.3392],[78.5002,17.33918],[78.49977,17.33889],[78.49905,17.33842],[78.49877,17.33823],[78.49829,17.33794],[78.49792,17.3377],[78.49775,17.33759],[78.49762,17.33752],[78.49751,17.33745],[78.4973,17.33729],[78.49701,17.33707],[78.49686,17.33696],[78.49615,17.33644],[78.49527,17.3358],[78.49434,17.33504],[78.49413,17.33488],[78.493,17.33395],[78.49259,17.33361]]}},{"type":"Feature","properties":{"name":"NH65","highway":"trunk","policy":""},"geometry":{"type":"LineString","coordinates":[[78.35104,17.49414],[78.35117,17.49416]]}},{"type":"Feature","properties":{"name":"NH65","highway":"trunk","policy":""},"geometry":{"type":"LineString","coordinates":[[78.36263,17.49656],[78.36161,17.49657]]}},{"type":"Feature","properties":{"name":"Miyapur - Allwyn Cross Road Mumbai Highway","highway":"trunk","policy":""},"geometry":{"type":"LineString","coordinates":[[78.36129,17.49656],[78.36109,17.49653]]}},{"type":"Feature","properties":{"name":"Inner Ring Road","highway":"trunk","policy":""},"geometry":{"type":"LineString","coordinates":[[78.52392,17.33973],[78.524,17.3397],[78.52407,17.33968]]}},{"type":"Feature","properties":{"name":"Moosapet Road - Mumbai Highway","highway":"trunk","policy":""},"geometry":{"type":"LineString","coordinates":[[78.42364,17.47558],[78.42394,17.47514],[78.42455,17.47431],[78.42467,17.47415],[78.42479,17.47397],[78.4249,17.47381],[78.42515,17.47344],[78.42581,17.47247],[78.42599,17.4722],[78.42622,17.47186],[78.42644,17.47153],[78.42676,17.47105],[78.42686,17.47091],[78.42721,17.47039],[78.42727,17.47029],[78.42729,17.47026],[78.42763,17.46976]]}},{"type":"Feature","properties":{"name":"Vijaywada Highway","highway":"trunk","policy":""},"geometry":{"type":"LineString","coordinates":[[78.49853,17.37499],[78.49827,17.37513],[78.49818,17.3752],[78.49815,17.37522],[78.49808,17.37526]]}},{"type":"Feature","properties":{"name":"Golkonda Road","highway":"trunk","policy":""},"geometry":{"type":"LineString","coordinates":[[78.4308,17.39578],[78.43075,17.39578],[78.43054,17.3958],[78.42943,17.39587],[78.42912,17.39588],[78.42902,17.39588],[78.42859,17.39591],[78.42845,17.39592],[78.42803,17.3959],[78.42791,17.39589]]}},{"type":"Feature","properties":{"name":"Flyover","highway":"trunk","policy":""},"geometry":{"type":"LineString","coordinates":[[78.42008,17.30232],[78.42011,17.3024]]}},{"type":"Feature","properties":{"name":"Mahatma Gandhi Road","highway":"trunk","policy":""},"geometry":{"type":"LineString","coordinates":[[78.48763,17.44183],[78.48772,17.4415],[78.48782,17.44112],[78.48782,17.44111],[78.48807,17.44033],[78.48833,17.43959],[78.48849,17.43918],[78.48853,17.43907],[78.4886,17.43884],[78.48868,17.43825],[78.4887,17.43812],[78.48871,17.43786],[78.48871,17.43755],[78.4887,17.43697],[78.48869,17.43683],[78.48866,17.43636],[78.48861,17.436],[78.48855,17.4353],[78.48853,17.43487],[78.48852,17.43477],[78.48848,17.43319],[78.48848,17.43309],[78.48848,17.43298]]}},{"type":"Feature","properties":{"name":"Mumbai Highway","highway":"trunk","policy":""},"geometry":{"type":"LineString","coordinates":[[78.48037,17.37528],[78.48038,17.3753],[78.48042,17.37538],[78.48054,17.37558],[78.4808,17.37605],[78.48125,17.37687],[78.48159,17.37748],[78.48209,17.37838]]}},{"type":"Feature","properties":{"name":"Vijaywada Highway","highway":"trunk","policy":""},"geometry":{"type":"LineString","coordinates":[[78.49866,17.37507],[78.49913,17.37469],[78.4993,17.37458],[78.49962,17.37438],[78.49997,17.37421],[78.50027,17.37406],[78.50057,17.37394],[78.50064,17.37391],[78.50124,17.37378],[78.50135,17.37375],[78.50244,17.37356],[78.50252,17.37355],[78.50278,17.37351],[78.50304,17.37347],[78.50308,17.37346],[78.50394,17.37333],[78.50519,17.37318],[78.50526,17.37317],[78.50549,17.37313],[78.50635,17.37302],[78.50736,17.37284],[78.50797,17.37271],[78.50851,17.37258],[78.50951,17.37223],[78.51047,17.3719]]}},{"type":"Feature","properties":{"name":"Nizamabad Road","highway":"trunk","policy":""},"geometry":{"type":"LineString","coordinates":[[78.47674,17.49889],[78.47668,17.49877],[78.47655,17.49849]]}},{"type":"Feature","properties":{"name":"Nizamabad Road","highway":"trunk","policy":""},"geometry":{"type":"LineString","coordinates":[[78.49055,17.5388],[78.49037,17.53818],[78.49005,17.53718]]}},{"type":"Feature","properties":{"name":"Srinagar-Kanyakumari Highway","highway":"trunk","policy":""},"geometry":{"type":"LineString","coordinates":[[78.48497,17.4568],[78.48421,17.45644]]}},{"type":"Feature","properties":{"name":"Inner Ring Road","highway":"trunk","policy":""},"geometry":{"type":"LineString","coordinates":[[78.56026,17.40179],[78.56035,17.40169],[78.56038,17.40162],[78.56039,17.40155],[78.56039,17.40148],[78.56038,17.4014],[78.56037,17.40133],[78.56036,17.40124],[78.56036,17.40118],[78.56035,17.40101]]}},{"type":"Feature","properties":{"name":"Darul Shifa Road","highway":"trunk","policy":""},"geometry":{"type":"LineString","coordinates":[[78.47954,17.35998],[78.4795,17.35977],[78.47942,17.35943],[78.47939,17.35926],[78.47938,17.35922],[78.47933,17.35898],[78.47931,17.35891],[78.47923,17.35853]]}},{"type":"Feature","properties":{"name":"Charminar Road","highway":"trunk","policy":""},"geometry":{"type":"LineString","coordinates":[[78.47272,17.35284],[78.47296,17.35355],[78.47302,17.35386],[78.47307,17.35406],[78.47324,17.35488]]}},{"type":"Feature","properties":{"name":"Inner Ring Road","highway":"trunk","policy":""},"geometry":{"type":"LineString","coordinates":[[78.43061,17.32266],[78.43026,17.32294],[78.42972,17.32334]]}},{"type":"Feature","properties":{"name":"NH44","highway":"trunk","policy":""},"geometry":{"type":"LineString","coordinates":[[78.42325,17.31065],[78.42277,17.30953],[78.42209,17.3079],[78.42142,17.30613],[78.4213,17.30575]]}},{"type":"Feature","properties":{"name":"Nizamabad Road","highway":"trunk","policy":""},"geometry":{"type":"LineString","coordinates":[[78.49005,17.53718],[78.48978,17.53624],[78.48957,17.53554],[78.48946,17.53516],[78.48932,17.53462],[78.4892,17.53421],[78.48904,17.53367],[78.48895,17.53341],[78.48871,17.53278],[78.48848,17.53225],[78.48839,17.53209],[78.48832,17.53194],[78.48815,17.53162],[78.48705,17.52975],[78.48659,17.5291],[78.486,17.52817],[78.48595,17.52809],[78.48492,17.5265],[78.48485,17.5264],[78.48471,17.52619]]}},{"type":"Feature","properties":{"name":"Nizamabad Road","highway":"trunk","policy":""},"geometry":{"type":"LineString","coordinates":[[78.48117,17.51718],[78.48106,17.51693],[78.48067,17.51613],[78.48021,17.51515],[78.47993,17.51443],[78.47978,17.51375],[78.47975,17.51343],[78.47971,17.513],[78.47968,17.51255],[78.47963,17.51174],[78.47952,17.50979],[78.47943,17.50852],[78.47939,17.50764],[78.47927,17.50705],[78.47921,17.50677],[78.47907,17.5061],[78.4789,17.50533],[78.47869,17.50428],[78.47846,17.50327],[78.47831,17.50259],[78.47817,17.50211],[78.47808,17.50187],[78.47797,17.50156],[78.47749,17.50054],[78.47733,17.50017],[78.47692,17.49928],[78.47688,17.49917],[78.47685,17.49913],[78.47684,17.4991]]}},{"type":"Feature","properties":{"name":"Golkonda Road","highway":"trunk","policy":""},"geometry":{"type":"LineString","coordinates":[[78.44245,17.39595],[78.44217,17.39577],[78.44169,17.39555],[78.44164,17.39552],[78.44153,17.39547],[78.44111,17.39529],[78.44065,17.39508],[78.44047,17.39499],[78.44025,17.39489],[78.44008,17.39481],[78.43995,17.39477],[78.43982,17.39472],[78.43968,17.3947],[78.43954,17.3947],[78.43942,17.39469],[78.43925,17.39469],[78.43893,17.39471],[78.43845,17.39474],[78.43817,17.39476],[78.43787,17.39479],[78.4376,17.39481],[78.43735,17.39485],[78.43697,17.39489],[78.43689,17.3949],[78.43671,17.39491],[78.43632,17.39496],[78.43612,17.39497],[78.43527,17.39503],[78.43502,17.39505],[78.43475,17.39507],[78.43435,17.3951],[78.43421,17.39511],[78.43393,17.39514],[78.43383,17.39515],[78.43358,17.39517],[78.4334,17.3952],[78.43324,17.39524],[78.43305,17.3953],[78.43267,17.3955],[78.43246,17.39559],[78.43243,17.3956],[78.43225,17.39566]]}},{"type":"Feature","properties":{"name":"Nizampet - JNTU Road Mumbai Highway","highway":"trunk","policy":""},"geometry":{"type":"LineString","coordinates":[[78.39488,17.49653],[78.3951,17.49647],[78.39518,17.49644],[78.39556,17.49635],[78.39606,17.49622],[78.39643,17.49613],[78.39651,17.49611],[78.39731,17.49591]]}},{"type":"Feature","properties":{"name":"Vijaywada Highway","highway":"trunk","policy":""},"geometry":{"type":"LineString","coordinates":[[78.49836,17.37528],[78.49841,17.37525],[78.49857,17.37514],[78.4986,17.37512],[78.49866,17.37507]]}},{"type":"Feature","properties":{"name":"Brigadier Sayeed Road","highway":"trunk","policy":""},"geometry":{"type":"LineString","coordinates":[[78.4863,17.45127],[78.48609,17.45163],[78.48605,17.45178]]}},{"type":"Feature","properties":{"name":"Mumbai Highway","highway":"trunk","policy":""},"geometry":{"type":"LineString","coordinates":[[78.48521,17.38074],[78.48542,17.38072],[78.48596,17.38068],[78.4863,17.38066],[78.48707,17.38065],[78.4877,17.38064],[78.48828,17.38064],[78.48891,17.38064],[78.4895,17.38071],[78.48984,17.38074],[78.49044,17.38075]]}},{"type":"Feature","properties":{"name":"Sardar Vallabhai Patel Chowk","highway":"trunk","policy":""},"geometry":{"type":"LineString","coordinates":[[78.46996,17.40055],[78.46991,17.40064],[78.46989,17.40073],[78.46991,17.40083],[78.46996,17.40091],[78.47004,17.40097]]}},{"type":"Feature","properties":{"name":"NH44;NH65;NH163","highway":"trunk","policy":""},"geometry":{"type":"LineString","coordinates":[[78.47004,17.40097],[78.47014,17.401],[78.47023,17.401],[78.47035,17.40095],[78.47039,17.40093]]}},{"type":"Feature","properties":{"name":"NH65","highway":"trunk","policy":""},"geometry":{"type":"LineString","coordinates":[[78.49192,17.37729],[78.49183,17.37732],[78.49175,17.37737],[78.49169,17.37744],[78.49166,17.37753],[78.49167,17.37762],[78.4917,17.37771]]}},{"type":"Feature","properties":{"name":"NH65","highway":"trunk","policy":""},"geometry":{"type":"LineString","coordinates":[[78.49199,17.3773],[78.49192,17.37729]]}},{"type":"Feature","properties":{"name":"NH65","highway":"trunk","policy":""},"geometry":{"type":"LineString","coordinates":[[78.49211,17.37779],[78.49219,17.37773],[78.49222,17.37766],[78.49224,17.37757],[78.49222,17.37748],[78.49218,17.3774],[78.49211,17.37734],[78.49208,17.37732]]}},{"type":"Feature","properties":{"name":"Outer Ring Road","highway":"motorway","policy":""},"geometry":{"type":"LineString","coordinates":[[78.53395,17.5903],[78.54037,17.58939],[78.54093,17.5893],[78.54148,17.5892],[78.54204,17.58909],[78.5426,17.58897],[78.54314,17.58883],[78.54367,17.58869],[78.54421,17.58852],[78.54474,17.58835],[78.54527,17.58816],[78.54579,17.58796],[78.55354,17.58487]]}},{"type":"Feature","properties":{"name":"Outer Ring Road","highway":"motorway","policy":""},"geometry":{"type":"LineString","coordinates":[[78.51668,17.59257],[78.51649,17.5926]]}},{"type":"Feature","properties":{"name":"Outer Ring Road","highway":"motorway","policy":""},"geometry":{"type":"LineString","coordinates":[[78.51652,17.59278],[78.51671,17.59275]]}},{"type":"Feature","properties":{"name":"Outer Ring Road","highway":"motorway","policy":""},"geometry":{"type":"LineString","coordinates":[[78.49925,17.59691],[78.49795,17.59747],[78.49741,17.5977]]}},{"type":"Feature","properties":{"name":"NH44;NH65;NH163","highway":"trunk","policy":""},"geometry":{"type":"LineString","coordinates":[[78.47607,17.37436],[78.47643,17.3741],[78.47646,17.37409],[78.47651,17.37405],[78.47654,17.37394]]}},{"type":"Feature","properties":{"name":"Public Garden Road","highway":"trunk","policy":""},"geometry":{"type":"LineString","coordinates":[[78.46819,17.40258],[78.4684,17.4024],[78.46872,17.40215],[78.469,17.40195],[78.46934,17.40174],[78.46979,17.40146],[78.46993,17.40136],[78.47012,17.40124],[78.47027,17.4011]]}},{"type":"Feature","properties":{"name":"NH44","highway":"trunk","policy":""},"geometry":{"type":"LineString","coordinates":[[78.4763,17.37293],[78.47627,17.37289],[78.47624,17.37285],[78.4762,17.37278],[78.47617,17.37267],[78.47617,17.37256],[78.47617,17.37249]]}},{"type":"Feature","properties":{"name":"Outer Ring Road","highway":"motorway","policy":""},"geometry":{"type":"LineString","coordinates":[[78.41046,17.59413],[78.41028,17.59404]]}},{"type":"Feature","properties":{"name":"Outer Ring Road","highway":"motorway","policy":""},"geometry":{"type":"LineString","coordinates":[[78.41596,17.59648],[78.41289,17.59522],[78.41238,17.595],[78.41186,17.59478],[78.41136,17.59456],[78.41128,17.59452]]}},{"type":"Feature","properties":{"name":"Outer Ring Road","highway":"motorway","policy":""},"geometry":{"type":"LineString","coordinates":[[78.41161,17.59487],[78.41179,17.59495],[78.41223,17.59514]]}},{"type":"Feature","properties":{"name":"Outer Ring Road","highway":"motorway","policy":""},"geometry":{"type":"LineString","coordinates":[[78.49238,17.59931],[78.49282,17.59921]]}},{"type":"Feature","properties":{"name":"Outer Ring Road","highway":"motorway","policy":""},"geometry":{"type":"LineString","coordinates":[[78.49285,17.59901],[78.49241,17.59911]]}},{"type":"Feature","properties":{"name":"Golkonda Road","highway":"trunk","policy":""},"geometry":{"type":"LineString","coordinates":[[78.42931,17.39603],[78.43075,17.39599]]}},{"type":"Feature","properties":{"name":"Nizampet - Miyapur Road Mumbai Highway","highway":"trunk","policy":""},"geometry":{"type":"LineString","coordinates":[[78.38979,17.49843],[78.38842,17.49859],[78.38811,17.49864],[78.38796,17.49866],[78.38789,17.49867],[78.38642,17.49886],[78.38589,17.49893],[78.38578,17.49895],[78.38569,17.49896],[78.38494,17.49907],[78.38489,17.49908],[78.38418,17.49918],[78.38302,17.49935],[78.38283,17.49936],[78.38267,17.49936],[78.38237,17.49934],[78.38191,17.49925],[78.38114,17.49901],[78.38066,17.49883]]}},{"type":"Feature","properties":{"name":"Pathergatti Road","highway":"trunk","policy":""},"geometry":{"type":"LineString","coordinates":[[78.47523,17.36443],[78.47526,17.36463],[78.4753,17.36488],[78.47528,17.36496],[78.47522,17.36502],[78.47519,17.36509],[78.47521,17.36521],[78.47524,17.36526],[78.47532,17.36529],[78.47535,17.36532],[78.47548,17.36597],[78.47579,17.3675],[78.47582,17.36763]]}},{"type":"Feature","properties":{"name":"uppuguda","highway":"trunk","policy":""},"geometry":{"type":"LineString","coordinates":[[78.47521,17.36435],[78.47523,17.36443]]}},{"type":"Feature","properties":{"name":"Outer Ring Road","highway":"motorway","policy":""},"geometry":{"type":"LineString","coordinates":[[78.36972,17.56125],[78.37105,17.56113],[78.3724,17.561],[78.37268,17.56098],[78.37295,17.56096],[78.37323,17.56095],[78.37352,17.56094],[78.3738,17.56094],[78.37408,17.56095],[78.37436,17.56097],[78.37463,17.561],[78.37491,17.56105],[78.37519,17.5611],[78.37546,17.56116],[78.37573,17.56123],[78.37591,17.56128],[78.37608,17.56133]]}},{"type":"Feature","properties":{"name":"Outer Ring Road","highway":"motorway","policy":""},"geometry":{"type":"LineString","coordinates":[[78.34523,17.56198],[78.35353,17.56203],[78.35409,17.56203],[78.35466,17.56203],[78.35522,17.56202],[78.35692,17.56198],[78.35737,17.56197]]}},{"type":"Feature","properties":{"name":"Outer Ring Road","highway":"motorway","policy":""},"geometry":{"type":"LineString","coordinates":[[78.34512,17.56198],[78.34523,17.56198]]}},{"type":"Feature","properties":{"name":"Outer Ring Road","highway":"motorway","policy":""},"geometry":{"type":"LineString","coordinates":[[78.68245,17.40536],[78.68105,17.41062]]}},{"type":"Feature","properties":{"name":"Outer Ring Road","highway":"motorway","policy":""},"geometry":{"type":"LineString","coordinates":[[78.68291,17.40364],[78.68245,17.40536]]}},{"type":"Feature","properties":{"name":"Outer Ring Road","highway":"motorway","policy":""},"geometry":{"type":"LineString","coordinates":[[78.26208,17.54673],[78.26219,17.54675]]}},{"type":"Feature","properties":{"name":"Outer Ring Road","highway":"motorway","policy":""},"geometry":{"type":"LineString","coordinates":[[78.26223,17.54657],[78.26212,17.54655]]}},{"type":"Feature","properties":{"name":"Outer Ring Road","highway":"motorway","policy":""},"geometry":{"type":"LineString","coordinates":[[78.23688,17.53825],[78.23708,17.53852],[78.23729,17.53879]]}},{"type":"Feature","properties":{"name":"Outer Ring Road","highway":"motorway","policy":""},"geometry":{"type":"LineString","coordinates":[[78.23747,17.53872],[78.23727,17.53845]]}},{"type":"Feature","properties":{"name":"Outer Ring Road","highway":"motorway","policy":""},"geometry":{"type":"LineString","coordinates":[[78.26219,17.54675],[78.26364,17.54704],[78.2642,17.54715],[78.26473,17.54726],[78.26528,17.54738],[78.26583,17.5475],[78.26637,17.54762],[78.26692,17.54775],[78.26745,17.54787],[78.26799,17.548],[78.26853,17.54812],[78.26908,17.54826],[78.27066,17.54865]]}},{"type":"Feature","properties":{"name":"Outer Ring Road","highway":"motorway","policy":""},"geometry":{"type":"LineString","coordinates":[[78.40665,17.59196],[78.4065,17.59187],[78.40604,17.59156],[78.40559,17.59125],[78.40514,17.59094],[78.40469,17.59061],[78.40425,17.59029],[78.40381,17.58994],[78.40337,17.5896],[78.40294,17.58925],[78.40273,17.58907]]}},{"type":"Feature","properties":{"name":"Outer Ring Road","highway":"motorway","policy":""},"geometry":{"type":"LineString","coordinates":[[78.40155,17.58811],[78.40147,17.58805]]}},{"type":"Feature","properties":{"name":"Outer Ring Road","highway":"motorway","policy":""},"geometry":{"type":"LineString","coordinates":[[78.40134,17.58819],[78.40142,17.58825]]}},{"type":"Feature","properties":{"name":"Outer Ring Road","highway":"motorway","policy":""},"geometry":{"type":"LineString","coordinates":[[78.40347,17.58991],[78.40369,17.59008],[78.40413,17.59043],[78.40457,17.59076],[78.40502,17.59108],[78.40547,17.5914],[78.40593,17.59171],[78.40639,17.59202],[78.40686,17.59232],[78.40733,17.59261]]}},{"type":"Feature","properties":{"name":"Outer Ring Road","highway":"motorway","policy":""},"geometry":{"type":"LineString","coordinates":[[78.36757,17.56126],[78.36747,17.56126]]}},{"type":"Feature","properties":{"name":"Outer Ring Road","highway":"motorway","policy":""},"geometry":{"type":"LineString","coordinates":[[78.36749,17.56145],[78.36759,17.56144]]}},{"type":"Feature","properties":{"name":"Outer Ring Road","highway":"motorway","policy":""},"geometry":{"type":"LineString","coordinates":[[78.37615,17.56116],[78.37597,17.5611],[78.37578,17.56105],[78.37551,17.56098],[78.37523,17.56092],[78.37495,17.56086],[78.37466,17.56082],[78.37437,17.56079],[78.37409,17.56077],[78.3738,17.56076],[78.37352,17.56076],[78.37323,17.56076],[78.37294,17.56078],[78.37266,17.5608],[78.37238,17.56082],[78.37104,17.56094],[78.36967,17.56107]]}},{"type":"Feature","properties":{"name":"Outer Ring Road","highway":"motorway","policy":""},"geometry":{"type":"LineString","coordinates":[[78.35736,17.56178],[78.35691,17.5618],[78.35522,17.56183],[78.35466,17.56184],[78.35409,17.56185],[78.35353,17.56185],[78.34523,17.5618]]}},{"type":"Feature","properties":{"name":"Outer Ring Road","highway":"motorway","policy":""},"geometry":{"type":"LineString","coordinates":[[78.39379,17.58177],[78.39048,17.57909],[78.39005,17.57873],[78.38963,17.57837],[78.38923,17.57799],[78.38883,17.57761],[78.38844,17.57722],[78.38806,17.57683],[78.3877,17.57642],[78.38734,17.576],[78.38699,17.57558],[78.38665,17.57514],[78.38632,17.57471],[78.386,17.57426],[78.3857,17.57381],[78.3854,17.57336],[78.38512,17.57289],[78.38502,17.57272]]}},{"type":"Feature","properties":{"name":"Outer Ring Road","highway":"motorway","policy":""},"geometry":{"type":"LineString","coordinates":[[78.37834,17.56255],[78.37843,17.56262]]}},{"type":"Feature","properties":{"name":"Outer Ring Road","highway":"motorway","policy":""},"geometry":{"type":"LineString","coordinates":[[78.38484,17.57279],[78.38495,17.57298],[78.38524,17.57345],[78.38553,17.57391],[78.38584,17.57436],[78.38616,17.57481],[78.38649,17.57525],[78.38683,17.57569],[78.38718,17.57611],[78.38755,17.57654],[78.38791,17.57694],[78.38829,17.57734],[78.38869,17.57774],[78.38909,17.57812],[78.3895,17.5785],[78.38992,17.57887],[78.39035,17.57923],[78.39365,17.5819]]}},{"type":"Feature","properties":{"name":"Outer Ring Road","highway":"motorway","policy":""},"geometry":{"type":"LineString","coordinates":[[78.37855,17.56248],[78.37846,17.56241]]}},{"type":"Feature","properties":{"name":"Outer Ring Road","highway":"motorway","policy":""},"geometry":{"type":"LineString","coordinates":[[78.34523,17.5618],[78.34512,17.5618]]}},{"type":"Feature","properties":{"name":"Outer Ring Road","highway":"motorway","policy":""},"geometry":{"type":"LineString","coordinates":[[78.30406,17.55523],[78.30147,17.55376],[78.30123,17.55363],[78.30098,17.5535],[78.30073,17.55338],[78.30047,17.55326],[78.3002,17.55315],[78.29994,17.55305],[78.29967,17.55296],[78.29947,17.55289],[78.29927,17.55283]]}},{"type":"Feature","properties":{"name":"Outer Ring Road","highway":"motorway","policy":""},"geometry":{"type":"LineString","coordinates":[[78.68362,17.40095],[78.68291,17.40364]]}},{"type":"Feature","properties":{"name":"Outer Ring Road","highway":"motorway","policy":""},"geometry":{"type":"LineString","coordinates":[[78.68105,17.41062],[78.68101,17.41076]]}},{"type":"Feature","properties":{"name":"Outer Ring Road","highway":"motorway","policy":""},"geometry":{"type":"LineString","coordinates":[[78.67506,17.43182],[78.67501,17.43194]]}},{"type":"Feature","properties":{"name":"Outer Ring Road","highway":"motorway","policy":""},"geometry":{"type":"LineString","coordinates":[[78.68365,17.40083],[78.68362,17.40095]]}},{"type":"Feature","properties":{"name":"Outer Ring Road","highway":"motorway","policy":""},"geometry":{"type":"LineString","coordinates":[[78.67753,17.42382],[78.67637,17.42815],[78.67623,17.42866],[78.67607,17.42917],[78.6759,17.42969],[78.67572,17.43021],[78.67552,17.43072],[78.67536,17.43113]]}},{"type":"Feature","properties":{"name":"Outer Ring Road","highway":"motorway","policy":""},"geometry":{"type":"LineString","coordinates":[[78.66771,17.44693],[78.6677,17.4472],[78.66769,17.44747],[78.66769,17.44775],[78.66769,17.44802],[78.66771,17.44828],[78.66772,17.44855],[78.66774,17.44882],[78.66777,17.44908],[78.6678,17.44935],[78.66784,17.44963],[78.66789,17.44991],[78.66799,17.45044],[78.66817,17.45139]]}},{"type":"Feature","properties":{"name":"Outer Ring Road","highway":"motorway","policy":""},"geometry":{"type":"LineString","coordinates":[[78.65933,17.33849],[78.65929,17.33838],[78.65919,17.33813],[78.65912,17.33787],[78.65904,17.33761],[78.65898,17.33735],[78.65892,17.33708],[78.65887,17.33682],[78.65883,17.33656],[78.6588,17.3363],[78.65878,17.33603],[78.65876,17.33576],[78.65875,17.33549],[78.65873,17.33495],[78.65865,17.3293]]}},{"type":"Feature","properties":{"name":"Outer Ring Road","highway":"motorway","policy":""},"geometry":{"type":"LineString","coordinates":[[78.66848,17.45298],[78.66856,17.45338]]}},{"type":"Feature","properties":{"name":"Outer Ring Road","highway":"motorway","policy":""},"geometry":{"type":"LineString","coordinates":[[78.66808,17.44988],[78.66803,17.44961],[78.66799,17.44933],[78.66796,17.44907],[78.66793,17.4488],[78.66791,17.44854],[78.6679,17.44828],[78.66789,17.44801],[78.66788,17.44775],[78.66788,17.44748],[78.66789,17.44721],[78.6679,17.44694],[78.66792,17.44668],[78.66794,17.4464],[78.66797,17.44613],[78.66802,17.44575]]}},{"type":"Feature","properties":{"name":"Outer Ring Road","highway":"motorway","policy":""},"geometry":{"type":"LineString","coordinates":[[78.66875,17.45336],[78.66867,17.45296]]}},{"type":"Feature","properties":{"name":"Outer Ring Road","highway":"motorway","policy":""},"geometry":{"type":"LineString","coordinates":[[78.63583,17.53175],[78.63495,17.53308],[78.63465,17.53354],[78.63437,17.53401],[78.63409,17.53448],[78.63383,17.53497],[78.63358,17.53546],[78.63335,17.53596],[78.63313,17.53645],[78.63292,17.53695],[78.63272,17.53747],[78.63252,17.538]]}},{"type":"Feature","properties":{"name":"Outer Ring Road","highway":"motorway","policy":""},"geometry":{"type":"LineString","coordinates":[[78.65716,17.31337],[78.65677,17.31161]]}},{"type":"Feature","properties":{"name":"mir alam mandi","highway":"trunk","policy":""},"geometry":{"type":"LineString","coordinates":[[78.47619,17.36866],[78.47613,17.36852],[78.47607,17.36836],[78.47602,17.36814],[78.47592,17.3676],[78.47589,17.36748],[78.47571,17.3666],[78.47556,17.36596],[78.47545,17.36532],[78.47532,17.36462],[78.47539,17.36449],[78.47539,17.36442],[78.47539,17.36436],[78.47536,17.36431],[78.47532,17.36425],[78.47526,17.36419],[78.47524,17.36418],[78.47523,17.36415],[78.47521,17.36411],[78.47516,17.36385],[78.47508,17.36347]]}},{"type":"Feature","properties":{"name":"Srisailam Highway","highway":"trunk","policy":""},"geometry":{"type":"LineString","coordinates":[[78.47192,17.28138],[78.47196,17.28129],[78.47211,17.28107],[78.47219,17.28097],[78.47246,17.28063],[78.47258,17.28045],[78.47272,17.28018],[78.47301,17.27955],[78.47327,17.27896],[78.47349,17.27846],[78.47364,17.27812],[78.47381,17.27772],[78.47448,17.27631],[78.47467,17.27602],[78.47489,17.27575],[78.47518,17.27544],[78.47529,17.27527],[78.47531,17.27521],[78.47536,17.2751],[78.47539,17.27496],[78.4754,17.27473],[78.47535,17.27422],[78.47508,17.27281],[78.47499,17.27254],[78.47485,17.27224],[78.47434,17.27134],[78.47427,17.2712],[78.47424,17.27111],[78.47423,17.27105]]}},{"type":"Feature","properties":{"name":"Srisailam Highway","highway":"trunk","policy":""},"geometry":{"type":"LineString","coordinates":[[78.47416,17.27111],[78.4742,17.27122],[78.47426,17.27138],[78.47453,17.27185],[78.47478,17.27227],[78.47493,17.2726],[78.47502,17.27289],[78.47527,17.27424],[78.47531,17.27473],[78.4753,17.27493],[78.47526,17.27512],[78.47523,17.27519],[78.47519,17.27527],[78.47511,17.27536],[78.47482,17.2757],[78.47463,17.27594],[78.47444,17.27624],[78.4743,17.27652],[78.47403,17.27708],[78.47381,17.27756],[78.47374,17.27769],[78.47372,17.27774],[78.47342,17.27843],[78.47293,17.27952],[78.47264,17.28018],[78.47253,17.2804],[78.47239,17.28062],[78.47217,17.28088],[78.47209,17.28098],[78.47197,17.28113],[78.47191,17.28122],[78.47186,17.28133]]}},{"type":"Feature","properties":{"name":"uppuguda","highway":"trunk","policy":""},"geometry":{"type":"LineString","coordinates":[[78.47607,17.3687],[78.47611,17.36878]]}},{"type":"Feature","properties":{"name":"P.V. Narasimha Rao Flyover","highway":"motorway","policy":""},"geometry":{"type":"LineString","coordinates":[[78.42782,17.36151],[78.42779,17.36135],[78.42775,17.3612],[78.42774,17.36114],[78.42771,17.36104],[78.42764,17.3609],[78.42757,17.36075],[78.42748,17.36061],[78.42738,17.36049],[78.42726,17.36037],[78.42715,17.36026],[78.42702,17.36016],[78.42695,17.3601]]}},{"type":"Feature","properties":{"name":"P.V. Narasimha Rao Flyover","highway":"motorway","policy":""},"geometry":{"type":"LineString","coordinates":[[78.4265,17.3357],[78.42649,17.3359],[78.42647,17.33604],[78.42644,17.33619],[78.42642,17.33632],[78.42637,17.3365],[78.42631,17.33667],[78.42626,17.33681],[78.42621,17.33693],[78.42612,17.3371],[78.42601,17.33731]]}},{"type":"Feature","properties":{"name":"P.V. Narasimha Rao Flyover","highway":"motorway","policy":""},"geometry":{"type":"LineString","coordinates":[[78.4269,17.36016],[78.42697,17.36021],[78.42709,17.36031],[78.42721,17.36042],[78.42731,17.36053],[78.42741,17.36066],[78.4275,17.36079],[78.42757,17.36093],[78.42763,17.36107],[78.42767,17.36122],[78.42771,17.36137],[78.42774,17.36153]]}},{"type":"Feature","properties":{"name":"P.V. Narasimha Rao Flyover","highway":"motorway","policy":""},"geometry":{"type":"LineString","coordinates":[[78.42608,17.33734],[78.42619,17.33713],[78.42628,17.33696],[78.42633,17.33684],[78.42638,17.3367],[78.42645,17.33651],[78.42649,17.33634],[78.42652,17.3362],[78.42655,17.33605],[78.42657,17.3359],[78.42658,17.33571]]}},{"type":"Feature","properties":{"name":"P.V. Narasimha Rao Flyover","highway":"motorway","policy":""},"geometry":{"type":"LineString","coordinates":[[78.42245,17.34208],[78.42261,17.34205],[78.4228,17.34199],[78.42299,17.34193],[78.42314,17.34187],[78.42329,17.34178],[78.42342,17.34169],[78.42353,17.3416],[78.42364,17.34151],[78.42374,17.3414],[78.42382,17.34129],[78.42391,17.34115],[78.424,17.34103]]}},{"type":"Feature","properties":{"name":"P.V. Narasimha Rao Flyover","highway":"motorway","policy":""},"geometry":{"type":"LineString","coordinates":[[78.41742,17.35111],[78.41747,17.35126],[78.41754,17.35141],[78.4176,17.35156],[78.41767,17.3517],[78.41775,17.35184],[78.41784,17.35198],[78.41794,17.35211],[78.41804,17.35224],[78.41815,17.35237],[78.41827,17.35249],[78.41839,17.3526],[78.4185,17.3527]]}},{"type":"Feature","properties":{"name":"P.V. Narasimha Rao Flyover","highway":"motorway","policy":""},"geometry":{"type":"LineString","coordinates":[[78.41855,17.35264],[78.41844,17.35254],[78.41833,17.35244],[78.41822,17.35232],[78.41811,17.35219],[78.41801,17.35206],[78.41791,17.35194],[78.41783,17.3518],[78.41775,17.35167],[78.41768,17.35153],[78.41761,17.35138],[78.41755,17.35124],[78.4175,17.35109]]}},{"type":"Feature","properties":{"name":"P.V. Narasimha Rao Flyover","highway":"motorway","policy":""},"geometry":{"type":"LineString","coordinates":[[78.42393,17.34099],[78.42385,17.34111],[78.42376,17.34124],[78.42367,17.34135],[78.42358,17.34145],[78.42348,17.34155],[78.42338,17.34164],[78.42325,17.34172],[78.42311,17.3418],[78.42296,17.34186],[78.42278,17.34193],[78.4226,17.34197],[78.42243,17.34201]]}},{"type":"Feature","properties":{"name":"P.V. Narasimha Rao Flyover","highway":"motorway","policy":""},"geometry":{"type":"LineString","coordinates":[[78.4307,17.32102],[78.43077,17.32106],[78.43083,17.32111],[78.43088,17.32115],[78.43094,17.32121],[78.43099,17.32126],[78.43103,17.32131],[78.43106,17.32137],[78.43109,17.32143],[78.43112,17.3215],[78.43115,17.32156],[78.43116,17.32163],[78.43118,17.3217],[78.43118,17.32177],[78.43118,17.32183],[78.43118,17.32189],[78.43117,17.32196],[78.43116,17.32204],[78.43113,17.32211],[78.4311,17.32219],[78.43107,17.32226],[78.43099,17.32237],[78.43089,17.32248],[78.4308,17.32256],[78.4307,17.32264]]}},{"type":"Feature","properties":{"name":"P.V. Narasimha Rao Flyover","highway":"motorway","policy":""},"geometry":{"type":"LineString","coordinates":[[78.42609,17.32606],[78.42588,17.32621],[78.4258,17.32628],[78.42573,17.32634],[78.42563,17.32644],[78.42557,17.32654],[78.42551,17.32662],[78.42547,17.32671],[78.42544,17.32683],[78.42542,17.32693],[78.42541,17.32704],[78.42541,17.32715],[78.42542,17.32732],[78.4256,17.32857],[78.42565,17.32887],[78.42573,17.32918],[78.42576,17.32927]]}},{"type":"Feature","properties":{"name":"P.V. Narasimha Rao Flyover","highway":"motorway","policy":""},"geometry":{"type":"LineString","coordinates":[[78.42583,17.32925],[78.42581,17.32917],[78.42573,17.32885],[78.42568,17.32855],[78.42549,17.32731],[78.42549,17.32715],[78.42549,17.32705],[78.42549,17.32694],[78.42551,17.32685],[78.42555,17.32674],[78.42559,17.32666],[78.42563,17.32658],[78.4257,17.32649],[78.42579,17.3264],[78.42586,17.32633],[78.42594,17.32627],[78.42614,17.32613]]}},{"type":"Feature","properties":{"name":"P.V. Narasimha Rao Flyover","highway":"motorway","policy":""},"geometry":{"type":"LineString","coordinates":[[78.43075,17.3227],[78.43085,17.32261],[78.43095,17.32253],[78.43105,17.32241],[78.43114,17.32229],[78.43118,17.32221],[78.43121,17.32213],[78.43123,17.32205],[78.43125,17.32197],[78.43126,17.3219],[78.43126,17.32183],[78.43126,17.32176],[78.43126,17.32169],[78.43124,17.32162],[78.43123,17.32154],[78.4312,17.32147],[78.43117,17.3214],[78.43113,17.32134],[78.4311,17.32128],[78.43105,17.32122],[78.43101,17.32116],[78.43095,17.3211],[78.43088,17.32105],[78.43081,17.32099],[78.43074,17.32095]]}},{"type":"Feature","properties":{"name":"P.V. Narasimha Rao Flyover","highway":"motorway","policy":""},"geometry":{"type":"LineString","coordinates":[[78.44192,17.39583],[78.44205,17.3959],[78.44218,17.39598],[78.44231,17.39608],[78.44243,17.39619],[78.44253,17.39631],[78.44261,17.39644],[78.44267,17.39659],[78.44273,17.39674],[78.44295,17.3975],[78.443,17.39767],[78.44307,17.39782],[78.44315,17.39795],[78.44324,17.39809],[78.44336,17.39821],[78.44349,17.39833],[78.44362,17.39841]]}},{"type":"Feature","properties":{"name":"P.V. Narasimha Rao Flyover","highway":"motorway","policy":""},"geometry":{"type":"LineString","coordinates":[[78.44365,17.39834],[78.44353,17.39826],[78.44341,17.39815],[78.4433,17.39804],[78.44321,17.39792],[78.44314,17.39779],[78.44308,17.39763],[78.44302,17.39748],[78.4428,17.39672],[78.44275,17.39656],[78.44267,17.3964],[78.44259,17.39627],[78.44249,17.39614],[78.44237,17.39603],[78.44223,17.39592],[78.4421,17.39583],[78.44196,17.39576]]}},{"type":"Feature","properties":{"name":"P.V. Narasimha Rao Flyover","highway":"motorway","policy":""},"geometry":{"type":"LineString","coordinates":[[78.44196,17.39576],[78.44048,17.39511]]}},{"type":"Feature","properties":{"name":"P.V. Narasimha Rao Flyover","highway":"motorway","policy":""},"geometry":{"type":"LineString","coordinates":[[78.42658,17.33571],[78.42674,17.33306]]}},{"type":"Feature","properties":{"name":"P.V. Narasimha Rao Flyover","highway":"motorway","policy":""},"geometry":{"type":"LineString","coordinates":[[78.42666,17.33306],[78.4265,17.3357]]}},{"type":"Feature","properties":{"name":"P.V. Narasimha Rao Flyover","highway":"motorway","policy":""},"geometry":{"type":"LineString","coordinates":[[78.44053,17.39521],[78.44192,17.39583]]}},{"type":"Feature","properties":{"name":"P.V. Narasimha Rao Flyover","highway":"motorway","policy":""},"geometry":{"type":"LineString","coordinates":[[78.42937,17.37492],[78.42935,17.37461],[78.42931,17.37429],[78.42926,17.37395],[78.42923,17.37365],[78.42921,17.37332],[78.42918,17.37301],[78.42917,17.37269],[78.42918,17.37239],[78.42922,17.37207],[78.42926,17.37177],[78.42928,17.37146],[78.4293,17.37115],[78.42931,17.37084],[78.42931,17.37052],[78.4293,17.3702],[78.42928,17.36989],[78.42925,17.36957],[78.42921,17.36923],[78.42917,17.36893]]}},{"type":"Feature","properties":{"name":"P.V. Narasimha Rao Flyover","highway":"motorway","policy":""},"geometry":{"type":"LineString","coordinates":[[78.42909,17.36893],[78.42913,17.36923],[78.42916,17.36956],[78.4292,17.36991],[78.42922,17.37021],[78.42923,17.37051],[78.42924,17.37082],[78.42922,17.37115],[78.42921,17.37146],[78.42918,17.37176],[78.42916,17.37207],[78.42913,17.37238],[78.42912,17.37267],[78.42912,17.373],[78.42912,17.37332],[78.42914,17.37365],[78.42918,17.37397],[78.42923,17.37431],[78.42927,17.37462],[78.42928,17.37492]]}},{"type":"Feature","properties":{"name":"P.V. Narasimha Rao Flyover","highway":"motorway","policy":""},"geometry":{"type":"LineString","coordinates":[[78.418,17.34304],[78.41782,17.34311],[78.41766,17.3432],[78.41751,17.34329],[78.41738,17.34339],[78.41726,17.34349],[78.41714,17.34362],[78.41702,17.34376],[78.41635,17.34463],[78.41626,17.34473],[78.41618,17.34486],[78.41611,17.34496],[78.41604,17.34509],[78.41598,17.34522],[78.41593,17.34534],[78.41588,17.34547],[78.41585,17.34559],[78.41583,17.34573],[78.41582,17.34588],[78.41581,17.346],[78.41582,17.34616],[78.41585,17.34632],[78.41588,17.34646],[78.41592,17.34661]]}},{"type":"Feature","properties":{"name":"P.V. Narasimha Rao Flyover","highway":"motorway","policy":""},"geometry":{"type":"LineString","coordinates":[[78.41599,17.34659],[78.41596,17.34644],[78.41592,17.3463],[78.4159,17.34615],[78.41589,17.346],[78.41589,17.34588],[78.4159,17.34574],[78.41593,17.34561],[78.41596,17.3455],[78.416,17.34537],[78.41605,17.34525],[78.41611,17.34513],[78.41617,17.34501],[78.41624,17.3449],[78.41633,17.34478],[78.41641,17.34468],[78.41708,17.34381],[78.4172,17.34367],[78.41732,17.34354],[78.41743,17.34344],[78.41756,17.34335],[78.4177,17.34326],[78.41785,17.34319],[78.41803,17.34311]]}},{"type":"Feature","properties":{"name":"P.V. Narasimha Rao Flyover","highway":"motorway","policy":""},"geometry":{"type":"LineString","coordinates":[[78.43914,17.39477],[78.4336,17.39524]]}},{"type":"Feature","properties":{"name":"P.V. Narasimha Rao Flyover","highway":"motorway","policy":""},"geometry":{"type":"LineString","coordinates":[[78.42668,17.33223],[78.4259,17.32948],[78.42583,17.32925]]}},{"type":"Feature","properties":{"name":"P.V. Narasimha Rao Flyover","highway":"motorway","policy":""},"geometry":{"type":"LineString","coordinates":[[78.43361,17.39532],[78.43913,17.39486]]}},{"type":"Feature","properties":{"name":"P.V. Narasimha Rao Flyover","highway":"motorway","policy":""},"geometry":{"type":"LineString","coordinates":[[78.42576,17.32927],[78.42582,17.32951],[78.4266,17.33226]]}},{"type":"Feature","properties":{"name":"P.V. Narasimha Rao Flyover","highway":"motorway","policy":""},"geometry":{"type":"LineString","coordinates":[[78.42928,17.37492],[78.42931,17.3762],[78.4294,17.3813],[78.42946,17.38509],[78.42949,17.38687]]}},{"type":"Feature","properties":{"name":"P.V. Narasimha Rao Flyover","highway":"motorway","policy":""},"geometry":{"type":"LineString","coordinates":[[78.42915,17.31992],[78.42896,17.31974],[78.42894,17.31969],[78.42889,17.31956]]}},{"type":"Feature","properties":{"name":"P.V. Narasimha Rao Flyover","highway":"motorway","policy":""},"geometry":{"type":"LineString","coordinates":[[78.44362,17.39841],[78.44375,17.39848],[78.44389,17.39854],[78.44406,17.39859],[78.44414,17.39861],[78.44426,17.39865]]}},{"type":"Feature","properties":{"name":"P.V. Narasimha Rao Flyover","highway":"motorway","policy":""},"geometry":{"type":"LineString","coordinates":[[78.4307,17.32264],[78.42974,17.32337],[78.42764,17.32492],[78.42609,17.32606]]}},{"type":"Feature","properties":{"name":"P.V. Narasimha Rao Flyover","highway":"motorway","policy":""},"geometry":{"type":"LineString","coordinates":[[78.42614,17.32613],[78.42769,17.32498],[78.42979,17.32343],[78.43075,17.3227]]}},{"type":"Feature","properties":{"name":"P.V. Narasimha Rao Flyover","highway":"motorway","policy":""},"geometry":{"type":"LineString","coordinates":[[78.44432,17.39857],[78.44409,17.39851],[78.44392,17.39846],[78.44378,17.39841],[78.44365,17.39834]]}},{"type":"Feature","properties":{"name":"P.V. Narasimha Rao Flyover","highway":"motorway","policy":""},"geometry":{"type":"LineString","coordinates":[[78.43074,17.32095],[78.43005,17.32054],[78.42981,17.32041],[78.42959,17.32026],[78.42936,17.3201],[78.42915,17.31992]]}},{"type":"Feature","properties":{"name":"P.V. Narasimha Rao Flyover","highway":"motorway","policy":""},"geometry":{"type":"LineString","coordinates":[[78.42674,17.33306],[78.42675,17.33288],[78.42675,17.33272],[78.42675,17.33254],[78.42672,17.33239],[78.42668,17.33223]]}},{"type":"Feature","properties":{"name":"P.V. Narasimha Rao Flyover","highway":"motorway","policy":""},"geometry":{"type":"LineString","coordinates":[[78.424,17.34103],[78.42427,17.3406],[78.42444,17.34032],[78.4246,17.34003],[78.42505,17.33919],[78.42608,17.33734]]}},{"type":"Feature","properties":{"name":"P.V. Narasimha Rao Flyover","highway":"motorway","policy":""},"geometry":{"type":"LineString","coordinates":[[78.42601,17.33731],[78.42498,17.33916],[78.42453,17.34],[78.42438,17.34028],[78.4242,17.34056],[78.42393,17.34099]]}},{"type":"Feature","properties":{"name":"P.V. Narasimha Rao Flyover","highway":"motorway","policy":""},"geometry":{"type":"LineString","coordinates":[[78.4266,17.33226],[78.42664,17.33242],[78.42666,17.33255],[78.42667,17.33272],[78.42667,17.33288],[78.42666,17.33306]]}},{"type":"Feature","properties":{"name":"P.V. Narasimha Rao Flyover","highway":"motorway","policy":""},"geometry":{"type":"LineString","coordinates":[[78.42909,17.31998],[78.42931,17.32016],[78.42954,17.32032],[78.42977,17.32047],[78.43001,17.32061],[78.4307,17.32102]]}},{"type":"Feature","properties":{"name":"P.V. Narasimha Rao Flyover","highway":"motorway","policy":""},"geometry":{"type":"LineString","coordinates":[[78.42243,17.34201],[78.41933,17.34264],[78.4191,17.34269],[78.41892,17.34274],[78.41873,17.34279],[78.4185,17.34287],[78.418,17.34304]]}},{"type":"Feature","properties":{"name":"P.V. Narasimha Rao Flyover","highway":"motorway","policy":""},"geometry":{"type":"LineString","coordinates":[[78.41803,17.34311],[78.41853,17.34294],[78.41876,17.34286],[78.41895,17.34281],[78.41912,17.34277],[78.41934,17.34272],[78.42245,17.34208]]}},{"type":"Feature","properties":{"name":"P.V. Narasimha Rao Flyover","highway":"motorway","policy":""},"geometry":{"type":"LineString","coordinates":[[78.42219,17.3559],[78.42402,17.35757],[78.42439,17.35793],[78.42477,17.3583],[78.42514,17.35865],[78.42547,17.35897],[78.42571,17.35919],[78.42595,17.3594],[78.4262,17.35961],[78.42646,17.35982],[78.4269,17.36016]]}},{"type":"Feature","properties":{"name":"P.V. Narasimha Rao Flyover","highway":"motorway","policy":""},"geometry":{"type":"LineString","coordinates":[[78.42695,17.3601],[78.4265,17.35976],[78.42625,17.35956],[78.42601,17.35935],[78.42577,17.35913],[78.42553,17.35891],[78.42433,17.35779],[78.42219,17.35577]]}},{"type":"Feature","properties":{"name":"P.V. Narasimha Rao Flyover","highway":"motorway","policy":""},"geometry":{"type":"LineString","coordinates":[[78.42774,17.36153],[78.4286,17.36642],[78.42865,17.36672],[78.42872,17.36707],[78.42877,17.3674],[78.42896,17.36833],[78.42904,17.36863],[78.42909,17.36893]]}},{"type":"Feature","properties":{"name":"P.V. Narasimha Rao Flyover","highway":"motorway","policy":""},"geometry":{"type":"LineString","coordinates":[[78.42917,17.36893],[78.42912,17.36863],[78.42905,17.36831],[78.42887,17.36738],[78.4288,17.36705],[78.42873,17.36675],[78.42867,17.36644],[78.42782,17.36151]]}},{"type":"Feature","properties":{"name":"P.V. Narasimha Rao Flyover","highway":"motorway","policy":""},"geometry":{"type":"LineString","coordinates":[[78.44048,17.39511],[78.44034,17.39504],[78.44021,17.39498],[78.44006,17.39492],[78.4399,17.39485],[78.43975,17.39481],[78.43959,17.39477],[78.43939,17.39476],[78.43914,17.39477]]}},{"type":"Feature","properties":{"name":"P.V. Narasimha Rao Flyover","highway":"motorway","policy":""},"geometry":{"type":"LineString","coordinates":[[78.43913,17.39486],[78.43935,17.39485],[78.43948,17.39486],[78.43963,17.39487],[78.43982,17.3949],[78.43999,17.39496],[78.44015,17.39504],[78.44031,17.39511],[78.44053,17.39521]]}},{"type":"Feature","properties":{"name":"P.V. Narasimha Rao Flyover","highway":"motorway","policy":""},"geometry":{"type":"LineString","coordinates":[[78.43107,17.39307],[78.43107,17.3929],[78.43106,17.39276],[78.43105,17.39262],[78.43103,17.39245],[78.431,17.39228],[78.43098,17.39212],[78.43095,17.39197],[78.43091,17.39182],[78.43087,17.39168],[78.43083,17.39151]]}},{"type":"Feature","properties":{"name":"P.V. Narasimha Rao Flyover","highway":"motorway","policy":""},"geometry":{"type":"LineString","coordinates":[[78.43075,17.39153],[78.4308,17.39169],[78.43083,17.39183],[78.43087,17.39198],[78.4309,17.39214],[78.43093,17.39229],[78.43095,17.39246],[78.43097,17.39262],[78.43098,17.39276],[78.43099,17.3929],[78.43099,17.39308]]}},{"type":"Feature","properties":{"name":"P.V. Narasimha Rao Flyover","highway":"motorway","policy":""},"geometry":{"type":"LineString","coordinates":[[78.43174,17.39586],[78.43187,17.39589],[78.43198,17.3959],[78.43213,17.39589],[78.43225,17.39588],[78.43238,17.39584],[78.4325,17.39578],[78.4326,17.39573],[78.43273,17.39566],[78.433,17.3955],[78.43314,17.39543],[78.4333,17.39537],[78.43345,17.39533],[78.43361,17.39532]]}},{"type":"Feature","properties":{"name":"P.V. Narasimha Rao Flyover","highway":"motorway","policy":""},"geometry":{"type":"LineString","coordinates":[[78.4336,17.39524],[78.43344,17.39526],[78.43328,17.39529],[78.43311,17.39535],[78.43297,17.39543],[78.43269,17.39559],[78.43256,17.39566],[78.43246,17.39571],[78.43235,17.39576],[78.43223,17.3958],[78.43212,17.39582],[78.43199,17.39582],[78.43188,17.39581],[78.43176,17.39578]]}},{"type":"Feature","properties":{"name":"P.V. Narasimha Rao Flyover","highway":"motorway","policy":""},"geometry":{"type":"LineString","coordinates":[[78.43107,17.39485],[78.43107,17.39372],[78.43107,17.39307]]}},{"type":"Feature","properties":{"name":"P.V. Narasimha Rao Flyover","highway":"motorway","policy":""},"geometry":{"type":"LineString","coordinates":[[78.43099,17.39308],[78.43099,17.39372],[78.43099,17.39484]]}},{"type":"Feature","properties":{"name":"P.V. Narasimha Rao Flyover","highway":"motorway","policy":""},"geometry":{"type":"LineString","coordinates":[[78.42957,17.38686],[78.42954,17.38509],[78.42949,17.3813],[78.42937,17.37492]]}},{"type":"Feature","properties":{"name":"P.V. Narasimha Rao Flyover","highway":"motorway","policy":""},"geometry":{"type":"LineString","coordinates":[[78.42967,17.38803],[78.42993,17.3888],[78.43003,17.3891],[78.43013,17.38941],[78.43031,17.39002],[78.43066,17.39124],[78.43075,17.39153]]}},{"type":"Feature","properties":{"name":"P.V. Narasimha Rao Flyover","highway":"motorway","policy":""},"geometry":{"type":"LineString","coordinates":[[78.43083,17.39151],[78.43074,17.39121],[78.43038,17.39],[78.43021,17.38939],[78.43011,17.38908],[78.43001,17.38877],[78.42975,17.38801]]}},{"type":"Feature","properties":{"name":"P.V. Narasimha Rao Flyover","highway":"motorway","policy":""},"geometry":{"type":"LineString","coordinates":[[78.42949,17.38687],[78.4295,17.38712],[78.42951,17.38727],[78.42953,17.38742],[78.42955,17.38758],[78.42959,17.38775],[78.42963,17.38789],[78.42967,17.38803]]}},{"type":"Feature","properties":{"name":"P.V. Narasimha Rao Flyover","highway":"motorway","policy":""},"geometry":{"type":"LineString","coordinates":[[78.42975,17.38801],[78.42971,17.38786],[78.42967,17.38772],[78.42963,17.38757],[78.42961,17.38741],[78.42959,17.38726],[78.42958,17.38712],[78.42957,17.38686]]}},{"type":"Feature","properties":{"name":"NH44","highway":"trunk","policy":""},"geometry":{"type":"LineString","coordinates":[[78.43278,17.32235],[78.43262,17.32216],[78.43246,17.32201],[78.43231,17.32188],[78.43222,17.32181],[78.43211,17.32175]]}},{"type":"Feature","properties":{"name":"NH44","highway":"trunk","policy":""},"geometry":{"type":"LineString","coordinates":[[78.43203,17.32184],[78.43221,17.32196],[78.4324,17.3221],[78.43254,17.32221],[78.43272,17.3224]]}},{"type":"Feature","properties":{"name":"NH44","highway":"trunk","policy":""},"geometry":{"type":"LineString","coordinates":[[78.48777,17.42825],[78.48776,17.42822],[78.48765,17.42804],[78.48751,17.42779],[78.48737,17.42754],[78.48723,17.42727],[78.48705,17.42694],[78.48702,17.42687],[78.48668,17.42631],[78.48654,17.42604],[78.48645,17.42579],[78.48637,17.42549],[78.48635,17.4254]]}},{"type":"Feature","properties":{"name":"High Court Road","highway":"trunk","policy":""},"geometry":{"type":"LineString","coordinates":[[78.4758,17.36874],[78.47517,17.36865],[78.47513,17.36864],[78.47432,17.36856],[78.47392,17.36856],[78.47343,17.36855],[78.47334,17.36855],[78.47287,17.36854],[78.47191,17.36844],[78.47163,17.36839],[78.47137,17.36835],[78.47127,17.36834],[78.47083,17.36828],[78.47024,17.36821],[78.46902,17.36806],[78.46875,17.36802]]}},{"type":"Feature","properties":{"name":"High Court Road","highway":"trunk","policy":""},"geometry":{"type":"LineString","coordinates":[[78.46855,17.36798],[78.46825,17.36795]]}},{"type":"Feature","properties":{"name":"NH44","highway":"trunk","policy":""},"geometry":{"type":"LineString","coordinates":[[78.4764,17.37034],[78.47639,17.3705]]}},{"type":"Feature","properties":{"name":"freight corridor","highway":"trunk","policy":""},"geometry":{"type":"LineString","coordinates":[[78.47641,17.37026],[78.4764,17.37034]]}},{"type":"Feature","properties":{"name":"freight corridor","highway":"trunk","policy":""},"geometry":{"type":"LineString","coordinates":[[78.47635,17.36917],[78.47638,17.36974],[78.47639,17.36991],[78.47641,17.37026]]}},{"type":"Feature","properties":{"name":"NH44","highway":"trunk","policy":""},"geometry":{"type":"LineString","coordinates":[[78.47653,17.36914],[78.47648,17.36906],[78.47633,17.36888],[78.47628,17.36881]]}},{"type":"Feature","properties":{"name":"freight corridor","highway":"trunk","policy":""},"geometry":{"type":"LineString","coordinates":[[78.47611,17.36878],[78.47621,17.3689],[78.47629,17.369],[78.47632,17.36906],[78.47635,17.36917]]}},{"type":"Feature","properties":{"name":"High Court Road","highway":"trunk","policy":""},"geometry":{"type":"LineString","coordinates":[[78.4687,17.36845],[78.46874,17.36853],[78.4689,17.36894],[78.46895,17.369],[78.46901,17.36904]]}},{"type":"Feature","properties":{"name":"High Court Road","highway":"trunk","policy":""},"geometry":{"type":"LineString","coordinates":[[78.4682,17.36802],[78.46839,17.36807],[78.46851,17.36816],[78.46862,17.3683],[78.4687,17.36845]]}},{"type":"Feature","properties":{"name":"NH44","highway":"trunk","policy":""},"geometry":{"type":"LineString","coordinates":[[78.47697,17.37062],[78.47701,17.37053],[78.47703,17.37045],[78.47705,17.37041],[78.47707,17.37031]]}},{"type":"Feature","properties":{"name":"Outer Ring Road","highway":"motorway","policy":""},"geometry":{"type":"LineString","coordinates":[[78.62697,17.55883],[78.62693,17.55895]]}},{"type":"Feature","properties":{"name":"Outer Ring Road","highway":"motorway","policy":""},"geometry":{"type":"LineString","coordinates":[[78.61762,17.56936],[78.61771,17.56932],[78.61821,17.56907],[78.6187,17.5688],[78.61918,17.56852],[78.61966,17.56823],[78.62014,17.56791],[78.6206,17.56759],[78.62104,17.56727],[78.62148,17.56692],[78.62192,17.56656],[78.62233,17.56619],[78.62272,17.56581],[78.62311,17.56542],[78.6235,17.565],[78.62386,17.56459],[78.62422,17.56416],[78.62462,17.56364],[78.62494,17.56319],[78.62525,17.56273],[78.62554,17.56227],[78.62582,17.5618],[78.62609,17.56132],[78.62634,17.56083],[78.62658,17.56033],[78.6268,17.55982],[78.627,17.5593],[78.62711,17.55901]]}},{"type":"Feature","properties":{"name":"Outer Ring Road","highway":"motorway","policy":""},"geometry":{"type":"LineString","coordinates":[[78.62989,17.54854],[78.63215,17.53984],[78.63222,17.53957],[78.6323,17.5393],[78.63238,17.53902],[78.63246,17.53878],[78.63254,17.53854],[78.63265,17.53822]]}},{"type":"Feature","properties":{"name":"NH44","highway":"trunk","policy":""},"geometry":{"type":"LineString","coordinates":[[78.42123,17.30598],[78.42146,17.3066],[78.42155,17.30686],[78.4221,17.30829],[78.42276,17.30984],[78.42335,17.31121]]}},{"type":"Feature","properties":{"name":"Flyover","highway":"trunk","policy":""},"geometry":{"type":"LineString","coordinates":[[78.40905,17.2795],[78.40873,17.27924],[78.4082,17.27888],[78.40748,17.27852],[78.40639,17.27805],[78.40599,17.27788],[78.40553,17.27769],[78.40494,17.2774],[78.40426,17.27701],[78.40377,17.27666]]}},{"type":"Feature","properties":{"name":"Inner Ring Road","highway":"trunk","policy":""},"geometry":{"type":"LineString","coordinates":[[78.55992,17.40169],[78.55986,17.40181],[78.55974,17.40197],[78.55955,17.40214],[78.5593,17.4023],[78.55902,17.40246],[78.55859,17.40268],[78.55835,17.40281],[78.55816,17.40294],[78.5581,17.40298],[78.55781,17.40331]]}},{"type":"Feature","properties":{"name":"Inner Ring Road","highway":"trunk","policy":""},"geometry":{"type":"LineString","coordinates":[[78.56035,17.40101],[78.56035,17.40094],[78.56035,17.40086],[78.56034,17.40066],[78.56034,17.4006],[78.56033,17.40037],[78.56025,17.39939],[78.56024,17.39924],[78.56021,17.39877],[78.56013,17.39836],[78.56006,17.39808],[78.56003,17.39799],[78.56002,17.39797],[78.55992,17.39757],[78.55989,17.39748],[78.55986,17.3974],[78.55984,17.3973],[78.55979,17.39711],[78.55973,17.3969],[78.55964,17.3966],[78.55948,17.39597],[78.5594,17.39566],[78.5593,17.39529],[78.55925,17.39488],[78.55919,17.39431],[78.55913,17.39385],[78.55909,17.39344],[78.55906,17.39304],[78.55904,17.39271],[78.559,17.39223],[78.55897,17.39189]]}},{"type":"Feature","properties":{"name":"Inner Ring Road","highway":"trunk","policy":""},"geometry":{"type":"LineString","coordinates":[[78.56009,17.40129],[78.56002,17.40145],[78.56,17.4015],[78.55999,17.40155],[78.55996,17.40162],[78.55992,17.40169]]}},{"type":"Feature","properties":{"name":"NH163","highway":"trunk","policy":""},"geometry":{"type":"LineString","coordinates":[[78.55947,17.40156],[78.55967,17.40159],[78.55979,17.40163],[78.55992,17.40169]]}},{"type":"Feature","properties":{"name":"Hyderabad-Janagam Highway","highway":"trunk","policy":""},"geometry":{"type":"LineString","coordinates":[[78.56085,17.40141],[78.56064,17.40134],[78.56056,17.40131],[78.5605,17.40127],[78.56045,17.40123],[78.56041,17.40117],[78.56038,17.40111],[78.56035,17.40101]]}},{"type":"Feature","properties":{"name":"Hyderabad-Janagam Highway","highway":"trunk","policy":""},"geometry":{"type":"LineString","coordinates":[[78.56026,17.40179],[78.56045,17.4017],[78.5605,17.40167],[78.56056,17.40165],[78.56059,17.40163],[78.5606,17.40162],[78.56062,17.40161],[78.56072,17.40158],[78.56083,17.40154],[78.56094,17.40152],[78.5614,17.4015],[78.56185,17.40149],[78.56244,17.40148],[78.5628,17.40148],[78.56353,17.40147],[78.56408,17.40147],[78.56429,17.40147],[78.56527,17.40144],[78.56584,17.40148],[78.56642,17.40148],[78.56692,17.40148],[78.5673,17.40147],[78.56814,17.40145],[78.56817,17.40145],[78.56834,17.40145],[78.56922,17.40146],[78.56982,17.40148],[78.57054,17.4015],[78.57077,17.40151],[78.57145,17.40153],[78.57173,17.40154],[78.57184,17.40155],[78.5721,17.40156],[78.57246,17.40158],[78.57256,17.40159],[78.57271,17.40158],[78.57301,17.4016],[78.57349,17.40169]]}},{"type":"Feature","properties":{"name":"NH163","highway":"trunk","policy":""},"geometry":{"type":"LineString","coordinates":[[78.56009,17.40129],[78.55996,17.40135],[78.55987,17.40136],[78.55973,17.40137],[78.5595,17.40136],[78.5594,17.40136],[78.55849,17.40129],[78.55829,17.40127],[78.55809,17.40126]]}},{"type":"Feature","properties":{"name":"Outer Ring Road","highway":"motorway","policy":""},"geometry":{"type":"LineString","coordinates":[[78.47138,17.20414],[78.4715,17.20413]]}},{"type":"Feature","properties":{"name":"Outer Ring Road","highway":"motorway","policy":""},"geometry":{"type":"LineString","coordinates":[[78.48031,17.20373],[78.48005,17.20373]]}},{"type":"Feature","properties":{"name":"Outer Ring Road","highway":"motorway","policy":""},"geometry":{"type":"LineString","coordinates":[[78.47637,17.20396],[78.4797,17.20392]]}},{"type":"Feature","properties":{"name":"Outer Ring Road","highway":"motorway","policy":""},"geometry":{"type":"LineString","coordinates":[[78.47148,17.20394],[78.47137,17.20395]]}},{"type":"Feature","properties":{"name":"Outer Ring Road","highway":"motorway","policy":""},"geometry":{"type":"LineString","coordinates":[[78.47984,17.20392],[78.47997,17.20392]]}},{"type":"Feature","properties":{"name":"Outer Ring Road","highway":"motorway","policy":""},"geometry":{"type":"LineString","coordinates":[[78.47984,17.20373],[78.47968,17.20374]]}},{"type":"Feature","properties":{"name":"Outer Ring Road","highway":"motorway","policy":""},"geometry":{"type":"LineString","coordinates":[[78.47598,17.20378],[78.47492,17.20379],[78.47379,17.20381],[78.47323,17.20383],[78.47266,17.20386],[78.47243,17.20387]]}},{"type":"Feature","properties":{"name":"Outer Ring Road","highway":"motorway","policy":""},"geometry":{"type":"LineString","coordinates":[[78.47245,17.20406],[78.47268,17.20404],[78.47324,17.20402],[78.4738,17.20399],[78.47492,17.20398],[78.476,17.20396]]}},{"type":"Feature","properties":{"name":"NH765","highway":"trunk","policy":""},"geometry":{"type":"LineString","coordinates":[[78.47604,17.20197],[78.47596,17.20111],[78.47563,17.19788],[78.47562,17.1978],[78.47552,17.19672],[78.4755,17.19662],[78.47518,17.19325],[78.4751,17.19248],[78.47507,17.19214],[78.47504,17.19179],[78.47478,17.18922],[78.47466,17.18788],[78.47453,17.18661],[78.47442,17.18551],[78.4738,17.17911]]}},{"type":"Feature","properties":{"name":"Outer Ring Road","highway":"motorway","policy":""},"geometry":{"type":"LineString","coordinates":[[78.66945,17.44105],[78.66926,17.44141]]}},{"type":"Feature","properties":{"name":"Outer Ring Road","highway":"motorway","policy":""},"geometry":{"type":"LineString","coordinates":[[78.68381,17.40099],[78.68384,17.40087]]}},{"type":"Feature","properties":{"name":"Outer Ring Road","highway":"motorway","policy":""},"geometry":{"type":"LineString","coordinates":[[78.67331,17.43546],[78.67348,17.4352]]}},{"type":"Feature","properties":{"name":"Outer Ring Road","highway":"motorway","policy":""},"geometry":{"type":"LineString","coordinates":[[78.67519,17.43201],[78.67524,17.4319]]}},{"type":"Feature","properties":{"name":"Outer Ring Road","highway":"motorway","policy":""},"geometry":{"type":"LineString","coordinates":[[78.6812,17.41081],[78.68123,17.41067]]}},{"type":"Feature","properties":{"name":"Outer Ring Road","highway":"motorway","policy":""},"geometry":{"type":"LineString","coordinates":[[78.66941,17.44153],[78.6696,17.44117]]}},{"type":"Feature","properties":{"name":"Outer Ring Road","highway":"motorway","policy":""},"geometry":{"type":"LineString","coordinates":[[78.67903,17.41896],[78.67909,17.41874]]}},{"type":"Feature","properties":{"name":"Outer Ring Road","highway":"motorway","policy":""},"geometry":{"type":"LineString","coordinates":[[78.67325,17.43521],[78.67308,17.43547]]}},{"type":"Feature","properties":{"name":"Outer Ring Road","highway":"motorway","policy":""},"geometry":{"type":"LineString","coordinates":[[78.68263,17.40541],[78.68309,17.40368]]}},{"type":"Feature","properties":{"name":"Outer Ring Road","highway":"motorway","policy":""},"geometry":{"type":"LineString","coordinates":[[78.67348,17.4352],[78.67366,17.43491],[78.67394,17.43444],[78.67421,17.43396],[78.67447,17.43348],[78.67472,17.43299],[78.67496,17.43251],[78.67519,17.43201]]}},{"type":"Feature","properties":{"name":"Outer Ring Road","highway":"motorway","policy":""},"geometry":{"type":"LineString","coordinates":[[78.6789,17.41869],[78.67884,17.41892]]}},{"type":"Feature","properties":{"name":"Outer Ring Road","highway":"motorway","policy":""},"geometry":{"type":"LineString","coordinates":[[78.67501,17.43194],[78.67478,17.43243],[78.67455,17.43291],[78.6743,17.4334],[78.67404,17.43388],[78.67377,17.43435],[78.67349,17.43482],[78.67325,17.43521]]}},{"type":"Feature","properties":{"name":"Outer Ring Road","highway":"motorway","policy":""},"geometry":{"type":"LineString","coordinates":[[78.68101,17.41076],[78.6789,17.41869]]}},{"type":"Feature","properties":{"name":"Outer Ring Road","highway":"motorway","policy":""},"geometry":{"type":"LineString","coordinates":[[78.67909,17.41874],[78.6812,17.41081]]}},{"type":"Feature","properties":{"name":"Outer Ring Road","highway":"motorway","policy":""},"geometry":{"type":"LineString","coordinates":[[78.68123,17.41067],[78.68263,17.40541]]}},{"type":"Feature","properties":{"name":"Outer Ring Road","highway":"motorway","policy":""},"geometry":{"type":"LineString","coordinates":[[78.68309,17.40368],[78.68381,17.40099]]}},{"type":"Feature","properties":{"name":"Outer Ring Road","highway":"motorway","policy":""},"geometry":{"type":"LineString","coordinates":[[78.67524,17.4319],[78.6753,17.43175],[78.67549,17.43129],[78.6757,17.43078],[78.6759,17.43027],[78.67608,17.42975],[78.67625,17.42922],[78.67641,17.42871],[78.67656,17.4282],[78.67772,17.42386]]}},{"type":"Feature","properties":{"name":"Outer Ring Road","highway":"motorway","policy":""},"geometry":{"type":"LineString","coordinates":[[78.49741,17.5977],[78.49692,17.5979],[78.49639,17.59808],[78.49613,17.59817],[78.49559,17.59833],[78.49505,17.59847],[78.49285,17.59901]]}},{"type":"Feature","properties":{"name":"Outer Ring Road","highway":"motorway","policy":""},"geometry":{"type":"LineString","coordinates":[[78.48989,17.59972],[78.48878,17.59999],[78.48822,17.60013]]}},{"type":"Feature","properties":{"name":"Outer Ring Road","highway":"motorway","policy":""},"geometry":{"type":"LineString","coordinates":[[78.59116,17.23932],[78.6121,17.25138],[78.61258,17.25167],[78.61305,17.25196],[78.61352,17.25227],[78.61398,17.25258],[78.61443,17.2529],[78.61487,17.25323],[78.61531,17.25357],[78.61574,17.25392],[78.61615,17.25428],[78.61658,17.25464],[78.61699,17.255],[78.62158,17.25897]]}},{"type":"Feature","properties":{"name":"Outer Ring Road","highway":"motorway","policy":""},"geometry":{"type":"LineString","coordinates":[[78.58747,17.23698],[78.58709,17.23677]]}},{"type":"Feature","properties":{"name":"Outer Ring Road","highway":"motorway","policy":""},"geometry":{"type":"LineString","coordinates":[[78.58709,17.23677],[78.58633,17.23633]]}},{"type":"Feature","properties":{"name":"Outer Ring Road","highway":"motorway","policy":""},"geometry":{"type":"LineString","coordinates":[[78.58424,17.23512],[78.58406,17.23502]]}},{"type":"Feature","properties":{"name":"Outer Ring Road","highway":"motorway","policy":""},"geometry":{"type":"LineString","coordinates":[[78.57704,17.23125],[78.57715,17.23131]]}},{"type":"Feature","properties":{"name":"Outer Ring Road","highway":"motorway","policy":""},"geometry":{"type":"LineString","coordinates":[[78.58414,17.23528],[78.58508,17.23582]]}},{"type":"Feature","properties":{"name":"Outer Ring Road","highway":"motorway","policy":""},"geometry":{"type":"LineString","coordinates":[[78.58705,17.23695],[78.58742,17.23717]]}},{"type":"Feature","properties":{"name":"Outer Ring Road","highway":"motorway","policy":""},"geometry":{"type":"LineString","coordinates":[[78.62171,17.25883],[78.61712,17.25486],[78.6167,17.2545],[78.61628,17.25414],[78.61587,17.25379],[78.61543,17.25343],[78.61499,17.25309],[78.61454,17.25275],[78.61409,17.25243],[78.61363,17.25212],[78.61316,17.25181],[78.61268,17.25152],[78.6122,17.25123],[78.60238,17.24557]]}},{"type":"Feature","properties":{"name":"Outer Ring Road","highway":"motorway","policy":""},"geometry":{"type":"LineString","coordinates":[[78.57724,17.23115],[78.57714,17.23109]]}},{"type":"Feature","properties":{"name":"Outer Ring Road","highway":"motorway","policy":""},"geometry":{"type":"LineString","coordinates":[[78.57157,17.22833],[78.57211,17.2286]]}},{"type":"Feature","properties":{"name":"Outer Ring Road","highway":"motorway","policy":""},"geometry":{"type":"LineString","coordinates":[[78.58406,17.23502],[78.58339,17.23463]]}},{"type":"Feature","properties":{"name":"Outer Ring Road","highway":"motorway","policy":""},"geometry":{"type":"LineString","coordinates":[[78.58081,17.23336],[78.58118,17.23357],[78.58246,17.23431]]}},{"type":"Feature","properties":{"name":"Outer Ring Road","highway":"motorway","policy":""},"geometry":{"type":"LineString","coordinates":[[78.58396,17.23518],[78.58414,17.23528]]}},{"type":"Feature","properties":{"name":"Outer Ring Road","highway":"motorway","policy":""},"geometry":{"type":"LineString","coordinates":[[78.5722,17.22844],[78.57166,17.22817]]}},{"type":"Feature","properties":{"name":"Outer Ring Road","highway":"motorway","policy":""},"geometry":{"type":"LineString","coordinates":[[78.55355,17.21981],[78.55465,17.22028],[78.55568,17.22072],[78.5567,17.22118],[78.55773,17.22163],[78.55875,17.22209],[78.55975,17.22255],[78.56076,17.22302],[78.56277,17.22396],[78.56367,17.22439],[78.56568,17.22536],[78.56601,17.22552]]}},{"type":"Feature","properties":{"name":"Outer Ring Road","highway":"motorway","policy":""},"geometry":{"type":"LineString","coordinates":[[78.58339,17.23463],[78.58128,17.23341],[78.5803,17.23286],[78.57933,17.23231],[78.57895,17.2321]]}},{"type":"Feature","properties":{"name":"Outer Ring Road","highway":"motorway","policy":""},"geometry":{"type":"LineString","coordinates":[[78.57802,17.23179],[78.57826,17.23192],[78.57923,17.23247],[78.5802,17.23302],[78.58081,17.23336]]}},{"type":"Feature","properties":{"name":"Outer Ring Road","highway":"motorway","policy":""},"geometry":{"type":"LineString","coordinates":[[78.57714,17.23109],[78.5747,17.22977],[78.57372,17.22925],[78.5722,17.22844]]}},{"type":"Feature","properties":{"name":"Outer Ring Road","highway":"motorway","policy":""},"geometry":{"type":"LineString","coordinates":[[78.57895,17.2321],[78.57836,17.23177],[78.57724,17.23115]]}},{"type":"Feature","properties":{"name":"Outer Ring Road","highway":"motorway","policy":""},"geometry":{"type":"LineString","coordinates":[[78.57211,17.2286],[78.57363,17.22941],[78.57461,17.22993],[78.57704,17.23125]]}},{"type":"Feature","properties":{"name":"Outer Ring Road","highway":"motorway","policy":""},"geometry":{"type":"LineString","coordinates":[[78.36174,17.436],[78.36211,17.43657],[78.36243,17.43703],[78.3629,17.43768]]}},{"type":"Feature","properties":{"name":"Bowenpally Jn","highway":"trunk","policy":""},"geometry":{"type":"LineString","coordinates":[[78.47276,17.46383],[78.47273,17.46384],[78.47267,17.46386],[78.47264,17.4639],[78.47262,17.46393],[78.47262,17.46397],[78.47263,17.46401],[78.47263,17.46402],[78.47264,17.46403],[78.47267,17.46407],[78.47271,17.46409],[78.47275,17.4641],[78.47279,17.4641],[78.47283,17.46408],[78.47286,17.46406],[78.47288,17.46404],[78.47289,17.46402],[78.4729,17.46399],[78.4729,17.46395],[78.47289,17.46391],[78.47285,17.46386],[78.4728,17.46383],[78.47276,17.46383]]}},{"type":"Feature","properties":{"name":"Nizamabad Road","highway":"trunk","policy":""},"geometry":{"type":"LineString","coordinates":[[78.47264,17.46403],[78.47262,17.46419],[78.47264,17.46431],[78.47266,17.4646],[78.47266,17.46462],[78.4727,17.46492],[78.47271,17.46499],[78.47273,17.46505],[78.47276,17.46519],[78.47279,17.46541],[78.47283,17.46554],[78.47291,17.46588],[78.47292,17.46607],[78.47292,17.46615],[78.4729,17.46624],[78.47286,17.46639],[78.47273,17.46681]]}},{"type":"Feature","properties":{"name":"Nizamabad Road","highway":"trunk","policy":""},"geometry":{"type":"LineString","coordinates":[[78.47291,17.46646],[78.47294,17.46641],[78.47297,17.4663],[78.47301,17.46613],[78.47302,17.46605],[78.47302,17.46594],[78.473,17.46577],[78.47293,17.46546],[78.4729,17.46531],[78.47284,17.46502],[78.47282,17.46492],[78.47279,17.4648],[78.47277,17.46468],[78.47277,17.46448],[78.47276,17.46439],[78.47277,17.46428],[78.47278,17.46419],[78.47279,17.4641]]}},{"type":"Feature","properties":{"name":"Golkonda Road","highway":"trunk","policy":""},"geometry":{"type":"LineString","coordinates":[[78.43113,17.39576],[78.4308,17.39578]]}},{"type":"Feature","properties":{"name":"Golkonda Road","highway":"trunk","policy":""},"geometry":{"type":"LineString","coordinates":[[78.42791,17.39589],[78.42786,17.39585],[78.42778,17.39583]]}},{"type":"Feature","properties":{"name":"Golkonda Road","highway":"trunk","policy":""},"geometry":{"type":"LineString","coordinates":[[78.42778,17.39583],[78.42772,17.39583],[78.42769,17.39584],[78.42764,17.39588],[78.42762,17.39591]]}},{"type":"Feature","properties":{"name":"Golkonda Road","highway":"trunk","policy":""},"geometry":{"type":"LineString","coordinates":[[78.42784,17.39614],[78.42789,17.39611],[78.42792,17.39607],[78.42794,17.39602],[78.42794,17.39597],[78.42793,17.39592],[78.42791,17.39589]]}},{"type":"Feature","properties":{"name":"Chavella road","highway":"trunk","policy":""},"geometry":{"type":"LineString","coordinates":[[78.4052,17.37249],[78.40541,17.37284]]}},{"type":"Feature","properties":{"name":"NH163","highway":"trunk","policy":""},"geometry":{"type":"LineString","coordinates":[[78.40578,17.37317],[78.40582,17.37316],[78.40614,17.37313],[78.40646,17.37312],[78.40703,17.37312],[78.40855,17.37317],[78.40896,17.37318],[78.40937,17.37319],[78.40971,17.37318],[78.41086,17.37312],[78.41123,17.3731],[78.41176,17.37308],[78.4121,17.37308],[78.41237,17.37307],[78.41247,17.37307],[78.41279,17.37308],[78.41322,17.37311],[78.41362,17.37314],[78.41401,17.37318],[78.4146,17.37323],[78.41516,17.37327]]}},{"type":"Feature","properties":{"name":"NH163","highway":"trunk","policy":""},"geometry":{"type":"LineString","coordinates":[[78.41619,17.37349],[78.41563,17.37329],[78.41551,17.37325],[78.41521,17.37319],[78.41485,17.37315],[78.41461,17.37315],[78.41434,17.37312],[78.41401,17.3731],[78.41362,17.37306],[78.41321,17.37302],[78.41277,17.373],[78.41238,17.37299],[78.41198,17.373],[78.41175,17.373],[78.41166,17.373],[78.41077,17.37303],[78.41025,17.37306],[78.40972,17.37308],[78.40872,17.37308],[78.40737,17.37302],[78.40705,17.37302],[78.40672,17.37302],[78.40644,17.37304]]}},{"type":"Feature","properties":{"name":"Langar House Flyover","highway":"trunk","policy":""},"geometry":{"type":"LineString","coordinates":[[78.42154,17.38042],[78.42024,17.37661],[78.42014,17.37633],[78.42007,17.37615],[78.41997,17.37593],[78.41985,17.37573],[78.41971,17.37553],[78.41956,17.37535],[78.41922,17.375],[78.41899,17.37477],[78.41882,17.37465],[78.4186,17.37451]]}},{"type":"Feature","properties":{"name":"Langar House Flyover","highway":"trunk","policy":""},"geometry":{"type":"LineString","coordinates":[[78.41857,17.37457],[78.41879,17.3747],[78.41893,17.37481],[78.41918,17.37505],[78.41952,17.3754],[78.41965,17.37556],[78.4198,17.37576],[78.41991,17.37596],[78.42,17.37616],[78.42007,17.37635],[78.42017,17.37664],[78.42147,17.38044]]}},{"type":"Feature","properties":{"name":"NH163","highway":"trunk","policy":""},"geometry":{"type":"LineString","coordinates":[[78.35869,17.349],[78.35876,17.34892],[78.35879,17.34882]]}},{"type":"Feature","properties":{"name":"NH163","highway":"trunk","policy":""},"geometry":{"type":"LineString","coordinates":[[78.36209,17.35053],[78.36215,17.35048],[78.36219,17.35041],[78.3622,17.35035]]}},{"type":"Feature","properties":{"name":"NH163","highway":"trunk","policy":""},"geometry":{"type":"LineString","coordinates":[[78.36172,17.3501],[78.36167,17.35016],[78.36164,17.35024],[78.36163,17.35032]]}},{"type":"Feature","properties":{"name":"NH163","highway":"trunk","policy":""},"geometry":{"type":"LineString","coordinates":[[78.35839,17.34903],[78.35845,17.34905],[78.35849,17.34906],[78.3586,17.34905],[78.35869,17.349]]}},{"type":"Feature","properties":{"name":"NH163","highway":"trunk","policy":""},"geometry":{"type":"LineString","coordinates":[[78.40578,17.37317],[78.40571,17.37308],[78.40566,17.37302]]}},{"type":"Feature","properties":{"name":"NH163","highway":"trunk","policy":""},"geometry":{"type":"LineString","coordinates":[[78.42264,17.38598],[78.42259,17.38528],[78.42259,17.38525],[78.42257,17.3849],[78.42252,17.38412],[78.42251,17.38366],[78.42251,17.38341],[78.4225,17.38317],[78.42237,17.38266],[78.42232,17.38247]]}},{"type":"Feature","properties":{"name":"Chavella road","highway":"trunk","policy":""},"geometry":{"type":"LineString","coordinates":[[78.40541,17.37284],[78.40546,17.37292],[78.40551,17.373],[78.40555,17.37306]]}},{"type":"Feature","properties":{"name":"NH163","highway":"trunk","policy":""},"geometry":{"type":"LineString","coordinates":[[78.35825,17.34872],[78.35824,17.34881],[78.35825,17.34886],[78.35826,17.3489],[78.35831,17.34897],[78.35832,17.34898],[78.35839,17.34903]]}},{"type":"Feature","properties":{"name":"NH163","highway":"trunk","policy":""},"geometry":{"type":"LineString","coordinates":[[78.41798,17.37422],[78.41767,17.3741],[78.41716,17.37388],[78.41699,17.37381],[78.4166,17.37365],[78.41619,17.37349]]}},{"type":"Feature","properties":{"name":"NH163","highway":"trunk","policy":""},"geometry":{"type":"LineString","coordinates":[[78.41617,17.37355],[78.41658,17.37371],[78.41695,17.37387],[78.41771,17.3742],[78.41794,17.3743],[78.41839,17.3745]]}},{"type":"Feature","properties":{"name":"NH163","highway":"trunk","policy":""},"geometry":{"type":"LineString","coordinates":[[78.35824,17.34881],[78.35815,17.34893],[78.35809,17.34901],[78.35804,17.3491],[78.35802,17.34922],[78.35803,17.34934],[78.35807,17.34943],[78.3582,17.34958],[78.35834,17.34975],[78.35843,17.34995],[78.35845,17.35011],[78.35844,17.35029],[78.35837,17.35049],[78.35827,17.35068],[78.3581,17.35087]]}},{"type":"Feature","properties":{"name":"NH163","highway":"trunk","policy":""},"geometry":{"type":"LineString","coordinates":[[78.36163,17.35032],[78.36165,17.3504],[78.36169,17.35047],[78.36175,17.35053],[78.3618,17.35055],[78.36185,17.35057],[78.36191,17.35058],[78.36197,17.35058],[78.36203,17.35056],[78.36209,17.35053]]}},{"type":"Feature","properties":{"name":"NH163","highway":"trunk","policy":""},"geometry":{"type":"LineString","coordinates":[[78.40561,17.3732],[78.40578,17.37317]]}},{"type":"Feature","properties":{"name":"Chavella road","highway":"trunk","policy":""},"geometry":{"type":"LineString","coordinates":[[78.40566,17.37302],[78.40555,17.37278]]}},{"type":"Feature","properties":{"name":"SH4","highway":"trunk","policy":""},"geometry":{"type":"LineString","coordinates":[[78.40644,17.37304],[78.40571,17.37308],[78.40557,17.37311]]}},{"type":"Feature","properties":{"name":"NH163","highway":"trunk","policy":""},"geometry":{"type":"LineString","coordinates":[[78.40557,17.37311],[78.40561,17.3732]]}},{"type":"Feature","properties":{"name":"NH163","highway":"trunk","policy":""},"geometry":{"type":"LineString","coordinates":[[78.3581,17.35087],[78.35784,17.35115],[78.3577,17.35128],[78.35753,17.3514],[78.3572,17.35159],[78.3568,17.35174],[78.35639,17.35186],[78.35607,17.35194],[78.35562,17.352],[78.3552,17.35202]]}},{"type":"Feature","properties":{"name":"NH163","highway":"trunk","policy":""},"geometry":{"type":"LineString","coordinates":[[78.35516,17.35209],[78.35534,17.35209],[78.35572,17.35207],[78.3562,17.35199],[78.35647,17.35192],[78.35682,17.35182],[78.35717,17.35168],[78.35745,17.35153],[78.35771,17.35138],[78.35789,17.35128],[78.35804,17.35115],[78.35822,17.35095]]}},{"type":"Feature","properties":{"name":"NH163","highway":"trunk","policy":""},"geometry":{"type":"LineString","coordinates":[[78.34218,17.3537],[78.34059,17.35357],[78.34039,17.35356],[78.33998,17.35355],[78.33946,17.35356],[78.33868,17.35356],[78.33791,17.35359],[78.33692,17.35361],[78.33649,17.35364],[78.33623,17.35367],[78.33573,17.35375],[78.3356,17.35377],[78.33558,17.35377],[78.33513,17.35385],[78.33485,17.35387],[78.33457,17.35388],[78.33427,17.35386],[78.33393,17.35382],[78.33361,17.35375],[78.33307,17.35359],[78.33243,17.35339],[78.33215,17.3533],[78.33198,17.35327],[78.33195,17.35326],[78.33176,17.35325],[78.33157,17.35325],[78.33116,17.35327]]}},{"type":"Feature","properties":{"name":"NH163","highway":"trunk","policy":""},"geometry":{"type":"LineString","coordinates":[[78.33117,17.35333],[78.33156,17.35333],[78.33175,17.35332],[78.33195,17.35334],[78.33214,17.35337],[78.3324,17.35346],[78.33306,17.35366],[78.33359,17.35381],[78.33391,17.35388],[78.33425,17.35394],[78.33457,17.35395],[78.33486,17.35394],[78.33516,17.35391],[78.33561,17.35384],[78.33576,17.35382],[78.33623,17.35374],[78.33651,17.35371],[78.33692,17.35369],[78.33868,17.35363],[78.33946,17.35362],[78.33998,17.35362],[78.34038,17.35363],[78.34059,17.35365],[78.34218,17.35377]]}},{"type":"Feature","properties":{"name":"NH163","highway":"trunk","policy":""},"geometry":{"type":"LineString","coordinates":[[78.35822,17.35095],[78.35841,17.35068],[78.35848,17.35056],[78.35853,17.35044],[78.35856,17.35024],[78.35856,17.35009],[78.3585,17.34987],[78.35837,17.34964],[78.3582,17.34947],[78.35814,17.34938],[78.35812,17.34927],[78.35813,17.34915],[78.35816,17.3491],[78.35819,17.34907],[78.35831,17.34897]]}},{"type":"Feature","properties":{"name":"NH163","highway":"trunk","policy":""},"geometry":{"type":"LineString","coordinates":[[78.34945,17.35068],[78.3498,17.35064],[78.35014,17.35064],[78.35051,17.35066],[78.35091,17.35071],[78.3512,17.35078],[78.35145,17.35085],[78.35176,17.35098],[78.35221,17.35118],[78.35295,17.35153],[78.35345,17.35175],[78.35387,17.3519],[78.35436,17.35201],[78.35479,17.35207],[78.35516,17.35209]]}},{"type":"Feature","properties":{"name":"NH163","highway":"trunk","policy":""},"geometry":{"type":"LineString","coordinates":[[78.31341,17.33777],[78.31345,17.33775],[78.31348,17.33775],[78.31357,17.33773],[78.3137,17.33772],[78.3138,17.33772],[78.31431,17.33781],[78.31519,17.33797],[78.31551,17.33804],[78.31606,17.33822],[78.3169,17.33857],[78.31788,17.33898],[78.3181,17.33907],[78.31829,17.33915],[78.31845,17.33922],[78.31903,17.33949],[78.31933,17.33968],[78.31943,17.33975],[78.31973,17.34],[78.31998,17.34021],[78.321,17.34107],[78.32209,17.34198],[78.32218,17.34206],[78.32239,17.34223],[78.32308,17.34282],[78.32354,17.34321],[78.32366,17.34332],[78.32416,17.34375],[78.32471,17.34419],[78.32474,17.34421],[78.32551,17.34489],[78.32679,17.34597],[78.32692,17.34608],[78.3275,17.3465],[78.32764,17.3466],[78.32793,17.34683],[78.32812,17.34701],[78.32815,17.34703],[78.32828,17.3472],[78.32838,17.34737],[78.32869,17.34832],[78.32903,17.34945],[78.32938,17.35068],[78.32953,17.3511],[78.32965,17.35134],[78.32972,17.35141],[78.33017,17.3523],[78.33022,17.35238],[78.33039,17.35269],[78.33046,17.35281],[78.33055,17.35297],[78.33065,17.3531]]}},{"type":"Feature","properties":{"name":"NH163","highway":"trunk","policy":""},"geometry":{"type":"LineString","coordinates":[[78.3552,17.35202],[78.35475,17.35199],[78.35436,17.35193],[78.35394,17.35184],[78.3536,17.35174],[78.35322,17.35157],[78.35223,17.35112],[78.35178,17.35091],[78.35147,17.35079],[78.35122,17.35071],[78.35093,17.35064],[78.35052,17.35058],[78.35013,17.35056],[78.34982,17.35057],[78.34954,17.35059],[78.34944,17.35061],[78.34905,17.35068],[78.34874,17.35075],[78.34668,17.35126],[78.34627,17.35138],[78.34597,17.35149],[78.34566,17.35163],[78.34539,17.35178],[78.34517,17.3519],[78.34495,17.35206],[78.34469,17.3523],[78.34444,17.35255],[78.34392,17.35309],[78.34361,17.3534],[78.34357,17.35343],[78.34342,17.35355],[78.34324,17.35365],[78.34303,17.35372],[78.34284,17.35374],[78.3426,17.35373],[78.34218,17.3537]]}},{"type":"Feature","properties":{"name":"Langar House Flyover","highway":"trunk","policy":""},"geometry":{"type":"LineString","coordinates":[[78.41839,17.3745],[78.41857,17.37457]]}},{"type":"Feature","properties":{"name":"Langar House Flyover","highway":"trunk","policy":""},"geometry":{"type":"LineString","coordinates":[[78.42179,17.38099],[78.42154,17.38042]]}},{"type":"Feature","properties":{"name":"Langar House Flyover","highway":"trunk","policy":""},"geometry":{"type":"LineString","coordinates":[[78.42147,17.38044],[78.42171,17.381]]}},{"type":"Feature","properties":{"name":"NH163","highway":"trunk","policy":""},"geometry":{"type":"LineString","coordinates":[[78.41843,17.37443],[78.41798,17.37422]]}},{"type":"Feature","properties":{"name":"NH163","highway":"trunk","policy":""},"geometry":{"type":"LineString","coordinates":[[78.33074,17.3531],[78.3307,17.35305],[78.33068,17.35303],[78.3306,17.35292],[78.33046,17.35266],[78.3303,17.35234],[78.33013,17.35203],[78.32979,17.3514],[78.32973,17.35131],[78.32961,17.35107],[78.32946,17.35066],[78.32912,17.34945],[78.32877,17.34829],[78.32866,17.34794],[78.32856,17.34762],[78.32846,17.34734],[78.32835,17.34716],[78.32822,17.34697],[78.32799,17.34676],[78.3277,17.34653],[78.32697,17.34601],[78.32599,17.34519],[78.32558,17.34484],[78.32535,17.34463],[78.32478,17.34415],[78.32476,17.34413],[78.32455,17.34395],[78.32419,17.34365],[78.32367,17.34321],[78.3236,17.34315],[78.32265,17.34233],[78.32245,17.34217],[78.32237,17.3421],[78.32224,17.34199],[78.32219,17.34195],[78.32027,17.34034],[78.31979,17.33994],[78.31949,17.33968],[78.31908,17.33941],[78.31864,17.33922],[78.31842,17.33912],[78.31824,17.33903],[78.31695,17.3385],[78.31672,17.3384],[78.3166,17.33835],[78.31609,17.33815],[78.31574,17.33803],[78.31554,17.33796],[78.31541,17.33793],[78.31521,17.33788],[78.31433,17.33773],[78.31408,17.33766],[78.31397,17.33764],[78.31387,17.33763],[78.31381,17.33763],[78.31369,17.33762],[78.31355,17.33763],[78.31345,17.33765],[78.31342,17.33766],[78.31338,17.33767],[78.31327,17.33771],[78.31312,17.33778],[78.31299,17.33785],[78.31288,17.33793],[78.31275,17.33802],[78.31262,17.33811],[78.31184,17.33872],[78.31173,17.33878],[78.31154,17.33887],[78.3113,17.33897],[78.31087,17.33908],[78.31047,17.3391],[78.31027,17.33909],[78.31009,17.33908],[78.30965,17.33902],[78.30927,17.33895],[78.30902,17.33889],[78.30849,17.33876],[78.30817,17.33869],[78.30776,17.33858],[78.30727,17.33847],[78.30698,17.33841],[78.30652,17.33829],[78.30603,17.33816],[78.30554,17.33805],[78.30532,17.33798],[78.30512,17.33792],[78.30486,17.33782],[78.30468,17.33773],[78.3046,17.33768],[78.3044,17.33754],[78.30419,17.33739],[78.30383,17.33708],[78.30359,17.33688],[78.30336,17.33669],[78.30298,17.33635],[78.30266,17.33607],[78.30216,17.33564],[78.30181,17.33534],[78.30156,17.33513],[78.30133,17.33493],[78.30105,17.33469],[78.30063,17.33432],[78.30039,17.33411],[78.3,17.33376],[78.29981,17.3336],[78.29974,17.33354],[78.29926,17.33314],[78.29881,17.33275],[78.2987,17.33266],[78.29859,17.33256],[78.29821,17.33223],[78.29786,17.33192]]}},{"type":"Feature","properties":{"name":"Chavella road","highway":"trunk","policy":""},"geometry":{"type":"LineString","coordinates":[[78.40353,17.36872],[78.40342,17.36863],[78.4032,17.36852],[78.40261,17.36835],[78.40217,17.36825],[78.40175,17.36821],[78.40118,17.3682],[78.40093,17.36818],[78.40072,17.36813],[78.40052,17.36807],[78.4003,17.36793],[78.40024,17.36788],[78.40006,17.36775],[78.39897,17.3668],[78.39851,17.36641],[78.39819,17.36617],[78.39807,17.36608],[78.39784,17.3659],[78.3975,17.36572],[78.39692,17.36541],[78.39616,17.36504],[78.3956,17.3647],[78.39531,17.36448],[78.39509,17.36417],[78.39495,17.36389],[78.39471,17.36344],[78.3946,17.36326],[78.39444,17.36307],[78.3944,17.36296],[78.39366,17.36183],[78.3935,17.36165],[78.39338,17.36156],[78.39324,17.3615],[78.39295,17.36144],[78.39159,17.3613],[78.39148,17.36129],[78.39044,17.36119],[78.39028,17.36114],[78.39013,17.36107],[78.38891,17.36021],[78.38873,17.36008],[78.38813,17.35965],[78.38804,17.35959],[78.38784,17.35948],[78.38775,17.35942],[78.3875,17.35928],[78.38573,17.35834],[78.38541,17.35817],[78.38517,17.35804],[78.38498,17.35794],[78.3843,17.35758],[78.38405,17.35744],[78.38342,17.35708],[78.38198,17.35632],[78.38137,17.35599],[78.38111,17.35587],[78.38096,17.35578],[78.38055,17.35556],[78.38016,17.35532],[78.37983,17.35514],[78.37945,17.3549],[78.37922,17.3547],[78.379,17.35451],[78.37898,17.35449],[78.37892,17.35443],[78.37888,17.3544],[78.37796,17.35345],[78.37706,17.35244],[78.37697,17.35236],[78.37683,17.35229],[78.37665,17.3522],[78.37644,17.35212],[78.376,17.35193],[78.37564,17.35176],[78.37474,17.35126],[78.37452,17.35117],[78.37423,17.35109],[78.37386,17.35103],[78.37286,17.35089],[78.3715,17.35072],[78.37115,17.35067],[78.37032,17.35056],[78.37008,17.35055],[78.36997,17.35054],[78.36991,17.35054],[78.36986,17.35055],[78.36982,17.35054],[78.36964,17.35057],[78.3679,17.35084],[78.36683,17.351],[78.36554,17.35119],[78.36512,17.3512],[78.3644,17.35118],[78.36413,17.35115],[78.36373,17.35104],[78.36363,17.351],[78.36278,17.35063],[78.36251,17.35051],[78.3624,17.35046],[78.3622,17.35035]]}},{"type":"Feature","properties":{"name":"Chavella road","highway":"trunk","policy":""},"geometry":{"type":"LineString","coordinates":[[78.36209,17.35053],[78.36234,17.3506],[78.36358,17.35111],[78.36412,17.35127],[78.36452,17.35133],[78.36514,17.35131],[78.36559,17.35128],[78.3658,17.35125],[78.36685,17.3511],[78.36793,17.35093],[78.36933,17.35073],[78.36969,17.35067],[78.36983,17.35066]]}},{"type":"Feature","properties":{"name":"NH163","highway":"trunk","policy":""},"geometry":{"type":"LineString","coordinates":[[78.34218,17.35377],[78.3426,17.3538],[78.34275,17.3538],[78.34292,17.3538],[78.34313,17.35377],[78.34332,17.3537],[78.34351,17.35358],[78.34369,17.35343],[78.34398,17.35313],[78.3445,17.35259],[78.34474,17.35235],[78.34499,17.35214],[78.34521,17.35198],[78.34542,17.35184],[78.34572,17.35168],[78.34601,17.35155],[78.34632,17.35143],[78.3467,17.35133],[78.34877,17.35082],[78.34907,17.35074],[78.34932,17.3507],[78.34945,17.35068]]}},{"type":"Feature","properties":{"name":"NH163","highway":"trunk","policy":""},"geometry":{"type":"LineString","coordinates":[[78.33065,17.3531],[78.33072,17.35318],[78.33082,17.35325]]}},{"type":"Feature","properties":{"name":"NH163","highway":"trunk","policy":""},"geometry":{"type":"LineString","coordinates":[[78.33082,17.35325],[78.33089,17.35329],[78.33098,17.35331]]}},{"type":"Feature","properties":{"name":"NH163","highway":"trunk","policy":""},"geometry":{"type":"LineString","coordinates":[[78.33098,17.35331],[78.33107,17.35333],[78.33117,17.35333]]}},{"type":"Feature","properties":{"name":"NH163","highway":"trunk","policy":""},"geometry":{"type":"LineString","coordinates":[[78.36983,17.35066],[78.36984,17.35066],[78.36992,17.35066]]}},{"type":"Feature","properties":{"name":"NH163","highway":"trunk","policy":""},"geometry":{"type":"LineString","coordinates":[[78.33116,17.35327],[78.33107,17.35327],[78.33098,17.35325],[78.33089,17.35321],[78.33081,17.35316],[78.33074,17.3531]]}},{"type":"Feature","properties":{"name":"NH765D","highway":"trunk","policy":""},"geometry":{"type":"LineString","coordinates":[[78.40449,17.59549],[78.40449,17.59541],[78.40445,17.59533],[78.40439,17.59527],[78.40431,17.59523]]}},{"type":"Feature","properties":{"name":"NH765D","highway":"trunk","policy":""},"geometry":{"type":"LineString","coordinates":[[78.40346,17.59616],[78.4037,17.59595],[78.40388,17.59579],[78.4039,17.59578],[78.40398,17.59574],[78.40411,17.59572],[78.40425,17.59571]]}},{"type":"Feature","properties":{"name":"NH765D","highway":"trunk","policy":""},"geometry":{"type":"LineString","coordinates":[[78.40398,17.59543],[78.40396,17.59555],[78.40391,17.59567],[78.40386,17.59572],[78.40383,17.59576],[78.40341,17.5961]]}},{"type":"Feature","properties":{"name":"NH765D","highway":"trunk","policy":""},"geometry":{"type":"LineString","coordinates":[[78.40449,17.59549],[78.40453,17.59538],[78.40461,17.59528],[78.40469,17.59519],[78.40675,17.59346]]}},{"type":"Feature","properties":{"name":"NH765D","highway":"trunk","policy":""},"geometry":{"type":"LineString","coordinates":[[78.40431,17.59523],[78.40421,17.59522],[78.40413,17.59524],[78.40405,17.59529],[78.404,17.59537],[78.40398,17.59543]]}},{"type":"Feature","properties":{"name":"NH765D","highway":"trunk","policy":""},"geometry":{"type":"LineString","coordinates":[[78.40425,17.59571],[78.40433,17.59569],[78.40441,17.59565],[78.40446,17.59558],[78.40448,17.59554],[78.40449,17.59549]]}},{"type":"Feature","properties":{"name":"Outer Ring Road","highway":"motorway","policy":""},"geometry":{"type":"LineString","coordinates":[[78.50256,17.59568],[78.50448,17.59485],[78.50474,17.59475],[78.50499,17.59465],[78.50526,17.59455],[78.50554,17.59446],[78.5058,17.59438],[78.50606,17.59431],[78.50634,17.59425],[78.50662,17.59419],[78.50689,17.59414],[78.50716,17.5941],[78.51652,17.59278]]}},{"type":"Feature","properties":{"name":"Outer Ring Road","highway":"motorway","policy":""},"geometry":{"type":"LineString","coordinates":[[78.56924,17.57864],[78.56938,17.57859],[78.56966,17.57851],[78.56993,17.57844],[78.5702,17.57837],[78.57047,17.5783],[78.57059,17.57828]]}},{"type":"Feature","properties":{"name":"Outer Ring Road","highway":"motorway","policy":""},"geometry":{"type":"LineString","coordinates":[[78.56877,17.5786],[78.5685,17.5787],[78.56824,17.57879],[78.56798,17.5789],[78.56786,17.57895]]}},{"type":"Feature","properties":{"name":"Outer Ring Road","highway":"motorway","policy":""},"geometry":{"type":"LineString","coordinates":[[78.5097,17.59356],[78.50713,17.59392],[78.50685,17.59396],[78.50658,17.59401],[78.50629,17.59407],[78.50601,17.59414],[78.50574,17.59421],[78.50547,17.59428],[78.50519,17.59438],[78.50492,17.59448],[78.50466,17.59458],[78.5044,17.59469],[78.50248,17.59551]]}},{"type":"Feature","properties":{"name":"Lakdikapul Road","highway":"trunk","policy":""},"geometry":{"type":"LineString","coordinates":[[78.46417,17.40494],[78.46428,17.40482],[78.46446,17.40462]]}},{"type":"Feature","properties":{"name":"Chadarghat Road","highway":"trunk","policy":""},"geometry":{"type":"LineString","coordinates":[[78.49326,17.37729],[78.49391,17.37724]]}},{"type":"Feature","properties":{"name":"Outer Ring Road","highway":"motorway","policy":""},"geometry":{"type":"LineString","coordinates":[[78.35638,17.41892],[78.35629,17.41848],[78.35619,17.41804],[78.35554,17.41481]]}},{"type":"Feature","properties":{"name":"Outer Ring Road","highway":"motorway","policy":""},"geometry":{"type":"LineString","coordinates":[[78.35244,17.4004],[78.35247,17.4005],[78.3525,17.40067]]}},{"type":"Feature","properties":{"name":"Outer Ring Road","highway":"motorway","policy":""},"geometry":{"type":"LineString","coordinates":[[78.35266,17.40064],[78.35262,17.40047],[78.3526,17.40037]]}},{"type":"Feature","properties":{"name":"Outer Ring Road","highway":"motorway","policy":""},"geometry":{"type":"LineString","coordinates":[[78.3526,17.40037],[78.35256,17.40021],[78.35249,17.4],[78.35242,17.39983],[78.35234,17.39966],[78.35226,17.39949],[78.35217,17.39932],[78.35208,17.39916],[78.35199,17.39902],[78.35189,17.39887],[78.35177,17.39872],[78.35165,17.39857],[78.35153,17.39844],[78.35135,17.39826]]}},{"type":"Feature","properties":{"name":"Outer Ring Road","highway":"motorway","policy":""},"geometry":{"type":"LineString","coordinates":[[78.35121,17.39833],[78.35141,17.39853],[78.35152,17.39866],[78.35164,17.3988],[78.35175,17.39895],[78.35202,17.39937],[78.3522,17.39973],[78.35238,17.40018],[78.35244,17.4004]]}},{"type":"Feature","properties":{"name":"Masab Tank Flyover","highway":"trunk","policy":""},"geometry":{"type":"LineString","coordinates":[[78.45047,17.39964],[78.45075,17.4001]]}},{"type":"Feature","properties":{"name":"Golkonda Road","highway":"trunk","policy":""},"geometry":{"type":"LineString","coordinates":[[78.43225,17.39566],[78.43199,17.39572],[78.43136,17.39576]]}},{"type":"Feature","properties":{"name":"Masab Tank Flyover","highway":"trunk","policy":""},"geometry":{"type":"LineString","coordinates":[[78.4508,17.40008],[78.45052,17.39962]]}},{"type":"Feature","properties":{"name":"P.V. Narasimha Rao Flyover","highway":"motorway","policy":""},"geometry":{"type":"LineString","coordinates":[[78.43099,17.39484],[78.43099,17.39491],[78.431,17.39504],[78.43103,17.39516],[78.43107,17.39528],[78.43113,17.3954],[78.43121,17.3955],[78.43129,17.3956],[78.43139,17.39568],[78.4315,17.39575],[78.43162,17.39581],[78.43174,17.39586]]}},{"type":"Feature","properties":{"name":"P.V. Narasimha Rao Flyover","highway":"motorway","policy":""},"geometry":{"type":"LineString","coordinates":[[78.43176,17.39578],[78.43165,17.39574],[78.43154,17.39569],[78.43144,17.39562],[78.43135,17.39555],[78.43127,17.39546],[78.4312,17.39536],[78.43115,17.39525],[78.43111,17.39514],[78.43108,17.39503],[78.43107,17.39491],[78.43107,17.39485]]}},{"type":"Feature","properties":{"name":"Masab Tank Flyover","highway":"trunk","policy":""},"geometry":{"type":"LineString","coordinates":[[78.45052,17.39962],[78.45044,17.39946]]}},{"type":"Feature","properties":{"name":"Masab Tank Flyover","highway":"trunk","policy":""},"geometry":{"type":"LineString","coordinates":[[78.45039,17.39948],[78.45047,17.39964]]}},{"type":"Feature","properties":{"name":"NH65","highway":"trunk","policy":""},"geometry":{"type":"LineString","coordinates":[[78.30034,17.50902],[78.3,17.50919],[78.29976,17.50931],[78.29968,17.50934],[78.29931,17.5095],[78.29878,17.50971],[78.2987,17.50974],[78.29742,17.51025],[78.29715,17.51036],[78.29701,17.51041],[78.29662,17.51057],[78.29636,17.51066],[78.29619,17.51072],[78.29573,17.51089],[78.29469,17.51128],[78.29447,17.51137],[78.29436,17.51141],[78.29398,17.51156],[78.29236,17.51218],[78.29211,17.51227],[78.29205,17.5123],[78.29154,17.51249],[78.29036,17.51294],[78.29001,17.51306],[78.28975,17.51315],[78.28959,17.51319],[78.28945,17.51323],[78.28937,17.51325],[78.28919,17.51331],[78.28874,17.51344],[78.28835,17.51355],[78.28819,17.5136],[78.28813,17.51361],[78.28804,17.51364],[78.2875,17.51379],[78.28722,17.51387],[78.28659,17.51405],[78.28643,17.5141],[78.28488,17.51454],[78.28482,17.51456],[78.28451,17.51466],[78.28428,17.51477],[78.28404,17.5149],[78.28362,17.51515],[78.28295,17.51556],[78.28244,17.51593],[78.28243,17.51594],[78.28173,17.51644],[78.28116,17.51685],[78.28061,17.51725],[78.2799,17.51782],[78.27973,17.51795],[78.27933,17.51828],[78.27926,17.51833],[78.27893,17.51855],[78.27851,17.51885],[78.27812,17.51915],[78.27776,17.51944],[78.27747,17.51971],[78.27739,17.5198],[78.27713,17.52006],[78.27652,17.52067],[78.27609,17.52106],[78.2756,17.52151],[78.27516,17.52187],[78.27466,17.52232]]}},{"type":"Feature","properties":{"name":"NH65","highway":"trunk","policy":""},"geometry":{"type":"LineString","coordinates":[[78.23831,17.53794],[78.23786,17.53804],[78.2374,17.53816]]}},{"type":"Feature","properties":{"name":"NH65","highway":"trunk","policy":""},"geometry":{"type":"LineString","coordinates":[[78.26973,17.5263],[78.26899,17.52689],[78.2681,17.52762],[78.26713,17.52841],[78.26712,17.52843],[78.267,17.52852],[78.26678,17.52869],[78.26655,17.52883],[78.26626,17.52896],[78.26592,17.52909],[78.26561,17.52916],[78.26523,17.52922]]}},{"type":"Feature","properties":{"name":"NH65","highway":"trunk","policy":""},"geometry":{"type":"LineString","coordinates":[[78.27862,17.51898],[78.27941,17.51835],[78.27997,17.51789],[78.28004,17.51783],[78.28031,17.51761],[78.28067,17.51732],[78.2812,17.51693],[78.28121,17.51693],[78.28178,17.51652],[78.28197,17.51637],[78.28234,17.51608],[78.28245,17.516],[78.28299,17.51563],[78.28355,17.51529],[78.28366,17.51522],[78.28408,17.51498],[78.28432,17.51485],[78.28455,17.51474],[78.28491,17.51463],[78.28509,17.51457],[78.28523,17.51453],[78.28542,17.51448],[78.28572,17.51439],[78.28604,17.5143],[78.28615,17.51427],[78.28645,17.51418],[78.28727,17.51395],[78.28814,17.5137],[78.28904,17.51344],[78.28932,17.51336],[78.28947,17.51332],[78.28961,17.51328],[78.28976,17.51324],[78.28977,17.51323],[78.29026,17.51307],[78.29073,17.5129],[78.29076,17.51289],[78.29108,17.51277],[78.29131,17.51267],[78.29198,17.51242],[78.29251,17.51222],[78.29305,17.51201],[78.2931,17.51199],[78.29335,17.51189],[78.29577,17.51097],[78.29619,17.51081],[78.29627,17.51079],[78.29666,17.51065],[78.29874,17.50982],[78.29882,17.50979],[78.29935,17.50958],[78.29988,17.50935],[78.30033,17.50912],[78.30039,17.50909]]}},{"type":"Feature","properties":{"name":"NH65","highway":"trunk","policy":""},"geometry":{"type":"LineString","coordinates":[[78.2402,17.53773],[78.2405,17.53768],[78.24155,17.53751],[78.24196,17.53744]]}},{"type":"Feature","properties":{"name":"NH65","highway":"trunk","policy":""},"geometry":{"type":"LineString","coordinates":[[78.27724,17.5202],[78.27771,17.51976],[78.27785,17.51965]]}},{"type":"Feature","properties":{"name":"NH65","highway":"trunk","policy":""},"geometry":{"type":"LineString","coordinates":[[78.23747,17.53825],[78.23789,17.53815],[78.23829,17.53807]]}},{"type":"Feature","properties":{"name":"NH65","highway":"trunk","policy":""},"geometry":{"type":"LineString","coordinates":[[78.26524,17.52931],[78.26564,17.52925],[78.26594,17.52917],[78.26614,17.52911],[78.26629,17.52905],[78.26661,17.5289],[78.26683,17.52876],[78.26718,17.5285],[78.2672,17.52848],[78.26754,17.5282],[78.26778,17.528],[78.26816,17.52769],[78.26852,17.52739],[78.26934,17.52672],[78.26981,17.52634],[78.27014,17.52609],[78.27069,17.52567],[78.27102,17.52542],[78.27165,17.52494],[78.27172,17.52488],[78.27209,17.5246],[78.27252,17.52431],[78.27295,17.52403],[78.27319,17.52386],[78.27345,17.52369],[78.2736,17.52356],[78.27374,17.52344],[78.27399,17.5232],[78.27426,17.52291],[78.27439,17.52277],[78.27471,17.52243],[78.27523,17.52194],[78.27564,17.5216],[78.27566,17.52159],[78.27658,17.52075],[78.27724,17.5202]]}},{"type":"Feature","properties":{"name":"NH65","highway":"trunk","policy":""},"geometry":{"type":"LineString","coordinates":[[78.24194,17.53733],[78.24097,17.53747]]}},{"type":"Feature","properties":{"name":"NH65","highway":"trunk","policy":""},"geometry":{"type":"LineString","coordinates":[[78.27466,17.52232],[78.27438,17.52258],[78.27341,17.52346]]}},{"type":"Feature","properties":{"name":"NH65","highway":"trunk","policy":""},"geometry":{"type":"LineString","coordinates":[[78.23829,17.53807],[78.23881,17.53796]]}},{"type":"Feature","properties":{"name":"NH65","highway":"trunk","policy":""},"geometry":{"type":"LineString","coordinates":[[78.23883,17.53784],[78.23831,17.53794]]}},{"type":"Feature","properties":{"name":"NH65","highway":"trunk","policy":""},"geometry":{"type":"LineString","coordinates":[[78.24016,17.5376],[78.2398,17.53766],[78.23883,17.53784]]}},{"type":"Feature","properties":{"name":"NH65","highway":"trunk","policy":""},"geometry":{"type":"LineString","coordinates":[[78.23881,17.53796],[78.23966,17.53782],[78.23982,17.53779],[78.23984,17.53778],[78.2402,17.53773]]}},{"type":"Feature","properties":{"name":"Outer Ring Road","highway":"motorway","policy":""},"geometry":{"type":"LineString","coordinates":[[78.35711,17.42238],[78.35729,17.42332]]}},{"type":"Feature","properties":{"name":"Outer Ring Road","highway":"motorway","policy":""},"geometry":{"type":"LineString","coordinates":[[78.23748,17.53902],[78.23758,17.53912],[78.23774,17.53931],[78.23794,17.53952]]}},{"type":"Feature","properties":{"name":"Vijaywada Highway","highway":"trunk","policy":""},"geometry":{"type":"LineString","coordinates":[[78.60433,17.32704],[78.60398,17.3271],[78.60323,17.32722],[78.60287,17.32728],[78.60262,17.32732],[78.60253,17.32733],[78.60249,17.32734],[78.60181,17.32745],[78.60137,17.32756],[78.60088,17.32772],[78.60034,17.32788],[78.59935,17.3282],[78.59906,17.3283],[78.59869,17.32841],[78.59843,17.32849],[78.59798,17.32864],[78.59759,17.32876],[78.59604,17.32924],[78.59582,17.32932]]}},{"type":"Feature","properties":{"name":"Vijaywada Highway","highway":"trunk","policy":""},"geometry":{"type":"LineString","coordinates":[[78.63572,17.32224],[78.63612,17.32219],[78.63633,17.32216],[78.63721,17.32202],[78.63791,17.32182],[78.63871,17.32156]]}},{"type":"Feature","properties":{"name":"Vijaywada Highway","highway":"trunk","policy":""},"geometry":{"type":"LineString","coordinates":[[78.63867,17.32146],[78.63809,17.32163],[78.6378,17.32172],[78.63718,17.32189],[78.6363,17.32205],[78.63586,17.3221]]}},{"type":"Feature","properties":{"name":"Vijaywada Highway","highway":"trunk","policy":""},"geometry":{"type":"LineString","coordinates":[[78.61986,17.31997],[78.6191,17.31988],[78.61878,17.31984],[78.6184,17.31982],[78.61796,17.31983],[78.61745,17.31988],[78.61703,17.31994],[78.61628,17.32006],[78.61588,17.32012],[78.61543,17.32018],[78.6151,17.32024],[78.61481,17.32032],[78.61452,17.32043]]}},{"type":"Feature","properties":{"name":"Vijaywada Highway","highway":"trunk","policy":""},"geometry":{"type":"LineString","coordinates":[[78.61458,17.3205],[78.6148,17.32041],[78.61505,17.32034],[78.61534,17.32028],[78.61591,17.32019],[78.61662,17.32009],[78.61692,17.32004],[78.61731,17.31999],[78.61745,17.31997],[78.61774,17.31994],[78.61781,17.31993],[78.61811,17.31991],[78.61839,17.3199],[78.61875,17.31993],[78.61911,17.31997],[78.61983,17.32005]]}},{"type":"Feature","properties":{"name":"Vijaywada Highway","highway":"trunk","policy":""},"geometry":{"type":"LineString","coordinates":[[78.59582,17.32932],[78.59539,17.32947],[78.59505,17.32958],[78.595,17.32959],[78.59468,17.32972],[78.59419,17.32991],[78.59366,17.33017],[78.59318,17.33038],[78.5927,17.33063],[78.59234,17.33086],[78.59179,17.33119],[78.59132,17.3315],[78.59095,17.33171],[78.59092,17.33172],[78.59039,17.33203],[78.59003,17.33225],[78.5894,17.33262],[78.58931,17.33268]]}},{"type":"Feature","properties":{"name":"Vijaywada Highway","highway":"trunk","policy":""},"geometry":{"type":"LineString","coordinates":[[78.5894,17.33279],[78.58948,17.33275],[78.59109,17.33179],[78.59139,17.33161],[78.59199,17.33124],[78.59242,17.33098],[78.59279,17.33076],[78.59326,17.33051],[78.59376,17.33027],[78.59396,17.33017],[78.5946,17.3299],[78.59491,17.32978],[78.59505,17.32973],[78.59508,17.32972],[78.59544,17.3296],[78.59568,17.32952]]}},{"type":"Feature","properties":{"name":"Vijaywada Highway","highway":"trunk","policy":""},"geometry":{"type":"LineString","coordinates":[[78.64269,17.32025],[78.6434,17.32002],[78.64395,17.31985],[78.64409,17.31982],[78.64452,17.31975],[78.64581,17.31964],[78.6465,17.3196]]}},{"type":"Feature","properties":{"name":"Vijaywada Highway","highway":"trunk","policy":""},"geometry":{"type":"LineString","coordinates":[[78.59568,17.32952],[78.5963,17.32933],[78.59689,17.32914],[78.59764,17.3289],[78.59788,17.32883],[78.5994,17.32834],[78.60028,17.32807],[78.601,17.32784],[78.6014,17.32772],[78.60174,17.32763],[78.60181,17.32761],[78.60206,17.32756],[78.60236,17.32751],[78.60251,17.32749],[78.60265,17.32747],[78.60312,17.32739],[78.60347,17.32732],[78.60388,17.32724],[78.60434,17.32713]]}},{"type":"Feature","properties":{"name":"Vijaywada Highway","highway":"trunk","policy":""},"geometry":{"type":"LineString","coordinates":[[78.60534,17.32695],[78.60568,17.32686],[78.606,17.32676],[78.60629,17.32662],[78.60672,17.32641],[78.60697,17.32622],[78.60733,17.32593],[78.60791,17.32548],[78.60796,17.32542],[78.60852,17.32499],[78.60888,17.32472],[78.61116,17.32296],[78.61317,17.32141],[78.61363,17.32105],[78.61377,17.32095],[78.61386,17.32089],[78.61412,17.32072],[78.61434,17.3206],[78.61458,17.3205]]}},{"type":"Feature","properties":{"name":"Vijaywada Highway","highway":"trunk","policy":""},"geometry":{"type":"LineString","coordinates":[[78.61452,17.32043],[78.61429,17.32052],[78.61409,17.32064],[78.61372,17.32088],[78.61339,17.32114],[78.61264,17.32172],[78.61195,17.32228],[78.61176,17.32242],[78.61138,17.3227],[78.61098,17.32299],[78.61027,17.32353],[78.60981,17.32389],[78.60916,17.3244],[78.60883,17.32466],[78.60861,17.32483],[78.60803,17.32528],[78.60792,17.32536],[78.60741,17.32575],[78.60698,17.32607],[78.60662,17.32634],[78.60654,17.32638],[78.6064,17.32646],[78.60609,17.32663],[78.60582,17.32674],[78.60572,17.32677],[78.60553,17.32682],[78.60527,17.32688]]}},{"type":"Feature","properties":{"name":"Vijaywada Highway","highway":"trunk","policy":""},"geometry":{"type":"LineString","coordinates":[[78.60434,17.32713],[78.60441,17.32712],[78.60498,17.32701],[78.60526,17.32696],[78.60534,17.32695]]}},{"type":"Feature","properties":{"name":"Vijaywada Highway","highway":"trunk","policy":""},"geometry":{"type":"LineString","coordinates":[[78.6304,17.3214],[78.62973,17.32123],[78.62852,17.32092],[78.6282,17.32084],[78.62781,17.32074],[78.62753,17.3207],[78.62728,17.32065],[78.62703,17.32063],[78.62681,17.3206],[78.62675,17.3206],[78.62669,17.3206],[78.62469,17.32048],[78.62398,17.32042],[78.62184,17.32018],[78.62135,17.32012]]}},{"type":"Feature","properties":{"name":"Vijaywada Highway","highway":"trunk","policy":""},"geometry":{"type":"LineString","coordinates":[[78.62134,17.32021],[78.62225,17.32031],[78.62252,17.32034],[78.62366,17.32047],[78.62398,17.3205],[78.6247,17.32057],[78.62488,17.32058],[78.62574,17.32062],[78.62605,17.32064],[78.62622,17.32065],[78.62648,17.32066],[78.62675,17.32068],[78.62703,17.32071],[78.62727,17.32074],[78.62739,17.32076],[78.62751,17.32078],[78.62791,17.32088],[78.62823,17.32096],[78.62945,17.32126],[78.62971,17.32132],[78.63021,17.32145],[78.63038,17.3215]]}},{"type":"Feature","properties":{"name":"Vijaywada Highway","highway":"trunk","policy":""},"geometry":{"type":"LineString","coordinates":[[78.62135,17.32012],[78.621,17.32007],[78.62079,17.32005],[78.61986,17.31997]]}},{"type":"Feature","properties":{"name":"Vijaywada Highway","highway":"trunk","policy":""},"geometry":{"type":"LineString","coordinates":[[78.60527,17.32688],[78.60505,17.32691],[78.60433,17.32704]]}},{"type":"Feature","properties":{"name":"Vijaywada Highway","highway":"trunk","policy":""},"geometry":{"type":"LineString","coordinates":[[78.61983,17.32005],[78.62015,17.32008],[78.62134,17.32021]]}},{"type":"Feature","properties":{"name":"Vijaywada Highway","highway":"trunk","policy":""},"geometry":{"type":"LineString","coordinates":[[78.64124,17.32059],[78.64065,17.32079],[78.64034,17.32088],[78.64011,17.32096],[78.63867,17.32146]]}},{"type":"Feature","properties":{"name":"Vijaywada Highway","highway":"trunk","policy":""},"geometry":{"type":"LineString","coordinates":[[78.57953,17.3361],[78.57994,17.33605],[78.58052,17.33599],[78.58082,17.33595]]}},{"type":"Feature","properties":{"name":"Vijaywada Highway","highway":"trunk","policy":""},"geometry":{"type":"LineString","coordinates":[[78.58931,17.33268],[78.58882,17.33296],[78.5888,17.33298],[78.58874,17.33301],[78.58856,17.33311],[78.58825,17.3333],[78.58783,17.33353],[78.58736,17.33375],[78.58684,17.334],[78.58675,17.33404],[78.58634,17.33424],[78.58577,17.33449],[78.58491,17.33491]]}},{"type":"Feature","properties":{"name":"Vijaywada Highway","highway":"trunk","policy":""},"geometry":{"type":"LineString","coordinates":[[78.58199,17.33565],[78.58079,17.3358],[78.57952,17.33596]]}},{"type":"Feature","properties":{"name":"Vijaywada Highway","highway":"trunk","policy":""},"geometry":{"type":"LineString","coordinates":[[78.582,17.33578],[78.58314,17.33564],[78.58358,17.33557],[78.58363,17.33555],[78.58389,17.3355],[78.58414,17.33541],[78.58445,17.33528],[78.58499,17.33504]]}},{"type":"Feature","properties":{"name":"Vijaywada Highway","highway":"trunk","policy":""},"geometry":{"type":"LineString","coordinates":[[78.58499,17.33504],[78.58585,17.33464],[78.58691,17.33411],[78.58743,17.33387],[78.58789,17.33365],[78.58832,17.33342],[78.58888,17.3331],[78.5894,17.33279]]}},{"type":"Feature","properties":{"name":"Vijaywada Highway","highway":"trunk","policy":""},"geometry":{"type":"LineString","coordinates":[[78.58491,17.33491],[78.5844,17.33515],[78.58414,17.33526],[78.58384,17.33535],[78.58355,17.33543],[78.58335,17.33547],[78.58309,17.33551],[78.58279,17.33554],[78.58255,17.33557],[78.58199,17.33565]]}},{"type":"Feature","properties":{"name":"Outer Ring Road","highway":"motorway","policy":""},"geometry":{"type":"LineString","coordinates":[[78.25671,17.4455],[78.25677,17.44539]]}},{"type":"Feature","properties":{"name":"Outer Ring Road","highway":"motorway","policy":""},"geometry":{"type":"LineString","coordinates":[[78.25659,17.44531],[78.25654,17.44543]]}},{"type":"Feature","properties":{"name":"Outer Ring Road","highway":"motorway","policy":""},"geometry":{"type":"LineString","coordinates":[[78.67118,17.43835],[78.67066,17.43915],[78.66975,17.44055],[78.66961,17.44078],[78.66945,17.44105]]}},{"type":"Feature","properties":{"name":"Outer Ring Road","highway":"motorway","policy":""},"geometry":{"type":"LineString","coordinates":[[78.37608,17.56133],[78.37627,17.5614],[78.37646,17.56147]]}},{"type":"Feature","properties":{"name":"Outer Ring Road","highway":"motorway","policy":""},"geometry":{"type":"LineString","coordinates":[[78.64779,17.51524],[78.64789,17.51506]]}},{"type":"Feature","properties":{"name":"Outer Ring Road","highway":"motorway","policy":""},"geometry":{"type":"LineString","coordinates":[[78.66802,17.44575],[78.66806,17.44548]]}},{"type":"Feature","properties":{"name":"Outer Ring Road","highway":"motorway","policy":""},"geometry":{"type":"LineString","coordinates":[[78.64762,17.51516],[78.6472,17.51594]]}},{"type":"Feature","properties":{"name":"Outer Ring Road","highway":"motorway","policy":""},"geometry":{"type":"LineString","coordinates":[[78.66846,17.45187],[78.66837,17.45141]]}},{"type":"Feature","properties":{"name":"Outer Ring Road","highway":"motorway","policy":""},"geometry":{"type":"LineString","coordinates":[[78.67134,17.43845],[78.67265,17.43647]]}},{"type":"Feature","properties":{"name":"Outer Ring Road","highway":"motorway","policy":""},"geometry":{"type":"LineString","coordinates":[[78.64727,17.5162],[78.64737,17.51602]]}},{"type":"Feature","properties":{"name":"Outer Ring Road","highway":"motorway","policy":""},"geometry":{"type":"LineString","coordinates":[[78.66806,17.44548],[78.66808,17.44536],[78.66814,17.44508],[78.66819,17.44481],[78.66825,17.44456],[78.66832,17.44429],[78.66837,17.44411]]}},{"type":"Feature","properties":{"name":"Outer Ring Road","highway":"motorway","policy":""},"geometry":{"type":"LineString","coordinates":[[78.2383,17.53989],[78.23855,17.54012],[78.23874,17.54029],[78.23894,17.54047],[78.23916,17.54065],[78.23934,17.5408]]}},{"type":"Feature","properties":{"name":"Outer Ring Road","highway":"motorway","policy":""},"geometry":{"type":"LineString","coordinates":[[78.66964,17.45906],[78.6697,17.45939]]}},{"type":"Feature","properties":{"name":"Outer Ring Road","highway":"motorway","policy":""},"geometry":{"type":"LineString","coordinates":[[78.66987,17.45921],[78.6698,17.45889]]}},{"type":"Feature","properties":{"name":"Outer Ring Road","highway":"motorway","policy":""},"geometry":{"type":"LineString","coordinates":[[78.66827,17.44377],[78.66818,17.44406]]}},{"type":"Feature","properties":{"name":"Outer Ring Road","highway":"motorway","policy":""},"geometry":{"type":"LineString","coordinates":[[78.66784,17.44561],[78.66781,17.44587]]}},{"type":"Feature","properties":{"name":"Outer Ring Road","highway":"motorway","policy":""},"geometry":{"type":"LineString","coordinates":[[78.66856,17.45338],[78.66908,17.45612]]}},{"type":"Feature","properties":{"name":"Outer Ring Road","highway":"motorway","policy":""},"geometry":{"type":"LineString","coordinates":[[78.66867,17.45296],[78.66846,17.45187]]}},{"type":"Feature","properties":{"name":"Outer Ring Road","highway":"motorway","policy":""},"geometry":{"type":"LineString","coordinates":[[78.64772,17.51497],[78.64762,17.51516]]}},{"type":"Feature","properties":{"name":"Outer Ring Road","highway":"motorway","policy":""},"geometry":{"type":"LineString","coordinates":[[78.66817,17.45139],[78.66826,17.45184]]}},{"type":"Feature","properties":{"name":"Outer Ring Road","highway":"motorway","policy":""},"geometry":{"type":"LineString","coordinates":[[78.6472,17.51594],[78.6471,17.51612]]}},{"type":"Feature","properties":{"name":"Outer Ring Road","highway":"motorway","policy":""},"geometry":{"type":"LineString","coordinates":[[78.24001,17.54107],[78.23979,17.54091],[78.23957,17.54074]]}},{"type":"Feature","properties":{"name":"Outer Ring Road","highway":"motorway","policy":""},"geometry":{"type":"LineString","coordinates":[[78.6698,17.45889],[78.66929,17.4562]]}},{"type":"Feature","properties":{"name":"Outer Ring Road","highway":"motorway","policy":""},"geometry":{"type":"LineString","coordinates":[[78.64737,17.51602],[78.64779,17.51524]]}},{"type":"Feature","properties":{"name":"Outer Ring Road","highway":"motorway","policy":""},"geometry":{"type":"LineString","coordinates":[[78.66837,17.44411],[78.66845,17.44382]]}},{"type":"Feature","properties":{"name":"Outer Ring Road","highway":"motorway","policy":""},"geometry":{"type":"LineString","coordinates":[[78.67308,17.43547],[78.672,17.4371]]}},{"type":"Feature","properties":{"name":"Outer Ring Road","highway":"motorway","policy":""},"geometry":{"type":"LineString","coordinates":[[78.23934,17.5408],[78.23956,17.54097],[78.23978,17.54113]]}},{"type":"Feature","properties":{"name":"Outer Ring Road","highway":"motorway","policy":""},"geometry":{"type":"LineString","coordinates":[[78.66826,17.45184],[78.6683,17.45205]]}},{"type":"Feature","properties":{"name":"Outer Ring Road","highway":"motorway","policy":""},"geometry":{"type":"LineString","coordinates":[[78.37652,17.5613],[78.37634,17.56123],[78.37615,17.56116]]}},{"type":"Feature","properties":{"name":"Outer Ring Road","highway":"motorway","policy":""},"geometry":{"type":"LineString","coordinates":[[78.66818,17.44406],[78.66813,17.44424],[78.66807,17.44452],[78.66801,17.44477],[78.66795,17.44504],[78.66789,17.44532]]}},{"type":"Feature","properties":{"name":"Outer Ring Road","highway":"motorway","policy":""},"geometry":{"type":"LineString","coordinates":[[78.66883,17.44228],[78.66874,17.44247],[78.66864,17.44272],[78.66854,17.44297]]}},{"type":"Feature","properties":{"name":"Outer Ring Road","highway":"motorway","policy":""},"geometry":{"type":"LineString","coordinates":[[78.23957,17.54074],[78.2393,17.54052],[78.23907,17.54034],[78.23887,17.54016],[78.23868,17.53999],[78.23838,17.5397]]}},{"type":"Feature","properties":{"name":"Outer Ring Road","highway":"motorway","policy":""},"geometry":{"type":"LineString","coordinates":[[78.66857,17.44346],[78.66863,17.44328],[78.66872,17.44303],[78.66882,17.44278],[78.66892,17.44254],[78.66903,17.44229],[78.66915,17.44205],[78.66926,17.44181],[78.66931,17.44172]]}},{"type":"Feature","properties":{"name":"Outer Ring Road","highway":"motorway","policy":""},"geometry":{"type":"LineString","coordinates":[[78.37846,17.56241],[78.37832,17.56231],[78.37809,17.56214],[78.37786,17.56199],[78.37762,17.56184],[78.37737,17.56169],[78.37711,17.56156],[78.37686,17.56144],[78.37669,17.56137],[78.37652,17.5613]]}},{"type":"Feature","properties":{"name":"Outer Ring Road","highway":"motorway","policy":""},"geometry":{"type":"LineString","coordinates":[[78.23706,17.53818],[78.23688,17.53794],[78.23672,17.53771],[78.23658,17.5375],[78.23644,17.53726],[78.2363,17.53703]]}},{"type":"Feature","properties":{"name":"Outer Ring Road","highway":"motorway","policy":""},"geometry":{"type":"LineString","coordinates":[[78.37646,17.56147],[78.37662,17.56154],[78.37678,17.56161],[78.37703,17.56172],[78.37727,17.56185],[78.37752,17.56199],[78.37775,17.56214],[78.37798,17.56229],[78.37821,17.56245],[78.37834,17.56255]]}},{"type":"Feature","properties":{"name":"Outer Ring Road","highway":"motorway","policy":""},"geometry":{"type":"LineString","coordinates":[[78.25316,17.54486],[78.24609,17.54352],[78.24554,17.54341],[78.24526,17.54336],[78.24499,17.5433],[78.24471,17.54323],[78.24445,17.54316],[78.24417,17.54309],[78.24394,17.54302],[78.24367,17.54293],[78.24341,17.54284],[78.24315,17.54274],[78.24289,17.54264],[78.24267,17.54255]]}},{"type":"Feature","properties":{"name":"Outer Ring Road","highway":"motorway","policy":""},"geometry":{"type":"LineString","coordinates":[[78.24141,17.54216],[78.24153,17.54222],[78.24178,17.54235],[78.24204,17.54247],[78.24229,17.54259],[78.24255,17.5427],[78.24281,17.54281],[78.24307,17.54291],[78.24334,17.54301],[78.24361,17.5431],[78.24388,17.54319],[78.24412,17.54326],[78.24439,17.54334],[78.24467,17.54341],[78.24494,17.54348],[78.24522,17.54354],[78.2455,17.54359],[78.24605,17.5437],[78.25309,17.54503]]}},{"type":"Feature","properties":{"name":"Outer Ring Road","highway":"motorway","policy":""},"geometry":{"type":"LineString","coordinates":[[78.23572,17.53635],[78.23586,17.53663],[78.236,17.53687],[78.23614,17.53711],[78.23627,17.53734],[78.23643,17.53758],[78.23657,17.53779],[78.23673,17.53803]]}},{"type":"Feature","properties":{"name":"Outer Ring Road","highway":"motorway","policy":""},"geometry":{"type":"LineString","coordinates":[[78.37598,17.25509],[78.37605,17.25491],[78.37612,17.25473],[78.3762,17.25454],[78.37628,17.25435],[78.37641,17.25407],[78.37654,17.25379],[78.37668,17.25352],[78.3769,17.2531]]}},{"type":"Feature","properties":{"name":"Outer Ring Road","highway":"motorway","policy":""},"geometry":{"type":"LineString","coordinates":[[78.38291,17.28228],[78.38291,17.28186],[78.3829,17.28151],[78.38288,17.28116],[78.38286,17.28078],[78.38283,17.28042],[78.3828,17.28006],[78.38276,17.2797],[78.38271,17.27935],[78.38266,17.27897],[78.3826,17.2786],[78.38254,17.27826],[78.38248,17.2779],[78.3824,17.27756],[78.38233,17.27721],[78.38224,17.27683],[78.38214,17.27648],[78.38205,17.27613],[78.38194,17.27577],[78.38184,17.27544],[78.38169,17.275],[78.38154,17.27457],[78.38138,17.27414],[78.38122,17.27372],[78.38062,17.27227]]}},{"type":"Feature","properties":{"name":"Outer Ring Road","highway":"motorway","policy":""},"geometry":{"type":"LineString","coordinates":[[78.49532,17.20502],[78.49421,17.20483],[78.4931,17.20464],[78.49201,17.20447],[78.49089,17.20431],[78.49034,17.20424],[78.48976,17.20418],[78.48921,17.20412],[78.48864,17.20406],[78.48813,17.20401],[78.48759,17.20396],[78.48716,17.20393]]}},{"type":"Feature","properties":{"name":"Outer Ring Road","highway":"motorway","policy":""},"geometry":{"type":"LineString","coordinates":[[78.41106,17.20324],[78.42706,17.20359],[78.42762,17.2036],[78.42818,17.20361],[78.44446,17.20367],[78.44502,17.20368],[78.44559,17.20369],[78.45355,17.20392]]}},{"type":"Feature","properties":{"name":"Outer Ring Road","highway":"motorway","policy":""},"geometry":{"type":"LineString","coordinates":[[78.45465,17.20376],[78.44559,17.2035],[78.44503,17.20349],[78.44446,17.20349],[78.42818,17.20342],[78.42762,17.20341],[78.42706,17.20341],[78.42066,17.20327]]}},{"type":"Feature","properties":{"name":"Outer Ring Road","highway":"motorway","policy":""},"geometry":{"type":"LineString","coordinates":[[78.37627,17.26166],[78.37611,17.26125],[78.37598,17.26086],[78.37587,17.26052],[78.37577,17.26017],[78.37569,17.25983],[78.37561,17.25945],[78.37556,17.2591],[78.37552,17.25874],[78.37549,17.25839],[78.37548,17.25796]]}},{"type":"Feature","properties":{"name":"Outer Ring Road","highway":"motorway","policy":""},"geometry":{"type":"LineString","coordinates":[[78.38013,17.27157],[78.38104,17.27378],[78.3812,17.2742],[78.38136,17.27462],[78.38151,17.27505],[78.38166,17.27549],[78.38176,17.27582],[78.38186,17.27618],[78.38196,17.27652],[78.38205,17.27687],[78.38214,17.27725],[78.38222,17.27759],[78.38228,17.27793],[78.38235,17.27829],[78.38241,17.27863],[78.38247,17.27899],[78.38252,17.27937],[78.38257,17.27972],[78.3826,17.28007],[78.38264,17.28044],[78.38267,17.2808],[78.38269,17.28116],[78.3827,17.28152],[78.38271,17.28186],[78.38272,17.28227]]}},{"type":"Feature","properties":{"name":"Outer Ring Road","highway":"motorway","policy":""},"geometry":{"type":"LineString","coordinates":[[78.35177,17.39246],[78.35177,17.39251],[78.35176,17.39269],[78.35175,17.39286],[78.35173,17.39303],[78.35171,17.39321],[78.35169,17.39338],[78.35166,17.39355],[78.35162,17.39372],[78.35158,17.39389],[78.35154,17.39406],[78.35149,17.39423],[78.35144,17.39439],[78.35138,17.39455],[78.35132,17.3947],[78.35125,17.39486],[78.35118,17.39502],[78.3511,17.39518],[78.35101,17.39534],[78.35093,17.3955],[78.35084,17.39565],[78.35074,17.3958],[78.35068,17.39589]]}},{"type":"Feature","properties":{"name":"Outer Ring Road","highway":"motorway","policy":""},"geometry":{"type":"LineString","coordinates":[[78.37791,17.25117],[78.37795,17.25109]]}},{"type":"Feature","properties":{"name":"Outer Ring Road","highway":"motorway","policy":""},"geometry":{"type":"LineString","coordinates":[[78.36029,17.34943],[78.36087,17.34823],[78.36106,17.34786],[78.36126,17.34746],[78.36148,17.34707],[78.36169,17.34669],[78.36192,17.34631],[78.362,17.34618]]}},{"type":"Feature","properties":{"name":"Outer Ring Road","highway":"motorway","policy":""},"geometry":{"type":"LineString","coordinates":[[78.36188,17.34601],[78.36175,17.34621],[78.36152,17.3466],[78.36131,17.34698],[78.36109,17.34738],[78.36089,17.34778],[78.3607,17.34815],[78.36012,17.34935]]}},{"type":"Feature","properties":{"name":"Outer Ring Road","highway":"motorway","policy":""},"geometry":{"type":"LineString","coordinates":[[78.3818,17.23943],[78.38179,17.23968],[78.38178,17.23993],[78.38177,17.2402],[78.38175,17.24047],[78.38173,17.24074],[78.3817,17.24101],[78.38167,17.24127]]}},{"type":"Feature","properties":{"name":"Outer Ring Road","highway":"motorway","policy":""},"geometry":{"type":"LineString","coordinates":[[78.3818,17.23928],[78.3818,17.23943]]}},{"type":"Feature","properties":{"name":"Outer Ring Road","highway":"motorway","policy":""},"geometry":{"type":"LineString","coordinates":[[78.52708,17.21208],[78.52752,17.21217]]}},{"type":"Feature","properties":{"name":"Outer Ring Road","highway":"motorway","policy":""},"geometry":{"type":"LineString","coordinates":[[78.24816,17.4727],[78.24821,17.47236]]}},{"type":"Feature","properties":{"name":"Outer Ring Road","highway":"motorway","policy":""},"geometry":{"type":"LineString","coordinates":[[78.45465,17.20395],[78.45476,17.20395]]}},{"type":"Feature","properties":{"name":"Outer Ring Road","highway":"motorway","policy":""},"geometry":{"type":"LineString","coordinates":[[78.24936,17.46381],[78.24899,17.4662]]}},{"type":"Feature","properties":{"name":"Outer Ring Road","highway":"motorway","policy":""},"geometry":{"type":"LineString","coordinates":[[78.23465,17.52796],[78.23459,17.52828]]}},{"type":"Feature","properties":{"name":"Outer Ring Road","highway":"motorway","policy":""},"geometry":{"type":"LineString","coordinates":[[78.26445,17.42777],[78.26452,17.42757]]}},{"type":"Feature","properties":{"name":"Outer Ring Road","highway":"motorway","policy":""},"geometry":{"type":"LineString","coordinates":[[78.52312,17.21121],[78.52338,17.21126]]}},{"type":"Feature","properties":{"name":"Outer Ring Road","highway":"motorway","policy":""},"geometry":{"type":"LineString","coordinates":[[78.2494,17.46357],[78.24936,17.46381]]}},{"type":"Feature","properties":{"name":"Outer Ring Road","highway":"motorway","policy":""},"geometry":{"type":"LineString","coordinates":[[78.35266,17.40141],[78.35269,17.40153]]}},{"type":"Feature","properties":{"name":"Outer Ring Road","highway":"motorway","policy":""},"geometry":{"type":"LineString","coordinates":[[78.38291,17.28248],[78.38291,17.28228]]}},{"type":"Feature","properties":{"name":"Outer Ring Road","highway":"motorway","policy":""},"geometry":{"type":"LineString","coordinates":[[78.3525,17.40067],[78.35266,17.40141]]}},{"type":"Feature","properties":{"name":"Outer Ring Road","highway":"motorway","policy":""},"geometry":{"type":"LineString","coordinates":[[78.24862,17.46856],[78.24815,17.47151]]}},{"type":"Feature","properties":{"name":"Outer Ring Road","highway":"motorway","policy":""},"geometry":{"type":"LineString","coordinates":[[78.29668,17.41282],[78.2968,17.41282]]}},{"type":"Feature","properties":{"name":"Outer Ring Road","highway":"motorway","policy":""},"geometry":{"type":"LineString","coordinates":[[78.24972,17.46283],[78.24977,17.46258]]}},{"type":"Feature","properties":{"name":"Outer Ring Road","highway":"motorway","policy":""},"geometry":{"type":"LineString","coordinates":[[78.41094,17.20324],[78.41106,17.20324]]}},{"type":"Feature","properties":{"name":"Outer Ring Road","highway":"motorway","policy":""},"geometry":{"type":"LineString","coordinates":[[78.35282,17.40138],[78.35266,17.40064]]}},{"type":"Feature","properties":{"name":"Outer Ring Road","highway":"motorway","policy":""},"geometry":{"type":"LineString","coordinates":[[78.37707,17.26414],[78.37716,17.26434]]}},{"type":"Feature","properties":{"name":"Outer Ring Road","highway":"motorway","policy":""},"geometry":{"type":"LineString","coordinates":[[78.23477,17.52835],[78.23483,17.52803]]}},{"type":"Feature","properties":{"name":"Outer Ring Road","highway":"motorway","policy":""},"geometry":{"type":"LineString","coordinates":[[78.39938,17.20359],[78.4021,17.20347]]}},{"type":"Feature","properties":{"name":"Outer Ring Road","highway":"motorway","policy":""},"geometry":{"type":"LineString","coordinates":[[78.52777,17.21204],[78.52733,17.21194]]}},{"type":"Feature","properties":{"name":"Outer Ring Road","highway":"motorway","policy":""},"geometry":{"type":"LineString","coordinates":[[78.24959,17.4636],[78.24972,17.46283]]}},{"type":"Feature","properties":{"name":"Outer Ring Road","highway":"motorway","policy":""},"geometry":{"type":"LineString","coordinates":[[78.39803,17.20366],[78.39825,17.20364]]}},{"type":"Feature","properties":{"name":"Outer Ring Road","highway":"motorway","policy":""},"geometry":{"type":"LineString","coordinates":[[78.35284,17.40151],[78.35282,17.40138]]}},{"type":"Feature","properties":{"name":"Outer Ring Road","highway":"motorway","policy":""},"geometry":{"type":"LineString","coordinates":[[78.24953,17.4628],[78.2494,17.46357]]}},{"type":"Feature","properties":{"name":"Outer Ring Road","highway":"motorway","policy":""},"geometry":{"type":"LineString","coordinates":[[78.37735,17.2643],[78.37726,17.2641]]}},{"type":"Feature","properties":{"name":"Outer Ring Road","highway":"motorway","policy":""},"geometry":{"type":"LineString","coordinates":[[78.24892,17.46787],[78.24918,17.46623]]}},{"type":"Feature","properties":{"name":"Outer Ring Road","highway":"motorway","policy":""},"geometry":{"type":"LineString","coordinates":[[78.24956,17.46384],[78.24959,17.4636]]}},{"type":"Feature","properties":{"name":"Outer Ring Road","highway":"motorway","policy":""},"geometry":{"type":"LineString","coordinates":[[78.45477,17.20376],[78.45465,17.20376]]}},{"type":"Feature","properties":{"name":"Outer Ring Road","highway":"motorway","policy":""},"geometry":{"type":"LineString","coordinates":[[78.39825,17.20364],[78.39915,17.2036]]}},{"type":"Feature","properties":{"name":"Outer Ring Road","highway":"motorway","policy":""},"geometry":{"type":"LineString","coordinates":[[78.36016,17.34969],[78.36029,17.34943]]}},{"type":"Feature","properties":{"name":"Outer Ring Road","highway":"motorway","policy":""},"geometry":{"type":"LineString","coordinates":[[78.41106,17.20306],[78.41094,17.20306]]}},{"type":"Feature","properties":{"name":"Outer Ring Road","highway":"motorway","policy":""},"geometry":{"type":"LineString","coordinates":[[78.39914,17.20342],[78.39824,17.20346]]}},{"type":"Feature","properties":{"name":"Outer Ring Road","highway":"motorway","policy":""},"geometry":{"type":"LineString","coordinates":[[78.24958,17.46255],[78.24953,17.4628]]}},{"type":"Feature","properties":{"name":"Outer Ring Road","highway":"motorway","policy":""},"geometry":{"type":"LineString","coordinates":[[78.26434,17.42752],[78.26427,17.42771]]}},{"type":"Feature","properties":{"name":"Outer Ring Road","highway":"motorway","policy":""},"geometry":{"type":"LineString","coordinates":[[78.24799,17.47254],[78.24793,17.47289]]}},{"type":"Feature","properties":{"name":"Outer Ring Road","highway":"motorway","policy":""},"geometry":{"type":"LineString","coordinates":[[78.38199,17.23943],[78.38199,17.23928]]}},{"type":"Feature","properties":{"name":"Outer Ring Road","highway":"motorway","policy":""},"geometry":{"type":"LineString","coordinates":[[78.36012,17.34935],[78.35999,17.34962]]}},{"type":"Feature","properties":{"name":"Outer Ring Road","highway":"motorway","policy":""},"geometry":{"type":"LineString","coordinates":[[78.39824,17.20346],[78.39802,17.20347]]}},{"type":"Feature","properties":{"name":"Outer Ring Road","highway":"motorway","policy":""},"geometry":{"type":"LineString","coordinates":[[78.38272,17.28227],[78.38272,17.28247]]}},{"type":"Feature","properties":{"name":"Outer Ring Road","highway":"motorway","policy":""},"geometry":{"type":"LineString","coordinates":[[78.39915,17.2036],[78.39938,17.20359]]}},{"type":"Feature","properties":{"name":"Outer Ring Road","highway":"motorway","policy":""},"geometry":{"type":"LineString","coordinates":[[78.2968,17.41264],[78.29668,17.41264]]}},{"type":"Feature","properties":{"name":"Outer Ring Road","highway":"motorway","policy":""},"geometry":{"type":"LineString","coordinates":[[78.39937,17.20341],[78.39914,17.20342]]}},{"type":"Feature","properties":{"name":"Outer Ring Road","highway":"motorway","policy":""},"geometry":{"type":"LineString","coordinates":[[78.26452,17.42757],[78.26462,17.42731],[78.26471,17.42706],[78.26481,17.42681],[78.26491,17.42656],[78.26502,17.42631],[78.26513,17.42606],[78.26525,17.42582],[78.26537,17.42558],[78.2655,17.42534],[78.26564,17.42511],[78.26578,17.42488],[78.26593,17.42465],[78.26608,17.42442],[78.26624,17.4242],[78.26641,17.42399],[78.26658,17.42377],[78.26676,17.42356],[78.26694,17.42335],[78.26712,17.42316],[78.26731,17.42297],[78.2675,17.42278],[78.2677,17.42259],[78.2679,17.42241],[78.2681,17.42224],[78.26831,17.42206],[78.26852,17.4219],[78.26874,17.42173],[78.26895,17.42158],[78.26918,17.42143],[78.26941,17.42128],[78.26964,17.42113],[78.26987,17.421],[78.27011,17.42086],[78.27035,17.42074],[78.27079,17.42052],[78.2713,17.4203],[78.27182,17.42011],[78.27235,17.41993],[78.27527,17.41898],[78.2758,17.4188],[78.27619,17.41867]]}},{"type":"Feature","properties":{"name":"Outer Ring Road","highway":"motorway","policy":""},"geometry":{"type":"LineString","coordinates":[[78.37721,17.30869],[78.37679,17.31053],[78.37669,17.31097],[78.37661,17.31141],[78.37653,17.31185],[78.37646,17.31229],[78.3764,17.31273],[78.37635,17.31319],[78.37631,17.31365],[78.37578,17.3204],[78.37574,17.32089],[78.37571,17.32125],[78.37566,17.32161],[78.37561,17.32196],[78.37558,17.32215],[78.37555,17.32231]]}},{"type":"Feature","properties":{"name":"Outer Ring Road","highway":"motorway","policy":""},"geometry":{"type":"LineString","coordinates":[[78.35349,17.40459],[78.35313,17.40291],[78.35284,17.40151]]}},{"type":"Feature","properties":{"name":"Outer Ring Road","highway":"motorway","policy":""},"geometry":{"type":"LineString","coordinates":[[78.35269,17.40153],[78.35289,17.40258],[78.35331,17.40465]]}},{"type":"Feature","properties":{"name":"Outer Ring Road","highway":"motorway","policy":""},"geometry":{"type":"LineString","coordinates":[[78.35415,17.40756],[78.35413,17.40747],[78.35411,17.40737]]}},{"type":"Feature","properties":{"name":"Outer Ring Road","highway":"motorway","policy":""},"geometry":{"type":"LineString","coordinates":[[78.39442,17.20386],[78.3947,17.20383],[78.39498,17.2038],[78.39526,17.20378],[78.3954,17.20377]]}},{"type":"Feature","properties":{"name":"Outer Ring Road","highway":"motorway","policy":""},"geometry":{"type":"LineString","coordinates":[[78.40371,17.20339],[78.4063,17.20328],[78.40688,17.20326],[78.40744,17.20325],[78.40858,17.20324]]}},{"type":"Feature","properties":{"name":"Outer Ring Road","highway":"motorway","policy":""},"geometry":{"type":"LineString","coordinates":[[78.35331,17.40465],[78.3535,17.40563]]}},{"type":"Feature","properties":{"name":"Outer Ring Road","highway":"motorway","policy":""},"geometry":{"type":"LineString","coordinates":[[78.40858,17.20305],[78.40744,17.20306],[78.40687,17.20307],[78.4063,17.20309],[78.4039,17.2032]]}},{"type":"Feature","properties":{"name":"Outer Ring Road","highway":"motorway","policy":""},"geometry":{"type":"LineString","coordinates":[[78.25979,17.43887],[78.26231,17.43344],[78.26242,17.43319],[78.26253,17.43293],[78.26264,17.43268],[78.26275,17.43242],[78.26286,17.43217],[78.26296,17.43191],[78.26305,17.43165],[78.26315,17.4314],[78.26445,17.42777]]}},{"type":"Feature","properties":{"name":"Outer Ring Road","highway":"motorway","policy":""},"geometry":{"type":"LineString","coordinates":[[78.26427,17.42771],[78.26297,17.43133],[78.26287,17.43159],[78.26278,17.43185],[78.26267,17.4321],[78.26257,17.43236],[78.26247,17.43261],[78.26236,17.43286],[78.26224,17.43312],[78.26213,17.43337],[78.25962,17.43877]]}},{"type":"Feature","properties":{"name":"Outer Ring Road","highway":"motorway","policy":""},"geometry":{"type":"LineString","coordinates":[[78.23459,17.52828],[78.23453,17.52858],[78.23449,17.52885],[78.23445,17.52913],[78.23442,17.52941],[78.2344,17.52968],[78.23438,17.52996],[78.23437,17.53023],[78.23437,17.5305],[78.23436,17.53078],[78.23437,17.53105],[78.23438,17.53132],[78.2344,17.53158],[78.23442,17.53186],[78.23445,17.53213],[78.23449,17.5324],[78.23453,17.53268],[78.23457,17.53295],[78.23459,17.533]]}},{"type":"Feature","properties":{"name":"Outer Ring Road","highway":"motorway","policy":""},"geometry":{"type":"LineString","coordinates":[[78.46592,17.20425],[78.46789,17.20431],[78.46846,17.20431],[78.46902,17.2043],[78.46959,17.20427],[78.47016,17.20424],[78.47072,17.20419]]}},{"type":"Feature","properties":{"name":"Outer Ring Road","highway":"motorway","policy":""},"geometry":{"type":"LineString","coordinates":[[78.4707,17.20401],[78.47014,17.20405],[78.46958,17.20409],[78.46902,17.20411],[78.46846,17.20412],[78.4679,17.20412],[78.46593,17.20407]]}},{"type":"Feature","properties":{"name":"Outer Ring Road","highway":"motorway","policy":""},"geometry":{"type":"LineString","coordinates":[[78.2358,17.53609],[78.23564,17.53575],[78.23554,17.53551],[78.23543,17.53525],[78.23533,17.535],[78.23524,17.53474],[78.23516,17.53449],[78.23508,17.53423],[78.23501,17.53398],[78.23494,17.53372],[78.23487,17.53345],[78.23481,17.53318],[78.23476,17.53291],[78.23472,17.53265],[78.23468,17.53238],[78.23464,17.53211],[78.23461,17.53184],[78.23459,17.53157]]}},{"type":"Feature","properties":{"name":"Outer Ring Road","highway":"motorway","policy":""},"geometry":{"type":"LineString","coordinates":[[78.65798,17.31707],[78.65788,17.31663]]}},{"type":"Feature","properties":{"name":"Outer Ring Road","highway":"motorway","policy":""},"geometry":{"type":"LineString","coordinates":[[78.34693,17.39893],[78.34757,17.3986]]}},{"type":"Feature","properties":{"name":"Outer Ring Road","highway":"motorway","policy":""},"geometry":{"type":"LineString","coordinates":[[78.32976,17.40734],[78.32955,17.40744]]}},{"type":"Feature","properties":{"name":"Outer Ring Road","highway":"motorway","policy":""},"geometry":{"type":"LineString","coordinates":[[78.33071,17.40685],[78.3305,17.40696]]}},{"type":"Feature","properties":{"name":"Outer Ring Road","highway":"motorway","policy":""},"geometry":{"type":"LineString","coordinates":[[78.33393,17.40543],[78.33426,17.40527]]}},{"type":"Feature","properties":{"name":"Outer Ring Road","highway":"motorway","policy":""},"geometry":{"type":"LineString","coordinates":[[78.3305,17.40696],[78.32976,17.40734]]}},{"type":"Feature","properties":{"name":"Outer Ring Road","highway":"motorway","policy":""},"geometry":{"type":"LineString","coordinates":[[78.32964,17.40761],[78.32985,17.4075]]}},{"type":"Feature","properties":{"name":"Outer Ring Road","highway":"motorway","policy":""},"geometry":{"type":"LineString","coordinates":[[78.32985,17.4075],[78.33059,17.40712]]}},{"type":"Feature","properties":{"name":"Outer Ring Road","highway":"motorway","policy":""},"geometry":{"type":"LineString","coordinates":[[78.33456,17.4049],[78.33384,17.40527]]}},{"type":"Feature","properties":{"name":"Outer Ring Road","highway":"motorway","policy":""},"geometry":{"type":"LineString","coordinates":[[78.33059,17.40712],[78.3308,17.40702]]}},{"type":"Feature","properties":{"name":"Outer Ring Road","highway":"motorway","policy":""},"geometry":{"type":"LineString","coordinates":[[78.68493,17.39436],[78.68494,17.39418],[78.68496,17.39365],[78.68496,17.3931],[78.68495,17.39256],[78.68493,17.39202],[78.6849,17.39148],[78.68485,17.39093],[78.6848,17.39042],[78.68474,17.38988],[78.68466,17.38935],[78.68457,17.38881],[78.68448,17.38827],[78.68347,17.38256]]}},{"type":"Feature","properties":{"name":"Outer Ring Road","highway":"motorway","policy":""},"geometry":{"type":"LineString","coordinates":[[78.68146,17.37229],[78.6815,17.37252]]}},{"type":"Feature","properties":{"name":"Outer Ring Road","highway":"motorway","policy":""},"geometry":{"type":"LineString","coordinates":[[78.68169,17.37249],[78.68165,17.37226]]}},{"type":"Feature","properties":{"name":"Outer Ring Road","highway":"motorway","policy":""},"geometry":{"type":"LineString","coordinates":[[78.68187,17.3735],[78.68183,17.37328]]}},{"type":"Feature","properties":{"name":"Outer Ring Road","highway":"motorway","policy":""},"geometry":{"type":"LineString","coordinates":[[78.68183,17.37328],[78.68169,17.37249]]}},{"type":"Feature","properties":{"name":"Outer Ring Road","highway":"motorway","policy":""},"geometry":{"type":"LineString","coordinates":[[78.68164,17.37331],[78.68168,17.37353]]}},{"type":"Feature","properties":{"name":"Outer Ring Road","highway":"motorway","policy":""},"geometry":{"type":"LineString","coordinates":[[78.6815,17.37252],[78.68164,17.37331]]}},{"type":"Feature","properties":{"name":"Outer Ring Road","highway":"motorway","policy":""},"geometry":{"type":"LineString","coordinates":[[78.68114,17.3694],[78.68112,17.36933],[78.68107,17.36904],[78.681,17.36876]]}},{"type":"Feature","properties":{"name":"Outer Ring Road","highway":"motorway","policy":""},"geometry":{"type":"LineString","coordinates":[[78.68081,17.3688],[78.68088,17.36908],[78.68094,17.36936],[78.68095,17.36946]]}},{"type":"Feature","properties":{"name":"NH44","highway":"trunk","policy":""},"geometry":{"type":"LineString","coordinates":[[78.41748,17.29377],[78.41749,17.29387],[78.41755,17.29428],[78.4176,17.29459],[78.41771,17.295],[78.41804,17.29602],[78.41814,17.29633],[78.41857,17.29764],[78.41864,17.29791]]}},{"type":"Feature","properties":{"name":"NH44","highway":"trunk","policy":""},"geometry":{"type":"LineString","coordinates":[[78.37045,17.24493],[78.37075,17.24513]]}},{"type":"Feature","properties":{"name":"NH44","highway":"trunk","policy":""},"geometry":{"type":"LineString","coordinates":[[78.41885,17.29806],[78.41861,17.2973],[78.41843,17.29678],[78.41839,17.29667],[78.41834,17.29651],[78.41826,17.29629],[78.41816,17.29599],[78.41783,17.29499],[78.41773,17.29456],[78.41768,17.29426],[78.41763,17.29383],[78.41761,17.29375]]}},{"type":"Feature","properties":{"name":"NH44","highway":"trunk","policy":""},"geometry":{"type":"LineString","coordinates":[[78.38794,17.26202],[78.38845,17.26261],[78.38873,17.26287],[78.3888,17.26292],[78.3898,17.26371],[78.39013,17.26396],[78.39039,17.26416],[78.39127,17.26483],[78.39136,17.26489],[78.39145,17.26495],[78.39168,17.26514],[78.39184,17.26526],[78.39261,17.26583],[78.39306,17.26619]]}},{"type":"Feature","properties":{"name":"NH44","highway":"trunk","policy":""},"geometry":{"type":"LineString","coordinates":[[78.39313,17.2661],[78.39269,17.26574],[78.39266,17.26572],[78.39231,17.26546],[78.39219,17.26537],[78.39151,17.26486],[78.39148,17.26483],[78.39135,17.26473],[78.39021,17.26384],[78.38939,17.26322],[78.38891,17.26282],[78.38883,17.26276],[78.38857,17.26255],[78.38812,17.26206],[78.388,17.26192]]}},{"type":"Feature","properties":{"name":"NH44","highway":"trunk","policy":""},"geometry":{"type":"LineString","coordinates":[[78.40109,17.2746],[78.40103,17.27455],[78.40037,17.27402],[78.39871,17.27268],[78.3981,17.27221],[78.39764,17.27178],[78.3973,17.2713],[78.39613,17.26928],[78.39567,17.26846],[78.39516,17.26789],[78.39502,17.26773],[78.39481,17.2675],[78.3946,17.26729],[78.3944,17.26712],[78.39402,17.26683]]}},{"type":"Feature","properties":{"name":"NH44","highway":"trunk","policy":""},"geometry":{"type":"LineString","coordinates":[[78.41761,17.29375],[78.4176,17.29365],[78.41741,17.29197],[78.41729,17.29134],[78.41708,17.29074],[78.41679,17.29016],[78.41627,17.28926],[78.41549,17.28798],[78.41511,17.28741],[78.41477,17.287],[78.41358,17.28582],[78.41315,17.28534],[78.41272,17.28475],[78.41219,17.28393],[78.41133,17.28256],[78.41119,17.28235],[78.41106,17.28215]]}},{"type":"Feature","properties":{"name":"NH44","highway":"trunk","policy":""},"geometry":{"type":"LineString","coordinates":[[78.37615,17.25],[78.37586,17.24976]]}},{"type":"Feature","properties":{"name":"NH44","highway":"trunk","policy":""},"geometry":{"type":"LineString","coordinates":[[78.37581,17.2499],[78.3761,17.25012]]}},{"type":"Feature","properties":{"name":"NH44","highway":"trunk","policy":""},"geometry":{"type":"LineString","coordinates":[[78.41089,17.28213],[78.41095,17.28223],[78.41106,17.2824],[78.41258,17.28479],[78.41306,17.28547],[78.4134,17.28582],[78.41433,17.28673],[78.41488,17.28736],[78.41529,17.28793],[78.41536,17.28804],[78.41614,17.28935],[78.41665,17.29025],[78.41675,17.29045],[78.41695,17.29085],[78.41711,17.29132],[78.41714,17.29141],[78.41725,17.29216],[78.41742,17.29338],[78.41745,17.2936],[78.41747,17.29368],[78.41748,17.29377]]}},{"type":"Feature","properties":{"name":"NH44","highway":"trunk","policy":""},"geometry":{"type":"LineString","coordinates":[[78.39336,17.26645],[78.39342,17.2665],[78.39414,17.26709],[78.39449,17.26737],[78.39475,17.26762],[78.39512,17.26802],[78.39557,17.26864],[78.39621,17.26972],[78.39659,17.27038],[78.39668,17.27054],[78.39678,17.27072],[78.39714,17.27135],[78.39726,17.27153],[78.39729,17.27158],[78.39738,17.27171],[78.39748,17.27185],[78.39793,17.27228],[78.39878,17.27295],[78.40034,17.27417],[78.40095,17.27465],[78.40101,17.27469]]}},{"type":"Feature","properties":{"name":"NH44","highway":"trunk","policy":""},"geometry":{"type":"LineString","coordinates":[[78.37586,17.24976],[78.37507,17.24914],[78.37438,17.24862],[78.37399,17.24832]]}},{"type":"Feature","properties":{"name":"Chandrayangutta Flyover","highway":"trunk","policy":""},"geometry":{"type":"LineString","coordinates":[[78.47435,17.32596],[78.47416,17.32588]]}},{"type":"Feature","properties":{"name":"Chandrayangutta Flyover","highway":"trunk","policy":""},"geometry":{"type":"LineString","coordinates":[[78.47403,17.32591],[78.47432,17.32603]]}},{"type":"Feature","properties":{"name":"MBNR Crossroads","highway":"trunk","policy":""},"geometry":{"type":"LineString","coordinates":[[78.47652,17.32659],[78.47639,17.32666],[78.47625,17.32673]]}},{"type":"Feature","properties":{"name":"MBNR Crossroads","highway":"trunk","policy":""},"geometry":{"type":"LineString","coordinates":[[78.4764,17.32677],[78.47653,17.32671],[78.47664,17.32663]]}},{"type":"Feature","properties":{"name":"NH765","highway":"trunk","policy":""},"geometry":{"type":"LineString","coordinates":[[78.4744,17.3279],[78.47449,17.32783],[78.47459,17.32776],[78.47474,17.32761],[78.4749,17.32748],[78.47514,17.32732],[78.47534,17.32719],[78.47557,17.32708],[78.47585,17.32698],[78.47609,17.32689],[78.47614,17.32688],[78.47616,17.32687],[78.47619,17.32686],[78.47629,17.32682],[78.4764,17.32677]]}},{"type":"Feature","properties":{"name":"NH765","highway":"trunk","policy":""},"geometry":{"type":"LineString","coordinates":[[78.47625,17.32673],[78.47615,17.32677],[78.47605,17.32681],[78.47575,17.32691],[78.4756,17.32697],[78.47543,17.32705],[78.47526,17.32715],[78.47503,17.32729],[78.47482,17.32744],[78.47467,17.32757],[78.47451,17.32772],[78.47444,17.32781],[78.4744,17.3279]]}},{"type":"Feature","properties":{"name":"NH765","highway":"trunk","policy":""},"geometry":{"type":"LineString","coordinates":[[78.47711,17.32598],[78.47669,17.32643],[78.47652,17.32659]]}},{"type":"Feature","properties":{"name":"NH765","highway":"trunk","policy":""},"geometry":{"type":"LineString","coordinates":[[78.47664,17.32663],[78.47672,17.32657],[78.47685,17.32643],[78.4772,17.32604]]}},{"type":"Feature","properties":{"name":"Falaknuma Road","highway":"trunk","policy":""},"geometry":{"type":"LineString","coordinates":[[78.46863,17.34115],[78.46876,17.34168]]}},{"type":"Feature","properties":{"name":"Falaknuma Road","highway":"trunk","policy":""},"geometry":{"type":"LineString","coordinates":[[78.46832,17.33597],[78.4684,17.33574],[78.46847,17.3355],[78.46854,17.33528],[78.46864,17.33504],[78.46883,17.33469],[78.46897,17.33444],[78.46957,17.33357],[78.46967,17.33341],[78.46973,17.33326],[78.46978,17.33307],[78.46981,17.33286],[78.46987,17.33251],[78.46989,17.33233],[78.46992,17.33223],[78.46995,17.33209],[78.46997,17.33202],[78.47004,17.33163],[78.47009,17.33135],[78.47012,17.33108],[78.47019,17.33085],[78.4703,17.33063],[78.47038,17.33049],[78.47045,17.33039],[78.47072,17.33011],[78.47091,17.32995],[78.47108,17.32979]]}},{"type":"Feature","properties":{"name":"Falaknuma Road","highway":"trunk","policy":""},"geometry":{"type":"LineString","coordinates":[[78.4715,17.32953],[78.47108,17.32979]]}},{"type":"Feature","properties":{"name":"Falaknuma Road","highway":"trunk","policy":""},"geometry":{"type":"LineString","coordinates":[[78.47108,17.32979],[78.47101,17.32982],[78.47087,17.32988],[78.47084,17.3299],[78.47063,17.33004],[78.47046,17.33022],[78.47043,17.33027],[78.47031,17.33045],[78.47018,17.33067],[78.4701,17.33085],[78.47003,17.33108],[78.47,17.33132],[78.46996,17.33161],[78.4699,17.33191],[78.46981,17.33232],[78.46965,17.33307],[78.4696,17.3332],[78.46955,17.33329],[78.46945,17.33337],[78.46927,17.33345],[78.46904,17.33351],[78.46891,17.33357],[78.46882,17.33364],[78.46873,17.33378],[78.46865,17.33392],[78.46864,17.33403],[78.46863,17.33423],[78.46862,17.33465],[78.46856,17.33501],[78.46849,17.33525]]}},{"type":"Feature","properties":{"name":"Falaknuma Road","highway":"trunk","policy":""},"geometry":{"type":"LineString","coordinates":[[78.4681,17.33954],[78.46816,17.3397],[78.4682,17.33979],[78.46825,17.33991],[78.4685,17.34045],[78.46854,17.34061],[78.46861,17.3409],[78.46863,17.34115]]}},{"type":"Feature","properties":{"name":"Falaknuma Road","highway":"trunk","policy":""},"geometry":{"type":"LineString","coordinates":[[78.46931,17.34292],[78.46929,17.34287],[78.46925,17.34279],[78.46903,17.34228],[78.46894,17.34206],[78.46888,17.34184],[78.46885,17.34164],[78.46875,17.34116]]}},{"type":"Feature","properties":{"name":"Falaknuma Road","highway":"trunk","policy":""},"geometry":{"type":"LineString","coordinates":[[78.4678,17.33847],[78.46786,17.33866],[78.4681,17.33942]]}},{"type":"Feature","properties":{"name":"Falaknuma Road","highway":"trunk","policy":""},"geometry":{"type":"LineString","coordinates":[[78.46875,17.34116],[78.46872,17.34101],[78.4687,17.34087],[78.46868,17.34078],[78.46867,17.34067],[78.46864,17.34055],[78.46858,17.3404],[78.46831,17.33978],[78.46818,17.33954]]}},{"type":"Feature","properties":{"name":"Falaknuma Road","highway":"trunk","policy":""},"geometry":{"type":"LineString","coordinates":[[78.46876,17.34168],[78.4688,17.34186],[78.46884,17.34201],[78.46888,17.34212],[78.46897,17.34231],[78.46909,17.34262],[78.46918,17.34282],[78.46924,17.34294]]}},{"type":"Feature","properties":{"name":"Srisailam Highway","highway":"trunk","policy":""},"geometry":{"type":"LineString","coordinates":[[78.47554,17.30216],[78.47555,17.30211]]}},{"type":"Feature","properties":{"name":"Srisailam Highway","highway":"trunk","policy":""},"geometry":{"type":"LineString","coordinates":[[78.47597,17.29927],[78.47587,17.29953],[78.47583,17.2997],[78.47579,17.29985],[78.47576,17.30009],[78.47575,17.30019],[78.47572,17.30049],[78.47571,17.30061],[78.4757,17.30073],[78.47568,17.30103],[78.47565,17.30129],[78.47558,17.3016],[78.47547,17.30209]]}},{"type":"Feature","properties":{"name":"Srisailam Highway","highway":"trunk","policy":""},"geometry":{"type":"LineString","coordinates":[[78.47591,17.26444],[78.47591,17.26453],[78.47595,17.26605],[78.47595,17.26615],[78.47595,17.26632],[78.47591,17.26657],[78.47582,17.26685],[78.47572,17.26709],[78.47523,17.26801],[78.47503,17.26842],[78.47489,17.26868],[78.47473,17.26901],[78.47458,17.2694],[78.47446,17.26981],[78.47437,17.27011],[78.47425,17.27049],[78.47421,17.27072],[78.47418,17.27092],[78.47416,17.27111]]}},{"type":"Feature","properties":{"name":"Srisailam Highway","highway":"trunk","policy":""},"geometry":{"type":"LineString","coordinates":[[78.47423,17.27105],[78.47426,17.27088],[78.47429,17.27068],[78.47433,17.27055],[78.47437,17.27043],[78.47447,17.27013],[78.47469,17.26945],[78.47481,17.26906],[78.47504,17.26855],[78.47519,17.26829],[78.47539,17.26791],[78.47583,17.26713],[78.47594,17.26687],[78.47602,17.26657],[78.47606,17.26629],[78.47607,17.26603],[78.47603,17.26452],[78.47602,17.26443]]}},{"type":"Feature","properties":{"name":"Srisailam Highway","highway":"trunk","policy":""},"geometry":{"type":"LineString","coordinates":[[78.47414,17.29372],[78.47428,17.29381],[78.47445,17.2939],[78.47464,17.29396],[78.47538,17.29412],[78.47617,17.29431],[78.47658,17.29445],[78.47682,17.29457],[78.47707,17.29475],[78.4773,17.29494],[78.47753,17.29516],[78.47766,17.29533],[78.47774,17.2955],[78.47776,17.29566],[78.47774,17.29589],[78.47773,17.29592],[78.47773,17.29597],[78.47767,17.29609],[78.47757,17.29626],[78.47734,17.29662],[78.47713,17.29693],[78.47694,17.29723],[78.47685,17.29739],[78.47663,17.29776],[78.47654,17.29793],[78.4765,17.29802],[78.47644,17.29815],[78.47628,17.29854],[78.47597,17.29927]]}},{"type":"Feature","properties":{"name":"Srisailam Highway","highway":"trunk","policy":""},"geometry":{"type":"LineString","coordinates":[[78.47604,17.29929],[78.47609,17.29917],[78.47641,17.29839],[78.4766,17.29794],[78.47664,17.29787],[78.47673,17.29772],[78.47677,17.29765],[78.47701,17.29725],[78.47739,17.29666],[78.47763,17.29628],[78.4777,17.29614],[78.47776,17.29602],[78.47779,17.29593],[78.47782,17.2957],[78.4778,17.29556],[78.4778,17.29555],[78.47776,17.29541],[78.47769,17.29527],[78.47755,17.29509],[78.47736,17.2949],[78.47723,17.29479],[78.47706,17.29465],[78.47686,17.29452],[78.47672,17.29443],[78.47648,17.29433],[78.47608,17.29423],[78.47552,17.2941],[78.47475,17.29393],[78.47453,17.29386],[78.47434,17.29377],[78.47418,17.29367]]}},{"type":"Feature","properties":{"name":"Srisailam Highway","highway":"trunk","policy":""},"geometry":{"type":"LineString","coordinates":[[78.47602,17.26443],[78.476,17.26392],[78.47596,17.26351],[78.47586,17.263],[78.47583,17.26289],[78.47576,17.26268],[78.47564,17.26214],[78.4755,17.2615],[78.4754,17.2611],[78.47531,17.26051],[78.47534,17.26023],[78.4754,17.25999],[78.4755,17.25943],[78.47553,17.25918],[78.47553,17.25869],[78.47549,17.25764],[78.4755,17.25632],[78.4755,17.25545],[78.47549,17.25504],[78.47544,17.2544],[78.47539,17.25375],[78.47538,17.25354],[78.47538,17.25349],[78.47534,17.2528],[78.47528,17.25174],[78.47519,17.25134],[78.47518,17.25127],[78.47495,17.25041],[78.4748,17.24992],[78.47464,17.24947],[78.47463,17.24944],[78.47452,17.24904],[78.47437,17.24857],[78.47432,17.24842]]}},{"type":"Feature","properties":{"name":"Srisailam Highway","highway":"trunk","policy":""},"geometry":{"type":"LineString","coordinates":[[78.47423,17.24865],[78.47437,17.24906],[78.47439,17.24912],[78.47445,17.24932],[78.47464,17.24997],[78.47479,17.25044],[78.47492,17.25086],[78.475,17.25119],[78.47502,17.25131],[78.47504,17.25136],[78.47507,17.2515],[78.47511,17.25168],[78.47513,17.2518],[78.47516,17.25227],[78.47518,17.25264],[78.47524,17.25333],[78.47524,17.25338],[78.47526,17.25379],[78.47531,17.25443],[78.47531,17.25455],[78.47534,17.25496],[78.47535,17.25508],[78.47537,17.2555],[78.47537,17.25637],[78.47535,17.25707],[78.47536,17.25764],[78.47536,17.25768],[78.47535,17.25781],[78.4754,17.25884],[78.47539,17.259],[78.47539,17.25927],[78.47535,17.25956],[78.47528,17.25995],[78.47521,17.2602],[78.47519,17.26056],[78.47523,17.26087],[78.47535,17.26145],[78.47536,17.26153],[78.47553,17.26221],[78.47555,17.26234],[78.47561,17.26259],[78.47566,17.26274],[78.47568,17.26287],[78.47571,17.26298],[78.47583,17.26355],[78.47588,17.2639],[78.47591,17.26444]]}},{"type":"Feature","properties":{"name":"Srisailam Highway","highway":"trunk","policy":""},"geometry":{"type":"LineString","coordinates":[[78.47186,17.28133],[78.47182,17.28147],[78.47179,17.28162],[78.47179,17.28164],[78.47177,17.28211],[78.47174,17.28257],[78.47173,17.28279],[78.47168,17.2832],[78.47168,17.28341],[78.4717,17.28361],[78.47174,17.28385],[78.47181,17.28414],[78.47189,17.28447],[78.47194,17.2848],[78.47198,17.28512],[78.47206,17.28582],[78.47214,17.28621],[78.47224,17.28688],[78.47229,17.28716],[78.47234,17.2874],[78.47247,17.28784],[78.47259,17.28818],[78.47268,17.28841],[78.47285,17.28879],[78.47299,17.28906],[78.47314,17.28932],[78.47323,17.28952],[78.47332,17.28984],[78.47343,17.29025],[78.47344,17.29027],[78.47351,17.29067],[78.47356,17.29098],[78.47362,17.29142],[78.47365,17.29173],[78.47369,17.29202],[78.47372,17.29231],[78.47377,17.29273],[78.47381,17.29306],[78.47386,17.29329],[78.47393,17.29349],[78.47402,17.29362],[78.47414,17.29372]]}},{"type":"Feature","properties":{"name":"Srisailam Highway","highway":"trunk","policy":""},"geometry":{"type":"LineString","coordinates":[[78.47418,17.29367],[78.4741,17.2936],[78.47401,17.29346],[78.47393,17.29327],[78.47387,17.29305],[78.47372,17.29172],[78.47365,17.29122],[78.47359,17.29077],[78.4735,17.29026],[78.47337,17.2898],[78.47332,17.28961],[78.47326,17.28941],[78.47319,17.28927],[78.47304,17.28902],[78.47291,17.28875],[78.47276,17.28842],[78.47274,17.28838],[78.47266,17.28816],[78.47248,17.28769],[78.47237,17.28727],[78.47233,17.28707],[78.4723,17.28687],[78.47224,17.28646],[78.47219,17.2862],[78.47217,17.28602],[78.47214,17.28581],[78.47211,17.28561],[78.47206,17.28521],[78.47201,17.28479],[78.47194,17.28439],[78.47188,17.28413],[78.47184,17.28401],[78.47181,17.28385],[78.47176,17.2836],[78.47175,17.2834],[78.47175,17.28323],[78.47175,17.28315],[78.47175,17.28309],[78.47177,17.28293],[78.4718,17.28257],[78.47183,17.28209],[78.47185,17.28164],[78.47187,17.2815],[78.47192,17.28138]]}},{"type":"Feature","properties":{"name":"High Court Road","highway":"trunk","policy":""},"geometry":{"type":"LineString","coordinates":[[78.45939,17.36592],[78.45956,17.36598],[78.45965,17.36602],[78.45975,17.36607],[78.45988,17.36612],[78.46119,17.36659],[78.46171,17.36681],[78.46194,17.3669],[78.46231,17.36703],[78.46275,17.36719],[78.46316,17.36734],[78.46366,17.36751]]}},{"type":"Feature","properties":{"name":"High Court Road","highway":"trunk","policy":""},"geometry":{"type":"LineString","coordinates":[[78.46825,17.36795],[78.46754,17.36788],[78.46662,17.36783],[78.46619,17.36781],[78.46611,17.3678],[78.46595,17.36779],[78.46575,17.36777],[78.46529,17.36773],[78.46489,17.3677],[78.46446,17.36766],[78.46413,17.3676],[78.464,17.36756]]}},{"type":"Feature","properties":{"name":"NH44","highway":"trunk","policy":""},"geometry":{"type":"LineString","coordinates":[[78.4594,17.36585],[78.45925,17.36587],[78.45915,17.36593],[78.45902,17.366],[78.45891,17.36608],[78.45868,17.36626]]}},{"type":"Feature","properties":{"name":"NH44","highway":"trunk","policy":""},"geometry":{"type":"LineString","coordinates":[[78.45876,17.36629],[78.45885,17.36619],[78.45895,17.36611],[78.45914,17.36598],[78.45922,17.36595],[78.45928,17.36593],[78.45939,17.36592]]}},{"type":"Feature","properties":{"name":"NH44","highway":"trunk","policy":""},"geometry":{"type":"LineString","coordinates":[[78.36225,17.23844],[78.36168,17.23751],[78.36138,17.23706],[78.36092,17.23652],[78.36057,17.2362],[78.3601,17.23588],[78.35865,17.23509],[78.35765,17.23449],[78.35709,17.23419],[78.356,17.23344],[78.35588,17.23336]]}},{"type":"Feature","properties":{"name":"NH44","highway":"trunk","policy":""},"geometry":{"type":"LineString","coordinates":[[78.36201,17.23859],[78.3626,17.2395],[78.36302,17.24],[78.36348,17.24048],[78.3639,17.24085],[78.36416,17.24105],[78.36444,17.24123],[78.36499,17.24151],[78.36578,17.24195],[78.36595,17.24205],[78.36686,17.24256],[78.36767,17.24308]]}},{"type":"Feature","properties":{"name":"NH44","highway":"trunk","policy":""},"geometry":{"type":"LineString","coordinates":[[78.36774,17.24298],[78.36714,17.24257],[78.36671,17.24233],[78.36613,17.24199],[78.3645,17.24114],[78.36421,17.24094],[78.36395,17.24075],[78.36357,17.24039],[78.36308,17.23982],[78.36282,17.23941],[78.36257,17.23896]]}},{"type":"Feature","properties":{"name":"NH44","highway":"trunk","policy":""},"geometry":{"type":"LineString","coordinates":[[78.36257,17.23896],[78.36225,17.23844]]}},{"type":"Feature","properties":{"name":"NH44","highway":"trunk","policy":""},"geometry":{"type":"LineString","coordinates":[[78.36169,17.23806],[78.36201,17.23859]]}},{"type":"Feature","properties":{"name":"AG Office Road","highway":"trunk","policy":""},"geometry":{"type":"LineString","coordinates":[[78.46797,17.40303],[78.46811,17.40265]]}},{"type":"Feature","properties":{"name":"NH44;NH65;NH163","highway":"trunk","policy":""},"geometry":{"type":"LineString","coordinates":[[78.47105,17.39928],[78.47114,17.39915],[78.47115,17.39911],[78.47115,17.39906],[78.47114,17.39901],[78.47107,17.39893],[78.47098,17.3989]]}},{"type":"Feature","properties":{"name":"NH44","highway":"trunk","policy":""},"geometry":{"type":"LineString","coordinates":[[78.47536,17.4086],[78.47533,17.40862],[78.47527,17.40866],[78.47513,17.40881]]}},{"type":"Feature","properties":{"name":"NH44","highway":"trunk","policy":""},"geometry":{"type":"LineString","coordinates":[[78.46772,17.40705],[78.46771,17.40703],[78.46768,17.407]]}},{"type":"Feature","properties":{"name":"NH44","highway":"trunk","policy":""},"geometry":{"type":"LineString","coordinates":[[78.46749,17.40705],[78.46748,17.4071],[78.46749,17.40714],[78.46751,17.40718],[78.46752,17.40719],[78.46754,17.4072]]}},{"type":"Feature","properties":{"name":"Sardar Vallabhai Patel Chowk","highway":"trunk","policy":""},"geometry":{"type":"LineString","coordinates":[[78.47039,17.40093],[78.4704,17.40092],[78.47042,17.4009],[78.47047,17.4008],[78.47048,17.4007],[78.47046,17.40065]]}},{"type":"Feature","properties":{"name":"Outer Ring Road","highway":"motorway","policy":""},"geometry":{"type":"LineString","coordinates":[[78.30902,17.5581],[78.30906,17.55812],[78.30931,17.5582],[78.30956,17.55827],[78.30981,17.55833],[78.31005,17.55838],[78.3103,17.55842],[78.31054,17.55845],[78.31079,17.55848],[78.31104,17.55849],[78.31131,17.5585],[78.31157,17.5585],[78.31185,17.55849],[78.31213,17.55847],[78.3123,17.55845],[78.31248,17.55842]]}},{"type":"Feature","properties":{"name":"Outer Ring Road","highway":"motorway","policy":""},"geometry":{"type":"LineString","coordinates":[[78.29706,17.5524],[78.29695,17.55239]]}},{"type":"Feature","properties":{"name":"Outer Ring Road","highway":"motorway","policy":""},"geometry":{"type":"LineString","coordinates":[[78.32693,17.55946],[78.32704,17.5595]]}},{"type":"Feature","properties":{"name":"Outer Ring Road","highway":"motorway","policy":""},"geometry":{"type":"LineString","coordinates":[[78.35737,17.56197],[78.35748,17.56196]]}},{"type":"Feature","properties":{"name":"Outer Ring Road","highway":"motorway","policy":""},"geometry":{"type":"LineString","coordinates":[[78.2761,17.55],[78.27621,17.55002]]}},{"type":"Feature","properties":{"name":"Outer Ring Road","highway":"motorway","policy":""},"geometry":{"type":"LineString","coordinates":[[78.32711,17.55933],[78.327,17.55929]]}},{"type":"Feature","properties":{"name":"Outer Ring Road","highway":"motorway","policy":""},"geometry":{"type":"LineString","coordinates":[[78.3127,17.55839],[78.31315,17.55832],[78.31359,17.55823]]}},{"type":"Feature","properties":{"name":"Outer Ring Road","highway":"motorway","policy":""},"geometry":{"type":"LineString","coordinates":[[78.31267,17.55821],[78.31245,17.55824]]}},{"type":"Feature","properties":{"name":"Outer Ring Road","highway":"motorway","policy":""},"geometry":{"type":"LineString","coordinates":[[78.31678,17.55743],[78.31627,17.55753]]}},{"type":"Feature","properties":{"name":"Outer Ring Road","highway":"motorway","policy":""},"geometry":{"type":"LineString","coordinates":[[78.35748,17.56178],[78.35736,17.56178]]}},{"type":"Feature","properties":{"name":"Outer Ring Road","highway":"motorway","policy":""},"geometry":{"type":"LineString","coordinates":[[78.29927,17.55283],[78.29899,17.55275],[78.29872,17.55268]]}},{"type":"Feature","properties":{"name":"Outer Ring Road","highway":"motorway","policy":""},"geometry":{"type":"LineString","coordinates":[[78.31359,17.55823],[78.31381,17.55819]]}},{"type":"Feature","properties":{"name":"Outer Ring Road","highway":"motorway","policy":""},"geometry":{"type":"LineString","coordinates":[[78.29693,17.55258],[78.29704,17.55259]]}},{"type":"Feature","properties":{"name":"Outer Ring Road","highway":"motorway","policy":""},"geometry":{"type":"LineString","coordinates":[[78.32937,17.56037],[78.3301,17.56064],[78.33055,17.5608],[78.33102,17.56097],[78.33151,17.56113],[78.33198,17.56127],[78.33246,17.5614],[78.33293,17.56151],[78.33342,17.56161],[78.33392,17.56169],[78.33442,17.56176],[78.33491,17.56181],[78.33541,17.56185],[78.33592,17.56188],[78.33643,17.56188],[78.34512,17.56198]]}},{"type":"Feature","properties":{"name":"Outer Ring Road","highway":"motorway","policy":""},"geometry":{"type":"LineString","coordinates":[[78.31381,17.55819],[78.3163,17.55771]]}},{"type":"Feature","properties":{"name":"Outer Ring Road","highway":"motorway","policy":""},"geometry":{"type":"LineString","coordinates":[[78.31356,17.55805],[78.31311,17.55813],[78.31267,17.55821]]}},{"type":"Feature","properties":{"name":"Outer Ring Road","highway":"motorway","policy":""},"geometry":{"type":"LineString","coordinates":[[78.27625,17.54984],[78.27614,17.54982]]}},{"type":"Feature","properties":{"name":"Outer Ring Road","highway":"motorway","policy":""},"geometry":{"type":"LineString","coordinates":[[78.31248,17.55842],[78.3127,17.55839]]}},{"type":"Feature","properties":{"name":"Outer Ring Road","highway":"motorway","policy":""},"geometry":{"type":"LineString","coordinates":[[78.35043,17.38325],[78.35075,17.38462]]}},{"type":"Feature","properties":{"name":"Outer Ring Road","highway":"motorway","policy":""},"geometry":{"type":"LineString","coordinates":[[78.31378,17.55801],[78.31356,17.55805]]}},{"type":"Feature","properties":{"name":"Outer Ring Road","highway":"motorway","policy":""},"geometry":{"type":"LineString","coordinates":[[78.29883,17.5529],[78.29911,17.55298],[78.29939,17.55305]]}},{"type":"Feature","properties":{"name":"Outer Ring Road","highway":"motorway","policy":""},"geometry":{"type":"LineString","coordinates":[[78.35091,17.38448],[78.35059,17.38312]]}},{"type":"Feature","properties":{"name":"Outer Ring Road","highway":"motorway","policy":""},"geometry":{"type":"LineString","coordinates":[[78.3172,17.55735],[78.31678,17.55743]]}},{"type":"Feature","properties":{"name":"Outer Ring Road","highway":"motorway","policy":""},"geometry":{"type":"LineString","coordinates":[[78.31682,17.55761],[78.31723,17.55753]]}},{"type":"Feature","properties":{"name":"Outer Ring Road","highway":"motorway","policy":""},"geometry":{"type":"LineString","coordinates":[[78.35748,17.56196],[78.35862,17.56193],[78.35975,17.56189],[78.36087,17.56184],[78.36199,17.56179],[78.36239,17.56177],[78.36312,17.56173],[78.36424,17.56167],[78.36536,17.5616],[78.36649,17.56152],[78.36749,17.56145]]}},{"type":"Feature","properties":{"name":"Outer Ring Road","highway":"motorway","policy":""},"geometry":{"type":"LineString","coordinates":[[78.36747,17.56126],[78.36647,17.56134],[78.36535,17.56142],[78.36423,17.56149],[78.36311,17.56155],[78.36198,17.5616],[78.36086,17.56166],[78.35974,17.5617],[78.35861,17.56175],[78.35748,17.56178]]}},{"type":"Feature","properties":{"name":"Outer Ring Road","highway":"motorway","policy":""},"geometry":{"type":"LineString","coordinates":[[78.29872,17.55268],[78.29851,17.55263],[78.29825,17.55258],[78.29798,17.55253],[78.29771,17.55249],[78.29744,17.55245],[78.29706,17.5524]]}},{"type":"Feature","properties":{"name":"Outer Ring Road","highway":"motorway","policy":""},"geometry":{"type":"LineString","coordinates":[[78.29704,17.55259],[78.29741,17.55263],[78.29768,17.55267],[78.29794,17.55271],[78.29821,17.55276],[78.29847,17.55281],[78.29883,17.5529]]}},{"type":"Feature","properties":{"name":"Outer Ring Road","highway":"motorway","policy":""},"geometry":{"type":"LineString","coordinates":[[78.28022,17.55077],[78.28073,17.55084],[78.2813,17.55091],[78.28187,17.55098],[78.28872,17.55171]]}},{"type":"Feature","properties":{"name":"Outer Ring Road","highway":"motorway","policy":""},"geometry":{"type":"LineString","coordinates":[[78.28876,17.55152],[78.2819,17.5508],[78.28133,17.55073],[78.28075,17.55066],[78.28025,17.55059]]}},{"type":"Feature","properties":{"name":"Outer Ring Road","highway":"motorway","policy":""},"geometry":{"type":"LineString","coordinates":[[78.35184,17.38945],[78.3518,17.38902],[78.35175,17.38857],[78.35169,17.38813],[78.35162,17.38769],[78.35155,17.38725],[78.35146,17.38682],[78.35137,17.38638],[78.35126,17.38591],[78.35111,17.38528]]}},{"type":"Feature","properties":{"name":"Outer Ring Road","highway":"motorway","policy":""},"geometry":{"type":"LineString","coordinates":[[78.31965,17.55722],[78.31992,17.55723],[78.32017,17.55725],[78.32043,17.55727],[78.32068,17.55731],[78.32093,17.55735],[78.32119,17.55741],[78.32144,17.55747],[78.3217,17.55755],[78.32197,17.55763],[78.32221,17.55772],[78.32245,17.5578],[78.32291,17.55797]]}},{"type":"Feature","properties":{"name":"Outer Ring Road","highway":"motorway","policy":""},"geometry":{"type":"LineString","coordinates":[[78.32322,17.55789],[78.32302,17.55781],[78.32252,17.55763],[78.32227,17.55754],[78.32202,17.55746],[78.32176,17.55737],[78.32149,17.5573],[78.32123,17.55723],[78.32097,17.55717],[78.32071,17.55713],[78.32045,17.55709],[78.32019,17.55706],[78.31993,17.55704],[78.31965,17.55704]]}},{"type":"Feature","properties":{"name":"Outer Ring Road","highway":"motorway","policy":""},"geometry":{"type":"LineString","coordinates":[[78.3512,17.38649],[78.35127,17.38685],[78.35136,17.38728],[78.35143,17.38772],[78.3515,17.38815],[78.35155,17.38859],[78.3516,17.38904],[78.35164,17.38949],[78.35167,17.3899],[78.35169,17.3902]]}},{"type":"Feature","properties":{"name":"NH44","highway":"trunk","policy":""},"geometry":{"type":"LineString","coordinates":[[78.49334,17.5639],[78.49339,17.56419],[78.49346,17.56445],[78.49356,17.56492],[78.49358,17.565],[78.49372,17.56577],[78.49385,17.56646],[78.49391,17.56703],[78.49387,17.56752],[78.4937,17.56891],[78.49358,17.5696],[78.4934,17.5698],[78.49333,17.57047],[78.49327,17.57106],[78.49325,17.57121],[78.49319,17.57153],[78.49318,17.57166],[78.49308,17.57237],[78.49277,17.57329],[78.49251,17.57384],[78.49198,17.57509],[78.49189,17.57557],[78.49175,17.57599],[78.49171,17.57614],[78.49168,17.5764],[78.49168,17.57655],[78.49156,17.5769],[78.49124,17.57792],[78.49117,17.57813],[78.49112,17.57831],[78.49093,17.57895],[78.49088,17.57926],[78.49083,17.57954],[78.49079,17.58009],[78.4908,17.58068],[78.49083,17.58108],[78.49091,17.58177],[78.49101,17.58225],[78.49102,17.58234],[78.49135,17.58377],[78.49145,17.58418],[78.49152,17.58449],[78.49161,17.58507],[78.49153,17.5854],[78.49168,17.5862],[78.49186,17.58713],[78.49204,17.58804],[78.49218,17.58868],[78.49224,17.58909],[78.49237,17.58975],[78.49251,17.59016],[78.49262,17.59072],[78.49268,17.59124],[78.49271,17.59157]]}},{"type":"Feature","properties":{"name":"NH44","highway":"trunk","policy":""},"geometry":{"type":"LineString","coordinates":[[78.49283,17.5965],[78.4928,17.5959],[78.4928,17.5957],[78.49279,17.59476],[78.49287,17.59411]]}},{"type":"Feature","properties":{"name":"NH44","highway":"trunk","policy":""},"geometry":{"type":"LineString","coordinates":[[78.49257,17.59862],[78.49255,17.59876],[78.49254,17.5989],[78.49244,17.59946],[78.49229,17.60009],[78.49221,17.60045],[78.49211,17.60079],[78.49205,17.60098],[78.49198,17.60117]]}},{"type":"Feature","properties":{"name":"Golnaka Road","highway":"trunk","policy":""},"geometry":{"type":"LineString","coordinates":[[78.50763,17.39077],[78.50781,17.3908],[78.50837,17.39089],[78.50901,17.39099],[78.50941,17.39104],[78.50964,17.39108]]}},{"type":"Feature","properties":{"name":"Golnaka Road","highway":"trunk","policy":""},"geometry":{"type":"LineString","coordinates":[[78.50611,17.39047],[78.50618,17.39049],[78.50631,17.39054]]}},{"type":"Feature","properties":{"name":"Golnaka Road","highway":"trunk","policy":""},"geometry":{"type":"LineString","coordinates":[[78.50633,17.39047],[78.5062,17.39043],[78.50613,17.39041]]}},{"type":"Feature","properties":{"name":"Golnaka Road","highway":"trunk","policy":""},"geometry":{"type":"LineString","coordinates":[[78.50613,17.39041],[78.5061,17.3904],[78.50598,17.39034],[78.50565,17.39014],[78.5054,17.38997],[78.50539,17.38993],[78.50534,17.38987],[78.5053,17.38982],[78.50524,17.38979],[78.50517,17.38977]]}},{"type":"Feature","properties":{"name":"Golnaka Road","highway":"trunk","policy":""},"geometry":{"type":"LineString","coordinates":[[78.50513,17.38991],[78.50535,17.39003],[78.50563,17.39018],[78.50596,17.39039],[78.50607,17.39045],[78.50611,17.39047]]}},{"type":"Feature","properties":{"name":"Mumbai Highway","highway":"trunk","policy":""},"geometry":{"type":"LineString","coordinates":[[78.48061,17.37554],[78.48049,17.37534],[78.48045,17.37527]]}},{"type":"Feature","properties":{"name":"NH163;NH65","highway":"trunk","policy":""},"geometry":{"type":"LineString","coordinates":[[78.49173,17.38086],[78.49163,17.38084]]}},{"type":"Feature","properties":{"name":"Hyderabad Janagam Highway","highway":"trunk","policy":""},"geometry":{"type":"LineString","coordinates":[[78.4929,17.38157],[78.49306,17.38177],[78.49308,17.38179],[78.49319,17.38196],[78.4932,17.38198],[78.49325,17.38213],[78.49327,17.3822]]}},{"type":"Feature","properties":{"name":"Mumbai Highway","highway":"trunk","policy":""},"geometry":{"type":"LineString","coordinates":[[78.49163,17.38084],[78.49144,17.3808],[78.49126,17.38076]]}},{"type":"Feature","properties":{"name":"Hyderabad Janagam Highway","highway":"trunk","policy":""},"geometry":{"type":"LineString","coordinates":[[78.49338,17.3822],[78.49336,17.38214],[78.49329,17.38196],[78.49316,17.38173],[78.49296,17.38151]]}},{"type":"Feature","properties":{"name":"Hyderabad Janagam Highway","highway":"trunk","policy":""},"geometry":{"type":"LineString","coordinates":[[78.49236,17.38109],[78.49214,17.381],[78.49194,17.38093],[78.49173,17.38086]]}},{"type":"Feature","properties":{"name":"Hyderabad Janagam Highway","highway":"trunk","policy":""},"geometry":{"type":"LineString","coordinates":[[78.49296,17.38151],[78.49281,17.38139],[78.49266,17.38128],[78.4925,17.38117],[78.49236,17.38109]]}},{"type":"Feature","properties":{"name":"Hyderabad Janagam Highway","highway":"trunk","policy":""},"geometry":{"type":"LineString","coordinates":[[78.49233,17.38118],[78.4925,17.38127],[78.49264,17.38136],[78.4927,17.38141],[78.49277,17.38146],[78.4929,17.38157]]}},{"type":"Feature","properties":{"name":"NH65;NH163","highway":"trunk","policy":""},"geometry":{"type":"LineString","coordinates":[[78.49161,17.38095],[78.4917,17.38098]]}},{"type":"Feature","properties":{"name":"Hyderabad Janagam Highway","highway":"trunk","policy":""},"geometry":{"type":"LineString","coordinates":[[78.4917,17.38098],[78.49191,17.38104]]}},{"type":"Feature","properties":{"name":"Mumbai Highway","highway":"trunk","policy":""},"geometry":{"type":"LineString","coordinates":[[78.49126,17.38076],[78.49105,17.38074],[78.49053,17.38067],[78.48992,17.38067],[78.48984,17.38067],[78.48896,17.38058],[78.48891,17.38058],[78.48832,17.38057],[78.48806,17.38057],[78.48731,17.38057],[78.48606,17.38061],[78.48551,17.38065],[78.48527,17.38066],[78.48515,17.38066],[78.48508,17.38066],[78.48502,17.38066],[78.48478,17.3806]]}},{"type":"Feature","properties":{"name":"Mumbai Highway","highway":"trunk","policy":""},"geometry":{"type":"LineString","coordinates":[[78.49044,17.38075],[78.49075,17.38078],[78.49104,17.38081],[78.49133,17.38088],[78.49161,17.38095]]}},{"type":"Feature","properties":{"name":"NH65","highway":"trunk","policy":""},"geometry":{"type":"LineString","coordinates":[[78.49163,17.38084],[78.49161,17.38095]]}},{"type":"Feature","properties":{"name":"NH65","highway":"trunk","policy":""},"geometry":{"type":"LineString","coordinates":[[78.4917,17.37771],[78.49176,17.37777],[78.49183,17.37781]]}},{"type":"Feature","properties":{"name":"NH65","highway":"trunk","policy":""},"geometry":{"type":"LineString","coordinates":[[78.49173,17.38086],[78.49176,17.38067],[78.49178,17.38047]]}},{"type":"Feature","properties":{"name":"NH65","highway":"trunk","policy":""},"geometry":{"type":"LineString","coordinates":[[78.49236,17.38109],[78.4924,17.38097],[78.49245,17.38085]]}},{"type":"Feature","properties":{"name":"NH65","highway":"trunk","policy":""},"geometry":{"type":"LineString","coordinates":[[78.49233,17.38118],[78.49236,17.38109]]}},{"type":"Feature","properties":{"name":"Womens College to Esamia Bazar Road","highway":"trunk","policy":""},"geometry":{"type":"LineString","coordinates":[[78.4917,17.38098],[78.49173,17.38086]]}},{"type":"Feature","properties":{"name":"Lakdikapul Road","highway":"trunk","policy":""},"geometry":{"type":"LineString","coordinates":[[78.46383,17.4036],[78.46352,17.40336]]}},{"type":"Feature","properties":{"name":"Lakdikapul Road","highway":"trunk","policy":""},"geometry":{"type":"LineString","coordinates":[[78.46373,17.40371],[78.46343,17.40349]]}},{"type":"Feature","properties":{"name":"Lakdikapul Road","highway":"trunk","policy":""},"geometry":{"type":"LineString","coordinates":[[78.46238,17.40281],[78.46211,17.40273]]}},{"type":"Feature","properties":{"name":"Lakdikapul Road","highway":"trunk","policy":""},"geometry":{"type":"LineString","coordinates":[[78.46109,17.40698],[78.46172,17.4068],[78.46183,17.40677]]}},{"type":"Feature","properties":{"name":"Lakdikapul Road","highway":"trunk","policy":""},"geometry":{"type":"LineString","coordinates":[[78.46305,17.40307],[78.46289,17.403],[78.46283,17.40297],[78.46261,17.40289],[78.46238,17.40281]]}},{"type":"Feature","properties":{"name":"Lakdikapul Road","highway":"trunk","policy":""},"geometry":{"type":"LineString","coordinates":[[78.46476,17.40396],[78.46455,17.40407],[78.46445,17.40408],[78.46436,17.40407],[78.46407,17.40393]]}},{"type":"Feature","properties":{"name":"Lakdikapul Road","highway":"trunk","policy":""},"geometry":{"type":"LineString","coordinates":[[78.46074,17.40718],[78.46081,17.40711],[78.4609,17.40705],[78.46099,17.40701],[78.46109,17.40698]]}},{"type":"Feature","properties":{"name":"Mahavir Marg","highway":"trunk","policy":""},"geometry":{"type":"LineString","coordinates":[[78.46211,17.40273],[78.46198,17.40271],[78.46185,17.40269],[78.46172,17.40269]]}},{"type":"Feature","properties":{"name":"NH65","highway":"trunk","policy":""},"geometry":{"type":"LineString","coordinates":[[78.66078,17.31739],[78.66107,17.31742],[78.66128,17.31744],[78.66164,17.31748],[78.66191,17.31752],[78.66205,17.31752],[78.66256,17.31754],[78.6632,17.31756],[78.66396,17.31754],[78.66408,17.31752],[78.6643,17.31751],[78.66442,17.31749],[78.66468,17.31746],[78.66477,17.31745],[78.66598,17.31732],[78.66655,17.31716],[78.66772,17.31685],[78.66876,17.31652],[78.67014,17.31615],[78.67058,17.31604],[78.67142,17.31583],[78.67197,17.31568],[78.67305,17.31539],[78.67385,17.31513],[78.67442,17.3149],[78.6746,17.31483],[78.6751,17.31462],[78.67663,17.31406],[78.67706,17.31389],[78.67752,17.31371],[78.6776,17.31368],[78.67797,17.31355],[78.67889,17.31321],[78.6797,17.31291],[78.6801,17.31276],[78.68022,17.31271],[78.68154,17.31221],[78.68249,17.31178],[78.68252,17.31176],[78.68257,17.31174],[78.68272,17.31168],[78.68293,17.3116],[78.68315,17.31151],[78.68342,17.3114],[78.68386,17.31121],[78.68447,17.31095],[78.68519,17.31064],[78.6862,17.31016],[78.68626,17.31013],[78.68659,17.31001],[78.68668,17.30997],[78.68685,17.30991]]}},{"type":"Feature","properties":{"name":"NH65","highway":"trunk","policy":""},"geometry":{"type":"LineString","coordinates":[[78.68683,17.30981],[78.68649,17.30994],[78.68589,17.31021],[78.68565,17.31031],[78.68494,17.31063],[78.68442,17.31086],[78.6833,17.31136],[78.68253,17.31167],[78.68246,17.3117],[78.68174,17.312],[78.68078,17.3124],[78.68068,17.31243],[78.67878,17.31316],[78.67814,17.3134],[78.67741,17.31367],[78.67631,17.31407],[78.67576,17.31428],[78.67534,17.31444],[78.67415,17.3149],[78.67314,17.31527],[78.67181,17.31562],[78.6702,17.316],[78.66952,17.31618],[78.66781,17.31667],[78.66768,17.31671],[78.66735,17.3168],[78.66651,17.31704],[78.66593,17.3172],[78.66541,17.31726],[78.66525,17.31727],[78.66433,17.31737],[78.66336,17.31743],[78.66267,17.31742],[78.66189,17.31736],[78.6611,17.31728]]}},{"type":"Feature","properties":{"name":"RC Puram BHEL - Beeramguda Rd Mumbai Highway","highway":"trunk","policy":""},"geometry":{"type":"LineString","coordinates":[[78.30876,17.50426],[78.30853,17.50438],[78.30823,17.50455],[78.30786,17.50475],[78.30736,17.50502],[78.307,17.50522],[78.30604,17.50577],[78.30589,17.50585],[78.30534,17.50617],[78.30484,17.50645],[78.30446,17.50666],[78.30418,17.50683],[78.30393,17.50697],[78.3026,17.50773],[78.30238,17.50785],[78.3022,17.50796],[78.30205,17.50804],[78.30192,17.50812],[78.30156,17.50831],[78.30133,17.50846],[78.30062,17.50886],[78.30034,17.50902]]}},{"type":"Feature","properties":{"name":"Outer Ring Road","highway":"motorway","policy":""},"geometry":{"type":"LineString","coordinates":[[78.51299,17.20879],[78.51288,17.20877]]}},{"type":"Feature","properties":{"name":"Outer Ring Road","highway":"motorway","policy":""},"geometry":{"type":"LineString","coordinates":[[78.51284,17.20895],[78.51294,17.20897]]}},{"type":"Feature","properties":{"name":"Outer Ring Road","highway":"motorway","policy":""},"geometry":{"type":"LineString","coordinates":[[78.52733,17.21194],[78.52385,17.21118]]}},{"type":"Feature","properties":{"name":"NH65","highway":"trunk","policy":""},"geometry":{"type":"LineString","coordinates":[[78.27341,17.52346],[78.27335,17.52351],[78.27329,17.52356]]}},{"type":"Feature","properties":{"name":"NH65","highway":"trunk","policy":""},"geometry":{"type":"LineString","coordinates":[[78.27329,17.52356],[78.27242,17.52421],[78.27196,17.52457],[78.27093,17.52536],[78.26973,17.5263]]}},{"type":"Feature","properties":{"name":"Outer Ring Road","highway":"motorway","policy":""},"geometry":{"type":"LineString","coordinates":[[78.366,17.33921],[78.36594,17.33931]]}},{"type":"Feature","properties":{"name":"Outer Ring Road","highway":"motorway","policy":""},"geometry":{"type":"LineString","coordinates":[[78.37241,17.32864],[78.37091,17.33111]]}},{"type":"Feature","properties":{"name":"Outer Ring Road","highway":"motorway","policy":""},"geometry":{"type":"LineString","coordinates":[[78.3662,17.33925],[78.36634,17.33902]]}},{"type":"Feature","properties":{"name":"Outer Ring Road","highway":"motorway","policy":""},"geometry":{"type":"LineString","coordinates":[[78.36613,17.33936],[78.3662,17.33925]]}},{"type":"Feature","properties":{"name":"Outer Ring Road","highway":"motorway","policy":""},"geometry":{"type":"LineString","coordinates":[[78.24834,17.47156],[78.2488,17.46864]]}},{"type":"Feature","properties":{"name":"Outer Ring Road","highway":"motorway","policy":""},"geometry":{"type":"LineString","coordinates":[[78.23767,17.51977],[78.23532,17.52578],[78.23521,17.52606],[78.23511,17.52634],[78.23501,17.52662],[78.23492,17.5269],[78.23483,17.5272],[78.23476,17.5275],[78.2347,17.52774],[78.23465,17.52796]]}},{"type":"Feature","properties":{"name":"Outer Ring Road","highway":"motorway","policy":""},"geometry":{"type":"LineString","coordinates":[[78.23483,17.52803],[78.23489,17.52777],[78.23494,17.52754],[78.23502,17.52725],[78.2351,17.52696],[78.23519,17.52668],[78.23529,17.5264],[78.23539,17.52612],[78.2355,17.52585],[78.23785,17.51982]]}},{"type":"Feature","properties":{"name":"Outer Ring Road","highway":"motorway","policy":""},"geometry":{"type":"LineString","coordinates":[[78.23561,17.53614],[78.23572,17.53635]]}},{"type":"Feature","properties":{"name":"Outer Ring Road","highway":"motorway","policy":""},"geometry":{"type":"LineString","coordinates":[[78.23524,17.53528],[78.23525,17.53532],[78.23536,17.53557],[78.23546,17.53581],[78.23561,17.53614]]}},{"type":"Feature","properties":{"name":"Outer Ring Road","highway":"motorway","policy":""},"geometry":{"type":"LineString","coordinates":[[78.23591,17.53631],[78.2358,17.53609]]}},{"type":"Feature","properties":{"name":"Outer Ring Road","highway":"motorway","policy":""},"geometry":{"type":"LineString","coordinates":[[78.65806,17.49923],[78.65642,17.50235],[78.65617,17.50283],[78.65591,17.50331],[78.65563,17.50378],[78.65534,17.50425],[78.65504,17.50472],[78.65473,17.50517],[78.65441,17.50561],[78.65408,17.50605],[78.65374,17.50648],[78.65339,17.50691],[78.65305,17.50733]]}},{"type":"Feature","properties":{"name":"Outer Ring Road","highway":"motorway","policy":""},"geometry":{"type":"LineString","coordinates":[[78.66288,17.49132],[78.66293,17.49122]]}},{"type":"Feature","properties":{"name":"Outer Ring Road","highway":"motorway","policy":""},"geometry":{"type":"LineString","coordinates":[[78.66276,17.49113],[78.66271,17.49124]]}},{"type":"Feature","properties":{"name":"Hyderabad-Janagam Highway","highway":"trunk","policy":""},"geometry":{"type":"LineString","coordinates":[[78.67255,17.44263],[78.67241,17.44261],[78.67236,17.44261],[78.67208,17.44256],[78.67172,17.44247],[78.6712,17.4423],[78.67072,17.44207],[78.67018,17.4417],[78.66928,17.44107],[78.66846,17.44045],[78.66799,17.44005],[78.66741,17.4395],[78.66702,17.43913],[78.66627,17.43852],[78.666,17.43827],[78.66582,17.43812],[78.66576,17.43806],[78.66522,17.43763],[78.66471,17.43723],[78.66428,17.43697],[78.664,17.43683],[78.66364,17.43666],[78.66326,17.4365],[78.66275,17.43628],[78.66249,17.43618],[78.66199,17.43599]]}},{"type":"Feature","properties":{"name":"NH163","highway":"trunk","policy":""},"geometry":{"type":"LineString","coordinates":[[78.67257,17.44277],[78.67266,17.44278],[78.67299,17.4428],[78.67346,17.44279],[78.67379,17.44277],[78.67414,17.44273],[78.67459,17.44268],[78.67534,17.44257],[78.6769,17.44247],[78.67884,17.44239],[78.67896,17.4424],[78.67958,17.44244],[78.68148,17.44258],[78.68246,17.44277],[78.68379,17.44307],[78.68402,17.44315],[78.68574,17.44378]]}},{"type":"Feature","properties":{"name":"Outer Ring Road","highway":"motorway","policy":""},"geometry":{"type":"LineString","coordinates":[[78.3793,17.24812],[78.37919,17.24833]]}},{"type":"Feature","properties":{"name":"Outer Ring Road","highway":"motorway","policy":""},"geometry":{"type":"LineString","coordinates":[[78.37947,17.24821],[78.37965,17.24787]]}},{"type":"Feature","properties":{"name":"Outer Ring Road","highway":"motorway","policy":""},"geometry":{"type":"LineString","coordinates":[[78.37965,17.24787],[78.37998,17.24724],[78.38022,17.24677],[78.38038,17.24645],[78.38052,17.24613],[78.38066,17.24581],[78.38077,17.24553],[78.38088,17.24524],[78.38098,17.24499],[78.38107,17.24473],[78.38115,17.24447],[78.38124,17.24421]]}},{"type":"Feature","properties":{"name":"Outer Ring Road","highway":"motorway","policy":""},"geometry":{"type":"LineString","coordinates":[[78.37885,17.24939],[78.37918,17.24877]]}},{"type":"Feature","properties":{"name":"Outer Ring Road","highway":"motorway","policy":""},"geometry":{"type":"LineString","coordinates":[[78.38124,17.24421],[78.38131,17.24395],[78.38139,17.24369],[78.38146,17.24343],[78.38152,17.24316],[78.38158,17.2429],[78.38164,17.24264],[78.38169,17.24237],[78.38174,17.24211],[78.38178,17.24184],[78.38183,17.24157],[78.38186,17.2413],[78.38189,17.24103],[78.38192,17.24076],[78.38194,17.24049],[78.38196,17.24021],[78.38198,17.23994],[78.38199,17.23969],[78.38199,17.23943]]}},{"type":"Feature","properties":{"name":"Outer Ring Road","highway":"motorway","policy":""},"geometry":{"type":"LineString","coordinates":[[78.38167,17.24127],[78.38163,17.24154],[78.38159,17.24181],[78.38155,17.24208],[78.3815,17.24234],[78.38145,17.2426],[78.38139,17.24286],[78.38133,17.24312],[78.38127,17.24338],[78.3812,17.24364],[78.38113,17.2439],[78.38105,17.24415],[78.38097,17.24441],[78.38088,17.24467],[78.38079,17.24493],[78.3807,17.24518],[78.38059,17.24546],[78.38048,17.24574],[78.38042,17.24587]]}},{"type":"Feature","properties":{"name":"Outer Ring Road","highway":"motorway","policy":""},"geometry":{"type":"LineString","coordinates":[[78.38042,17.24587],[78.38034,17.24606],[78.3802,17.24638],[78.38005,17.24669],[78.37981,17.24716],[78.37975,17.24727]]}},{"type":"Feature","properties":{"name":"Outer Ring Road","highway":"motorway","policy":""},"geometry":{"type":"LineString","coordinates":[[78.38197,17.22386],[78.38197,17.22397]]}},{"type":"Feature","properties":{"name":"Outer Ring Road","highway":"motorway","policy":""},"geometry":{"type":"LineString","coordinates":[[78.38217,17.22397],[78.38217,17.22386]]}},{"type":"Feature","properties":{"name":"Outer Ring Road","highway":"motorway","policy":""},"geometry":{"type":"LineString","coordinates":[[78.38197,17.22397],[78.38187,17.23316]]}},{"type":"Feature","properties":{"name":"Outer Ring Road","highway":"motorway","policy":""},"geometry":{"type":"LineString","coordinates":[[78.38199,17.23928],[78.38217,17.22397]]}},{"type":"Feature","properties":{"name":"Outer Ring Road","highway":"motorway","policy":""},"geometry":{"type":"LineString","coordinates":[[78.45476,17.20395],[78.46592,17.20425]]}},{"type":"Feature","properties":{"name":"Outer Ring Road","highway":"motorway","policy":""},"geometry":{"type":"LineString","coordinates":[[78.38932,17.20637],[78.38951,17.20618],[78.38972,17.20599]]}},{"type":"Feature","properties":{"name":"Outer Ring Road","highway":"motorway","policy":""},"geometry":{"type":"LineString","coordinates":[[78.38959,17.20585],[78.38938,17.20605],[78.38918,17.20624]]}},{"type":"Feature","properties":{"name":"Outer Ring Road","highway":"motorway","policy":""},"geometry":{"type":"LineString","coordinates":[[78.38972,17.20599],[78.3898,17.20592]]}},{"type":"Feature","properties":{"name":"Outer Ring Road","highway":"motorway","policy":""},"geometry":{"type":"LineString","coordinates":[[78.38967,17.20578],[78.38959,17.20585]]}},{"type":"Feature","properties":{"name":"Outer Ring Road","highway":"motorway","policy":""},"geometry":{"type":"LineString","coordinates":[[78.3948,17.20363],[78.39468,17.20365],[78.3944,17.20368],[78.39411,17.20372],[78.39383,17.20377],[78.39363,17.20381]]}},{"type":"Feature","properties":{"name":"Outer Ring Road","highway":"motorway","policy":""},"geometry":{"type":"LineString","coordinates":[[78.39353,17.20402],[78.39359,17.204],[78.39387,17.20395],[78.39414,17.2039],[78.39442,17.20386]]}},{"type":"Feature","properties":{"name":"Outer Ring Road","highway":"motorway","policy":""},"geometry":{"type":"LineString","coordinates":[[78.39539,17.20359],[78.39525,17.2036],[78.39496,17.20362],[78.3948,17.20363]]}},{"type":"Feature","properties":{"name":"Outer Ring Road","highway":"motorway","policy":""},"geometry":{"type":"LineString","coordinates":[[78.3898,17.20592],[78.38992,17.20582],[78.39013,17.20564],[78.39035,17.20548],[78.39058,17.20532],[78.39081,17.20516],[78.39104,17.20502],[78.39128,17.20488],[78.39153,17.20475],[78.39178,17.20463],[78.39203,17.20451],[78.39228,17.20441],[78.39254,17.20431],[78.39281,17.20422],[78.39306,17.20415],[78.39332,17.20407],[78.39353,17.20402]]}},{"type":"Feature","properties":{"name":"Outer Ring Road","highway":"motorway","policy":""},"geometry":{"type":"LineString","coordinates":[[78.39363,17.20381],[78.39354,17.20383],[78.39327,17.2039],[78.393,17.20397],[78.39274,17.20405],[78.39248,17.20414],[78.39221,17.20424],[78.39195,17.20434],[78.39169,17.20446],[78.39144,17.20459],[78.39118,17.20472],[78.39094,17.20486],[78.3907,17.20501],[78.39046,17.20517],[78.39023,17.20533],[78.39001,17.2055],[78.38979,17.20568],[78.38967,17.20578]]}},{"type":"Feature","properties":{"name":"Outer Ring Road","highway":"motorway","policy":""},"geometry":{"type":"LineString","coordinates":[[78.40858,17.20324],[78.40914,17.20323],[78.40971,17.20323],[78.41094,17.20324]]}},{"type":"Feature","properties":{"name":"Outer Ring Road","highway":"motorway","policy":""},"geometry":{"type":"LineString","coordinates":[[78.41094,17.20306],[78.40971,17.20305],[78.40914,17.20305],[78.40858,17.20305]]}},{"type":"Feature","properties":{"name":"Outer Ring Road","highway":"motorway","policy":""},"geometry":{"type":"LineString","coordinates":[[78.4039,17.2032],[78.40266,17.20326]]}},{"type":"Feature","properties":{"name":"Outer Ring Road","highway":"motorway","policy":""},"geometry":{"type":"LineString","coordinates":[[78.4032,17.20342],[78.40371,17.20339]]}},{"type":"Feature","properties":{"name":"Outer Ring Road","highway":"motorway","policy":""},"geometry":{"type":"LineString","coordinates":[[78.68065,17.36818],[78.68068,17.36831],[78.68075,17.36855],[78.68081,17.3688]]}},{"type":"Feature","properties":{"name":"Outer Ring Road","highway":"motorway","policy":""},"geometry":{"type":"LineString","coordinates":[[78.681,17.36876],[78.68094,17.36851],[78.68087,17.36826],[78.68079,17.368],[78.68077,17.36795]]}},{"type":"Feature","properties":{"name":"Outer Ring Road","highway":"motorway","policy":""},"geometry":{"type":"LineString","coordinates":[[78.65834,17.32172],[78.65835,17.32192]]}},{"type":"Feature","properties":{"name":"Outer Ring Road","highway":"motorway","policy":""},"geometry":{"type":"LineString","coordinates":[[78.65835,17.32192],[78.65836,17.32227],[78.65843,17.32701]]}},{"type":"Feature","properties":{"name":"Outer Ring Road","highway":"motorway","policy":""},"geometry":{"type":"LineString","coordinates":[[78.65862,17.32701],[78.65855,17.32227],[78.65854,17.32171],[78.65853,17.32144]]}},{"type":"Feature","properties":{"name":"Outer Ring Road","highway":"motorway","policy":""},"geometry":{"type":"LineString","coordinates":[[78.65865,17.32919],[78.65862,17.32701]]}},{"type":"Feature","properties":{"name":"Outer Ring Road","highway":"motorway","policy":""},"geometry":{"type":"LineString","coordinates":[[78.65846,17.32919],[78.65846,17.3293]]}},{"type":"Feature","properties":{"name":"Outer Ring Road","highway":"motorway","policy":""},"geometry":{"type":"LineString","coordinates":[[78.65865,17.3293],[78.65865,17.32919]]}},{"type":"Feature","properties":{"name":"Outer Ring Road","highway":"motorway","policy":""},"geometry":{"type":"LineString","coordinates":[[78.65853,17.32144],[78.65851,17.32117],[78.65848,17.32063]]}},{"type":"Feature","properties":{"name":"Outer Ring Road","highway":"motorway","policy":""},"geometry":{"type":"LineString","coordinates":[[78.65843,17.32701],[78.65844,17.32769]]}},{"type":"Feature","properties":{"name":"Outer Ring Road","highway":"motorway","policy":""},"geometry":{"type":"LineString","coordinates":[[78.67068,17.35395],[78.67061,17.35386]]}},{"type":"Feature","properties":{"name":"Outer Ring Road","highway":"motorway","policy":""},"geometry":{"type":"LineString","coordinates":[[78.67563,17.3604],[78.67068,17.35395]]}},{"type":"Feature","properties":{"name":"Outer Ring Road","highway":"motorway","policy":""},"geometry":{"type":"LineString","coordinates":[[78.67053,17.35406],[78.67078,17.35439]]}},{"type":"Feature","properties":{"name":"Outer Ring Road","highway":"motorway","policy":""},"geometry":{"type":"LineString","coordinates":[[78.67046,17.35397],[78.67053,17.35406]]}},{"type":"Feature","properties":{"name":"Outer Ring Road","highway":"motorway","policy":""},"geometry":{"type":"LineString","coordinates":[[78.67547,17.36051],[78.67555,17.36061]]}},{"type":"Feature","properties":{"name":"Outer Ring Road","highway":"motorway","policy":""},"geometry":{"type":"LineString","coordinates":[[78.67571,17.3605],[78.67563,17.3604]]}},{"type":"Feature","properties":{"name":"Outer Ring Road","highway":"motorway","policy":""},"geometry":{"type":"LineString","coordinates":[[78.67835,17.36396],[78.67571,17.3605]]}},{"type":"Feature","properties":{"name":"Outer Ring Road","highway":"motorway","policy":""},"geometry":{"type":"LineString","coordinates":[[78.67555,17.36061],[78.67801,17.36383]]}},{"type":"Feature","properties":{"name":"Outer Ring Road","highway":"motorway","policy":""},"geometry":{"type":"LineString","coordinates":[[78.67801,17.36383],[78.6789,17.36499],[78.67906,17.3652],[78.67922,17.36542],[78.67938,17.36564],[78.67953,17.36587],[78.67968,17.3661],[78.67983,17.36633],[78.67996,17.36656],[78.68008,17.3668],[78.6802,17.36704],[78.68032,17.36729],[78.68042,17.36755],[78.68052,17.3678],[78.6806,17.36805],[78.68065,17.36818]]}},{"type":"Feature","properties":{"name":"Outer Ring Road","highway":"motorway","policy":""},"geometry":{"type":"LineString","coordinates":[[78.68077,17.36795],[78.6807,17.36774],[78.6806,17.36748],[78.6805,17.36723],[78.68038,17.36697],[78.68026,17.36672],[78.68013,17.36648],[78.68,17.36624],[78.67985,17.366],[78.6797,17.36577],[78.67955,17.36554],[78.67939,17.36532],[78.67922,17.3651],[78.67906,17.36488],[78.67835,17.36396]]}},{"type":"Feature","properties":{"name":"NH65","highway":"trunk","policy":""},"geometry":{"type":"LineString","coordinates":[[78.6607,17.31739],[78.66073,17.31739]]}},{"type":"Feature","properties":{"name":"NH65","highway":"trunk","policy":""},"geometry":{"type":"LineString","coordinates":[[78.65417,17.31848],[78.65559,17.318],[78.65684,17.31756],[78.65793,17.31739],[78.65887,17.31732],[78.6603,17.31736],[78.66065,17.31738]]}},{"type":"Feature","properties":{"name":"NH65","highway":"trunk","policy":""},"geometry":{"type":"LineString","coordinates":[[78.66071,17.31725],[78.66066,17.31724]]}},{"type":"Feature","properties":{"name":"NH65","highway":"trunk","policy":""},"geometry":{"type":"LineString","coordinates":[[78.66079,17.31725],[78.66074,17.31725]]}},{"type":"Feature","properties":{"name":"Vijaywada Highway","highway":"trunk","policy":""},"geometry":{"type":"LineString","coordinates":[[78.65377,17.31862],[78.65382,17.31861]]}},{"type":"Feature","properties":{"name":"Vijaywada Highway","highway":"trunk","policy":""},"geometry":{"type":"LineString","coordinates":[[78.64922,17.31967],[78.65,17.31972],[78.65038,17.31971],[78.65063,17.31967],[78.65075,17.31965],[78.65104,17.31958],[78.65109,17.31957],[78.65129,17.31949],[78.65178,17.31931],[78.65219,17.31917],[78.65234,17.31912],[78.65301,17.3189],[78.65347,17.31874],[78.65373,17.31864]]}},{"type":"Feature","properties":{"name":"Vijaywada Highway","highway":"trunk","policy":""},"geometry":{"type":"LineString","coordinates":[[78.6538,17.31847],[78.65376,17.31848]]}},{"type":"Feature","properties":{"name":"Vijaywada Highway","highway":"trunk","policy":""},"geometry":{"type":"LineString","coordinates":[[78.65372,17.31849],[78.65369,17.31851]]}},{"type":"Feature","properties":{"name":"Outer Ring Road","highway":"motorway","policy":""},"geometry":{"type":"LineString","coordinates":[[78.34916,17.39745],[78.34893,17.39761],[78.34869,17.39776],[78.34846,17.3979],[78.34822,17.39804],[78.34773,17.3983]]}},{"type":"Feature","properties":{"name":"Outer Ring Road","highway":"motorway","policy":""},"geometry":{"type":"LineString","coordinates":[[78.34311,17.40092],[78.3444,17.40026]]}},{"type":"Feature","properties":{"name":"Outer Ring Road","highway":"motorway","policy":""},"geometry":{"type":"LineString","coordinates":[[78.34773,17.3983],[78.34493,17.39977]]}},{"type":"Feature","properties":{"name":"Outer Ring Road","highway":"motorway","policy":""},"geometry":{"type":"LineString","coordinates":[[78.34,17.40223],[78.33725,17.40356],[78.33673,17.40381],[78.33623,17.40406],[78.33573,17.40431],[78.3356,17.40438]]}},{"type":"Feature","properties":{"name":"Outer Ring Road","highway":"motorway","policy":""},"geometry":{"type":"LineString","coordinates":[[78.33544,17.40467],[78.33582,17.40447],[78.33632,17.40422],[78.33682,17.40398],[78.33733,17.40372],[78.34008,17.40239]]}},{"type":"Feature","properties":{"name":"Outer Ring Road","highway":"motorway","policy":""},"geometry":{"type":"LineString","coordinates":[[78.3356,17.40438],[78.33524,17.40456],[78.33456,17.4049]]}},{"type":"Feature","properties":{"name":"Outer Ring Road","highway":"motorway","policy":""},"geometry":{"type":"LineString","coordinates":[[78.34462,17.40015],[78.34669,17.39906]]}},{"type":"Feature","properties":{"name":"Outer Ring Road","highway":"motorway","policy":""},"geometry":{"type":"LineString","coordinates":[[78.34422,17.40014],[78.34302,17.40075]]}},{"type":"Feature","properties":{"name":"Outer Ring Road","highway":"motorway","policy":""},"geometry":{"type":"LineString","coordinates":[[78.34445,17.40003],[78.34422,17.40014]]}},{"type":"Feature","properties":{"name":"Outer Ring Road","highway":"motorway","policy":""},"geometry":{"type":"LineString","coordinates":[[78.3444,17.40026],[78.34462,17.40015]]}},{"type":"Feature","properties":{"name":"Outer Ring Road","highway":"motorway","policy":""},"geometry":{"type":"LineString","coordinates":[[78.34295,17.401],[78.34311,17.40092]]}},{"type":"Feature","properties":{"name":"Outer Ring Road","highway":"motorway","policy":""},"geometry":{"type":"LineString","coordinates":[[78.34008,17.40239],[78.34295,17.401]]}},{"type":"Feature","properties":{"name":"Outer Ring Road","highway":"motorway","policy":""},"geometry":{"type":"LineString","coordinates":[[78.34286,17.40084],[78.34,17.40223]]}},{"type":"Feature","properties":{"name":"Outer Ring Road","highway":"motorway","policy":""},"geometry":{"type":"LineString","coordinates":[[78.34302,17.40075],[78.34286,17.40084]]}},{"type":"Feature","properties":{"name":"Outer Ring Road","highway":"motorway","policy":""},"geometry":{"type":"LineString","coordinates":[[78.32081,17.41049],[78.32329,17.4099],[78.32384,17.40976],[78.32438,17.40962]]}},{"type":"Feature","properties":{"name":"Outer Ring Road","highway":"motorway","policy":""},"geometry":{"type":"LineString","coordinates":[[78.32643,17.40897],[78.32651,17.40894],[78.32666,17.40889]]}},{"type":"Feature","properties":{"name":"Outer Ring Road","highway":"motorway","policy":""},"geometry":{"type":"LineString","coordinates":[[78.32599,17.40892],[78.32593,17.40894],[78.32541,17.40912],[78.32488,17.40928],[78.32432,17.40944],[78.32379,17.40959],[78.32324,17.40972],[78.32088,17.41028]]}},{"type":"Feature","properties":{"name":"Outer Ring Road","highway":"motorway","policy":""},"geometry":{"type":"LineString","coordinates":[[78.32677,17.40865],[78.32644,17.40877],[78.32599,17.40892]]}},{"type":"Feature","properties":{"name":"Outer Ring Road","highway":"motorway","policy":""},"geometry":{"type":"LineString","coordinates":[[78.32955,17.40744],[78.32934,17.40754],[78.329,17.40771],[78.32852,17.40793],[78.32802,17.40815],[78.32749,17.40837],[78.32727,17.40846]]}},{"type":"Feature","properties":{"name":"Outer Ring Road","highway":"motorway","policy":""},"geometry":{"type":"LineString","coordinates":[[78.3274,17.40861],[78.32757,17.40855],[78.3281,17.40833],[78.3286,17.4081],[78.32908,17.40788],[78.32964,17.40761]]}},{"type":"Feature","properties":{"name":"Outer Ring Road","highway":"motorway","policy":""},"geometry":{"type":"LineString","coordinates":[[78.25109,17.45783],[78.25129,17.45734],[78.25149,17.45685],[78.25171,17.45637],[78.25284,17.45391]]}},{"type":"Feature","properties":{"name":"Outer Ring Road","highway":"motorway","policy":""},"geometry":{"type":"LineString","coordinates":[[78.25266,17.45384],[78.25153,17.4563],[78.25131,17.45678],[78.25111,17.45728],[78.25091,17.45777],[78.25078,17.45811]]}},{"type":"Feature","properties":{"name":"Golkonda Road","highway":"trunk","policy":""},"geometry":{"type":"LineString","coordinates":[[78.42772,17.39615],[78.42778,17.39616],[78.42784,17.39614]]}},{"type":"Feature","properties":{"name":"Nizampet - JNTU Road Mumbai Highway","highway":"trunk","policy":""},"geometry":{"type":"LineString","coordinates":[[78.39889,17.49501],[78.39799,17.49542],[78.39783,17.49549],[78.39722,17.49574],[78.3965,17.4959],[78.3961,17.496],[78.39595,17.49604],[78.39556,17.49614],[78.3954,17.49619],[78.39513,17.49626]]}},{"type":"Feature","properties":{"name":"Nizampet - JNTU Road Mumbai Highway","highway":"trunk","policy":""},"geometry":{"type":"LineString","coordinates":[[78.39731,17.49591],[78.39741,17.49587],[78.39788,17.49567],[78.39811,17.49557],[78.39897,17.49521],[78.39959,17.49493],[78.39973,17.49485],[78.40008,17.49469],[78.40048,17.4945],[78.40119,17.49415]]}},{"type":"Feature","properties":{"name":"Vijayavada Highway Flyover","highway":"trunk","policy":""},"geometry":{"type":"LineString","coordinates":[[78.55439,17.34433],[78.55447,17.34428],[78.55462,17.34418],[78.5548,17.34406]]}},{"type":"Feature","properties":{"name":"Vijaywada Highway","highway":"trunk","policy":""},"geometry":{"type":"LineString","coordinates":[[78.55486,17.344],[78.55493,17.34394],[78.55535,17.34361],[78.55582,17.34326],[78.55596,17.34316],[78.55604,17.3431],[78.55652,17.34278],[78.55709,17.34241]]}},{"type":"Feature","properties":{"name":"Lakdikapul Road","highway":"trunk","policy":""},"geometry":{"type":"LineString","coordinates":[[78.46248,17.4065],[78.46258,17.40644],[78.46267,17.40635],[78.46277,17.40625]]}},{"type":"Feature","properties":{"name":"NH65","highway":"trunk","policy":""},"geometry":{"type":"LineString","coordinates":[[78.26092,17.52983],[78.25873,17.53031],[78.25832,17.53042],[78.25796,17.53054],[78.25756,17.53069],[78.25482,17.53185],[78.25475,17.53189],[78.24903,17.53436],[78.24857,17.53456],[78.24315,17.53691],[78.24294,17.537]]}},{"type":"Feature","properties":{"name":"NH65","highway":"trunk","policy":""},"geometry":{"type":"LineString","coordinates":[[78.24301,17.53707],[78.24318,17.537],[78.24861,17.53464],[78.24906,17.53445],[78.25479,17.53196],[78.25487,17.53193],[78.2576,17.53076],[78.25799,17.53062],[78.25834,17.5305],[78.25875,17.53039],[78.26094,17.52992]]}},{"type":"Feature","properties":{"name":"Outer Ring Road","highway":"motorway","policy":""},"geometry":{"type":"LineString","coordinates":[[78.349,17.3727],[78.3489,17.37301],[78.34881,17.37337],[78.34873,17.37372],[78.34868,17.37409],[78.34865,17.37444],[78.34864,17.37478],[78.34865,17.37513],[78.34869,17.3755],[78.34873,17.37586],[78.34879,17.37621],[78.34886,17.37658]]}},{"type":"Feature","properties":{"name":"Outer Ring Road","highway":"motorway","policy":""},"geometry":{"type":"LineString","coordinates":[[78.34904,17.37257],[78.349,17.3727]]}},{"type":"Feature","properties":{"name":"Outer Ring Road","highway":"motorway","policy":""},"geometry":{"type":"LineString","coordinates":[[78.34922,17.37263],[78.34929,17.37244],[78.34936,17.37225],[78.34942,17.37209],[78.34949,17.37193],[78.34955,17.37177],[78.35042,17.3697]]}},{"type":"Feature","properties":{"name":"Outer Ring Road","highway":"motorway","policy":""},"geometry":{"type":"LineString","coordinates":[[78.34918,17.37275],[78.34922,17.37263]]}},{"type":"Feature","properties":{"name":"Outer Ring Road","highway":"motorway","policy":""},"geometry":{"type":"LineString","coordinates":[[78.24027,17.51294],[78.24013,17.51334]]}},{"type":"Feature","properties":{"name":"Outer Ring Road","highway":"motorway","policy":""},"geometry":{"type":"LineString","coordinates":[[78.24113,17.51099],[78.24119,17.5108],[78.24137,17.51024],[78.24155,17.50967],[78.2419,17.50852],[78.24223,17.50736],[78.24255,17.50622],[78.24271,17.50564],[78.24286,17.50506],[78.24316,17.5039],[78.24343,17.50274],[78.24369,17.50156],[78.24392,17.50051],[78.24404,17.49994]]}},{"type":"Feature","properties":{"name":"Outer Ring Road","highway":"motorway","policy":""},"geometry":{"type":"LineString","coordinates":[[78.27072,17.54847],[78.26913,17.54808],[78.26858,17.54795],[78.26804,17.54782],[78.2675,17.54769],[78.26696,17.54757],[78.26642,17.54744],[78.26587,17.54732],[78.26532,17.5472],[78.26477,17.54708],[78.26424,17.54697],[78.26369,17.54686],[78.26223,17.54657]]}},{"type":"Feature","properties":{"name":"Outer Ring Road","highway":"motorway","policy":""},"geometry":{"type":"LineString","coordinates":[[78.33436,17.56157],[78.33395,17.56151],[78.33345,17.56142],[78.33297,17.56133],[78.33251,17.56122],[78.33203,17.56109],[78.33157,17.56095],[78.33109,17.56079],[78.33061,17.56063],[78.33016,17.56047],[78.32946,17.5602]]}},{"type":"Feature","properties":{"name":"Outer Ring Road","highway":"motorway","policy":""},"geometry":{"type":"LineString","coordinates":[[78.65015,17.51097],[78.65,17.51118],[78.64983,17.5114],[78.64968,17.51162],[78.64946,17.51195]]}},{"type":"Feature","properties":{"name":"Outer Ring Road","highway":"motorway","policy":""},"geometry":{"type":"LineString","coordinates":[[78.65305,17.50733],[78.65133,17.50947],[78.65098,17.5099],[78.65063,17.51035],[78.6503,17.51078],[78.65015,17.51097]]}},{"type":"Feature","properties":{"name":"Outer Ring Road","highway":"motorway","policy":""},"geometry":{"type":"LineString","coordinates":[[78.64914,17.51245],[78.64908,17.51255],[78.6488,17.51302],[78.64852,17.5135],[78.64826,17.51398],[78.64772,17.51497]]}},{"type":"Feature","properties":{"name":"Outer Ring Road","highway":"motorway","policy":""},"geometry":{"type":"LineString","coordinates":[[78.65016,17.51127],[78.65046,17.51088],[78.65079,17.51045],[78.65114,17.51001],[78.65149,17.50958],[78.6532,17.50744]]}},{"type":"Feature","properties":{"name":"Outer Ring Road","highway":"motorway","policy":""},"geometry":{"type":"LineString","coordinates":[[78.64958,17.51211],[78.64984,17.51172],[78.65016,17.51127]]}},{"type":"Feature","properties":{"name":"Outer Ring Road","highway":"motorway","policy":""},"geometry":{"type":"LineString","coordinates":[[78.64789,17.51506],[78.64842,17.51406],[78.64869,17.51358],[78.64896,17.51311],[78.64925,17.51264],[78.64931,17.51254]]}},{"type":"Feature","properties":{"name":"Outer Ring Road","highway":"motorway","policy":""},"geometry":{"type":"LineString","coordinates":[[78.64466,17.5203],[78.64458,17.52042],[78.64426,17.52085],[78.64392,17.5213],[78.64359,17.52172],[78.64286,17.52263]]}},{"type":"Feature","properties":{"name":"Outer Ring Road","highway":"motorway","policy":""},"geometry":{"type":"LineString","coordinates":[[78.64548,17.51905],[78.64519,17.51951],[78.64489,17.51997]]}},{"type":"Feature","properties":{"name":"Outer Ring Road","highway":"motorway","policy":""},"geometry":{"type":"LineString","coordinates":[[78.6471,17.51612],[78.64628,17.51763],[78.64602,17.51811],[78.64579,17.51852]]}},{"type":"Feature","properties":{"name":"Outer Ring Road","highway":"motorway","policy":""},"geometry":{"type":"LineString","coordinates":[[78.64506,17.52007],[78.64536,17.5196],[78.64565,17.51914]]}},{"type":"Feature","properties":{"name":"Outer Ring Road","highway":"motorway","policy":""},"geometry":{"type":"LineString","coordinates":[[78.64565,17.51914],[78.64593,17.51866]]}},{"type":"Feature","properties":{"name":"Outer Ring Road","highway":"motorway","policy":""},"geometry":{"type":"LineString","coordinates":[[78.52302,17.211],[78.5221,17.21079]]}},{"type":"Feature","properties":{"name":"Outer Ring Road","highway":"motorway","policy":""},"geometry":{"type":"LineString","coordinates":[[78.5173,17.20974],[78.51618,17.20949]]}},{"type":"Feature","properties":{"name":"Outer Ring Road","highway":"motorway","policy":""},"geometry":{"type":"LineString","coordinates":[[78.52158,17.21087],[78.52312,17.21121]]}},{"type":"Feature","properties":{"name":"Outer Ring Road","highway":"motorway","policy":""},"geometry":{"type":"LineString","coordinates":[[78.51671,17.2098],[78.52158,17.21087]]}},{"type":"Feature","properties":{"name":"Outer Ring Road","highway":"motorway","policy":""},"geometry":{"type":"LineString","coordinates":[[78.51294,17.20897],[78.51671,17.2098]]}},{"type":"Feature","properties":{"name":"Outer Ring Road","highway":"motorway","policy":""},"geometry":{"type":"LineString","coordinates":[[78.48617,17.20405],[78.48645,17.20406],[78.48685,17.20409]]}},{"type":"Feature","properties":{"name":"Outer Ring Road","highway":"motorway","policy":""},"geometry":{"type":"LineString","coordinates":[[78.48031,17.20391],[78.48085,17.20391]]}},{"type":"Feature","properties":{"name":"Outer Ring Road","highway":"motorway","policy":""},"geometry":{"type":"LineString","coordinates":[[78.48197,17.20391],[78.48254,17.20391],[78.48309,17.20392],[78.48365,17.20393],[78.48422,17.20395],[78.48478,17.20397],[78.48533,17.204],[78.48589,17.20403],[78.48617,17.20405]]}},{"type":"Feature","properties":{"name":"Outer Ring Road","highway":"motorway","policy":""},"geometry":{"type":"LineString","coordinates":[[78.48618,17.20386],[78.4859,17.20385],[78.48535,17.20381],[78.48478,17.20379],[78.48422,17.20377],[78.48366,17.20375],[78.4831,17.20373],[78.48254,17.20372],[78.48197,17.20372],[78.4814,17.20372],[78.48085,17.20372],[78.48031,17.20373]]}},{"type":"Feature","properties":{"name":"Outer Ring Road","highway":"motorway","policy":""},"geometry":{"type":"LineString","coordinates":[[78.46593,17.20407],[78.45477,17.20376]]}},{"type":"Feature","properties":{"name":"Outer Ring Road","highway":"motorway","policy":""},"geometry":{"type":"LineString","coordinates":[[78.47137,17.20395],[78.4707,17.20401]]}},{"type":"Feature","properties":{"name":"Outer Ring Road","highway":"motorway","policy":""},"geometry":{"type":"LineString","coordinates":[[78.47072,17.20419],[78.47138,17.20414]]}},{"type":"Feature","properties":{"name":"Outer Ring Road","highway":"motorway","policy":""},"geometry":{"type":"LineString","coordinates":[[78.63272,17.53802],[78.6329,17.53753],[78.6331,17.53702],[78.6333,17.53653],[78.63352,17.53603],[78.63376,17.53554],[78.634,17.53505],[78.63426,17.53457],[78.63453,17.5341],[78.63481,17.53363],[78.63498,17.53338]]}},{"type":"Feature","properties":{"name":"Outer Ring Road","highway":"motorway","policy":""},"geometry":{"type":"LineString","coordinates":[[78.63265,17.53822],[78.63272,17.53802]]}},{"type":"Feature","properties":{"name":"Outer Ring Road","highway":"motorway","policy":""},"geometry":{"type":"LineString","coordinates":[[78.63252,17.538],[78.63245,17.5382]]}},{"type":"Feature","properties":{"name":"Outer Ring Road","highway":"motorway","policy":""},"geometry":{"type":"LineString","coordinates":[[78.62711,17.55901],[78.62715,17.55889]]}},{"type":"Feature","properties":{"name":"Outer Ring Road","highway":"motorway","policy":""},"geometry":{"type":"LineString","coordinates":[[78.64301,17.52275],[78.64374,17.52183],[78.64408,17.52141],[78.64442,17.52096],[78.64474,17.52052],[78.64506,17.52007]]}},{"type":"Feature","properties":{"name":"NH44","highway":"trunk","policy":""},"geometry":{"type":"LineString","coordinates":[[78.45868,17.36626],[78.45844,17.36638]]}},{"type":"Feature","properties":{"name":"NH765D","highway":"trunk","policy":""},"geometry":{"type":"LineString","coordinates":[[78.40746,17.59271],[78.40656,17.59347],[78.40649,17.59353],[78.40635,17.59364],[78.40453,17.59516],[78.40444,17.59521],[78.40431,17.59523]]}},{"type":"Feature","properties":{"name":"freight corridor","highway":"trunk","policy":""},"geometry":{"type":"LineString","coordinates":[[78.55947,17.40156],[78.55912,17.40203],[78.55893,17.40224],[78.55869,17.40252],[78.55859,17.40268]]}},{"type":"Feature","properties":{"name":"Lakdikapul Road","highway":"trunk","policy":""},"geometry":{"type":"LineString","coordinates":[[78.46071,17.40655],[78.46063,17.40678],[78.46055,17.40715],[78.46045,17.40752]]}},{"type":"Feature","properties":{"name":"NH44","highway":"trunk","policy":""},"geometry":{"type":"LineString","coordinates":[[78.47564,17.40884],[78.47566,17.4088],[78.47567,17.40875],[78.47567,17.4087],[78.47565,17.40865],[78.47561,17.4086],[78.47556,17.40857],[78.47549,17.40856],[78.47543,17.40856],[78.47536,17.4086]]}},{"type":"Feature","properties":{"name":"NH44","highway":"trunk","policy":""},"geometry":{"type":"LineString","coordinates":[[78.45875,17.36652],[78.45871,17.36644],[78.45863,17.36638],[78.45853,17.36636],[78.45844,17.36638],[78.45836,17.36645],[78.45832,17.36653],[78.45832,17.36663]]}},{"type":"Feature","properties":{"name":"Outer Ring Road","highway":"motorway","policy":""},"geometry":{"type":"LineString","coordinates":[[78.67067,17.46749],[78.67068,17.46704],[78.67068,17.46652],[78.67067,17.46595],[78.67065,17.46541],[78.67062,17.46487],[78.67059,17.46433],[78.67055,17.46379],[78.6705,17.46324],[78.67044,17.46269],[78.67042,17.46255]]}},{"type":"Feature","properties":{"name":"Outer Ring Road","highway":"motorway","policy":""},"geometry":{"type":"LineString","coordinates":[[78.67067,17.46762],[78.67067,17.46749]]}},{"type":"Feature","properties":{"name":"Outer Ring Road","highway":"motorway","policy":""},"geometry":{"type":"LineString","coordinates":[[78.67048,17.46749],[78.67048,17.46761]]}},{"type":"Feature","properties":{"name":"Outer Ring Road","highway":"motorway","policy":""},"geometry":{"type":"LineString","coordinates":[[78.67023,17.46256],[78.67025,17.4627],[78.67031,17.46326],[78.67036,17.4638],[78.6704,17.46434],[78.67043,17.46487],[78.67046,17.46542],[78.67048,17.46596],[78.67048,17.46651],[78.67048,17.46704],[78.67048,17.46749]]}},{"type":"Feature","properties":{"name":"Moosapet Road","highway":"trunk","policy":""},"geometry":{"type":"LineString","coordinates":[[78.42762,17.46953],[78.42747,17.46972]]}},{"type":"Feature","properties":{"name":"Nizampet - JNTU Road Mumbai Highway","highway":"trunk","policy":""},"geometry":{"type":"LineString","coordinates":[[78.40234,17.49345],[78.40146,17.49385],[78.40112,17.494]]}},{"type":"Feature","properties":{"name":"Nizampet - JNTU Road Mumbai Highway","highway":"trunk","policy":""},"geometry":{"type":"LineString","coordinates":[[78.40238,17.49342],[78.40234,17.49345]]}},{"type":"Feature","properties":{"name":"Nizampet - JNTU Road Mumbai Highway","highway":"trunk","policy":""},"geometry":{"type":"LineString","coordinates":[[78.40119,17.49415],[78.40241,17.49359]]}},{"type":"Feature","properties":{"name":"Nizampet - JNTU Road Mumbai Highway","highway":"trunk","policy":""},"geometry":{"type":"LineString","coordinates":[[78.40241,17.49359],[78.40276,17.49343],[78.40397,17.49286],[78.40404,17.49282]]}},{"type":"Feature","properties":{"name":"Outer Ring Road","highway":"motorway","policy":""},"geometry":{"type":"LineString","coordinates":[[78.6696,17.44117],[78.66978,17.44087],[78.66992,17.44064],[78.67007,17.44041]]}},{"type":"Feature","properties":{"name":"Allwyn - Gangaram Road Mumbai Highway","highway":"trunk","policy":""},"geometry":{"type":"LineString","coordinates":[[78.34622,17.49472],[78.34608,17.49474],[78.34579,17.49478],[78.34553,17.49483],[78.34518,17.49487],[78.34508,17.49489],[78.34497,17.4949],[78.34465,17.49494],[78.34394,17.495],[78.34338,17.49506],[78.34287,17.4951],[78.34265,17.49513],[78.3424,17.49513],[78.34214,17.49515],[78.34192,17.49515],[78.34175,17.49514],[78.34172,17.49514],[78.34137,17.49513],[78.3413,17.49513],[78.34123,17.49512],[78.34103,17.4951],[78.34085,17.49509],[78.34056,17.49508],[78.34027,17.49507],[78.34013,17.49505],[78.33993,17.49505],[78.33972,17.49506],[78.33954,17.49507],[78.3392,17.49511],[78.33902,17.49514],[78.3389,17.49516],[78.33838,17.49524],[78.33795,17.49531],[78.33793,17.49532],[78.33769,17.49536]]}},{"type":"Feature","properties":{"name":"Allwyn - Gangaram Road Mumbai Highway","highway":"trunk","policy":""},"geometry":{"type":"LineString","coordinates":[[78.34837,17.4943],[78.3487,17.49418],[78.34899,17.49411],[78.34918,17.49406],[78.34935,17.49404],[78.34962,17.494],[78.34985,17.494],[78.35041,17.49406],[78.35083,17.49411],[78.35104,17.49414]]}},{"type":"Feature","properties":{"name":"RC Puram BHEL - Beeramguda Rd Mumbai Highway","highway":"trunk","policy":""},"geometry":{"type":"LineString","coordinates":[[78.31289,17.50042],[78.31301,17.50019],[78.3131,17.50004],[78.31315,17.49996],[78.31316,17.49994],[78.31374,17.49892],[78.31389,17.49866],[78.31393,17.4986],[78.31402,17.4984],[78.31429,17.49785],[78.31452,17.49737],[78.31481,17.4968],[78.31494,17.49658],[78.3151,17.49638],[78.31524,17.49624],[78.31541,17.49609],[78.31556,17.49596],[78.3157,17.49584],[78.31575,17.4958],[78.31589,17.4957],[78.31607,17.49559],[78.31623,17.49551],[78.31643,17.49543],[78.31661,17.49536],[78.31684,17.49529],[78.31701,17.49523]]}},{"type":"Feature","properties":{"name":"Nizampet - Miyapur Road Mumbai Highway","highway":"trunk","policy":""},"geometry":{"type":"LineString","coordinates":[[78.38581,17.49915],[78.38701,17.49899],[78.3879,17.49887],[78.38822,17.49881]]}},{"type":"Feature","properties":{"name":"Medchal Kandlakoya Highway Flyover","highway":"trunk","policy":""},"geometry":{"type":"LineString","coordinates":[[78.49276,17.59842],[78.49283,17.59737],[78.49284,17.59696],[78.49284,17.59675]]}},{"type":"Feature","properties":{"name":"Medchal Kandlakoya Highway Flyover","highway":"trunk","policy":""},"geometry":{"type":"LineString","coordinates":[[78.49266,17.59589],[78.49267,17.59696],[78.49267,17.59726],[78.49263,17.59808]]}},{"type":"Feature","properties":{"name":"NH44","highway":"trunk","policy":""},"geometry":{"type":"LineString","coordinates":[[78.49271,17.59157],[78.49272,17.5917],[78.49274,17.59244],[78.49269,17.5931],[78.49258,17.59436],[78.49256,17.59465],[78.49267,17.59516],[78.49266,17.59539]]}},{"type":"Feature","properties":{"name":"NH44","highway":"trunk","policy":""},"geometry":{"type":"LineString","coordinates":[[78.49184,17.6018],[78.49211,17.60115],[78.49223,17.60084],[78.49225,17.60077],[78.49237,17.60038],[78.49256,17.5997],[78.4926,17.59954]]}},{"type":"Feature","properties":{"name":"Outer Ring Road","highway":"motorway","policy":""},"geometry":{"type":"LineString","coordinates":[[78.48993,17.5999],[78.49022,17.59983]]}},{"type":"Feature","properties":{"name":"Outer Ring Road","highway":"motorway","policy":""},"geometry":{"type":"LineString","coordinates":[[78.49017,17.59965],[78.48989,17.59972]]}},{"type":"Feature","properties":{"name":"Outer Ring Road","highway":"motorway","policy":""},"geometry":{"type":"LineString","coordinates":[[78.49194,17.59923],[78.49124,17.5994],[78.49116,17.59942],[78.49069,17.59953],[78.49017,17.59965]]}},{"type":"Feature","properties":{"name":"Outer Ring Road","highway":"motorway","policy":""},"geometry":{"type":"LineString","coordinates":[[78.4906,17.59974],[78.49074,17.59971],[78.49121,17.5996],[78.49128,17.59958],[78.49193,17.59942]]}},{"type":"Feature","properties":{"name":"Outer Ring Road","highway":"motorway","policy":""},"geometry":{"type":"LineString","coordinates":[[78.37258,17.32873],[78.37312,17.32783],[78.37349,17.32723]]}},{"type":"Feature","properties":{"name":"Outer Ring Road","highway":"motorway","policy":""},"geometry":{"type":"LineString","coordinates":[[78.37332,17.32713],[78.37296,17.32773],[78.37241,17.32864]]}},{"type":"Feature","properties":{"name":"Outer Ring Road","highway":"motorway","policy":""},"geometry":{"type":"LineString","coordinates":[[78.37426,17.32557],[78.37409,17.32585]]}},{"type":"Feature","properties":{"name":"Outer Ring Road","highway":"motorway","policy":""},"geometry":{"type":"LineString","coordinates":[[78.37448,17.32558],[78.37461,17.32534],[78.37483,17.32493],[78.37503,17.32453],[78.37521,17.32412],[78.37536,17.32373],[78.3755,17.32333],[78.37561,17.3229],[78.37574,17.32234]]}},{"type":"Feature","properties":{"name":"Outer Ring Road","highway":"motorway","policy":""},"geometry":{"type":"LineString","coordinates":[[78.49936,17.59686],[78.49925,17.59691]]}},{"type":"Feature","properties":{"name":"Outer Ring Road","highway":"motorway","policy":""},"geometry":{"type":"LineString","coordinates":[[78.50248,17.59551],[78.49936,17.59686]]}},{"type":"Feature","properties":{"name":"Outer Ring Road","highway":"motorway","policy":""},"geometry":{"type":"LineString","coordinates":[[78.49944,17.59703],[78.50256,17.59568]]}},{"type":"Feature","properties":{"name":"Outer Ring Road","highway":"motorway","policy":""},"geometry":{"type":"LineString","coordinates":[[78.49932,17.59708],[78.49944,17.59703]]}},{"type":"Feature","properties":{"name":"Outer Ring Road","highway":"motorway","policy":""},"geometry":{"type":"LineString","coordinates":[[78.49852,17.59743],[78.49932,17.59708]]}},{"type":"Feature","properties":{"name":"Outer Ring Road","highway":"motorway","policy":""},"geometry":{"type":"LineString","coordinates":[[78.23816,17.53948],[78.23802,17.53933]]}},{"type":"Feature","properties":{"name":"Outer Ring Road","highway":"motorway","policy":""},"geometry":{"type":"LineString","coordinates":[[78.23838,17.5397],[78.23816,17.53948]]}},{"type":"Feature","properties":{"name":"Outer Ring Road","highway":"motorway","policy":""},"geometry":{"type":"LineString","coordinates":[[78.23794,17.53952],[78.23812,17.5397],[78.2383,17.53989]]}},{"type":"Feature","properties":{"name":"Outer Ring Road","highway":"motorway","policy":""},"geometry":{"type":"LineString","coordinates":[[78.2363,17.53703],[78.23616,17.53679],[78.23603,17.53655],[78.23591,17.53631]]}},{"type":"Feature","properties":{"name":"Outer Ring Road","highway":"motorway","policy":""},"geometry":{"type":"LineString","coordinates":[[78.29939,17.55305],[78.29961,17.55313],[78.29987,17.55322],[78.30013,17.55332],[78.30039,17.55343],[78.30065,17.55354],[78.30089,17.55366],[78.30114,17.55379],[78.30138,17.55392],[78.30372,17.55525]]}},{"type":"Feature","properties":{"name":"Outer Ring Road","highway":"motorway","policy":""},"geometry":{"type":"LineString","coordinates":[[78.31723,17.55753],[78.31784,17.55742],[78.3181,17.55737]]}},{"type":"Feature","properties":{"name":"Nizampet - Miyapur Road Mumbai Highway","highway":"trunk","policy":""},"geometry":{"type":"LineString","coordinates":[[78.37235,17.49647],[78.37149,17.49648],[78.37026,17.49648],[78.36921,17.49652],[78.36754,17.4965],[78.3674,17.4965],[78.3662,17.49645],[78.36587,17.49644],[78.36557,17.49643],[78.36542,17.49643],[78.36527,17.49644],[78.36371,17.49652],[78.36312,17.49656],[78.36293,17.49657],[78.36263,17.49656]]}},{"type":"Feature","properties":{"name":"NH65","highway":"trunk","policy":""},"geometry":{"type":"LineString","coordinates":[[78.20712,17.55065],[78.2075,17.5505],[78.20772,17.55039],[78.20788,17.55031],[78.20874,17.5497],[78.20898,17.54954],[78.20905,17.54949],[78.20915,17.54942],[78.20943,17.54922],[78.21036,17.54855],[78.21052,17.54844],[78.21154,17.54772]]}},{"type":"Feature","properties":{"name":"NH65","highway":"trunk","policy":""},"geometry":{"type":"LineString","coordinates":[[78.49391,17.37724],[78.49457,17.37719]]}},{"type":"Feature","properties":{"name":"NH65","highway":"trunk","policy":""},"geometry":{"type":"LineString","coordinates":[[78.49376,17.3773],[78.4938,17.37728],[78.49385,17.37725],[78.49391,17.37724]]}},{"type":"Feature","properties":{"name":"NH65","highway":"trunk","policy":""},"geometry":{"type":"LineString","coordinates":[[78.49323,17.37719],[78.4927,17.37724],[78.49216,17.37729],[78.49208,17.37732],[78.49203,17.37731],[78.49199,17.3773]]}},{"type":"Feature","properties":{"name":"NH65","highway":"trunk","policy":""},"geometry":{"type":"LineString","coordinates":[[78.49457,17.37709],[78.49342,17.37717],[78.49323,17.37719]]}},{"type":"Feature","properties":{"name":"Outer Ring Road","highway":"motorway","policy":""},"geometry":{"type":"LineString","coordinates":[[78.35496,17.41186],[78.35472,17.41073],[78.35462,17.41023]]}},{"type":"Feature","properties":{"name":"Outer Ring Road","highway":"motorway","policy":""},"geometry":{"type":"LineString","coordinates":[[78.35513,17.41367],[78.35518,17.41395]]}},{"type":"Feature","properties":{"name":"Outer Ring Road","highway":"motorway","policy":""},"geometry":{"type":"LineString","coordinates":[[78.35502,17.41314],[78.35513,17.41367]]}},{"type":"Feature","properties":{"name":"Outer Ring Road","highway":"motorway","policy":""},"geometry":{"type":"LineString","coordinates":[[78.35514,17.41274],[78.35496,17.41186]]}},{"type":"Feature","properties":{"name":"Outer Ring Road","highway":"motorway","policy":""},"geometry":{"type":"LineString","coordinates":[[78.35537,17.41391],[78.35514,17.41274]]}},{"type":"Feature","properties":{"name":"Outer Ring Road","highway":"motorway","policy":""},"geometry":{"type":"LineString","coordinates":[[78.35554,17.41481],[78.35537,17.41391]]}},{"type":"Feature","properties":{"name":"Outer Ring Road","highway":"motorway","policy":""},"geometry":{"type":"LineString","coordinates":[[78.35518,17.41395],[78.35549,17.4154]]}},{"type":"Feature","properties":{"name":"Outer Ring Road","highway":"motorway","policy":""},"geometry":{"type":"LineString","coordinates":[[78.35443,17.41026],[78.35466,17.41137],[78.35502,17.41314]]}},{"type":"Feature","properties":{"name":"Outer Ring Road","highway":"motorway","policy":""},"geometry":{"type":"LineString","coordinates":[[78.3535,17.40563],[78.35373,17.40691]]}},{"type":"Feature","properties":{"name":"Outer Ring Road","highway":"motorway","policy":""},"geometry":{"type":"LineString","coordinates":[[78.35444,17.40923],[78.35443,17.40917],[78.35424,17.40801]]}},{"type":"Feature","properties":{"name":"Outer Ring Road","highway":"motorway","policy":""},"geometry":{"type":"LineString","coordinates":[[78.35425,17.40934],[78.35443,17.41026]]}},{"type":"Feature","properties":{"name":"Outer Ring Road","highway":"motorway","policy":""},"geometry":{"type":"LineString","coordinates":[[78.35373,17.40691],[78.35384,17.40742]]}},{"type":"Feature","properties":{"name":"Outer Ring Road","highway":"motorway","policy":""},"geometry":{"type":"LineString","coordinates":[[78.35411,17.40737],[78.354,17.40686]]}},{"type":"Feature","properties":{"name":"Outer Ring Road","highway":"motorway","policy":""},"geometry":{"type":"LineString","coordinates":[[78.35397,17.40806],[78.35422,17.40921],[78.35423,17.40926]]}},{"type":"Feature","properties":{"name":"Outer Ring Road","highway":"motorway","policy":""},"geometry":{"type":"LineString","coordinates":[[78.35424,17.40801],[78.35415,17.40756]]}},{"type":"Feature","properties":{"name":"Outer Ring Road","highway":"motorway","policy":""},"geometry":{"type":"LineString","coordinates":[[78.354,17.40686],[78.3537,17.40558],[78.35349,17.40459]]}},{"type":"Feature","properties":{"name":"Outer Ring Road","highway":"motorway","policy":""},"geometry":{"type":"LineString","coordinates":[[78.35462,17.41023],[78.35445,17.4093]]}},{"type":"Feature","properties":{"name":"Outer Ring Road","highway":"motorway","policy":""},"geometry":{"type":"LineString","coordinates":[[78.35388,17.40761],[78.35397,17.40806]]}},{"type":"Feature","properties":{"name":"Outer Ring Road","highway":"motorway","policy":""},"geometry":{"type":"LineString","coordinates":[[78.35384,17.40742],[78.35386,17.40752],[78.35388,17.40761]]}},{"type":"Feature","properties":{"name":"NH163","highway":"trunk","policy":""},"geometry":{"type":"LineString","coordinates":[[78.31178,17.33886],[78.3119,17.3388],[78.312,17.33872],[78.31205,17.33868],[78.31206,17.33867],[78.31268,17.33818],[78.3128,17.33809],[78.31293,17.33801],[78.31304,17.33793],[78.31317,17.33787],[78.31324,17.33783],[78.31331,17.33781],[78.31341,17.33777]]}},{"type":"Feature","properties":{"name":"Outer Ring Road","highway":"motorway","policy":""},"geometry":{"type":"LineString","coordinates":[[78.63612,17.53165],[78.6366,17.53093],[78.6369,17.53048],[78.63722,17.53002],[78.63754,17.52958],[78.63787,17.52915],[78.64253,17.52334]]}},{"type":"Feature","properties":{"name":"Outer Ring Road","highway":"motorway","policy":""},"geometry":{"type":"LineString","coordinates":[[78.63245,17.5382],[78.63235,17.53848],[78.63227,17.53873],[78.6322,17.53897],[78.63211,17.53925],[78.63204,17.53952],[78.63196,17.5398],[78.6297,17.54852]]}},{"type":"Feature","properties":{"name":"Outer Ring Road","highway":"motorway","policy":""},"geometry":{"type":"LineString","coordinates":[[78.67048,17.46761],[78.67047,17.46786],[78.67045,17.4684],[78.67042,17.46896],[78.67038,17.4695],[78.67033,17.47002],[78.67027,17.47056],[78.67021,17.47109],[78.67014,17.47164],[78.67006,17.47217],[78.66997,17.4727],[78.66987,17.47322],[78.66976,17.47377],[78.66965,17.47429],[78.66953,17.47482],[78.6694,17.47534],[78.66926,17.47588],[78.66911,17.4764],[78.66895,17.47693],[78.66879,17.47742],[78.66861,17.47797],[78.66843,17.47847],[78.66825,17.47897],[78.66806,17.47947],[78.66785,17.47999],[78.66666,17.48296],[78.66641,17.48356]]}},{"type":"Feature","properties":{"name":"Outer Ring Road","highway":"motorway","policy":""},"geometry":{"type":"LineString","coordinates":[[78.65829,17.49921],[78.65901,17.49782],[78.65927,17.49734],[78.65954,17.49686],[78.65983,17.49638],[78.66012,17.49591],[78.66113,17.49429],[78.66141,17.49383],[78.6617,17.49335],[78.66199,17.49287],[78.66227,17.49239],[78.66255,17.49191],[78.66288,17.49132]]}},{"type":"Feature","properties":{"name":"Outer Ring Road","highway":"motorway","policy":""},"geometry":{"type":"LineString","coordinates":[[78.66271,17.49124],[78.66238,17.49182],[78.66209,17.49231],[78.66182,17.49278],[78.66153,17.49326],[78.66124,17.49374],[78.66096,17.4942],[78.65996,17.49581],[78.65966,17.49629],[78.65937,17.49677],[78.65927,17.49695]]}},{"type":"Feature","properties":{"name":"Outer Ring Road","highway":"motorway","policy":""},"geometry":{"type":"LineString","coordinates":[[78.66658,17.48363],[78.66683,17.48302],[78.66803,17.48005],[78.66824,17.47953],[78.66843,17.47903],[78.66862,17.47853],[78.66879,17.47803],[78.66898,17.47747],[78.66913,17.47698],[78.66929,17.47645],[78.66944,17.47593],[78.66958,17.47538],[78.66971,17.47486],[78.66984,17.47432],[78.66995,17.47381],[78.67006,17.47326],[78.67016,17.47273],[78.67025,17.4722],[78.67033,17.47166],[78.6704,17.47111],[78.67046,17.47058],[78.67052,17.47004],[78.67057,17.46951],[78.67061,17.46897],[78.67064,17.46841],[78.67066,17.46787],[78.67067,17.46762]]}},{"type":"Feature","properties":{"name":"NH765","highway":"trunk","policy":""},"geometry":{"type":"LineString","coordinates":[[78.47369,17.1789],[78.47433,17.18552],[78.47441,17.18627],[78.47445,17.18661],[78.4747,17.18923],[78.47493,17.19156],[78.47499,17.19214],[78.47505,17.19275],[78.47511,17.19327],[78.47543,17.19662],[78.47544,17.19672],[78.47556,17.19781],[78.47575,17.19979],[78.4759,17.20125],[78.47596,17.20196]]}},{"type":"Feature","properties":{"name":"Outer Ring Road","highway":"motorway","policy":""},"geometry":{"type":"LineString","coordinates":[[78.68247,17.37692],[78.68236,17.37626]]}},{"type":"Feature","properties":{"name":"Outer Ring Road","highway":"motorway","policy":""},"geometry":{"type":"LineString","coordinates":[[78.68168,17.37353],[78.68218,17.37635]]}},{"type":"Feature","properties":{"name":"Outer Ring Road","highway":"motorway","policy":""},"geometry":{"type":"LineString","coordinates":[[78.68327,17.38251],[78.68429,17.3883],[78.68438,17.38884],[78.68447,17.38937],[78.68455,17.3899],[78.68461,17.39043],[78.68466,17.39095],[78.6847,17.39149],[78.68473,17.39202],[78.68476,17.39256],[78.68477,17.3931],[78.68476,17.39364],[78.68475,17.39417],[78.68473,17.39471],[78.68469,17.39525],[78.68464,17.39579],[78.68458,17.39632],[78.68452,17.39685],[78.68444,17.39739],[78.68434,17.39792],[78.68424,17.39845],[78.68413,17.39897],[78.684,17.3995],[78.68387,17.40003],[78.68365,17.40083]]}},{"type":"Feature","properties":{"name":"NH765D","highway":"trunk","policy":""},"geometry":{"type":"LineString","coordinates":[[78.40241,17.59692],[78.4016,17.59757],[78.40076,17.59827],[78.40029,17.59865],[78.39966,17.59915],[78.39844,17.60016],[78.39797,17.60054],[78.39691,17.60142],[78.396,17.60213],[78.39595,17.60218],[78.39587,17.60224],[78.39579,17.60231],[78.39483,17.6031],[78.39401,17.60377],[78.39339,17.60428],[78.39324,17.6044],[78.39229,17.6052],[78.39221,17.60529],[78.39203,17.60557],[78.39187,17.60598],[78.39178,17.60623],[78.39136,17.60743],[78.39108,17.60821],[78.39103,17.60836],[78.39083,17.6089],[78.39049,17.60987],[78.39043,17.61007],[78.39035,17.61029],[78.39007,17.61105],[78.39001,17.61123],[78.38966,17.61225],[78.38963,17.61234],[78.3893,17.6133],[78.38923,17.6135],[78.38889,17.61447],[78.38873,17.61493],[78.38848,17.61566],[78.38829,17.61622],[78.38823,17.6164],[78.38815,17.61665],[78.38811,17.61674],[78.38755,17.61833],[78.38743,17.61864],[78.38708,17.61961],[78.38687,17.62028],[78.38643,17.62147],[78.38569,17.62352],[78.38501,17.62551],[78.3844,17.62723],[78.38423,17.62772],[78.38405,17.62827],[78.38402,17.62834],[78.38382,17.62895],[78.38353,17.6298],[78.38342,17.63011],[78.38329,17.6305],[78.38314,17.631],[78.38305,17.63145],[78.38297,17.63233],[78.3829,17.63336],[78.38289,17.63346],[78.38288,17.6337],[78.3828,17.63512],[78.3828,17.63523],[78.38277,17.63581],[78.38275,17.63602],[78.38274,17.6361],[78.38271,17.63628],[78.38262,17.63646],[78.38242,17.6367],[78.38222,17.63689],[78.38187,17.63722],[78.38164,17.63745],[78.38116,17.6379],[78.38017,17.63884],[78.37962,17.63937],[78.37951,17.63947],[78.37918,17.63984],[78.37906,17.64006],[78.379,17.64016],[78.37846,17.64115],[78.37806,17.64191],[78.37784,17.64241],[78.37779,17.64252],[78.37764,17.64299],[78.3775,17.64341],[78.37713,17.64456],[78.37707,17.64475],[78.37656,17.64635],[78.37602,17.64808],[78.37566,17.64912],[78.37534,17.65023],[78.37492,17.65156],[78.37471,17.65215],[78.37451,17.65248],[78.37434,17.65268],[78.37411,17.65294],[78.37399,17.65303],[78.37393,17.65307],[78.37332,17.65358],[78.37325,17.65364],[78.3731,17.65383],[78.37304,17.65409],[78.37306,17.65434],[78.3732,17.65478],[78.3739,17.65694],[78.37392,17.657],[78.37399,17.65731],[78.37397,17.65757],[78.37343,17.65999],[78.37333,17.66042],[78.37321,17.661],[78.37304,17.66236],[78.37292,17.66338],[78.37287,17.66386],[78.37276,17.6649],[78.37271,17.66538],[78.37269,17.66556],[78.37267,17.66579],[78.37264,17.66602],[78.37249,17.66743],[78.37248,17.66747],[78.37246,17.66769],[78.37234,17.66878],[78.37204,17.67155],[78.37193,17.67215],[78.37139,17.67394],[78.37135,17.67405],[78.37135,17.67408],[78.3712,17.67455],[78.37075,17.676],[78.3702,17.67672],[78.36956,17.67742],[78.36925,17.67799],[78.36915,17.67831],[78.36898,17.67925],[78.36888,17.67995],[78.36888,17.67997],[78.36878,17.68088],[78.36879,17.68116],[78.36884,17.6814],[78.36897,17.68185],[78.3692,17.6824],[78.36939,17.68286],[78.36944,17.68316],[78.36936,17.6834],[78.36926,17.68358],[78.36907,17.68391],[78.36832,17.68465],[78.36829,17.68468],[78.36781,17.6851],[78.36675,17.68602],[78.36548,17.68712],[78.36402,17.68841],[78.36262,17.68971],[78.36181,17.69053],[78.3614,17.69088],[78.36097,17.69116],[78.36041,17.69159],[78.36039,17.69168]]}},{"type":"Feature","properties":{"name":"NH765D","highway":"trunk","policy":""},"geometry":{"type":"LineString","coordinates":[[78.40041,17.59869],[78.40074,17.5984],[78.40101,17.59819],[78.40113,17.59809],[78.40246,17.59699]]}},{"type":"Feature","properties":{"name":"Charminar Road","highway":"trunk","policy":""},"geometry":{"type":"LineString","coordinates":[[78.47331,17.3549],[78.47315,17.35406],[78.4731,17.35385],[78.47303,17.35355],[78.47279,17.35283],[78.47275,17.35264],[78.47267,17.35187],[78.47264,17.35127],[78.47263,17.35115],[78.47261,17.35097],[78.47258,17.35082]]}},{"type":"Feature","properties":{"name":"Falaknuma Road","highway":"trunk","policy":""},"geometry":{"type":"LineString","coordinates":[[78.47247,17.35048],[78.47246,17.35045],[78.47232,17.34998],[78.47222,17.34966],[78.47206,17.34928],[78.47196,17.34913],[78.47189,17.34903],[78.4714,17.34835],[78.47072,17.34754],[78.4707,17.3475],[78.4706,17.34734],[78.47047,17.34706],[78.47045,17.34702],[78.47039,17.34689],[78.47038,17.34688],[78.47034,17.34677],[78.47032,17.34667],[78.4703,17.34657],[78.47028,17.34616],[78.47027,17.346],[78.47027,17.34599],[78.47027,17.34575],[78.47025,17.34553],[78.47019,17.34483],[78.47017,17.34471],[78.47015,17.3446],[78.47009,17.34446],[78.46977,17.34375]]}},{"type":"Feature","properties":{"name":"NH163","highway":"trunk","policy":""},"geometry":{"type":"LineString","coordinates":[[78.21404,17.31866],[78.21446,17.31834],[78.2149,17.31791],[78.21537,17.31733],[78.2157,17.31677],[78.21585,17.31642],[78.21604,17.31584],[78.21635,17.31461],[78.21652,17.31421],[78.21655,17.31415],[78.21674,17.31378],[78.217,17.31341],[78.21731,17.31311],[78.21771,17.31285],[78.22003,17.31173],[78.22254,17.31052],[78.22301,17.31035],[78.22349,17.31025],[78.22366,17.31024],[78.22377,17.31024],[78.22415,17.31019],[78.22609,17.31],[78.22612,17.31],[78.22686,17.30994],[78.22727,17.30994],[78.22743,17.30994],[78.22794,17.31001],[78.22904,17.31027],[78.22987,17.31045],[78.23052,17.3106],[78.23197,17.31093],[78.23256,17.31116],[78.23278,17.31128],[78.23316,17.31148],[78.23355,17.31181],[78.23393,17.31228],[78.23437,17.31288],[78.23549,17.31452],[78.23621,17.31556],[78.23764,17.31761],[78.23804,17.31801],[78.23837,17.31821],[78.23889,17.31837],[78.23895,17.31837],[78.24019,17.31848],[78.24071,17.31851],[78.24078,17.31852],[78.24182,17.31856],[78.24195,17.31854],[78.24224,17.31848],[78.2426,17.31832],[78.24292,17.31807],[78.24431,17.31649],[78.24469,17.31591],[78.24498,17.31543],[78.24523,17.31506],[78.24539,17.31484],[78.24564,17.31453],[78.24614,17.31405],[78.2471,17.31334],[78.24747,17.3132],[78.24787,17.31315],[78.24849,17.31319],[78.24879,17.31323],[78.24945,17.3133],[78.25263,17.31371],[78.25266,17.31371],[78.25273,17.31372],[78.25351,17.31381],[78.25542,17.31404],[78.25587,17.31413],[78.25593,17.31415],[78.25647,17.31438],[78.25662,17.31448],[78.25688,17.31464],[78.25701,17.31471],[78.25728,17.31495],[78.25737,17.31503],[78.25869,17.31618],[78.2609,17.3181],[78.26094,17.31814],[78.26272,17.31972]]}},{"type":"Feature","properties":{"name":"Vijayavada Highway Flyover","highway":"trunk","policy":""},"geometry":{"type":"LineString","coordinates":[[78.5496,17.3479],[78.54986,17.3476],[78.55013,17.34728],[78.55042,17.347],[78.55065,17.34683]]}},{"type":"Feature","properties":{"name":"Vijayavada Highway Flyover","highway":"trunk","policy":""},"geometry":{"type":"LineString","coordinates":[[78.55264,17.34549],[78.55314,17.34515],[78.55366,17.34482],[78.55439,17.34433]]}},{"type":"Feature","properties":{"name":"NH163","highway":"trunk","policy":""},"geometry":{"type":"LineString","coordinates":[[78.56,17.4015],[78.5598,17.40148],[78.55891,17.40141],[78.55832,17.40137],[78.55829,17.40135],[78.55809,17.40126],[78.55765,17.40124],[78.55692,17.40118],[78.55612,17.40113],[78.55598,17.40112],[78.55568,17.40111],[78.55532,17.40109],[78.55529,17.40109],[78.55505,17.40109],[78.55493,17.40109],[78.55467,17.40108],[78.55461,17.40108],[78.55382,17.40111],[78.55366,17.40112],[78.55319,17.40114],[78.55272,17.40116],[78.55259,17.40117],[78.55241,17.40117],[78.55167,17.40118],[78.55138,17.40118],[78.55095,17.40119],[78.55057,17.40119],[78.5504,17.4012],[78.55015,17.4012]]}},{"type":"Feature","properties":{"name":"Mahavir Marg","highway":"trunk","policy":""},"geometry":{"type":"LineString","coordinates":[[78.46016,17.40308],[78.46042,17.40306],[78.4606,17.40302],[78.46088,17.40293],[78.46116,17.40285],[78.46141,17.40277],[78.46161,17.40277],[78.4617,17.40279],[78.46179,17.40281],[78.46186,17.40285]]}},{"type":"Feature","properties":{"name":"Mahavir Marg","highway":"trunk","policy":""},"geometry":{"type":"LineString","coordinates":[[78.4591,17.40293],[78.45982,17.40307]]}},{"type":"Feature","properties":{"name":"Mahavir Marg","highway":"trunk","policy":""},"geometry":{"type":"LineString","coordinates":[[78.45894,17.40292],[78.4591,17.40293]]}},{"type":"Feature","properties":{"name":"Mahavir Marg","highway":"trunk","policy":""},"geometry":{"type":"LineString","coordinates":[[78.45982,17.40307],[78.46016,17.40308]]}},{"type":"Feature","properties":{"name":"Lakdikapul Road","highway":"trunk","policy":""},"geometry":{"type":"LineString","coordinates":[[78.46277,17.40625],[78.46306,17.40591],[78.46347,17.40548]]}},{"type":"Feature","properties":{"name":"Lakdikapul Road","highway":"trunk","policy":""},"geometry":{"type":"LineString","coordinates":[[78.46347,17.40548],[78.46358,17.40536],[78.46367,17.40526],[78.46392,17.405],[78.46394,17.40498],[78.46408,17.40483],[78.46418,17.40472]]}},{"type":"Feature","properties":{"name":"NH44","highway":"trunk","policy":""},"geometry":{"type":"LineString","coordinates":[[78.47706,17.37013],[78.47704,17.37003],[78.477,17.36993],[78.47671,17.36944],[78.47653,17.36914]]}},{"type":"Feature","properties":{"name":"NH44","highway":"trunk","policy":""},"geometry":{"type":"LineString","coordinates":[[78.47707,17.37031],[78.47708,17.37022],[78.47706,17.37013]]}},{"type":"Feature","properties":{"name":"Srinagar-Kanyakumari Highway","highway":"trunk","policy":""},"geometry":{"type":"LineString","coordinates":[[78.48421,17.45644],[78.48395,17.45628]]}},{"type":"Feature","properties":{"name":"Srinagar-Kanyakumari Highway","highway":"trunk","policy":""},"geometry":{"type":"LineString","coordinates":[[78.48395,17.45628],[78.48373,17.45615],[78.48344,17.45598],[78.48341,17.45596],[78.48334,17.45591],[78.48316,17.45582],[78.483,17.45573],[78.4828,17.45561],[78.48256,17.45547],[78.48251,17.45545],[78.48086,17.45454],[78.48064,17.45453],[78.48056,17.45457],[78.48049,17.45463],[78.48038,17.45479],[78.48004,17.4554],[78.47972,17.45592],[78.47962,17.45607],[78.47942,17.45626],[78.47926,17.4564],[78.47915,17.4565],[78.47864,17.45698],[78.47855,17.45706],[78.47839,17.45721],[78.4781,17.45747],[78.47804,17.45759],[78.47794,17.45778]]}},{"type":"Feature","properties":{"name":"NH44","highway":"trunk","policy":""},"geometry":{"type":"LineString","coordinates":[[78.37075,17.24513],[78.37127,17.24548]]}},{"type":"Feature","properties":{"name":"NH44","highway":"trunk","policy":""},"geometry":{"type":"LineString","coordinates":[[78.37268,17.24669],[78.37301,17.24712],[78.37305,17.24718],[78.37312,17.24728],[78.37328,17.24749],[78.37345,17.24775],[78.37361,17.24803],[78.3737,17.24817],[78.37389,17.24838],[78.37405,17.24855],[78.37422,17.2487],[78.37423,17.24871],[78.37435,17.24878],[78.37454,17.24891],[78.37464,17.24898],[78.37474,17.24906]]}},{"type":"Feature","properties":{"name":"NH44","highway":"trunk","policy":""},"geometry":{"type":"LineString","coordinates":[[78.37133,17.2454],[78.37051,17.24486]]}},{"type":"Feature","properties":{"name":"Bairamalguda Flyover","highway":"trunk","policy":""},"geometry":{"type":"LineString","coordinates":[[78.54885,17.34431],[78.54761,17.34311],[78.5469,17.34239],[78.54658,17.34207],[78.54634,17.34184],[78.5458,17.34136],[78.5452,17.34081],[78.54448,17.34018],[78.54349,17.3393]]}},{"type":"Feature","properties":{"name":"Miyapur - Allwyn Cross Road Mumbai Highway","highway":"trunk","policy":""},"geometry":{"type":"LineString","coordinates":[[78.36168,17.49673],[78.36218,17.49674]]}},{"type":"Feature","properties":{"name":"NH65","highway":"trunk","policy":""},"geometry":{"type":"LineString","coordinates":[[78.36161,17.49657],[78.36129,17.49656]]}},{"type":"Feature","properties":{"name":"Miyapur - Allwyn Cross Road Mumbai Highway","highway":"trunk","policy":""},"geometry":{"type":"LineString","coordinates":[[78.36109,17.49653],[78.36092,17.49649],[78.36068,17.49643],[78.36038,17.49636],[78.36031,17.49634],[78.36017,17.4963],[78.36003,17.49627],[78.35971,17.49619],[78.35926,17.4961],[78.35875,17.49597],[78.35838,17.49586],[78.35831,17.49584],[78.35788,17.49573],[78.35747,17.49562],[78.35709,17.49551],[78.35696,17.49547],[78.35693,17.49546],[78.35692,17.49546],[78.35661,17.49537],[78.35649,17.49534],[78.35638,17.49531],[78.35606,17.49522],[78.35579,17.49515],[78.35534,17.49502],[78.35488,17.4949],[78.35439,17.49477],[78.35411,17.4947],[78.35364,17.49457],[78.35297,17.49441],[78.35288,17.49439],[78.35268,17.49434],[78.35263,17.49432],[78.35243,17.49427],[78.35151,17.49409],[78.35134,17.49406],[78.35121,17.49404]]}},{"type":"Feature","properties":{"name":"Outer Ring Road","highway":"motorway","policy":""},"geometry":{"type":"LineString","coordinates":[[78.41017,17.59419],[78.41078,17.59449],[78.41085,17.59453]]}},{"type":"Feature","properties":{"name":"Srisailam Highway","highway":"trunk","policy":""},"geometry":{"type":"LineString","coordinates":[[78.47728,17.32587],[78.47741,17.32573],[78.47755,17.32558],[78.47767,17.32551],[78.47771,17.32547],[78.47804,17.32534],[78.47843,17.3252],[78.47853,17.32516],[78.47867,17.32512],[78.4789,17.32505],[78.47925,17.32492],[78.47934,17.32487],[78.47964,17.32463],[78.4798,17.32444],[78.47985,17.32438],[78.47993,17.32423],[78.48005,17.32373],[78.48014,17.32328],[78.4802,17.32294],[78.48028,17.32259],[78.48036,17.32201],[78.48039,17.32172],[78.48033,17.3213],[78.48028,17.321],[78.47992,17.3192]]}},{"type":"Feature","properties":{"name":"Srisailam Highway","highway":"trunk","policy":""},"geometry":{"type":"LineString","coordinates":[[78.47992,17.3192],[78.47994,17.31906],[78.47986,17.31861],[78.47979,17.31825],[78.47976,17.31818],[78.47973,17.31813]]}},{"type":"Feature","properties":{"name":"Srisailam Highway","highway":"trunk","policy":""},"geometry":{"type":"LineString","coordinates":[[78.47973,17.31813],[78.47971,17.31827],[78.47978,17.31862],[78.47987,17.31907],[78.47992,17.3192]]}},{"type":"Feature","properties":{"name":"Mumbai Highway","highway":"trunk","policy":""},"geometry":{"type":"LineString","coordinates":[[78.48168,17.37752],[78.48131,17.37683],[78.48061,17.37554]]}},{"type":"Feature","properties":{"name":"Gachibowl Circle","highway":"motorway","policy":""},"geometry":{"type":"LineString","coordinates":[[78.36368,17.43845],[78.36362,17.43847],[78.36358,17.4385],[78.36354,17.43855],[78.36352,17.4386]]}},{"type":"Feature","properties":{"name":"Outer Ring Road","highway":"motorway","policy":""},"geometry":{"type":"LineString","coordinates":[[78.36368,17.43845],[78.36358,17.43823]]}},{"type":"Feature","properties":{"name":"Masab Tank Flyover","highway":"trunk","policy":""},"geometry":{"type":"LineString","coordinates":[[78.45075,17.4001],[78.45115,17.40081],[78.45139,17.40124],[78.45162,17.40164],[78.45211,17.40249],[78.45224,17.40271],[78.45242,17.40295],[78.45274,17.40324],[78.45317,17.40357],[78.45361,17.40391],[78.45408,17.40422],[78.45431,17.40431],[78.45453,17.40436],[78.45476,17.40434],[78.45495,17.4043],[78.45523,17.40419],[78.45544,17.40405],[78.45584,17.40382],[78.45599,17.40372]]}},{"type":"Feature","properties":{"name":"Srinagar-Kanyakumari Highway","highway":"trunk","policy":""},"geometry":{"type":"LineString","coordinates":[[78.47801,17.45781],[78.47817,17.45752],[78.47844,17.45726]]}},{"type":"Feature","properties":{"name":"freight corridor","highway":"trunk","policy":""},"geometry":{"type":"LineString","coordinates":[[78.58275,17.40246],[78.58282,17.40241]]}},{"type":"Feature","properties":{"name":"freight corridor","highway":"trunk","policy":""},"geometry":{"type":"LineString","coordinates":[[78.4764,17.37034],[78.47645,17.37039],[78.47653,17.37042],[78.47696,17.37046],[78.47703,17.37045]]}},{"type":"Feature","properties":{"name":"Flyover","highway":"trunk","policy":""},"geometry":{"type":"LineString","coordinates":[[78.45531,17.35977],[78.45513,17.35862],[78.45498,17.3578],[78.45487,17.35705],[78.45481,17.35677],[78.45462,17.35612],[78.4544,17.35561],[78.45417,17.35502],[78.4538,17.35416],[78.45351,17.35342],[78.45345,17.35326]]}},{"type":"Feature","properties":{"name":"Flyover","highway":"trunk","policy":""},"geometry":{"type":"LineString","coordinates":[[78.45319,17.35295],[78.45362,17.35399],[78.45386,17.35457],[78.4541,17.35515],[78.45435,17.35579],[78.45457,17.35639],[78.4547,17.35685],[78.4548,17.35743],[78.45495,17.35817],[78.45503,17.35867],[78.45511,17.35915],[78.45523,17.35979]]}},{"type":"Feature","properties":{"name":"Falaknuma Road","highway":"trunk","policy":""},"geometry":{"type":"LineString","coordinates":[[78.47247,17.35048],[78.47246,17.35053],[78.47252,17.35083]]}},{"type":"Feature","properties":{"name":"freight corridor","highway":"trunk","policy":""},"geometry":{"type":"LineString","coordinates":[[78.3324,17.35346],[78.33243,17.35339]]}},{"type":"Feature","properties":{"name":"NH65","highway":"trunk","policy":""},"geometry":{"type":"LineString","coordinates":[[78.24196,17.53744],[78.24229,17.53736],[78.2426,17.53725],[78.24301,17.53707]]}},{"type":"Feature","properties":{"name":"NH65","highway":"trunk","policy":""},"geometry":{"type":"LineString","coordinates":[[78.24294,17.537],[78.24257,17.53717],[78.24226,17.53727],[78.24194,17.53733]]}},{"type":"Feature","properties":{"name":"NH65","highway":"trunk","policy":""},"geometry":{"type":"LineString","coordinates":[[78.21338,17.54657],[78.21364,17.54645]]}},{"type":"Feature","properties":{"name":"Vijaywada Highway","highway":"trunk","policy":""},"geometry":{"type":"LineString","coordinates":[[78.51041,17.37182],[78.50851,17.37247],[78.50734,17.37272]]}},{"type":"Feature","properties":{"name":"Mahavir Marg","highway":"trunk","policy":""},"geometry":{"type":"LineString","coordinates":[[78.45773,17.4028],[78.45767,17.40283],[78.45748,17.4029],[78.45698,17.40313],[78.45667,17.40329],[78.45635,17.40346],[78.45634,17.40347]]}},{"type":"Feature","properties":{"name":"Mahavir Marg","highway":"trunk","policy":""},"geometry":{"type":"LineString","coordinates":[[78.45753,17.40299],[78.4576,17.40296],[78.45783,17.40287],[78.45798,17.40285],[78.45859,17.40289],[78.45867,17.40289],[78.45888,17.40291],[78.45889,17.40291],[78.45894,17.40292]]}},{"type":"Feature","properties":{"name":"NH163","highway":"trunk","policy":""},"geometry":{"type":"LineString","coordinates":[[78.42673,17.39336],[78.42658,17.39327],[78.42647,17.39323],[78.42636,17.39318],[78.42563,17.39289],[78.42526,17.39275],[78.42507,17.39268],[78.42473,17.39255]]}},{"type":"Feature","properties":{"name":"Kukkatpally Main Road - Mumbai Highway","highway":"trunk","policy":""},"geometry":{"type":"LineString","coordinates":[[78.40953,17.48796],[78.4094,17.48814],[78.4084,17.48946],[78.40836,17.48952],[78.40831,17.48959],[78.40798,17.49002],[78.40766,17.49043],[78.40745,17.4907],[78.4074,17.49074],[78.40704,17.4911],[78.40697,17.49117],[78.40692,17.49122],[78.40678,17.49133],[78.40632,17.49155],[78.40589,17.49176],[78.40564,17.49189],[78.40477,17.49232],[78.40397,17.49269]]}},{"type":"Feature","properties":{"name":"NH65","highway":"trunk","policy":""},"geometry":{"type":"LineString","coordinates":[[78.26094,17.52992],[78.26183,17.52976],[78.26278,17.52966],[78.26321,17.52959],[78.26358,17.52954],[78.26384,17.5295],[78.26425,17.52945],[78.26437,17.52943],[78.26524,17.52931]]}},{"type":"Feature","properties":{"name":"NH65","highway":"trunk","policy":""},"geometry":{"type":"LineString","coordinates":[[78.26523,17.52922],[78.26436,17.52934],[78.26382,17.52941],[78.26375,17.52942],[78.26277,17.52954],[78.26182,17.52967],[78.26092,17.52983]]}},{"type":"Feature","properties":{"name":"Mumbai Highway","highway":"trunk","policy":""},"geometry":{"type":"LineString","coordinates":[[78.43787,17.44806],[78.43773,17.44832],[78.43749,17.44871],[78.43732,17.44906],[78.43697,17.44986],[78.43659,17.4506],[78.43638,17.45103],[78.43636,17.45107]]}},{"type":"Feature","properties":{"name":"Mumbai Highway","highway":"trunk","policy":""},"geometry":{"type":"LineString","coordinates":[[78.43793,17.44796],[78.43787,17.44806]]}},{"type":"Feature","properties":{"name":"NH163","highway":"trunk","policy":""},"geometry":{"type":"LineString","coordinates":[[78.42473,17.39255],[78.42436,17.39241]]}},{"type":"Feature","properties":{"name":"Lakdikapul Road","highway":"trunk","policy":""},"geometry":{"type":"LineString","coordinates":[[78.46257,17.40656],[78.46262,17.40652]]}},{"type":"Feature","properties":{"name":"Lakdikapul Road","highway":"trunk","policy":""},"geometry":{"type":"LineString","coordinates":[[78.46234,17.40656],[78.46248,17.4065]]}},{"type":"Feature","properties":{"name":"Lakdikapul Road","highway":"trunk","policy":""},"geometry":{"type":"LineString","coordinates":[[78.46277,17.40639],[78.46288,17.4063],[78.46355,17.4056],[78.46363,17.40551],[78.46369,17.40544],[78.4637,17.40542],[78.46389,17.40523],[78.46405,17.40508],[78.46413,17.40499],[78.46417,17.40494]]}},{"type":"Feature","properties":{"name":"Lakdikapul Road","highway":"trunk","policy":""},"geometry":{"type":"LineString","coordinates":[[78.46262,17.40652],[78.46277,17.40639]]}},{"type":"Feature","properties":{"name":"Pathergatti Road","highway":"trunk","policy":""},"geometry":{"type":"LineString","coordinates":[[78.47582,17.36763],[78.47592,17.36816],[78.47599,17.36848]]}},{"type":"Feature","properties":{"name":"RC Puram BHEL - Beeramguda Rd Mumbai Highway","highway":"trunk","policy":""},"geometry":{"type":"LineString","coordinates":[[78.31014,17.5036],[78.31084,17.50322],[78.31109,17.50304],[78.3114,17.50278],[78.3116,17.50258],[78.31164,17.50252],[78.31174,17.50241],[78.31177,17.50236],[78.31212,17.5018]]}},{"type":"Feature","properties":{"name":"Srinagar-Kanyakumari Highway","highway":"trunk","policy":""},"geometry":{"type":"LineString","coordinates":[[78.47591,17.46008],[78.47596,17.45995],[78.47602,17.45977],[78.47615,17.45963],[78.47625,17.45954],[78.47632,17.45949],[78.47651,17.45935],[78.47665,17.45927],[78.47694,17.45911],[78.47704,17.45903],[78.47734,17.45882],[78.47752,17.45862],[78.47765,17.45843],[78.47772,17.4583]]}},{"type":"Feature","properties":{"name":"Inner Ring Road","highway":"trunk","policy":""},"geometry":{"type":"LineString","coordinates":[[78.46939,17.32258],[78.46933,17.32255],[78.46906,17.32241],[78.46891,17.32233],[78.46872,17.32222],[78.4684,17.32205],[78.46808,17.32188],[78.46791,17.32177],[78.46783,17.32172],[78.46771,17.32161],[78.46766,17.32154],[78.4676,17.32146],[78.46758,17.32143],[78.46756,17.32138],[78.46754,17.32131],[78.46748,17.32112],[78.46747,17.32103],[78.46738,17.32065],[78.46732,17.32035],[78.4673,17.32028],[78.46719,17.3198],[78.46717,17.31972],[78.46715,17.31966],[78.46713,17.31956],[78.46709,17.3194],[78.46689,17.31854],[78.46687,17.31849],[78.46678,17.31811],[78.46639,17.31679]]}},{"type":"Feature","properties":{"name":"NH163","highway":"trunk","policy":""},"geometry":{"type":"LineString","coordinates":[[78.43075,17.39599],[78.43121,17.39598]]}},{"type":"Feature","properties":{"name":"Kukkatpally Main Road - Mumbai Highway","highway":"trunk","policy":""},"geometry":{"type":"LineString","coordinates":[[78.40756,17.49079],[78.40759,17.49074],[78.40792,17.49032],[78.40825,17.48989],[78.40855,17.48951],[78.40923,17.48867],[78.40969,17.48805],[78.40976,17.48795],[78.40978,17.48792]]}},{"type":"Feature","properties":{"name":"Kukkatpally Main Road - Mumbai Highway","highway":"trunk","policy":""},"geometry":{"type":"LineString","coordinates":[[78.42347,17.47551],[78.42339,17.47561],[78.4233,17.47572],[78.42328,17.47574],[78.42325,17.47578],[78.42315,17.47589],[78.42293,17.47607],[78.42288,17.47612],[78.42258,17.47633],[78.42214,17.47663],[78.42174,17.47689],[78.4214,17.47711],[78.42111,17.47726],[78.42095,17.47737],[78.42087,17.47745],[78.42057,17.47764],[78.42052,17.47768],[78.42044,17.47773],[78.42031,17.47781],[78.4202,17.47789],[78.42005,17.47799],[78.41997,17.47805],[78.41955,17.47836],[78.4191,17.4787]]}},{"type":"Feature","properties":{"name":"NH44","highway":"trunk","policy":""},"geometry":{"type":"LineString","coordinates":[[78.47377,17.47088],[78.47372,17.47072],[78.4736,17.47049],[78.47351,17.47038],[78.47287,17.46958],[78.47283,17.4695],[78.47278,17.46943],[78.47252,17.46881],[78.47251,17.46863],[78.47257,17.46798],[78.47273,17.4672],[78.47291,17.46646]]}},{"type":"Feature","properties":{"name":"Kukkatpally Main Road - Mumbai Highway","highway":"trunk","policy":""},"geometry":{"type":"LineString","coordinates":[[78.41103,17.48606],[78.41127,17.48571],[78.41191,17.48484],[78.41228,17.48434],[78.41253,17.48402]]}},{"type":"Feature","properties":{"name":"Nizampet - Miyapur Road Mumbai Highway","highway":"trunk","policy":""},"geometry":{"type":"LineString","coordinates":[[78.38066,17.49883],[78.38008,17.49858],[78.37987,17.49848]]}},{"type":"Feature","properties":{"name":"NH44","highway":"trunk","policy":""},"geometry":{"type":"LineString","coordinates":[[78.40101,17.27469],[78.40155,17.27514],[78.40261,17.27601],[78.40278,17.27615],[78.4034,17.27664],[78.40343,17.27666]]}},{"type":"Feature","properties":{"name":"NH44","highway":"trunk","policy":""},"geometry":{"type":"LineString","coordinates":[[78.40355,17.27651],[78.40298,17.27607],[78.40276,17.2759],[78.4016,17.275],[78.40135,17.27482],[78.40121,17.2747],[78.40116,17.27465],[78.40109,17.2746]]}},{"type":"Feature","properties":{"name":"NH44","highway":"trunk","policy":""},"geometry":{"type":"LineString","coordinates":[[78.40954,17.28017],[78.40973,17.28038],[78.40988,17.28057],[78.41018,17.281],[78.41048,17.28146],[78.41084,17.28205],[78.41089,17.28213]]}},{"type":"Feature","properties":{"name":"NH44","highway":"trunk","policy":""},"geometry":{"type":"LineString","coordinates":[[78.41106,17.28215],[78.41096,17.28198],[78.41095,17.28197],[78.41058,17.28139],[78.41029,17.28095],[78.41021,17.28084],[78.40998,17.2805],[78.4098,17.28024],[78.40942,17.27981]]}},{"type":"Feature","properties":{"name":"Kukkatpally Main Road - Mumbai Highway","highway":"trunk","policy":""},"geometry":{"type":"LineString","coordinates":[[78.4191,17.4787],[78.41873,17.47897],[78.41844,17.47918],[78.41841,17.4792],[78.41828,17.4793],[78.41817,17.47939],[78.41812,17.47944],[78.41751,17.48004],[78.41725,17.48031]]}},{"type":"Feature","properties":{"name":"Kukkatpally Main Road - Mumbai Highway","highway":"trunk","policy":""},"geometry":{"type":"LineString","coordinates":[[78.41725,17.48031],[78.41706,17.48051],[78.41682,17.48076]]}},{"type":"Feature","properties":{"name":"Nagole Flyover","highway":"trunk","policy":""},"geometry":{"type":"LineString","coordinates":[[78.55791,17.37633],[78.55779,17.37459],[78.55778,17.37438],[78.55777,17.37423]]}},{"type":"Feature","properties":{"name":"Vijaywada Highway","highway":"trunk","policy":""},"geometry":{"type":"LineString","coordinates":[[78.513,17.37051],[78.51354,17.37019],[78.51399,17.37004],[78.51424,17.36998],[78.51482,17.36991],[78.51487,17.3699]]}},{"type":"Feature","properties":{"name":"Inner Ring Road","highway":"trunk","policy":""},"geometry":{"type":"LineString","coordinates":[[78.52501,17.33935],[78.52506,17.33934],[78.52557,17.33917],[78.52563,17.33914],[78.52576,17.33909],[78.52625,17.33893],[78.52659,17.3388],[78.52678,17.33874],[78.52744,17.33853],[78.52774,17.33844],[78.52855,17.33823],[78.52871,17.3382],[78.52877,17.33819],[78.52933,17.33808],[78.5294,17.33805],[78.52952,17.33803],[78.52988,17.33797],[78.52994,17.33795],[78.53023,17.3379],[78.5303,17.33789],[78.53072,17.33779],[78.53097,17.33774],[78.5316,17.33761]]}},{"type":"Feature","properties":{"name":"Inner Ring Road","highway":"trunk","policy":""},"geometry":{"type":"LineString","coordinates":[[78.5316,17.33754],[78.53108,17.33764],[78.53069,17.33771],[78.53022,17.33782],[78.52992,17.33787],[78.52927,17.33802],[78.52909,17.33805],[78.52891,17.33809],[78.52875,17.33813],[78.52861,17.33816],[78.52846,17.33818],[78.52815,17.33822],[78.52811,17.33823],[78.52789,17.33828],[78.52763,17.33835],[78.52754,17.33837],[78.52745,17.33839],[78.5271,17.33851],[78.52693,17.33857],[78.52616,17.33885],[78.52572,17.33901],[78.5253,17.33914],[78.52498,17.33925],[78.52449,17.33943],[78.52387,17.33962]]}},{"type":"Feature","properties":{"name":"Srinagar-Kanyakumari Highway","highway":"trunk","policy":""},"geometry":{"type":"LineString","coordinates":[[78.47289,17.46391],[78.47291,17.46387],[78.47296,17.4638],[78.47302,17.46374],[78.47324,17.46354],[78.47326,17.46352],[78.47347,17.46334],[78.47354,17.46328],[78.4736,17.46323],[78.474,17.46289],[78.47444,17.46253],[78.47457,17.46243]]}},{"type":"Feature","properties":{"name":"NH44","highway":"trunk","policy":""},"geometry":{"type":"LineString","coordinates":[[78.49294,17.59104],[78.49287,17.59061],[78.49279,17.59023],[78.49267,17.58981],[78.49247,17.58914],[78.49243,17.58898],[78.49233,17.58859],[78.49224,17.58817],[78.49221,17.58801],[78.4921,17.58728],[78.4919,17.58607],[78.49179,17.58547],[78.49172,17.58497],[78.49163,17.58441],[78.49115,17.58232],[78.49111,17.58217],[78.49102,17.58169],[78.49096,17.58115],[78.49095,17.581],[78.49091,17.58001],[78.49095,17.57948],[78.49104,17.5789],[78.49115,17.57853],[78.49133,17.57795],[78.49148,17.57751],[78.49169,17.57732],[78.49189,17.57689],[78.49191,17.57677],[78.49213,17.57611],[78.49226,17.57575],[78.49254,17.57496],[78.49288,17.57427],[78.49318,17.57354],[78.49342,17.57284],[78.49352,17.57245]]}},{"type":"Feature","properties":{"name":"Pathergatti Road","highway":"trunk","policy":""},"geometry":{"type":"LineString","coordinates":[[78.47599,17.36848],[78.47607,17.3687]]}},{"type":"Feature","properties":{"name":"Golnaka Road","highway":"trunk","policy":""},"geometry":{"type":"LineString","coordinates":[[78.50964,17.39103],[78.50942,17.39099],[78.50902,17.39094],[78.50839,17.39083],[78.50785,17.39074],[78.5078,17.39074],[78.50765,17.39071],[78.50745,17.39068],[78.50702,17.3906],[78.50647,17.3905],[78.50633,17.39047]]}},{"type":"Feature","properties":{"name":"Amberpet Main Road","highway":"trunk","policy":""},"geometry":{"type":"LineString","coordinates":[[78.51388,17.39176],[78.51418,17.3918],[78.51462,17.39185],[78.51493,17.39189],[78.5157,17.39203],[78.51613,17.39207]]}},{"type":"Feature","properties":{"name":"Tank Bund Road","highway":"trunk","policy":""},"geometry":{"type":"LineString","coordinates":[[78.48451,17.42153],[78.4855,17.42288],[78.48567,17.42314],[78.48573,17.42328],[78.48579,17.42342],[78.48587,17.4237],[78.48608,17.4246],[78.48618,17.42504],[78.48626,17.42543],[78.48627,17.42547],[78.48636,17.42571]]}},{"type":"Feature","properties":{"name":"Falaknuma Road","highway":"trunk","policy":""},"geometry":{"type":"LineString","coordinates":[[78.4678,17.33847],[78.46781,17.33833],[78.46779,17.33813],[78.46775,17.33764],[78.46774,17.33752],[78.46792,17.33703],[78.46806,17.33667],[78.46832,17.33597]]}},{"type":"Feature","properties":{"name":"Hyderabad Janagam Highway","highway":"trunk","policy":""},"geometry":{"type":"LineString","coordinates":[[78.49191,17.38104],[78.49206,17.38109],[78.49233,17.38118]]}},{"type":"Feature","properties":{"name":"Ameerpet Road - Panjagutta Main Road","highway":"trunk","policy":""},"geometry":{"type":"LineString","coordinates":[[78.44814,17.43147],[78.44844,17.43126],[78.44864,17.43111],[78.44896,17.43087],[78.44985,17.43023],[78.44995,17.43016],[78.45005,17.43009]]}},{"type":"Feature","properties":{"name":"NH44","highway":"trunk","policy":""},"geometry":{"type":"LineString","coordinates":[[78.48789,17.42844],[78.48777,17.42825]]}},{"type":"Feature","properties":{"name":"NH44","highway":"trunk","policy":""},"geometry":{"type":"LineString","coordinates":[[78.48778,17.42846],[78.48782,17.42855]]}},{"type":"Feature","properties":{"name":"Kukkatpally Main Road - Mumbai Highway","highway":"trunk","policy":""},"geometry":{"type":"LineString","coordinates":[[78.41029,17.48717],[78.41103,17.48606]]}},{"type":"Feature","properties":{"name":"NH163","highway":"trunk","policy":""},"geometry":{"type":"LineString","coordinates":[[78.42232,17.38247],[78.42192,17.38133],[78.42188,17.3812],[78.42179,17.38099]]}},{"type":"Feature","properties":{"name":"Mumbai Highway","highway":"trunk","policy":""},"geometry":{"type":"LineString","coordinates":[[78.44054,17.44383],[78.44076,17.44338],[78.44112,17.44274],[78.44114,17.44271],[78.4412,17.44262],[78.44125,17.44253]]}},{"type":"Feature","properties":{"name":"Nizampet - Miyapur Road Mumbai Highway","highway":"trunk","policy":""},"geometry":{"type":"LineString","coordinates":[[78.36218,17.49674],[78.36232,17.49673],[78.36236,17.49673],[78.36269,17.49672],[78.36272,17.49672],[78.36335,17.49671],[78.36417,17.49665],[78.36542,17.4966],[78.36558,17.49659],[78.36619,17.49664],[78.3674,17.49668],[78.36789,17.49669],[78.36897,17.49667],[78.36967,17.49664],[78.36983,17.49664],[78.37066,17.49664],[78.37167,17.49662],[78.37235,17.49661]]}},{"type":"Feature","properties":{"name":"Nizampet - Miyapur Road Mumbai Highway","highway":"trunk","policy":""},"geometry":{"type":"LineString","coordinates":[[78.37368,17.49646],[78.37275,17.49647],[78.37235,17.49647]]}},{"type":"Feature","properties":{"name":"Nizampet - Miyapur Road Mumbai Highway","highway":"trunk","policy":""},"geometry":{"type":"LineString","coordinates":[[78.37235,17.49661],[78.37369,17.4966]]}},{"type":"Feature","properties":{"name":"Nizampet - Miyapur Road Mumbai Highway","highway":"trunk","policy":""},"geometry":{"type":"LineString","coordinates":[[78.38822,17.49881],[78.3894,17.49865],[78.38977,17.49861]]}},{"type":"Feature","properties":{"name":"Inner Ring Road","highway":"trunk","policy":""},"geometry":{"type":"LineString","coordinates":[[78.52407,17.33968],[78.52501,17.33935]]}},{"type":"Feature","properties":{"name":"Inner Ring Road","highway":"trunk","policy":""},"geometry":{"type":"LineString","coordinates":[[78.55833,17.38262],[78.55825,17.38121],[78.55824,17.38104]]}},{"type":"Feature","properties":{"name":"Nagole Flyover","highway":"trunk","policy":""},"geometry":{"type":"LineString","coordinates":[[78.55751,17.3725],[78.55762,17.37415],[78.55763,17.37425],[78.55774,17.37562],[78.55778,17.37625],[78.55779,17.37634]]}},{"type":"Feature","properties":{"name":"Nagole Flyover","highway":"trunk","policy":""},"geometry":{"type":"LineString","coordinates":[[78.55777,17.37423],[78.55764,17.37248]]}},{"type":"Feature","properties":{"name":"Inner Ring Road","highway":"trunk","policy":""},"geometry":{"type":"LineString","coordinates":[[78.55895,17.39147],[78.55883,17.38991],[78.55883,17.38975],[78.55882,17.3897],[78.55877,17.38893],[78.55876,17.38886],[78.55874,17.38852]]}},{"type":"Feature","properties":{"name":"Inner Ring Road","highway":"trunk","policy":""},"geometry":{"type":"LineString","coordinates":[[78.49249,17.33373],[78.49312,17.33424],[78.49336,17.33445],[78.49372,17.33474],[78.49426,17.33516],[78.49521,17.33593],[78.4962,17.3367],[78.49653,17.33693],[78.49672,17.33705],[78.49687,17.33717],[78.49694,17.33723],[78.49724,17.33741],[78.49746,17.33755],[78.49768,17.3377],[78.49786,17.33781],[78.49818,17.33802],[78.4987,17.33835],[78.49919,17.33864],[78.49954,17.33889],[78.4997,17.33899],[78.5003,17.3394]]}},{"type":"Feature","properties":{"name":"Mumbai Highway","highway":"trunk","policy":""},"geometry":{"type":"LineString","coordinates":[[78.43951,17.44546],[78.44009,17.44456]]}},{"type":"Feature","properties":{"name":"Falaknuma Road","highway":"trunk","policy":""},"geometry":{"type":"LineString","coordinates":[[78.46849,17.33525],[78.46841,17.33551],[78.46823,17.33595],[78.4682,17.33603],[78.46802,17.33654],[78.46798,17.33665],[78.46766,17.33748],[78.46766,17.33757],[78.46767,17.33765],[78.46775,17.33832],[78.4678,17.33847]]}},{"type":"Feature","properties":{"name":"Mumbai Highway","highway":"trunk","policy":""},"geometry":{"type":"LineString","coordinates":[[78.43636,17.45107],[78.43619,17.45142],[78.43587,17.45201],[78.43579,17.45217],[78.43569,17.45237],[78.43541,17.45295],[78.43521,17.4533]]}},{"type":"Feature","properties":{"name":"NH163","highway":"trunk","policy":""},"geometry":{"type":"LineString","coordinates":[[78.26272,17.31972],[78.26284,17.31982],[78.26331,17.32023],[78.2636,17.3205],[78.26583,17.32247],[78.26729,17.32375],[78.26774,17.32416]]}},{"type":"Feature","properties":{"name":"NH163","highway":"trunk","policy":""},"geometry":{"type":"LineString","coordinates":[[78.68956,17.44585],[78.68961,17.44589],[78.68978,17.446]]}},{"type":"Feature","properties":{"name":"NH163","highway":"trunk","policy":""},"geometry":{"type":"LineString","coordinates":[[78.68986,17.4459],[78.68975,17.44582],[78.68963,17.44574]]}},{"type":"Feature","properties":{"name":"NH163","highway":"trunk","policy":""},"geometry":{"type":"LineString","coordinates":[[78.69051,17.44654],[78.69069,17.44668],[78.69078,17.44674]]}},{"type":"Feature","properties":{"name":"NH163","highway":"trunk","policy":""},"geometry":{"type":"LineString","coordinates":[[78.69086,17.44665],[78.69082,17.44662],[78.6906,17.44646]]}},{"type":"Feature","properties":{"name":"Outer Ring Road","highway":"motorway","policy":""},"geometry":{"type":"LineString","coordinates":[[78.35998,17.43289],[78.36003,17.43299],[78.36023,17.43343],[78.36039,17.43376],[78.36056,17.43408]]}},{"type":"Feature","properties":{"name":"Outer Ring Road","highway":"motorway","policy":""},"geometry":{"type":"LineString","coordinates":[[78.36056,17.43408],[78.36076,17.43437],[78.36116,17.43501],[78.36174,17.436]]}},{"type":"Feature","properties":{"name":"Outer Ring Road","highway":"motorway","policy":""},"geometry":{"type":"LineString","coordinates":[[78.31245,17.55824],[78.31228,17.55826],[78.31211,17.55828],[78.31184,17.5583],[78.31157,17.55832],[78.31131,17.55832],[78.31105,17.55831],[78.31081,17.55829],[78.31056,17.55827],[78.31033,17.55824],[78.31009,17.55819],[78.30985,17.55815],[78.30961,17.55809],[78.30943,17.55804]]}},{"type":"Feature","properties":{"name":"Outer Ring Road","highway":"motorway","policy":""},"geometry":{"type":"LineString","coordinates":[[78.49282,17.59921],[78.49372,17.59899]]}},{"type":"Feature","properties":{"name":"Outer Ring Road","highway":"motorway","policy":""},"geometry":{"type":"LineString","coordinates":[[78.48855,17.60024],[78.48883,17.60017],[78.48993,17.5999]]}},{"type":"Feature","properties":{"name":"P.V. Narasimha Rao Flyover","highway":"motorway","policy":""},"geometry":{"type":"LineString","coordinates":[[78.4175,17.35109],[78.41599,17.34659]]}},{"type":"Feature","properties":{"name":"P.V. Narasimha Rao Flyover","highway":"motorway","policy":""},"geometry":{"type":"LineString","coordinates":[[78.41592,17.34661],[78.41742,17.35111]]}},{"type":"Feature","properties":{"name":"Gangaram - Chandanagar Road - Mumbai highway","highway":"trunk","policy":""},"geometry":{"type":"LineString","coordinates":[[78.32799,17.49486],[78.32762,17.49489],[78.32761,17.49489],[78.32755,17.49489],[78.32737,17.4949],[78.32704,17.49492],[78.32695,17.49492],[78.32673,17.49492],[78.32657,17.49492],[78.32624,17.49493],[78.32533,17.49494],[78.32519,17.49494]]}},{"type":"Feature","properties":{"name":"Allwyn - Gangaram Road Mumbai Highway","highway":"trunk","policy":""},"geometry":{"type":"LineString","coordinates":[[78.33769,17.49536],[78.33744,17.49539],[78.33689,17.49542],[78.33678,17.49543],[78.33648,17.49543],[78.33631,17.49544],[78.33599,17.49544],[78.33529,17.49546],[78.33499,17.49548],[78.33486,17.49548],[78.33481,17.49549],[78.33457,17.49549],[78.33432,17.49549],[78.33405,17.49547],[78.33394,17.49545],[78.33388,17.49544],[78.3335,17.49538],[78.33339,17.49536],[78.33337,17.49535],[78.33335,17.49535],[78.33326,17.49533],[78.33311,17.49529],[78.33286,17.49523],[78.3326,17.49517],[78.33234,17.49511]]}},{"type":"Feature","properties":{"name":"Moosapet Flyover","highway":"trunk","policy":""},"geometry":{"type":"LineString","coordinates":[[78.42931,17.46616],[78.42916,17.46647]]}},{"type":"Feature","properties":{"name":"Moosapet Road - Mumbai Highway","highway":"trunk","policy":""},"geometry":{"type":"LineString","coordinates":[[78.42747,17.46972],[78.42733,17.4699],[78.42716,17.47015],[78.42706,17.47029],[78.42669,17.47083]]}},{"type":"Feature","properties":{"name":"Moosapet Road - Mumbai Highway","highway":"trunk","policy":""},"geometry":{"type":"LineString","coordinates":[[78.42669,17.47083],[78.42664,17.47091],[78.42647,17.4712],[78.42644,17.47124],[78.42635,17.47139],[78.4256,17.47244],[78.42552,17.47256]]}},{"type":"Feature","properties":{"name":"P.V. Narasimha Rao Flyover","highway":"motorway","policy":""},"geometry":{"type":"LineString","coordinates":[[78.4185,17.3527],[78.42119,17.35497],[78.42171,17.35545],[78.42179,17.35554],[78.42219,17.3559]]}},{"type":"Feature","properties":{"name":"P.V. Narasimha Rao Flyover","highway":"motorway","policy":""},"geometry":{"type":"LineString","coordinates":[[78.42219,17.35577],[78.42183,17.35542],[78.42126,17.3549],[78.41855,17.35264]]}},{"type":"Feature","properties":{"name":"Flyover","highway":"trunk","policy":""},"geometry":{"type":"LineString","coordinates":[[78.42776,17.31831],[78.42681,17.3172],[78.42563,17.31588],[78.42534,17.31546],[78.42525,17.31532],[78.42506,17.31491],[78.42484,17.31433],[78.42475,17.31413],[78.42455,17.31364],[78.42391,17.31221],[78.42353,17.31132]]}},{"type":"Feature","properties":{"name":"Flyover","highway":"trunk","policy":""},"geometry":{"type":"LineString","coordinates":[[78.42341,17.31136],[78.4241,17.31289],[78.42458,17.31406],[78.42464,17.31418],[78.42473,17.31439],[78.425,17.315],[78.42519,17.31541],[78.42547,17.31584],[78.426,17.31647],[78.42729,17.31796],[78.42759,17.31833]]}},{"type":"Feature","properties":{"name":"Outer Ring Road","highway":"motorway","policy":""},"geometry":{"type":"LineString","coordinates":[[78.41128,17.59452],[78.41046,17.59413]]}},{"type":"Feature","properties":{"name":"Outer Ring Road","highway":"motorway","policy":""},"geometry":{"type":"LineString","coordinates":[[78.41223,17.59514],[78.41282,17.59539],[78.41672,17.59698]]}},{"type":"Feature","properties":{"name":"Outer Ring Road","highway":"motorway","policy":""},"geometry":{"type":"LineString","coordinates":[[78.65811,17.49913],[78.65806,17.49923]]}},{"type":"Feature","properties":{"name":"Outer Ring Road","highway":"motorway","policy":""},"geometry":{"type":"LineString","coordinates":[[78.65823,17.49931],[78.65829,17.49921]]}},{"type":"Feature","properties":{"name":"Outer Ring Road","highway":"motorway","policy":""},"geometry":{"type":"LineString","coordinates":[[78.36594,17.33931],[78.36546,17.3401]]}},{"type":"Feature","properties":{"name":"Outer Ring Road","highway":"motorway","policy":""},"geometry":{"type":"LineString","coordinates":[[78.36563,17.34019],[78.36613,17.33936]]}},{"type":"Feature","properties":{"name":"Outer Ring Road","highway":"motorway","policy":""},"geometry":{"type":"LineString","coordinates":[[78.3742,17.32605],[78.37448,17.32558]]}},{"type":"Feature","properties":{"name":"Outer Ring Road","highway":"motorway","policy":""},"geometry":{"type":"LineString","coordinates":[[78.54538,17.21646],[78.54548,17.2165]]}},{"type":"Feature","properties":{"name":"Outer Ring Road","highway":"motorway","policy":""},"geometry":{"type":"LineString","coordinates":[[78.53734,17.21434],[78.54129,17.2152],[78.54184,17.21534],[78.54239,17.21548],[78.54293,17.21563],[78.54346,17.21579],[78.54399,17.21596],[78.54452,17.21614],[78.54504,17.21633],[78.54538,17.21646]]}},{"type":"Feature","properties":{"name":"Outer Ring Road","highway":"motorway","policy":""},"geometry":{"type":"LineString","coordinates":[[78.54555,17.21633],[78.54545,17.21629]]}},{"type":"Feature","properties":{"name":"Outer Ring Road","highway":"motorway","policy":""},"geometry":{"type":"LineString","coordinates":[[78.57166,17.22817],[78.57026,17.22744],[78.56927,17.22694],[78.56828,17.22644],[78.56727,17.22594],[78.56627,17.22544],[78.56577,17.2252],[78.56375,17.22422],[78.56285,17.2238],[78.56084,17.22285],[78.55983,17.22238],[78.55883,17.22192],[78.55781,17.22147],[78.55678,17.22101],[78.55575,17.22056],[78.55473,17.22011],[78.55364,17.21964]]}},{"type":"Feature","properties":{"name":"Outer Ring Road","highway":"motorway","policy":""},"geometry":{"type":"LineString","coordinates":[[78.5342,17.21364],[78.53734,17.21434]]}},{"type":"Feature","properties":{"name":"Outer Ring Road","highway":"motorway","policy":""},"geometry":{"type":"LineString","coordinates":[[78.53676,17.21402],[78.5336,17.21332]]}},{"type":"Feature","properties":{"name":"Outer Ring Road","highway":"motorway","policy":""},"geometry":{"type":"LineString","coordinates":[[78.5379,17.21427],[78.53676,17.21402]]}},{"type":"Feature","properties":{"name":"Outer Ring Road","highway":"motorway","policy":""},"geometry":{"type":"LineString","coordinates":[[78.53376,17.21355],[78.5342,17.21364]]}},{"type":"Feature","properties":{"name":"Outer Ring Road","highway":"motorway","policy":""},"geometry":{"type":"LineString","coordinates":[[78.53218,17.2132],[78.53376,17.21355]]}},{"type":"Feature","properties":{"name":"Outer Ring Road","highway":"motorway","policy":""},"geometry":{"type":"LineString","coordinates":[[78.51618,17.20949],[78.51299,17.20879]]}},{"type":"Feature","properties":{"name":"Outer Ring Road","highway":"motorway","policy":""},"geometry":{"type":"LineString","coordinates":[[78.5221,17.21079],[78.5173,17.20974]]}},{"type":"Feature","properties":{"name":"Outer Ring Road","highway":"motorway","policy":""},"geometry":{"type":"LineString","coordinates":[[78.5336,17.21332],[78.53229,17.21304]]}},{"type":"Feature","properties":{"name":"Outer Ring Road","highway":"motorway","policy":""},"geometry":{"type":"LineString","coordinates":[[78.52752,17.21217],[78.53195,17.21315]]}},{"type":"Feature","properties":{"name":"Outer Ring Road","highway":"motorway","policy":""},"geometry":{"type":"LineString","coordinates":[[78.4715,17.20413],[78.47184,17.2041],[78.47211,17.20408],[78.47232,17.20407]]}},{"type":"Feature","properties":{"name":"Outer Ring Road","highway":"motorway","policy":""},"geometry":{"type":"LineString","coordinates":[[78.47217,17.20389],[78.47209,17.20389],[78.47183,17.20391],[78.47148,17.20394]]}},{"type":"Feature","properties":{"name":"Outer Ring Road","highway":"motorway","policy":""},"geometry":{"type":"LineString","coordinates":[[78.48716,17.20393],[78.48702,17.20392],[78.48646,17.20388],[78.48618,17.20386]]}},{"type":"Feature","properties":{"name":"Outer Ring Road","highway":"motorway","policy":""},"geometry":{"type":"LineString","coordinates":[[78.48685,17.20409],[78.48701,17.20411],[78.4871,17.20411]]}},{"type":"Feature","properties":{"name":"Outer Ring Road","highway":"motorway","policy":""},"geometry":{"type":"LineString","coordinates":[[78.4814,17.20391],[78.48197,17.20391]]}},{"type":"Feature","properties":{"name":"Outer Ring Road","highway":"motorway","policy":""},"geometry":{"type":"LineString","coordinates":[[78.48085,17.20391],[78.4814,17.20391]]}},{"type":"Feature","properties":{"name":"Outer Ring Road","highway":"motorway","policy":""},"geometry":{"type":"LineString","coordinates":[[78.53195,17.21315],[78.53218,17.2132]]}},{"type":"Feature","properties":{"name":"Outer Ring Road","highway":"motorway","policy":""},"geometry":{"type":"LineString","coordinates":[[78.53229,17.21304],[78.52777,17.21204]]}},{"type":"Feature","properties":{"name":"Outer Ring Road","highway":"motorway","policy":""},"geometry":{"type":"LineString","coordinates":[[78.52338,17.21126],[78.52708,17.21208]]}},{"type":"Feature","properties":{"name":"Outer Ring Road","highway":"motorway","policy":""},"geometry":{"type":"LineString","coordinates":[[78.52385,17.21118],[78.52302,17.211]]}},{"type":"Feature","properties":{"name":"Outer Ring Road","highway":"motorway","policy":""},"geometry":{"type":"LineString","coordinates":[[78.47968,17.20374],[78.47635,17.20378]]}},{"type":"Feature","properties":{"name":"Outer Ring Road","highway":"motorway","policy":""},"geometry":{"type":"LineString","coordinates":[[78.4797,17.20392],[78.47984,17.20392]]}},{"type":"Feature","properties":{"name":"Outer Ring Road","highway":"motorway","policy":""},"geometry":{"type":"LineString","coordinates":[[78.4021,17.20347],[78.4032,17.20342]]}},{"type":"Feature","properties":{"name":"Outer Ring Road","highway":"motorway","policy":""},"geometry":{"type":"LineString","coordinates":[[78.40209,17.20328],[78.39937,17.20341]]}},{"type":"Feature","properties":{"name":"Outer Ring Road","highway":"motorway","policy":""},"geometry":{"type":"LineString","coordinates":[[78.3954,17.20377],[78.39554,17.20377],[78.39803,17.20366]]}},{"type":"Feature","properties":{"name":"Outer Ring Road","highway":"motorway","policy":""},"geometry":{"type":"LineString","coordinates":[[78.39802,17.20347],[78.39554,17.20358],[78.39539,17.20359]]}},{"type":"Feature","properties":{"name":"Outer Ring Road","highway":"motorway","policy":""},"geometry":{"type":"LineString","coordinates":[[78.37918,17.24877],[78.37947,17.24821]]}},{"type":"Feature","properties":{"name":"Outer Ring Road","highway":"motorway","policy":""},"geometry":{"type":"LineString","coordinates":[[78.37858,17.2499],[78.37865,17.24978]]}},{"type":"Feature","properties":{"name":"Outer Ring Road","highway":"motorway","policy":""},"geometry":{"type":"LineString","coordinates":[[78.37856,17.24994],[78.37858,17.2499]]}},{"type":"Feature","properties":{"name":"Outer Ring Road","highway":"motorway","policy":""},"geometry":{"type":"LineString","coordinates":[[78.37919,17.24833],[78.37849,17.24965]]}},{"type":"Feature","properties":{"name":"Outer Ring Road","highway":"motorway","policy":""},"geometry":{"type":"LineString","coordinates":[[78.37849,17.24965],[78.3784,17.24982]]}},{"type":"Feature","properties":{"name":"Outer Ring Road","highway":"motorway","policy":""},"geometry":{"type":"LineString","coordinates":[[78.3784,17.24982],[78.37833,17.24996],[78.37806,17.25048]]}},{"type":"Feature","properties":{"name":"Outer Ring Road","highway":"motorway","policy":""},"geometry":{"type":"LineString","coordinates":[[78.64946,17.51195],[78.64938,17.51208],[78.64914,17.51245]]}},{"type":"Feature","properties":{"name":"Outer Ring Road","highway":"motorway","policy":""},"geometry":{"type":"LineString","coordinates":[[78.64931,17.51254],[78.64954,17.51217],[78.64958,17.51211]]}},{"type":"Feature","properties":{"name":"Outer Ring Road","highway":"motorway","policy":""},"geometry":{"type":"LineString","coordinates":[[78.37975,17.24727],[78.37948,17.24778]]}},{"type":"Feature","properties":{"name":"Outer Ring Road","highway":"motorway","policy":""},"geometry":{"type":"LineString","coordinates":[[78.38008,17.27147],[78.38013,17.27157]]}},{"type":"Feature","properties":{"name":"Outer Ring Road","highway":"motorway","policy":""},"geometry":{"type":"LineString","coordinates":[[78.37716,17.26434],[78.38008,17.27147]]}},{"type":"Feature","properties":{"name":"Outer Ring Road","highway":"motorway","policy":""},"geometry":{"type":"LineString","coordinates":[[78.38027,17.2714],[78.37735,17.2643]]}},{"type":"Feature","properties":{"name":"Outer Ring Road","highway":"motorway","policy":""},"geometry":{"type":"LineString","coordinates":[[78.38031,17.27151],[78.38027,17.2714]]}},{"type":"Feature","properties":{"name":"Outer Ring Road","highway":"motorway","policy":""},"geometry":{"type":"LineString","coordinates":[[78.37549,17.25773],[78.3755,17.25744],[78.37552,17.25715]]}},{"type":"Feature","properties":{"name":"Outer Ring Road","highway":"motorway","policy":""},"geometry":{"type":"LineString","coordinates":[[78.37568,17.25617],[78.37572,17.25599],[78.37576,17.25581],[78.37584,17.25554]]}},{"type":"Feature","properties":{"name":"Outer Ring Road","highway":"motorway","policy":""},"geometry":{"type":"LineString","coordinates":[[78.37584,17.25554],[78.37592,17.25527],[78.37598,17.25509]]}},{"type":"Feature","properties":{"name":"Outer Ring Road","highway":"motorway","policy":""},"geometry":{"type":"LineString","coordinates":[[78.3761,17.25428],[78.37602,17.25447],[78.37593,17.25467]]}},{"type":"Feature","properties":{"name":"Outer Ring Road","highway":"motorway","policy":""},"geometry":{"type":"LineString","coordinates":[[78.37664,17.25316],[78.3765,17.25344],[78.37637,17.25372],[78.37623,17.254],[78.3761,17.25428]]}},{"type":"Feature","properties":{"name":"Outer Ring Road","highway":"motorway","policy":""},"geometry":{"type":"LineString","coordinates":[[78.37674,17.25297],[78.37667,17.25311],[78.37664,17.25316]]}},{"type":"Feature","properties":{"name":"Outer Ring Road","highway":"motorway","policy":""},"geometry":{"type":"LineString","coordinates":[[78.37795,17.25109],[78.37844,17.25018]]}},{"type":"Feature","properties":{"name":"Outer Ring Road","highway":"motorway","policy":""},"geometry":{"type":"LineString","coordinates":[[78.37844,17.25018],[78.37856,17.24994]]}},{"type":"Feature","properties":{"name":"Outer Ring Road","highway":"motorway","policy":""},"geometry":{"type":"LineString","coordinates":[[78.37773,17.2515],[78.37791,17.25117]]}},{"type":"Feature","properties":{"name":"Outer Ring Road","highway":"motorway","policy":""},"geometry":{"type":"LineString","coordinates":[[78.37743,17.25208],[78.37751,17.25194]]}},{"type":"Feature","properties":{"name":"Outer Ring Road","highway":"motorway","policy":""},"geometry":{"type":"LineString","coordinates":[[78.37699,17.25293],[78.37715,17.25262],[78.37743,17.25208]]}},{"type":"Feature","properties":{"name":"Outer Ring Road","highway":"motorway","policy":""},"geometry":{"type":"LineString","coordinates":[[78.3769,17.2531],[78.37699,17.25293]]}},{"type":"Feature","properties":{"name":"Outer Ring Road","highway":"motorway","policy":""},"geometry":{"type":"LineString","coordinates":[[78.37683,17.2528],[78.37674,17.25297]]}},{"type":"Feature","properties":{"name":"Outer Ring Road","highway":"motorway","policy":""},"geometry":{"type":"LineString","coordinates":[[78.3775,17.25155],[78.37683,17.2528]]}},{"type":"Feature","properties":{"name":"Outer Ring Road","highway":"motorway","policy":""},"geometry":{"type":"LineString","coordinates":[[78.37794,17.2507],[78.37776,17.25105]]}},{"type":"Feature","properties":{"name":"Outer Ring Road","highway":"motorway","policy":""},"geometry":{"type":"LineString","coordinates":[[78.37806,17.25048],[78.37794,17.2507]]}},{"type":"Feature","properties":{"name":"Outer Ring Road","highway":"motorway","policy":""},"geometry":{"type":"LineString","coordinates":[[78.37642,17.26204],[78.37627,17.26166]]}},{"type":"Feature","properties":{"name":"Outer Ring Road","highway":"motorway","policy":""},"geometry":{"type":"LineString","coordinates":[[78.37726,17.2641],[78.37644,17.26208],[78.37642,17.26204]]}},{"type":"Feature","properties":{"name":"Outer Ring Road","highway":"motorway","policy":""},"geometry":{"type":"LineString","coordinates":[[78.37537,17.25912],[78.37542,17.25947],[78.37544,17.25958]]}},{"type":"Feature","properties":{"name":"Outer Ring Road","highway":"motorway","policy":""},"geometry":{"type":"LineString","coordinates":[[78.37529,17.25796],[78.3753,17.25839],[78.37532,17.25876],[78.37537,17.25912]]}},{"type":"Feature","properties":{"name":"Outer Ring Road","highway":"motorway","policy":""},"geometry":{"type":"LineString","coordinates":[[78.37552,17.25715],[78.37555,17.25691],[78.37557,17.25678],[78.37558,17.25666],[78.37563,17.25641],[78.37568,17.25617]]}},{"type":"Feature","properties":{"name":"Outer Ring Road","highway":"motorway","policy":""},"geometry":{"type":"LineString","coordinates":[[78.37548,17.25796],[78.37549,17.25773]]}},{"type":"Feature","properties":{"name":"Outer Ring Road","highway":"motorway","policy":""},"geometry":{"type":"LineString","coordinates":[[78.37544,17.25958],[78.3755,17.25986],[78.37558,17.26021],[78.37568,17.26057],[78.37579,17.26091],[78.37593,17.26131],[78.37609,17.26172],[78.37626,17.26214],[78.37707,17.26414]]}},{"type":"Feature","properties":{"name":"Outer Ring Road","highway":"motorway","policy":""},"geometry":{"type":"LineString","coordinates":[[78.37529,17.25773],[78.37529,17.25796]]}},{"type":"Feature","properties":{"name":"Outer Ring Road","highway":"motorway","policy":""},"geometry":{"type":"LineString","coordinates":[[78.32694,17.40858],[78.32677,17.40865]]}},{"type":"Feature","properties":{"name":"Outer Ring Road","highway":"motorway","policy":""},"geometry":{"type":"LineString","coordinates":[[78.32556,17.40926],[78.326,17.40912],[78.32643,17.40897]]}},{"type":"Feature","properties":{"name":"Outer Ring Road","highway":"motorway","policy":""},"geometry":{"type":"LineString","coordinates":[[78.32438,17.40962],[78.32494,17.40946],[78.32547,17.40929],[78.32556,17.40926]]}},{"type":"Feature","properties":{"name":"Outer Ring Road","highway":"motorway","policy":""},"geometry":{"type":"LineString","coordinates":[[78.32088,17.41028],[78.3175,17.4111]]}},{"type":"Feature","properties":{"name":"Outer Ring Road","highway":"motorway","policy":""},"geometry":{"type":"LineString","coordinates":[[78.31755,17.41128],[78.31825,17.41111],[78.32081,17.41049]]}},{"type":"Feature","properties":{"name":"Outer Ring Road","highway":"motorway","policy":""},"geometry":{"type":"LineString","coordinates":[[78.32727,17.40846],[78.32697,17.40858],[78.32694,17.40858]]}},{"type":"Feature","properties":{"name":"Outer Ring Road","highway":"motorway","policy":""},"geometry":{"type":"LineString","coordinates":[[78.32666,17.40889],[78.32704,17.40875],[78.3274,17.40861]]}},{"type":"Feature","properties":{"name":"Outer Ring Road","highway":"motorway","policy":""},"geometry":{"type":"LineString","coordinates":[[78.37409,17.32585],[78.37395,17.32609]]}},{"type":"Feature","properties":{"name":"Outer Ring Road","highway":"motorway","policy":""},"geometry":{"type":"LineString","coordinates":[[78.37395,17.32609],[78.37332,17.32713]]}},{"type":"Feature","properties":{"name":"Outer Ring Road","highway":"motorway","policy":""},"geometry":{"type":"LineString","coordinates":[[78.37431,17.32549],[78.37426,17.32557]]}},{"type":"Feature","properties":{"name":"Outer Ring Road","highway":"motorway","policy":""},"geometry":{"type":"LineString","coordinates":[[78.37381,17.32669],[78.37403,17.32633]]}},{"type":"Feature","properties":{"name":"Outer Ring Road","highway":"motorway","policy":""},"geometry":{"type":"LineString","coordinates":[[78.3741,17.32622],[78.3742,17.32605]]}},{"type":"Feature","properties":{"name":"Outer Ring Road","highway":"motorway","policy":""},"geometry":{"type":"LineString","coordinates":[[78.37349,17.32723],[78.37381,17.32669]]}},{"type":"Feature","properties":{"name":"Outer Ring Road","highway":"motorway","policy":""},"geometry":{"type":"LineString","coordinates":[[78.27611,17.4185],[78.27573,17.41863],[78.2752,17.41881],[78.27228,17.41975],[78.27175,17.41993],[78.27122,17.42014],[78.2707,17.42036],[78.27026,17.42057],[78.27002,17.4207],[78.26977,17.42083],[78.26954,17.42098],[78.2693,17.42112],[78.26907,17.42127],[78.26884,17.42142],[78.26862,17.42158],[78.2684,17.42175],[78.26818,17.42192],[78.26797,17.42209],[78.26776,17.42227],[78.26756,17.42246],[78.26736,17.42264],[78.26717,17.42284],[78.26697,17.42303],[78.26679,17.42323],[78.26661,17.42344],[78.26643,17.42366],[78.26625,17.42387],[78.26609,17.4241],[78.26592,17.42432],[78.26577,17.42455],[78.26561,17.42478],[78.26547,17.42502],[78.26533,17.42526],[78.2652,17.4255],[78.26507,17.42574],[78.26495,17.42599],[78.26484,17.42624],[78.26473,17.42649],[78.26463,17.42674],[78.26453,17.427],[78.26444,17.42725],[78.26434,17.42752]]}},{"type":"Feature","properties":{"name":"Outer Ring Road","highway":"motorway","policy":""},"geometry":{"type":"LineString","coordinates":[[78.35049,17.39614],[78.35043,17.39622],[78.35032,17.39636],[78.35023,17.39646]]}},{"type":"Feature","properties":{"name":"Outer Ring Road","highway":"motorway","policy":""},"geometry":{"type":"LineString","coordinates":[[78.35023,17.39646],[78.35021,17.39649],[78.35009,17.39662],[78.34992,17.3968],[78.34974,17.39697],[78.34955,17.39713],[78.34936,17.39729],[78.34916,17.39745]]}},{"type":"Feature","properties":{"name":"Outer Ring Road","highway":"motorway","policy":""},"geometry":{"type":"LineString","coordinates":[[78.34757,17.3986],[78.34772,17.39852]]}},{"type":"Feature","properties":{"name":"Outer Ring Road","highway":"motorway","policy":""},"geometry":{"type":"LineString","coordinates":[[78.34772,17.39852],[78.34782,17.39847],[78.34807,17.39833]]}},{"type":"Feature","properties":{"name":"Outer Ring Road","highway":"motorway","policy":""},"geometry":{"type":"LineString","coordinates":[[78.34669,17.39906],[78.34693,17.39893]]}},{"type":"Feature","properties":{"name":"Outer Ring Road","highway":"motorway","policy":""},"geometry":{"type":"LineString","coordinates":[[78.34807,17.39833],[78.34832,17.3982],[78.34856,17.39806],[78.3488,17.39791],[78.34904,17.39776],[78.34927,17.39759],[78.34948,17.39744],[78.34968,17.39727],[78.34987,17.3971],[78.35006,17.39693],[78.35023,17.39675],[78.35035,17.39661],[78.35048,17.39647],[78.35059,17.39633],[78.3507,17.39618],[78.3508,17.39604],[78.35091,17.39589],[78.351,17.39574],[78.35109,17.39559],[78.35119,17.39543],[78.35127,17.39526],[78.35135,17.39509],[78.35143,17.39492],[78.3515,17.39476],[78.35156,17.39461],[78.35162,17.39444],[78.35167,17.39428],[78.35172,17.39411],[78.35177,17.39394],[78.35181,17.39376],[78.35185,17.39359],[78.35188,17.39341],[78.35191,17.39324],[78.35193,17.39306],[78.35194,17.39288],[78.35195,17.3927],[78.35196,17.39252],[78.35196,17.39234],[78.35196,17.39216],[78.35196,17.39187],[78.35194,17.39144],[78.35191,17.39066]]}},{"type":"Feature","properties":{"name":"Outer Ring Road","highway":"motorway","policy":""},"geometry":{"type":"LineString","coordinates":[[78.33426,17.40527],[78.33471,17.40504]]}},{"type":"Feature","properties":{"name":"Outer Ring Road","highway":"motorway","policy":""},"geometry":{"type":"LineString","coordinates":[[78.33471,17.40504],[78.33533,17.40473],[78.33544,17.40467]]}},{"type":"Feature","properties":{"name":"Outer Ring Road","highway":"motorway","policy":""},"geometry":{"type":"LineString","coordinates":[[78.3308,17.40702],[78.33393,17.40543]]}},{"type":"Feature","properties":{"name":"Outer Ring Road","highway":"motorway","policy":""},"geometry":{"type":"LineString","coordinates":[[78.33384,17.40527],[78.33071,17.40685]]}},{"type":"Feature","properties":{"name":"Outer Ring Road","highway":"motorway","policy":""},"geometry":{"type":"LineString","coordinates":[[78.2968,17.41282],[78.30141,17.41283],[78.30197,17.41282],[78.30253,17.41281],[78.30309,17.41278],[78.30364,17.41274],[78.3048,17.41266]]}},{"type":"Feature","properties":{"name":"Outer Ring Road","highway":"motorway","policy":""},"geometry":{"type":"LineString","coordinates":[[78.34493,17.39977],[78.34445,17.40003]]}},{"type":"Feature","properties":{"name":"Outer Ring Road","highway":"motorway","policy":""},"geometry":{"type":"LineString","coordinates":[[78.38062,17.27227],[78.38031,17.27151]]}},{"type":"Feature","properties":{"name":"Outer Ring Road","highway":"motorway","policy":""},"geometry":{"type":"LineString","coordinates":[[78.38187,17.23316],[78.3818,17.23928]]}},{"type":"Feature","properties":{"name":"Outer Ring Road","highway":"motorway","policy":""},"geometry":{"type":"LineString","coordinates":[[78.65927,17.49695],[78.6591,17.49725],[78.65884,17.49774],[78.65811,17.49913]]}},{"type":"Feature","properties":{"name":"Outer Ring Road","highway":"motorway","policy":""},"geometry":{"type":"LineString","coordinates":[[78.55002,17.21812],[78.54953,17.21792],[78.5485,17.2175],[78.54555,17.21633]]}},{"type":"Feature","properties":{"name":"Outer Ring Road","highway":"motorway","policy":""},"geometry":{"type":"LineString","coordinates":[[78.50493,17.20725],[78.51284,17.20895]]}},{"type":"Feature","properties":{"name":"Outer Ring Road","highway":"motorway","policy":""},"geometry":{"type":"LineString","coordinates":[[78.51288,17.20877],[78.49838,17.20565]]}},{"type":"Feature","properties":{"name":"Outer Ring Road","highway":"motorway","policy":""},"geometry":{"type":"LineString","coordinates":[[78.45355,17.20392],[78.45465,17.20395]]}},{"type":"Feature","properties":{"name":"Outer Ring Road","highway":"motorway","policy":""},"geometry":{"type":"LineString","coordinates":[[78.38217,17.22386],[78.38219,17.2216],[78.3822,17.22106],[78.38222,17.22051],[78.38227,17.21998],[78.38233,17.21944],[78.38242,17.21891],[78.38253,17.21839],[78.38266,17.21786],[78.38281,17.21734],[78.38298,17.21683],[78.38318,17.21633],[78.38323,17.21622]]}},{"type":"Feature","properties":{"name":"Outer Ring Road","highway":"motorway","policy":""},"geometry":{"type":"LineString","coordinates":[[78.42066,17.20327],[78.41106,17.20306]]}},{"type":"Feature","properties":{"name":"Outer Ring Road","highway":"motorway","policy":""},"geometry":{"type":"LineString","coordinates":[[78.49022,17.59983],[78.4906,17.59974]]}},{"type":"Feature","properties":{"name":"Outer Ring Road","highway":"motorway","policy":""},"geometry":{"type":"LineString","coordinates":[[78.49241,17.59911],[78.49194,17.59923]]}},{"type":"Feature","properties":{"name":"Outer Ring Road","highway":"motorway","policy":""},"geometry":{"type":"LineString","coordinates":[[78.49193,17.59942],[78.4922,17.59936]]}},{"type":"Feature","properties":{"name":"Outer Ring Road","highway":"motorway","policy":""},"geometry":{"type":"LineString","coordinates":[[78.4922,17.59936],[78.49238,17.59931]]}},{"type":"Feature","properties":{"name":"Outer Ring Road","highway":"motorway","policy":""},"geometry":{"type":"LineString","coordinates":[[78.48005,17.20373],[78.47984,17.20373]]}},{"type":"Feature","properties":{"name":"Outer Ring Road","highway":"motorway","policy":""},"geometry":{"type":"LineString","coordinates":[[78.47997,17.20392],[78.48031,17.20391]]}},{"type":"Feature","properties":{"name":"Outer Ring Road","highway":"motorway","policy":""},"geometry":{"type":"LineString","coordinates":[[78.47232,17.20407],[78.47245,17.20406]]}},{"type":"Feature","properties":{"name":"Outer Ring Road","highway":"motorway","policy":""},"geometry":{"type":"LineString","coordinates":[[78.47243,17.20387],[78.47217,17.20389]]}},{"type":"Feature","properties":{"name":"Outer Ring Road","highway":"motorway","policy":""},"geometry":{"type":"LineString","coordinates":[[78.40266,17.20326],[78.40209,17.20328]]}},{"type":"Feature","properties":{"name":"Outer Ring Road","highway":"motorway","policy":""},"geometry":{"type":"LineString","coordinates":[[78.37865,17.24978],[78.37885,17.24939]]}},{"type":"Feature","properties":{"name":"Outer Ring Road","highway":"motorway","policy":""},"geometry":{"type":"LineString","coordinates":[[78.37751,17.25194],[78.37765,17.25167]]}},{"type":"Feature","properties":{"name":"Outer Ring Road","highway":"motorway","policy":""},"geometry":{"type":"LineString","coordinates":[[78.37948,17.24778],[78.3794,17.24793]]}},{"type":"Feature","properties":{"name":"Outer Ring Road","highway":"motorway","policy":""},"geometry":{"type":"LineString","coordinates":[[78.3794,17.24793],[78.3793,17.24812]]}},{"type":"Feature","properties":{"name":"Outer Ring Road","highway":"motorway","policy":""},"geometry":{"type":"LineString","coordinates":[[78.68384,17.40087],[78.68405,17.40007],[78.68419,17.39954],[78.68432,17.39901],[78.68443,17.39848],[78.68453,17.39795],[78.68462,17.39742],[78.68471,17.39687],[78.68478,17.39634],[78.68483,17.39581],[78.68488,17.39527],[78.68492,17.39472],[78.68493,17.39436]]}},{"type":"Feature","properties":{"name":"Outer Ring Road","highway":"motorway","policy":""},"geometry":{"type":"LineString","coordinates":[[78.67078,17.35439],[78.67547,17.36051]]}},{"type":"Feature","properties":{"name":"Outer Ring Road","highway":"motorway","policy":""},"geometry":{"type":"LineString","coordinates":[[78.68218,17.37635],[78.68228,17.37695]]}},{"type":"Feature","properties":{"name":"Outer Ring Road","highway":"motorway","policy":""},"geometry":{"type":"LineString","coordinates":[[78.68236,17.37626],[78.68187,17.3735]]}},{"type":"Feature","properties":{"name":"Outer Ring Road","highway":"motorway","policy":""},"geometry":{"type":"LineString","coordinates":[[78.68165,17.37226],[78.68122,17.36986],[78.68114,17.3694]]}},{"type":"Feature","properties":{"name":"Outer Ring Road","highway":"motorway","policy":""},"geometry":{"type":"LineString","coordinates":[[78.68095,17.36946],[78.68103,17.36988],[78.68146,17.37229]]}},{"type":"Feature","properties":{"name":"Outer Ring Road","highway":"motorway","policy":""},"geometry":{"type":"LineString","coordinates":[[78.68228,17.37695],[78.68242,17.37775]]}},{"type":"Feature","properties":{"name":"Outer Ring Road","highway":"motorway","policy":""},"geometry":{"type":"LineString","coordinates":[[78.68266,17.37799],[78.68247,17.37692]]}},{"type":"Feature","properties":{"name":"Outer Ring Road","highway":"motorway","policy":""},"geometry":{"type":"LineString","coordinates":[[78.68242,17.37775],[78.68327,17.38251]]}},{"type":"Feature","properties":{"name":"Outer Ring Road","highway":"motorway","policy":""},"geometry":{"type":"LineString","coordinates":[[78.68347,17.38256],[78.68266,17.37799]]}},{"type":"Feature","properties":{"name":"Outer Ring Road","highway":"motorway","policy":""},"geometry":{"type":"LineString","coordinates":[[78.65842,17.31991],[78.6584,17.31974]]}},{"type":"Feature","properties":{"name":"Outer Ring Road","highway":"motorway","policy":""},"geometry":{"type":"LineString","coordinates":[[78.65793,17.31783],[78.65796,17.31799],[78.65799,17.31819]]}},{"type":"Feature","properties":{"name":"Outer Ring Road","highway":"motorway","policy":""},"geometry":{"type":"LineString","coordinates":[[78.65813,17.31784],[78.65806,17.31751]]}},{"type":"Feature","properties":{"name":"Outer Ring Road","highway":"motorway","policy":""},"geometry":{"type":"LineString","coordinates":[[78.65787,17.31753],[78.65793,17.31783]]}},{"type":"Feature","properties":{"name":"Outer Ring Road","highway":"motorway","policy":""},"geometry":{"type":"LineString","coordinates":[[78.65778,17.31617],[78.65728,17.31389]]}},{"type":"Feature","properties":{"name":"Outer Ring Road","highway":"motorway","policy":""},"geometry":{"type":"LineString","coordinates":[[78.65684,17.3128],[78.65697,17.3134]]}},{"type":"Feature","properties":{"name":"Outer Ring Road","highway":"motorway","policy":""},"geometry":{"type":"LineString","coordinates":[[78.65643,17.31095],[78.65684,17.3128]]}},{"type":"Feature","properties":{"name":"Outer Ring Road","highway":"motorway","policy":""},"geometry":{"type":"LineString","coordinates":[[78.65243,17.29201],[78.65241,17.2919]]}},{"type":"Feature","properties":{"name":"Outer Ring Road","highway":"motorway","policy":""},"geometry":{"type":"LineString","coordinates":[[78.65224,17.29204],[78.65401,17.30001]]}},{"type":"Feature","properties":{"name":"Outer Ring Road","highway":"motorway","policy":""},"geometry":{"type":"LineString","coordinates":[[78.65401,17.30001],[78.65643,17.31095]]}},{"type":"Feature","properties":{"name":"Outer Ring Road","highway":"motorway","policy":""},"geometry":{"type":"LineString","coordinates":[[78.64812,17.28152],[78.64855,17.28194],[78.64874,17.28213],[78.64892,17.28232],[78.64917,17.2826],[78.6494,17.28288],[78.64957,17.2831],[78.64971,17.2833],[78.6498,17.28343],[78.64988,17.28356],[78.65002,17.28378],[78.65015,17.28402],[78.65027,17.28426],[78.65039,17.2845],[78.65049,17.28475],[78.65059,17.285],[78.65068,17.28525],[78.65076,17.28551],[78.65084,17.28577],[78.6509,17.28602],[78.65096,17.28628],[78.65102,17.28654],[78.65222,17.29194]]}},{"type":"Feature","properties":{"name":"Outer Ring Road","highway":"motorway","policy":""},"geometry":{"type":"LineString","coordinates":[[78.65241,17.2919],[78.65121,17.2865],[78.65115,17.28625],[78.65109,17.28598],[78.65102,17.28572],[78.65095,17.28546],[78.65086,17.2852],[78.65077,17.28494],[78.65067,17.28469],[78.65056,17.28443],[78.65044,17.28418],[78.65032,17.28394],[78.65018,17.2837],[78.65004,17.28346],[78.64989,17.28323],[78.64973,17.283],[78.64956,17.28278],[78.64932,17.28249],[78.64907,17.28221],[78.64888,17.28201],[78.64869,17.28182],[78.64825,17.28139]]}},{"type":"Feature","properties":{"name":"Outer Ring Road","highway":"motorway","policy":""},"geometry":{"type":"LineString","coordinates":[[78.65769,17.31666],[78.65779,17.3171]]}},{"type":"Feature","properties":{"name":"Outer Ring Road","highway":"motorway","policy":""},"geometry":{"type":"LineString","coordinates":[[78.65788,17.31663],[78.65778,17.31617]]}},{"type":"Feature","properties":{"name":"Outer Ring Road","highway":"motorway","policy":""},"geometry":{"type":"LineString","coordinates":[[78.65222,17.29194],[78.65224,17.29204]]}},{"type":"Feature","properties":{"name":"Outer Ring Road","highway":"motorway","policy":""},"geometry":{"type":"LineString","coordinates":[[78.65677,17.31161],[78.65243,17.29201]]}},{"type":"Feature","properties":{"name":"Outer Ring Road","highway":"motorway","policy":""},"geometry":{"type":"LineString","coordinates":[[78.62987,17.26561],[78.63281,17.2676],[78.63327,17.26791],[78.63372,17.26823],[78.63417,17.26856],[78.63461,17.2689],[78.63504,17.26925],[78.63546,17.26961],[78.63587,17.26998],[78.6362,17.27028]]}},{"type":"Feature","properties":{"name":"Outer Ring Road","highway":"motorway","policy":""},"geometry":{"type":"LineString","coordinates":[[78.6297,17.26549],[78.62987,17.26561]]}},{"type":"Feature","properties":{"name":"Outer Ring Road","highway":"motorway","policy":""},"geometry":{"type":"LineString","coordinates":[[78.62998,17.26546],[78.62981,17.26534]]}},{"type":"Feature","properties":{"name":"Outer Ring Road","highway":"motorway","policy":""},"geometry":{"type":"LineString","coordinates":[[78.63634,17.27015],[78.63601,17.26985],[78.63559,17.26948],[78.63517,17.26912],[78.63474,17.26877],[78.63429,17.26842],[78.63384,17.26809],[78.63338,17.26777],[78.63292,17.26745],[78.62998,17.26546]]}},{"type":"Feature","properties":{"name":"Outer Ring Road","highway":"motorway","policy":""},"geometry":{"type":"LineString","coordinates":[[78.63642,17.27023],[78.63634,17.27015]]}},{"type":"Feature","properties":{"name":"Outer Ring Road","highway":"motorway","policy":""},"geometry":{"type":"LineString","coordinates":[[78.6481,17.28125],[78.63642,17.27023]]}},{"type":"Feature","properties":{"name":"Outer Ring Road","highway":"motorway","policy":""},"geometry":{"type":"LineString","coordinates":[[78.63629,17.27036],[78.64796,17.28137]]}},{"type":"Feature","properties":{"name":"Outer Ring Road","highway":"motorway","policy":""},"geometry":{"type":"LineString","coordinates":[[78.6362,17.27028],[78.63629,17.27036]]}},{"type":"Feature","properties":{"name":"Outer Ring Road","highway":"motorway","policy":""},"geometry":{"type":"LineString","coordinates":[[78.64825,17.28139],[78.6481,17.28125]]}},{"type":"Feature","properties":{"name":"Outer Ring Road","highway":"motorway","policy":""},"geometry":{"type":"LineString","coordinates":[[78.64796,17.28137],[78.64812,17.28152]]}},{"type":"Feature","properties":{"name":"Outer Ring Road","highway":"motorway","policy":""},"geometry":{"type":"LineString","coordinates":[[78.66496,17.34648],[78.66074,17.34096],[78.66058,17.34074],[78.66042,17.34052],[78.66026,17.34029],[78.66011,17.34006],[78.65997,17.33983],[78.65984,17.3396],[78.65971,17.33936]]}},{"type":"Feature","properties":{"name":"Outer Ring Road","highway":"motorway","policy":""},"geometry":{"type":"LineString","coordinates":[[78.65848,17.32063],[78.65844,17.32013]]}},{"type":"Feature","properties":{"name":"Outer Ring Road","highway":"motorway","policy":""},"geometry":{"type":"LineString","coordinates":[[78.65844,17.32769],[78.65846,17.32919]]}},{"type":"Feature","properties":{"name":"Outer Ring Road","highway":"motorway","policy":""},"geometry":{"type":"LineString","coordinates":[[78.65833,17.32139],[78.65834,17.32172]]}},{"type":"Feature","properties":{"name":"Outer Ring Road","highway":"motorway","policy":""},"geometry":{"type":"LineString","coordinates":[[78.55354,17.58487],[78.56293,17.58112]]}},{"type":"Feature","properties":{"name":"Outer Ring Road","highway":"motorway","policy":""},"geometry":{"type":"LineString","coordinates":[[78.51649,17.5926],[78.5097,17.59356]]}},{"type":"Feature","properties":{"name":"Outer Ring Road","highway":"motorway","policy":""},"geometry":{"type":"LineString","coordinates":[[78.24918,17.46623],[78.24956,17.46384]]}},{"type":"Feature","properties":{"name":"Outer Ring Road","highway":"motorway","policy":""},"geometry":{"type":"LineString","coordinates":[[78.24899,17.4662],[78.24874,17.46783]]}},{"type":"Feature","properties":{"name":"Outer Ring Road","highway":"motorway","policy":""},"geometry":{"type":"LineString","coordinates":[[78.24884,17.46837],[78.2489,17.468]]}},{"type":"Feature","properties":{"name":"Outer Ring Road","highway":"motorway","policy":""},"geometry":{"type":"LineString","coordinates":[[78.2489,17.468],[78.24892,17.46787]]}},{"type":"Feature","properties":{"name":"Outer Ring Road","highway":"motorway","policy":""},"geometry":{"type":"LineString","coordinates":[[78.24872,17.46793],[78.24862,17.46856]]}},{"type":"Feature","properties":{"name":"Outer Ring Road","highway":"motorway","policy":""},"geometry":{"type":"LineString","coordinates":[[78.29154,17.55201],[78.29693,17.55258]]}},{"type":"Feature","properties":{"name":"Outer Ring Road","highway":"motorway","policy":""},"geometry":{"type":"LineString","coordinates":[[78.23729,17.53879],[78.23739,17.53891],[78.23748,17.53902]]}},{"type":"Feature","properties":{"name":"Outer Ring Road","highway":"motorway","policy":""},"geometry":{"type":"LineString","coordinates":[[78.23727,17.53845],[78.23706,17.53818]]}},{"type":"Feature","properties":{"name":"Outer Ring Road","highway":"motorway","policy":""},"geometry":{"type":"LineString","coordinates":[[78.23459,17.53157],[78.23457,17.53131],[78.23456,17.53105],[78.23455,17.53078],[78.23455,17.53051],[78.23456,17.53024],[78.23458,17.52997],[78.23459,17.5297],[78.23462,17.52943],[78.23464,17.52915],[78.23468,17.52887],[78.23472,17.5286],[78.23477,17.52835]]}},{"type":"Feature","properties":{"name":"Outer Ring Road","highway":"motorway","policy":""},"geometry":{"type":"LineString","coordinates":[[78.23516,17.53506],[78.23524,17.53528]]}},{"type":"Feature","properties":{"name":"Outer Ring Road","highway":"motorway","policy":""},"geometry":{"type":"LineString","coordinates":[[78.23673,17.53803],[78.23688,17.53825]]}},{"type":"Feature","properties":{"name":"Outer Ring Road","highway":"motorway","policy":""},"geometry":{"type":"LineString","coordinates":[[78.23459,17.533],[78.23463,17.53322],[78.23469,17.53349],[78.23475,17.53376],[78.23482,17.53402],[78.2349,17.53428],[78.23498,17.53454],[78.23505,17.53476]]}},{"type":"Feature","properties":{"name":"Outer Ring Road","highway":"motorway","policy":""},"geometry":{"type":"LineString","coordinates":[[78.23505,17.53476],[78.23506,17.5348],[78.23516,17.53506]]}},{"type":"Feature","properties":{"name":"Outer Ring Road","highway":"motorway","policy":""},"geometry":{"type":"LineString","coordinates":[[78.62693,17.55895],[78.62682,17.55923],[78.62662,17.55975],[78.6264,17.56026],[78.62617,17.56075],[78.62591,17.56124],[78.62564,17.56172],[78.62537,17.56218],[78.62508,17.56264],[78.62477,17.5631],[78.62446,17.56354],[78.62406,17.56405],[78.62371,17.56447],[78.62335,17.56489],[78.62296,17.5653],[78.62258,17.56568],[78.6222,17.56606],[78.62179,17.56642],[78.62135,17.56678],[78.62092,17.56712],[78.62049,17.56744],[78.62003,17.56776],[78.61955,17.56807],[78.61908,17.56836],[78.61859,17.56864],[78.61811,17.56891],[78.61762,17.56916],[78.61754,17.5692]]}},{"type":"Feature","properties":{"name":"Outer Ring Road","highway":"motorway","policy":""},"geometry":{"type":"LineString","coordinates":[[78.64164,17.52414],[78.63771,17.52904]]}},{"type":"Feature","properties":{"name":"Outer Ring Road","highway":"motorway","policy":""},"geometry":{"type":"LineString","coordinates":[[78.64489,17.51997],[78.64466,17.5203]]}},{"type":"Feature","properties":{"name":"Outer Ring Road","highway":"motorway","policy":""},"geometry":{"type":"LineString","coordinates":[[78.64593,17.51866],[78.64619,17.51819],[78.64645,17.51771],[78.64727,17.5162]]}},{"type":"Feature","properties":{"name":"Outer Ring Road","highway":"motorway","policy":""},"geometry":{"type":"LineString","coordinates":[[78.64579,17.51852],[78.64575,17.51858],[78.64548,17.51905]]}},{"type":"Feature","properties":{"name":"Outer Ring Road","highway":"motorway","policy":""},"geometry":{"type":"LineString","coordinates":[[78.32291,17.55797],[78.32295,17.55799],[78.32693,17.55946]]}},{"type":"Feature","properties":{"name":"Outer Ring Road","highway":"motorway","policy":""},"geometry":{"type":"LineString","coordinates":[[78.3163,17.55771],[78.31682,17.55761]]}},{"type":"Feature","properties":{"name":"Outer Ring Road","highway":"motorway","policy":""},"geometry":{"type":"LineString","coordinates":[[78.31627,17.55753],[78.31378,17.55801]]}},{"type":"Feature","properties":{"name":"Outer Ring Road","highway":"motorway","policy":""},"geometry":{"type":"LineString","coordinates":[[78.31796,17.55721],[78.3178,17.55724],[78.3172,17.55735]]}},{"type":"Feature","properties":{"name":"Outer Ring Road","highway":"motorway","policy":""},"geometry":{"type":"LineString","coordinates":[[78.327,17.55929],[78.32322,17.55789]]}},{"type":"Feature","properties":{"name":"Outer Ring Road","highway":"motorway","policy":""},"geometry":{"type":"LineString","coordinates":[[78.39443,17.58254],[78.39572,17.58358],[78.39616,17.58394],[78.40134,17.58819]]}},{"type":"Feature","properties":{"name":"Outer Ring Road","highway":"motorway","policy":""},"geometry":{"type":"LineString","coordinates":[[78.34512,17.5618],[78.33644,17.5617],[78.33593,17.56169],[78.33542,17.56166],[78.33493,17.56163],[78.33445,17.56158],[78.33436,17.56157]]}},{"type":"Feature","properties":{"name":"Outer Ring Road","highway":"motorway","policy":""},"geometry":{"type":"LineString","coordinates":[[78.24013,17.51334],[78.23997,17.51379],[78.23976,17.51435],[78.23956,17.5149],[78.23935,17.51547],[78.23914,17.51603],[78.2386,17.51739]]}},{"type":"Feature","properties":{"name":"Outer Ring Road","highway":"motorway","policy":""},"geometry":{"type":"LineString","coordinates":[[78.24031,17.5134],[78.24045,17.513]]}},{"type":"Feature","properties":{"name":"Outer Ring Road","highway":"motorway","policy":""},"geometry":{"type":"LineString","coordinates":[[78.24806,17.47331],[78.24816,17.4727]]}},{"type":"Feature","properties":{"name":"Outer Ring Road","highway":"motorway","policy":""},"geometry":{"type":"LineString","coordinates":[[78.24706,17.47967],[78.24806,17.47331]]}},{"type":"Feature","properties":{"name":"Outer Ring Road","highway":"motorway","policy":""},"geometry":{"type":"LineString","coordinates":[[78.42681,17.60091],[78.42588,17.60052],[78.42483,17.60009],[78.41689,17.59685]]}},{"type":"Feature","properties":{"name":"Outer Ring Road","highway":"motorway","policy":""},"geometry":{"type":"LineString","coordinates":[[78.3084,17.55764],[78.30822,17.55755],[78.308,17.55745],[78.30778,17.55733],[78.30756,17.55721],[78.30539,17.55598]]}},{"type":"Feature","properties":{"name":"Outer Ring Road","highway":"motorway","policy":""},"geometry":{"type":"LineString","coordinates":[[78.30528,17.55613],[78.30746,17.55736],[78.30768,17.55749],[78.30791,17.55761],[78.30813,17.55772]]}},{"type":"Feature","properties":{"name":"Outer Ring Road","highway":"motorway","policy":""},"geometry":{"type":"LineString","coordinates":[[78.30856,17.55771],[78.30844,17.55766],[78.3084,17.55764]]}},{"type":"Feature","properties":{"name":"Outer Ring Road","highway":"motorway","policy":""},"geometry":{"type":"LineString","coordinates":[[78.30813,17.55772],[78.30824,17.55777]]}},{"type":"Feature","properties":{"name":"Outer Ring Road","highway":"motorway","policy":""},"geometry":{"type":"LineString","coordinates":[[78.30824,17.55777],[78.30836,17.55783],[78.30859,17.55793],[78.30883,17.55803],[78.30902,17.5581]]}},{"type":"Feature","properties":{"name":"Outer Ring Road","highway":"motorway","policy":""},"geometry":{"type":"LineString","coordinates":[[78.30943,17.55804],[78.30937,17.55802],[78.30913,17.55794],[78.3089,17.55786],[78.30867,17.55776],[78.30856,17.55771]]}},{"type":"Feature","properties":{"name":"Outer Ring Road","highway":"motorway","policy":""},"geometry":{"type":"LineString","coordinates":[[78.23978,17.54113],[78.24007,17.54134],[78.24029,17.54149],[78.24053,17.54164],[78.24077,17.54179],[78.24102,17.54194],[78.24128,17.54209],[78.24141,17.54216]]}},{"type":"Feature","properties":{"name":"Outer Ring Road","highway":"motorway","policy":""},"geometry":{"type":"LineString","coordinates":[[78.24267,17.54255],[78.24263,17.54254],[78.24238,17.54243],[78.24212,17.54231],[78.24188,17.54219],[78.24163,17.54206],[78.24138,17.54193],[78.24112,17.54179],[78.24087,17.54164],[78.24064,17.54149],[78.24041,17.54134],[78.24019,17.5412],[78.24001,17.54107]]}},{"type":"Feature","properties":{"name":"Outer Ring Road","highway":"motorway","policy":""},"geometry":{"type":"LineString","coordinates":[[78.26212,17.54655],[78.25508,17.54522]]}},{"type":"Feature","properties":{"name":"Outer Ring Road","highway":"motorway","policy":""},"geometry":{"type":"LineString","coordinates":[[78.67024,17.46124],[78.67021,17.46106],[78.67011,17.46052],[78.67002,17.45998],[78.66987,17.45921]]}},{"type":"Feature","properties":{"name":"Outer Ring Road","highway":"motorway","policy":""},"geometry":{"type":"LineString","coordinates":[[78.67536,17.43113],[78.67531,17.43123],[78.67512,17.43168],[78.67506,17.43182]]}},{"type":"Feature","properties":{"name":"Outer Ring Road","highway":"motorway","policy":""},"geometry":{"type":"LineString","coordinates":[[78.66931,17.44172],[78.66941,17.44153]]}},{"type":"Feature","properties":{"name":"Outer Ring Road","highway":"motorway","policy":""},"geometry":{"type":"LineString","coordinates":[[78.66845,17.44382],[78.66854,17.44353],[78.66857,17.44346]]}},{"type":"Feature","properties":{"name":"Outer Ring Road","highway":"motorway","policy":""},"geometry":{"type":"LineString","coordinates":[[78.66854,17.44297],[78.66845,17.44322],[78.66836,17.44348],[78.66827,17.44377]]}},{"type":"Feature","properties":{"name":"Outer Ring Road","highway":"motorway","policy":""},"geometry":{"type":"LineString","coordinates":[[78.67007,17.44041],[78.67082,17.43925],[78.67134,17.43845]]}},{"type":"Feature","properties":{"name":"Outer Ring Road","highway":"motorway","policy":""},"geometry":{"type":"LineString","coordinates":[[78.672,17.4371],[78.67118,17.43835]]}},{"type":"Feature","properties":{"name":"Outer Ring Road","highway":"motorway","policy":""},"geometry":{"type":"LineString","coordinates":[[78.67265,17.43647],[78.67331,17.43546]]}},{"type":"Feature","properties":{"name":"Outer Ring Road","highway":"motorway","policy":""},"geometry":{"type":"LineString","coordinates":[[78.66789,17.44532],[78.66784,17.44561]]}},{"type":"Feature","properties":{"name":"Outer Ring Road","highway":"motorway","policy":""},"geometry":{"type":"LineString","coordinates":[[78.66781,17.44587],[78.66778,17.44611],[78.66775,17.44639],[78.66772,17.44666],[78.66771,17.44693]]}},{"type":"Feature","properties":{"name":"Outer Ring Road","highway":"motorway","policy":""},"geometry":{"type":"LineString","coordinates":[[78.66837,17.45141],[78.66818,17.45041],[78.66808,17.44988]]}},{"type":"Feature","properties":{"name":"Outer Ring Road","highway":"motorway","policy":""},"geometry":{"type":"LineString","coordinates":[[78.6683,17.45205],[78.66848,17.45298]]}},{"type":"Feature","properties":{"name":"Outer Ring Road","highway":"motorway","policy":""},"geometry":{"type":"LineString","coordinates":[[78.66927,17.45609],[78.66875,17.45336]]}},{"type":"Feature","properties":{"name":"Outer Ring Road","highway":"motorway","policy":""},"geometry":{"type":"LineString","coordinates":[[78.66929,17.4562],[78.66927,17.45609]]}},{"type":"Feature","properties":{"name":"Outer Ring Road","highway":"motorway","policy":""},"geometry":{"type":"LineString","coordinates":[[78.6691,17.45624],[78.66964,17.45906]]}},{"type":"Feature","properties":{"name":"Outer Ring Road","highway":"motorway","policy":""},"geometry":{"type":"LineString","coordinates":[[78.66908,17.45612],[78.6691,17.45624]]}},{"type":"Feature","properties":{"name":"Outer Ring Road","highway":"motorway","policy":""},"geometry":{"type":"LineString","coordinates":[[78.66926,17.44141],[78.66909,17.44173],[78.66897,17.44197],[78.66886,17.44222],[78.66883,17.44228]]}},{"type":"Feature","properties":{"name":"Inner Ring Road","highway":"trunk","policy":""},"geometry":{"type":"LineString","coordinates":[[78.49053,17.33209],[78.49068,17.33217],[78.49088,17.33233],[78.49095,17.33239],[78.49125,17.33263],[78.49167,17.33302],[78.4919,17.33322],[78.49249,17.33373]]}},{"type":"Feature","properties":{"name":"Falaknuma Road","highway":"trunk","policy":""},"geometry":{"type":"LineString","coordinates":[[78.47258,17.35082],[78.47251,17.35051],[78.47247,17.35048]]}},{"type":"Feature","properties":{"name":"Falaknuma Road","highway":"trunk","policy":""},"geometry":{"type":"LineString","coordinates":[[78.46977,17.34375],[78.46976,17.34369],[78.46964,17.34344],[78.46956,17.34328],[78.46949,17.34315],[78.46931,17.34292]]}},{"type":"Feature","properties":{"name":"Falaknuma Road","highway":"trunk","policy":""},"geometry":{"type":"LineString","coordinates":[[78.46924,17.34294],[78.46942,17.34319],[78.46946,17.34325],[78.4697,17.3437],[78.46977,17.34375]]}},{"type":"Feature","properties":{"name":"APJ Abdul Kalam Flyover","highway":"trunk","policy":""},"geometry":{"type":"LineString","coordinates":[[78.5014,17.34012],[78.50187,17.34039],[78.50212,17.34054],[78.50298,17.34105],[78.50358,17.34143],[78.50437,17.34192],[78.50501,17.34235],[78.50563,17.34272],[78.50673,17.3434],[78.50688,17.34347],[78.50702,17.34352],[78.50711,17.34353],[78.5072,17.34355],[78.50741,17.34356],[78.50762,17.34355],[78.50893,17.34334],[78.51007,17.34316],[78.51063,17.34306],[78.51126,17.34296],[78.51139,17.34294]]}},{"type":"Feature","properties":{"name":"Outer Ring Road","highway":"motorway","policy":""},"geometry":{"type":"LineString","coordinates":[[78.56926,17.57844],[78.56904,17.57851],[78.56877,17.5786]]}},{"type":"Feature","properties":{"name":"Outer Ring Road","highway":"motorway","policy":""},"geometry":{"type":"LineString","coordinates":[[78.56786,17.57895],[78.56773,17.579],[78.56318,17.58082]]}},{"type":"Feature","properties":{"name":"Outer Ring Road","highway":"motorway","policy":""},"geometry":{"type":"LineString","coordinates":[[78.56318,17.58082],[78.56296,17.58091]]}},{"type":"Feature","properties":{"name":"Outer Ring Road","highway":"motorway","policy":""},"geometry":{"type":"LineString","coordinates":[[78.56303,17.58108],[78.56454,17.58047]]}},{"type":"Feature","properties":{"name":"Outer Ring Road","highway":"motorway","policy":""},"geometry":{"type":"LineString","coordinates":[[78.5709,17.57822],[78.57102,17.57819],[78.57106,17.57819]]}},{"type":"Feature","properties":{"name":"Outer Ring Road","highway":"motorway","policy":""},"geometry":{"type":"LineString","coordinates":[[78.57341,17.57795],[78.57351,17.57795],[78.5738,17.57795],[78.57407,17.57796]]}},{"type":"Feature","properties":{"name":"Outer Ring Road","highway":"motorway","policy":""},"geometry":{"type":"LineString","coordinates":[[78.57351,17.57776],[78.57323,17.57777],[78.57295,17.57778],[78.57266,17.5778]]}},{"type":"Feature","properties":{"name":"Outer Ring Road","highway":"motorway","policy":""},"geometry":{"type":"LineString","coordinates":[[78.58918,17.57903],[78.58128,17.57836]]}},{"type":"Feature","properties":{"name":"Outer Ring Road","highway":"motorway","policy":""},"geometry":{"type":"LineString","coordinates":[[78.57448,17.57797],[78.57464,17.57798],[78.57485,17.578]]}},{"type":"Feature","properties":{"name":"Outer Ring Road","highway":"motorway","policy":""},"geometry":{"type":"LineString","coordinates":[[78.58124,17.57854],[78.58916,17.57921]]}},{"type":"Feature","properties":{"name":"Outer Ring Road","highway":"motorway","policy":""},"geometry":{"type":"LineString","coordinates":[[78.59126,17.57917],[78.59108,17.57916],[78.59052,17.57914],[78.58996,17.57909],[78.58931,17.57904]]}},{"type":"Feature","properties":{"name":"Outer Ring Road","highway":"motorway","policy":""},"geometry":{"type":"LineString","coordinates":[[78.57404,17.57777],[78.5738,17.57777],[78.57351,17.57776]]}},{"type":"Feature","properties":{"name":"Outer Ring Road","highway":"motorway","policy":""},"geometry":{"type":"LineString","coordinates":[[78.40142,17.58825],[78.40282,17.58939],[78.40325,17.58973],[78.40347,17.58991]]}},{"type":"Feature","properties":{"name":"Outer Ring Road","highway":"motorway","policy":""},"geometry":{"type":"LineString","coordinates":[[78.40273,17.58907],[78.40155,17.58811]]}},{"type":"Feature","properties":{"name":"Outer Ring Road","highway":"motorway","policy":""},"geometry":{"type":"LineString","coordinates":[[78.40748,17.59249],[78.40696,17.59216],[78.40665,17.59196]]}},{"type":"Feature","properties":{"name":"Outer Ring Road","highway":"motorway","policy":""},"geometry":{"type":"LineString","coordinates":[[78.4079,17.59274],[78.40782,17.59269]]}},{"type":"Feature","properties":{"name":"Outer Ring Road","highway":"motorway","policy":""},"geometry":{"type":"LineString","coordinates":[[78.41085,17.59453],[78.41128,17.59472],[78.41161,17.59487]]}},{"type":"Feature","properties":{"name":"Outer Ring Road","highway":"motorway","policy":""},"geometry":{"type":"LineString","coordinates":[[78.41001,17.59391],[78.40982,17.59381]]}},{"type":"Feature","properties":{"name":"Outer Ring Road","highway":"motorway","policy":""},"geometry":{"type":"LineString","coordinates":[[78.40854,17.59332],[78.40903,17.5936],[78.40913,17.59365]]}},{"type":"Feature","properties":{"name":"Outer Ring Road","highway":"motorway","policy":""},"geometry":{"type":"LineString","coordinates":[[78.40913,17.59365],[78.40927,17.59374],[78.40952,17.59387],[78.4099,17.59406]]}},{"type":"Feature","properties":{"name":"Outer Ring Road","highway":"motorway","policy":""},"geometry":{"type":"LineString","coordinates":[[78.56601,17.22552],[78.56619,17.22561],[78.56718,17.2261],[78.56819,17.2266],[78.56918,17.2271],[78.57016,17.2276],[78.57157,17.22833]]}},{"type":"Feature","properties":{"name":"Outer Ring Road","highway":"motorway","policy":""},"geometry":{"type":"LineString","coordinates":[[78.57715,17.23131],[78.57802,17.23179]]}},{"type":"Feature","properties":{"name":"Outer Ring Road","highway":"motorway","policy":""},"geometry":{"type":"LineString","coordinates":[[78.58453,17.23529],[78.58424,17.23512]]}},{"type":"Feature","properties":{"name":"Outer Ring Road","highway":"motorway","policy":""},"geometry":{"type":"LineString","coordinates":[[78.58633,17.23633],[78.58603,17.23616]]}},{"type":"Feature","properties":{"name":"Outer Ring Road","highway":"motorway","policy":""},"geometry":{"type":"LineString","coordinates":[[78.58668,17.23674],[78.58705,17.23695]]}},{"type":"Feature","properties":{"name":"Outer Ring Road","highway":"motorway","policy":""},"geometry":{"type":"LineString","coordinates":[[78.58534,17.23597],[78.58668,17.23674]]}},{"type":"Feature","properties":{"name":"Outer Ring Road","highway":"motorway","policy":""},"geometry":{"type":"LineString","coordinates":[[78.58508,17.23582],[78.58534,17.23597]]}},{"type":"Feature","properties":{"name":"Outer Ring Road","highway":"motorway","policy":""},"geometry":{"type":"LineString","coordinates":[[78.58603,17.23616],[78.58484,17.23547]]}},{"type":"Feature","properties":{"name":"Outer Ring Road","highway":"motorway","policy":""},"geometry":{"type":"LineString","coordinates":[[78.58484,17.23547],[78.58453,17.23529]]}},{"type":"Feature","properties":{"name":"Outer Ring Road","highway":"motorway","policy":""},"geometry":{"type":"LineString","coordinates":[[78.58246,17.23431],[78.5827,17.23445]]}},{"type":"Feature","properties":{"name":"Outer Ring Road","highway":"motorway","policy":""},"geometry":{"type":"LineString","coordinates":[[78.5827,17.23445],[78.58396,17.23518]]}},{"type":"Feature","properties":{"name":"Outer Ring Road","highway":"motorway","policy":""},"geometry":{"type":"LineString","coordinates":[[78.60238,17.24557],[78.59228,17.23975]]}},{"type":"Feature","properties":{"name":"Outer Ring Road","highway":"motorway","policy":""},"geometry":{"type":"LineString","coordinates":[[78.58759,17.23705],[78.58747,17.23698]]}},{"type":"Feature","properties":{"name":"Outer Ring Road","highway":"motorway","policy":""},"geometry":{"type":"LineString","coordinates":[[78.58742,17.23717],[78.59116,17.23932]]}},{"type":"Feature","properties":{"name":"Outer Ring Road","highway":"motorway","policy":""},"geometry":{"type":"LineString","coordinates":[[78.59228,17.23975],[78.58759,17.23705]]}},{"type":"Feature","properties":{"name":"Outer Ring Road","highway":"motorway","policy":""},"geometry":{"type":"LineString","coordinates":[[78.62167,17.25904],[78.62601,17.26278],[78.62644,17.26314],[78.62687,17.26349],[78.62732,17.26383],[78.62777,17.26416],[78.62823,17.26448],[78.6297,17.26549]]}},{"type":"Feature","properties":{"name":"Outer Ring Road","highway":"motorway","policy":""},"geometry":{"type":"LineString","coordinates":[[78.62158,17.25897],[78.62167,17.25904]]}},{"type":"Feature","properties":{"name":"Outer Ring Road","highway":"motorway","policy":""},"geometry":{"type":"LineString","coordinates":[[78.6218,17.2589],[78.62171,17.25883]]}},{"type":"Feature","properties":{"name":"Outer Ring Road","highway":"motorway","policy":""},"geometry":{"type":"LineString","coordinates":[[78.62981,17.26534],[78.62834,17.26434],[78.62789,17.26402],[78.62744,17.26369],[78.627,17.26335],[78.62657,17.263],[78.62614,17.26265],[78.6218,17.2589]]}},{"type":"Feature","properties":{"name":"Hyderabad-Janagam Highway","highway":"trunk","policy":""},"geometry":{"type":"LineString","coordinates":[[78.66199,17.43599],[78.65935,17.43504]]}},{"type":"Feature","properties":{"name":"Hyderabad-Janagam Highway","highway":"trunk","policy":""},"geometry":{"type":"LineString","coordinates":[[78.65926,17.43509],[78.66035,17.43547],[78.66193,17.43607]]}},{"type":"Feature","properties":{"name":"Nizamabad Road","highway":"trunk","policy":""},"geometry":{"type":"LineString","coordinates":[[78.49123,17.54126],[78.49114,17.54086],[78.49113,17.54081],[78.49095,17.54012]]}},{"type":"Feature","properties":{"name":"Inner Ring Road","highway":"trunk","policy":""},"geometry":{"type":"LineString","coordinates":[[78.48655,17.33047],[78.48676,17.33056],[78.48789,17.33103],[78.48805,17.33109],[78.4883,17.33121],[78.48876,17.33138],[78.48929,17.3316]]}},{"type":"Feature","properties":{"name":"Mukharam Jahi Road","highway":"trunk","policy":""},"geometry":{"type":"LineString","coordinates":[[78.47266,17.38681],[78.47271,17.38677]]}},{"type":"Feature","properties":{"name":"PJR Flyover","highway":"motorway","policy":""},"geometry":{"type":"LineString","coordinates":[[78.3602,17.4332],[78.3604,17.43362],[78.3607,17.43417],[78.36105,17.43472],[78.3614,17.43531],[78.36195,17.4361],[78.36234,17.43668],[78.36274,17.43724],[78.36316,17.43793],[78.36352,17.43849]]}},{"type":"Feature","properties":{"name":"Outer Ring Road","highway":"motorway","policy":""},"geometry":{"type":"LineString","coordinates":[[78.38196,17.28818],[78.37816,17.30462]]}},{"type":"Feature","properties":{"name":"Outer Ring Road","highway":"motorway","policy":""},"geometry":{"type":"LineString","coordinates":[[78.37793,17.30561],[78.37724,17.30858]]}},{"type":"Feature","properties":{"name":"Outer Ring Road","highway":"motorway","policy":""},"geometry":{"type":"LineString","coordinates":[[78.37795,17.30635],[78.37805,17.30594]]}},{"type":"Feature","properties":{"name":"Outer Ring Road","highway":"motorway","policy":""},"geometry":{"type":"LineString","coordinates":[[78.37724,17.30858],[78.37721,17.30869]]}},{"type":"Feature","properties":{"name":"Outer Ring Road","highway":"motorway","policy":""},"geometry":{"type":"LineString","coordinates":[[78.37816,17.30462],[78.37793,17.30561]]}},{"type":"Feature","properties":{"name":"Outer Ring Road","highway":"motorway","policy":""},"geometry":{"type":"LineString","coordinates":[[78.37743,17.30862],[78.37795,17.30635]]}},{"type":"Feature","properties":{"name":"Outer Ring Road","highway":"motorway","policy":""},"geometry":{"type":"LineString","coordinates":[[78.3774,17.30873],[78.37743,17.30862]]}},{"type":"Feature","properties":{"name":"Outer Ring Road","highway":"motorway","policy":""},"geometry":{"type":"LineString","coordinates":[[78.38272,17.28247],[78.38272,17.28274],[78.38271,17.28292],[78.3827,17.28329],[78.38268,17.28366],[78.38265,17.28403],[78.38262,17.28439],[78.38259,17.28476],[78.38254,17.28513],[78.3825,17.28549],[78.38244,17.28586],[78.38238,17.28622],[78.38232,17.28658],[78.38223,17.287],[78.38214,17.28741],[78.38196,17.28818]]}},{"type":"Feature","properties":{"name":"Outer Ring Road","highway":"motorway","policy":""},"geometry":{"type":"LineString","coordinates":[[78.37805,17.30594],[78.38233,17.28745],[78.38242,17.28704],[78.3825,17.28662],[78.38257,17.28625],[78.38263,17.28588],[78.38269,17.28552],[78.38274,17.28515],[78.38278,17.28478],[78.38282,17.28441],[78.38285,17.28404],[78.38287,17.28366],[78.38289,17.28329],[78.38291,17.28293],[78.38291,17.28275],[78.38291,17.28248]]}},{"type":"Feature","properties":{"name":"Outer Ring Road","highway":"motorway","policy":""},"geometry":{"type":"LineString","coordinates":[[78.25751,17.44334],[78.25659,17.44531]]}},{"type":"Feature","properties":{"name":"Outer Ring Road","highway":"motorway","policy":""},"geometry":{"type":"LineString","coordinates":[[78.25091,17.45833],[78.25109,17.45783]]}},{"type":"Feature","properties":{"name":"Outer Ring Road","highway":"motorway","policy":""},"geometry":{"type":"LineString","coordinates":[[78.25078,17.45811],[78.25072,17.45827],[78.25055,17.45877],[78.25039,17.45928],[78.25023,17.45979]]}},{"type":"Feature","properties":{"name":"Outer Ring Road","highway":"motorway","policy":""},"geometry":{"type":"LineString","coordinates":[[78.25044,17.45973],[78.25057,17.45933],[78.25073,17.45883],[78.25091,17.45833]]}},{"type":"Feature","properties":{"name":"Outer Ring Road","highway":"motorway","policy":""},"geometry":{"type":"LineString","coordinates":[[78.25284,17.45391],[78.25671,17.4455]]}},{"type":"Feature","properties":{"name":"Outer Ring Road","highway":"motorway","policy":""},"geometry":{"type":"LineString","coordinates":[[78.25654,17.44543],[78.25266,17.45384]]}},{"type":"Feature","properties":{"name":"Outer Ring Road","highway":"motorway","policy":""},"geometry":{"type":"LineString","coordinates":[[78.25023,17.45979],[78.25019,17.45993]]}},{"type":"Feature","properties":{"name":"Outer Ring Road","highway":"motorway","policy":""},"geometry":{"type":"LineString","coordinates":[[78.25019,17.45993],[78.25009,17.46029],[78.24995,17.4608],[78.24983,17.4613],[78.24972,17.46183],[78.24961,17.46236],[78.24958,17.46255]]}},{"type":"Feature","properties":{"name":"Outer Ring Road","highway":"motorway","policy":""},"geometry":{"type":"LineString","coordinates":[[78.25037,17.45997],[78.25044,17.45973]]}},{"type":"Feature","properties":{"name":"Outer Ring Road","highway":"motorway","policy":""},"geometry":{"type":"LineString","coordinates":[[78.24977,17.46258],[78.2498,17.46239],[78.2499,17.46187],[78.25002,17.46134],[78.25014,17.46084],[78.25027,17.46034],[78.25037,17.45997]]}},{"type":"Feature","properties":{"name":"Outer Ring Road","highway":"motorway","policy":""},"geometry":{"type":"LineString","coordinates":[[78.3493,17.37766],[78.34925,17.37741]]}},{"type":"Feature","properties":{"name":"Outer Ring Road","highway":"motorway","policy":""},"geometry":{"type":"LineString","coordinates":[[78.34886,17.37658],[78.34894,17.37692],[78.34896,17.37704]]}},{"type":"Feature","properties":{"name":"Outer Ring Road","highway":"motorway","policy":""},"geometry":{"type":"LineString","coordinates":[[78.34946,17.37832],[78.3493,17.37766]]}},{"type":"Feature","properties":{"name":"Outer Ring Road","highway":"motorway","policy":""},"geometry":{"type":"LineString","coordinates":[[78.34896,17.37704],[78.34902,17.37727],[78.34909,17.3776]]}},{"type":"Feature","properties":{"name":"Outer Ring Road","highway":"motorway","policy":""},"geometry":{"type":"LineString","coordinates":[[78.34909,17.3776],[78.3493,17.37846]]}},{"type":"Feature","properties":{"name":"Outer Ring Road","highway":"motorway","policy":""},"geometry":{"type":"LineString","coordinates":[[78.34967,17.37919],[78.34946,17.37832]]}},{"type":"Feature","properties":{"name":"Outer Ring Road","highway":"motorway","policy":""},"geometry":{"type":"LineString","coordinates":[[78.3493,17.37846],[78.34934,17.37869]]}},{"type":"Feature","properties":{"name":"Outer Ring Road","highway":"motorway","policy":""},"geometry":{"type":"LineString","coordinates":[[78.34974,17.37952],[78.34967,17.37919]]}},{"type":"Feature","properties":{"name":"Outer Ring Road","highway":"motorway","policy":""},"geometry":{"type":"LineString","coordinates":[[78.34954,17.37949],[78.35043,17.38325]]}},{"type":"Feature","properties":{"name":"Outer Ring Road","highway":"motorway","policy":""},"geometry":{"type":"LineString","coordinates":[[78.34934,17.37869],[78.34954,17.37949]]}},{"type":"Feature","properties":{"name":"Outer Ring Road","highway":"motorway","policy":""},"geometry":{"type":"LineString","coordinates":[[78.34982,17.37984],[78.34974,17.37952]]}},{"type":"Feature","properties":{"name":"Outer Ring Road","highway":"motorway","policy":""},"geometry":{"type":"LineString","coordinates":[[78.35059,17.38312],[78.34982,17.37984]]}},{"type":"Feature","properties":{"name":"Outer Ring Road","highway":"motorway","policy":""},"geometry":{"type":"LineString","coordinates":[[78.35175,17.39147],[78.35177,17.39187],[78.35177,17.39204]]}},{"type":"Feature","properties":{"name":"Outer Ring Road","highway":"motorway","policy":""},"geometry":{"type":"LineString","coordinates":[[78.35186,17.38974],[78.35184,17.38948],[78.35184,17.38945]]}},{"type":"Feature","properties":{"name":"Outer Ring Road","highway":"motorway","policy":""},"geometry":{"type":"LineString","coordinates":[[78.35189,17.39023],[78.35187,17.3899],[78.35186,17.38974]]}},{"type":"Feature","properties":{"name":"Outer Ring Road","highway":"motorway","policy":""},"geometry":{"type":"LineString","coordinates":[[78.35169,17.3902],[78.3517,17.39036],[78.35175,17.39144],[78.35175,17.39147]]}},{"type":"Feature","properties":{"name":"Outer Ring Road","highway":"motorway","policy":""},"geometry":{"type":"LineString","coordinates":[[78.35111,17.38528],[78.35091,17.38448]]}},{"type":"Feature","properties":{"name":"Outer Ring Road","highway":"motorway","policy":""},"geometry":{"type":"LineString","coordinates":[[78.35075,17.38462],[78.35107,17.38596],[78.35118,17.38642],[78.3512,17.38649]]}},{"type":"Feature","properties":{"name":"Outer Ring Road","highway":"motorway","policy":""},"geometry":{"type":"LineString","coordinates":[[78.35191,17.39066],[78.35189,17.39023]]}},{"type":"Feature","properties":{"name":"Outer Ring Road","highway":"motorway","policy":""},"geometry":{"type":"LineString","coordinates":[[78.35068,17.39589],[78.35064,17.39594],[78.35054,17.39608],[78.35049,17.39614]]}},{"type":"Feature","properties":{"name":"Outer Ring Road","highway":"motorway","policy":""},"geometry":{"type":"LineString","coordinates":[[78.35177,17.39204],[78.35177,17.39216],[78.35177,17.39234],[78.35177,17.39246]]}},{"type":"Feature","properties":{"name":"Outer Ring Road","highway":"motorway","policy":""},"geometry":{"type":"LineString","coordinates":[[78.36634,17.33902],[78.37258,17.32873]]}},{"type":"Feature","properties":{"name":"Outer Ring Road","highway":"motorway","policy":""},"geometry":{"type":"LineString","coordinates":[[78.35536,17.35808],[78.35471,17.35927],[78.3545,17.35967],[78.35429,17.36008],[78.35409,17.36049],[78.35407,17.36052]]}},{"type":"Feature","properties":{"name":"Outer Ring Road","highway":"motorway","policy":""},"geometry":{"type":"LineString","coordinates":[[78.35761,17.35439],[78.35777,17.3541]]}},{"type":"Feature","properties":{"name":"Outer Ring Road","highway":"motorway","policy":""},"geometry":{"type":"LineString","coordinates":[[78.35042,17.3697],[78.3539,17.36138],[78.35408,17.36097],[78.35427,17.36056],[78.35446,17.36016],[78.35467,17.35975],[78.35472,17.35965]]}},{"type":"Feature","properties":{"name":"Outer Ring Road","highway":"motorway","policy":""},"geometry":{"type":"LineString","coordinates":[[78.35743,17.35432],[78.35536,17.35808]]}},{"type":"Feature","properties":{"name":"Outer Ring Road","highway":"motorway","policy":""},"geometry":{"type":"LineString","coordinates":[[78.35777,17.3541],[78.35833,17.35308]]}},{"type":"Feature","properties":{"name":"Outer Ring Road","highway":"motorway","policy":""},"geometry":{"type":"LineString","coordinates":[[78.35472,17.35965],[78.35488,17.35935],[78.35761,17.35439]]}},{"type":"Feature","properties":{"name":"Outer Ring Road","highway":"motorway","policy":""},"geometry":{"type":"LineString","coordinates":[[78.35759,17.35404],[78.35743,17.35432]]}},{"type":"Feature","properties":{"name":"Outer Ring Road","highway":"motorway","policy":""},"geometry":{"type":"LineString","coordinates":[[78.35824,17.35285],[78.35759,17.35404]]}},{"type":"Feature","properties":{"name":"Outer Ring Road","highway":"motorway","policy":""},"geometry":{"type":"LineString","coordinates":[[78.35844,17.35249],[78.35824,17.35285]]}},{"type":"Feature","properties":{"name":"Outer Ring Road","highway":"motorway","policy":""},"geometry":{"type":"LineString","coordinates":[[78.35833,17.35308],[78.35852,17.35274]]}},{"type":"Feature","properties":{"name":"Outer Ring Road","highway":"motorway","policy":""},"geometry":{"type":"LineString","coordinates":[[78.35852,17.35274],[78.35957,17.35084],[78.35977,17.35046],[78.35998,17.35005],[78.36016,17.34969]]}},{"type":"Feature","properties":{"name":"Outer Ring Road","highway":"motorway","policy":""},"geometry":{"type":"LineString","coordinates":[[78.35999,17.34962],[78.35981,17.34997],[78.3596,17.35038],[78.35939,17.35076],[78.35844,17.35249]]}},{"type":"Feature","properties":{"name":"Outer Ring Road","highway":"motorway","policy":""},"geometry":{"type":"LineString","coordinates":[[78.36361,17.34316],[78.36319,17.34384]]}},{"type":"Feature","properties":{"name":"Outer Ring Road","highway":"motorway","policy":""},"geometry":{"type":"LineString","coordinates":[[78.36319,17.34384],[78.36246,17.34504]]}},{"type":"Feature","properties":{"name":"Outer Ring Road","highway":"motorway","policy":""},"geometry":{"type":"LineString","coordinates":[[78.3633,17.34404],[78.36563,17.34019]]}},{"type":"Feature","properties":{"name":"Outer Ring Road","highway":"motorway","policy":""},"geometry":{"type":"LineString","coordinates":[[78.36246,17.34504],[78.36212,17.3456]]}},{"type":"Feature","properties":{"name":"Outer Ring Road","highway":"motorway","policy":""},"geometry":{"type":"LineString","coordinates":[[78.3622,17.34585],[78.36245,17.34543]]}},{"type":"Feature","properties":{"name":"Outer Ring Road","highway":"motorway","policy":""},"geometry":{"type":"LineString","coordinates":[[78.362,17.34618],[78.3622,17.34585]]}},{"type":"Feature","properties":{"name":"Outer Ring Road","highway":"motorway","policy":""},"geometry":{"type":"LineString","coordinates":[[78.36212,17.3456],[78.36188,17.34601]]}},{"type":"Feature","properties":{"name":"Outer Ring Road","highway":"motorway","policy":""},"geometry":{"type":"LineString","coordinates":[[78.36245,17.34543],[78.3633,17.34404]]}},{"type":"Feature","properties":{"name":"Outer Ring Road","highway":"motorway","policy":""},"geometry":{"type":"LineString","coordinates":[[78.36546,17.3401],[78.36361,17.34316]]}},{"type":"Feature","properties":{"name":"Outer Ring Road","highway":"motorway","policy":""},"geometry":{"type":"LineString","coordinates":[[78.37091,17.33111],[78.366,17.33921]]}},{"type":"Feature","properties":{"name":"NH44","highway":"trunk","policy":""},"geometry":{"type":"LineString","coordinates":[[78.42807,17.31891],[78.42814,17.31899],[78.42821,17.31908]]}},{"type":"Feature","properties":{"name":"NH44","highway":"trunk","policy":""},"geometry":{"type":"LineString","coordinates":[[78.42824,17.31911],[78.42874,17.31966]]}},{"type":"Feature","properties":{"name":"NH44","highway":"trunk","policy":""},"geometry":{"type":"LineString","coordinates":[[78.42821,17.31908],[78.42824,17.31911]]}},{"type":"Feature","properties":{"name":"Vijaywada Highway","highway":"trunk","policy":""},"geometry":{"type":"LineString","coordinates":[[78.50058,17.37378],[78.50045,17.37383],[78.50012,17.37398],[78.4999,17.37408],[78.49972,17.37416],[78.49955,17.37425],[78.49939,17.37434],[78.49931,17.37439],[78.49913,17.37453],[78.49873,17.37484],[78.49853,17.37499]]}},{"type":"Feature","properties":{"name":"Mumbai Highway","highway":"trunk","policy":""},"geometry":{"type":"LineString","coordinates":[[78.44112,17.44246],[78.4406,17.4433],[78.44052,17.44347],[78.44037,17.44371],[78.44012,17.44414]]}},{"type":"Feature","properties":{"name":"Mumbai Highway","highway":"trunk","policy":""},"geometry":{"type":"LineString","coordinates":[[78.44009,17.44456],[78.44031,17.44424],[78.44048,17.44394],[78.44054,17.44383]]}},{"type":"Feature","properties":{"name":"Hyderabad-Janagam Highway","highway":"trunk","policy":""},"geometry":{"type":"LineString","coordinates":[[78.60028,17.4088],[78.60027,17.4088],[78.59989,17.40866],[78.59886,17.40835],[78.59807,17.40813],[78.59803,17.40812],[78.59764,17.408],[78.59698,17.4078],[78.59659,17.40767],[78.59605,17.40752],[78.59585,17.40746],[78.59573,17.40741],[78.59489,17.40719],[78.59461,17.40711],[78.59459,17.4071],[78.59358,17.40678],[78.59264,17.40647],[78.59225,17.40634],[78.59164,17.40615],[78.59127,17.40602],[78.59099,17.40593],[78.59011,17.40563]]}},{"type":"Feature","properties":{"name":"NH44","highway":"trunk","policy":""},"geometry":{"type":"LineString","coordinates":[[78.39306,17.26619],[78.39336,17.26645]]}},{"type":"Feature","properties":{"name":"NH65","highway":"trunk","policy":""},"geometry":{"type":"LineString","coordinates":[[78.21154,17.54772],[78.21166,17.54763],[78.21234,17.54718],[78.21259,17.547],[78.21292,17.5468],[78.21338,17.54657]]}},{"type":"Feature","properties":{"name":"Bairamalguda Flyover","highway":"trunk","policy":""},"geometry":{"type":"LineString","coordinates":[[78.54341,17.33939],[78.54396,17.33986],[78.54402,17.3399],[78.54486,17.34065],[78.54499,17.34078],[78.54525,17.34101],[78.54569,17.3414],[78.54576,17.34146],[78.54591,17.34159],[78.54603,17.3417]]}},{"type":"Feature","properties":{"name":"Hyderabad-Janagam Highway","highway":"trunk","policy":""},"geometry":{"type":"LineString","coordinates":[[78.58707,17.4048],[78.58712,17.40481],[78.58844,17.40519],[78.58883,17.4053],[78.5895,17.40551],[78.59008,17.40568],[78.59032,17.40577],[78.59141,17.40613],[78.59161,17.4062],[78.59178,17.40627],[78.59262,17.40651],[78.59334,17.40676],[78.59381,17.40692],[78.59487,17.40726],[78.59501,17.40731],[78.59582,17.40756],[78.59602,17.40762],[78.59644,17.40774],[78.59697,17.4079],[78.59761,17.40809],[78.59797,17.40819],[78.59876,17.40839],[78.59963,17.40865],[78.59983,17.40871],[78.60025,17.40886],[78.60085,17.4091],[78.60112,17.40922],[78.60244,17.40974],[78.60337,17.41011],[78.60406,17.41035],[78.60486,17.41063],[78.60497,17.41067],[78.60601,17.41104],[78.60637,17.41118],[78.60704,17.41142]]}},{"type":"Feature","properties":{"name":"Golnaka Road","highway":"trunk","policy":""},"geometry":{"type":"LineString","coordinates":[[78.50631,17.39054],[78.50708,17.39067],[78.50763,17.39077]]}},{"type":"Feature","properties":{"name":"Hyderabad-Janagam Highway","highway":"trunk","policy":""},"geometry":{"type":"LineString","coordinates":[[78.60704,17.41142],[78.60837,17.41196],[78.60888,17.41218]]}},{"type":"Feature","properties":{"name":"NH65","highway":"trunk","policy":""},"geometry":{"type":"LineString","coordinates":[[78.5013,17.37362],[78.50117,17.37364],[78.50092,17.37369],[78.50058,17.37378]]}},{"type":"Feature","properties":{"name":"NH163","highway":"trunk","policy":""},"geometry":{"type":"LineString","coordinates":[[78.50343,17.38823],[78.50326,17.38809],[78.50315,17.38802],[78.50295,17.3879],[78.50172,17.38716],[78.50137,17.38695]]}},{"type":"Feature","properties":{"name":"NH163","highway":"trunk","policy":""},"geometry":{"type":"LineString","coordinates":[[78.50137,17.38695],[78.50129,17.38693]]}},{"type":"Feature","properties":{"name":"NH44","highway":"trunk","policy":""},"geometry":{"type":"LineString","coordinates":[[78.42776,17.31854],[78.42804,17.31888],[78.42807,17.31891]]}},{"type":"Feature","properties":{"name":"NH44","highway":"trunk","policy":""},"geometry":{"type":"LineString","coordinates":[[78.42889,17.31956],[78.42801,17.3186],[78.42796,17.31855]]}},{"type":"Feature","properties":{"name":"Vijaywada Highway","highway":"trunk","policy":""},"geometry":{"type":"LineString","coordinates":[[78.56978,17.33796],[78.56988,17.33794]]}},{"type":"Feature","properties":{"name":"Hyderabad Janagam Highway","highway":"trunk","policy":""},"geometry":{"type":"LineString","coordinates":[[78.49453,17.38249],[78.49448,17.38244],[78.49401,17.38228],[78.49358,17.38217],[78.49336,17.38214],[78.49325,17.38213]]}},{"type":"Feature","properties":{"name":"Hyderabad Janagam Highway","highway":"trunk","policy":""},"geometry":{"type":"LineString","coordinates":[[78.49338,17.3822],[78.49357,17.38223],[78.49399,17.38235],[78.49445,17.3825],[78.49453,17.38249]]}},{"type":"Feature","properties":{"name":"NH765D","highway":"trunk","policy":""},"geometry":{"type":"LineString","coordinates":[[78.39209,17.60566],[78.39218,17.60547],[78.39241,17.60523],[78.39283,17.60486],[78.39325,17.60454],[78.39368,17.60419],[78.39408,17.60386],[78.39423,17.60374],[78.39516,17.60298],[78.39595,17.60234],[78.39667,17.60172],[78.39694,17.6015],[78.39803,17.60061],[78.39849,17.60022],[78.39973,17.59921],[78.40041,17.59869]]}},{"type":"Feature","properties":{"name":"NH765D","highway":"trunk","policy":""},"geometry":{"type":"LineString","coordinates":[[78.40341,17.5961],[78.40335,17.59614],[78.40241,17.59692]]}},{"type":"Feature","properties":{"name":"Inner Ring Road","highway":"trunk","policy":""},"geometry":{"type":"LineString","coordinates":[[78.48436,17.32961],[78.48495,17.32984],[78.48543,17.33003],[78.48596,17.33022],[78.4862,17.33032],[78.48625,17.33034],[78.48655,17.33047]]}},{"type":"Feature","properties":{"name":"Darul Shifa Road","highway":"trunk","policy":""},"geometry":{"type":"LineString","coordinates":[[78.47973,17.36089],[78.47981,17.36126],[78.47996,17.36196],[78.48001,17.36222],[78.48004,17.36237]]}},{"type":"Feature","properties":{"name":"NH765","highway":"trunk","policy":""},"geometry":{"type":"LineString","coordinates":[[78.47954,17.35998],[78.47953,17.36004],[78.47961,17.36053],[78.47959,17.36059],[78.47957,17.36061],[78.47955,17.36066],[78.47955,17.36068],[78.47955,17.36072]]}},{"type":"Feature","properties":{"name":"NH765","highway":"trunk","policy":""},"geometry":{"type":"LineString","coordinates":[[78.47962,17.36077],[78.47973,17.36089]]}},{"type":"Feature","properties":{"name":"Darul Shifa Road","highway":"trunk","policy":""},"geometry":{"type":"LineString","coordinates":[[78.47923,17.35853],[78.47907,17.3575],[78.47906,17.35746],[78.47898,17.35697],[78.47898,17.35694]]}},{"type":"Feature","properties":{"name":"Darul Shifa Road","highway":"trunk","policy":""},"geometry":{"type":"LineString","coordinates":[[78.47847,17.35431],[78.47845,17.35439],[78.47848,17.35461],[78.4785,17.35471],[78.47856,17.35505],[78.47869,17.35568],[78.47879,17.35617],[78.47886,17.35656],[78.4789,17.35676],[78.47891,17.35679],[78.47898,17.35694]]}},{"type":"Feature","properties":{"name":"Darul Shifa Road","highway":"trunk","policy":""},"geometry":{"type":"LineString","coordinates":[[78.47898,17.35694],[78.47898,17.35673],[78.47895,17.35654],[78.47887,17.35615],[78.47877,17.35566],[78.47864,17.35504],[78.47856,17.35459],[78.47853,17.35438],[78.47847,17.35431]]}},{"type":"Feature","properties":{"name":"NH44","highway":"trunk","policy":""},"geometry":{"type":"LineString","coordinates":[[78.38374,17.2593],[78.38376,17.25932],[78.38401,17.25955],[78.38423,17.25973],[78.38451,17.25991],[78.38482,17.26007],[78.38519,17.26024],[78.38572,17.26048],[78.38612,17.26066],[78.38643,17.2608],[78.38662,17.2609],[78.38687,17.26103],[78.38706,17.26116],[78.38723,17.26131],[78.3873,17.26136],[78.38761,17.26167],[78.38794,17.26202]]}},{"type":"Feature","properties":{"name":"NH44","highway":"trunk","policy":""},"geometry":{"type":"LineString","coordinates":[[78.388,17.26192],[78.38796,17.26188],[78.38768,17.26155],[78.3873,17.26121],[78.3871,17.26104],[78.38693,17.26091],[78.38681,17.26085],[78.38669,17.26079],[78.38641,17.26066],[78.38586,17.26042],[78.3856,17.2603],[78.38553,17.26027],[78.38508,17.26007],[78.38466,17.25986],[78.38454,17.25978],[78.38435,17.25966],[78.38419,17.25955],[78.38385,17.25924]]}},{"type":"Feature","properties":{"name":"NH44","highway":"trunk","policy":""},"geometry":{"type":"LineString","coordinates":[[78.39402,17.26683],[78.39345,17.26634]]}},{"type":"Feature","properties":{"name":"Flyover","highway":"trunk","policy":""},"geometry":{"type":"LineString","coordinates":[[78.41882,17.29844],[78.41908,17.29921],[78.41942,17.30028],[78.4198,17.30147],[78.42006,17.30225],[78.42008,17.30232]]}},{"type":"Feature","properties":{"name":"Flyover","highway":"trunk","policy":""},"geometry":{"type":"LineString","coordinates":[[78.42016,17.30223],[78.41992,17.30145],[78.41953,17.30024],[78.41935,17.29968],[78.4192,17.29918],[78.41895,17.29837]]}},{"type":"Feature","properties":{"name":"Flyover","highway":"trunk","policy":""},"geometry":{"type":"LineString","coordinates":[[78.42011,17.3024],[78.42015,17.30254],[78.42045,17.30358],[78.421,17.3052],[78.42108,17.30547]]}},{"type":"Feature","properties":{"name":"Flyover","highway":"trunk","policy":""},"geometry":{"type":"LineString","coordinates":[[78.42105,17.305],[78.42084,17.30436],[78.42016,17.30223]]}},{"type":"Feature","properties":{"name":"NH65","highway":"trunk","policy":""},"geometry":{"type":"LineString","coordinates":[[78.49598,17.37651],[78.49586,17.3767],[78.49576,17.37678],[78.49564,17.37687],[78.49552,17.37692],[78.49534,17.37696],[78.49526,17.37698],[78.49511,17.37702],[78.49478,17.37705],[78.49464,17.37707],[78.49457,17.37709]]}},{"type":"Feature","properties":{"name":"Outer Ring Road","highway":"motorway","policy":""},"geometry":{"type":"LineString","coordinates":[[78.36333,17.43827],[78.36345,17.43848],[78.36352,17.4386]]}},{"type":"Feature","properties":{"name":"Outer Ring Road","highway":"motorway","policy":""},"geometry":{"type":"LineString","coordinates":[[78.3629,17.43768],[78.36298,17.43779],[78.36306,17.4379]]}},{"type":"Feature","properties":{"name":"Outer Ring Road","highway":"motorway","policy":""},"geometry":{"type":"LineString","coordinates":[[78.36306,17.4379],[78.36318,17.43808],[78.36333,17.43827]]}},{"type":"Feature","properties":{"name":"Nizamabad Road","highway":"trunk","policy":""},"geometry":{"type":"LineString","coordinates":[[78.4932,17.54937],[78.49324,17.54957],[78.4934,17.55005],[78.49348,17.55032],[78.4935,17.55038],[78.49356,17.5506],[78.49373,17.55132],[78.49384,17.55197],[78.49388,17.55243],[78.49387,17.55289],[78.4938,17.5535],[78.49372,17.55383],[78.49357,17.55432],[78.49334,17.55497],[78.49299,17.5558],[78.49264,17.5567],[78.49253,17.55714],[78.49244,17.55752],[78.4924,17.55785]]}},{"type":"Feature","properties":{"name":"Nizamabad Road","highway":"trunk","policy":""},"geometry":{"type":"LineString","coordinates":[[78.49147,17.54297],[78.49155,17.54335],[78.49171,17.54394],[78.49177,17.54419],[78.49192,17.54475],[78.49251,17.5469],[78.49255,17.54703]]}},{"type":"Feature","properties":{"name":"Nizamabad Road","highway":"trunk","policy":""},"geometry":{"type":"LineString","coordinates":[[78.49305,17.54884],[78.4931,17.54901],[78.4932,17.54937]]}},{"type":"Feature","properties":{"name":"Sardar Vallabhai Patel Chowk","highway":"trunk","policy":""},"geometry":{"type":"LineString","coordinates":[[78.47004,17.40048],[78.46996,17.40055]]}},{"type":"Feature","properties":{"name":"NH44;NH65;NH163","highway":"trunk","policy":""},"geometry":{"type":"LineString","coordinates":[[78.47098,17.3989],[78.47094,17.3989],[78.47086,17.39896],[78.4708,17.39904],[78.47077,17.39914]]}},{"type":"Feature","properties":{"name":"Gachibowl Circle","highway":"motorway","policy":""},"geometry":{"type":"LineString","coordinates":[[78.36373,17.43887],[78.36378,17.43887],[78.36383,17.43885],[78.36387,17.43883],[78.36391,17.4388],[78.36394,17.43876],[78.36396,17.4387]]}},{"type":"Feature","properties":{"name":"Gachibowl Circle","highway":"motorway","policy":""},"geometry":{"type":"LineString","coordinates":[[78.36396,17.4387],[78.36396,17.43863],[78.36395,17.43857],[78.36391,17.43851],[78.36386,17.43847],[78.3638,17.43844],[78.36374,17.43844],[78.36368,17.43845]]}},{"type":"Feature","properties":{"name":"Gachibowl Circle","highway":"motorway","policy":""},"geometry":{"type":"LineString","coordinates":[[78.36352,17.4386],[78.36351,17.43867],[78.36353,17.43873],[78.36356,17.43879],[78.36361,17.43883],[78.36367,17.43886],[78.36373,17.43887]]}},{"type":"Feature","properties":{"name":"Golkonda Road","highway":"trunk","policy":""},"geometry":{"type":"LineString","coordinates":[[78.44293,17.39673],[78.4429,17.39667],[78.44281,17.39643],[78.44279,17.39638],[78.44273,17.39623],[78.44267,17.39616],[78.4426,17.39609],[78.44245,17.39595]]}},{"type":"Feature","properties":{"name":"\u0628\u0631\u06cc\u06af\u06cc\u0688\u06cc\u0626\u0631 \u0633\u0639\u06cc\u062f \u0631\u0648\u0688","highway":"trunk","policy":""},"geometry":{"type":"LineString","coordinates":[[78.48752,17.44352],[78.48752,17.44348],[78.48752,17.4434]]}},{"type":"Feature","properties":{"name":"NH 44","highway":"trunk","policy":""},"geometry":{"type":"LineString","coordinates":[[78.47671,17.49915],[78.47672,17.49919]]}},{"type":"Feature","properties":{"name":"Kukkatpally Main Road - Mumbai Highway","highway":"trunk","policy":""},"geometry":{"type":"LineString","coordinates":[[78.40978,17.48792],[78.40982,17.48787],[78.41008,17.48749],[78.41022,17.48727],[78.41029,17.48717]]}},{"type":"Feature","properties":{"name":"Kukkatpally Main Road - Mumbai Highway","highway":"trunk","policy":""},"geometry":{"type":"LineString","coordinates":[[78.41114,17.48564],[78.41093,17.48596],[78.4103,17.48688],[78.40982,17.48757],[78.40968,17.48778],[78.40961,17.48786],[78.40953,17.48796]]}},{"type":"Feature","properties":{"name":"Inner Ring Road","highway":"trunk","policy":""},"geometry":{"type":"LineString","coordinates":[[78.44647,17.31499],[78.44661,17.31506],[78.44678,17.31513],[78.44684,17.31516],[78.4473,17.31539],[78.44808,17.31576],[78.44889,17.31604],[78.44907,17.31609],[78.44922,17.31613],[78.44956,17.31624],[78.44988,17.31632],[78.45038,17.31648],[78.4505,17.31652],[78.4507,17.31661],[78.45089,17.3167],[78.45114,17.31683],[78.45127,17.31687],[78.45146,17.31689],[78.45167,17.3169],[78.45186,17.31687],[78.452,17.31685],[78.45222,17.31681],[78.45259,17.3167],[78.45276,17.31665],[78.45373,17.31635],[78.45483,17.31602],[78.4551,17.31594],[78.45528,17.31588],[78.45544,17.31583],[78.45563,17.31577],[78.45573,17.31574],[78.45578,17.31573],[78.45617,17.31564],[78.45699,17.31548],[78.45757,17.31537],[78.45793,17.31527],[78.45809,17.31519],[78.45853,17.31487],[78.4587,17.31476],[78.45879,17.3147],[78.45907,17.31451],[78.45909,17.31449],[78.45915,17.31446],[78.45928,17.31444],[78.45958,17.31441],[78.45973,17.3144],[78.45987,17.3144],[78.45995,17.3144]]}},{"type":"Feature","properties":{"name":"Inner Ring Road","highway":"trunk","policy":""},"geometry":{"type":"LineString","coordinates":[[78.55716,17.36505],[78.55716,17.365],[78.55721,17.36458],[78.55726,17.36418],[78.55732,17.36371],[78.55736,17.36345],[78.5574,17.36318],[78.55741,17.36314],[78.55742,17.36309],[78.5575,17.36257],[78.55757,17.36219],[78.55768,17.36159],[78.55779,17.36098],[78.55781,17.3605],[78.55776,17.35999],[78.55762,17.35922],[78.5575,17.35874]]}},{"type":"Feature","properties":{"name":"Inner Ring Road","highway":"trunk","policy":""},"geometry":{"type":"LineString","coordinates":[[78.55738,17.35883],[78.55746,17.35919],[78.55766,17.36029],[78.55765,17.36086],[78.55765,17.361],[78.55761,17.36116],[78.55758,17.36135],[78.55756,17.3615],[78.55753,17.36172],[78.5575,17.36189],[78.55747,17.36206],[78.55743,17.36223],[78.55731,17.36294],[78.55727,17.36314],[78.55726,17.36317],[78.55721,17.36345],[78.5571,17.36412],[78.55707,17.36456],[78.55703,17.36505]]}},{"type":"Feature","properties":{"name":"Inner Ring Road","highway":"trunk","policy":""},"geometry":{"type":"LineString","coordinates":[[78.55284,17.34907],[78.55293,17.34919],[78.55325,17.34958],[78.55331,17.34966],[78.5535,17.3499],[78.55355,17.34995],[78.5538,17.35025]]}},{"type":"Feature","properties":{"name":"Mumbai Highway","highway":"trunk","policy":""},"geometry":{"type":"LineString","coordinates":[[78.47703,17.37362],[78.47708,17.37363],[78.47739,17.37371]]}},{"type":"Feature","properties":{"name":"Chavella road","highway":"trunk","policy":""},"geometry":{"type":"LineString","coordinates":[[78.36992,17.35066],[78.36997,17.35066],[78.37006,17.35066],[78.37027,17.35067],[78.37281,17.351],[78.37326,17.35106],[78.37327,17.35106],[78.37332,17.35107],[78.3738,17.35114],[78.37421,17.35123],[78.37447,17.35131],[78.37463,17.35136],[78.37472,17.35142],[78.37556,17.35186],[78.37592,17.35202],[78.37636,17.35222],[78.37638,17.35223],[78.37669,17.35236],[78.37678,17.3524],[78.37683,17.35243],[78.37685,17.35245],[78.37695,17.35252],[78.37749,17.35313],[78.37784,17.35352],[78.37882,17.35452]]}},{"type":"Feature","properties":{"name":"Inner Ring Road","highway":"trunk","policy":""},"geometry":{"type":"LineString","coordinates":[[78.45074,17.31651],[78.45047,17.31641],[78.45041,17.31639],[78.45001,17.31628],[78.44957,17.31615],[78.44932,17.31608],[78.44909,17.31601]]}},{"type":"Feature","properties":{"name":"Inner Ring Road","highway":"trunk","policy":""},"geometry":{"type":"LineString","coordinates":[[78.44895,17.31595],[78.44885,17.31592]]}},{"type":"Feature","properties":{"name":"Inner Ring Road","highway":"trunk","policy":""},"geometry":{"type":"LineString","coordinates":[[78.44909,17.31601],[78.44895,17.31595]]}},{"type":"Feature","properties":{"name":"Hyderabad-Janagam Highway","highway":"trunk","policy":""},"geometry":{"type":"LineString","coordinates":[[78.58698,17.40478],[78.58707,17.4048]]}},{"type":"Feature","properties":{"name":"Hyderabad-Janagam Highway","highway":"trunk","policy":""},"geometry":{"type":"LineString","coordinates":[[78.59011,17.40563],[78.59008,17.40562],[78.58951,17.40545],[78.58874,17.40522],[78.58866,17.40519],[78.58845,17.40513],[78.58714,17.40473],[78.58709,17.40471],[78.587,17.40469]]}},{"type":"Feature","properties":{"name":"NH163","highway":"trunk","policy":""},"geometry":{"type":"LineString","coordinates":[[78.55015,17.4012],[78.54952,17.40121],[78.5493,17.40121],[78.54915,17.40122],[78.54898,17.40122],[78.54893,17.40122],[78.5489,17.40122],[78.54829,17.40125],[78.54801,17.40126],[78.54787,17.40126],[78.54786,17.40126],[78.54763,17.40128],[78.54762,17.40128],[78.54746,17.40129],[78.54712,17.40129],[78.54705,17.4013],[78.54701,17.4013],[78.54663,17.40128],[78.54635,17.40127],[78.54613,17.40126],[78.54606,17.40125],[78.54593,17.40124],[78.54553,17.4012],[78.5453,17.40118],[78.54502,17.40115],[78.54481,17.40112],[78.54441,17.40107],[78.54427,17.40106],[78.54404,17.40103],[78.54373,17.40099],[78.54338,17.40094],[78.54316,17.4009],[78.54311,17.40089]]}},{"type":"Feature","properties":{"name":"Vijaywada Highway","highway":"trunk","policy":""},"geometry":{"type":"LineString","coordinates":[[78.54657,17.35202],[78.54672,17.35166],[78.54704,17.35112],[78.54712,17.35102],[78.54721,17.3509],[78.5474,17.35064],[78.54829,17.34953],[78.54865,17.34908],[78.54871,17.34902]]}},{"type":"Feature","properties":{"name":"Vijaywada Highway","highway":"trunk","policy":""},"geometry":{"type":"LineString","coordinates":[[78.54598,17.35426],[78.546,17.35416],[78.54622,17.35336],[78.54657,17.35202]]}},{"type":"Feature","properties":{"name":"NH163","highway":"trunk","policy":""},"geometry":{"type":"LineString","coordinates":[[78.40475,17.37146],[78.40471,17.37135],[78.4047,17.37133],[78.40468,17.37128]]}},{"type":"Feature","properties":{"name":"Chavella road","highway":"trunk","policy":""},"geometry":{"type":"LineString","coordinates":[[78.40468,17.37128],[78.40466,17.37122],[78.40465,17.3712],[78.40446,17.37072],[78.40422,17.37013],[78.40372,17.36895],[78.40357,17.36877],[78.40354,17.36874],[78.40353,17.36872]]}},{"type":"Feature","properties":{"name":"Vijaywada Highway","highway":"trunk","policy":""},"geometry":{"type":"LineString","coordinates":[[78.57826,17.33624],[78.57912,17.33615],[78.57943,17.33611],[78.57953,17.3361]]}},{"type":"Feature","properties":{"name":"Inner Ring Road","highway":"trunk","policy":""},"geometry":{"type":"LineString","coordinates":[[78.48929,17.3316],[78.48958,17.33169],[78.48978,17.33178],[78.48983,17.33179],[78.49001,17.33184],[78.49012,17.33189],[78.49034,17.332],[78.49053,17.33209]]}},{"type":"Feature","properties":{"name":"Amberpet Main Road","highway":"trunk","policy":""},"geometry":{"type":"LineString","coordinates":[[78.51282,17.39147],[78.51116,17.39123],[78.5111,17.39122]]}},{"type":"Feature","properties":{"name":"Outer Ring Road","highway":"motorway","policy":""},"geometry":{"type":"LineString","coordinates":[[78.28601,17.41521],[78.2898,17.41387],[78.29032,17.4137],[78.29087,17.41353],[78.29139,17.41339],[78.29193,17.41326]]}},{"type":"Feature","properties":{"name":"Outer Ring Road","highway":"motorway","policy":""},"geometry":{"type":"LineString","coordinates":[[78.28591,17.41524],[78.28601,17.41521]]}},{"type":"Feature","properties":{"name":"Outer Ring Road","highway":"motorway","policy":""},"geometry":{"type":"LineString","coordinates":[[78.29189,17.41307],[78.29134,17.41321],[78.2908,17.41335],[78.29026,17.41352],[78.28974,17.41369],[78.28595,17.41503]]}},{"type":"Feature","properties":{"name":"Outer Ring Road","highway":"motorway","policy":""},"geometry":{"type":"LineString","coordinates":[[78.28595,17.41503],[78.28584,17.41507]]}},{"type":"Feature","properties":{"name":"Vijaywada Highway","highway":"trunk","policy":""},"geometry":{"type":"LineString","coordinates":[[78.65382,17.31861],[78.65385,17.3186]]}},{"type":"Feature","properties":{"name":"Vijaywada Highway","highway":"trunk","policy":""},"geometry":{"type":"LineString","coordinates":[[78.65373,17.31864],[78.65377,17.31862]]}},{"type":"Feature","properties":{"name":"NH65","highway":"trunk","policy":""},"geometry":{"type":"LineString","coordinates":[[78.66073,17.31739],[78.66078,17.31739]]}},{"type":"Feature","properties":{"name":"NH65","highway":"trunk","policy":""},"geometry":{"type":"LineString","coordinates":[[78.66065,17.31738],[78.6607,17.31739]]}},{"type":"Feature","properties":{"name":"NH65","highway":"trunk","policy":""},"geometry":{"type":"LineString","coordinates":[[78.66074,17.31725],[78.66071,17.31725]]}},{"type":"Feature","properties":{"name":"NH65","highway":"trunk","policy":""},"geometry":{"type":"LineString","coordinates":[[78.6611,17.31728],[78.66079,17.31725]]}},{"type":"Feature","properties":{"name":"NH65","highway":"trunk","policy":""},"geometry":{"type":"LineString","coordinates":[[78.66066,17.31724],[78.66035,17.31722],[78.65887,17.3171],[78.6579,17.31718],[78.65692,17.31738],[78.65678,17.31742],[78.65553,17.31783],[78.65493,17.31802],[78.65411,17.31835]]}},{"type":"Feature","properties":{"name":"Vijaywada Highway","highway":"trunk","policy":""},"geometry":{"type":"LineString","coordinates":[[78.65376,17.31848],[78.65372,17.31849]]}},{"type":"Feature","properties":{"name":"Vijaywada Highway","highway":"trunk","policy":""},"geometry":{"type":"LineString","coordinates":[[78.65411,17.31835],[78.6538,17.31847]]}},{"type":"Feature","properties":{"name":"Vijaywada Highway","highway":"trunk","policy":""},"geometry":{"type":"LineString","coordinates":[[78.65369,17.31851],[78.6534,17.31861],[78.65312,17.31872],[78.65246,17.31896],[78.6523,17.31903],[78.65215,17.31908],[78.6517,17.31925],[78.65131,17.31939],[78.65106,17.31948],[78.65087,17.31952],[78.65063,17.31955],[78.65057,17.31956],[78.65022,17.3196],[78.64991,17.31959],[78.64921,17.31956]]}},{"type":"Feature","properties":{"name":"NH163","highway":"trunk","policy":""},"geometry":{"type":"LineString","coordinates":[[78.40555,17.37306],[78.40557,17.37311]]}},{"type":"Feature","properties":{"name":"Chavella road","highway":"trunk","policy":""},"geometry":{"type":"LineString","coordinates":[[78.40555,17.37278],[78.40534,17.37243]]}},{"type":"Feature","properties":{"name":"Bairamalguda Flyover","highway":"trunk","policy":""},"geometry":{"type":"LineString","coordinates":[[78.54349,17.3393],[78.54315,17.33905]]}},{"type":"Feature","properties":{"name":"Inner Ring Road","highway":"trunk","policy":""},"geometry":{"type":"LineString","coordinates":[[78.54887,17.3445],[78.54912,17.34475],[78.54947,17.34508]]}},{"type":"Feature","properties":{"name":"LB Nagar Underpass","highway":"trunk","policy":""},"geometry":{"type":"LineString","coordinates":[[78.54969,17.34528],[78.55017,17.34576],[78.55069,17.34627]]}},{"type":"Feature","properties":{"name":"LB Nagar Underpass","highway":"trunk","policy":""},"geometry":{"type":"LineString","coordinates":[[78.55069,17.34627],[78.55114,17.34676]]}},{"type":"Feature","properties":{"name":"LB Nagar Underpass","highway":"trunk","policy":""},"geometry":{"type":"LineString","coordinates":[[78.55114,17.34676],[78.55142,17.34711],[78.55179,17.34762],[78.55259,17.34865]]}},{"type":"Feature","properties":{"name":"LB Nagar Underpass","highway":"trunk","policy":""},"geometry":{"type":"LineString","coordinates":[[78.55259,17.34865],[78.55276,17.34889],[78.55284,17.34907]]}},{"type":"Feature","properties":{"name":"Kamineni Flyover","highway":"trunk","policy":""},"geometry":{"type":"LineString","coordinates":[[78.55728,17.35842],[78.55738,17.35883]]}},{"type":"Feature","properties":{"name":"Kamineni Flyover","highway":"trunk","policy":""},"geometry":{"type":"LineString","coordinates":[[78.5575,17.35874],[78.5574,17.35839]]}},{"type":"Feature","properties":{"name":"Inner Ring Road","highway":"trunk","policy":""},"geometry":{"type":"LineString","coordinates":[[78.55393,17.3502],[78.55361,17.34981],[78.55343,17.34959],[78.55337,17.34951],[78.55309,17.34911],[78.553,17.34897]]}},{"type":"Feature","properties":{"name":"LB Nagar Underpass","highway":"trunk","policy":""},"geometry":{"type":"LineString","coordinates":[[78.553,17.34897],[78.55287,17.34884],[78.55268,17.34859]]}},{"type":"Feature","properties":{"name":"LB Nagar Underpass","highway":"trunk","policy":""},"geometry":{"type":"LineString","coordinates":[[78.55268,17.34859],[78.55195,17.34763],[78.55138,17.34688],[78.55124,17.34669]]}},{"type":"Feature","properties":{"name":"LB Nagar Underpass","highway":"trunk","policy":""},"geometry":{"type":"LineString","coordinates":[[78.55124,17.34669],[78.55079,17.34618]]}},{"type":"Feature","properties":{"name":"LB Nagar Underpass","highway":"trunk","policy":""},"geometry":{"type":"LineString","coordinates":[[78.55079,17.34618],[78.55027,17.34568],[78.54978,17.3452]]}},{"type":"Feature","properties":{"name":"LB Nagar Underpass","highway":"trunk","policy":""},"geometry":{"type":"LineString","coordinates":[[78.54978,17.3452],[78.54936,17.34481]]}},{"type":"Feature","properties":{"name":"Bairamalguda Flyover","highway":"trunk","policy":""},"geometry":{"type":"LineString","coordinates":[[78.54078,17.33807],[78.54096,17.3381],[78.54116,17.33813],[78.5418,17.33836],[78.54191,17.3384],[78.54263,17.33877],[78.54284,17.33893],[78.543,17.33905],[78.54308,17.33911],[78.54341,17.33939]]}},{"type":"Feature","properties":{"name":"Vijayavada Highway Flyover","highway":"trunk","policy":""},"geometry":{"type":"LineString","coordinates":[[78.55439,17.34409],[78.5541,17.34426]]}},{"type":"Feature","properties":{"name":"Vijayavada Highway Flyover","highway":"trunk","policy":""},"geometry":{"type":"LineString","coordinates":[[78.5541,17.34426],[78.55361,17.34457],[78.5525,17.34529]]}},{"type":"Feature","properties":{"name":"Vijayavada Highway Flyover","highway":"trunk","policy":""},"geometry":{"type":"LineString","coordinates":[[78.5525,17.34529],[78.55202,17.34559],[78.55133,17.34605],[78.55049,17.34663],[78.55016,17.34691],[78.54993,17.34713],[78.54969,17.34738],[78.54947,17.34765]]}},{"type":"Feature","properties":{"name":"Vijayavada Highway Flyover","highway":"trunk","policy":""},"geometry":{"type":"LineString","coordinates":[[78.54947,17.34765],[78.54891,17.34835],[78.54868,17.34866]]}},{"type":"Feature","properties":{"name":"Vijaywada Highway","highway":"trunk","policy":""},"geometry":{"type":"LineString","coordinates":[[78.54864,17.34876],[78.54827,17.34922]]}},{"type":"Feature","properties":{"name":"Chandanagar - RC Puram BHEL Rd Mumbai Highway","highway":"trunk","policy":""},"geometry":{"type":"LineString","coordinates":[[78.31701,17.49523],[78.31708,17.49522],[78.31723,17.49518]]}},{"type":"Feature","properties":{"name":"Mumbai Highway","highway":"trunk","policy":""},"geometry":{"type":"LineString","coordinates":[[78.48235,17.37863],[78.48225,17.3786],[78.4822,17.3786]]}},{"type":"Feature","properties":{"name":"NH765","highway":"trunk","policy":""},"geometry":{"type":"LineString","coordinates":[[78.47955,17.36072],[78.47957,17.36073],[78.47958,17.36075],[78.47962,17.36077]]}},{"type":"Feature","properties":{"name":"Darul Shifa Road","highway":"trunk","policy":""},"geometry":{"type":"LineString","coordinates":[[78.47973,17.36089],[78.4797,17.36076]]}},{"type":"Feature","properties":{"name":"NH765","highway":"trunk","policy":""},"geometry":{"type":"LineString","coordinates":[[78.47991,17.36254],[78.47999,17.36254],[78.48003,17.36254],[78.48007,17.36254]]}},{"type":"Feature","properties":{"name":"Darul Shifa Road","highway":"trunk","policy":""},"geometry":{"type":"LineString","coordinates":[[78.48004,17.36237],[78.48007,17.36254]]}},{"type":"Feature","properties":{"name":"NH765","highway":"trunk","policy":""},"geometry":{"type":"LineString","coordinates":[[78.48004,17.36237],[78.47999,17.36242],[78.47996,17.36246],[78.47991,17.36254]]}},{"type":"Feature","properties":{"name":"Darul Shifa Road","highway":"trunk","policy":""},"geometry":{"type":"LineString","coordinates":[[78.4797,17.36076],[78.47958,17.36002],[78.47954,17.35998]]}},{"type":"Feature","properties":{"name":"NH765","highway":"trunk","policy":""},"geometry":{"type":"LineString","coordinates":[[78.47511,17.36342],[78.47519,17.3634]]}},{"type":"Feature","properties":{"name":"NH44","highway":"trunk","policy":""},"geometry":{"type":"LineString","coordinates":[[78.49352,17.57245],[78.49361,17.572],[78.4937,17.57123],[78.4938,17.5705],[78.49383,17.57015],[78.49378,17.57002],[78.49371,17.56989],[78.49382,17.56896],[78.49399,17.56745],[78.49403,17.56696],[78.49396,17.56638],[78.49395,17.56633],[78.49382,17.56573],[78.49363,17.56484],[78.49354,17.56443],[78.4934,17.56378],[78.49325,17.56265],[78.49305,17.56134],[78.49294,17.56064],[78.49273,17.55932]]}},{"type":"Feature","properties":{"name":"Outer Ring Road","highway":"motorway","policy":""},"geometry":{"type":"LineString","coordinates":[[78.2386,17.51739],[78.23777,17.51952]]}},{"type":"Feature","properties":{"name":"Outer Ring Road","highway":"motorway","policy":""},"geometry":{"type":"LineString","coordinates":[[78.23777,17.51952],[78.23767,17.51977]]}},{"type":"Feature","properties":{"name":"Outer Ring Road","highway":"motorway","policy":""},"geometry":{"type":"LineString","coordinates":[[78.23796,17.51956],[78.23931,17.51609],[78.23953,17.51553],[78.23974,17.51497],[78.23994,17.51441],[78.24015,17.51385],[78.24031,17.5134]]}},{"type":"Feature","properties":{"name":"Outer Ring Road","highway":"motorway","policy":""},"geometry":{"type":"LineString","coordinates":[[78.23785,17.51982],[78.23796,17.51956]]}},{"type":"Feature","properties":{"name":"Mukharam Jahi Road","highway":"trunk","policy":""},"geometry":{"type":"LineString","coordinates":[[78.47514,17.38385],[78.47525,17.38378]]}},{"type":"Feature","properties":{"name":"freight corridor","highway":"trunk","policy":""},"geometry":{"type":"LineString","coordinates":[[78.47521,17.38367],[78.47509,17.38373]]}},{"type":"Feature","properties":{"name":"NH44;NH65;NH163","highway":"trunk","policy":""},"geometry":{"type":"LineString","coordinates":[[78.47525,17.38378],[78.47521,17.38367]]}},{"type":"Feature","properties":{"name":"Amberpet Main Road","highway":"trunk","policy":""},"geometry":{"type":"LineString","coordinates":[[78.51108,17.3913],[78.51165,17.39139],[78.51281,17.39156]]}},{"type":"Feature","properties":{"name":"Vijaywada Highway","highway":"trunk","policy":""},"geometry":{"type":"LineString","coordinates":[[78.50306,17.3734],[78.50278,17.37344],[78.5025,17.37346],[78.50243,17.37347],[78.50213,17.37351],[78.50187,17.37354],[78.5016,17.37358],[78.5013,17.37362]]}},{"type":"Feature","properties":{"name":"Vijaywada Highway","highway":"trunk","policy":""},"geometry":{"type":"LineString","coordinates":[[78.58082,17.33595],[78.582,17.33578]]}},{"type":"Feature","properties":{"name":"NH163","highway":"trunk","policy":""},"geometry":{"type":"LineString","coordinates":[[78.49453,17.38249],[78.49492,17.38266],[78.49527,17.38281],[78.49543,17.38287]]}},{"type":"Feature","properties":{"name":"Mahatma Gandhi Road","highway":"trunk","policy":""},"geometry":{"type":"LineString","coordinates":[[78.48755,17.44239],[78.48756,17.4423],[78.48758,17.44215],[78.48761,17.4419]]}},{"type":"Feature","properties":{"name":"Mahatma Gandhi Road","highway":"trunk","policy":""},"geometry":{"type":"LineString","coordinates":[[78.48752,17.44191],[78.48749,17.44213],[78.48747,17.44228],[78.48746,17.4424]]}},{"type":"Feature","properties":{"name":"NH163","highway":"trunk","policy":""},"geometry":{"type":"LineString","coordinates":[[78.67244,17.44275],[78.67251,17.44276],[78.67257,17.44277]]}},{"type":"Feature","properties":{"name":"NH163","highway":"trunk","policy":""},"geometry":{"type":"LineString","coordinates":[[78.67267,17.44265],[78.67261,17.44264],[78.67255,17.44263]]}},{"type":"Feature","properties":{"name":"Srisailam Highway","highway":"trunk","policy":""},"geometry":{"type":"LineString","coordinates":[[78.47546,17.30214],[78.47548,17.30221]]}},{"type":"Feature","properties":{"name":"Srisailam Highway","highway":"trunk","policy":""},"geometry":{"type":"LineString","coordinates":[[78.47548,17.30221],[78.47554,17.30216]]}},{"type":"Feature","properties":{"name":"NH163","highway":"trunk","policy":""},"geometry":{"type":"LineString","coordinates":[[78.29736,17.33153],[78.2971,17.33138],[78.29703,17.33135],[78.29689,17.33128],[78.29668,17.33119],[78.29632,17.33108],[78.29621,17.33105],[78.29601,17.33102],[78.29566,17.33101],[78.29397,17.33105],[78.29323,17.33106],[78.29316,17.33106],[78.29265,17.3311],[78.29127,17.33115],[78.29025,17.33118],[78.28927,17.33121],[78.28887,17.33121],[78.28866,17.33119],[78.28846,17.33113],[78.28828,17.33106],[78.28816,17.33099],[78.28798,17.33088],[78.28769,17.3307],[78.28741,17.33053],[78.28718,17.33041],[78.28618,17.32995],[78.28599,17.32988],[78.28585,17.32982],[78.28549,17.32973],[78.28522,17.32967],[78.285,17.32965],[78.28488,17.32966],[78.28479,17.32966],[78.28453,17.32968],[78.28426,17.32969],[78.28403,17.3297],[78.28398,17.32971],[78.2835,17.32976],[78.28299,17.32979],[78.28279,17.32982],[78.28264,17.32983],[78.28208,17.32988],[78.28146,17.32993],[78.28119,17.32996],[78.28082,17.33],[78.2806,17.33002],[78.28025,17.33006],[78.28016,17.33006],[78.28006,17.33007],[78.27937,17.33012],[78.27837,17.3302],[78.27803,17.33021],[78.27778,17.33023],[78.27731,17.3302],[78.27679,17.33012],[78.2761,17.32995],[78.27586,17.32988],[78.27555,17.32978],[78.27495,17.32962],[78.27426,17.32941],[78.27372,17.32915],[78.27337,17.32894],[78.27314,17.32878],[78.2731,17.32875],[78.27265,17.32833],[78.27233,17.32805],[78.27209,17.32785],[78.27191,17.32769],[78.27147,17.32732],[78.27106,17.32694],[78.27055,17.32649],[78.27045,17.32641],[78.2699,17.32595],[78.26939,17.3255],[78.26805,17.32433],[78.26788,17.32424],[78.26774,17.32416]]}},{"type":"Feature","properties":{"name":"NH163","highway":"trunk","policy":""},"geometry":{"type":"LineString","coordinates":[[78.29786,17.33192],[78.29746,17.33159]]}},{"type":"Feature","properties":{"name":"NH163","highway":"trunk","policy":""},"geometry":{"type":"LineString","coordinates":[[78.29746,17.33159],[78.29736,17.33153]]}},{"type":"Feature","properties":{"name":"Vijayavada Highway Flyover","highway":"trunk","policy":""},"geometry":{"type":"LineString","coordinates":[[78.54871,17.34902],[78.54876,17.34895]]}},{"type":"Feature","properties":{"name":"Vijayavada Highway Flyover","highway":"trunk","policy":""},"geometry":{"type":"LineString","coordinates":[[78.54876,17.34895],[78.54929,17.34828],[78.5496,17.3479]]}},{"type":"Feature","properties":{"name":"NH65","highway":"trunk","policy":""},"geometry":{"type":"LineString","coordinates":[[78.31525,17.49604],[78.31513,17.49617],[78.31502,17.49633]]}},{"type":"Feature","properties":{"name":"APJ Abdul Kalam Flyover","highway":"trunk","policy":""},"geometry":{"type":"LineString","coordinates":[[78.51266,17.34275],[78.51303,17.3427],[78.51321,17.34275]]}},{"type":"Feature","properties":{"name":"APJ Abdul Kalam Flyover","highway":"trunk","policy":""},"geometry":{"type":"LineString","coordinates":[[78.5003,17.3394],[78.50046,17.3395],[78.50071,17.33966],[78.50087,17.33977]]}},{"type":"Feature","properties":{"name":"Chandrayangutta Flyover","highway":"trunk","policy":""},"geometry":{"type":"LineString","coordinates":[[78.48441,17.32952],[78.48423,17.32945]]}},{"type":"Feature","properties":{"name":"Chandrayangutta Flyover","highway":"trunk","policy":""},"geometry":{"type":"LineString","coordinates":[[78.4842,17.32955],[78.48436,17.32961]]}},{"type":"Feature","properties":{"name":"Flyover","highway":"trunk","policy":""},"geometry":{"type":"LineString","coordinates":[[78.45345,17.35326],[78.45337,17.35305]]}},{"type":"Feature","properties":{"name":"Flyover","highway":"trunk","policy":""},"geometry":{"type":"LineString","coordinates":[[78.45308,17.35268],[78.45319,17.35295]]}},{"type":"Feature","properties":{"name":"NH44","highway":"trunk","policy":""},"geometry":{"type":"LineString","coordinates":[[78.45526,17.35991],[78.45535,17.36026],[78.45542,17.36062],[78.45544,17.36068],[78.45563,17.36131],[78.45572,17.36161],[78.45595,17.36233]]}},{"type":"Feature","properties":{"name":"Flyover","highway":"trunk","policy":""},"geometry":{"type":"LineString","coordinates":[[78.45523,17.35979],[78.45526,17.35991]]}},{"type":"Feature","properties":{"name":"Flyover","highway":"trunk","policy":""},"geometry":{"type":"LineString","coordinates":[[78.45533,17.35988],[78.45531,17.35977]]}},{"type":"Feature","properties":{"name":"Flyover","highway":"trunk","policy":""},"geometry":{"type":"LineString","coordinates":[[78.42796,17.31855],[78.42783,17.3184],[78.42776,17.31831]]}},{"type":"Feature","properties":{"name":"Flyover","highway":"trunk","policy":""},"geometry":{"type":"LineString","coordinates":[[78.42759,17.31833],[78.42776,17.31854]]}},{"type":"Feature","properties":{"name":"Flyover","highway":"trunk","policy":""},"geometry":{"type":"LineString","coordinates":[[78.42335,17.31121],[78.42341,17.31136]]}},{"type":"Feature","properties":{"name":"NH44","highway":"trunk","policy":""},"geometry":{"type":"LineString","coordinates":[[78.42342,17.31106],[78.42325,17.31065]]}},{"type":"Feature","properties":{"name":"PJR Flyover","highway":"motorway","policy":""},"geometry":{"type":"LineString","coordinates":[[78.3636,17.43841],[78.36315,17.43765],[78.36276,17.43713],[78.3619,17.43585],[78.36082,17.43421],[78.36026,17.43317]]}},{"type":"Feature","properties":{"name":"Flyover","highway":"trunk","policy":""},"geometry":{"type":"LineString","coordinates":[[78.41864,17.29791],[78.41882,17.29844]]}},{"type":"Feature","properties":{"name":"Flyover","highway":"trunk","policy":""},"geometry":{"type":"LineString","coordinates":[[78.41895,17.29837],[78.41885,17.29806]]}},{"type":"Feature","properties":{"name":"Flyover","highway":"trunk","policy":""},"geometry":{"type":"LineString","coordinates":[[78.4213,17.30575],[78.42115,17.3053],[78.42105,17.305]]}},{"type":"Feature","properties":{"name":"Flyover","highway":"trunk","policy":""},"geometry":{"type":"LineString","coordinates":[[78.42108,17.30547],[78.42119,17.30586],[78.42123,17.30598]]}},{"type":"Feature","properties":{"name":"Moosapet Flyover","highway":"trunk","policy":""},"geometry":{"type":"LineString","coordinates":[[78.43262,17.45934],[78.43272,17.45912]]}},{"type":"Feature","properties":{"name":"Moosapet Flyover","highway":"trunk","policy":""},"geometry":{"type":"LineString","coordinates":[[78.43258,17.45911],[78.43255,17.45916]]}},{"type":"Feature","properties":{"name":"Moosapet Flyover","highway":"trunk","policy":""},"geometry":{"type":"LineString","coordinates":[[78.42932,17.46651],[78.42946,17.46621]]}},{"type":"Feature","properties":{"name":"Moosapet Road","highway":"trunk","policy":""},"geometry":{"type":"LineString","coordinates":[[78.42916,17.46647],[78.42905,17.4667]]}},{"type":"Feature","properties":{"name":"Langar House Flyover","highway":"trunk","policy":""},"geometry":{"type":"LineString","coordinates":[[78.4186,17.37451],[78.41843,17.37443]]}},{"type":"Feature","properties":{"name":"Bairamalguda Flyover","highway":"trunk","policy":""},"geometry":{"type":"LineString","coordinates":[[78.54875,17.34439],[78.54887,17.3445]]}},{"type":"Feature","properties":{"name":"Bairamalguda Flyover","highway":"trunk","policy":""},"geometry":{"type":"LineString","coordinates":[[78.54896,17.34441],[78.5489,17.34436],[78.54885,17.34431]]}},{"type":"Feature","properties":{"name":"Inner Ring Road","highway":"trunk","policy":""},"geometry":{"type":"LineString","coordinates":[[78.54315,17.33905],[78.54307,17.33899]]}},{"type":"Feature","properties":{"name":"Inner Ring Road","highway":"trunk","policy":""},"geometry":{"type":"LineString","coordinates":[[78.53995,17.33797],[78.54051,17.33802],[78.54063,17.33804],[78.54078,17.33807]]}},{"type":"Feature","properties":{"name":"Masab Tank Flyover","highway":"trunk","policy":""},"geometry":{"type":"LineString","coordinates":[[78.45599,17.40372],[78.45639,17.40352]]}},{"type":"Feature","properties":{"name":"Masab Tank Flyover","highway":"trunk","policy":""},"geometry":{"type":"LineString","coordinates":[[78.45634,17.40347],[78.45595,17.40369]]}},{"type":"Feature","properties":{"name":"Nagole Flyover","highway":"trunk","policy":""},"geometry":{"type":"LineString","coordinates":[[78.55752,17.37095],[78.55751,17.37081],[78.55744,17.36998]]}},{"type":"Feature","properties":{"name":"Nagole Flyover","highway":"trunk","policy":""},"geometry":{"type":"LineString","coordinates":[[78.55731,17.36991],[78.55741,17.37092],[78.55741,17.37102]]}},{"type":"Feature","properties":{"name":"Nagole Flyover","highway":"trunk","policy":""},"geometry":{"type":"LineString","coordinates":[[78.55807,17.38016],[78.55807,17.38029],[78.55809,17.38058]]}},{"type":"Feature","properties":{"name":"Nagole Flyover","highway":"trunk","policy":""},"geometry":{"type":"LineString","coordinates":[[78.55824,17.38104],[78.5582,17.38016]]}},{"type":"Feature","properties":{"name":"Kamineni Flyover","highway":"trunk","policy":""},"geometry":{"type":"LineString","coordinates":[[78.55422,17.35054],[78.55393,17.3502]]}},{"type":"Feature","properties":{"name":"Kamineni Flyover","highway":"trunk","policy":""},"geometry":{"type":"LineString","coordinates":[[78.5538,17.35025],[78.55396,17.35045],[78.5541,17.35061]]}},{"type":"Feature","properties":{"name":"NH44","highway":"trunk","policy":""},"geometry":{"type":"LineString","coordinates":[[78.39345,17.26634],[78.39313,17.2661]]}},{"type":"Feature","properties":{"name":"NH44","highway":"trunk","policy":""},"geometry":{"type":"LineString","coordinates":[[78.3818,17.25633],[78.3824,17.25717],[78.38328,17.25865],[78.38352,17.25902],[78.38374,17.2593]]}},{"type":"Feature","properties":{"name":"NH44","highway":"trunk","policy":""},"geometry":{"type":"LineString","coordinates":[[78.38385,17.25924],[78.38362,17.25897],[78.38329,17.25846],[78.38222,17.25666],[78.38192,17.25623]]}},{"type":"Feature","properties":{"name":"Vijayavada Highway Flyover","highway":"trunk","policy":""},"geometry":{"type":"LineString","coordinates":[[78.54868,17.34866],[78.54863,17.34872],[78.54864,17.34876]]}},{"type":"Feature","properties":{"name":"Vijaywada Highway","highway":"trunk","policy":""},"geometry":{"type":"LineString","coordinates":[[78.5548,17.34406],[78.55486,17.344]]}},{"type":"Feature","properties":{"name":"Medchal Kandlakoya Highway Flyover","highway":"trunk","policy":""},"geometry":{"type":"LineString","coordinates":[[78.49266,17.59539],[78.49265,17.59566],[78.49266,17.59589]]}},{"type":"Feature","properties":{"name":"Medchal Kandlakoya Highway Flyover","highway":"trunk","policy":""},"geometry":{"type":"LineString","coordinates":[[78.49284,17.59675],[78.49283,17.5965]]}},{"type":"Feature","properties":{"name":"Medchal Kandlakoya Highway Flyover","highway":"trunk","policy":""},"geometry":{"type":"LineString","coordinates":[[78.49263,17.59808],[78.49261,17.59828],[78.49257,17.59862]]}},{"type":"Feature","properties":{"name":"Medchal Kandlakoya Highway Flyover","highway":"trunk","policy":""},"geometry":{"type":"LineString","coordinates":[[78.49271,17.59886],[78.49276,17.59842]]}},{"type":"Feature","properties":{"name":"Medchal Kandlakoya Highway Flyover","highway":"trunk","policy":""},"geometry":{"type":"LineString","coordinates":[[78.4926,17.59954],[78.49266,17.59925],[78.49271,17.59886]]}},{"type":"Feature","properties":{"name":"Flyover","highway":"trunk","policy":""},"geometry":{"type":"LineString","coordinates":[[78.40343,17.27666],[78.40368,17.27682]]}},{"type":"Feature","properties":{"name":"Flyover","highway":"trunk","policy":""},"geometry":{"type":"LineString","coordinates":[[78.40377,17.27666],[78.40355,17.27651]]}},{"type":"Feature","properties":{"name":"Flyover","highway":"trunk","policy":""},"geometry":{"type":"LineString","coordinates":[[78.40942,17.27981],[78.40905,17.2795]]}},{"type":"Feature","properties":{"name":"Flyover","highway":"trunk","policy":""},"geometry":{"type":"LineString","coordinates":[[78.40922,17.27986],[78.40949,17.28011],[78.40954,17.28017]]}},{"type":"Feature","properties":{"name":"Flyover","highway":"trunk","policy":""},"geometry":{"type":"LineString","coordinates":[[78.42353,17.31132],[78.42348,17.3112],[78.42342,17.31106]]}},{"type":"Feature","properties":{"name":"Nizamabad Road","highway":"trunk","policy":""},"geometry":{"type":"LineString","coordinates":[[78.4764,17.49851],[78.47647,17.49867]]}},{"type":"Feature","properties":{"name":"Nizamabad Road","highway":"trunk","policy":""},"geometry":{"type":"LineString","coordinates":[[78.47684,17.4991],[78.47681,17.49905],[78.47674,17.49889]]}},{"type":"Feature","properties":{"name":"Nizamabad Road","highway":"trunk","policy":""},"geometry":{"type":"LineString","coordinates":[[78.47507,17.49594],[78.4756,17.49682],[78.47593,17.49747]]}},{"type":"Feature","properties":{"name":"Nizamabad Road","highway":"trunk","policy":""},"geometry":{"type":"LineString","coordinates":[[78.47625,17.49785],[78.47591,17.49715],[78.47519,17.49585]]}},{"type":"Feature","properties":{"name":"Nizamabad Road","highway":"trunk","policy":""},"geometry":{"type":"LineString","coordinates":[[78.47519,17.49585],[78.47482,17.49519],[78.47477,17.49509],[78.47462,17.49479],[78.47445,17.49437],[78.47434,17.494],[78.47426,17.49355],[78.47421,17.49315],[78.47388,17.49054],[78.47381,17.48992]]}},{"type":"Feature","properties":{"name":"Vijaywada Highway","highway":"trunk","policy":""},"geometry":{"type":"LineString","coordinates":[[78.55719,17.34235],[78.55811,17.34182],[78.55861,17.34159],[78.55866,17.34157],[78.55881,17.34152],[78.55888,17.3415],[78.55908,17.34144],[78.55934,17.34136],[78.5596,17.3413],[78.55998,17.34122]]}},{"type":"Feature","properties":{"name":"LB Nagar Underpass","highway":"trunk","policy":""},"geometry":{"type":"LineString","coordinates":[[78.54947,17.34508],[78.54969,17.34528]]}},{"type":"Feature","properties":{"name":"Inner Ring Road","highway":"trunk","policy":""},"geometry":{"type":"LineString","coordinates":[[78.54936,17.34481],[78.54896,17.34441]]}},{"type":"Feature","properties":{"name":"Inner Ring Road","highway":"trunk","policy":""},"geometry":{"type":"LineString","coordinates":[[78.43302,17.32105],[78.4332,17.32091]]}},{"type":"Feature","properties":{"name":"Inner Ring Road","highway":"trunk","policy":""},"geometry":{"type":"LineString","coordinates":[[78.43313,17.32082],[78.43296,17.32093]]}},{"type":"Feature","properties":{"name":"NH44","highway":"trunk","policy":""},"geometry":{"type":"LineString","coordinates":[[78.37051,17.24486],[78.36969,17.24429]]}},{"type":"Feature","properties":{"name":"NH44","highway":"trunk","policy":""},"geometry":{"type":"LineString","coordinates":[[78.36962,17.24437],[78.37045,17.24493]]}},{"type":"Feature","properties":{"name":"NH44","highway":"trunk","policy":""},"geometry":{"type":"LineString","coordinates":[[78.36935,17.2442],[78.36962,17.24437]]}},{"type":"Feature","properties":{"name":"NH44","highway":"trunk","policy":""},"geometry":{"type":"LineString","coordinates":[[78.36969,17.24429],[78.36941,17.2441]]}},{"type":"Feature","properties":{"name":"NH44","highway":"trunk","policy":""},"geometry":{"type":"LineString","coordinates":[[78.37132,17.24552],[78.37181,17.24585]]}},{"type":"Feature","properties":{"name":"NH44","highway":"trunk","policy":""},"geometry":{"type":"LineString","coordinates":[[78.37138,17.24544],[78.37133,17.2454]]}},{"type":"Feature","properties":{"name":"NH44","highway":"trunk","policy":""},"geometry":{"type":"LineString","coordinates":[[78.37127,17.24548],[78.37132,17.24552]]}},{"type":"Feature","properties":{"name":"Outer Ring Road","highway":"motorway","policy":""},"geometry":{"type":"LineString","coordinates":[[78.67041,17.46242],[78.67037,17.46214],[78.67029,17.4616],[78.67024,17.46124]]}},{"type":"Feature","properties":{"name":"Outer Ring Road","highway":"motorway","policy":""},"geometry":{"type":"LineString","coordinates":[[78.67042,17.46255],[78.67041,17.46242]]}},{"type":"Feature","properties":{"name":"Outer Ring Road","highway":"motorway","policy":""},"geometry":{"type":"LineString","coordinates":[[78.6697,17.45939],[78.66983,17.46001],[78.66993,17.46055],[78.67002,17.46108],[78.6701,17.46162],[78.67018,17.46216],[78.67022,17.46245]]}},{"type":"Feature","properties":{"name":"Outer Ring Road","highway":"motorway","policy":""},"geometry":{"type":"LineString","coordinates":[[78.67022,17.46245],[78.67023,17.46256]]}},{"type":"Feature","properties":{"name":"NH44","highway":"trunk","policy":""},"geometry":{"type":"LineString","coordinates":[[78.49298,17.59151],[78.49296,17.59122]]}},{"type":"Feature","properties":{"name":"NH44","highway":"trunk","policy":""},"geometry":{"type":"LineString","coordinates":[[78.49296,17.59122],[78.49294,17.59104]]}},{"type":"Feature","properties":{"name":"Charminar Road","highway":"trunk","policy":""},"geometry":{"type":"LineString","coordinates":[[78.47252,17.35083],[78.47256,17.35103],[78.47256,17.35111],[78.47258,17.35132],[78.47261,17.35188],[78.47268,17.35265],[78.47272,17.35284]]}},{"type":"Feature","properties":{"name":"Inner Ring Road","highway":"trunk","policy":""},"geometry":{"type":"LineString","coordinates":[[78.42982,17.32347],[78.43004,17.32331],[78.4303,17.32312],[78.43036,17.32307],[78.43073,17.32279]]}},{"type":"Feature","properties":{"name":"APJ Abdul Kalam Flyover","highway":"trunk","policy":""},"geometry":{"type":"LineString","coordinates":[[78.50087,17.33977],[78.50107,17.33989],[78.5014,17.34012]]}},{"type":"Feature","properties":{"name":"APJ Abdul Kalam Flyover","highway":"trunk","policy":""},"geometry":{"type":"LineString","coordinates":[[78.51139,17.34294],[78.51193,17.34285],[78.51266,17.34275]]}},{"type":"Feature","properties":{"name":"Kamineni Flyover","highway":"trunk","policy":""},"geometry":{"type":"LineString","coordinates":[[78.5541,17.35061],[78.5544,17.35099],[78.55492,17.35165],[78.55509,17.35189],[78.55517,17.35202]]}},{"type":"Feature","properties":{"name":"Kamineni Flyover","highway":"trunk","policy":""},"geometry":{"type":"LineString","coordinates":[[78.55527,17.35196],[78.55521,17.35187],[78.55512,17.35174],[78.55495,17.35151],[78.55467,17.35114],[78.55422,17.35054]]}},{"type":"Feature","properties":{"name":"Kamineni Flyover","highway":"trunk","policy":""},"geometry":{"type":"LineString","coordinates":[[78.55635,17.35523],[78.55657,17.35599],[78.55684,17.35693],[78.55717,17.35802],[78.55728,17.35842]]}},{"type":"Feature","properties":{"name":"Kamineni Flyover","highway":"trunk","policy":""},"geometry":{"type":"LineString","coordinates":[[78.5574,17.35839],[78.55724,17.35784],[78.55714,17.35748],[78.55705,17.35718],[78.55696,17.35688],[78.55668,17.35596],[78.55651,17.35539],[78.55646,17.3552]]}},{"type":"Feature","properties":{"name":"Nagole Flyover","highway":"trunk","policy":""},"geometry":{"type":"LineString","coordinates":[[78.55741,17.37102],[78.55748,17.37197],[78.5575,17.37234],[78.55751,17.3725]]}},{"type":"Feature","properties":{"name":"Nagole Flyover","highway":"trunk","policy":""},"geometry":{"type":"LineString","coordinates":[[78.55764,17.37248],[78.55752,17.37095]]}},{"type":"Feature","properties":{"name":"Nagole Flyover","highway":"trunk","policy":""},"geometry":{"type":"LineString","coordinates":[[78.55797,17.37871],[78.55797,17.3788],[78.558,17.37926],[78.55803,17.37966],[78.55806,17.38006],[78.55807,17.38016]]}},{"type":"Feature","properties":{"name":"Nagole Flyover","highway":"trunk","policy":""},"geometry":{"type":"LineString","coordinates":[[78.5582,17.38016],[78.55819,17.38005],[78.55816,17.37964],[78.55813,17.37919],[78.5581,17.37882],[78.55809,17.37871]]}},{"type":"Feature","properties":{"name":"NH44","highway":"trunk","policy":""},"geometry":{"type":"LineString","coordinates":[[78.37181,17.24585],[78.37201,17.24598],[78.37219,17.24615],[78.37234,17.2463],[78.37268,17.24669]]}},{"type":"Feature","properties":{"name":"NH44","highway":"trunk","policy":""},"geometry":{"type":"LineString","coordinates":[[78.37279,17.2467],[78.37241,17.24624],[78.37218,17.24601],[78.37197,17.24585],[78.37138,17.24544]]}},{"type":"Feature","properties":{"name":"NH44","highway":"trunk","policy":""},"geometry":{"type":"LineString","coordinates":[[78.36767,17.24308],[78.36831,17.24351],[78.36935,17.2442]]}},{"type":"Feature","properties":{"name":"NH44","highway":"trunk","policy":""},"geometry":{"type":"LineString","coordinates":[[78.36941,17.2441],[78.36928,17.24401],[78.36895,17.24378],[78.36873,17.24363],[78.36774,17.24298]]}},{"type":"Feature","properties":{"name":"Ameerpet Road - Panjagutta Main Road","highway":"trunk","policy":""},"geometry":{"type":"LineString","coordinates":[[78.45229,17.4271],[78.45239,17.42696]]}},{"type":"Feature","properties":{"name":"NH65","highway":"trunk","policy":""},"geometry":{"type":"LineString","coordinates":[[78.27796,17.51955],[78.27862,17.51898]]}},{"type":"Feature","properties":{"name":"NH65","highway":"trunk","policy":""},"geometry":{"type":"LineString","coordinates":[[78.27785,17.51965],[78.27791,17.51959],[78.27796,17.51955]]}},{"type":"Feature","properties":{"name":"Somajiguda Road - Panjagutta Main Road","highway":"trunk","policy":""},"geometry":{"type":"LineString","coordinates":[[78.45261,17.42637],[78.45249,17.42657],[78.45247,17.4266]]}},{"type":"Feature","properties":{"name":"Lakdikapul Road","highway":"trunk","policy":""},"geometry":{"type":"LineString","coordinates":[[78.46418,17.40472],[78.46447,17.40442],[78.46489,17.40399],[78.46504,17.40384],[78.46519,17.40381]]}},{"type":"Feature","properties":{"name":"Dr.Manmohan Singh Flyover","highway":"trunk","policy":""},"geometry":{"type":"LineString","coordinates":[[78.45238,17.35044],[78.45223,17.34994],[78.45179,17.34819],[78.4517,17.34786],[78.45118,17.34607],[78.45085,17.34528],[78.45064,17.34461],[78.4505,17.34404],[78.45043,17.34373],[78.45038,17.34329],[78.45037,17.34236],[78.4504,17.3416],[78.45048,17.34114],[78.45065,17.34036],[78.45079,17.33959],[78.45082,17.33929],[78.45081,17.33892],[78.45071,17.33849],[78.45063,17.33821],[78.45057,17.33808],[78.45051,17.33794],[78.45039,17.33773],[78.45022,17.33748],[78.45,17.33724],[78.44975,17.33701],[78.44954,17.33684],[78.44941,17.33674],[78.4492,17.33662],[78.44904,17.33655],[78.44882,17.33645],[78.44802,17.33615],[78.44629,17.3355],[78.44555,17.33521],[78.44497,17.335],[78.44474,17.33493],[78.44431,17.33486],[78.44381,17.33486],[78.44328,17.3349],[78.44279,17.33493],[78.4424,17.33491],[78.44221,17.33487],[78.44199,17.33481],[78.44182,17.33475],[78.44166,17.33468],[78.44142,17.33452],[78.44067,17.33376],[78.43892,17.33204],[78.43623,17.32945],[78.43602,17.32921],[78.43591,17.32905],[78.43573,17.32876],[78.43542,17.32814],[78.43505,17.32739],[78.43481,17.32688],[78.43449,17.32622],[78.43432,17.32584],[78.434,17.32496],[78.43381,17.3245],[78.4337,17.3242],[78.4336,17.32396],[78.43349,17.32366],[78.43332,17.32323]]}},{"type":"Feature","properties":{"name":"Dr.Manmohan Singh Flyover","highway":"trunk","policy":""},"geometry":{"type":"LineString","coordinates":[[78.43309,17.32295],[78.43325,17.32331],[78.4334,17.3237],[78.43351,17.32397],[78.43358,17.32414],[78.43374,17.32459],[78.43393,17.32506],[78.43414,17.3256],[78.43435,17.32609],[78.43454,17.3265],[78.43483,17.32709],[78.435,17.32745],[78.43545,17.32837],[78.43564,17.32877],[78.43574,17.32895],[78.43587,17.32914],[78.43596,17.32926],[78.43609,17.32941],[78.43636,17.3297],[78.43695,17.33025],[78.43778,17.33107],[78.43881,17.33207],[78.44135,17.33456],[78.44153,17.33469],[78.44167,17.33478],[78.44185,17.33486],[78.44212,17.33497],[78.44235,17.33503],[78.44272,17.33506],[78.44309,17.33502],[78.4434,17.335],[78.44397,17.33497],[78.44434,17.33498],[78.4448,17.33506],[78.44538,17.33528],[78.44587,17.33547],[78.44875,17.33657],[78.44899,17.33667],[78.44923,17.33678],[78.44953,17.33697],[78.44971,17.33711],[78.44998,17.33737],[78.45018,17.33762],[78.45027,17.33775],[78.45044,17.33806],[78.45054,17.33832],[78.45062,17.33858],[78.45068,17.33884],[78.45071,17.33927],[78.4507,17.33943],[78.45064,17.3398],[78.4505,17.34049],[78.45043,17.34082],[78.45036,17.34115],[78.45028,17.34165],[78.45024,17.34212],[78.45026,17.34282],[78.45027,17.34319],[78.45031,17.34357],[78.4504,17.34407],[78.45051,17.34453],[78.45064,17.34496],[78.45079,17.34538],[78.45096,17.34585],[78.45109,17.34626],[78.45122,17.34667],[78.45147,17.34751],[78.45163,17.34803],[78.45179,17.34856],[78.45217,17.35018]]}},{"type":"Feature","properties":{"name":"Dr.Manmohan Singh Flyover","highway":"trunk","policy":""},"geometry":{"type":"LineString","coordinates":[[78.45244,17.35064],[78.45238,17.35044]]}},{"type":"Feature","properties":{"name":"Dr.Manmohan Singh Flyover","highway":"trunk","policy":""},"geometry":{"type":"LineString","coordinates":[[78.43332,17.32323],[78.43328,17.32316],[78.43317,17.32287],[78.43302,17.32264]]}},{"type":"Feature","properties":{"name":"NH44","highway":"trunk","policy":""},"geometry":{"type":"LineString","coordinates":[[78.43272,17.3224],[78.43287,17.32261],[78.433,17.32279],[78.43302,17.32282]]}},{"type":"Feature","properties":{"name":"Mumbai Highway","highway":"trunk","policy":""},"geometry":{"type":"LineString","coordinates":[[78.48214,17.37847],[78.4822,17.3786]]}},{"type":"Feature","properties":{"name":"Mumbai Highway","highway":"trunk","policy":""},"geometry":{"type":"LineString","coordinates":[[78.48222,17.37843],[78.48216,17.37835]]}},{"type":"Feature","properties":{"name":"Vijaywada Highway","highway":"trunk","policy":""},"geometry":{"type":"LineString","coordinates":[[78.63586,17.3221],[78.63528,17.32215],[78.6346,17.32216],[78.63403,17.32213],[78.63366,17.32211],[78.63286,17.32202],[78.63236,17.3219],[78.63157,17.3217],[78.63051,17.32143]]}},{"type":"Feature","properties":{"name":"Vijaywada Highway","highway":"trunk","policy":""},"geometry":{"type":"LineString","coordinates":[[78.63051,17.32143],[78.6304,17.3214]]}},{"type":"Feature","properties":{"name":"Vijaywada Highway","highway":"trunk","policy":""},"geometry":{"type":"LineString","coordinates":[[78.63049,17.32152],[78.6311,17.32168],[78.63166,17.32182],[78.63194,17.3219],[78.63225,17.32197],[78.63285,17.32211],[78.63332,17.32218],[78.63385,17.32224],[78.63445,17.32228],[78.63506,17.32228],[78.63572,17.32224]]}},{"type":"Feature","properties":{"name":"Vijaywada Highway","highway":"trunk","policy":""},"geometry":{"type":"LineString","coordinates":[[78.63038,17.3215],[78.63049,17.32152]]}},{"type":"Feature","properties":{"name":"Somajiguda Road - Panjagutta Main Road","highway":"trunk","policy":""},"geometry":{"type":"LineString","coordinates":[[78.45298,17.42571],[78.45291,17.42584],[78.45261,17.42637]]}},{"type":"Feature","properties":{"name":"Nizamabad Road","highway":"trunk","policy":""},"geometry":{"type":"LineString","coordinates":[[78.49059,17.53954],[78.49081,17.5403],[78.49083,17.54038],[78.49096,17.54085],[78.491,17.541],[78.49106,17.54129]]}},{"type":"Feature","properties":{"name":"freight corridor","highway":"trunk","policy":""},"geometry":{"type":"LineString","coordinates":[[78.46019,17.41332],[78.46029,17.41319]]}},{"type":"Feature","properties":{"name":"freight corridor","highway":"trunk","policy":""},"geometry":{"type":"LineString","coordinates":[[78.46005,17.41349],[78.46011,17.41342]]}},{"type":"Feature","properties":{"name":"NH65","highway":"trunk","policy":""},"geometry":{"type":"LineString","coordinates":[[78.24097,17.53747],[78.24068,17.53752]]}},{"type":"Feature","properties":{"name":"NH65","highway":"trunk","policy":""},"geometry":{"type":"LineString","coordinates":[[78.24068,17.53752],[78.24016,17.5376]]}},{"type":"Feature","properties":{"name":"Srisailam Highway","highway":"trunk","policy":""},"geometry":{"type":"LineString","coordinates":[[78.47555,17.30211],[78.47563,17.30176],[78.4757,17.30142],[78.47573,17.30104],[78.47578,17.30059],[78.47582,17.30018],[78.47587,17.29985],[78.47592,17.29963],[78.47599,17.29942],[78.47604,17.29929]]}},{"type":"Feature","properties":{"name":"Srisailam Highway","highway":"trunk","policy":""},"geometry":{"type":"LineString","coordinates":[[78.47547,17.30209],[78.47546,17.30214]]}},{"type":"Feature","properties":{"name":"Golnaka Road","highway":"trunk","policy":""},"geometry":{"type":"LineString","coordinates":[[78.5108,17.39126],[78.51085,17.39126],[78.51092,17.39128],[78.51108,17.3913]]}},{"type":"Feature","properties":{"name":"Golnaka Road","highway":"trunk","policy":""},"geometry":{"type":"LineString","coordinates":[[78.5111,17.39122],[78.51097,17.3912],[78.51092,17.39119],[78.51081,17.39118]]}},{"type":"Feature","properties":{"name":"Amberpet Main Road","highway":"trunk","policy":""},"geometry":{"type":"LineString","coordinates":[[78.51281,17.39156],[78.51302,17.39159]]}},{"type":"Feature","properties":{"name":"Amberpet Main Road","highway":"trunk","policy":""},"geometry":{"type":"LineString","coordinates":[[78.51305,17.3915],[78.51287,17.39147],[78.51282,17.39147]]}},{"type":"Feature","properties":{"name":"Amberpet Main Road","highway":"trunk","policy":""},"geometry":{"type":"LineString","coordinates":[[78.51302,17.39159],[78.51345,17.39169],[78.5137,17.39174]]}},{"type":"Feature","properties":{"name":"Amberpet Main Road","highway":"trunk","policy":""},"geometry":{"type":"LineString","coordinates":[[78.5137,17.39174],[78.51379,17.39175],[78.51388,17.39176]]}},{"type":"Feature","properties":{"name":"Amberpet Main Road","highway":"trunk","policy":""},"geometry":{"type":"LineString","coordinates":[[78.5137,17.39167],[78.51359,17.39165],[78.51347,17.39162],[78.51323,17.39155],[78.51305,17.3915]]}},{"type":"Feature","properties":{"name":"Amberpet Main Road","highway":"trunk","policy":""},"geometry":{"type":"LineString","coordinates":[[78.51389,17.39171],[78.5138,17.39169],[78.51373,17.39168],[78.5137,17.39167]]}},{"type":"Feature","properties":{"name":"Uppal Road","highway":"trunk","policy":""},"geometry":{"type":"LineString","coordinates":[[78.51638,17.39211],[78.51686,17.39218],[78.51726,17.39224],[78.51764,17.39233],[78.51785,17.39238],[78.51818,17.39244],[78.51853,17.39248],[78.51887,17.3925],[78.5192,17.39253]]}},{"type":"Feature","properties":{"name":"Uppal Road","highway":"trunk","policy":""},"geometry":{"type":"LineString","coordinates":[[78.5192,17.39253],[78.51932,17.39254],[78.51943,17.39255]]}},{"type":"Feature","properties":{"name":"Amberpet Main Road","highway":"trunk","policy":""},"geometry":{"type":"LineString","coordinates":[[78.51921,17.39244],[78.51896,17.39242],[78.51844,17.39238],[78.5181,17.39233],[78.51787,17.39229],[78.51759,17.39222],[78.51738,17.39218],[78.51712,17.39212],[78.5166,17.39205],[78.51639,17.39203]]}},{"type":"Feature","properties":{"name":"Amberpet Main Road","highway":"trunk","policy":""},"geometry":{"type":"LineString","coordinates":[[78.51944,17.39247],[78.51939,17.39246],[78.5193,17.39245],[78.51921,17.39244]]}},{"type":"Feature","properties":{"name":"Amberpet Main Road","highway":"trunk","policy":""},"geometry":{"type":"LineString","coordinates":[[78.51613,17.39207],[78.51638,17.39211]]}},{"type":"Feature","properties":{"name":"Amberpet Main Road","highway":"trunk","policy":""},"geometry":{"type":"LineString","coordinates":[[78.51614,17.392],[78.516,17.39199],[78.51564,17.39194],[78.51526,17.3919],[78.51491,17.39184],[78.51479,17.39183],[78.5144,17.39178],[78.51418,17.39175],[78.51389,17.39171]]}},{"type":"Feature","properties":{"name":"Amberpet Main Road","highway":"trunk","policy":""},"geometry":{"type":"LineString","coordinates":[[78.51639,17.39203],[78.51614,17.392]]}},{"type":"Feature","properties":{"name":"Golnaka Road","highway":"trunk","policy":""},"geometry":{"type":"LineString","coordinates":[[78.50983,17.39111],[78.5099,17.39112],[78.51041,17.3912],[78.51055,17.39122],[78.51071,17.39124],[78.5108,17.39126]]}},{"type":"Feature","properties":{"name":"Golnaka Road","highway":"trunk","policy":""},"geometry":{"type":"LineString","coordinates":[[78.50964,17.39108],[78.50974,17.3911],[78.50983,17.39111]]}},{"type":"Feature","properties":{"name":"Golnaka Road","highway":"trunk","policy":""},"geometry":{"type":"LineString","coordinates":[[78.51081,17.39118],[78.51056,17.39113],[78.50984,17.39106]]}},{"type":"Feature","properties":{"name":"Golnaka Road","highway":"trunk","policy":""},"geometry":{"type":"LineString","coordinates":[[78.50984,17.39106],[78.50974,17.39104],[78.50964,17.39103]]}},{"type":"Feature","properties":{"name":"Outer Ring Road","highway":"motorway","policy":""},"geometry":{"type":"LineString","coordinates":[[78.49838,17.20565],[78.49752,17.20547],[78.49641,17.20523],[78.49581,17.20511]]}},{"type":"Feature","properties":{"name":"Outer Ring Road","highway":"motorway","policy":""},"geometry":{"type":"LineString","coordinates":[[78.49581,17.20511],[78.49532,17.20502]]}},{"type":"Feature","properties":{"name":"Outer Ring Road","highway":"motorway","policy":""},"geometry":{"type":"LineString","coordinates":[[78.4871,17.20411],[78.48757,17.20415],[78.48812,17.2042],[78.48862,17.20425],[78.48919,17.20431],[78.48973,17.20436],[78.49031,17.20443],[78.49086,17.2045],[78.49198,17.20466],[78.49307,17.20482],[78.49418,17.20501],[78.49528,17.2052]]}},{"type":"Feature","properties":{"name":"Outer Ring Road","highway":"motorway","policy":""},"geometry":{"type":"LineString","coordinates":[[78.49528,17.2052],[78.49578,17.2053]]}},{"type":"Feature","properties":{"name":"Mumbai Highway","highway":"trunk","policy":""},"geometry":{"type":"LineString","coordinates":[[78.48209,17.37838],[78.48214,17.37847]]}},{"type":"Feature","properties":{"name":"Vijaywada Highway","highway":"trunk","policy":""},"geometry":{"type":"LineString","coordinates":[[78.53984,17.36764],[78.53992,17.3676]]}},{"type":"Feature","properties":{"name":"Vijaywada Highway","highway":"trunk","policy":""},"geometry":{"type":"LineString","coordinates":[[78.53978,17.36748],[78.53942,17.36763],[78.53906,17.36777],[78.53901,17.36779],[78.5389,17.36782],[78.5387,17.36788],[78.53818,17.36802],[78.53793,17.36809],[78.53743,17.36816],[78.53313,17.36829],[78.53227,17.36831],[78.53221,17.36832],[78.53206,17.36832],[78.53112,17.36835],[78.53074,17.36836],[78.52975,17.36839],[78.52899,17.3684],[78.52857,17.36841],[78.52753,17.36843],[78.52738,17.36843],[78.52714,17.36843],[78.5262,17.36845],[78.52567,17.36846],[78.52496,17.36847]]}},{"type":"Feature","properties":{"name":"Falaknuma Road","highway":"trunk","policy":""},"geometry":{"type":"LineString","coordinates":[[78.46818,17.33954],[78.4681,17.33942]]}},{"type":"Feature","properties":{"name":"Falaknuma Road","highway":"trunk","policy":""},"geometry":{"type":"LineString","coordinates":[[78.4681,17.33942],[78.4681,17.33954]]}},{"type":"Feature","properties":{"name":"NH765","highway":"trunk","policy":""},"geometry":{"type":"LineString","coordinates":[[78.47508,17.36347],[78.4751,17.36344],[78.47511,17.36342],[78.47511,17.36339],[78.4751,17.36336],[78.47508,17.36334],[78.47506,17.36332],[78.47503,17.36331]]}},{"type":"Feature","properties":{"name":"NH765","highway":"trunk","policy":""},"geometry":{"type":"LineString","coordinates":[[78.47503,17.36349],[78.47506,17.36348],[78.47508,17.36347]]}},{"type":"Feature","properties":{"name":"RC Puram BHEL - Beeramguda Rd Mumbai Highway","highway":"trunk","policy":""},"geometry":{"type":"LineString","coordinates":[[78.31212,17.5018],[78.3126,17.50092],[78.31279,17.50058],[78.31282,17.50054],[78.31289,17.50042]]}},{"type":"Feature","properties":{"name":"RC Puram BHEL - Beeramguda Rd Mumbai Highway","highway":"trunk","policy":""},"geometry":{"type":"LineString","coordinates":[[78.31502,17.49633],[78.31487,17.49654],[78.31475,17.49672],[78.31471,17.49679],[78.31446,17.49731],[78.31409,17.49808],[78.31387,17.49856],[78.31383,17.49864],[78.31368,17.49889],[78.31308,17.49991],[78.31307,17.49992],[78.31303,17.50001],[78.3128,17.50039]]}},{"type":"Feature","properties":{"name":"Chandanagar - RC Puram BHEL Rd Mumbai Highway","highway":"trunk","policy":""},"geometry":{"type":"LineString","coordinates":[[78.32236,17.4951],[78.32251,17.4951],[78.32262,17.4951],[78.32307,17.4951],[78.3232,17.49509],[78.32341,17.49509],[78.32376,17.49509],[78.32423,17.49508],[78.3244,17.49508],[78.32458,17.49508],[78.32493,17.49508],[78.32514,17.49508]]}},{"type":"Feature","properties":{"name":"Chandanagar - RC Puram BHEL Rd Mumbai Highway","highway":"trunk","policy":""},"geometry":{"type":"LineString","coordinates":[[78.32519,17.49494],[78.3249,17.49494],[78.32455,17.49495],[78.32439,17.49496],[78.32419,17.49495],[78.32374,17.49496],[78.32317,17.49496],[78.32279,17.49496],[78.32273,17.49496],[78.32249,17.49496],[78.32234,17.49496]]}},{"type":"Feature","properties":{"name":"High Court Road","highway":"trunk","policy":""},"geometry":{"type":"LineString","coordinates":[[78.46368,17.36746],[78.46356,17.36742],[78.46317,17.36729],[78.46274,17.36713],[78.46231,17.36698],[78.46197,17.36685],[78.46172,17.36675],[78.4612,17.36654],[78.46039,17.36625],[78.4599,17.36606],[78.45978,17.36601],[78.45965,17.36593],[78.45955,17.36588],[78.4594,17.36585]]}},{"type":"Feature","properties":{"name":"High Court Road","highway":"trunk","policy":""},"geometry":{"type":"LineString","coordinates":[[78.46397,17.36761],[78.46411,17.36765],[78.46446,17.36772],[78.46528,17.36779],[78.46575,17.36783],[78.46611,17.36785],[78.46661,17.36789],[78.46753,17.36796],[78.46764,17.36797],[78.4682,17.36802]]}},{"type":"Feature","properties":{"name":"High Court Road","highway":"trunk","policy":""},"geometry":{"type":"LineString","coordinates":[[78.46381,17.36756],[78.46397,17.36761]]}},{"type":"Feature","properties":{"name":"High Court Road","highway":"trunk","policy":""},"geometry":{"type":"LineString","coordinates":[[78.464,17.36756],[78.46384,17.36752]]}},{"type":"Feature","properties":{"name":"High Court Road","highway":"trunk","policy":""},"geometry":{"type":"LineString","coordinates":[[78.46384,17.36752],[78.46368,17.36746]]}},{"type":"Feature","properties":{"name":"High Court Road","highway":"trunk","policy":""},"geometry":{"type":"LineString","coordinates":[[78.46366,17.36751],[78.46381,17.36756]]}},{"type":"Feature","properties":{"name":"Vijaywada Highway","highway":"trunk","policy":""},"geometry":{"type":"LineString","coordinates":[[78.56947,17.33797],[78.56924,17.33805],[78.56822,17.33838],[78.56773,17.33859],[78.56716,17.33889],[78.56676,17.33913],[78.56659,17.33922],[78.56618,17.33944],[78.5657,17.33969],[78.56522,17.33993],[78.56505,17.34002],[78.56444,17.3403],[78.56418,17.34039],[78.5639,17.34046],[78.56384,17.34048],[78.56367,17.34051],[78.56364,17.34051],[78.56303,17.34059],[78.56258,17.34066],[78.56218,17.34072],[78.56206,17.34075],[78.5617,17.3408],[78.56111,17.34089],[78.56065,17.34095],[78.56029,17.34102],[78.56013,17.34104],[78.55959,17.34112],[78.55936,17.34116],[78.55929,17.34117],[78.55921,17.34119],[78.55918,17.3412],[78.55883,17.34128],[78.55852,17.34138],[78.55826,17.3415],[78.55819,17.34153],[78.55804,17.34161],[78.55784,17.34173],[78.55729,17.34211]]}},{"type":"Feature","properties":{"name":"Vijaywada Highway","highway":"trunk","policy":""},"geometry":{"type":"LineString","coordinates":[[78.56964,17.338],[78.56978,17.33796]]}},{"type":"Feature","properties":{"name":"Somajiguda Road - Panjagutta Main Road","highway":"trunk","policy":""},"geometry":{"type":"LineString","coordinates":[[78.45247,17.4266],[78.45242,17.42669]]}},{"type":"Feature","properties":{"name":"Inner Ring Road","highway":"trunk","policy":""},"geometry":{"type":"LineString","coordinates":[[78.46639,17.31679],[78.46631,17.3165],[78.46619,17.31614],[78.46614,17.31601],[78.4661,17.31592],[78.46607,17.31587],[78.46598,17.31576],[78.46583,17.31561],[78.46553,17.31537],[78.46485,17.31499],[78.46458,17.31483],[78.46442,17.31474],[78.46431,17.3147],[78.46393,17.31456],[78.46341,17.31441],[78.46336,17.3144],[78.46316,17.31435],[78.46306,17.31433],[78.46291,17.31432],[78.46275,17.31433],[78.46273,17.31433],[78.46265,17.31434]]}},{"type":"Feature","properties":{"name":"NH163","highway":"trunk","policy":""},"geometry":{"type":"LineString","coordinates":[[78.41516,17.37327],[78.41549,17.37332],[78.41617,17.37355]]}},{"type":"Feature","properties":{"name":"Nizamabad Road","highway":"trunk","policy":""},"geometry":{"type":"LineString","coordinates":[[78.49095,17.54012],[78.49078,17.53951]]}},{"type":"Feature","properties":{"name":"Nizamabad Road","highway":"trunk","policy":""},"geometry":{"type":"LineString","coordinates":[[78.49267,17.54699],[78.49246,17.54628],[78.49214,17.54506],[78.49204,17.54466],[78.49184,17.54393],[78.49176,17.5436]]}},{"type":"Feature","properties":{"name":"Nizamabad Road","highway":"trunk","policy":""},"geometry":{"type":"LineString","coordinates":[[78.48471,17.52619],[78.48419,17.52539],[78.48372,17.52457],[78.48349,17.5241],[78.4833,17.52369],[78.4831,17.52306],[78.48271,17.52175],[78.48266,17.52156],[78.48247,17.52081]]}},{"type":"Feature","properties":{"name":"Nizamabad Road","highway":"trunk","policy":""},"geometry":{"type":"LineString","coordinates":[[78.48431,17.52581],[78.48463,17.52626],[78.48478,17.5265],[78.48537,17.52742],[78.48652,17.5293],[78.48653,17.52933],[78.48763,17.53098],[78.48768,17.53106],[78.48811,17.5318],[78.48821,17.532],[78.48834,17.53227],[78.48848,17.53253],[78.48869,17.53311],[78.48897,17.5339],[78.48902,17.53405],[78.48931,17.53504],[78.48935,17.53519],[78.48957,17.53599],[78.48965,17.53626],[78.49005,17.53762],[78.49029,17.53843]]}},{"type":"Feature","properties":{"name":"Nizamabad Road","highway":"trunk","policy":""},"geometry":{"type":"LineString","coordinates":[[78.48247,17.52081],[78.48226,17.51999],[78.4822,17.51973],[78.48212,17.51935],[78.48208,17.51924],[78.48195,17.51891],[78.4819,17.51879],[78.4817,17.51833],[78.48143,17.51772],[78.48137,17.5176],[78.48117,17.51718]]}},{"type":"Feature","properties":{"name":"Nizamabad Road","highway":"trunk","policy":""},"geometry":{"type":"LineString","coordinates":[[78.4819,17.51929],[78.48194,17.5194],[78.4822,17.52044],[78.48254,17.52182],[78.48272,17.52254],[78.48284,17.52289],[78.48314,17.52368],[78.48345,17.52431],[78.48378,17.52495],[78.48431,17.52581]]}},{"type":"Feature","properties":{"name":"PJR Flyover","highway":"motorway","policy":""},"geometry":{"type":"LineString","coordinates":[[78.36026,17.43317],[78.36021,17.43308],[78.36024,17.43293]]}},{"type":"Feature","properties":{"name":"Vijaywada Highway","highway":"trunk","policy":""},"geometry":{"type":"LineString","coordinates":[[78.6465,17.3196],[78.6469,17.3196],[78.64842,17.31965],[78.64922,17.31967]]}},{"type":"Feature","properties":{"name":"Vijaywada Highway","highway":"trunk","policy":""},"geometry":{"type":"LineString","coordinates":[[78.64921,17.31956],[78.64842,17.31954],[78.64761,17.3195],[78.64649,17.31948]]}},{"type":"Feature","properties":{"name":"Vijaywada Highway","highway":"trunk","policy":""},"geometry":{"type":"LineString","coordinates":[[78.64649,17.31948],[78.64568,17.31954],[78.64426,17.31966],[78.64406,17.3197],[78.64339,17.31989],[78.64263,17.32014]]}},{"type":"Feature","properties":{"name":"Vijaywada Highway","highway":"trunk","policy":""},"geometry":{"type":"LineString","coordinates":[[78.64128,17.32071],[78.64269,17.32025]]}},{"type":"Feature","properties":{"name":"Vijaywada Highway","highway":"trunk","policy":""},"geometry":{"type":"LineString","coordinates":[[78.64263,17.32014],[78.64124,17.32059]]}},{"type":"Feature","properties":{"name":"Vijaywada Highway","highway":"trunk","policy":""},"geometry":{"type":"LineString","coordinates":[[78.63871,17.32156],[78.63988,17.32118],[78.6402,17.32107],[78.64077,17.32089],[78.64128,17.32071]]}},{"type":"Feature","properties":{"name":"NH44;NH65;NH163","highway":"trunk","policy":""},"geometry":{"type":"LineString","coordinates":[[78.47654,17.37394],[78.47703,17.37362]]}},{"type":"Feature","properties":{"name":"NH44","highway":"trunk","policy":""},"geometry":{"type":"LineString","coordinates":[[78.37474,17.24906],[78.37498,17.24924],[78.37581,17.2499]]}},{"type":"Feature","properties":{"name":"NH44","highway":"trunk","policy":""},"geometry":{"type":"LineString","coordinates":[[78.37399,17.24832],[78.37393,17.24827],[78.37374,17.24807],[78.37363,17.2479],[78.37337,17.24747],[78.37322,17.24726],[78.3732,17.24724],[78.37312,17.24713],[78.37307,17.24706],[78.37279,17.2467]]}},{"type":"Feature","properties":{"name":"freight corridor","highway":"motorway","policy":""},"geometry":{"type":"LineString","coordinates":[[78.363,17.44409],[78.36294,17.44402]]}},{"type":"Feature","properties":{"name":"freight corridor","highway":"trunk","policy":""},"geometry":{"type":"LineString","coordinates":[[78.47697,17.37062],[78.47693,17.37054],[78.47688,17.37052],[78.47648,17.37046],[78.47644,17.37046],[78.47639,17.3705]]}},{"type":"Feature","properties":{"name":"Nizamabad Road","highway":"trunk","policy":""},"geometry":{"type":"LineString","coordinates":[[78.47669,17.4991],[78.47671,17.49915]]}},{"type":"Feature","properties":{"name":"Vijaywada Highway","highway":"trunk","policy":""},"geometry":{"type":"LineString","coordinates":[[78.65385,17.3186],[78.6541,17.31851],[78.65417,17.31848]]}},{"type":"Feature","properties":{"name":"freight corridor","highway":"trunk","policy":""},"geometry":{"type":"LineString","coordinates":[[78.4772,17.50022],[78.47733,17.50017]]}},{"type":"Feature","properties":{"name":"freight corridor","highway":"trunk","policy":""},"geometry":{"type":"LineString","coordinates":[[78.47477,17.49509],[78.47466,17.49515]]}},{"type":"Feature","properties":{"name":"freight corridor","highway":"trunk","policy":""},"geometry":{"type":"LineString","coordinates":[[78.49175,17.57599],[78.49213,17.57611]]}},{"type":"Feature","properties":{"name":"freight corridor","highway":"trunk","policy":""},"geometry":{"type":"LineString","coordinates":[[78.47669,17.32643],[78.47655,17.3265],[78.47648,17.32652],[78.47635,17.32654]]}},{"type":"Feature","properties":{"name":"Miyapur - Allwyn Cross Road Mumbai Highway","highway":"trunk","policy":""},"geometry":{"type":"LineString","coordinates":[[78.36157,17.49672],[78.36168,17.49673]]}},{"type":"Feature","properties":{"name":"Inner Ring Road","highway":"trunk","policy":""},"geometry":{"type":"LineString","coordinates":[[78.48621,17.33023],[78.48599,17.33014],[78.48545,17.32992],[78.48497,17.32973],[78.4847,17.32963],[78.48441,17.32952]]}},{"type":"Feature","properties":{"name":"Outer Ring Road","highway":"motorway","policy":""},"geometry":{"type":"LineString","coordinates":[[78.25508,17.54522],[78.25335,17.54489]]}},{"type":"Feature","properties":{"name":"Outer Ring Road","highway":"motorway","policy":""},"geometry":{"type":"LineString","coordinates":[[78.25335,17.54489],[78.25316,17.54486]]}},{"type":"Feature","properties":{"name":"Outer Ring Road","highway":"motorway","policy":""},"geometry":{"type":"LineString","coordinates":[[78.25328,17.54507],[78.26208,17.54673]]}},{"type":"Feature","properties":{"name":"Outer Ring Road","highway":"motorway","policy":""},"geometry":{"type":"LineString","coordinates":[[78.25309,17.54503],[78.25328,17.54507]]}},{"type":"Feature","properties":{"name":"Outer Ring Road","highway":"motorway","policy":""},"geometry":{"type":"LineString","coordinates":[[78.27614,17.54982],[78.27559,17.54968],[78.27089,17.54852]]}},{"type":"Feature","properties":{"name":"Outer Ring Road","highway":"motorway","policy":""},"geometry":{"type":"LineString","coordinates":[[78.27089,17.54852],[78.27072,17.54847]]}},{"type":"Feature","properties":{"name":"Outer Ring Road","highway":"motorway","policy":""},"geometry":{"type":"LineString","coordinates":[[78.27088,17.54871],[78.27554,17.54986],[78.2761,17.55]]}},{"type":"Feature","properties":{"name":"Outer Ring Road","highway":"motorway","policy":""},"geometry":{"type":"LineString","coordinates":[[78.27066,17.54865],[78.27088,17.54871]]}},{"type":"Feature","properties":{"name":"Outer Ring Road","highway":"motorway","policy":""},"geometry":{"type":"LineString","coordinates":[[78.27621,17.55002],[78.27688,17.55017],[78.27741,17.55028],[78.27796,17.55039],[78.27852,17.5505],[78.27907,17.55059],[78.27962,17.55068],[78.28006,17.55075]]}},{"type":"Feature","properties":{"name":"Outer Ring Road","highway":"motorway","policy":""},"geometry":{"type":"LineString","coordinates":[[78.28006,17.55075],[78.28022,17.55077]]}},{"type":"Feature","properties":{"name":"Outer Ring Road","highway":"motorway","policy":""},"geometry":{"type":"LineString","coordinates":[[78.28007,17.55056],[78.27965,17.5505],[78.2791,17.55041],[78.27855,17.55031],[78.278,17.55021],[78.27744,17.5501],[78.27692,17.54999],[78.27625,17.54984]]}},{"type":"Feature","properties":{"name":"Outer Ring Road","highway":"motorway","policy":""},"geometry":{"type":"LineString","coordinates":[[78.28025,17.55059],[78.28007,17.55056]]}},{"type":"Feature","properties":{"name":"Outer Ring Road","highway":"motorway","policy":""},"geometry":{"type":"LineString","coordinates":[[78.29695,17.55239],[78.28895,17.55154]]}},{"type":"Feature","properties":{"name":"Outer Ring Road","highway":"motorway","policy":""},"geometry":{"type":"LineString","coordinates":[[78.28895,17.55154],[78.28876,17.55152]]}},{"type":"Feature","properties":{"name":"Outer Ring Road","highway":"motorway","policy":""},"geometry":{"type":"LineString","coordinates":[[78.28894,17.55172],[78.29154,17.55201]]}},{"type":"Feature","properties":{"name":"Outer Ring Road","highway":"motorway","policy":""},"geometry":{"type":"LineString","coordinates":[[78.28872,17.55171],[78.28894,17.55172]]}},{"type":"Feature","properties":{"name":"Outer Ring Road","highway":"motorway","policy":""},"geometry":{"type":"LineString","coordinates":[[78.30372,17.55525],[78.30515,17.55605]]}},{"type":"Feature","properties":{"name":"Outer Ring Road","highway":"motorway","policy":""},"geometry":{"type":"LineString","coordinates":[[78.30515,17.55605],[78.30528,17.55613]]}},{"type":"Feature","properties":{"name":"Outer Ring Road","highway":"motorway","policy":""},"geometry":{"type":"LineString","coordinates":[[78.30524,17.55589],[78.30406,17.55523]]}},{"type":"Feature","properties":{"name":"Outer Ring Road","highway":"motorway","policy":""},"geometry":{"type":"LineString","coordinates":[[78.30539,17.55598],[78.30524,17.55589]]}},{"type":"Feature","properties":{"name":"Outer Ring Road","highway":"motorway","policy":""},"geometry":{"type":"LineString","coordinates":[[78.3181,17.55737],[78.31833,17.55733],[78.31859,17.55729],[78.31885,17.55726],[78.31912,17.55724],[78.31938,17.55722]]}},{"type":"Feature","properties":{"name":"Outer Ring Road","highway":"motorway","policy":""},"geometry":{"type":"LineString","coordinates":[[78.31938,17.55722],[78.31965,17.55722]]}},{"type":"Feature","properties":{"name":"Outer Ring Road","highway":"motorway","policy":""},"geometry":{"type":"LineString","coordinates":[[78.31938,17.55704],[78.3191,17.55706],[78.31883,17.55708],[78.31856,17.55711],[78.31829,17.55715],[78.31796,17.55721]]}},{"type":"Feature","properties":{"name":"Outer Ring Road","highway":"motorway","policy":""},"geometry":{"type":"LineString","coordinates":[[78.31965,17.55704],[78.31938,17.55704]]}},{"type":"Feature","properties":{"name":"Outer Ring Road","highway":"motorway","policy":""},"geometry":{"type":"LineString","coordinates":[[78.32704,17.5595],[78.32922,17.56031]]}},{"type":"Feature","properties":{"name":"Outer Ring Road","highway":"motorway","policy":""},"geometry":{"type":"LineString","coordinates":[[78.32922,17.56031],[78.32937,17.56037]]}},{"type":"Feature","properties":{"name":"Outer Ring Road","highway":"motorway","policy":""},"geometry":{"type":"LineString","coordinates":[[78.32928,17.56014],[78.32711,17.55933]]}},{"type":"Feature","properties":{"name":"Outer Ring Road","highway":"motorway","policy":""},"geometry":{"type":"LineString","coordinates":[[78.32946,17.5602],[78.32928,17.56014]]}},{"type":"Feature","properties":{"name":"Outer Ring Road","highway":"motorway","policy":""},"geometry":{"type":"LineString","coordinates":[[78.36954,17.56108],[78.36757,17.56126]]}},{"type":"Feature","properties":{"name":"Outer Ring Road","highway":"motorway","policy":""},"geometry":{"type":"LineString","coordinates":[[78.36967,17.56107],[78.36954,17.56108]]}},{"type":"Feature","properties":{"name":"Outer Ring Road","highway":"motorway","policy":""},"geometry":{"type":"LineString","coordinates":[[78.36759,17.56144],[78.36956,17.56126]]}},{"type":"Feature","properties":{"name":"Outer Ring Road","highway":"motorway","policy":""},"geometry":{"type":"LineString","coordinates":[[78.36956,17.56126],[78.36972,17.56125]]}},{"type":"Feature","properties":{"name":"Outer Ring Road","highway":"motorway","policy":""},"geometry":{"type":"LineString","coordinates":[[78.37843,17.56262],[78.37865,17.5628],[78.37885,17.56299],[78.37905,17.56318],[78.37924,17.56339],[78.37941,17.56359],[78.37958,17.5638],[78.37974,17.56402],[78.3799,17.56424],[78.38005,17.56447],[78.38019,17.5647],[78.38033,17.56493],[78.38047,17.56517],[78.38074,17.56563],[78.38468,17.57253],[78.38475,17.57264]]}},{"type":"Feature","properties":{"name":"Outer Ring Road","highway":"motorway","policy":""},"geometry":{"type":"LineString","coordinates":[[78.38475,17.57264],[78.38484,17.57279]]}},{"type":"Feature","properties":{"name":"Outer Ring Road","highway":"motorway","policy":""},"geometry":{"type":"LineString","coordinates":[[78.38492,17.57255],[78.38485,17.57244],[78.38091,17.56555],[78.38064,17.56508],[78.3805,17.56484],[78.38035,17.56461],[78.38021,17.56437],[78.38006,17.56414],[78.3799,17.56391],[78.37973,17.56369],[78.37956,17.56348],[78.37938,17.56328],[78.37918,17.56306],[78.37898,17.56286],[78.37878,17.56267],[78.37855,17.56248]]}},{"type":"Feature","properties":{"name":"Outer Ring Road","highway":"motorway","policy":""},"geometry":{"type":"LineString","coordinates":[[78.38502,17.57272],[78.38492,17.57255]]}},{"type":"Feature","properties":{"name":"Outer Ring Road","highway":"motorway","policy":""},"geometry":{"type":"LineString","coordinates":[[78.40147,17.58805],[78.39628,17.5838],[78.39585,17.58344],[78.39392,17.58188]]}},{"type":"Feature","properties":{"name":"Outer Ring Road","highway":"motorway","policy":""},"geometry":{"type":"LineString","coordinates":[[78.39392,17.58188],[78.39379,17.58177]]}},{"type":"Feature","properties":{"name":"Outer Ring Road","highway":"motorway","policy":""},"geometry":{"type":"LineString","coordinates":[[78.39379,17.58202],[78.39443,17.58254]]}},{"type":"Feature","properties":{"name":"Outer Ring Road","highway":"motorway","policy":""},"geometry":{"type":"LineString","coordinates":[[78.39365,17.5819],[78.39379,17.58202]]}},{"type":"Feature","properties":{"name":"Outer Ring Road","highway":"motorway","policy":""},"geometry":{"type":"LineString","coordinates":[[78.41682,17.59702],[78.42476,17.60026],[78.4258,17.60069],[78.42684,17.60113],[78.42724,17.6013]]}},{"type":"Feature","properties":{"name":"Outer Ring Road","highway":"motorway","policy":""},"geometry":{"type":"LineString","coordinates":[[78.51671,17.59275],[78.53373,17.59033]]}},{"type":"Feature","properties":{"name":"Outer Ring Road","highway":"motorway","policy":""},"geometry":{"type":"LineString","coordinates":[[78.53373,17.59033],[78.53395,17.5903]]}},{"type":"Feature","properties":{"name":"Outer Ring Road","highway":"motorway","policy":""},"geometry":{"type":"LineString","coordinates":[[78.53371,17.59015],[78.51668,17.59257]]}},{"type":"Feature","properties":{"name":"Outer Ring Road","highway":"motorway","policy":""},"geometry":{"type":"LineString","coordinates":[[78.53394,17.59011],[78.53371,17.59015]]}},{"type":"Feature","properties":{"name":"Outer Ring Road","highway":"motorway","policy":""},"geometry":{"type":"LineString","coordinates":[[78.5811,17.57834],[78.57858,17.57813]]}},{"type":"Feature","properties":{"name":"Outer Ring Road","highway":"motorway","policy":""},"geometry":{"type":"LineString","coordinates":[[78.58128,17.57836],[78.5811,17.57834]]}},{"type":"Feature","properties":{"name":"Outer Ring Road","highway":"motorway","policy":""},"geometry":{"type":"LineString","coordinates":[[78.57997,17.57843],[78.58107,17.57852]]}},{"type":"Feature","properties":{"name":"Outer Ring Road","highway":"motorway","policy":""},"geometry":{"type":"LineString","coordinates":[[78.58107,17.57852],[78.58124,17.57854]]}},{"type":"Feature","properties":{"name":"Outer Ring Road","highway":"motorway","policy":""},"geometry":{"type":"LineString","coordinates":[[78.6096,17.57249],[78.59594,17.57811],[78.5954,17.57833],[78.59489,17.57853],[78.59437,17.57871],[78.59384,17.57886],[78.5933,17.57899],[78.59275,17.57908],[78.59219,17.57914],[78.59163,17.57917],[78.59126,17.57917]]}},{"type":"Feature","properties":{"name":"Outer Ring Road","highway":"motorway","policy":""},"geometry":{"type":"LineString","coordinates":[[78.60975,17.57243],[78.6096,17.57249]]}},{"type":"Feature","properties":{"name":"Outer Ring Road","highway":"motorway","policy":""},"geometry":{"type":"LineString","coordinates":[[78.58929,17.57922],[78.58995,17.57928],[78.59051,17.57932],[78.59107,17.57935],[78.59164,17.57935],[78.59221,17.57933],[78.59277,17.57926],[78.59334,17.57917],[78.59389,17.57904],[78.59443,17.57889],[78.59496,17.5787],[78.59548,17.5785],[78.59602,17.57828],[78.60965,17.57267]]}},{"type":"Feature","properties":{"name":"Outer Ring Road","highway":"motorway","policy":""},"geometry":{"type":"LineString","coordinates":[[78.60965,17.57267],[78.60983,17.5726]]}},{"type":"Feature","properties":{"name":"Outer Ring Road","highway":"motorway","policy":""},"geometry":{"type":"LineString","coordinates":[[78.61736,17.56928],[78.61712,17.56939],[78.61661,17.56961],[78.60975,17.57243]]}},{"type":"Feature","properties":{"name":"Outer Ring Road","highway":"motorway","policy":""},"geometry":{"type":"LineString","coordinates":[[78.61754,17.5692],[78.61736,17.56928]]}},{"type":"Feature","properties":{"name":"Outer Ring Road","highway":"motorway","policy":""},"geometry":{"type":"LineString","coordinates":[[78.60983,17.5726],[78.61669,17.56978],[78.6172,17.56956],[78.61745,17.56944]]}},{"type":"Feature","properties":{"name":"Outer Ring Road","highway":"motorway","policy":""},"geometry":{"type":"LineString","coordinates":[[78.61745,17.56944],[78.61762,17.56936]]}},{"type":"Feature","properties":{"name":"Outer Ring Road","highway":"motorway","policy":""},"geometry":{"type":"LineString","coordinates":[[78.62965,17.54871],[78.62739,17.55742],[78.62733,17.55768],[78.62726,17.55793],[78.62718,17.5582],[78.62709,17.55846],[78.62697,17.55883]]}},{"type":"Feature","properties":{"name":"Outer Ring Road","highway":"motorway","policy":""},"geometry":{"type":"LineString","coordinates":[[78.6297,17.54852],[78.62965,17.54871]]}},{"type":"Feature","properties":{"name":"Outer Ring Road","highway":"motorway","policy":""},"geometry":{"type":"LineString","coordinates":[[78.62715,17.55889],[78.62728,17.55852],[78.62736,17.55825],[78.62744,17.55798],[78.62751,17.55772],[78.62758,17.55747],[78.62984,17.54873]]}},{"type":"Feature","properties":{"name":"Outer Ring Road","highway":"motorway","policy":""},"geometry":{"type":"LineString","coordinates":[[78.62984,17.54873],[78.62989,17.54854]]}},{"type":"Feature","properties":{"name":"Outer Ring Road","highway":"motorway","policy":""},"geometry":{"type":"LineString","coordinates":[[78.63771,17.52904],[78.63738,17.52948],[78.63706,17.52992],[78.63675,17.53038],[78.63644,17.53083],[78.63595,17.53157]]}},{"type":"Feature","properties":{"name":"Outer Ring Road","highway":"motorway","policy":""},"geometry":{"type":"LineString","coordinates":[[78.63595,17.53157],[78.63583,17.53175]]}},{"type":"Feature","properties":{"name":"Outer Ring Road","highway":"motorway","policy":""},"geometry":{"type":"LineString","coordinates":[[78.63498,17.53338],[78.63511,17.53317],[78.636,17.53183]]}},{"type":"Feature","properties":{"name":"Outer Ring Road","highway":"motorway","policy":""},"geometry":{"type":"LineString","coordinates":[[78.636,17.53183],[78.63612,17.53165]]}},{"type":"Feature","properties":{"name":"Outer Ring Road","highway":"motorway","policy":""},"geometry":{"type":"LineString","coordinates":[[78.64272,17.5228],[78.64164,17.52414]]}},{"type":"Feature","properties":{"name":"Outer Ring Road","highway":"motorway","policy":""},"geometry":{"type":"LineString","coordinates":[[78.64286,17.52263],[78.64272,17.5228]]}},{"type":"Feature","properties":{"name":"Outer Ring Road","highway":"motorway","policy":""},"geometry":{"type":"LineString","coordinates":[[78.64253,17.52334],[78.6429,17.52289]]}},{"type":"Feature","properties":{"name":"Outer Ring Road","highway":"motorway","policy":""},"geometry":{"type":"LineString","coordinates":[[78.6429,17.52289],[78.64301,17.52275]]}},{"type":"Feature","properties":{"name":"Outer Ring Road","highway":"motorway","policy":""},"geometry":{"type":"LineString","coordinates":[[78.66634,17.48373],[78.66624,17.48396],[78.66603,17.48447],[78.66581,17.48497],[78.66559,17.48546],[78.66537,17.48596],[78.66514,17.48645],[78.66491,17.48695],[78.66442,17.48797],[78.6642,17.48844],[78.66395,17.48893],[78.6637,17.48941],[78.66345,17.48989],[78.66276,17.49113]]}},{"type":"Feature","properties":{"name":"Outer Ring Road","highway":"motorway","policy":""},"geometry":{"type":"LineString","coordinates":[[78.66641,17.48356],[78.66634,17.48373]]}},{"type":"Feature","properties":{"name":"Outer Ring Road","highway":"motorway","policy":""},"geometry":{"type":"LineString","coordinates":[[78.66293,17.49122],[78.66362,17.48998],[78.66387,17.48949],[78.66412,17.48901],[78.66437,17.48852],[78.66459,17.48804],[78.66508,17.48703],[78.66532,17.48653],[78.66554,17.48604],[78.66577,17.48554],[78.66599,17.48504],[78.6662,17.48454],[78.66642,17.48403],[78.66652,17.48379]]}},{"type":"Feature","properties":{"name":"Outer Ring Road","highway":"motorway","policy":""},"geometry":{"type":"LineString","coordinates":[[78.66652,17.48379],[78.66658,17.48363]]}},{"type":"Feature","properties":{"name":"Outer Ring Road","highway":"motorway","policy":""},"geometry":{"type":"LineString","coordinates":[[78.67884,17.41892],[78.67758,17.42362]]}},{"type":"Feature","properties":{"name":"Outer Ring Road","highway":"motorway","policy":""},"geometry":{"type":"LineString","coordinates":[[78.67758,17.42362],[78.67753,17.42382]]}},{"type":"Feature","properties":{"name":"Outer Ring Road","highway":"motorway","policy":""},"geometry":{"type":"LineString","coordinates":[[78.67776,17.42369],[78.67903,17.41896]]}},{"type":"Feature","properties":{"name":"Outer Ring Road","highway":"motorway","policy":""},"geometry":{"type":"LineString","coordinates":[[78.67772,17.42386],[78.67776,17.42369]]}},{"type":"Feature","properties":{"name":"Outer Ring Road","highway":"motorway","policy":""},"geometry":{"type":"LineString","coordinates":[[78.665,17.34683],[78.67046,17.35397]]}},{"type":"Feature","properties":{"name":"Outer Ring Road","highway":"motorway","policy":""},"geometry":{"type":"LineString","coordinates":[[78.66482,17.3466],[78.665,17.34683]]}},{"type":"Feature","properties":{"name":"Outer Ring Road","highway":"motorway","policy":""},"geometry":{"type":"LineString","coordinates":[[78.67061,17.35386],[78.66517,17.34675]]}},{"type":"Feature","properties":{"name":"Outer Ring Road","highway":"motorway","policy":""},"geometry":{"type":"LineString","coordinates":[[78.66517,17.34675],[78.66496,17.34648]]}},{"type":"Feature","properties":{"name":"Outer Ring Road","highway":"motorway","policy":""},"geometry":{"type":"LineString","coordinates":[[78.65954,17.33944],[78.65967,17.33968],[78.6598,17.33992],[78.65995,17.34015],[78.6601,17.34039],[78.66026,17.34061],[78.66042,17.34084],[78.66058,17.34106],[78.66482,17.3466]]}},{"type":"Feature","properties":{"name":"Outer Ring Road","highway":"motorway","policy":""},"geometry":{"type":"LineString","coordinates":[[78.65946,17.33928],[78.65954,17.33944]]}},{"type":"Feature","properties":{"name":"Outer Ring Road","highway":"motorway","policy":""},"geometry":{"type":"LineString","coordinates":[[78.65963,17.3392],[78.65948,17.33888],[78.65938,17.33863],[78.65933,17.33849]]}},{"type":"Feature","properties":{"name":"Outer Ring Road","highway":"motorway","policy":""},"geometry":{"type":"LineString","coordinates":[[78.65971,17.33936],[78.65963,17.3392]]}},{"type":"Feature","properties":{"name":"Outer Ring Road","highway":"motorway","policy":""},"geometry":{"type":"LineString","coordinates":[[78.54548,17.2165],[78.54842,17.21767],[78.54945,17.21809],[78.55049,17.21852],[78.55154,17.21895],[78.55259,17.21939],[78.5534,17.21974]]}},{"type":"Feature","properties":{"name":"Outer Ring Road","highway":"motorway","policy":""},"geometry":{"type":"LineString","coordinates":[[78.5534,17.21974],[78.55355,17.21981]]}},{"type":"Feature","properties":{"name":"Outer Ring Road","highway":"motorway","policy":""},"geometry":{"type":"LineString","coordinates":[[78.55349,17.21958],[78.55267,17.21923],[78.55161,17.21878],[78.55056,17.21835],[78.55002,17.21812]]}},{"type":"Feature","properties":{"name":"Outer Ring Road","highway":"motorway","policy":""},"geometry":{"type":"LineString","coordinates":[[78.55364,17.21964],[78.55349,17.21958]]}},{"type":"Feature","properties":{"name":"Outer Ring Road","highway":"motorway","policy":""},"geometry":{"type":"LineString","coordinates":[[78.30497,17.41265],[78.30887,17.41236]]}},{"type":"Feature","properties":{"name":"Outer Ring Road","highway":"motorway","policy":""},"geometry":{"type":"LineString","coordinates":[[78.3048,17.41266],[78.30497,17.41265]]}},{"type":"Feature","properties":{"name":"Outer Ring Road","highway":"motorway","policy":""},"geometry":{"type":"LineString","coordinates":[[78.30476,17.41248],[78.30363,17.41256],[78.30308,17.41259],[78.30252,17.41262],[78.30196,17.41264],[78.30141,17.41265],[78.2968,17.41264]]}},{"type":"Feature","properties":{"name":"Outer Ring Road","highway":"motorway","policy":""},"geometry":{"type":"LineString","coordinates":[[78.30497,17.41246],[78.30476,17.41248]]}},{"type":"Feature","properties":{"name":"Outer Ring Road","highway":"motorway","policy":""},"geometry":{"type":"LineString","coordinates":[[78.29225,17.41319],[78.29249,17.41314],[78.29303,17.41305],[78.29359,17.41297],[78.29415,17.41291],[78.29469,17.41287],[78.29526,17.41284],[78.29581,17.41282],[78.29668,17.41282]]}},{"type":"Feature","properties":{"name":"Outer Ring Road","highway":"motorway","policy":""},"geometry":{"type":"LineString","coordinates":[[78.29193,17.41326],[78.29225,17.41319]]}},{"type":"Feature","properties":{"name":"Outer Ring Road","highway":"motorway","policy":""},"geometry":{"type":"LineString","coordinates":[[78.29668,17.41264],[78.2958,17.41264],[78.29525,17.41265],[78.29468,17.41268],[78.29412,17.41273],[78.29356,17.41279],[78.293,17.41287],[78.29244,17.41296],[78.29223,17.413]]}},{"type":"Feature","properties":{"name":"Outer Ring Road","highway":"motorway","policy":""},"geometry":{"type":"LineString","coordinates":[[78.29223,17.413],[78.29189,17.41307]]}},{"type":"Feature","properties":{"name":"Outer Ring Road","highway":"motorway","policy":""},"geometry":{"type":"LineString","coordinates":[[78.28584,17.41507],[78.28168,17.41653]]}},{"type":"Feature","properties":{"name":"Outer Ring Road","highway":"motorway","policy":""},"geometry":{"type":"LineString","coordinates":[[78.28168,17.41653],[78.28148,17.4166]]}},{"type":"Feature","properties":{"name":"Outer Ring Road","highway":"motorway","policy":""},"geometry":{"type":"LineString","coordinates":[[78.28176,17.4167],[78.28591,17.41524]]}},{"type":"Feature","properties":{"name":"Outer Ring Road","highway":"motorway","policy":""},"geometry":{"type":"LineString","coordinates":[[78.28155,17.41678],[78.28176,17.4167]]}},{"type":"Feature","properties":{"name":"Outer Ring Road","highway":"motorway","policy":""},"geometry":{"type":"LineString","coordinates":[[78.27636,17.41861],[78.28155,17.41678]]}},{"type":"Feature","properties":{"name":"Outer Ring Road","highway":"motorway","policy":""},"geometry":{"type":"LineString","coordinates":[[78.27619,17.41867],[78.27636,17.41861]]}},{"type":"Feature","properties":{"name":"Outer Ring Road","highway":"motorway","policy":""},"geometry":{"type":"LineString","coordinates":[[78.28148,17.4166],[78.2763,17.41843]]}},{"type":"Feature","properties":{"name":"Outer Ring Road","highway":"motorway","policy":""},"geometry":{"type":"LineString","coordinates":[[78.2763,17.41843],[78.27611,17.4185]]}},{"type":"Feature","properties":{"name":"Outer Ring Road","highway":"motorway","policy":""},"geometry":{"type":"LineString","coordinates":[[78.25955,17.43893],[78.25751,17.44334]]}},{"type":"Feature","properties":{"name":"Outer Ring Road","highway":"motorway","policy":""},"geometry":{"type":"LineString","coordinates":[[78.25962,17.43877],[78.25955,17.43893]]}},{"type":"Feature","properties":{"name":"Outer Ring Road","highway":"motorway","policy":""},"geometry":{"type":"LineString","coordinates":[[78.25677,17.44539],[78.25972,17.43903]]}},{"type":"Feature","properties":{"name":"Outer Ring Road","highway":"motorway","policy":""},"geometry":{"type":"LineString","coordinates":[[78.25972,17.43903],[78.25979,17.43887]]}},{"type":"Feature","properties":{"name":"Outer Ring Road","highway":"motorway","policy":""},"geometry":{"type":"LineString","coordinates":[[78.24821,17.47236],[78.24831,17.47174]]}},{"type":"Feature","properties":{"name":"Outer Ring Road","highway":"motorway","policy":""},"geometry":{"type":"LineString","coordinates":[[78.24831,17.47174],[78.24834,17.47156]]}},{"type":"Feature","properties":{"name":"Outer Ring Road","highway":"motorway","policy":""},"geometry":{"type":"LineString","coordinates":[[78.24812,17.47172],[78.24799,17.47254]]}},{"type":"Feature","properties":{"name":"Outer Ring Road","highway":"motorway","policy":""},"geometry":{"type":"LineString","coordinates":[[78.24815,17.47151],[78.24812,17.47172]]}},{"type":"Feature","properties":{"name":"Outer Ring Road","highway":"motorway","policy":""},"geometry":{"type":"LineString","coordinates":[[78.24793,17.47289],[78.24687,17.47964]]}},{"type":"Feature","properties":{"name":"Outer Ring Road","highway":"motorway","policy":""},"geometry":{"type":"LineString","coordinates":[[78.24687,17.47964],[78.24685,17.47976]]}},{"type":"Feature","properties":{"name":"Outer Ring Road","highway":"motorway","policy":""},"geometry":{"type":"LineString","coordinates":[[78.24635,17.4842],[78.24704,17.47982]]}},{"type":"Feature","properties":{"name":"Outer Ring Road","highway":"motorway","policy":""},"geometry":{"type":"LineString","coordinates":[[78.24704,17.47982],[78.24706,17.47967]]}},{"type":"Feature","properties":{"name":"Outer Ring Road","highway":"motorway","policy":""},"geometry":{"type":"LineString","coordinates":[[78.24685,17.47976],[78.24607,17.48469]]}},{"type":"Feature","properties":{"name":"Outer Ring Road","highway":"motorway","policy":""},"geometry":{"type":"LineString","coordinates":[[78.24607,17.48469],[78.24605,17.48486]]}},{"type":"Feature","properties":{"name":"Outer Ring Road","highway":"motorway","policy":""},"geometry":{"type":"LineString","coordinates":[[78.24626,17.48473],[78.24635,17.4842]]}},{"type":"Feature","properties":{"name":"Outer Ring Road","highway":"motorway","policy":""},"geometry":{"type":"LineString","coordinates":[[78.24624,17.4849],[78.24626,17.48473]]}},{"type":"Feature","properties":{"name":"Outer Ring Road","highway":"motorway","policy":""},"geometry":{"type":"LineString","coordinates":[[78.24605,17.48486],[78.24586,17.48603],[78.24578,17.48657],[78.24572,17.48711],[78.24526,17.49087],[78.24513,17.49194],[78.24499,17.49301],[78.24492,17.49355]]}},{"type":"Feature","properties":{"name":"Outer Ring Road","highway":"motorway","policy":""},"geometry":{"type":"LineString","coordinates":[[78.24492,17.49355],[78.2449,17.49368]]}},{"type":"Feature","properties":{"name":"Outer Ring Road","highway":"motorway","policy":""},"geometry":{"type":"LineString","coordinates":[[78.24511,17.49356],[78.24519,17.49303],[78.24532,17.49196],[78.24545,17.49089],[78.24591,17.48713],[78.24598,17.4866],[78.24605,17.48605],[78.24624,17.4849]]}},{"type":"Feature","properties":{"name":"Outer Ring Road","highway":"motorway","policy":""},"geometry":{"type":"LineString","coordinates":[[78.24509,17.49371],[78.24511,17.49356]]}},{"type":"Feature","properties":{"name":"Outer Ring Road","highway":"motorway","policy":""},"geometry":{"type":"LineString","coordinates":[[78.2449,17.49368],[78.24485,17.49408],[78.24469,17.49515],[78.24453,17.49621],[78.24434,17.49729],[78.24415,17.49838],[78.24395,17.49942],[78.24388,17.49976]]}},{"type":"Feature","properties":{"name":"Outer Ring Road","highway":"motorway","policy":""},"geometry":{"type":"LineString","coordinates":[[78.24388,17.49976],[78.24385,17.49989]]}},{"type":"Feature","properties":{"name":"Outer Ring Road","highway":"motorway","policy":""},"geometry":{"type":"LineString","coordinates":[[78.24407,17.49977],[78.24414,17.49946],[78.24434,17.49841],[78.24453,17.49732],[78.24471,17.49624],[78.24488,17.49518],[78.24504,17.49411],[78.24509,17.49371]]}},{"type":"Feature","properties":{"name":"Outer Ring Road","highway":"motorway","policy":""},"geometry":{"type":"LineString","coordinates":[[78.24404,17.49994],[78.24407,17.49977]]}},{"type":"Feature","properties":{"name":"Outer Ring Road","highway":"motorway","policy":""},"geometry":{"type":"LineString","coordinates":[[78.24089,17.51112],[78.24065,17.51183],[78.24027,17.51294]]}},{"type":"Feature","properties":{"name":"Outer Ring Road","highway":"motorway","policy":""},"geometry":{"type":"LineString","coordinates":[[78.24095,17.51094],[78.24089,17.51112]]}},{"type":"Feature","properties":{"name":"Outer Ring Road","highway":"motorway","policy":""},"geometry":{"type":"LineString","coordinates":[[78.24045,17.513],[78.24083,17.51189],[78.24107,17.51117]]}},{"type":"Feature","properties":{"name":"Outer Ring Road","highway":"motorway","policy":""},"geometry":{"type":"LineString","coordinates":[[78.24107,17.51117],[78.24113,17.51099]]}},{"type":"Feature","properties":{"name":"Dr.Manmohan Singh Flyover","highway":"trunk","policy":""},"geometry":{"type":"LineString","coordinates":[[78.45217,17.35018],[78.45229,17.35059]]}},{"type":"Feature","properties":{"name":"Dr.Manmohan Singh Flyover","highway":"trunk","policy":""},"geometry":{"type":"LineString","coordinates":[[78.45229,17.35059],[78.45238,17.35085]]}},{"type":"Feature","properties":{"name":"Dr.Manmohan Singh Flyover","highway":"trunk","policy":""},"geometry":{"type":"LineString","coordinates":[[78.43302,17.32264],[78.43295,17.32253],[78.43289,17.32244]]}},{"type":"Feature","properties":{"name":"NH44","highway":"trunk","policy":""},"geometry":{"type":"LineString","coordinates":[[78.43289,17.32244],[78.43278,17.32235]]}},{"type":"Feature","properties":{"name":"Dr.Manmohan Singh Flyover","highway":"trunk","policy":""},"geometry":{"type":"LineString","coordinates":[[78.43302,17.32282],[78.43309,17.32295]]}},{"type":"Feature","properties":{"name":"NH 44","highway":"trunk","policy":""},"geometry":{"type":"LineString","coordinates":[[78.49241,17.55815],[78.49241,17.55826],[78.4925,17.55886]]}},{"type":"Feature","properties":{"name":"NH 44","highway":"trunk","policy":""},"geometry":{"type":"LineString","coordinates":[[78.4924,17.55785],[78.49241,17.55815]]}},{"type":"Feature","properties":{"name":"NH44","highway":"trunk","policy":""},"geometry":{"type":"LineString","coordinates":[[78.49261,17.55876],[78.49255,17.55832],[78.49254,17.55814]]}},{"type":"Feature","properties":{"name":"NH44","highway":"trunk","policy":""},"geometry":{"type":"LineString","coordinates":[[78.49254,17.55814],[78.49252,17.55787]]}},{"type":"Feature","properties":{"name":"NH765","highway":"trunk","policy":""},"geometry":{"type":"LineString","coordinates":[[78.4772,17.32604],[78.47726,17.32597],[78.47728,17.32587]]}},{"type":"Feature","properties":{"name":"NH765","highway":"trunk","policy":""},"geometry":{"type":"LineString","coordinates":[[78.47728,17.32587],[78.47717,17.32591],[78.47711,17.32598]]}},{"type":"Feature","properties":{"name":"Vijaywada Highway","highway":"trunk","policy":""},"geometry":{"type":"LineString","coordinates":[[78.56988,17.33794],[78.5704,17.33777]]}},{"type":"Feature","properties":{"name":"NH765","highway":"trunk","policy":""},"geometry":{"type":"LineString","coordinates":[[78.47599,17.20222],[78.47599,17.20226],[78.47603,17.20293],[78.47606,17.20324]]}},{"type":"Feature","properties":{"name":"NH765","highway":"trunk","policy":""},"geometry":{"type":"LineString","coordinates":[[78.47596,17.20196],[78.47599,17.20222]]}},{"type":"Feature","properties":{"name":"NH765","highway":"trunk","policy":""},"geometry":{"type":"LineString","coordinates":[[78.47618,17.20323],[78.47617,17.20298],[78.47606,17.20225],[78.47606,17.20224]]}},{"type":"Feature","properties":{"name":"NH765","highway":"trunk","policy":""},"geometry":{"type":"LineString","coordinates":[[78.47606,17.20224],[78.47604,17.20197]]}},{"type":"Feature","properties":{"name":"Nizamabad Road","highway":"trunk","policy":""},"geometry":{"type":"LineString","coordinates":[[78.49041,17.53884],[78.49045,17.53895],[78.49048,17.53907],[78.49059,17.53954]]}},{"type":"Feature","properties":{"name":"Nizamabad Road","highway":"trunk","policy":""},"geometry":{"type":"LineString","coordinates":[[78.49029,17.53843],[78.49041,17.53884]]}},{"type":"Feature","properties":{"name":"NH163","highway":"trunk","policy":""},"geometry":{"type":"LineString","coordinates":[[78.42221,17.38248],[78.42236,17.38295],[78.4224,17.38315],[78.4224,17.38349],[78.42242,17.38389],[78.42243,17.38418],[78.42244,17.3845],[78.42245,17.38461],[78.42254,17.38597],[78.42265,17.38719],[78.42269,17.38761]]}},{"type":"Feature","properties":{"name":"PJR Flyover","highway":"motorway","policy":""},"geometry":{"type":"LineString","coordinates":[[78.36003,17.43299],[78.36013,17.43307],[78.3602,17.4332]]}},{"type":"Feature","properties":{"name":"PJR Flyover","highway":"motorway","policy":""},"geometry":{"type":"LineString","coordinates":[[78.36294,17.44402],[78.36292,17.44395]]}},{"type":"Feature","properties":{"name":"freight corridor","highway":"motorway","policy":""},"geometry":{"type":"LineString","coordinates":[[78.36289,17.44395],[78.36291,17.44403],[78.36289,17.44411]]}},{"type":"Feature","properties":{"name":"PJR Flyover","highway":"motorway","policy":""},"geometry":{"type":"LineString","coordinates":[[78.36371,17.43894],[78.36371,17.43905],[78.36369,17.43916],[78.36367,17.43931],[78.36351,17.43977],[78.36324,17.44036],[78.36305,17.44069],[78.36285,17.44101],[78.36276,17.44116],[78.36267,17.44135],[78.36263,17.44155],[78.36262,17.4417],[78.36265,17.44217],[78.36268,17.44259],[78.36272,17.44294],[78.36274,17.44314],[78.36283,17.4436],[78.36289,17.44395]]}},{"type":"Feature","properties":{"name":"PJR Flyover","highway":"motorway","policy":""},"geometry":{"type":"LineString","coordinates":[[78.36352,17.43849],[78.36361,17.43863],[78.36367,17.43881],[78.36371,17.43894]]}},{"type":"Feature","properties":{"name":"PJR Flyover","highway":"motorway","policy":""},"geometry":{"type":"LineString","coordinates":[[78.36292,17.44395],[78.36278,17.44312],[78.36268,17.44178],[78.36268,17.44157],[78.36274,17.44135],[78.36286,17.4411],[78.36307,17.4408],[78.36325,17.44053],[78.36339,17.44026],[78.36363,17.43974],[78.36379,17.43925],[78.36381,17.43915],[78.36382,17.43894]]}},{"type":"Feature","properties":{"name":"PJR Flyover","highway":"motorway","policy":""},"geometry":{"type":"LineString","coordinates":[[78.36382,17.43894],[78.36378,17.43881],[78.3636,17.43841]]}},{"type":"Feature","properties":{"name":"Nizamabad Road","highway":"trunk","policy":""},"geometry":{"type":"LineString","coordinates":[[78.4813,17.51778],[78.48136,17.5179],[78.4815,17.51825],[78.48179,17.51899],[78.4819,17.51929]]}},{"type":"Feature","properties":{"name":"Outer Ring Road","highway":"motorway","policy":""},"geometry":{"type":"LineString","coordinates":[[78.35423,17.40926],[78.35425,17.40934]]}},{"type":"Feature","properties":{"name":"Outer Ring Road","highway":"motorway","policy":""},"geometry":{"type":"LineString","coordinates":[[78.35445,17.4093],[78.35444,17.40923]]}},{"type":"Feature","properties":{"name":"NH65","highway":"trunk","policy":""},"geometry":{"type":"LineString","coordinates":[[78.21319,17.5465],[78.21278,17.54673],[78.21274,17.54675],[78.21229,17.54705],[78.21162,17.54753],[78.21156,17.54758],[78.21148,17.54764],[78.21079,17.54814],[78.20995,17.54875],[78.20954,17.54904],[78.20938,17.54915],[78.2091,17.54935],[78.20835,17.54988],[78.20829,17.54992],[78.20782,17.55023],[78.20757,17.55035],[78.20709,17.55057],[78.20663,17.55068],[78.20652,17.55071],[78.20589,17.55086],[78.20533,17.55099],[78.20451,17.55119],[78.20445,17.55121],[78.20201,17.55184],[78.19973,17.55241],[78.19917,17.55255],[78.19899,17.55259],[78.19769,17.55289],[78.19611,17.55327]]}},{"type":"Feature","properties":{"name":"NH65","highway":"trunk","policy":""},"geometry":{"type":"LineString","coordinates":[[78.19197,17.55434],[78.19257,17.55419],[78.19283,17.55412],[78.19297,17.55409],[78.19367,17.55393],[78.19529,17.55355],[78.19561,17.55348],[78.19698,17.55317],[78.19708,17.55314],[78.19772,17.55299],[78.1992,17.55264],[78.19975,17.55251],[78.20192,17.55196],[78.2026,17.55176],[78.20299,17.55166],[78.2039,17.55144],[78.20451,17.55129],[78.20536,17.55108],[78.20587,17.55095],[78.20663,17.55077],[78.20712,17.55065]]}},{"type":"Feature","properties":{"name":"NH65","highway":"trunk","policy":""},"geometry":{"type":"LineString","coordinates":[[78.68685,17.30991],[78.68712,17.30981],[78.68732,17.30973],[78.68798,17.30957],[78.6883,17.30948],[78.68879,17.30937],[78.68897,17.30937],[78.68926,17.30936],[78.69025,17.30942],[78.69048,17.30943],[78.69109,17.30945],[78.69155,17.30947],[78.69216,17.30948],[78.69232,17.30949],[78.69274,17.3095],[78.69388,17.30953],[78.69433,17.30953],[78.69449,17.30952],[78.69498,17.30952],[78.6953,17.30952],[78.69566,17.30951],[78.69644,17.30949],[78.69654,17.30949],[78.69699,17.30948],[78.69737,17.30943],[78.69775,17.30936],[78.69853,17.30916],[78.69986,17.30883],[78.70019,17.30874],[78.70045,17.30865],[78.70079,17.30851],[78.70103,17.30839],[78.70136,17.3082],[78.70226,17.30764],[78.70277,17.30736],[78.70325,17.30714],[78.70393,17.30692],[78.70428,17.30678],[78.70459,17.30665],[78.70511,17.30648],[78.70545,17.30646],[78.70593,17.30651],[78.70679,17.30661]]}},{"type":"Feature","properties":{"name":"NH65","highway":"trunk","policy":""},"geometry":{"type":"LineString","coordinates":[[78.70679,17.30653],[78.70587,17.30641],[78.70566,17.30638],[78.70547,17.30637],[78.70514,17.3064],[78.70476,17.30651],[78.70384,17.30685],[78.7032,17.30707],[78.70273,17.30728],[78.70221,17.30755],[78.70142,17.30805],[78.70111,17.30824],[78.70078,17.30841],[78.70043,17.30857],[78.70015,17.30866],[78.69984,17.30875],[78.69896,17.30898],[78.6977,17.30928],[78.69747,17.30933],[78.69735,17.30935],[78.69694,17.3094],[78.69654,17.3094],[78.69578,17.30943],[78.69516,17.30945],[78.69374,17.30943],[78.69335,17.30943],[78.6926,17.30941],[78.69151,17.30939],[78.69123,17.30938],[78.69109,17.30937],[78.69029,17.30934],[78.68976,17.30932],[78.68917,17.30929],[78.68906,17.30928],[78.68879,17.30929],[78.68855,17.30934],[78.68834,17.30939],[78.68782,17.30953],[78.68771,17.30956],[78.68706,17.30974],[78.68683,17.30981]]}},{"type":"Feature","properties":{"name":"Allwyn - Gangaram Road Mumbai Highway","highway":"trunk","policy":""},"geometry":{"type":"LineString","coordinates":[[78.34834,17.49421],[78.34809,17.49429],[78.34793,17.49435],[78.34774,17.49441],[78.34746,17.4945],[78.34744,17.49451],[78.34722,17.49456],[78.34722,17.49456],[78.34715,17.49457],[78.34691,17.49461],[78.34634,17.4947]]}},{"type":"Feature","properties":{"name":"Allwyn - Gangaram Road Mumbai Highway","highway":"trunk","policy":""},"geometry":{"type":"LineString","coordinates":[[78.34634,17.4947],[78.34622,17.49472]]}},{"type":"Feature","properties":{"name":"Allwyn - Gangaram Road Mumbai Highway","highway":"trunk","policy":""},"geometry":{"type":"LineString","coordinates":[[78.34633,17.49481],[78.34674,17.49475],[78.34693,17.49471],[78.34716,17.49468],[78.34723,17.49466],[78.34729,17.49465],[78.34744,17.49461],[78.34746,17.49461],[78.34754,17.49458],[78.34799,17.49444],[78.34837,17.4943]]}},{"type":"Feature","properties":{"name":"Allwyn - Gangaram Road Mumbai Highway","highway":"trunk","policy":""},"geometry":{"type":"LineString","coordinates":[[78.34623,17.49483],[78.34628,17.49482],[78.34633,17.49481]]}},{"type":"Feature","properties":{"name":"Somajiguda Road - Panjagutta Main Road","highway":"trunk","policy":""},"geometry":{"type":"LineString","coordinates":[[78.45988,17.41336],[78.45978,17.41345]]}},{"type":"Feature","properties":{"name":"Somajiguda Road - Panjagutta Main Road","highway":"trunk","policy":""},"geometry":{"type":"LineString","coordinates":[[78.45988,17.4136],[78.46005,17.41349]]}},{"type":"Feature","properties":{"name":"Somajiguda Road - Panjagutta Main Road","highway":"trunk","policy":""},"geometry":{"type":"LineString","coordinates":[[78.45952,17.41367],[78.45938,17.41376],[78.45899,17.41401],[78.45882,17.41412],[78.45872,17.41421],[78.45867,17.41427],[78.45861,17.41437],[78.45856,17.41449],[78.45853,17.41457],[78.45819,17.4153],[78.45818,17.41533],[78.45814,17.41539],[78.45806,17.41552],[78.4579,17.41571],[78.45787,17.41574],[78.45775,17.41589],[78.45767,17.41602],[78.45766,17.41604],[78.45762,17.41609],[78.45759,17.41615],[78.45752,17.41629],[78.45749,17.41637],[78.45736,17.41665],[78.45727,17.4169],[78.45719,17.41718],[78.45715,17.41732],[78.45715,17.41736],[78.45714,17.41742],[78.45714,17.41748],[78.45713,17.41756],[78.45712,17.41771],[78.45711,17.41777],[78.45709,17.41798],[78.45708,17.41805],[78.45697,17.41894],[78.45695,17.41907],[78.45691,17.41917],[78.4567,17.41951],[78.45647,17.41989],[78.45594,17.42071],[78.45579,17.42094],[78.45535,17.42159],[78.45527,17.42173],[78.45491,17.42234],[78.45486,17.42242],[78.45474,17.42264],[78.45468,17.42275],[78.45463,17.42283],[78.45392,17.42407],[78.4537,17.42448],[78.45309,17.4255],[78.45298,17.42571]]}},{"type":"Feature","properties":{"name":"Lakdikapool Road","highway":"trunk","policy":""},"geometry":{"type":"LineString","coordinates":[[78.45992,17.41333],[78.45988,17.41336]]}},{"type":"Feature","properties":{"name":"freight corridor","highway":"trunk","policy":""},"geometry":{"type":"LineString","coordinates":[[78.46011,17.41342],[78.46019,17.41332]]}},{"type":"Feature","properties":{"name":"Nizamabad Road","highway":"trunk","policy":""},"geometry":{"type":"LineString","coordinates":[[78.49078,17.53951],[78.49055,17.5388]]}},{"type":"Feature","properties":{"name":"Nizamabad Road","highway":"trunk","policy":""},"geometry":{"type":"LineString","coordinates":[[78.49318,17.54881],[78.49302,17.54828],[78.49267,17.54699]]}},{"type":"Feature","properties":{"name":"Nizamabad Road","highway":"trunk","policy":""},"geometry":{"type":"LineString","coordinates":[[78.49255,17.54703],[78.49264,17.54736],[78.49305,17.54884]]}},{"type":"Feature","properties":{"name":"freight corridor","highway":"trunk","policy":""},"geometry":{"type":"LineString","coordinates":[[78.49159,17.54282],[78.49123,17.54126]]}},{"type":"Feature","properties":{"name":"Moosapet Flyover","highway":"trunk","policy":""},"geometry":{"type":"LineString","coordinates":[[78.43255,17.45916],[78.43248,17.45929]]}},{"type":"Feature","properties":{"name":"Nizamabad Road","highway":"trunk","policy":""},"geometry":{"type":"LineString","coordinates":[[78.49106,17.54129],[78.49133,17.54232],[78.49145,17.54286]]}},{"type":"Feature","properties":{"name":"Nizamabad Road","highway":"trunk","policy":""},"geometry":{"type":"LineString","coordinates":[[78.49145,17.54286],[78.49147,17.54297]]}},{"type":"Feature","properties":{"name":"freight corridor","highway":"trunk","policy":""},"geometry":{"type":"LineString","coordinates":[[78.49176,17.5436],[78.49161,17.54294]]}},{"type":"Feature","properties":{"name":"freight corridor","highway":"trunk","policy":""},"geometry":{"type":"LineString","coordinates":[[78.49161,17.54294],[78.49159,17.54282]]}}]}