{"type":"FeatureCollection","features":[{"type":"Feature","properties":{"name":"NH52","highway":"trunk","policy":""},"geometry":{"type":"LineString","coordinates":[[75.79715,26.81889],[75.79755,26.81838],[75.79777,26.81809],[75.79782,26.81804],[75.79833,26.81741],[75.79878,26.81683],[75.79887,26.81671],[75.79891,26.81666],[75.79918,26.8163],[75.79916,26.81619]]}},{"type":"Feature","properties":{"name":"Mirza Ismail Road","highway":"trunk","policy":""},"geometry":{"type":"LineString","coordinates":[[75.80143,26.91779],[75.80166,26.91769],[75.80211,26.91751],[75.80231,26.91743],[75.80252,26.91737],[75.80264,26.91734]]}},{"type":"Feature","properties":{"name":"Agra Jaipur Bikaner Road","highway":"trunk","policy":""},"geometry":{"type":"LineString","coordinates":[[75.84544,26.90317],[75.84554,26.9031],[75.84563,26.903],[75.84571,26.90291],[75.84576,26.90283],[75.84578,26.90278],[75.84587,26.90264],[75.84594,26.90254],[75.846,26.90246],[75.84613,26.90233],[75.84643,26.90215],[75.84686,26.9019],[75.84698,26.90184],[75.84711,26.9018],[75.84745,26.90172],[75.84791,26.90163],[75.84811,26.9016],[75.84818,26.90159],[75.84835,26.90159],[75.8494,26.90165],[75.84974,26.90168]]}},{"type":"Feature","properties":{"name":"NH248","highway":"trunk","policy":""},"geometry":{"type":"LineString","coordinates":[[75.89748,27.04296],[75.89751,27.04299],[75.89788,27.04326],[75.89876,27.04393],[75.90083,27.04548],[75.90227,27.04655],[75.9032,27.04718],[75.90324,27.04721],[75.9043,27.04792],[75.90534,27.04861],[75.90627,27.04923],[75.90667,27.04953],[75.90691,27.04971],[75.90722,27.04996],[75.90756,27.05019],[75.90797,27.05045],[75.90917,27.05115],[75.91049,27.05194],[75.91186,27.05274],[75.91317,27.0535],[75.91368,27.05383],[75.91373,27.05387],[75.91448,27.05441],[75.91518,27.05494],[75.91575,27.05541],[75.91634,27.05589],[75.91744,27.05677],[75.91884,27.05786],[75.91977,27.0586],[75.91986,27.05867],[75.92085,27.05947],[75.92185,27.06034],[75.92289,27.06127],[75.92387,27.06214],[75.9248,27.06296],[75.92677,27.06471],[75.92852,27.06626],[75.92882,27.06654],[75.92931,27.06699],[75.92943,27.0671],[75.93029,27.06787],[75.93151,27.06897],[75.93269,27.06997],[75.93314,27.07033],[75.93398,27.07097],[75.9349,27.0717],[75.93529,27.07196],[75.93543,27.07205],[75.93594,27.07237],[75.93623,27.07257],[75.93656,27.07285],[75.93678,27.07309],[75.937,27.07336],[75.93715,27.07363],[75.93727,27.07394],[75.93747,27.07442],[75.93787,27.07529],[75.93798,27.07554],[75.9383,27.0762],[75.93876,27.07727],[75.93929,27.07844],[75.93982,27.07956],[75.9404,27.08078],[75.94102,27.08206],[75.94158,27.08321],[75.94214,27.08434],[75.94245,27.08499],[75.94282,27.0857],[75.94306,27.0861],[75.9433,27.08641],[75.94352,27.08667],[75.94379,27.08693],[75.94407,27.08713],[75.94437,27.0873],[75.94515,27.0877],[75.9472,27.08874],[75.94812,27.08919],[75.94829,27.08927],[75.94834,27.0893],[75.94921,27.08975],[75.94982,27.0901],[75.95012,27.09031],[75.95039,27.09053],[75.95059,27.09074],[75.95079,27.09099],[75.95102,27.09134],[75.95119,27.09172],[75.95154,27.09256],[75.9519,27.09346],[75.95239,27.09463],[75.9529,27.09566],[75.95381,27.09754],[75.95451,27.09896],[75.95507,27.1001],[75.95593,27.10181],[75.95671,27.1034],[75.95722,27.10443],[75.95745,27.10497],[75.95756,27.10524],[75.95767,27.1057],[75.95782,27.10644],[75.95796,27.10722],[75.95824,27.10863],[75.95853,27.11014],[75.95873,27.11109],[75.95891,27.11195],[75.95901,27.11236],[75.95916,27.1128],[75.95941,27.11346],[75.95952,27.11377],[75.95972,27.11429],[75.96001,27.11506],[75.96022,27.11567],[75.96032,27.11608],[75.96043,27.1166],[75.9605,27.11709],[75.96062,27.11787],[75.96065,27.11834],[75.96064,27.11878],[75.96058,27.12016],[75.9606,27.12157],[75.9606,27.12281],[75.96064,27.12367],[75.96069,27.1247],[75.96081,27.12639],[75.96085,27.127],[75.96084,27.12748],[75.96078,27.12795],[75.96069,27.12843],[75.9606,27.12901],[75.96058,27.12913],[75.96055,27.12947],[75.96055,27.1296],[75.96056,27.12983],[75.96062,27.13032],[75.96071,27.13074],[75.96086,27.13127],[75.96099,27.13168],[75.96105,27.13186],[75.96117,27.13223],[75.96132,27.13266],[75.96147,27.13309],[75.96154,27.13331],[75.96165,27.13364],[75.96171,27.13391],[75.96176,27.13414],[75.96184,27.13482],[75.96185,27.13488],[75.96188,27.1354],[75.96198,27.13672],[75.96201,27.13702],[75.96204,27.13739],[75.96211,27.13811],[75.96215,27.13849],[75.96216,27.13873],[75.96226,27.13988],[75.96231,27.14067],[75.96229,27.14123],[75.96222,27.14173],[75.96184,27.14353],[75.96166,27.14444],[75.96152,27.14532],[75.96147,27.14569],[75.96141,27.14606],[75.96124,27.14722],[75.96095,27.14905],[75.96075,27.15042]]}},{"type":"Feature","properties":{"name":"Jamwa Ramgarh Road","highway":"trunk","policy":""},"geometry":{"type":"LineString","coordinates":[[75.8504,26.94591],[75.85027,26.94561],[75.85023,26.94548],[75.8502,26.94536],[75.85018,26.94525],[75.85016,26.94511],[75.85015,26.945],[75.85012,26.94483],[75.85006,26.94444],[75.85003,26.94426],[75.85,26.94412],[75.84994,26.94395],[75.84982,26.94362],[75.84959,26.94315],[75.84952,26.94301],[75.84921,26.94232],[75.84903,26.94191],[75.84897,26.94177],[75.84891,26.94161],[75.84884,26.94147],[75.84867,26.94115],[75.84854,26.9409],[75.84843,26.94074],[75.84813,26.94035],[75.84768,26.93978],[75.84708,26.93899]]}},{"type":"Feature","properties":{"name":"Flyover","highway":"trunk","policy":""},"geometry":{"type":"LineString","coordinates":[[75.736,26.8882],[75.73574,26.88807],[75.73543,26.88792],[75.73481,26.88764],[75.73232,26.8864]]}},{"type":"Feature","properties":{"name":"NH52","highway":"trunk","policy":""},"geometry":{"type":"LineString","coordinates":[[75.79686,26.81881],[75.7967,26.81879]]}},{"type":"Feature","properties":{"name":"NH52","highway":"trunk","policy":""},"geometry":{"type":"LineString","coordinates":[[75.74788,26.87795],[75.74806,26.87831],[75.74816,26.87854],[75.74822,26.8787],[75.74825,26.87883],[75.74826,26.87896],[75.74825,26.87912],[75.74825,26.87919],[75.74824,26.87927],[75.74822,26.87935],[75.74822,26.87945],[75.74821,26.87956]]}},{"type":"Feature","properties":{"name":"Old Agra Jaipur Bikaner Road","highway":"trunk","policy":""},"geometry":{"type":"LineString","coordinates":[[75.86985,26.8906],[75.86969,26.89066],[75.86936,26.89081],[75.86897,26.89097],[75.86799,26.89135],[75.86775,26.89144],[75.86766,26.89148],[75.86758,26.89151],[75.86742,26.8916],[75.86729,26.8917],[75.86707,26.89191],[75.86698,26.892],[75.86663,26.89234],[75.86624,26.89272],[75.86608,26.89287],[75.86593,26.89303],[75.86571,26.89326],[75.86543,26.89353]]}},{"type":"Feature","properties":{"name":"Flyover","highway":"trunk","policy":""},"geometry":{"type":"LineString","coordinates":[[75.75069,26.97159],[75.75146,26.97269],[75.75226,26.97388]]}},{"type":"Feature","properties":{"name":"Flyover","highway":"trunk","policy":""},"geometry":{"type":"LineString","coordinates":[[75.75739,26.98137],[75.75766,26.98176],[75.75836,26.98273],[75.75944,26.98432],[75.75974,26.98478],[75.75986,26.98496],[75.76004,26.98524],[75.76058,26.98598],[75.76118,26.98682],[75.76177,26.98767]]}},{"type":"Feature","properties":{"name":"NH48;NH52","highway":"trunk","policy":""},"geometry":{"type":"LineString","coordinates":[[75.73558,26.95909],[75.73487,26.95844],[75.73423,26.95782],[75.73388,26.95744],[75.73367,26.95711],[75.73353,26.95684],[75.73339,26.95654],[75.7333,26.9563],[75.73321,26.95599],[75.73314,26.95565],[75.73308,26.95524],[75.73298,26.9543],[75.73293,26.95386],[75.73272,26.95152],[75.73249,26.94927],[75.73237,26.9481],[75.73215,26.94596]]}},{"type":"Feature","properties":{"name":"Flyover","highway":"trunk","policy":""},"geometry":{"type":"LineString","coordinates":[[75.75236,26.97382],[75.75163,26.97277],[75.75076,26.97151]]}},{"type":"Feature","properties":{"name":"Jaipur Bypass","highway":"trunk","policy":""},"geometry":{"type":"LineString","coordinates":[[75.83511,27.04863],[75.83534,27.0489],[75.83552,27.04915],[75.83574,27.0495],[75.83589,27.04984],[75.83598,27.05019],[75.83603,27.05055],[75.83603,27.05111],[75.83597,27.05145],[75.83568,27.05248],[75.83523,27.0537],[75.83467,27.0551],[75.83416,27.05643],[75.83345,27.05823],[75.83294,27.05975],[75.8326,27.06076],[75.83253,27.06098],[75.83247,27.06117],[75.83212,27.06239],[75.832,27.06294],[75.83195,27.06336],[75.83199,27.06456],[75.83208,27.06595],[75.83215,27.06703]]}},{"type":"Feature","properties":{"name":"Agra Jaipur Bikaner Road","highway":"trunk","policy":""},"geometry":{"type":"LineString","coordinates":[[75.94222,26.87494],[75.94142,26.87507],[75.94071,26.87516],[75.93946,26.87533]]}},{"type":"Feature","properties":{"name":"Agra Jaipur Bikaner Road","highway":"trunk","policy":""},"geometry":{"type":"LineString","coordinates":[[75.86141,26.89531],[75.86161,26.89533],[75.86185,26.89534],[75.86212,26.89529],[75.86248,26.89519],[75.86277,26.8951],[75.86314,26.89498],[75.86341,26.89489],[75.86367,26.89478],[75.86413,26.89456],[75.86554,26.89371],[75.86576,26.89357],[75.866,26.89346],[75.86627,26.89335],[75.86652,26.89325],[75.86768,26.89282],[75.86786,26.89276],[75.8683,26.8926],[75.86949,26.89216],[75.8705,26.89184],[75.87351,26.89101],[75.87457,26.89071],[75.87464,26.89069],[75.87522,26.89053],[75.87739,26.8899],[75.87833,26.88965],[75.8813,26.8889],[75.88411,26.88822]]}},{"type":"Feature","properties":{"name":"Agra Jaipur Bikaner Road","highway":"trunk","policy":""},"geometry":{"type":"LineString","coordinates":[[75.93949,26.87548],[75.94087,26.8753],[75.94145,26.87522],[75.94226,26.87507]]}},{"type":"Feature","properties":{"name":"Sardar Patel Road","highway":"trunk","policy":""},"geometry":{"type":"LineString","coordinates":[[75.80138,26.91781],[75.80126,26.91755],[75.80124,26.9175],[75.80107,26.9171],[75.80103,26.91702]]}},{"type":"Feature","properties":{"name":"Jamwa Ramgarh Road","highway":"trunk","policy":""},"geometry":{"type":"LineString","coordinates":[[75.8623,26.95139],[75.86277,26.95175],[75.86291,26.95186],[75.86347,26.9523],[75.86363,26.95243],[75.86378,26.95256],[75.86395,26.95271],[75.8641,26.95285],[75.86427,26.95304],[75.86442,26.95323],[75.86465,26.95355],[75.86488,26.95393],[75.86499,26.95411],[75.86513,26.95442],[75.86525,26.95471],[75.86532,26.95493],[75.86545,26.95541],[75.86557,26.95592],[75.86565,26.95621],[75.86576,26.95671],[75.86611,26.95817],[75.86634,26.9591],[75.86642,26.95938],[75.86651,26.95973],[75.86659,26.95991],[75.86669,26.9601],[75.86682,26.96033],[75.86708,26.96071],[75.86715,26.96082],[75.86773,26.96166],[75.86779,26.96174],[75.86822,26.96235],[75.86896,26.96337],[75.86911,26.96357],[75.86968,26.9644],[75.86983,26.96459],[75.86998,26.96482],[75.87015,26.9651],[75.87024,26.96529],[75.87033,26.96546],[75.87054,26.96592],[75.87069,26.96632],[75.87079,26.96666],[75.87086,26.96697],[75.87094,26.96737],[75.87106,26.96851],[75.87121,26.96991],[75.87124,26.97027],[75.87134,26.97133],[75.8714,26.97185],[75.87156,26.97346],[75.87162,26.97407],[75.87174,26.97509],[75.87178,26.97547],[75.87185,26.97586],[75.87191,26.97614],[75.87197,26.97637],[75.87207,26.9766],[75.87218,26.97684],[75.87266,26.9778],[75.87309,26.97867],[75.8734,26.97928],[75.87365,26.97976],[75.87404,26.98051],[75.87436,26.98121],[75.87491,26.98236],[75.87508,26.9827],[75.87519,26.98295],[75.87524,26.98309],[75.8753,26.98327],[75.87538,26.98359],[75.87549,26.98425],[75.87555,26.98475],[75.8756,26.98572],[75.87562,26.98625],[75.87559,26.9867],[75.87547,26.98752],[75.87541,26.98795],[75.87537,26.9882],[75.87528,26.98883],[75.87513,26.9898],[75.87507,26.99028],[75.87506,26.99057],[75.87508,26.99085],[75.87511,26.99111],[75.87519,26.99153],[75.87528,26.99188],[75.8756,26.99321],[75.87577,26.99392],[75.87583,26.99419],[75.87586,26.99439],[75.87589,26.99451],[75.87593,26.99466],[75.87611,26.99529],[75.87624,26.99577]]}},{"type":"Feature","properties":{"name":"Acharya Shri Tulsi Setu","highway":"trunk","policy":""},"geometry":{"type":"LineString","coordinates":[[75.79341,26.91427],[75.79031,26.91325]]}},{"type":"Feature","properties":{"name":"Acharya Shri Tulsi Setu","highway":"trunk","policy":""},"geometry":{"type":"LineString","coordinates":[[75.79031,26.91325],[75.79019,26.91317],[75.78976,26.91304],[75.78852,26.91266],[75.78757,26.91233],[75.78737,26.91226],[75.7873,26.91224],[75.78698,26.91208],[75.78617,26.91164],[75.78587,26.91148],[75.78545,26.91127],[75.78456,26.91095],[75.78383,26.91071],[75.78366,26.91064]]}},{"type":"Feature","properties":{"name":"Mirza Ismail Road","highway":"trunk","policy":""},"geometry":{"type":"LineString","coordinates":[[75.82054,26.91589],[75.8204,26.91592],[75.81884,26.91626]]}},{"type":"Feature","properties":{"name":"Mirza Ismail Road","highway":"trunk","policy":""},"geometry":{"type":"LineString","coordinates":[[75.82459,26.91512],[75.82431,26.91512]]}},{"type":"Feature","properties":{"name":"Mirza Ismail Road","highway":"trunk","policy":""},"geometry":{"type":"LineString","coordinates":[[75.81588,26.91687],[75.81601,26.91692],[75.8164,26.91692]]}},{"type":"Feature","properties":{"name":"Jaipur Delhi Road","highway":"trunk","policy":""},"geometry":{"type":"LineString","coordinates":[[75.83521,27.04856],[75.83434,27.04772],[75.83325,27.04664],[75.83306,27.04645],[75.83172,27.04514],[75.83116,27.0446],[75.83101,27.04445],[75.83072,27.04417],[75.8306,27.04404],[75.83052,27.04395],[75.83024,27.0436],[75.82996,27.04319],[75.82967,27.04273],[75.8291,27.0418],[75.82885,27.04144],[75.82862,27.04116],[75.82839,27.04091],[75.82812,27.04065],[75.82768,27.04031],[75.82729,27.04005],[75.82645,27.03956],[75.8252,27.03884],[75.82453,27.03843],[75.8242,27.03823],[75.82378,27.0379],[75.82318,27.03735],[75.82258,27.03681],[75.82143,27.03576],[75.82093,27.03535],[75.82055,27.03504],[75.82005,27.03465],[75.81955,27.0343],[75.81754,27.03291],[75.81656,27.03224],[75.81612,27.03195],[75.8156,27.03163],[75.81518,27.03144],[75.81483,27.03131],[75.8145,27.03123],[75.81383,27.0311],[75.81239,27.03088],[75.81192,27.03079],[75.8116,27.0307],[75.81122,27.03057],[75.81081,27.03037],[75.81031,27.03007],[75.80916,27.02932],[75.80865,27.029],[75.80824,27.02868],[75.80782,27.0283],[75.80756,27.02802],[75.80735,27.02775],[75.80697,27.02726]]}},{"type":"Feature","properties":{"name":"NH48;NH52","highway":"trunk","policy":""},"geometry":{"type":"LineString","coordinates":[[75.73202,26.94596],[75.73224,26.94814],[75.73257,26.95156],[75.73281,26.95398],[75.73293,26.95524],[75.73301,26.95569],[75.73307,26.95602],[75.73313,26.95626],[75.73322,26.9565],[75.73337,26.95684],[75.73355,26.95719],[75.73374,26.95747],[75.734,26.95777],[75.73421,26.95799],[75.73444,26.95821],[75.73478,26.95853],[75.73551,26.95917]]}},{"type":"Feature","properties":{"name":"NH48;NH52","highway":"trunk","policy":""},"geometry":{"type":"LineString","coordinates":[[75.73213,26.94569],[75.73203,26.94455],[75.73194,26.94363],[75.73177,26.94183],[75.73163,26.94038],[75.73147,26.93876],[75.73132,26.93736],[75.73099,26.93319]]}},{"type":"Feature","properties":{"name":"Flyover","highway":"trunk","policy":""},"geometry":{"type":"LineString","coordinates":[[75.73215,26.94596],[75.73213,26.94569]]}},{"type":"Feature","properties":{"name":"Flyover","highway":"trunk","policy":""},"geometry":{"type":"LineString","coordinates":[[75.73199,26.94571],[75.73202,26.94596]]}},{"type":"Feature","properties":{"name":"Mirza Ismail Road","highway":"trunk","policy":""},"geometry":{"type":"LineString","coordinates":[[75.80999,26.91622],[75.81027,26.91624],[75.81071,26.91626],[75.81079,26.91628],[75.81107,26.91633],[75.81135,26.9164],[75.81162,26.91649],[75.81201,26.91663],[75.81243,26.91672],[75.81363,26.91678],[75.81415,26.9168],[75.81475,26.91683],[75.81527,26.91686],[75.81588,26.91687]]}},{"type":"Feature","properties":{"name":"Mirza Ismail Road","highway":"trunk","policy":""},"geometry":{"type":"LineString","coordinates":[[75.82545,26.91519],[75.82529,26.91512],[75.82486,26.91512],[75.82469,26.91511]]}},{"type":"Feature","properties":{"name":"NH48;NH52","highway":"trunk","policy":""},"geometry":{"type":"LineString","coordinates":[[75.76734,26.99541],[75.76713,26.99513],[75.76713,26.99513],[75.76707,26.99505],[75.76691,26.99483],[75.76655,26.99431],[75.76601,26.99353],[75.76542,26.99267],[75.76469,26.99162],[75.76414,26.99085],[75.76361,26.99007],[75.76301,26.98921],[75.76189,26.9876]]}},{"type":"Feature","properties":{"name":"Jaipur Delhi Road","highway":"trunk","policy":""},"geometry":{"type":"LineString","coordinates":[[75.80681,27.02737],[75.80704,27.02768],[75.80745,27.02816],[75.80775,27.02847],[75.80807,27.02877],[75.80848,27.02907],[75.80895,27.02937],[75.80979,27.0299],[75.81056,27.03036],[75.81097,27.0306],[75.81145,27.03078],[75.81185,27.03089],[75.81233,27.03098],[75.81324,27.03113],[75.81415,27.03127],[75.81442,27.03134],[75.81462,27.03138],[75.81489,27.03146],[75.81508,27.03153],[75.81556,27.03174],[75.81588,27.03194],[75.81625,27.03217],[75.81896,27.03405],[75.81957,27.03447],[75.8202,27.03493],[75.82042,27.0351],[75.82083,27.03541],[75.82145,27.03595],[75.82254,27.03695],[75.82312,27.03747],[75.82349,27.0378],[75.82383,27.03809],[75.82414,27.03833],[75.82465,27.03866],[75.82641,27.03968],[75.82727,27.04019],[75.82767,27.04046],[75.82805,27.04076],[75.82826,27.04094],[75.82848,27.04118],[75.82876,27.04154],[75.82897,27.04184],[75.82954,27.04277],[75.82981,27.04321],[75.8301,27.04363],[75.83026,27.04384],[75.83044,27.04405],[75.83085,27.04446],[75.83158,27.04519],[75.83283,27.0464],[75.83412,27.04767],[75.83511,27.04863]]}},{"type":"Feature","properties":{"name":"Flyover","highway":"trunk","policy":""},"geometry":{"type":"LineString","coordinates":[[75.76731,26.99554],[75.76787,26.99636],[75.768,26.99654],[75.76811,26.99668],[75.76837,26.99694],[75.76857,26.99711],[75.76881,26.99728],[75.76904,26.99743],[75.76929,26.99755],[75.76954,26.99766],[75.76979,26.99775],[75.7701,26.99786],[75.77157,26.99834],[75.77186,26.99846],[75.77206,26.99855],[75.77235,26.9987],[75.77263,26.99887],[75.77292,26.99904],[75.77466,27.00012]]}},{"type":"Feature","properties":{"name":"Flyover","highway":"trunk","policy":""},"geometry":{"type":"LineString","coordinates":[[75.77475,27.00002],[75.77383,26.99947],[75.77268,26.99877],[75.77225,26.99852],[75.77196,26.99839],[75.7717,26.99829],[75.77108,26.99807],[75.76964,26.99759],[75.76932,26.99746],[75.76905,26.99732],[75.7688,26.99715],[75.76863,26.99702],[75.76846,26.99687],[75.76823,26.99664],[75.76812,26.99651],[75.768,26.99636],[75.76783,26.99613],[75.76745,26.99557]]}},{"type":"Feature","properties":{"name":"Ajmer Road","highway":"trunk","policy":""},"geometry":{"type":"LineString","coordinates":[[75.75112,26.89583],[75.75101,26.89579],[75.75092,26.89575],[75.75009,26.89527],[75.74932,26.89489],[75.74774,26.89409],[75.74719,26.89382],[75.74661,26.89352],[75.74639,26.89342],[75.74625,26.89335],[75.74612,26.89328],[75.74535,26.89289],[75.74456,26.89249],[75.74412,26.89227],[75.74373,26.89208],[75.7432,26.8918],[75.74191,26.89115],[75.74115,26.89077],[75.74074,26.89057],[75.74042,26.89041],[75.7402,26.89031],[75.74008,26.89025],[75.73995,26.89019],[75.7397,26.89007],[75.73967,26.89005],[75.73953,26.88998],[75.73939,26.88991],[75.7393,26.88987],[75.73921,26.88982],[75.73876,26.8896],[75.73811,26.88926],[75.73803,26.88922],[75.73798,26.88919],[75.73755,26.88898],[75.73711,26.88875],[75.73701,26.88871],[75.7369,26.88866],[75.73612,26.88817]]}},{"type":"Feature","properties":{"name":"Flyover","highway":"trunk","policy":""},"geometry":{"type":"LineString","coordinates":[[75.73232,26.8864],[75.7321,26.88629]]}},{"type":"Feature","properties":{"name":"Flyover","highway":"trunk","policy":""},"geometry":{"type":"LineString","coordinates":[[75.7304,26.92107],[75.73039,26.92076]]}},{"type":"Feature","properties":{"name":"Flyover","highway":"trunk","policy":""},"geometry":{"type":"LineString","coordinates":[[75.73024,26.92078],[75.73026,26.92108]]}},{"type":"Feature","properties":{"name":"NH48;NH52","highway":"trunk","policy":""},"geometry":{"type":"LineString","coordinates":[[75.72877,26.90565],[75.72873,26.90525],[75.72866,26.90474],[75.72866,26.90453],[75.72866,26.90425],[75.72868,26.90395],[75.72873,26.90368],[75.72883,26.90331],[75.72899,26.90293],[75.72912,26.90268],[75.72928,26.90241],[75.73023,26.90103],[75.73097,26.89996],[75.73153,26.89914],[75.73175,26.89883],[75.73205,26.89833],[75.73249,26.8975],[75.73265,26.89718]]}},{"type":"Feature","properties":{"name":"Flyover","highway":"trunk","policy":""},"geometry":{"type":"LineString","coordinates":[[75.73074,26.93089],[75.73085,26.93298],[75.73087,26.93321]]}},{"type":"Feature","properties":{"name":"Flyover","highway":"trunk","policy":""},"geometry":{"type":"LineString","coordinates":[[75.73099,26.93319],[75.73098,26.93292],[75.7309,26.93131],[75.73088,26.93087]]}},{"type":"Feature","properties":{"name":"NH52","highway":"trunk","policy":""},"geometry":{"type":"LineString","coordinates":[[75.73515,26.89235],[75.73532,26.89228]]}},{"type":"Feature","properties":{"name":"NH48;NH52","highway":"trunk","policy":""},"geometry":{"type":"LineString","coordinates":[[75.73087,26.93321],[75.73103,26.93548],[75.73123,26.93785],[75.73131,26.93864],[75.73146,26.94014],[75.73162,26.94169],[75.73181,26.9437],[75.73199,26.94571]]}},{"type":"Feature","properties":{"name":"NH48;NH52","highway":"trunk","policy":""},"geometry":{"type":"LineString","coordinates":[[75.73651,26.8893],[75.73644,26.88949],[75.73632,26.88975],[75.73618,26.89004],[75.73607,26.89026],[75.73597,26.89049]]}},{"type":"Feature","properties":{"name":"NH48;NH52","highway":"trunk","policy":""},"geometry":{"type":"LineString","coordinates":[[75.73088,26.93087],[75.73077,26.92839],[75.73064,26.92603],[75.73052,26.92358],[75.7304,26.92107]]}},{"type":"Feature","properties":{"name":"NH48;NH52","highway":"trunk","policy":""},"geometry":{"type":"LineString","coordinates":[[75.73026,26.92108],[75.73033,26.92247],[75.73045,26.92502],[75.73067,26.92905],[75.73074,26.93089]]}},{"type":"Feature","properties":{"name":"NH52","highway":"trunk","policy":""},"geometry":{"type":"LineString","coordinates":[[75.7369,26.88866],[75.73679,26.88883],[75.73672,26.88893],[75.73651,26.8893]]}},{"type":"Feature","properties":{"name":"freight corridor","highway":"trunk","policy":""},"geometry":{"type":"LineString","coordinates":[[75.73612,26.88817],[75.73549,26.88784],[75.73531,26.88774],[75.73499,26.88759],[75.73466,26.88743],[75.7342,26.88722],[75.73328,26.88676],[75.73269,26.88648],[75.73232,26.8863]]}},{"type":"Feature","properties":{"name":"Flyover","highway":"trunk","policy":""},"geometry":{"type":"LineString","coordinates":[[75.73661,26.88968],[75.73665,26.88955],[75.73667,26.88943],[75.73668,26.88926],[75.73668,26.88911],[75.73665,26.88895],[75.73661,26.8888],[75.73645,26.88855],[75.73635,26.88845],[75.73622,26.88833],[75.736,26.8882]]}},{"type":"Feature","properties":{"name":"Acharya Shri Tulsi Setu","highway":"trunk","policy":""},"geometry":{"type":"LineString","coordinates":[[75.78368,26.91078],[75.78409,26.91093],[75.78436,26.91102],[75.78487,26.91118],[75.78526,26.91132],[75.78559,26.91146],[75.78592,26.91162],[75.7862,26.91177],[75.78665,26.91202],[75.78719,26.91232],[75.78766,26.91256],[75.78825,26.91281],[75.78879,26.91301],[75.78911,26.9131],[75.78934,26.91317],[75.78991,26.91334],[75.7901,26.91338],[75.79029,26.9134]]}},{"type":"Feature","properties":{"name":"Ajmer Road","highway":"trunk","policy":""},"geometry":{"type":"LineString","coordinates":[[75.79351,26.91442],[75.79446,26.9147]]}},{"type":"Feature","properties":{"name":"Mirza Ismail Road","highway":"trunk","policy":""},"geometry":{"type":"LineString","coordinates":[[75.81649,26.91691],[75.81661,26.91689],[75.81678,26.91684],[75.81692,26.91679],[75.81705,26.91673],[75.81719,26.91668]]}},{"type":"Feature","properties":{"name":"Mirza Ismail Road","highway":"trunk","policy":""},"geometry":{"type":"LineString","coordinates":[[75.8164,26.91692],[75.81649,26.91691]]}},{"type":"Feature","properties":{"name":"Mirza Ismail Road","highway":"trunk","policy":""},"geometry":{"type":"LineString","coordinates":[[75.82469,26.91521],[75.82484,26.91521],[75.82501,26.91521],[75.82532,26.91523],[75.82545,26.91519]]}},{"type":"Feature","properties":{"name":"Agra Road","highway":"trunk","policy":""},"geometry":{"type":"LineString","coordinates":[[75.83884,26.90847],[75.83896,26.90844],[75.8397,26.90793],[75.8404,26.90744],[75.84109,26.90699]]}},{"type":"Feature","properties":{"name":"Agra Jaipur Bikaner Road","highway":"trunk","policy":""},"geometry":{"type":"LineString","coordinates":[[75.85329,26.9007],[75.85312,26.9008],[75.85297,26.90091],[75.85242,26.90131],[75.85193,26.90164],[75.85165,26.90183],[75.85164,26.90184],[75.85152,26.90192],[75.8513,26.90209],[75.85125,26.90211],[75.85118,26.90213],[75.85111,26.90213],[75.85103,26.9021],[75.85096,26.90206],[75.8508,26.90189],[75.85069,26.90178],[75.85063,26.90173],[75.85052,26.90169],[75.85044,26.90167],[75.85026,26.90165],[75.84949,26.90161],[75.8489,26.90156],[75.84816,26.90153],[75.84803,26.90154],[75.84762,26.90163],[75.84712,26.90173],[75.84691,26.90179],[75.84667,26.90193],[75.84629,26.90216],[75.84606,26.90231],[75.84596,26.9024]]}},{"type":"Feature","properties":{"name":"Old Agra Jaipur Bikaner Road","highway":"trunk","policy":""},"geometry":{"type":"LineString","coordinates":[[75.85329,26.9007],[75.8534,26.90059],[75.85396,26.89999],[75.85432,26.8995],[75.85443,26.89942],[75.85448,26.89939],[75.85471,26.89926],[75.85492,26.89915],[75.85515,26.89905],[75.85538,26.89897],[75.85557,26.89893],[75.85656,26.89886],[75.85721,26.89883],[75.85765,26.89881],[75.85787,26.8988],[75.85806,26.8988],[75.85826,26.8988],[75.85844,26.8988],[75.85862,26.89879],[75.85879,26.89878],[75.85896,26.89877],[75.85909,26.89875],[75.85922,26.89871],[75.85931,26.89868],[75.8594,26.89864],[75.85954,26.89854],[75.85968,26.89844],[75.85983,26.89824],[75.85992,26.89811],[75.86026,26.89768],[75.8603,26.89763],[75.86066,26.89718],[75.8607,26.89712],[75.86077,26.89699],[75.86082,26.89686],[75.86084,26.89667],[75.86093,26.89602],[75.86104,26.89528],[75.86111,26.89501],[75.86118,26.89489],[75.86123,26.8948],[75.86133,26.89471],[75.86142,26.89465],[75.8617,26.89454],[75.86309,26.89423],[75.86373,26.89409],[75.86377,26.89408],[75.86452,26.89392],[75.86469,26.89387],[75.86481,26.89384],[75.86508,26.89372],[75.86543,26.89353]]}},{"type":"Feature","properties":{"name":"Agra Jaipur Bikaner Road","highway":"trunk","policy":""},"geometry":{"type":"LineString","coordinates":[[75.84974,26.90168],[75.85008,26.9017],[75.85032,26.90172],[75.85048,26.90176],[75.85058,26.9018]]}},{"type":"Feature","properties":{"name":"Agra Jaipur Bikaner Road","highway":"trunk","policy":""},"geometry":{"type":"LineString","coordinates":[[75.8515,26.90201],[75.85168,26.90189],[75.85191,26.90173],[75.85275,26.90119],[75.85315,26.90086],[75.85329,26.9007]]}},{"type":"Feature","properties":{"name":"Agra Jaipur Bikaner Road","highway":"trunk","policy":""},"geometry":{"type":"LineString","coordinates":[[75.85058,26.9018],[75.85063,26.90184],[75.85093,26.90212],[75.85103,26.90219],[75.85111,26.9022],[75.85118,26.9022],[75.85127,26.90217],[75.8515,26.90201]]}},{"type":"Feature","properties":{"name":"Agra Road","highway":"trunk","policy":""},"geometry":{"type":"LineString","coordinates":[[75.83282,26.91347],[75.83295,26.91344],[75.83335,26.91335],[75.83373,26.91324],[75.83388,26.91318],[75.83405,26.91308],[75.83419,26.91299],[75.83421,26.91298],[75.83436,26.91284],[75.83447,26.91273],[75.83455,26.91266],[75.83472,26.9125],[75.83512,26.91216],[75.83577,26.91154],[75.83613,26.91122],[75.83653,26.91083],[75.83687,26.91052],[75.83709,26.91031],[75.83727,26.91009],[75.83733,26.90998],[75.83741,26.90984]]}},{"type":"Feature","properties":{"name":"Agra Road","highway":"trunk","policy":""},"geometry":{"type":"LineString","coordinates":[[75.83741,26.90984],[75.83712,26.91013],[75.83703,26.91024],[75.83691,26.91037],[75.83675,26.91053],[75.83633,26.91091],[75.83593,26.91129],[75.83526,26.9119],[75.83511,26.91203],[75.8345,26.91261],[75.83443,26.91268],[75.83421,26.91288],[75.83401,26.91303],[75.83386,26.91312],[75.8337,26.91318],[75.83316,26.91331],[75.83281,26.91341]]}},{"type":"Feature","properties":{"name":"Agra Jaipur-Bikaner Road Underpass","highway":"trunk","policy":""},"geometry":{"type":"LineString","coordinates":[[75.84519,26.90332],[75.84512,26.90341],[75.84486,26.90374],[75.84469,26.90394],[75.84459,26.90406]]}},{"type":"Feature","properties":{"name":"Agra Road","highway":"trunk","policy":""},"geometry":{"type":"LineString","coordinates":[[75.83884,26.90847],[75.83883,26.90848],[75.83842,26.90878],[75.83792,26.90916],[75.83775,26.90932],[75.83773,26.90936],[75.83747,26.90977],[75.83741,26.90984]]}},{"type":"Feature","properties":{"name":"Mirza Ismail Road","highway":"trunk","policy":""},"geometry":{"type":"LineString","coordinates":[[75.82771,26.91469],[75.82751,26.91474],[75.82719,26.91482],[75.82665,26.91496],[75.82631,26.91506],[75.82599,26.91514],[75.82558,26.91519],[75.82545,26.91519]]}},{"type":"Feature","properties":{"name":"Mirza Ismail Road","highway":"trunk","policy":""},"geometry":{"type":"LineString","coordinates":[[75.83281,26.91341],[75.83269,26.91344],[75.83196,26.9136],[75.83136,26.91374],[75.83131,26.91375],[75.83127,26.91376],[75.831,26.91383],[75.83009,26.91406],[75.82935,26.91424],[75.82878,26.91438],[75.82797,26.91458],[75.82792,26.9146],[75.82771,26.91469]]}},{"type":"Feature","properties":{"name":"Mirza Ismail Road","highway":"trunk","policy":""},"geometry":{"type":"LineString","coordinates":[[75.82771,26.91469],[75.82799,26.91465],[75.82828,26.91457],[75.82842,26.91454],[75.8295,26.91427],[75.83047,26.91405],[75.83132,26.91384],[75.8314,26.91381],[75.83166,26.91374],[75.83171,26.91372],[75.83216,26.91362],[75.83253,26.91354],[75.83272,26.9135],[75.83282,26.91347]]}},{"type":"Feature","properties":{"name":"NH52","highway":"trunk","policy":""},"geometry":{"type":"LineString","coordinates":[[75.74739,27.07693],[75.7487,27.07265],[75.74922,27.07098],[75.74977,27.06924],[75.75029,27.0676],[75.75033,27.06747],[75.75042,27.06718],[75.7507,27.06627],[75.75103,27.0652],[75.75158,27.0634],[75.752,27.0621],[75.75273,27.0597],[75.75295,27.059],[75.75302,27.05876],[75.7532,27.05817],[75.75346,27.05734],[75.75361,27.05692],[75.75417,27.05503],[75.75426,27.05472],[75.75437,27.05438],[75.75485,27.05284],[75.75496,27.05246],[75.75499,27.05238],[75.75528,27.05142],[75.75551,27.0507],[75.75564,27.05035],[75.75579,27.05001],[75.75607,27.04953],[75.75736,27.04784],[75.75869,27.04615],[75.75879,27.04602],[75.75887,27.04591],[75.7603,27.04406],[75.76143,27.04265],[75.76187,27.04202],[75.76244,27.04115],[75.76297,27.04031],[75.76469,27.03758],[75.76644,27.03485],[75.76729,27.03347],[75.76792,27.03252],[75.7681,27.03224],[75.76822,27.03201],[75.76832,27.03178],[75.76839,27.03152],[75.76842,27.03137],[75.76848,27.03115],[75.76886,27.02907],[75.76888,27.029]]}},{"type":"Feature","properties":{"name":"freight corridor","highway":"trunk","policy":""},"geometry":{"type":"LineString","coordinates":[[75.77498,27.00015],[75.7749,27.00002],[75.77472,26.99991],[75.77448,26.99976],[75.7738,26.99933],[75.77283,26.99872],[75.77249,26.99851],[75.77231,26.99841],[75.77195,26.99825],[75.77102,26.9979],[75.77095,26.99788],[75.77068,26.99779]]}},{"type":"Feature","properties":{"name":"NH52","highway":"trunk","policy":""},"geometry":{"type":"LineString","coordinates":[[75.76725,26.99562],[75.76748,26.996],[75.76779,26.99644],[75.7679,26.99658],[75.76805,26.99676],[75.76825,26.99697],[75.76853,26.9972],[75.76865,26.99729],[75.7688,26.9974],[75.769,26.99752],[75.76923,26.99763],[75.76936,26.99769],[75.76949,26.99774]]}},{"type":"Feature","properties":{"name":"Jaipur Ajmer Road","highway":"trunk","policy":""},"geometry":{"type":"LineString","coordinates":[[75.77068,26.99779],[75.7706,26.99776],[75.77053,26.99774],[75.77035,26.99768],[75.77024,26.99764],[75.7701,26.99759],[75.76985,26.99751],[75.76961,26.99741],[75.76936,26.99731],[75.76915,26.9972],[75.76896,26.99708],[75.76876,26.99692],[75.76847,26.99665],[75.76831,26.99648],[75.76815,26.99631],[75.76805,26.99619],[75.76795,26.99604],[75.76776,26.99579],[75.76758,26.99553],[75.7675,26.99546],[75.76734,26.99541]]}},{"type":"Feature","properties":{"name":"Jamwa Ramgarh Road","highway":"trunk","policy":""},"geometry":{"type":"LineString","coordinates":[[75.87639,26.99602],[75.87639,26.99602],[75.87625,26.99549],[75.87603,26.99471],[75.87601,26.99465],[75.876,26.99458],[75.87597,26.99446]]}},{"type":"Feature","properties":{"name":"NH248","highway":"trunk","policy":""},"geometry":{"type":"LineString","coordinates":[[75.85047,26.946],[75.85044,26.94596],[75.8504,26.94591],[75.85035,26.94588],[75.85031,26.94586],[75.85028,26.94585],[75.85024,26.94585],[75.85021,26.94587],[75.85019,26.94591],[75.8502,26.94596]]}},{"type":"Feature","properties":{"name":"Jaipur - Kota Highway","highway":"trunk","policy":""},"geometry":{"type":"LineString","coordinates":[[75.82275,26.78483],[75.82343,26.78395],[75.82375,26.78355],[75.82388,26.78338],[75.82436,26.78273],[75.82502,26.78185],[75.82516,26.78166],[75.82534,26.78142],[75.82648,26.7799],[75.8266,26.77975],[75.82668,26.77963],[75.82673,26.77957]]}},{"type":"Feature","properties":{"name":"Flyover","highway":"trunk","policy":""},"geometry":{"type":"LineString","coordinates":[[75.82803,26.77795],[75.82863,26.77721],[75.829,26.77674],[75.82936,26.77628],[75.82948,26.77611],[75.82979,26.7757],[75.83008,26.77529],[75.83026,26.77503]]}},{"type":"Feature","properties":{"name":"NH11","highway":"trunk","policy":""},"geometry":{"type":"LineString","coordinates":[[75.77406,26.82973],[75.77364,26.83015],[75.77306,26.83074],[75.77288,26.83093],[75.77199,26.83185],[75.77163,26.83223],[75.77129,26.83257],[75.77041,26.83356],[75.77037,26.8336],[75.77031,26.83368],[75.77025,26.83383],[75.77006,26.83422],[75.76951,26.83547],[75.76925,26.83606],[75.76903,26.83657],[75.76889,26.8369],[75.76873,26.83725],[75.76869,26.83734],[75.76858,26.83761],[75.76815,26.83854],[75.76774,26.83943],[75.76767,26.8396]]}},{"type":"Feature","properties":{"name":"NH52","highway":"trunk","policy":""},"geometry":{"type":"LineString","coordinates":[[75.78245,26.81885],[75.78229,26.81888],[75.78189,26.81894],[75.78184,26.81899],[75.78162,26.81942],[75.7814,26.81986],[75.78109,26.82047],[75.78068,26.8213],[75.78045,26.82176],[75.78024,26.82219],[75.77981,26.82304],[75.77932,26.82409],[75.77918,26.82441]]}},{"type":"Feature","properties":{"name":"NH248","highway":"trunk","policy":""},"geometry":{"type":"LineString","coordinates":[[75.96086,27.15044],[75.96117,27.14859],[75.96143,27.14664],[75.96157,27.14573],[75.96172,27.14472],[75.96205,27.14316],[75.96235,27.14176],[75.96242,27.14132],[75.96246,27.14082],[75.96241,27.14011],[75.96238,27.13977],[75.96235,27.13952],[75.9623,27.13886],[75.96228,27.13871],[75.96223,27.1381],[75.96217,27.13744],[75.96212,27.13683],[75.96207,27.13623],[75.96206,27.13605],[75.96205,27.13597],[75.96194,27.13485],[75.96188,27.13417],[75.9618,27.13373],[75.96164,27.13322],[75.96156,27.13298],[75.9613,27.13223],[75.96089,27.13102],[75.96086,27.13089],[75.96076,27.13054],[75.96071,27.13014],[75.9607,27.13003],[75.96068,27.12965],[75.96071,27.12904],[75.96074,27.12884],[75.96084,27.12825],[75.96089,27.12788],[75.96094,27.12758],[75.96097,27.12721],[75.96097,27.12716],[75.96096,27.12692],[75.96095,27.12667],[75.96092,27.12631],[75.9609,27.12599],[75.96088,27.12567],[75.96087,27.12557],[75.96076,27.12363],[75.96075,27.12348],[75.96071,27.12227],[75.96071,27.12112],[75.96072,27.11973],[75.96076,27.11834],[75.96071,27.11761],[75.96066,27.1171],[75.9605,27.11634],[75.96029,27.11557],[75.95989,27.1144],[75.95964,27.11374],[75.95941,27.11314],[75.95934,27.11298],[75.95907,27.11213],[75.95892,27.11148],[75.95884,27.11107],[75.95873,27.11047],[75.95852,27.10933],[75.95828,27.10813],[75.95801,27.10681],[75.95782,27.10581],[75.95766,27.10517],[75.95745,27.10466],[75.9571,27.10391],[75.95643,27.10257],[75.95495,27.09958],[75.95377,27.09715],[75.95272,27.09505],[75.95235,27.09424],[75.95197,27.09326],[75.95135,27.0918],[75.95103,27.09114],[75.95086,27.09088],[75.95058,27.09056],[75.9501,27.09015],[75.94976,27.08993],[75.94973,27.08991],[75.94902,27.08953],[75.94835,27.08919],[75.94811,27.08906],[75.94488,27.08744],[75.94435,27.08716],[75.94407,27.08699],[75.94386,27.08683],[75.94363,27.08662],[75.94343,27.08639],[75.94317,27.08605],[75.94291,27.08562],[75.94258,27.08497],[75.9408,27.08133],[75.93923,27.07801],[75.93839,27.07617],[75.938,27.07522],[75.93764,27.07452],[75.93747,27.07419],[75.93736,27.07391],[75.93724,27.07362],[75.93716,27.07345],[75.93707,27.0733],[75.93684,27.07301],[75.93663,27.07279],[75.93623,27.07248],[75.93604,27.07234],[75.93587,27.07222],[75.93548,27.07196],[75.93514,27.07173],[75.93403,27.07087],[75.93257,27.06971],[75.93165,27.06894],[75.93088,27.06824],[75.92996,27.06741],[75.9289,27.06647],[75.92806,27.06569],[75.92701,27.06476],[75.92596,27.06384],[75.92483,27.06283],[75.92374,27.06187],[75.92197,27.0603],[75.92124,27.05965],[75.92087,27.05933],[75.92028,27.05886],[75.91986,27.05853],[75.91926,27.05804],[75.91839,27.05737],[75.91808,27.05713],[75.91681,27.05611],[75.91563,27.05516],[75.91386,27.0538],[75.91379,27.05376],[75.91344,27.05354],[75.91269,27.05309],[75.91153,27.0524],[75.91133,27.05229],[75.91022,27.05163],[75.90898,27.0509],[75.90842,27.05057],[75.90786,27.05024],[75.90735,27.04994],[75.90707,27.04973],[75.90661,27.04937],[75.90598,27.04889],[75.90549,27.04856],[75.90451,27.04791],[75.90438,27.04783],[75.90335,27.04713],[75.90273,27.04672],[75.90224,27.04638],[75.90191,27.04615],[75.90137,27.04574],[75.9002,27.04485],[75.89935,27.04422],[75.89819,27.04336],[75.8976,27.04291],[75.89758,27.0429]]}},{"type":"Feature","properties":{"name":"Jaipur Kishangarh Expressway","highway":"trunk","policy":""},"geometry":{"type":"LineString","coordinates":[[75.71652,26.87844],[75.7149,26.87758],[75.71302,26.87665],[75.7123,26.87627]]}},{"type":"Feature","properties":{"name":"Jaipur Kishangarh Expressway","highway":"trunk","policy":""},"geometry":{"type":"LineString","coordinates":[[75.7123,26.87627],[75.71181,26.87604],[75.71107,26.87568],[75.71065,26.87553],[75.70945,26.87512],[75.70861,26.87483],[75.70767,26.8745],[75.70503,26.87353],[75.69984,26.87164],[75.6979,26.87095],[75.69762,26.87087],[75.69731,26.87079],[75.69689,26.87068],[75.69607,26.87053],[75.69581,26.87048],[75.69554,26.87043]]}},{"type":"Feature","properties":{"name":"Mirza Ismail Road","highway":"trunk","policy":""},"geometry":{"type":"LineString","coordinates":[[75.81854,26.91642],[75.82,26.91613],[75.82033,26.91605],[75.82043,26.91603],[75.82056,26.916],[75.82075,26.91596],[75.82133,26.91584],[75.82193,26.91571],[75.82239,26.91561],[75.823,26.91548],[75.82323,26.91543],[75.82352,26.91536],[75.82365,26.91534],[75.82404,26.91527],[75.82429,26.91523],[75.82459,26.91521]]}},{"type":"Feature","properties":{"name":"Mirza Ismail Road","highway":"trunk","policy":""},"geometry":{"type":"LineString","coordinates":[[75.81725,26.91653],[75.81716,26.91656],[75.81703,26.91664],[75.81685,26.91672],[75.8167,26.91677],[75.81656,26.9168],[75.81645,26.91681]]}},{"type":"Feature","properties":{"name":"Mirza Ismail Road","highway":"trunk","policy":""},"geometry":{"type":"LineString","coordinates":[[75.80172,26.91779],[75.80242,26.91749],[75.80255,26.9174],[75.80264,26.91734]]}},{"type":"Feature","properties":{"name":"NH52","highway":"trunk","policy":""},"geometry":{"type":"LineString","coordinates":[[75.77923,26.82446],[75.77937,26.8241],[75.77988,26.82307],[75.7799,26.82302],[75.78051,26.82183],[75.78075,26.82133],[75.78095,26.82092],[75.78116,26.82049],[75.78146,26.81989],[75.78171,26.81945],[75.78193,26.81906],[75.78195,26.81903],[75.78207,26.81898],[75.7825,26.81894],[75.78262,26.81893],[75.78296,26.8189],[75.783,26.81889]]}},{"type":"Feature","properties":{"name":"Jamwa Ramgarh Road","highway":"trunk","policy":""},"geometry":{"type":"LineString","coordinates":[[75.8436,26.9009],[75.84355,26.90112],[75.84352,26.90131],[75.8435,26.90176],[75.8435,26.90239],[75.84351,26.90266],[75.84352,26.90279],[75.84353,26.9029],[75.84356,26.90302],[75.84361,26.90316],[75.84368,26.90331],[75.84386,26.90357],[75.84406,26.90382]]}},{"type":"Feature","properties":{"name":"NH52","highway":"trunk","policy":""},"geometry":{"type":"LineString","coordinates":[[75.74317,26.87989],[75.7435,26.87962],[75.74362,26.87961],[75.74382,26.87959],[75.74411,26.87957],[75.74416,26.87957],[75.74476,26.87955],[75.74557,26.87952]]}},{"type":"Feature","properties":{"name":"NH52","highway":"trunk","policy":""},"geometry":{"type":"LineString","coordinates":[[75.73711,26.88875],[75.73721,26.8886],[75.73727,26.88848],[75.73734,26.88835],[75.73759,26.88799],[75.73785,26.88761],[75.73866,26.88636],[75.73996,26.88437],[75.74001,26.88429]]}},{"type":"Feature","properties":{"name":"NH52","highway":"trunk","policy":""},"geometry":{"type":"LineString","coordinates":[[75.7398,26.88429],[75.73893,26.88563],[75.73801,26.88704],[75.73743,26.88789],[75.73729,26.8881],[75.73703,26.88846],[75.7369,26.88866]]}},{"type":"Feature","properties":{"name":"Agra Jaipur Bikaner Road","highway":"trunk","policy":""},"geometry":{"type":"LineString","coordinates":[[75.88407,26.88811],[75.87918,26.88933],[75.87823,26.88958],[75.87736,26.88981],[75.87504,26.89047],[75.8746,26.89059],[75.87453,26.89061],[75.87447,26.89063],[75.87049,26.89176],[75.86948,26.89206],[75.86825,26.8925],[75.86751,26.89278],[75.86747,26.89279],[75.86699,26.89298],[75.86695,26.89299],[75.86638,26.89321],[75.86624,26.89327],[75.86603,26.89335],[75.86581,26.89345],[75.86555,26.89359],[75.86532,26.89373],[75.86461,26.89415],[75.864,26.89452],[75.86376,26.89464],[75.86353,26.89475],[75.86337,26.89482],[75.86306,26.89492],[75.86271,26.89502],[75.86242,26.89512],[75.8622,26.89519],[75.86193,26.89524],[75.86162,26.89524],[75.86142,26.89521]]}},{"type":"Feature","properties":{"name":"Agra Jaipur Bikaner Road","highway":"trunk","policy":""},"geometry":{"type":"LineString","coordinates":[[75.84413,26.90104],[75.84427,26.90101],[75.84451,26.901],[75.84481,26.90103],[75.84542,26.90102],[75.84596,26.90094],[75.84643,26.90079],[75.84681,26.90057],[75.84707,26.90027],[75.84721,26.90011]]}},{"type":"Feature","properties":{"name":"Agra Jaipur Bikaner Road","highway":"trunk","policy":""},"geometry":{"type":"LineString","coordinates":[[75.84887,26.89607],[75.84862,26.89617],[75.84844,26.89626],[75.84822,26.89644],[75.84802,26.89662],[75.84784,26.89686],[75.84769,26.89711],[75.84758,26.89735],[75.84751,26.89755],[75.84745,26.89782],[75.84731,26.89853],[75.84724,26.89885]]}},{"type":"Feature","properties":{"name":"Agra Jaipur Bikaner Road","highway":"trunk","policy":""},"geometry":{"type":"LineString","coordinates":[[75.85701,26.89288],[75.84887,26.89607]]}},{"type":"Feature","properties":{"name":"Agra Jaipur Bikaner Road","highway":"trunk","policy":""},"geometry":{"type":"LineString","coordinates":[[75.86078,26.89501],[75.86096,26.89513],[75.8611,26.8952],[75.8613,26.89528],[75.86141,26.89531]]}},{"type":"Feature","properties":{"name":"Agra Jaipur Bikaner Road","highway":"trunk","policy":""},"geometry":{"type":"LineString","coordinates":[[75.84911,26.89627],[75.85673,26.8934],[75.85722,26.8933]]}},{"type":"Feature","properties":{"name":"Agra Jaipur Bikaner Road","highway":"trunk","policy":""},"geometry":{"type":"LineString","coordinates":[[75.86142,26.89521],[75.86117,26.89513],[75.86096,26.89502],[75.86078,26.89488]]}},{"type":"Feature","properties":{"name":"Agra Jaipur Bikaner Road","highway":"trunk","policy":""},"geometry":{"type":"LineString","coordinates":[[75.85722,26.8933],[75.85798,26.89343],[75.85845,26.89354],[75.85872,26.89361],[75.85887,26.89367],[75.85908,26.89375],[75.85929,26.89385],[75.8595,26.89397],[75.85981,26.89418],[75.86078,26.89501]]}},{"type":"Feature","properties":{"name":"Agra Jaipur Bikaner Road","highway":"trunk","policy":""},"geometry":{"type":"LineString","coordinates":[[75.86078,26.89488],[75.85968,26.89393],[75.85895,26.89337],[75.85874,26.89323],[75.8585,26.8931],[75.85826,26.89301],[75.85789,26.89293],[75.85761,26.89288],[75.85736,26.89286],[75.85701,26.89288]]}},{"type":"Feature","properties":{"name":"NH52","highway":"trunk","policy":""},"geometry":{"type":"LineString","coordinates":[[75.79916,26.81619],[75.79941,26.81584],[75.7998,26.81531],[75.79988,26.8152],[75.80016,26.81481],[75.80099,26.81367],[75.80127,26.81328],[75.80164,26.81275],[75.80183,26.81248],[75.80189,26.81239],[75.80192,26.81235],[75.80214,26.81206],[75.803,26.81092],[75.80306,26.81083]]}},{"type":"Feature","properties":{"name":"Bambala Bridge","highway":"trunk","policy":""},"geometry":{"type":"LineString","coordinates":[[75.81483,26.79533],[75.81521,26.79484],[75.81593,26.79389]]}},{"type":"Feature","properties":{"name":"Bambala Bridge","highway":"trunk","policy":""},"geometry":{"type":"LineString","coordinates":[[75.81585,26.79381],[75.81514,26.79474],[75.81471,26.79529]]}},{"type":"Feature","properties":{"name":"NH52","highway":"trunk","policy":""},"geometry":{"type":"LineString","coordinates":[[75.81593,26.79389],[75.8163,26.79343],[75.8165,26.79317],[75.81681,26.79278],[75.81741,26.79201],[75.81805,26.79113],[75.81817,26.79097],[75.81878,26.79005],[75.81947,26.78914],[75.81952,26.78908],[75.81975,26.78878],[75.82001,26.78844],[75.82058,26.7877],[75.82073,26.78751],[75.82093,26.78725],[75.82165,26.7863],[75.82171,26.78622],[75.82227,26.78547],[75.82229,26.78545],[75.82239,26.78533]]}},{"type":"Feature","properties":{"name":"NH52","highway":"trunk","policy":""},"geometry":{"type":"LineString","coordinates":[[75.8335,26.77099],[75.8327,26.77173]]}},{"type":"Feature","properties":{"name":"NH52","highway":"trunk","policy":""},"geometry":{"type":"LineString","coordinates":[[75.81471,26.79529],[75.81452,26.79554],[75.81442,26.79569],[75.81388,26.79638],[75.81377,26.79654]]}},{"type":"Feature","properties":{"name":"NH52","highway":"trunk","policy":""},"geometry":{"type":"LineString","coordinates":[[75.80848,26.80367],[75.80855,26.80357],[75.80871,26.80335],[75.81007,26.80159],[75.81059,26.8009],[75.81071,26.80075],[75.81191,26.79918],[75.81231,26.79868],[75.81302,26.79773],[75.81378,26.79677]]}},{"type":"Feature","properties":{"name":"Agra Jaipur-Bikaner Road Underpass","highway":"trunk","policy":""},"geometry":{"type":"LineString","coordinates":[[75.84318,26.90538],[75.84279,26.90578],[75.84266,26.90589],[75.84254,26.906],[75.842,26.90636]]}},{"type":"Feature","properties":{"name":"Jamwa Ramgarh Road Flyover","highway":"trunk","policy":""},"geometry":{"type":"LineString","coordinates":[[75.84374,26.90317],[75.84368,26.90299],[75.84364,26.90287],[75.84362,26.90275],[75.8436,26.9026],[75.84359,26.90239],[75.84359,26.90176],[75.8436,26.90163],[75.84361,26.90157]]}},{"type":"Feature","properties":{"name":"Jamwa Ramgarh Road Flyover","highway":"trunk","policy":""},"geometry":{"type":"LineString","coordinates":[[75.84605,26.90626],[75.84473,26.90448],[75.8445,26.90419],[75.84404,26.90364],[75.84394,26.90351],[75.84387,26.9034],[75.84374,26.90317]]}},{"type":"Feature","properties":{"name":"New Rambah Road","highway":"trunk","policy":""},"geometry":{"type":"LineString","coordinates":[[75.85033,26.94612],[75.85054,26.94626],[75.85067,26.94636],[75.85098,26.94657]]}},{"type":"Feature","properties":{"name":"NH52","highway":"trunk","policy":""},"geometry":{"type":"LineString","coordinates":[[75.74001,26.88429],[75.74053,26.88346],[75.74058,26.88339],[75.74059,26.88337],[75.74062,26.88333],[75.74134,26.88237],[75.74229,26.88109]]}},{"type":"Feature","properties":{"name":"NH52","highway":"trunk","policy":""},"geometry":{"type":"LineString","coordinates":[[75.74229,26.88109],[75.74304,26.88011],[75.74317,26.87989]]}},{"type":"Feature","properties":{"name":"Flyover","highway":"trunk","policy":""},"geometry":{"type":"LineString","coordinates":[[75.77615,26.82772],[75.77634,26.82755],[75.77672,26.82728],[75.77788,26.82659],[75.77803,26.82648]]}},{"type":"Feature","properties":{"name":"Flyover","highway":"trunk","policy":""},"geometry":{"type":"LineString","coordinates":[[75.77795,26.82643],[75.77784,26.82652],[75.77668,26.82722],[75.7763,26.82748],[75.7761,26.82765]]}},{"type":"Feature","properties":{"name":"Sikar Road","highway":"trunk","policy":""},"geometry":{"type":"LineString","coordinates":[[75.77035,26.99856],[75.77025,26.99922],[75.77022,26.99956],[75.77018,27.00005],[75.77015,27.00087],[75.77012,27.00173],[75.77014,27.00214],[75.77025,27.003],[75.77034,27.00359],[75.7704,27.00401],[75.77054,27.00487],[75.77056,27.00529],[75.77054,27.00593],[75.77051,27.00631],[75.7705,27.00643],[75.77044,27.0068],[75.77032,27.00728],[75.77008,27.00806],[75.76968,27.00929],[75.76945,27.01006],[75.76934,27.01048],[75.7693,27.01071],[75.76926,27.01128],[75.76924,27.01191],[75.76924,27.01202],[75.76923,27.01251],[75.76917,27.01384],[75.76917,27.01424],[75.7692,27.01458],[75.76927,27.01519],[75.7693,27.0154],[75.76934,27.01574],[75.76942,27.0169],[75.76948,27.01751],[75.76953,27.01811],[75.76965,27.01944],[75.76972,27.02033],[75.76972,27.02063],[75.76967,27.02117],[75.76965,27.02129],[75.7696,27.02175],[75.7694,27.02313],[75.76935,27.02348],[75.76919,27.02448],[75.76899,27.02585],[75.76891,27.02639],[75.76889,27.02681],[75.76892,27.02719],[75.76893,27.02733],[75.76895,27.02758],[75.76895,27.02767],[75.76895,27.02797],[75.76893,27.02822],[75.76883,27.02872],[75.76879,27.02894],[75.76878,27.029]]}},{"type":"Feature","properties":{"name":"NH21","highway":"trunk","policy":""},"geometry":{"type":"LineString","coordinates":[[75.84413,26.90104],[75.84419,26.90098],[75.84423,26.90088],[75.84422,26.90077]]}},{"type":"Feature","properties":{"name":"NH52","highway":"trunk","policy":""},"geometry":{"type":"LineString","coordinates":[[75.76474,26.84601],[75.7647,26.84611],[75.76455,26.84641],[75.76442,26.84672],[75.76436,26.84686],[75.76432,26.84695],[75.76405,26.84755],[75.76387,26.84795],[75.7633,26.84915],[75.76322,26.84931],[75.76317,26.84942],[75.76302,26.84974],[75.76276,26.85032],[75.76274,26.85035],[75.76273,26.85037],[75.76265,26.85056],[75.76241,26.85117],[75.76238,26.85124],[75.76211,26.85176],[75.76158,26.85293],[75.76133,26.85335],[75.76114,26.85378],[75.76098,26.85403],[75.76079,26.85427],[75.76052,26.85452],[75.76009,26.85489],[75.75961,26.85533],[75.75891,26.85594],[75.75877,26.85607],[75.75862,26.8562],[75.75853,26.85628],[75.75835,26.85643],[75.75812,26.85668],[75.75763,26.85708],[75.75737,26.8573],[75.75718,26.85747],[75.75708,26.85754],[75.75683,26.85778],[75.75652,26.85812],[75.75635,26.85837],[75.75623,26.85856],[75.75614,26.85871],[75.75597,26.85902],[75.75583,26.85933],[75.75561,26.85976],[75.75539,26.86027],[75.75507,26.8609],[75.75458,26.86187],[75.75442,26.86219],[75.7542,26.86265],[75.75402,26.86304],[75.75397,26.86313],[75.75373,26.86365],[75.75367,26.8638],[75.7532,26.86475],[75.75315,26.86486],[75.75271,26.86575],[75.75267,26.86582],[75.75249,26.86621],[75.75201,26.8672],[75.75184,26.86755],[75.75152,26.86815],[75.75135,26.86851],[75.75127,26.86865],[75.751,26.8692],[75.75078,26.86966],[75.7507,26.86983],[75.75063,26.86996],[75.75002,26.87122],[75.74943,26.87245],[75.74938,26.87255],[75.74897,26.87341],[75.74875,26.87387],[75.74828,26.87485],[75.74792,26.87558],[75.74752,26.87632],[75.74745,26.87646],[75.74743,26.87657],[75.74742,26.87667],[75.74742,26.87674],[75.74743,26.87682],[75.74745,26.87694],[75.7475,26.87707],[75.74775,26.87767],[75.74788,26.87795]]}},{"type":"Feature","properties":{"name":"Ajmer Road","highway":"trunk","policy":""},"geometry":{"type":"LineString","coordinates":[[75.76882,26.89991],[75.7682,26.89959],[75.76723,26.89909],[75.76702,26.89899],[75.76638,26.89865],[75.76623,26.8986],[75.76603,26.89854],[75.76567,26.89852],[75.76549,26.89852],[75.76484,26.89852]]}},{"type":"Feature","properties":{"name":"Ajmer Road","highway":"trunk","policy":""},"geometry":{"type":"LineString","coordinates":[[75.75874,26.8987],[75.76017,26.89868],[75.76096,26.89866],[75.76154,26.89865],[75.76174,26.89865],[75.76205,26.89865],[75.76233,26.89865]]}},{"type":"Feature","properties":{"name":"Ajmer Road","highway":"trunk","policy":""},"geometry":{"type":"LineString","coordinates":[[75.76232,26.89851],[75.76173,26.89851],[75.76078,26.89853],[75.76068,26.89853],[75.75985,26.89854],[75.7592,26.89854],[75.75911,26.89854]]}},{"type":"Feature","properties":{"name":"Ajmer Road","highway":"trunk","policy":""},"geometry":{"type":"LineString","coordinates":[[75.76714,26.8992],[75.76719,26.89923],[75.76777,26.89954],[75.7682,26.89977],[75.76843,26.8999],[75.76898,26.9002],[75.76903,26.90022],[75.76961,26.90053],[75.76978,26.90062],[75.77009,26.90078],[75.77024,26.90087],[75.7706,26.90104],[75.77082,26.90116],[75.77096,26.90123],[75.77113,26.90131],[75.77119,26.90135],[75.77155,26.90153],[75.772,26.90178],[75.77214,26.90185],[75.77216,26.90186],[75.77225,26.90191],[75.77234,26.90196],[75.77254,26.90206],[75.77299,26.90232],[75.77336,26.90253],[75.77364,26.90267],[75.77368,26.90269],[75.77395,26.90279],[75.77408,26.90284],[75.77452,26.90301]]}},{"type":"Feature","properties":{"name":"Ajmer Road","highway":"trunk","policy":""},"geometry":{"type":"LineString","coordinates":[[75.77496,26.90327],[75.77503,26.90342],[75.77511,26.90358],[75.77545,26.90418],[75.77565,26.9045],[75.77584,26.9048],[75.77585,26.90483],[75.7761,26.90517],[75.7765,26.90568],[75.77684,26.9061],[75.77687,26.90613],[75.77696,26.90624],[75.77748,26.90687],[75.77755,26.90696],[75.77787,26.90731],[75.77804,26.90749],[75.7784,26.90783],[75.77849,26.90791],[75.77873,26.90813],[75.77902,26.90838],[75.77907,26.90842],[75.77919,26.90852],[75.77926,26.90857],[75.77953,26.90875],[75.77986,26.90893],[75.78002,26.90901],[75.78034,26.90918],[75.78092,26.90948],[75.78107,26.90955],[75.78124,26.90964],[75.78163,26.90984],[75.78174,26.9099],[75.78242,26.91026],[75.78244,26.91027],[75.78248,26.9103],[75.78305,26.91057],[75.78313,26.91061],[75.78332,26.91069],[75.78359,26.91081],[75.78367,26.91084],[75.78397,26.91096],[75.78434,26.91108],[75.78446,26.91111],[75.78479,26.91121],[75.785,26.91128],[75.78522,26.91135],[75.78531,26.91139],[75.78579,26.9116],[75.78621,26.91182],[75.78694,26.91224],[75.78723,26.91231],[75.7874,26.91238]]}},{"type":"Feature","properties":{"name":"Ajmer Road","highway":"trunk","policy":""},"geometry":{"type":"LineString","coordinates":[[75.78747,26.91231],[75.78727,26.91223],[75.78691,26.91201],[75.78647,26.91178],[75.78638,26.91173],[75.78631,26.91169],[75.78603,26.91153],[75.78578,26.91139],[75.78546,26.91124],[75.78502,26.91106],[75.78478,26.91098],[75.78454,26.9109],[75.78453,26.91089],[75.78444,26.91087],[75.78404,26.91074],[75.7837,26.9106],[75.78305,26.9103],[75.78299,26.91026],[75.78297,26.91025],[75.78177,26.90963],[75.78166,26.90958],[75.7812,26.90936],[75.78105,26.90929],[75.78076,26.90914],[75.78043,26.90896],[75.77997,26.90875],[75.77977,26.90863],[75.77952,26.90849],[75.77931,26.90834],[75.77924,26.90828],[75.77903,26.90812],[75.77831,26.90743],[75.77804,26.90717],[75.77783,26.90697],[75.7776,26.90669],[75.77713,26.9061],[75.77706,26.90602],[75.77702,26.90598],[75.77636,26.90514],[75.77626,26.905],[75.77608,26.90476],[75.77585,26.90444],[75.77555,26.90393]]}},{"type":"Feature","properties":{"name":"Acharya Shri Tulsi Setu","highway":"trunk","policy":""},"geometry":{"type":"LineString","coordinates":[[75.78366,26.91064],[75.78292,26.91028],[75.78172,26.90966],[75.78102,26.9093],[75.7804,26.90899],[75.77989,26.90874],[75.77968,26.90861],[75.77952,26.90851],[75.7793,26.90836],[75.77921,26.9083],[75.77901,26.90813],[75.77798,26.90716],[75.77779,26.90697],[75.77756,26.90669],[75.77703,26.90604],[75.77625,26.90506],[75.77604,26.90477],[75.77579,26.90443],[75.7755,26.90397],[75.77532,26.9036],[75.77524,26.90345],[75.77516,26.9033],[75.77507,26.90318],[75.77493,26.90305],[75.77482,26.90296],[75.77465,26.90288],[75.77446,26.9028],[75.77422,26.9027],[75.77362,26.90248],[75.7733,26.9023],[75.7729,26.90209],[75.77238,26.90181],[75.77208,26.90165],[75.7717,26.90144],[75.77128,26.90122],[75.77074,26.90093],[75.77033,26.90071],[75.76905,26.90003],[75.76889,26.89995]]}},{"type":"Feature","properties":{"name":"Acharya Shri Tulsi Setu","highway":"trunk","policy":""},"geometry":{"type":"LineString","coordinates":[[75.76303,26.89857],[75.76323,26.89857],[75.76353,26.89857],[75.76392,26.89858],[75.76437,26.89858],[75.76486,26.89858],[75.76502,26.89858],[75.76562,26.89859],[75.76591,26.89859],[75.76616,26.89863],[75.76634,26.8987],[75.76656,26.89883],[75.76701,26.89906],[75.76718,26.89915],[75.76823,26.89971],[75.76906,26.90016],[75.76964,26.90047],[75.77012,26.90072],[75.77116,26.90125],[75.77204,26.90172],[75.77215,26.90178],[75.77231,26.90186],[75.77257,26.902],[75.77368,26.9026],[75.77441,26.90288],[75.77475,26.90302],[75.77489,26.90313],[75.77499,26.90325],[75.77515,26.90354],[75.77549,26.90417],[75.77589,26.90479],[75.77616,26.90513],[75.77655,26.90564],[75.77689,26.90606],[75.77701,26.9062],[75.77753,26.90683],[75.77792,26.90726],[75.77809,26.90744],[75.77844,26.90778],[75.77877,26.90808],[75.77911,26.90837],[75.7793,26.90852],[75.77957,26.90869],[75.7799,26.90887],[75.78037,26.90912],[75.78095,26.90942],[75.78127,26.90958],[75.78177,26.90984],[75.78245,26.9102],[75.7825,26.91023],[75.78316,26.91054],[75.78334,26.91063],[75.78368,26.91078]]}},{"type":"Feature","properties":{"name":"Ajmer Road","highway":"trunk","policy":""},"geometry":{"type":"LineString","coordinates":[[75.76487,26.89863],[75.76562,26.89864],[75.7659,26.89867],[75.76614,26.89872],[75.76632,26.89877],[75.76636,26.89879],[75.76653,26.89888],[75.76696,26.8991],[75.76714,26.8992]]}},{"type":"Feature","properties":{"name":"Ajmer Road","highway":"trunk","policy":""},"geometry":{"type":"LineString","coordinates":[[75.76484,26.89852],[75.76371,26.8985],[75.76329,26.8985]]}},{"type":"Feature","properties":{"name":"Ajmer Road","highway":"trunk","policy":""},"geometry":{"type":"LineString","coordinates":[[75.76323,26.89865],[75.76353,26.89864],[75.76487,26.89863]]}},{"type":"Feature","properties":{"name":"Ajmer Road","highway":"trunk","policy":""},"geometry":{"type":"LineString","coordinates":[[75.73611,26.88843],[75.73658,26.88872],[75.73679,26.88883],[75.73703,26.88893],[75.73735,26.88905],[75.73782,26.88926],[75.73851,26.88961],[75.73922,26.88997],[75.74011,26.89042],[75.74106,26.89089],[75.74204,26.89138],[75.74322,26.89197],[75.74416,26.89245],[75.74501,26.89288],[75.74607,26.89341],[75.74632,26.89353],[75.74726,26.894],[75.7482,26.89447],[75.74931,26.89505],[75.74974,26.89527],[75.75047,26.89563],[75.75087,26.89583],[75.75097,26.89588],[75.75105,26.89591],[75.75134,26.89606],[75.75149,26.89613],[75.75226,26.89653],[75.75235,26.89658],[75.75239,26.89659]]}},{"type":"Feature","properties":{"name":"Jaipur Bypass","highway":"trunk","policy":""},"geometry":{"type":"LineString","coordinates":[[75.83231,27.06702],[75.83225,27.06593],[75.83217,27.06454],[75.83212,27.06334],[75.83216,27.06294],[75.83229,27.06237],[75.83264,27.06122],[75.83281,27.06066],[75.83311,27.05973],[75.83362,27.05821],[75.83433,27.05641],[75.83485,27.05508],[75.8354,27.05368],[75.83586,27.05246],[75.83616,27.05147],[75.83621,27.05108],[75.83622,27.05055],[75.83614,27.05018],[75.83602,27.0498],[75.83587,27.04945],[75.83569,27.04917],[75.83545,27.04884],[75.83521,27.04856]]}},{"type":"Feature","properties":{"name":"NH52","highway":"trunk","policy":""},"geometry":{"type":"LineString","coordinates":[[75.78896,26.8185],[75.78839,26.81847],[75.78837,26.81847],[75.78817,26.81846],[75.78736,26.81847],[75.78704,26.81847],[75.78641,26.81853],[75.78567,26.81861],[75.78541,26.81863],[75.78536,26.81864],[75.78524,26.81865],[75.78479,26.81869],[75.78464,26.81871],[75.78439,26.81873],[75.78374,26.81877],[75.78342,26.81879],[75.78304,26.81881]]}},{"type":"Feature","properties":{"name":"Sanganer Sethu","highway":"trunk","policy":""},"geometry":{"type":"LineString","coordinates":[[75.79048,26.81858],[75.78971,26.81854],[75.78934,26.81852],[75.78896,26.8185]]}},{"type":"Feature","properties":{"name":"NH52","highway":"trunk","policy":""},"geometry":{"type":"LineString","coordinates":[[75.7908,26.81865],[75.7913,26.81867],[75.79132,26.81867],[75.79229,26.8187],[75.7932,26.81876],[75.79426,26.81878],[75.79539,26.8188],[75.7964,26.81885]]}},{"type":"Feature","properties":{"name":"Sanganer Sethu","highway":"trunk","policy":""},"geometry":{"type":"LineString","coordinates":[[75.78893,26.81858],[75.79048,26.81864]]}},{"type":"Feature","properties":{"name":"Flyover","highway":"trunk","policy":""},"geometry":{"type":"LineString","coordinates":[[75.76745,26.99557],[75.76734,26.99541]]}},{"type":"Feature","properties":{"name":"Flyover","highway":"trunk","policy":""},"geometry":{"type":"LineString","coordinates":[[75.76721,26.9954],[75.76731,26.99554]]}},{"type":"Feature","properties":{"name":"Jaipur Sikar Road","highway":"trunk","policy":""},"geometry":{"type":"LineString","coordinates":[[75.77053,26.99774],[75.77045,26.99807],[75.77042,26.99822],[75.77037,26.99844],[75.77037,26.99847],[75.77035,26.99856]]}},{"type":"Feature","properties":{"name":"NH52","highway":"trunk","policy":""},"geometry":{"type":"LineString","coordinates":[[75.77041,26.99886],[75.77049,26.99843],[75.77057,26.99812],[75.77065,26.99789],[75.77068,26.99779]]}},{"type":"Feature","properties":{"name":"Ajmer Road","highway":"trunk","policy":""},"geometry":{"type":"LineString","coordinates":[[75.75416,26.89749],[75.75429,26.89764],[75.75454,26.89777],[75.75487,26.89792],[75.75516,26.89806],[75.75518,26.89807],[75.75605,26.89848],[75.75612,26.89851],[75.75622,26.89855],[75.75641,26.89861]]}},{"type":"Feature","properties":{"name":"NH48","highway":"trunk","policy":""},"geometry":{"type":"LineString","coordinates":[[75.73611,26.88843],[75.73629,26.88864],[75.73638,26.88877],[75.73643,26.88888],[75.73647,26.88899],[75.7365,26.88913],[75.73651,26.8893]]}},{"type":"Feature","properties":{"name":"NH48;NH52","highway":"trunk","policy":""},"geometry":{"type":"LineString","coordinates":[[75.74199,26.96446],[75.74352,26.96566],[75.74447,26.9664],[75.74506,26.96688],[75.74533,26.96709],[75.74582,26.96748],[75.74609,26.96769],[75.74677,26.96821],[75.74755,26.96881],[75.74782,26.96902],[75.74889,26.96987],[75.74929,26.97016]]}},{"type":"Feature","properties":{"name":"Agra Bikaner Road","highway":"trunk","policy":""},"geometry":{"type":"LineString","coordinates":[[75.74937,26.97009],[75.74899,26.96978],[75.74776,26.96884],[75.74534,26.96693],[75.74453,26.96629],[75.7421,26.96439]]}},{"type":"Feature","properties":{"name":"Flyover","highway":"trunk","policy":""},"geometry":{"type":"LineString","coordinates":[[75.73551,26.95917],[75.73566,26.95931],[75.7358,26.95944]]}},{"type":"Feature","properties":{"name":"Flyover","highway":"trunk","policy":""},"geometry":{"type":"LineString","coordinates":[[75.7359,26.95938],[75.73574,26.95924],[75.73558,26.95909]]}},{"type":"Feature","properties":{"name":"freight corridor","highway":"trunk","policy":""},"geometry":{"type":"LineString","coordinates":[[75.87981,27.01593],[75.87991,27.01591]]}},{"type":"Feature","properties":{"name":"Jaipur Outer Ring Road","highway":"motorway","policy":""},"geometry":{"type":"LineString","coordinates":[[75.70031,26.80736],[75.70203,26.80544],[75.7042,26.80303],[75.70606,26.80099]]}},{"type":"Feature","properties":{"name":"Jaipur Outer Ring Road","highway":"motorway","policy":""},"geometry":{"type":"LineString","coordinates":[[75.74571,26.76093],[75.74646,26.76042],[75.74721,26.7599]]}},{"type":"Feature","properties":{"name":"Ajmer Road","highway":"trunk","policy":""},"geometry":{"type":"LineString","coordinates":[[75.75239,26.89659],[75.75243,26.89662],[75.75319,26.89701],[75.75366,26.89725],[75.75367,26.89725],[75.75373,26.89729],[75.75416,26.89749]]}},{"type":"Feature","properties":{"name":"Ajmer Road","highway":"trunk","policy":""},"geometry":{"type":"LineString","coordinates":[[75.75641,26.89861],[75.75646,26.89863],[75.75651,26.89863],[75.75683,26.89869],[75.75725,26.89871],[75.75761,26.8987],[75.75791,26.8987],[75.75804,26.8987],[75.75821,26.8987],[75.75825,26.8987],[75.75859,26.89871]]}},{"type":"Feature","properties":{"name":"NH52","highway":"trunk","policy":""},"geometry":{"type":"LineString","coordinates":[[75.74848,26.87936],[75.74833,26.87935],[75.74822,26.87935],[75.74799,26.87935],[75.74689,26.87934],[75.74562,26.87931],[75.7449,26.87933],[75.74449,26.87935],[75.74416,26.87937],[75.74398,26.87938],[75.74378,26.8794]]}},{"type":"Feature","properties":{"name":"NH52","highway":"trunk","policy":""},"geometry":{"type":"LineString","coordinates":[[75.74847,26.87875],[75.74841,26.87857],[75.74835,26.87844],[75.74824,26.87823],[75.74811,26.87796],[75.74796,26.87762],[75.74779,26.87722],[75.74778,26.87721],[75.74766,26.87687],[75.74762,26.87671],[75.74763,26.87662],[75.74765,26.87653],[75.74793,26.87593],[75.74807,26.87566],[75.74913,26.87353],[75.74915,26.87349],[75.75096,26.86973],[75.75218,26.86727],[75.75284,26.86589],[75.75417,26.8632],[75.75422,26.86312],[75.75454,26.86241],[75.75476,26.86192],[75.7554,26.86074],[75.75572,26.86009],[75.75602,26.85947],[75.75621,26.8591],[75.75641,26.85877],[75.7566,26.85844],[75.75678,26.85817],[75.75699,26.85793],[75.75737,26.85759],[75.75811,26.8569],[75.75817,26.85684],[75.75848,26.85655],[75.75866,26.85639],[75.75874,26.85632],[75.7598,26.85534],[75.76102,26.85424],[75.76126,26.85388],[75.76179,26.85293],[75.76232,26.85179],[75.76291,26.85044],[75.7637,26.84873],[75.76488,26.84613]]}},{"type":"Feature","properties":{"name":"Sardar Patel Road","highway":"trunk","policy":""},"geometry":{"type":"LineString","coordinates":[[75.80126,26.91785],[75.80118,26.91766],[75.80109,26.91743],[75.80099,26.91714],[75.80094,26.917]]}},{"type":"Feature","properties":{"name":"Ajmer Road","highway":"trunk","policy":""},"geometry":{"type":"LineString","coordinates":[[75.80067,26.91683],[75.80012,26.91663],[75.79931,26.91632],[75.79893,26.91617],[75.79884,26.91614],[75.79866,26.91606],[75.7982,26.91588],[75.79772,26.91568],[75.79727,26.9155],[75.79707,26.91543],[75.79688,26.91537],[75.79687,26.91537],[75.79614,26.91514],[75.79592,26.91508],[75.79533,26.91489]]}},{"type":"Feature","properties":{"name":"freight corridor","highway":"trunk","policy":""},"geometry":{"type":"LineString","coordinates":[[75.80103,26.91702],[75.80094,26.917],[75.80085,26.91697],[75.80061,26.9169],[75.80056,26.91688]]}},{"type":"Feature","properties":{"name":"NH52","highway":"trunk","policy":""},"geometry":{"type":"LineString","coordinates":[[75.74847,26.87956],[75.74848,26.87936],[75.74849,26.87918],[75.74849,26.87902],[75.74847,26.87875]]}},{"type":"Feature","properties":{"name":"Church road","highway":"trunk","policy":""},"geometry":{"type":"LineString","coordinates":[[75.79896,26.91649],[75.79909,26.91678],[75.79959,26.91778],[75.79987,26.91832]]}},{"type":"Feature","properties":{"name":"Ajmer Road","highway":"trunk","policy":""},"geometry":{"type":"LineString","coordinates":[[75.79885,26.91629],[75.79896,26.91649]]}},{"type":"Feature","properties":{"name":"Ajmer Road","highway":"trunk","policy":""},"geometry":{"type":"LineString","coordinates":[[75.80056,26.91688],[75.80053,26.91687],[75.80037,26.91681],[75.79988,26.91662],[75.79967,26.91653],[75.79957,26.91649],[75.79929,26.91638],[75.79918,26.91635],[75.79913,26.91634],[75.79908,26.91634],[75.79904,26.91636],[75.79901,26.91639],[75.79899,26.91642],[75.79898,26.91645],[75.79896,26.91649]]}},{"type":"Feature","properties":{"name":"Ajmer Road","highway":"trunk","policy":""},"geometry":{"type":"LineString","coordinates":[[75.77555,26.90393],[75.77538,26.90361],[75.77526,26.90335],[75.77521,26.90323],[75.77513,26.90309],[75.77502,26.90299],[75.77485,26.90288],[75.77472,26.90283],[75.77455,26.90277]]}},{"type":"Feature","properties":{"name":"Sansar Chandra Road","highway":"trunk","policy":""},"geometry":{"type":"LineString","coordinates":[[75.8013,26.91794],[75.80126,26.91785]]}},{"type":"Feature","properties":{"name":"Ajmer Road","highway":"trunk","policy":""},"geometry":{"type":"LineString","coordinates":[[75.77452,26.90301],[75.77464,26.90305],[75.77474,26.9031],[75.77485,26.90317],[75.77496,26.90327]]}},{"type":"Feature","properties":{"name":"Ajmer Road","highway":"trunk","policy":""},"geometry":{"type":"LineString","coordinates":[[75.79529,26.91496],[75.79566,26.91507],[75.7969,26.91545],[75.79734,26.9156],[75.79759,26.91571],[75.79773,26.91576],[75.79794,26.91584],[75.79864,26.91615],[75.79876,26.91621],[75.79885,26.91629]]}},{"type":"Feature","properties":{"name":"NH52","highway":"trunk","policy":""},"geometry":{"type":"LineString","coordinates":[[75.84989,26.75398],[75.84924,26.75462],[75.84882,26.75507],[75.84795,26.75595],[75.84739,26.75653],[75.84698,26.75694],[75.84654,26.7574],[75.84602,26.75794],[75.84505,26.75893],[75.84432,26.75967],[75.8432,26.76087],[75.84258,26.76152],[75.84215,26.76198],[75.84152,26.76267],[75.84082,26.76339],[75.84056,26.76367],[75.84016,26.7641],[75.8398,26.76445],[75.83931,26.7649],[75.83883,26.76534],[75.83873,26.76543],[75.83862,26.76554],[75.83855,26.7656],[75.83832,26.76581],[75.8377,26.76639],[75.83712,26.76693],[75.83665,26.76737],[75.83644,26.76758],[75.83606,26.76794],[75.83582,26.76821],[75.83556,26.76852],[75.83529,26.76886],[75.83514,26.76908]]}},{"type":"Feature","properties":{"name":"freight corridor","highway":"trunk","policy":""},"geometry":{"type":"LineString","coordinates":[[75.80126,26.91785],[75.80138,26.91781]]}},{"type":"Feature","properties":{"name":"Mirza Ismail Road","highway":"trunk","policy":""},"geometry":{"type":"LineString","coordinates":[[75.80138,26.91781],[75.80143,26.91779]]}},{"type":"Feature","properties":{"name":"freight corridor","highway":"trunk","policy":""},"geometry":{"type":"LineString","coordinates":[[75.80101,26.91695],[75.80092,26.91691],[75.80067,26.91683]]}},{"type":"Feature","properties":{"name":"NH52","highway":"trunk","policy":""},"geometry":{"type":"LineString","coordinates":[[75.79715,26.81889],[75.79686,26.81881]]}},{"type":"Feature","properties":{"name":"Flyover","highway":"trunk","policy":""},"geometry":{"type":"LineString","coordinates":[[75.83824,26.76599],[75.83902,26.76528]]}},{"type":"Feature","properties":{"name":"Flyover","highway":"trunk","policy":""},"geometry":{"type":"LineString","coordinates":[[75.83026,26.77503],[75.83053,26.77458],[75.8308,26.77409],[75.83105,26.77365],[75.83125,26.77336],[75.83138,26.7732],[75.83153,26.77304],[75.8318,26.77275],[75.83217,26.77239],[75.83258,26.77197]]}},{"type":"Feature","properties":{"name":"freight corridor","highway":"trunk","policy":""},"geometry":{"type":"LineString","coordinates":[[75.8327,26.77173],[75.83264,26.77168]]}},{"type":"Feature","properties":{"name":"Agra Jaipur-Bikaner Road Underpass","highway":"trunk","policy":""},"geometry":{"type":"LineString","coordinates":[[75.84459,26.90406],[75.84433,26.90427],[75.84391,26.90463],[75.84318,26.90538]]}},{"type":"Feature","properties":{"name":"Agra Jaipur-Bikaner Road Underpass","highway":"trunk","policy":""},"geometry":{"type":"LineString","coordinates":[[75.84325,26.90544],[75.84348,26.90518],[75.8437,26.90495],[75.84421,26.90447],[75.84464,26.90411]]}},{"type":"Feature","properties":{"name":"NH52","highway":"trunk","policy":""},"geometry":{"type":"LineString","coordinates":[[75.76949,26.99774],[75.77045,26.99807],[75.77057,26.99812]]}},{"type":"Feature","properties":{"name":"Flyover","highway":"trunk","policy":""},"geometry":{"type":"LineString","coordinates":[[75.83902,26.76528],[75.83936,26.76495],[75.84017,26.76419],[75.84051,26.76384],[75.84085,26.76348],[75.84133,26.76298],[75.84185,26.76242],[75.84221,26.76203]]}},{"type":"Feature","properties":{"name":"NH52","highway":"trunk","policy":""},"geometry":{"type":"LineString","coordinates":[[75.74305,26.87976],[75.7428,26.88009],[75.74271,26.88022],[75.74214,26.88101]]}},{"type":"Feature","properties":{"name":"Ajmer Road","highway":"trunk","policy":""},"geometry":{"type":"LineString","coordinates":[[75.75878,26.89853],[75.75863,26.89853],[75.75842,26.89854],[75.75817,26.89853],[75.75737,26.89853],[75.75706,26.89852],[75.7568,26.89849],[75.75663,26.89846],[75.75643,26.89842],[75.7562,26.89831],[75.7554,26.89796],[75.75492,26.89772],[75.75438,26.89747],[75.75381,26.89718],[75.75347,26.897],[75.7526,26.89657],[75.75244,26.89648],[75.75125,26.89589],[75.75112,26.89583]]}},{"type":"Feature","properties":{"name":"Ajmer Road","highway":"trunk","policy":""},"geometry":{"type":"LineString","coordinates":[[75.77455,26.90277],[75.77441,26.90272],[75.77427,26.90268],[75.77412,26.90263],[75.77378,26.9025],[75.77342,26.90232],[75.77275,26.90194],[75.77234,26.9017],[75.77222,26.90164],[75.77175,26.90139],[75.7714,26.9012],[75.77091,26.9009],[75.77041,26.90065],[75.77026,26.90057],[75.76989,26.90037],[75.76967,26.90026],[75.7691,26.89998],[75.76892,26.8999],[75.76882,26.89991]]}},{"type":"Feature","properties":{"name":"Mirza Ismail Road","highway":"trunk","policy":""},"geometry":{"type":"LineString","coordinates":[[75.81719,26.91668],[75.81729,26.91665]]}},{"type":"Feature","properties":{"name":"Mirza Ismail Road","highway":"trunk","policy":""},"geometry":{"type":"LineString","coordinates":[[75.82431,26.91512],[75.824,26.91518],[75.82354,26.91527],[75.82307,26.91537],[75.82292,26.9154],[75.82147,26.91568],[75.8209,26.91582],[75.82054,26.91589]]}},{"type":"Feature","properties":{"name":"Agra Jaipur-Bikaner Road Underpass","highway":"trunk","policy":""},"geometry":{"type":"LineString","coordinates":[[75.84229,26.90627],[75.84247,26.90614],[75.84281,26.90587],[75.84306,26.90563],[75.84325,26.90544]]}},{"type":"Feature","properties":{"name":"NH21","highway":"trunk","policy":""},"geometry":{"type":"LineString","coordinates":[[75.84417,26.90067],[75.84408,26.90059],[75.84396,26.90055],[75.84383,26.90056],[75.84373,26.9006],[75.84363,26.90068],[75.8436,26.90079],[75.8436,26.90087],[75.8436,26.9009]]}},{"type":"Feature","properties":{"name":"Agra Jaipur Bikaner Road","highway":"trunk","policy":""},"geometry":{"type":"LineString","coordinates":[[75.84721,26.90011],[75.84733,26.89977],[75.84741,26.89942],[75.84741,26.89903]]}},{"type":"Feature","properties":{"name":"Agra Jaipur Bikaner Road","highway":"trunk","policy":""},"geometry":{"type":"LineString","coordinates":[[75.84741,26.89903],[75.84742,26.8988],[75.84746,26.89853],[75.84754,26.89804],[75.84764,26.89758],[75.84771,26.8973],[75.84789,26.89701],[75.84806,26.8968],[75.84838,26.89657],[75.84867,26.89644],[75.8489,26.89635],[75.84911,26.89627]]}},{"type":"Feature","properties":{"name":"Agra Jaipur Bikaner Road","highway":"trunk","policy":""},"geometry":{"type":"LineString","coordinates":[[75.84701,26.90008],[75.8469,26.90025],[75.8468,26.90037],[75.84671,26.90047],[75.84662,26.90055],[75.84648,26.90062],[75.84628,26.90071],[75.84608,26.90078],[75.8458,26.90084],[75.84549,26.90089],[75.84524,26.90091],[75.84491,26.90091],[75.8447,26.9009],[75.84454,26.90088],[75.84439,26.90081],[75.84417,26.90067]]}},{"type":"Feature","properties":{"name":"Agra Jaipur Bikaner Road","highway":"trunk","policy":""},"geometry":{"type":"LineString","coordinates":[[75.84724,26.89885],[75.8472,26.89912],[75.84716,26.89937],[75.84714,26.89949],[75.8471,26.89972],[75.84701,26.90008]]}},{"type":"Feature","properties":{"name":"Jamwa Ramgarh Road","highway":"trunk","policy":""},"geometry":{"type":"LineString","coordinates":[[75.84708,26.93899],[75.84696,26.93882],[75.84693,26.93877],[75.84684,26.93861]]}},{"type":"Feature","properties":{"name":"Jamwa Ramgarh Road","highway":"trunk","policy":""},"geometry":{"type":"LineString","coordinates":[[75.84512,26.92764],[75.84513,26.92759],[75.84522,26.92708],[75.84524,26.92691],[75.8453,26.9266],[75.84539,26.92602],[75.84546,26.92537],[75.84551,26.92491],[75.84553,26.92463],[75.84556,26.92429],[75.84558,26.92403],[75.8456,26.9239],[75.84563,26.92375],[75.84567,26.92362],[75.84571,26.92351],[75.84578,26.92333],[75.84586,26.92313],[75.84595,26.92296],[75.84605,26.92279],[75.84616,26.92264],[75.84715,26.92141],[75.8482,26.92014],[75.84845,26.91984],[75.84862,26.91958],[75.84874,26.91939],[75.84883,26.91923],[75.84885,26.91917],[75.84892,26.91899],[75.84895,26.91881],[75.849,26.91858],[75.84901,26.9183],[75.84901,26.91822],[75.849,26.91805],[75.84896,26.91779],[75.84888,26.91745],[75.84852,26.91584],[75.84826,26.91482],[75.84809,26.91407],[75.84796,26.91345],[75.84765,26.91208],[75.84746,26.91121],[75.84741,26.91102],[75.84713,26.90975],[75.84697,26.90892],[75.84674,26.90783],[75.84668,26.90756],[75.84658,26.90726],[75.84649,26.90704],[75.84639,26.90684],[75.84627,26.90662]]}},{"type":"Feature","properties":{"name":"NH48;NH52","highway":"trunk","policy":""},"geometry":{"type":"LineString","coordinates":[[75.73496,26.8925],[75.73479,26.89281],[75.7336,26.89503]]}},{"type":"Feature","properties":{"name":"Mirza Ismail Road","highway":"trunk","policy":""},"geometry":{"type":"LineString","coordinates":[[75.81884,26.91626],[75.81852,26.91631],[75.81752,26.9165],[75.81747,26.91651],[75.81725,26.91653]]}},{"type":"Feature","properties":{"name":"Agra Jaipur Bikaner Road","highway":"trunk","policy":""},"geometry":{"type":"LineString","coordinates":[[75.84171,26.90651],[75.84147,26.90663],[75.84111,26.90686],[75.84103,26.90691],[75.84103,26.90692],[75.84103,26.90692],[75.84021,26.90747],[75.83978,26.90777],[75.83931,26.90809],[75.83894,26.90836],[75.83884,26.90847]]}},{"type":"Feature","properties":{"name":"Jamwa Ramgarh Road , JAIPUR","highway":"trunk","policy":""},"geometry":{"type":"LineString","coordinates":[[75.84406,26.90382],[75.84424,26.90404],[75.84433,26.90417],[75.84434,26.90419],[75.84459,26.90453],[75.84477,26.90476],[75.84497,26.90508],[75.84527,26.90548],[75.84603,26.90655],[75.84619,26.90683],[75.84627,26.90698],[75.84635,26.90715],[75.84644,26.90738],[75.84651,26.90759],[75.84657,26.90785],[75.84681,26.90896],[75.84699,26.90978],[75.84727,26.91106],[75.84749,26.91211],[75.84779,26.91348]]}},{"type":"Feature","properties":{"name":"Agra Road","highway":"trunk","policy":""},"geometry":{"type":"LineString","coordinates":[[75.84109,26.90699],[75.84117,26.90694],[75.84122,26.90691],[75.84192,26.9065],[75.84217,26.90635]]}},{"type":"Feature","properties":{"name":"Flyover","highway":"trunk","policy":""},"geometry":{"type":"LineString","coordinates":[[75.7876,26.91246],[75.7879,26.91257],[75.78819,26.91268]]}},{"type":"Feature","properties":{"name":"Flyover","highway":"trunk","policy":""},"geometry":{"type":"LineString","coordinates":[[75.78819,26.91268],[75.78834,26.91273],[75.78888,26.91293],[75.79016,26.91334],[75.79029,26.9134]]}},{"type":"Feature","properties":{"name":"Acharya Shri Tulsi Setu","highway":"trunk","policy":""},"geometry":{"type":"LineString","coordinates":[[75.79029,26.9134],[75.79198,26.91393],[75.79338,26.91437]]}},{"type":"Feature","properties":{"name":"Flyover","highway":"trunk","policy":""},"geometry":{"type":"LineString","coordinates":[[75.79031,26.91325],[75.79012,26.91323],[75.78991,26.91316],[75.789,26.91285],[75.78823,26.91261]]}},{"type":"Feature","properties":{"name":"Flyover","highway":"trunk","policy":""},"geometry":{"type":"LineString","coordinates":[[75.78823,26.91261],[75.7876,26.91238]]}},{"type":"Feature","properties":{"name":"Flyover","highway":"trunk","policy":""},"geometry":{"type":"LineString","coordinates":[[75.73531,26.89208],[75.73571,26.89132],[75.73614,26.89055],[75.73642,26.89005],[75.73651,26.8899],[75.73661,26.88968]]}},{"type":"Feature","properties":{"name":"NH48;NH52","highway":"trunk","policy":""},"geometry":{"type":"LineString","coordinates":[[75.73253,26.89713],[75.73238,26.89742],[75.73191,26.89829],[75.7317,26.89864],[75.73153,26.8989],[75.73102,26.89966],[75.7305,26.9004],[75.7295,26.90183],[75.72929,26.90214],[75.72909,26.90247],[75.72891,26.90279],[75.72873,26.90319],[75.72864,26.90344],[75.72859,26.90369],[75.72855,26.90396],[75.72853,26.90423],[75.72853,26.90455],[75.72854,26.9048],[75.72864,26.90565]]}},{"type":"Feature","properties":{"name":"Flyover","highway":"trunk","policy":""},"geometry":{"type":"LineString","coordinates":[[75.7336,26.89503],[75.73353,26.89516],[75.73344,26.89532]]}},{"type":"Feature","properties":{"name":"Flyover","highway":"trunk","policy":""},"geometry":{"type":"LineString","coordinates":[[75.73358,26.89537],[75.73373,26.89508]]}},{"type":"Feature","properties":{"name":"NH48;NH52","highway":"trunk","policy":""},"geometry":{"type":"LineString","coordinates":[[75.73373,26.89508],[75.73501,26.89263],[75.73512,26.89241],[75.73515,26.89235]]}},{"type":"Feature","properties":{"name":"NH52","highway":"trunk","policy":""},"geometry":{"type":"LineString","coordinates":[[75.74782,26.87955],[75.74821,26.87956],[75.74847,26.87956]]}},{"type":"Feature","properties":{"name":"NH52","highway":"trunk","policy":""},"geometry":{"type":"LineString","coordinates":[[75.79632,26.81877],[75.7961,26.81876],[75.79599,26.81875],[75.79519,26.81872],[75.79456,26.81872],[75.79443,26.81871],[75.79358,26.81868],[75.79197,26.81863],[75.79178,26.81863],[75.79132,26.81862],[75.7913,26.81862],[75.79121,26.81862],[75.79081,26.8186]]}},{"type":"Feature","properties":{"name":"NH52","highway":"trunk","policy":""},"geometry":{"type":"LineString","coordinates":[[75.7964,26.81885],[75.79663,26.81887],[75.79679,26.81889]]}},{"type":"Feature","properties":{"name":"NH52","highway":"trunk","policy":""},"geometry":{"type":"LineString","coordinates":[[75.79686,26.81881],[75.79679,26.81889]]}},{"type":"Feature","properties":{"name":"NH52","highway":"trunk","policy":""},"geometry":{"type":"LineString","coordinates":[[75.7967,26.81879],[75.79632,26.81877]]}},{"type":"Feature","properties":{"name":"NH52","highway":"trunk","policy":""},"geometry":{"type":"LineString","coordinates":[[75.79679,26.81889],[75.7971,26.81895]]}},{"type":"Feature","properties":{"name":"NH52","highway":"trunk","policy":""},"geometry":{"type":"LineString","coordinates":[[75.7971,26.81895],[75.79715,26.81889]]}},{"type":"Feature","properties":{"name":"NH52","highway":"trunk","policy":""},"geometry":{"type":"LineString","coordinates":[[75.74557,26.87952],[75.74782,26.87955]]}},{"type":"Feature","properties":{"name":"Flyover","highway":"trunk","policy":""},"geometry":{"type":"LineString","coordinates":[[75.73515,26.89235],[75.73524,26.8922],[75.73531,26.89208]]}},{"type":"Feature","properties":{"name":"NH52","highway":"trunk","policy":""},"geometry":{"type":"LineString","coordinates":[[75.73532,26.89228],[75.73543,26.89216],[75.73553,26.89198],[75.73564,26.89174],[75.73607,26.89094],[75.73632,26.89049],[75.73647,26.89026],[75.73665,26.88994],[75.73676,26.88972],[75.73689,26.88942],[75.73695,26.88923],[75.73699,26.88908],[75.73703,26.88893],[75.73707,26.88884],[75.73711,26.88875]]}},{"type":"Feature","properties":{"name":"Ajmer Road","highway":"trunk","policy":""},"geometry":{"type":"LineString","coordinates":[[75.75911,26.89854],[75.75897,26.89854],[75.75878,26.89853]]}},{"type":"Feature","properties":{"name":"Jaipur Kishangarh Expressway","highway":"trunk","policy":""},"geometry":{"type":"LineString","coordinates":[[75.7321,26.88629],[75.73157,26.88599],[75.73119,26.8858],[75.73095,26.88569],[75.73068,26.88556],[75.72942,26.88494],[75.72866,26.88457],[75.72642,26.88345],[75.72539,26.88292],[75.72386,26.88215],[75.72122,26.88083],[75.72045,26.88043]]}},{"type":"Feature","properties":{"name":"freight corridor","highway":"trunk","policy":""},"geometry":{"type":"LineString","coordinates":[[75.73232,26.8863],[75.7321,26.88629]]}},{"type":"Feature","properties":{"name":"Jaipur Outer Ring Road","highway":"motorway","policy":""},"geometry":{"type":"LineString","coordinates":[[75.7266,26.77855],[75.72696,26.77818],[75.72787,26.77726],[75.72844,26.77672],[75.72934,26.77597],[75.73098,26.77473],[75.73189,26.77406],[75.73255,26.77356]]}},{"type":"Feature","properties":{"name":"Jaipur Outer Ring Road","highway":"motorway","policy":""},"geometry":{"type":"LineString","coordinates":[[75.91465,26.75052],[75.91557,26.7515],[75.91668,26.75278],[75.91874,26.75544],[75.92021,26.75734],[75.92128,26.75875],[75.92182,26.75948]]}},{"type":"Feature","properties":{"name":"ORR","highway":"motorway","policy":""},"geometry":{"type":"LineString","coordinates":[[75.925,26.76589],[75.9251,26.76627],[75.92521,26.76682],[75.9253,26.76733],[75.92534,26.76771]]}},{"type":"Feature","properties":{"name":"Jaipur Outer Ring Road","highway":"motorway","policy":""},"geometry":{"type":"LineString","coordinates":[[75.91879,26.81927],[75.91801,26.82211],[75.91748,26.82377],[75.91729,26.82468],[75.91722,26.8253],[75.91721,26.82615],[75.91728,26.82687]]}},{"type":"Feature","properties":{"name":"Jaipur Outer Ring Road","highway":"motorway","policy":""},"geometry":{"type":"LineString","coordinates":[[75.92154,26.8374],[75.92342,26.84294]]}},{"type":"Feature","properties":{"name":"Jaipur Outer Ring Road","highway":"motorway","policy":""},"geometry":{"type":"LineString","coordinates":[[75.9248,26.85337],[75.92492,26.85591],[75.92502,26.85787],[75.92513,26.86061]]}},{"type":"Feature","properties":{"name":"Jaipur Outer Ring Road","highway":"motorway","policy":""},"geometry":{"type":"LineString","coordinates":[[75.92522,26.86198],[75.92543,26.8643]]}},{"type":"Feature","properties":{"name":"Jaipur Outer Ring Road","highway":"motorway","policy":""},"geometry":{"type":"LineString","coordinates":[[75.9258,26.86738],[75.92598,26.86861],[75.9264,26.87135]]}},{"type":"Feature","properties":{"name":"Jaipur Outer Ring Road","highway":"motorway","policy":""},"geometry":{"type":"LineString","coordinates":[[75.92557,26.86422],[75.92537,26.86206]]}},{"type":"Feature","properties":{"name":"Jaipur Outer Ring Road","highway":"motorway","policy":""},"geometry":{"type":"LineString","coordinates":[[75.92529,26.8606],[75.92512,26.85679],[75.92505,26.85526],[75.92501,26.85461],[75.92494,26.85336]]}},{"type":"Feature","properties":{"name":"Jaipur Outer Ring Road","highway":"motorway","policy":""},"geometry":{"type":"LineString","coordinates":[[75.92348,26.84265],[75.92167,26.83731]]}},{"type":"Feature","properties":{"name":"Jaipur Outer Ring Road","highway":"motorway","policy":""},"geometry":{"type":"LineString","coordinates":[[75.91744,26.82686],[75.91737,26.82614],[75.91737,26.82536],[75.91744,26.82472],[75.91763,26.82378],[75.91784,26.8231],[75.91807,26.82237],[75.9183,26.82164],[75.91845,26.82115],[75.91897,26.81921]]}},{"type":"Feature","properties":{"name":"Jaipur Outer Ring Road","highway":"motorway","policy":""},"geometry":{"type":"LineString","coordinates":[[75.9255,26.76769],[75.92545,26.76731],[75.92537,26.76678],[75.92525,26.76624],[75.92515,26.76585]]}},{"type":"Feature","properties":{"name":"Jaipur Outer Ring Road","highway":"motorway","policy":""},"geometry":{"type":"LineString","coordinates":[[75.92194,26.75941],[75.92165,26.75901],[75.91953,26.75624],[75.91887,26.7554],[75.91672,26.75261],[75.9157,26.75142],[75.91479,26.75045]]}},{"type":"Feature","properties":{"name":"Jaipur Outer Ring Road","highway":"motorway","policy":""},"geometry":{"type":"LineString","coordinates":[[75.74554,26.76087],[75.74447,26.7617],[75.74341,26.7626],[75.74223,26.76366],[75.7406,26.76525],[75.74002,26.76586]]}},{"type":"Feature","properties":{"name":"Jaipur Outer Ring Road","highway":"motorway","policy":""},"geometry":{"type":"LineString","coordinates":[[75.74719,26.75974],[75.74627,26.76035],[75.74554,26.76087]]}},{"type":"Feature","properties":{"name":"Jaipur Outer Ring Road","highway":"motorway","policy":""},"geometry":{"type":"LineString","coordinates":[[75.73244,26.77346],[75.73178,26.77396],[75.73091,26.7746],[75.72927,26.77584],[75.72833,26.77663],[75.72775,26.77716],[75.72686,26.77805],[75.72645,26.77848]]}},{"type":"Feature","properties":{"name":"Jaipur Outer Ring Road","highway":"motorway","policy":""},"geometry":{"type":"LineString","coordinates":[[75.74014,26.76594],[75.74078,26.76528],[75.74203,26.76406],[75.74316,26.76302],[75.74375,26.76248],[75.74468,26.76172],[75.74571,26.76093]]}},{"type":"Feature","properties":{"name":"Flyover","highway":"trunk","policy":""},"geometry":{"type":"LineString","coordinates":[[75.82714,26.77906],[75.82803,26.77795]]}},{"type":"Feature","properties":{"name":"NH52","highway":"trunk","policy":""},"geometry":{"type":"LineString","coordinates":[[75.83279,26.77176],[75.83288,26.77168],[75.83296,26.77161],[75.83332,26.77128],[75.83367,26.77095],[75.83386,26.77076],[75.83399,26.77062],[75.83421,26.77037],[75.83437,26.7702],[75.83459,26.76993],[75.83484,26.76961],[75.8352,26.76913],[75.8353,26.769],[75.83541,26.76885]]}},{"type":"Feature","properties":{"name":"Flyover","highway":"trunk","policy":""},"geometry":{"type":"LineString","coordinates":[[75.83252,26.77192],[75.83209,26.77237],[75.83173,26.77273],[75.83137,26.7731],[75.83115,26.77337],[75.83099,26.77361],[75.83082,26.77387],[75.83065,26.77419],[75.83044,26.77456],[75.83018,26.77501],[75.82999,26.77528],[75.82971,26.77568],[75.82929,26.77625],[75.82892,26.77672],[75.8283,26.77747],[75.82798,26.77789]]}},{"type":"Feature","properties":{"name":"Jaipur - Kota Highway","highway":"trunk","policy":""},"geometry":{"type":"LineString","coordinates":[[75.82687,26.77927],[75.82666,26.77952],[75.82654,26.77968],[75.82651,26.77971],[75.82601,26.78037],[75.82578,26.78068],[75.82528,26.78135],[75.82526,26.78138],[75.82511,26.78157],[75.82485,26.78189],[75.82442,26.78244],[75.82369,26.78346],[75.82361,26.78356],[75.82335,26.7839],[75.82294,26.78443],[75.82269,26.78476],[75.82237,26.78517],[75.82234,26.78521],[75.82233,26.78523]]}},{"type":"Feature","properties":{"name":"NH52","highway":"trunk","policy":""},"geometry":{"type":"LineString","coordinates":[[75.8139,26.79662],[75.81452,26.79574],[75.81483,26.79533]]}},{"type":"Feature","properties":{"name":"NH52","highway":"trunk","policy":""},"geometry":{"type":"LineString","coordinates":[[75.8137,26.79664],[75.81366,26.79669],[75.81357,26.7968],[75.81353,26.79684],[75.8134,26.797],[75.81329,26.79714],[75.81273,26.79788],[75.81237,26.79837],[75.81218,26.79862],[75.81206,26.79877],[75.81137,26.79967],[75.81044,26.80088],[75.8098,26.80172],[75.80961,26.80197],[75.80887,26.80293],[75.80862,26.80328],[75.80844,26.80355],[75.80837,26.80364],[75.80827,26.80377],[75.80816,26.80392],[75.808,26.80413],[75.80788,26.8043],[75.80726,26.8051],[75.80717,26.80522],[75.80684,26.80565],[75.8065,26.80611]]}},{"type":"Feature","properties":{"name":"NH52","highway":"trunk","policy":""},"geometry":{"type":"LineString","coordinates":[[75.783,26.81889],[75.78306,26.81889],[75.78373,26.81884],[75.78408,26.81882],[75.78429,26.8188],[75.78483,26.81876],[75.78524,26.81871],[75.78538,26.8187],[75.78567,26.81867],[75.78631,26.8186],[75.78638,26.81859],[75.7873,26.81854],[75.78736,26.81853],[75.78821,26.81856],[75.78838,26.81856],[75.78864,26.81857],[75.78893,26.81858]]}},{"type":"Feature","properties":{"name":"NH52","highway":"trunk","policy":""},"geometry":{"type":"LineString","coordinates":[[75.78304,26.81881],[75.78299,26.81881],[75.7826,26.81884],[75.78257,26.81884],[75.78245,26.81885]]}},{"type":"Feature","properties":{"name":"NH52","highway":"trunk","policy":""},"geometry":{"type":"LineString","coordinates":[[75.76877,27.02907],[75.76874,27.02924],[75.76866,27.02968],[75.76842,27.03092],[75.76838,27.03116],[75.7683,27.03157],[75.76819,27.03187],[75.76816,27.03193],[75.76805,27.03217],[75.76766,27.03277],[75.76677,27.03411],[75.76597,27.03538],[75.76498,27.03693],[75.76404,27.03842],[75.76304,27.04],[75.76207,27.04155],[75.7614,27.04249],[75.76104,27.04296],[75.76099,27.04303],[75.76029,27.04392],[75.75913,27.04537],[75.7583,27.04643],[75.75823,27.04651],[75.758,27.04681],[75.75687,27.04824],[75.75665,27.04854],[75.75618,27.04916],[75.75608,27.04931],[75.75588,27.04961],[75.75573,27.04989],[75.75543,27.05058],[75.75529,27.05106],[75.75526,27.05112],[75.75517,27.05142],[75.75502,27.05187],[75.75484,27.05243]]}},{"type":"Feature","properties":{"name":"Chomu Pulia to Bassi","highway":"trunk","policy":""},"geometry":{"type":"LineString","coordinates":[[75.76888,27.029],[75.76893,27.02873],[75.76896,27.02855],[75.76901,27.02825],[75.76903,27.02814],[75.76904,27.028],[75.76904,27.02768],[75.76902,27.02745],[75.76898,27.02706],[75.76898,27.02678],[75.76899,27.02654],[75.76912,27.02563],[75.76943,27.02347],[75.76947,27.02315],[75.76961,27.0222],[75.76962,27.02216],[75.76976,27.02115],[75.76977,27.02108],[75.76981,27.02063],[75.76982,27.02054],[75.76975,27.01961],[75.76961,27.01802],[75.76957,27.01757],[75.76956,27.01744],[75.76946,27.01619],[75.76934,27.01519],[75.76933,27.01505],[75.76926,27.0144],[75.76926,27.01383],[75.76929,27.01315],[75.76931,27.01277],[75.76933,27.01192],[75.76933,27.01186],[75.76936,27.01112],[75.7694,27.01072],[75.76945,27.01041],[75.76957,27.00993],[75.76975,27.00937],[75.77009,27.00832],[75.77035,27.0075],[75.77045,27.0071],[75.77052,27.00679],[75.77056,27.00652],[75.77059,27.0063],[75.7706,27.00616],[75.77061,27.00601],[75.77063,27.00576],[75.77065,27.00547],[75.77064,27.00517],[75.77063,27.00516],[75.77063,27.005],[75.77063,27.00492],[75.77061,27.00474],[75.77058,27.00443],[75.77054,27.00423],[75.77048,27.00395],[75.77042,27.00359],[75.77037,27.00319],[75.77031,27.00275],[75.77026,27.00239],[75.77022,27.00204],[75.77021,27.00172],[75.77022,27.00132],[75.77023,27.0009],[75.77025,27.00043],[75.77029,26.99968],[75.77034,26.99927],[75.77041,26.99886]]}},{"type":"Feature","properties":{"name":"Jamwa Ramgarh Road","highway":"trunk","policy":""},"geometry":{"type":"LineString","coordinates":[[75.84498,26.92777],[75.84495,26.9279],[75.84494,26.92803],[75.84487,26.9285],[75.84483,26.92876],[75.84481,26.92901],[75.84481,26.92926],[75.84484,26.92953],[75.84485,26.92969],[75.84488,26.92985],[75.84493,26.93012],[75.845,26.93046],[75.84504,26.93066],[75.84505,26.93074],[75.84512,26.93102],[75.84517,26.93127],[75.84523,26.93152],[75.84532,26.93192],[75.84546,26.93259],[75.84552,26.93282],[75.84565,26.93346],[75.84568,26.93368],[75.84575,26.93411],[75.84579,26.9343],[75.84584,26.93457],[75.84596,26.93524],[75.846,26.93543],[75.8462,26.9364],[75.84634,26.93717],[75.84648,26.9378],[75.84651,26.93795],[75.84654,26.93807],[75.84661,26.93832],[75.84668,26.93852],[75.84672,26.93865],[75.84681,26.93882],[75.8469,26.93895],[75.84698,26.93907],[75.84723,26.93942],[75.84786,26.94018],[75.84801,26.94038],[75.84823,26.94067],[75.84833,26.9408],[75.8484,26.94092],[75.84849,26.94106],[75.84858,26.94123],[75.84872,26.94153],[75.8488,26.94171],[75.8489,26.94194],[75.84915,26.94252],[75.84921,26.94265],[75.84942,26.94309],[75.84958,26.94342],[75.84972,26.94371],[75.8498,26.94393],[75.84985,26.94408],[75.84988,26.94418],[75.84999,26.94497],[75.85008,26.94555],[75.8501,26.94562],[75.85014,26.94575],[75.85016,26.94581],[75.85019,26.94591]]}},{"type":"Feature","properties":{"name":"NH52","highway":"trunk","policy":""},"geometry":{"type":"LineString","coordinates":[[75.80306,26.81083],[75.80379,26.80985],[75.80425,26.80925],[75.80446,26.80895],[75.80467,26.80869],[75.80509,26.80813],[75.80592,26.80704],[75.80625,26.8066],[75.80658,26.80617],[75.8067,26.80601],[75.80831,26.80391],[75.80839,26.80379],[75.80848,26.80367]]}},{"type":"Feature","properties":{"name":"NH52","highway":"trunk","policy":""},"geometry":{"type":"LineString","coordinates":[[75.80298,26.81081],[75.80277,26.8111],[75.80263,26.81127],[75.8023,26.8117],[75.80201,26.81209],[75.80185,26.8123],[75.80175,26.81243],[75.8013,26.81305],[75.80096,26.8135],[75.80084,26.81367],[75.80068,26.81389],[75.8005,26.81415],[75.80016,26.81465],[75.79996,26.81494],[75.79989,26.81504],[75.79968,26.81533],[75.79952,26.81555],[75.79927,26.81588],[75.79913,26.81608],[75.79911,26.81611],[75.7991,26.81613],[75.79908,26.81615],[75.79899,26.81618],[75.79896,26.81619],[75.79894,26.81622],[75.79878,26.81642],[75.79866,26.81658],[75.79855,26.81673],[75.79795,26.81751],[75.79771,26.81782],[75.79743,26.81816],[75.79734,26.81827],[75.79725,26.81838],[75.79686,26.81881]]}},{"type":"Feature","properties":{"name":"Jamwa Ramgarh Road","highway":"trunk","policy":""},"geometry":{"type":"LineString","coordinates":[[75.87597,26.99446],[75.87591,26.99418],[75.87588,26.99406],[75.87572,26.99333],[75.87569,26.9932],[75.87555,26.99262],[75.87552,26.99248],[75.87534,26.99177],[75.87519,26.99113],[75.87516,26.99082],[75.87515,26.99033],[75.87521,26.9899],[75.87531,26.98926],[75.8755,26.98796],[75.87561,26.98722],[75.87567,26.98679],[75.87572,26.9861],[75.87569,26.98552],[75.87568,26.98538],[75.87564,26.98469],[75.87557,26.98401],[75.87555,26.98384],[75.87547,26.98352],[75.87541,26.98327],[75.87531,26.98299],[75.87522,26.98277],[75.87513,26.98257],[75.87492,26.98215],[75.8745,26.98126],[75.87412,26.98048],[75.87399,26.9802],[75.87369,26.97963],[75.87344,26.97914],[75.87321,26.9787],[75.87297,26.97821],[75.87249,26.97727],[75.87238,26.97705],[75.87226,26.97682],[75.87219,26.97664],[75.87213,26.97648],[75.87207,26.97633],[75.87201,26.97616],[75.87197,26.97593],[75.87187,26.97541],[75.87184,26.97517],[75.87173,26.97406],[75.8717,26.9739],[75.87167,26.97355],[75.87158,26.97261],[75.87144,26.97129],[75.87142,26.97109],[75.87134,26.97027],[75.87119,26.96862],[75.87107,26.96761],[75.87098,26.96702],[75.8709,26.96668],[75.87082,26.96643],[75.87074,26.96616],[75.87061,26.96585],[75.87035,26.96528],[75.87007,26.96479],[75.86963,26.96415],[75.86915,26.96348],[75.86895,26.96318],[75.86811,26.96202],[75.86752,26.96116],[75.86738,26.96093],[75.86718,26.96067],[75.86694,26.96032],[75.86678,26.96009],[75.86667,26.95984],[75.86657,26.95952],[75.86651,26.95933],[75.86645,26.95909],[75.86632,26.95858],[75.86602,26.95735],[75.86585,26.95662],[75.86577,26.95629],[75.86574,26.95619],[75.86572,26.9561],[75.8657,26.95601],[75.86556,26.95541],[75.86548,26.95513],[75.86541,26.95489],[75.86531,26.9546],[75.86516,26.95424],[75.86507,26.95406],[75.86494,26.95384],[75.86488,26.95374],[75.8648,26.95361],[75.86459,26.95327],[75.86452,26.95319],[75.86448,26.95313],[75.86443,26.95307],[75.86437,26.953],[75.8642,26.9528],[75.86403,26.95264],[75.86383,26.95246],[75.86366,26.95231],[75.86349,26.95217],[75.86316,26.95191],[75.86258,26.95145],[75.86238,26.95129]]}},{"type":"Feature","properties":{"name":"NH52","highway":"trunk","policy":""},"geometry":{"type":"LineString","coordinates":[[75.82239,26.78533],[75.82243,26.78527],[75.82247,26.78522],[75.82251,26.78517],[75.82275,26.78483]]}},{"type":"Feature","properties":{"name":"Jaipur - Kota Highway","highway":"trunk","policy":""},"geometry":{"type":"LineString","coordinates":[[75.82233,26.78523],[75.8223,26.78527],[75.82192,26.78576],[75.82155,26.78623],[75.82084,26.78718],[75.81982,26.7885],[75.81942,26.789],[75.81869,26.78998],[75.81865,26.79003],[75.81843,26.79032],[75.81792,26.79105],[75.8178,26.79122],[75.81714,26.79211],[75.81627,26.79328],[75.81604,26.79356],[75.81585,26.79381]]}},{"type":"Feature","properties":{"name":"Tonk Road","highway":"trunk","policy":""},"geometry":{"type":"LineString","coordinates":[[75.85014,26.75383],[75.85028,26.7537],[75.85078,26.75319],[75.85154,26.75242],[75.85197,26.75198],[75.85269,26.75125],[75.85347,26.75045],[75.85382,26.75009],[75.85416,26.74975],[75.85502,26.74886],[75.8558,26.74806],[75.85644,26.74744],[75.85688,26.747],[75.85748,26.74643],[75.85812,26.74578],[75.85874,26.74514],[75.8593,26.74457],[75.86003,26.74381],[75.86091,26.74291],[75.86189,26.7419],[75.86283,26.74093],[75.86298,26.74078],[75.86319,26.74057],[75.86371,26.74004]]}},{"type":"Feature","properties":{"name":"Flyover","highway":"trunk","policy":""},"geometry":{"type":"LineString","coordinates":[[75.83574,26.76843],[75.83617,26.76795],[75.83641,26.76771],[75.83669,26.76744],[75.83692,26.76723],[75.83736,26.76681],[75.83786,26.76635],[75.83824,26.76599]]}},{"type":"Feature","properties":{"name":"freight corridor","highway":"motorway","policy":""},"geometry":{"type":"LineString","coordinates":[[75.92725,26.87591],[75.92708,26.87474],[75.927,26.87419],[75.92694,26.87365]]}},{"type":"Feature","properties":{"name":"Jaipur Outer Ring Road","highway":"motorway","policy":""},"geometry":{"type":"LineString","coordinates":[[75.92655,26.87133],[75.92624,26.86932],[75.92595,26.86728]]}},{"type":"Feature","properties":{"name":"Jaipur Outer Ring Road","highway":"motorway","policy":""},"geometry":{"type":"LineString","coordinates":[[75.92668,26.87307],[75.92686,26.87426],[75.92729,26.87735],[75.92736,26.8779]]}},{"type":"Feature","properties":{"name":"Jaipur Outer Ring Road","highway":"motorway","policy":""},"geometry":{"type":"LineString","coordinates":[[75.92486,26.8511],[75.92485,26.851],[75.92485,26.85089]]}},{"type":"Feature","properties":{"name":"Jaipur Outer Ring Road","highway":"motorway","policy":""},"geometry":{"type":"LineString","coordinates":[[75.92467,26.85089],[75.92468,26.851],[75.92468,26.8511]]}},{"type":"Feature","properties":{"name":"Jaipur Outer Ring Road","highway":"motorway","policy":""},"geometry":{"type":"LineString","coordinates":[[75.9246,26.84859],[75.9246,26.84867],[75.92461,26.84927],[75.92467,26.85071],[75.92467,26.85089]]}},{"type":"Feature","properties":{"name":"Jaipur Outer Ring Road","highway":"motorway","policy":""},"geometry":{"type":"LineString","coordinates":[[75.92468,26.8511],[75.9248,26.85337]]}},{"type":"Feature","properties":{"name":"Jaipur Outer Ring Road","highway":"motorway","policy":""},"geometry":{"type":"LineString","coordinates":[[75.92494,26.85336],[75.92486,26.85122],[75.92486,26.8511]]}},{"type":"Feature","properties":{"name":"Jaipur Outer Ring Road","highway":"motorway","policy":""},"geometry":{"type":"LineString","coordinates":[[75.92342,26.84294],[75.92373,26.8439],[75.9239,26.84446],[75.92411,26.84533]]}},{"type":"Feature","properties":{"name":"Jaipur Outer Ring Road","highway":"motorway","policy":""},"geometry":{"type":"LineString","coordinates":[[75.92485,26.85089],[75.92481,26.84937],[75.92478,26.84858]]}},{"type":"Feature","properties":{"name":"Jaipur Outer Ring Road","highway":"motorway","policy":""},"geometry":{"type":"LineString","coordinates":[[75.9243,26.84542],[75.92404,26.8444],[75.92389,26.84387],[75.92348,26.84265]]}},{"type":"Feature","properties":{"name":"Jaipur Outer Ring Road","highway":"motorway","policy":""},"geometry":{"type":"LineString","coordinates":[[75.75813,26.75301],[75.75757,26.75346],[75.75625,26.75452],[75.75542,26.75512],[75.75467,26.75561],[75.75393,26.75606],[75.75241,26.75688]]}},{"type":"Feature","properties":{"name":"Jaipur Outer Ring Road","highway":"motorway","policy":""},"geometry":{"type":"LineString","coordinates":[[75.76113,26.75113],[75.76081,26.75131]]}},{"type":"Feature","properties":{"name":"Jaipur Outer Ring Road","highway":"motorway","policy":""},"geometry":{"type":"LineString","coordinates":[[75.75245,26.75702],[75.75424,26.75604],[75.75505,26.75555],[75.75607,26.75482],[75.75778,26.75349],[75.75829,26.7531]]}},{"type":"Feature","properties":{"name":"Jaipur Outer Ring Road","highway":"motorway","policy":""},"geometry":{"type":"LineString","coordinates":[[75.76088,26.75143],[75.76119,26.75126]]}},{"type":"Feature","properties":{"name":"NH52","highway":"trunk","policy":""},"geometry":{"type":"LineString","coordinates":[[75.74214,26.88101],[75.74085,26.88278],[75.74019,26.88367],[75.73985,26.88421]]}},{"type":"Feature","properties":{"name":"Ajmer Road","highway":"trunk","policy":""},"geometry":{"type":"LineString","coordinates":[[75.75859,26.89871],[75.75874,26.8987]]}},{"type":"Feature","properties":{"name":"NH21","highway":"trunk","policy":""},"geometry":{"type":"LineString","coordinates":[[75.8436,26.9009],[75.84366,26.901],[75.84375,26.90108],[75.84386,26.90111],[75.84399,26.90111]]}},{"type":"Feature","properties":{"name":"NH21","highway":"trunk","policy":""},"geometry":{"type":"LineString","coordinates":[[75.84399,26.90111],[75.8441,26.90106],[75.84413,26.90104]]}},{"type":"Feature","properties":{"name":"Ajmer Road","highway":"trunk","policy":""},"geometry":{"type":"LineString","coordinates":[[75.79533,26.91489],[75.79493,26.91477],[75.79449,26.91463],[75.79417,26.91452],[75.79394,26.91445],[75.79351,26.9143]]}},{"type":"Feature","properties":{"name":"Jaipur Outer Ring Road","highway":"motorway","policy":""},"geometry":{"type":"LineString","coordinates":[[75.74721,26.7599],[75.74858,26.7591],[75.75062,26.75798],[75.75206,26.75722]]}},{"type":"Feature","properties":{"name":"Jaipur Outer Ring Road","highway":"motorway","policy":""},"geometry":{"type":"LineString","coordinates":[[75.75206,26.75722],[75.75245,26.75702]]}},{"type":"Feature","properties":{"name":"Jaipur Outer Ring Road","highway":"motorway","policy":""},"geometry":{"type":"LineString","coordinates":[[75.752,26.75709],[75.75059,26.75783],[75.75049,26.75788],[75.74855,26.75893],[75.74719,26.75974]]}},{"type":"Feature","properties":{"name":"Jaipur Outer Ring Road","highway":"motorway","policy":""},"geometry":{"type":"LineString","coordinates":[[75.75241,26.75688],[75.752,26.75709]]}},{"type":"Feature","properties":{"name":"Jaipur Outer Ring Road","highway":"motorway","policy":""},"geometry":{"type":"LineString","coordinates":[[75.70021,26.80726],[75.69987,26.80763]]}},{"type":"Feature","properties":{"name":"Jaipur Outer Ring Road","highway":"motorway","policy":""},"geometry":{"type":"LineString","coordinates":[[75.69998,26.80773],[75.70031,26.80736]]}},{"type":"Feature","properties":{"name":"Jaipur Outer Ring Road","highway":"motorway","policy":""},"geometry":{"type":"LineString","coordinates":[[75.70596,26.80087],[75.70406,26.80293],[75.70335,26.80371],[75.70275,26.80437],[75.70173,26.80552],[75.70092,26.80642],[75.70021,26.80726]]}},{"type":"Feature","properties":{"name":"Jaipur Outer Ring Road","highway":"motorway","policy":""},"geometry":{"type":"LineString","coordinates":[[75.7118,26.79463],[75.71152,26.79493]]}},{"type":"Feature","properties":{"name":"Jaipur Outer Ring Road","highway":"motorway","policy":""},"geometry":{"type":"LineString","coordinates":[[75.71173,26.79494],[75.71201,26.79464]]}},{"type":"Feature","properties":{"name":"Jaipur Outer Ring Road","highway":"motorway","policy":""},"geometry":{"type":"LineString","coordinates":[[75.7201,26.7856],[75.71948,26.78632],[75.71732,26.78869],[75.71636,26.78976],[75.71531,26.79088],[75.71481,26.7914],[75.71449,26.79175],[75.7118,26.79463]]}},{"type":"Feature","properties":{"name":"Jaipur Outer Ring Road","highway":"motorway","policy":""},"geometry":{"type":"LineString","coordinates":[[75.72036,26.78531],[75.7201,26.7856]]}},{"type":"Feature","properties":{"name":"Jaipur Outer Ring Road","highway":"motorway","policy":""},"geometry":{"type":"LineString","coordinates":[[75.71201,26.79464],[75.71309,26.79348],[75.71461,26.79185],[75.71551,26.79091],[75.7175,26.78878],[75.71846,26.78768],[75.72024,26.78568]]}},{"type":"Feature","properties":{"name":"Jaipur Outer Ring Road","highway":"motorway","policy":""},"geometry":{"type":"LineString","coordinates":[[75.72024,26.78568],[75.72049,26.78539]]}},{"type":"Feature","properties":{"name":"Jaipur Outer Ring Road","highway":"motorway","policy":""},"geometry":{"type":"LineString","coordinates":[[75.72439,26.78079],[75.72164,26.7839],[75.72036,26.78531]]}},{"type":"Feature","properties":{"name":"Jaipur Outer Ring Road","highway":"motorway","policy":""},"geometry":{"type":"LineString","coordinates":[[75.72468,26.78046],[75.72439,26.78079]]}},{"type":"Feature","properties":{"name":"Jaipur Outer Ring Road","highway":"motorway","policy":""},"geometry":{"type":"LineString","coordinates":[[75.72049,26.78539],[75.72452,26.78089]]}},{"type":"Feature","properties":{"name":"Jaipur Outer Ring Road","highway":"motorway","policy":""},"geometry":{"type":"LineString","coordinates":[[75.72452,26.78089],[75.7248,26.78057]]}},{"type":"Feature","properties":{"name":"Jaipur Outer Ring Road","highway":"motorway","policy":""},"geometry":{"type":"LineString","coordinates":[[75.7248,26.78057],[75.72579,26.77945],[75.72634,26.77884]]}},{"type":"Feature","properties":{"name":"Jaipur Outer Ring Road","highway":"motorway","policy":""},"geometry":{"type":"LineString","coordinates":[[75.72634,26.77884],[75.7266,26.77855]]}},{"type":"Feature","properties":{"name":"Jaipur Outer Ring Road","highway":"motorway","policy":""},"geometry":{"type":"LineString","coordinates":[[75.72621,26.77874],[75.72559,26.77944],[75.72468,26.78046]]}},{"type":"Feature","properties":{"name":"Jaipur Outer Ring Road","highway":"motorway","policy":""},"geometry":{"type":"LineString","coordinates":[[75.72645,26.77848],[75.72621,26.77874]]}},{"type":"Feature","properties":{"name":"Jaipur Outer Ring Road","highway":"motorway","policy":""},"geometry":{"type":"LineString","coordinates":[[75.73644,26.76971],[75.7354,26.77084],[75.73461,26.77164],[75.73415,26.77204],[75.73353,26.77259],[75.73263,26.77332]]}},{"type":"Feature","properties":{"name":"Jaipur Outer Ring Road","highway":"motorway","policy":""},"geometry":{"type":"LineString","coordinates":[[75.73263,26.77332],[75.73244,26.77346]]}},{"type":"Feature","properties":{"name":"Jaipur Outer Ring Road","highway":"motorway","policy":""},"geometry":{"type":"LineString","coordinates":[[75.73271,26.77345],[75.73365,26.77269],[75.73427,26.77214],[75.73471,26.77173],[75.73552,26.77094],[75.73653,26.76983]]}},{"type":"Feature","properties":{"name":"Jaipur Outer Ring Road","highway":"motorway","policy":""},"geometry":{"type":"LineString","coordinates":[[75.73255,26.77356],[75.73271,26.77345]]}},{"type":"Feature","properties":{"name":"Jaipur Outer Ring Road","highway":"motorway","policy":""},"geometry":{"type":"LineString","coordinates":[[75.73988,26.76602],[75.73949,26.76644],[75.73906,26.76688],[75.7381,26.76795],[75.73776,26.76829],[75.73644,26.76971]]}},{"type":"Feature","properties":{"name":"Jaipur Outer Ring Road","highway":"motorway","policy":""},"geometry":{"type":"LineString","coordinates":[[75.74002,26.76586],[75.73988,26.76602]]}},{"type":"Feature","properties":{"name":"Jaipur Outer Ring Road","highway":"motorway","policy":""},"geometry":{"type":"LineString","coordinates":[[75.73653,26.76983],[75.73791,26.76837],[75.73866,26.76754],[75.73916,26.76703],[75.73998,26.76611]]}},{"type":"Feature","properties":{"name":"Jaipur Outer Ring Road","highway":"motorway","policy":""},"geometry":{"type":"LineString","coordinates":[[75.73998,26.76611],[75.74014,26.76594]]}},{"type":"Feature","properties":{"name":"Jaipur Outer Ring Road","highway":"motorway","policy":""},"geometry":{"type":"LineString","coordinates":[[75.76642,26.74834],[75.7641,26.7496],[75.76254,26.7504],[75.76113,26.75113]]}},{"type":"Feature","properties":{"name":"Tonk Road","highway":"trunk","policy":""},"geometry":{"type":"LineString","coordinates":[[75.86368,26.73989],[75.86324,26.74035],[75.86291,26.74068],[75.86205,26.74157],[75.86192,26.7417],[75.86116,26.74248],[75.86094,26.74271],[75.85986,26.74381],[75.85881,26.7449],[75.85837,26.74535],[75.85797,26.74576],[75.85728,26.74646],[75.85703,26.7467],[75.85694,26.74679],[75.85678,26.74695],[75.85622,26.74751],[75.85538,26.74838],[75.85473,26.74903],[75.85415,26.74964],[75.85394,26.74985],[75.85375,26.75005],[75.85327,26.75055],[75.85297,26.75085],[75.85262,26.75121],[75.85228,26.75156],[75.85194,26.7519],[75.85151,26.75233],[75.85075,26.7531],[75.8501,26.75376],[75.85008,26.75378]]}},{"type":"Feature","properties":{"name":"NH52","highway":"trunk","policy":""},"geometry":{"type":"LineString","coordinates":[[75.85008,26.75378],[75.84989,26.75398]]}},{"type":"Feature","properties":{"name":"NH52","highway":"trunk","policy":""},"geometry":{"type":"LineString","coordinates":[[75.84221,26.76203],[75.84249,26.76174],[75.84272,26.76148],[75.84303,26.76116],[75.84357,26.76059],[75.84417,26.75996],[75.84482,26.75929],[75.8455,26.75859],[75.84623,26.75784],[75.84747,26.75657],[75.84827,26.75575],[75.84832,26.7557],[75.84893,26.75508],[75.84935,26.75464],[75.84998,26.754]]}},{"type":"Feature","properties":{"name":"NH52","highway":"trunk","policy":""},"geometry":{"type":"LineString","coordinates":[[75.84998,26.754],[75.85014,26.75383]]}},{"type":"Feature","properties":{"name":"Jaipur Outer Ring Road","highway":"motorway","policy":""},"geometry":{"type":"LineString","coordinates":[[75.92305,26.76128],[75.92325,26.76159],[75.92398,26.76299],[75.92465,26.76469],[75.925,26.76589]]}},{"type":"Feature","properties":{"name":"Jaipur Outer Ring Road","highway":"motorway","policy":""},"geometry":{"type":"LineString","coordinates":[[75.92182,26.75948],[75.92193,26.75963]]}},{"type":"Feature","properties":{"name":"Jaipur Outer Ring Road","highway":"motorway","policy":""},"geometry":{"type":"LineString","coordinates":[[75.92515,26.76585],[75.92473,26.76443],[75.92422,26.76316],[75.92389,26.76243],[75.92318,26.76121]]}},{"type":"Feature","properties":{"name":"Jaipur Outer Ring Road","highway":"motorway","policy":""},"geometry":{"type":"LineString","coordinates":[[75.92204,26.75956],[75.92194,26.75941]]}},{"type":"Feature","properties":{"name":"Jaipur Outer Ring Road","highway":"motorway","policy":""},"geometry":{"type":"LineString","coordinates":[[75.92193,26.75963],[75.92216,26.75995],[75.92289,26.76104]]}},{"type":"Feature","properties":{"name":"Jaipur Outer Ring Road","highway":"motorway","policy":""},"geometry":{"type":"LineString","coordinates":[[75.92289,26.76104],[75.92305,26.76128]]}},{"type":"Feature","properties":{"name":"Jaipur Outer Ring Road","highway":"motorway","policy":""},"geometry":{"type":"LineString","coordinates":[[75.92303,26.76097],[75.92204,26.75956]]}},{"type":"Feature","properties":{"name":"Jaipur Outer Ring Road","highway":"motorway","policy":""},"geometry":{"type":"LineString","coordinates":[[75.92318,26.76121],[75.92303,26.76097]]}},{"type":"Feature","properties":{"name":"Jaipur Outer Ring Road","highway":"motorway","policy":""},"geometry":{"type":"LineString","coordinates":[[75.92534,26.76771],[75.92544,26.76876],[75.92552,26.76999],[75.92557,26.77142],[75.92561,26.77193],[75.92565,26.77273],[75.92566,26.7731],[75.92572,26.77635]]}},{"type":"Feature","properties":{"name":"Jaipur Outer Ring Road","highway":"motorway","policy":""},"geometry":{"type":"LineString","coordinates":[[75.92572,26.77635],[75.92572,26.77689]]}},{"type":"Feature","properties":{"name":"Jaipur Outer Ring Road","highway":"motorway","policy":""},"geometry":{"type":"LineString","coordinates":[[75.92588,26.77636],[75.92586,26.7752],[75.92585,26.77341],[75.92583,26.77298],[75.92577,26.77194],[75.92572,26.77086],[75.92564,26.76997],[75.92561,26.76924],[75.92559,26.76873],[75.92556,26.76831],[75.9255,26.76769]]}},{"type":"Feature","properties":{"name":"Jaipur Outer Ring Road","highway":"motorway","policy":""},"geometry":{"type":"LineString","coordinates":[[75.92587,26.77691],[75.92588,26.77636]]}},{"type":"Feature","properties":{"name":"Jaipur Outer Ring Road","highway":"motorway","policy":""},"geometry":{"type":"LineString","coordinates":[[75.92579,26.78167],[75.92584,26.77945],[75.92587,26.77691]]}},{"type":"Feature","properties":{"name":"Jaipur Outer Ring Road","highway":"motorway","policy":""},"geometry":{"type":"LineString","coordinates":[[75.92579,26.78211],[75.92579,26.78167]]}},{"type":"Feature","properties":{"name":"Jaipur Outer Ring Road","highway":"motorway","policy":""},"geometry":{"type":"LineString","coordinates":[[75.92572,26.77689],[75.92564,26.78165]]}},{"type":"Feature","properties":{"name":"Jaipur Outer Ring Road","highway":"motorway","policy":""},"geometry":{"type":"LineString","coordinates":[[75.92564,26.78165],[75.92563,26.7821]]}},{"type":"Feature","properties":{"name":"Jaipur Outer Ring Road","highway":"motorway","policy":""},"geometry":{"type":"LineString","coordinates":[[75.92563,26.7821],[75.92563,26.78301],[75.92567,26.78453],[75.92578,26.78646],[75.92586,26.78735],[75.92624,26.78967],[75.92638,26.79085],[75.92645,26.79206],[75.92643,26.79383],[75.92636,26.79476],[75.92628,26.79544]]}},{"type":"Feature","properties":{"name":"Jaipur Outer Ring Road","highway":"motorway","policy":""},"geometry":{"type":"LineString","coordinates":[[75.92628,26.79544],[75.92615,26.79622]]}},{"type":"Feature","properties":{"name":"Jaipur Outer Ring Road","highway":"motorway","policy":""},"geometry":{"type":"LineString","coordinates":[[75.92644,26.79547],[75.92657,26.79393],[75.9266,26.79285],[75.9266,26.79205],[75.92654,26.79089],[75.92638,26.78963],[75.92625,26.78885],[75.92601,26.78737],[75.92593,26.78647],[75.92583,26.78452],[75.92578,26.78297],[75.92579,26.78211]]}},{"type":"Feature","properties":{"name":"Jaipur Outer Ring Road","highway":"motorway","policy":""},"geometry":{"type":"LineString","coordinates":[[75.92635,26.79604],[75.92644,26.79547]]}},{"type":"Feature","properties":{"name":"Jaipur Outer Ring Road","highway":"motorway","policy":""},"geometry":{"type":"LineString","coordinates":[[75.92615,26.79622],[75.92561,26.79893],[75.92494,26.80161],[75.92447,26.80317]]}},{"type":"Feature","properties":{"name":"Jaipur Outer Ring Road","highway":"motorway","policy":""},"geometry":{"type":"LineString","coordinates":[[75.92447,26.80317],[75.9243,26.80365]]}},{"type":"Feature","properties":{"name":"Jaipur Outer Ring Road","highway":"motorway","policy":""},"geometry":{"type":"LineString","coordinates":[[75.92464,26.80315],[75.92509,26.80165],[75.92558,26.79977],[75.92618,26.79691],[75.92635,26.79604]]}},{"type":"Feature","properties":{"name":"Jaipur Outer Ring Road","highway":"motorway","policy":""},"geometry":{"type":"LineString","coordinates":[[75.92445,26.8037],[75.92464,26.80315]]}},{"type":"Feature","properties":{"name":"Jaipur Outer Ring Road","highway":"motorway","policy":""},"geometry":{"type":"LineString","coordinates":[[75.9243,26.80365],[75.92329,26.80631],[75.923,26.80706],[75.92172,26.81038]]}},{"type":"Feature","properties":{"name":"Jaipur Outer Ring Road","highway":"motorway","policy":""},"geometry":{"type":"LineString","coordinates":[[75.92172,26.81038],[75.92165,26.81056]]}},{"type":"Feature","properties":{"name":"Jaipur Outer Ring Road","highway":"motorway","policy":""},"geometry":{"type":"LineString","coordinates":[[75.92186,26.81041],[75.92319,26.80695],[75.92366,26.80574],[75.92445,26.8037]]}},{"type":"Feature","properties":{"name":"Jaipur Outer Ring Road","highway":"motorway","policy":""},"geometry":{"type":"LineString","coordinates":[[75.92179,26.81062],[75.92186,26.81041]]}},{"type":"Feature","properties":{"name":"Jaipur Outer Ring Road","highway":"motorway","policy":""},"geometry":{"type":"LineString","coordinates":[[75.91915,26.81857],[75.91964,26.81679],[75.91988,26.81604],[75.92033,26.81476],[75.92089,26.8131],[75.92109,26.81251],[75.92157,26.81123],[75.92179,26.81062]]}},{"type":"Feature","properties":{"name":"Jaipur Outer Ring Road","highway":"motorway","policy":""},"geometry":{"type":"LineString","coordinates":[[75.91897,26.81921],[75.91915,26.81857]]}},{"type":"Feature","properties":{"name":"Jaipur Outer Ring Road","highway":"motorway","policy":""},"geometry":{"type":"LineString","coordinates":[[75.92165,26.81056],[75.92109,26.81206],[75.9195,26.81672],[75.91898,26.81857]]}},{"type":"Feature","properties":{"name":"Jaipur Outer Ring Road","highway":"motorway","policy":""},"geometry":{"type":"LineString","coordinates":[[75.91898,26.81857],[75.91879,26.81927]]}},{"type":"Feature","properties":{"name":"Jaipur Outer Ring Road","highway":"motorway","policy":""},"geometry":{"type":"LineString","coordinates":[[75.92543,26.8643],[75.92561,26.86603],[75.92576,26.86711]]}},{"type":"Feature","properties":{"name":"Jaipur Outer Ring Road","highway":"motorway","policy":""},"geometry":{"type":"LineString","coordinates":[[75.92576,26.86711],[75.9258,26.86738]]}},{"type":"Feature","properties":{"name":"Jaipur Outer Ring Road","highway":"motorway","policy":""},"geometry":{"type":"LineString","coordinates":[[75.92592,26.86705],[75.92577,26.86601],[75.92563,26.86475],[75.92557,26.86422]]}},{"type":"Feature","properties":{"name":"Jaipur Outer Ring Road","highway":"motorway","policy":""},"geometry":{"type":"LineString","coordinates":[[75.92595,26.86728],[75.92592,26.86705]]}},{"type":"Feature","properties":{"name":"Jaipur Outer Ring Road","highway":"motorway","policy":""},"geometry":{"type":"LineString","coordinates":[[75.92516,26.86108],[75.92522,26.86198]]}},{"type":"Feature","properties":{"name":"Jaipur Outer Ring Road","highway":"motorway","policy":""},"geometry":{"type":"LineString","coordinates":[[75.92513,26.86061],[75.92516,26.86108]]}},{"type":"Feature","properties":{"name":"Jaipur Outer Ring Road","highway":"motorway","policy":""},"geometry":{"type":"LineString","coordinates":[[75.92537,26.86206],[75.92531,26.86105]]}},{"type":"Feature","properties":{"name":"Jaipur Outer Ring Road","highway":"motorway","policy":""},"geometry":{"type":"LineString","coordinates":[[75.92531,26.86105],[75.92529,26.8606]]}},{"type":"Feature","properties":{"name":"Jaipur Outer Ring Road","highway":"motorway","policy":""},"geometry":{"type":"LineString","coordinates":[[75.70606,26.80099],[75.70638,26.80064]]}},{"type":"Feature","properties":{"name":"Jaipur Outer Ring Road","highway":"motorway","policy":""},"geometry":{"type":"LineString","coordinates":[[75.70638,26.80064],[75.70791,26.79899]]}},{"type":"Feature","properties":{"name":"Jaipur Outer Ring Road","highway":"motorway","policy":""},"geometry":{"type":"LineString","coordinates":[[75.70791,26.79899],[75.70822,26.79868]]}},{"type":"Feature","properties":{"name":"Jaipur Outer Ring Road","highway":"motorway","policy":""},"geometry":{"type":"LineString","coordinates":[[75.70822,26.79868],[75.71173,26.79494]]}},{"type":"Feature","properties":{"name":"ORR","highway":"motorway","policy":""},"geometry":{"type":"LineString","coordinates":[[75.75829,26.7531],[75.7593,26.7524],[75.76,26.75196],[75.76088,26.75143]]}},{"type":"Feature","properties":{"name":"Jaipur Outer Ring Road","highway":"motorway","policy":""},"geometry":{"type":"LineString","coordinates":[[75.76081,26.75131],[75.75937,26.75216],[75.75813,26.75301]]}},{"type":"Feature","properties":{"name":"Jaipur Outer Ring Road","highway":"motorway","policy":""},"geometry":{"type":"LineString","coordinates":[[75.70626,26.80056],[75.70596,26.80087]]}},{"type":"Feature","properties":{"name":"Jaipur Outer Ring Road","highway":"motorway","policy":""},"geometry":{"type":"LineString","coordinates":[[75.70763,26.79909],[75.70626,26.80056]]}},{"type":"Feature","properties":{"name":"Jaipur Outer Ring Road","highway":"motorway","policy":""},"geometry":{"type":"LineString","coordinates":[[75.70806,26.79862],[75.70763,26.79909]]}},{"type":"Feature","properties":{"name":"Jaipur Outer Ring Road","highway":"motorway","policy":""},"geometry":{"type":"LineString","coordinates":[[75.71152,26.79493],[75.70806,26.79862]]}},{"type":"Feature","properties":{"name":"NH21","highway":"trunk","policy":""},"geometry":{"type":"LineString","coordinates":[[75.84422,26.90077],[75.84417,26.90067]]}},{"type":"Feature","properties":{"name":"Mirza Ismail Road","highway":"trunk","policy":""},"geometry":{"type":"LineString","coordinates":[[75.82469,26.91511],[75.82459,26.91512]]}},{"type":"Feature","properties":{"name":"freight corridor","highway":"trunk","policy":""},"geometry":{"type":"LineString","coordinates":[[75.81645,26.91681],[75.81638,26.91681],[75.816,26.91683],[75.81588,26.91687]]}},{"type":"Feature","properties":{"name":"Jaipur Outer Ring Road","highway":"motorway","policy":""},"geometry":{"type":"LineString","coordinates":[[75.76119,26.75126],[75.76264,26.75052],[75.7642,26.74971],[75.76652,26.74853]]}},{"type":"Feature","properties":{"name":"freight corridor","highway":"trunk","policy":""},"geometry":{"type":"LineString","coordinates":[[75.8764,27.00181],[75.87631,27.00183]]}},{"type":"Feature","properties":{"name":"Jamwa Ramgarh Road","highway":"trunk","policy":""},"geometry":{"type":"LineString","coordinates":[[75.845,26.9276],[75.84498,26.92777]]}},{"type":"Feature","properties":{"name":"Jamwa Ramgarh Road","highway":"trunk","policy":""},"geometry":{"type":"LineString","coordinates":[[75.84887,26.91832],[75.84887,26.91865],[75.84884,26.91882],[75.8488,26.91896],[75.84872,26.91918],[75.84858,26.91943],[75.8485,26.91955],[75.84843,26.91966],[75.84833,26.91978],[75.8476,26.92066],[75.84745,26.92085],[75.84728,26.92105],[75.84713,26.92123],[75.84704,26.92134],[75.84654,26.92197],[75.84613,26.92249],[75.84603,26.92262],[75.84581,26.92297],[75.8457,26.9232],[75.84563,26.92336],[75.84557,26.92354],[75.84553,26.92373],[75.84549,26.924],[75.84546,26.92425],[75.84541,26.92478],[75.84539,26.92504],[75.84536,26.92537],[75.84533,26.92562],[75.84528,26.92603],[75.8451,26.92705],[75.845,26.9276]]}},{"type":"Feature","properties":{"name":"Jamwa Ramgarh Road","highway":"trunk","policy":""},"geometry":{"type":"LineString","coordinates":[[75.8451,26.92777],[75.84512,26.92764]]}},{"type":"Feature","properties":{"name":"Jamwa Ramgarh Road","highway":"trunk","policy":""},"geometry":{"type":"LineString","coordinates":[[75.84684,26.93861],[75.84677,26.93842],[75.84672,26.93826],[75.84666,26.93805],[75.84655,26.93763],[75.84653,26.93754],[75.8465,26.93741],[75.8464,26.93693],[75.84632,26.93639],[75.84629,26.93622],[75.84619,26.93573],[75.84611,26.93537],[75.84607,26.93515],[75.84603,26.93497],[75.84601,26.93484],[75.84599,26.93466],[75.84593,26.93441],[75.84591,26.93428],[75.84586,26.9341],[75.84579,26.93367],[75.84575,26.93345],[75.84571,26.93331],[75.8456,26.93276],[75.84555,26.93255],[75.84544,26.93199],[75.84527,26.9312],[75.8452,26.93092],[75.84515,26.93064],[75.84512,26.9305],[75.84495,26.92958],[75.84494,26.92953],[75.84492,26.92926],[75.84492,26.92898],[75.84495,26.9287],[75.84504,26.92811],[75.84507,26.92793],[75.8451,26.92777]]}},{"type":"Feature","properties":{"name":"Old Agra Jaipur Bikaner Road","highway":"trunk","policy":""},"geometry":{"type":"LineString","coordinates":[[75.86985,26.8906],[75.87016,26.89052],[75.87023,26.89049],[75.87063,26.89035],[75.87145,26.89008],[75.87197,26.88991],[75.87221,26.88986],[75.87243,26.88984],[75.87269,26.88987],[75.87273,26.88989],[75.87332,26.89007],[75.87412,26.89034],[75.87432,26.89041],[75.87438,26.89044],[75.87444,26.89049],[75.87448,26.89053],[75.87453,26.89061],[75.87457,26.89071]]}},{"type":"Feature","properties":{"name":"Old Agra Jaipur Bikaner Road","highway":"trunk","policy":""},"geometry":{"type":"LineString","coordinates":[[75.87464,26.89069],[75.8746,26.89059],[75.87455,26.89049],[75.87442,26.89039],[75.87436,26.89034],[75.87415,26.89027],[75.87335,26.89],[75.87273,26.88982],[75.87269,26.88981],[75.87243,26.88978],[75.8722,26.88979],[75.87194,26.88984],[75.87142,26.89001],[75.87061,26.89028],[75.87013,26.89046],[75.86985,26.8906]]}},{"type":"Feature","properties":{"name":"Flyover","highway":"trunk","policy":""},"geometry":{"type":"LineString","coordinates":[[75.76189,26.9876],[75.76137,26.98684],[75.76068,26.98591],[75.76031,26.98539],[75.75995,26.98488],[75.75977,26.9846],[75.75963,26.98439],[75.75913,26.98365],[75.75874,26.98308],[75.75846,26.98266],[75.75818,26.98227],[75.75752,26.9813]]}},{"type":"Feature","properties":{"name":"NH48;NH52","highway":"trunk","policy":""},"geometry":{"type":"LineString","coordinates":[[75.75752,26.9813],[75.7569,26.9804],[75.75648,26.97982],[75.75609,26.97924],[75.75566,26.97861],[75.75523,26.97798],[75.7548,26.97736],[75.75438,26.97675]]}},{"type":"Feature","properties":{"name":"NH48;NH52","highway":"trunk","policy":""},"geometry":{"type":"LineString","coordinates":[[75.76177,26.98767],[75.76248,26.98869],[75.76318,26.98967],[75.76359,26.99026],[75.76403,26.99089],[75.76434,26.99131],[75.76575,26.99334],[75.76647,26.99437],[75.76705,26.99518],[75.76711,26.99526],[75.76716,26.99534],[75.76721,26.9954]]}},{"type":"Feature","properties":{"name":"NH48;NH52","highway":"trunk","policy":""},"geometry":{"type":"LineString","coordinates":[[75.75428,26.97681],[75.75448,26.97711],[75.75566,26.97886],[75.75739,26.98137]]}},{"type":"Feature","properties":{"name":"Jamwa Ramgarh Road","highway":"trunk","policy":""},"geometry":{"type":"LineString","coordinates":[[75.84365,26.90144],[75.8437,26.90136],[75.84383,26.90125]]}},{"type":"Feature","properties":{"name":"Mirza Ismail Road","highway":"trunk","policy":""},"geometry":{"type":"LineString","coordinates":[[75.82459,26.91521],[75.82469,26.91521]]}},{"type":"Feature","properties":{"name":"Sansar Chandra Road","highway":"trunk","policy":""},"geometry":{"type":"LineString","coordinates":[[75.80142,26.9179],[75.80138,26.91781]]}},{"type":"Feature","properties":{"name":"freight corridor","highway":"trunk","policy":""},"geometry":{"type":"LineString","coordinates":[[75.80094,26.917],[75.80092,26.91694],[75.80092,26.91691]]}},{"type":"Feature","properties":{"name":"Sardar Patel Road","highway":"trunk","policy":""},"geometry":{"type":"LineString","coordinates":[[75.80103,26.91702],[75.80101,26.91695]]}},{"type":"Feature","properties":{"name":"Jaipur Kishangarh Expressway","highway":"trunk","policy":""},"geometry":{"type":"LineString","coordinates":[[75.72045,26.88043],[75.71693,26.87867]]}},{"type":"Feature","properties":{"name":"Jaipur Kishangarh Expressway","highway":"trunk","policy":""},"geometry":{"type":"LineString","coordinates":[[75.71693,26.87867],[75.71652,26.87844]]}},{"type":"Feature","properties":{"name":"NH52","highway":"trunk","policy":""},"geometry":{"type":"LineString","coordinates":[[75.73985,26.88421],[75.7398,26.88429]]}},{"type":"Feature","properties":{"name":"NH52","highway":"trunk","policy":""},"geometry":{"type":"LineString","coordinates":[[75.8065,26.80611],[75.80598,26.8068],[75.80586,26.80697],[75.80564,26.80728],[75.80558,26.80735],[75.80534,26.80768],[75.80532,26.80772],[75.80517,26.80791],[75.80478,26.80843],[75.80472,26.80851],[75.80411,26.80932],[75.80377,26.80977],[75.80361,26.80998],[75.80303,26.81075],[75.80298,26.81081]]}},{"type":"Feature","properties":{"name":"Jaipur Kishangarh Expressway","highway":"trunk","policy":""},"geometry":{"type":"LineString","coordinates":[[75.6955,26.87053],[75.69578,26.87058],[75.69606,26.87064],[75.69666,26.87075],[75.69739,26.87092],[75.69779,26.87103],[75.69821,26.87118],[75.69883,26.8714],[75.70021,26.87191],[75.70046,26.872],[75.70432,26.87339],[75.70681,26.8743],[75.70809,26.87477],[75.71047,26.87556],[75.711,26.87577],[75.71186,26.87619],[75.71314,26.87683],[75.71512,26.87783],[75.71598,26.87829],[75.71667,26.87866]]}},{"type":"Feature","properties":{"name":"Jaipur Kishangarh Expressway","highway":"trunk","policy":""},"geometry":{"type":"LineString","coordinates":[[75.71674,26.87869],[75.71705,26.87886],[75.72118,26.88093],[75.72224,26.88147],[75.72368,26.88218],[75.72517,26.88293],[75.72633,26.88352],[75.7287,26.8847],[75.73079,26.88574],[75.73156,26.88614],[75.73315,26.88692],[75.73525,26.88794],[75.73555,26.88809],[75.73611,26.88843]]}},{"type":"Feature","properties":{"name":"Jaipur Kishangarh Expressway","highway":"trunk","policy":""},"geometry":{"type":"LineString","coordinates":[[75.71667,26.87866],[75.71674,26.87869]]}},{"type":"Feature","properties":{"name":"Sanganer Sethu","highway":"trunk","policy":""},"geometry":{"type":"LineString","coordinates":[[75.79048,26.81864],[75.7908,26.81865]]}},{"type":"Feature","properties":{"name":"Sanganer Sethu","highway":"trunk","policy":""},"geometry":{"type":"LineString","coordinates":[[75.79081,26.8186],[75.79048,26.81858]]}},{"type":"Feature","properties":{"name":"Acharya Shri Tulsi Setu","highway":"trunk","policy":""},"geometry":{"type":"LineString","coordinates":[[75.75435,26.89758],[75.755,26.89788],[75.75565,26.89821],[75.75596,26.89834]]}},{"type":"Feature","properties":{"name":"Acharya Shri Tulsi Setu","highway":"trunk","policy":""},"geometry":{"type":"LineString","coordinates":[[75.75596,26.89834],[75.75627,26.89847],[75.75657,26.89856],[75.75691,26.89861],[75.75726,26.89862],[75.75761,26.89863],[75.75792,26.89862],[75.75825,26.89862],[75.75888,26.89862],[75.75929,26.89862],[75.76024,26.8986],[75.76102,26.89857],[75.76154,26.89857],[75.76205,26.89856],[75.76236,26.89856]]}},{"type":"Feature","properties":{"name":"Acharya Shri Tulsi Setu","highway":"trunk","policy":""},"geometry":{"type":"LineString","coordinates":[[75.76236,26.89856],[75.76303,26.89857]]}},{"type":"Feature","properties":{"name":"Ajmer Road","highway":"trunk","policy":""},"geometry":{"type":"LineString","coordinates":[[75.76233,26.89865],[75.76318,26.89865],[75.76323,26.89865]]}},{"type":"Feature","properties":{"name":"Ajmer Road","highway":"trunk","policy":""},"geometry":{"type":"LineString","coordinates":[[75.76329,26.8985],[75.76258,26.89851],[75.76232,26.89851]]}},{"type":"Feature","properties":{"name":"NH52","highway":"trunk","policy":""},"geometry":{"type":"LineString","coordinates":[[75.76878,27.029],[75.76877,27.02907]]}},{"type":"Feature","properties":{"name":"Mirza Ismail Road","highway":"trunk","policy":""},"geometry":{"type":"LineString","coordinates":[[75.8013,26.91794],[75.80142,26.9179],[75.80172,26.91779]]}},{"type":"Feature","properties":{"name":"Mirza Ismail Road","highway":"trunk","policy":""},"geometry":{"type":"LineString","coordinates":[[75.81729,26.91665],[75.81754,26.9166],[75.81767,26.91657],[75.81784,26.91654],[75.8184,26.91645],[75.81843,26.91644],[75.81854,26.91642]]}},{"type":"Feature","properties":{"name":"NH248","highway":"trunk","policy":""},"geometry":{"type":"LineString","coordinates":[[75.89758,27.0429],[75.89747,27.04282],[75.89695,27.04243],[75.89615,27.04185],[75.89598,27.04171],[75.89579,27.04158],[75.89531,27.04121],[75.89528,27.04119],[75.89493,27.04093],[75.89486,27.04088],[75.89473,27.04078],[75.89435,27.0405],[75.89387,27.04015],[75.8932,27.03965],[75.89232,27.039],[75.89228,27.03896],[75.89181,27.0386],[75.89155,27.03836],[75.89128,27.03809],[75.89095,27.03771],[75.89028,27.03692],[75.8895,27.036],[75.88879,27.03512],[75.88818,27.03437],[75.88808,27.03425],[75.88784,27.03396],[75.88773,27.03382],[75.8876,27.03367],[75.88756,27.03361],[75.88664,27.03246],[75.88595,27.03163],[75.88494,27.03041],[75.88408,27.02935],[75.88386,27.02906],[75.88366,27.02877],[75.88346,27.02837],[75.88328,27.02801],[75.8832,27.02776],[75.8831,27.0274],[75.88305,27.02722],[75.88288,27.02664],[75.88269,27.02597],[75.88258,27.02552],[75.88255,27.02542],[75.88239,27.02489],[75.88191,27.0232],[75.88144,27.02145],[75.88102,27.01989],[75.88056,27.01823],[75.88054,27.01817],[75.88019,27.0169],[75.87992,27.01596],[75.87991,27.01591],[75.87971,27.01518],[75.87966,27.01498],[75.87959,27.01475],[75.87938,27.01404],[75.87906,27.01309],[75.87876,27.01223],[75.87868,27.01198],[75.87851,27.01148],[75.87835,27.01096],[75.87826,27.0105],[75.87821,27.01017],[75.87819,27.0095],[75.87818,27.0094],[75.87812,27.00874],[75.87806,27.00771],[75.87798,27.00707],[75.87796,27.007],[75.87791,27.00681],[75.87776,27.00646],[75.8775,27.00595],[75.8773,27.0055],[75.87715,27.00514],[75.87714,27.0051],[75.877,27.00464],[75.87698,27.00457],[75.87692,27.00434],[75.8768,27.00384],[75.87669,27.00341],[75.87651,27.00253],[75.8764,27.00181],[75.87639,27.00177],[75.8763,27.00117],[75.87627,27.00058],[75.87628,27.00035],[75.87628,27.00021],[75.87633,26.9993],[75.87635,26.99899],[75.87636,26.99859],[75.87636,26.99839],[75.87637,26.99823],[75.87638,26.99801],[75.87639,26.99768],[75.87641,26.99675],[75.87642,26.99642],[75.87642,26.99635],[75.87639,26.99602]]}},{"type":"Feature","properties":{"name":"NH248","highway":"trunk","policy":""},"geometry":{"type":"LineString","coordinates":[[75.87624,26.99577],[75.87631,26.99607],[75.87634,26.99649],[75.87633,26.99685],[75.8763,26.99787],[75.87629,26.99802],[75.87628,26.99822],[75.87628,26.99839],[75.87626,26.99878],[75.87625,26.99895],[75.87623,26.99956],[75.87619,27.00045],[75.87619,27.00087],[75.8762,27.00122],[75.87623,27.00138],[75.87626,27.0016],[75.87631,27.00183],[75.87634,27.00202],[75.8765,27.00284],[75.87667,27.00364],[75.87677,27.00422],[75.87689,27.00474],[75.87702,27.00513],[75.87713,27.00542],[75.87735,27.00583],[75.87754,27.00622],[75.87771,27.00655],[75.87782,27.00679],[75.87788,27.00702],[75.87792,27.00727],[75.87795,27.0076],[75.87802,27.00854],[75.87809,27.00951],[75.87811,27.00974],[75.87814,27.01031],[75.87821,27.01074],[75.87829,27.01108],[75.87843,27.01154],[75.87854,27.01184],[75.87857,27.01193],[75.87874,27.01238],[75.87888,27.01284],[75.87893,27.01299],[75.87918,27.01372],[75.87954,27.01488],[75.87981,27.01593],[75.87984,27.01605],[75.88001,27.01666],[75.88014,27.01718],[75.88056,27.01862],[75.88091,27.01996],[75.88128,27.02134],[75.88165,27.02268],[75.88203,27.02404],[75.88244,27.0255],[75.88293,27.02725],[75.88301,27.02752],[75.88317,27.02802],[75.88333,27.0284],[75.88355,27.0288],[75.88362,27.02891],[75.88377,27.02914],[75.8841,27.02958],[75.88488,27.03052],[75.88613,27.03203],[75.88712,27.03325],[75.88765,27.03391],[75.88806,27.03442],[75.88822,27.03462],[75.88918,27.03579],[75.89005,27.03683],[75.89064,27.03755],[75.89132,27.0383],[75.89181,27.03872],[75.89263,27.03934],[75.89376,27.04018],[75.89446,27.0407],[75.89479,27.04095],[75.89486,27.041],[75.89525,27.04129],[75.8954,27.0414],[75.89635,27.04212],[75.89692,27.04255],[75.89748,27.04296]]}},{"type":"Feature","properties":{"name":"Agra Jaipur Bikaner Road","highway":"trunk","policy":""},"geometry":{"type":"LineString","coordinates":[[75.84185,26.90643],[75.84171,26.90651]]}},{"type":"Feature","properties":{"name":"NH52","highway":"trunk","policy":""},"geometry":{"type":"LineString","coordinates":[[75.83514,26.76908],[75.83472,26.76963],[75.8343,26.77014],[75.83416,26.7703],[75.83393,26.77057],[75.83367,26.77083],[75.8335,26.77099]]}},{"type":"Feature","properties":{"name":"Flyover","highway":"trunk","policy":""},"geometry":{"type":"LineString","coordinates":[[75.83541,26.76885],[75.83545,26.76879],[75.83574,26.76843]]}},{"type":"Feature","properties":{"name":"NH52","highway":"trunk","policy":""},"geometry":{"type":"LineString","coordinates":[[75.81378,26.79677],[75.8139,26.79662]]}},{"type":"Feature","properties":{"name":"NH52","highway":"trunk","policy":""},"geometry":{"type":"LineString","coordinates":[[75.81377,26.79654],[75.8137,26.79664]]}},{"type":"Feature","properties":{"name":"Jamwa Ramgarh Road","highway":"trunk","policy":""},"geometry":{"type":"LineString","coordinates":[[75.85098,26.94657],[75.85142,26.94689],[75.85265,26.94771],[75.8539,26.94859],[75.85467,26.94911],[75.85497,26.94933],[75.85501,26.94936],[75.85526,26.94953],[75.85543,26.94964],[75.85556,26.94972],[75.85575,26.94981],[75.85591,26.94987],[75.85608,26.94992],[75.85639,26.94997],[75.85667,26.95002],[75.8568,26.95003],[75.85747,26.95011],[75.8588,26.95025],[75.85977,26.95033],[75.86026,26.95039],[75.86045,26.95042],[75.86071,26.95046],[75.8609,26.95051],[75.86106,26.95057],[75.86124,26.95064],[75.86138,26.95072],[75.86155,26.95082],[75.86168,26.95093],[75.86195,26.95113],[75.86202,26.95118],[75.86216,26.95128],[75.86225,26.95135],[75.8623,26.95139]]}},{"type":"Feature","properties":{"name":"NH11","highway":"trunk","policy":""},"geometry":{"type":"LineString","coordinates":[[75.76767,26.8396],[75.76737,26.84025],[75.76701,26.84105],[75.76543,26.84449],[75.7649,26.84564],[75.76474,26.84601]]}},{"type":"Feature","properties":{"name":"Flyover","highway":"trunk","policy":""},"geometry":{"type":"LineString","coordinates":[[75.7761,26.82765],[75.77589,26.82785],[75.77553,26.82821],[75.77542,26.82833]]}},{"type":"Feature","properties":{"name":"Flyover","highway":"trunk","policy":""},"geometry":{"type":"LineString","coordinates":[[75.77552,26.82837],[75.7756,26.82829],[75.77591,26.82795],[75.77615,26.82772]]}},{"type":"Feature","properties":{"name":"NH52","highway":"trunk","policy":""},"geometry":{"type":"LineString","coordinates":[[75.76791,26.8395],[75.76801,26.83919],[75.76878,26.83737],[75.76911,26.83661],[75.77032,26.83387],[75.7704,26.83372],[75.77045,26.83364],[75.77049,26.83359],[75.77205,26.8319],[75.77315,26.83079],[75.77415,26.82979],[75.7742,26.82973],[75.77525,26.82866]]}},{"type":"Feature","properties":{"name":"Jamwa Ramgarh Road","highway":"trunk","policy":""},"geometry":{"type":"LineString","coordinates":[[75.86205,26.95106],[75.86166,26.95077],[75.86151,26.95067],[75.86131,26.95056],[75.86116,26.95048],[75.86098,26.95042],[75.86076,26.95036],[75.86052,26.95032],[75.86015,26.95027],[75.85923,26.95017],[75.85791,26.95003],[75.85704,26.94995],[75.85647,26.94987],[75.85615,26.94981],[75.85589,26.94974],[75.85568,26.94965],[75.85554,26.94958],[75.85539,26.94949],[75.8551,26.94929],[75.85474,26.94904],[75.85388,26.94844],[75.85307,26.94787],[75.85177,26.94697],[75.85107,26.94647],[75.85075,26.94623],[75.85053,26.94606],[75.85047,26.946]]}},{"type":"Feature","properties":{"name":"NH248","highway":"trunk","policy":""},"geometry":{"type":"LineString","coordinates":[[75.85033,26.94612],[75.85036,26.94613],[75.85037,26.94614],[75.85041,26.94613],[75.85045,26.94612],[75.85047,26.94609],[75.85048,26.94605],[75.85047,26.946]]}},{"type":"Feature","properties":{"name":"NH248","highway":"trunk","policy":""},"geometry":{"type":"LineString","coordinates":[[75.85031,26.94611],[75.85033,26.94612]]}},{"type":"Feature","properties":{"name":"NH248","highway":"trunk","policy":""},"geometry":{"type":"LineString","coordinates":[[75.8502,26.94596],[75.85023,26.94602],[75.85026,26.94606],[75.85028,26.94609],[75.85031,26.94611]]}},{"type":"Feature","properties":{"name":"Mirza Ismail Road","highway":"trunk","policy":""},"geometry":{"type":"LineString","coordinates":[[75.80264,26.91734],[75.803,26.91725]]}},{"type":"Feature","properties":{"name":"Ajmer Road","highway":"trunk","policy":""},"geometry":{"type":"LineString","coordinates":[[75.79446,26.9147],[75.79488,26.91482],[75.79529,26.91496]]}},{"type":"Feature","properties":{"name":"Jaipur - Bandikui Expressway","highway":"motorway","policy":""},"geometry":{"type":"LineString","coordinates":[[75.93672,26.89914],[75.93395,26.89761]]}},{"type":"Feature","properties":{"name":"Jaipur - Bandikui Expressway","highway":"motorway","policy":""},"geometry":{"type":"LineString","coordinates":[[75.93395,26.89761],[75.93285,26.89705],[75.93193,26.89649],[75.93147,26.89617],[75.93108,26.89582],[75.93047,26.89525],[75.92993,26.89465],[75.92963,26.89426],[75.92939,26.89388],[75.92905,26.89335],[75.92877,26.89281],[75.92853,26.89219],[75.92832,26.89157],[75.92814,26.8908],[75.92803,26.88998],[75.92802,26.88945],[75.92808,26.88707],[75.92813,26.88501]]}},{"type":"Feature","properties":{"name":"Jaipur - Bandikui Expressway","highway":"motorway","policy":""},"geometry":{"type":"LineString","coordinates":[[75.92795,26.88708],[75.92789,26.88944],[75.92792,26.88999],[75.92802,26.89082],[75.9282,26.8916],[75.9284,26.89222],[75.92865,26.89283],[75.92893,26.89338],[75.92926,26.89391],[75.92954,26.89433],[75.92983,26.89471],[75.93037,26.89531],[75.93096,26.89588],[75.9314,26.89625],[75.93187,26.8966],[75.93275,26.89714],[75.93388,26.89772]]}},{"type":"Feature","properties":{"name":"Jaipur - Bandikui Expressway","highway":"motorway","policy":""},"geometry":{"type":"LineString","coordinates":[[75.93388,26.89772],[75.93668,26.89927]]}},{"type":"Feature","properties":{"name":"NH48;NH52","highway":"trunk","policy":""},"geometry":{"type":"LineString","coordinates":[[75.72972,26.91528],[75.72983,26.91624],[75.72994,26.91715],[75.73003,26.91811],[75.7302,26.91995],[75.73024,26.92078]]}},{"type":"Feature","properties":{"name":"Flyover","highway":"trunk","policy":""},"geometry":{"type":"LineString","coordinates":[[75.7297,26.9151],[75.72972,26.91528]]}},{"type":"Feature","properties":{"name":"NH48;NH52","highway":"trunk","policy":""},"geometry":{"type":"LineString","coordinates":[[75.73039,26.92076],[75.73034,26.91991],[75.73018,26.91804],[75.73009,26.9172],[75.72999,26.91627],[75.72988,26.91538],[75.72987,26.91528]]}},{"type":"Feature","properties":{"name":"Flyover","highway":"trunk","policy":""},"geometry":{"type":"LineString","coordinates":[[75.72987,26.91528],[75.72985,26.91511]]}},{"type":"Feature","properties":{"name":"NH52","highway":"trunk","policy":""},"geometry":{"type":"LineString","coordinates":[[75.76492,26.84604],[75.76744,26.84057],[75.76756,26.84029],[75.76783,26.83971],[75.76785,26.83966],[75.76791,26.8395]]}},{"type":"Feature","properties":{"name":"NH52","highway":"trunk","policy":""},"geometry":{"type":"LineString","coordinates":[[75.76488,26.84613],[75.76492,26.84604]]}},{"type":"Feature","properties":{"name":"Agra Jaipur Bikaner Road","highway":"trunk","policy":""},"geometry":{"type":"LineString","coordinates":[[75.95247,26.8721],[75.95102,26.87325],[75.9505,26.87369],[75.95037,26.87379],[75.95024,26.87387],[75.95008,26.87397],[75.94988,26.87406],[75.94956,26.87417],[75.94939,26.87421],[75.94918,26.87425],[75.9491,26.87425],[75.94883,26.87426],[75.9484,26.87427],[75.94808,26.87428],[75.94712,26.87435],[75.94611,26.87443],[75.94539,26.87449],[75.94455,26.87458],[75.94404,26.87463],[75.94395,26.87464],[75.94392,26.87465],[75.94338,26.87473],[75.94222,26.87494]]}},{"type":"Feature","properties":{"name":"Agra Jaipur Bikaner Road","highway":"trunk","policy":""},"geometry":{"type":"LineString","coordinates":[[75.94226,26.87507],[75.94241,26.87505],[75.94426,26.87473],[75.94523,26.87461],[75.9457,26.87456],[75.94627,26.87452],[75.94713,26.87444],[75.94869,26.87435],[75.94876,26.87435],[75.94911,26.87434],[75.94918,26.87433],[75.94938,26.8743],[75.94957,26.87426],[75.94979,26.87419],[75.94994,26.87414],[75.95011,26.87405],[75.95031,26.87394],[75.95054,26.87379],[75.9513,26.87315],[75.9526,26.87213]]}},{"type":"Feature","properties":{"name":"NH52","highway":"trunk","policy":""},"geometry":{"type":"LineString","coordinates":[[75.76721,26.9954],[75.7672,26.99552],[75.76725,26.99562]]}},{"type":"Feature","properties":{"name":"Jamwa Ramgarh Road","highway":"trunk","policy":""},"geometry":{"type":"LineString","coordinates":[[75.86238,26.95129],[75.86226,26.9512],[75.86205,26.95106]]}},{"type":"Feature","properties":{"name":"Jaipur Outer Ring Road","highway":"motorway","policy":""},"geometry":{"type":"LineString","coordinates":[[75.91456,26.7502],[75.91348,26.74914],[75.91191,26.74771],[75.90929,26.74531],[75.90737,26.74369]]}},{"type":"Feature","properties":{"name":"Jaipur Outer Ring Road","highway":"motorway","policy":""},"geometry":{"type":"LineString","coordinates":[[75.91479,26.75045],[75.91456,26.7502]]}},{"type":"Feature","properties":{"name":"Jaipur Outer Ring Road","highway":"motorway","policy":""},"geometry":{"type":"LineString","coordinates":[[75.90725,26.74379],[75.90879,26.74509],[75.91352,26.74939],[75.91444,26.75029]]}},{"type":"Feature","properties":{"name":"Jaipur Outer Ring Road","highway":"motorway","policy":""},"geometry":{"type":"LineString","coordinates":[[75.91444,26.75029],[75.91465,26.75052]]}},{"type":"Feature","properties":{"name":"Flyover","highway":"trunk","policy":""},"geometry":{"type":"LineString","coordinates":[[75.77525,26.82866],[75.77552,26.82837]]}},{"type":"Feature","properties":{"name":"Flyover","highway":"trunk","policy":""},"geometry":{"type":"LineString","coordinates":[[75.77542,26.82833],[75.77529,26.82848]]}},{"type":"Feature","properties":{"name":"Flyover","highway":"trunk","policy":""},"geometry":{"type":"LineString","coordinates":[[75.77803,26.82648],[75.7782,26.8263],[75.77832,26.82618],[75.77855,26.82579],[75.77898,26.82495],[75.779,26.8249]]}},{"type":"Feature","properties":{"name":"Flyover","highway":"trunk","policy":""},"geometry":{"type":"LineString","coordinates":[[75.77894,26.82488],[75.77892,26.82491],[75.77875,26.82525],[75.77841,26.82588],[75.77824,26.82614],[75.77814,26.82625],[75.77795,26.82643]]}},{"type":"Feature","properties":{"name":"Flyover","highway":"trunk","policy":""},"geometry":{"type":"LineString","coordinates":[[75.77916,26.82461],[75.77923,26.82446]]}},{"type":"Feature","properties":{"name":"Flyover","highway":"trunk","policy":""},"geometry":{"type":"LineString","coordinates":[[75.77918,26.82441],[75.77908,26.8246]]}},{"type":"Feature","properties":{"name":"Flyover","highway":"trunk","policy":""},"geometry":{"type":"LineString","coordinates":[[75.77908,26.8246],[75.77894,26.82488]]}},{"type":"Feature","properties":{"name":"Flyover","highway":"trunk","policy":""},"geometry":{"type":"LineString","coordinates":[[75.779,26.8249],[75.77916,26.82461]]}},{"type":"Feature","properties":{"name":"NH52","highway":"trunk","policy":""},"geometry":{"type":"LineString","coordinates":[[75.82673,26.77957],[75.82676,26.77954],[75.82678,26.77951],[75.82684,26.77943],[75.82691,26.77934],[75.82694,26.7793]]}},{"type":"Feature","properties":{"name":"Flyover","highway":"trunk","policy":""},"geometry":{"type":"LineString","coordinates":[[75.82694,26.7793],[75.82714,26.77906]]}},{"type":"Feature","properties":{"name":"Flyover","highway":"trunk","policy":""},"geometry":{"type":"LineString","coordinates":[[75.82798,26.77789],[75.82765,26.77832],[75.82708,26.77902]]}},{"type":"Feature","properties":{"name":"Flyover","highway":"trunk","policy":""},"geometry":{"type":"LineString","coordinates":[[75.82708,26.77902],[75.82687,26.77927]]}},{"type":"Feature","properties":{"name":"Flyover","highway":"trunk","policy":""},"geometry":{"type":"LineString","coordinates":[[75.8327,26.77173],[75.83252,26.77192]]}},{"type":"Feature","properties":{"name":"Flyover","highway":"trunk","policy":""},"geometry":{"type":"LineString","coordinates":[[75.83258,26.77197],[75.83279,26.77176]]}},{"type":"Feature","properties":{"name":"Acharya Shri Tulsi Setu","highway":"trunk","policy":""},"geometry":{"type":"LineString","coordinates":[[75.79338,26.91437],[75.79351,26.91442]]}},{"type":"Feature","properties":{"name":"Acharya Shri Tulsi Setu","highway":"trunk","policy":""},"geometry":{"type":"LineString","coordinates":[[75.79351,26.9143],[75.79341,26.91427]]}},{"type":"Feature","properties":{"name":"Flyover","highway":"trunk","policy":""},"geometry":{"type":"LineString","coordinates":[[75.7874,26.91238],[75.7876,26.91246]]}},{"type":"Feature","properties":{"name":"Flyover","highway":"trunk","policy":""},"geometry":{"type":"LineString","coordinates":[[75.7876,26.91238],[75.78747,26.91231]]}},{"type":"Feature","properties":{"name":"Acharya Shri Tulsi Setu","highway":"trunk","policy":""},"geometry":{"type":"LineString","coordinates":[[75.76889,26.89995],[75.76882,26.89991]]}},{"type":"Feature","properties":{"name":"Acharya Shri Tulsi Setu","highway":"trunk","policy":""},"geometry":{"type":"LineString","coordinates":[[75.75416,26.89749],[75.7543,26.89756],[75.75435,26.89758]]}},{"type":"Feature","properties":{"name":"Jamwa Ramgarh Road Flyover","highway":"trunk","policy":""},"geometry":{"type":"LineString","coordinates":[[75.84621,26.90655],[75.8462,26.90647],[75.84605,26.90626]]}},{"type":"Feature","properties":{"name":"Jamwa Ramgarh Road Flyover","highway":"trunk","policy":""},"geometry":{"type":"LineString","coordinates":[[75.84627,26.90662],[75.84621,26.90655]]}},{"type":"Feature","properties":{"name":"Jamwa Ramgarh Road","highway":"trunk","policy":""},"geometry":{"type":"LineString","coordinates":[[75.84383,26.90125],[75.84399,26.90111]]}},{"type":"Feature","properties":{"name":"Jamwa Ramgarh Road Flyover","highway":"trunk","policy":""},"geometry":{"type":"LineString","coordinates":[[75.84361,26.90157],[75.84365,26.90144]]}},{"type":"Feature","properties":{"name":"Flyover","highway":"trunk","policy":""},"geometry":{"type":"LineString","coordinates":[[75.77466,27.00012],[75.77474,27.00017],[75.7749,27.00028]]}},{"type":"Feature","properties":{"name":"Flyover","highway":"trunk","policy":""},"geometry":{"type":"LineString","coordinates":[[75.77498,27.00015],[75.77475,27.00002]]}},{"type":"Feature","properties":{"name":"NH48;NH52","highway":"trunk","policy":""},"geometry":{"type":"LineString","coordinates":[[75.75226,26.97388],[75.75278,26.97464],[75.75349,26.97568],[75.75412,26.97658]]}},{"type":"Feature","properties":{"name":"Flyover","highway":"trunk","policy":""},"geometry":{"type":"LineString","coordinates":[[75.75412,26.97658],[75.75428,26.97681]]}},{"type":"Feature","properties":{"name":"NH48;NH52","highway":"trunk","policy":""},"geometry":{"type":"LineString","coordinates":[[75.7542,26.97651],[75.75388,26.97603],[75.75349,26.97548],[75.75293,26.97466],[75.75236,26.97382]]}},{"type":"Feature","properties":{"name":"Flyover","highway":"trunk","policy":""},"geometry":{"type":"LineString","coordinates":[[75.75438,26.97675],[75.7542,26.97651]]}},{"type":"Feature","properties":{"name":"Flyover","highway":"trunk","policy":""},"geometry":{"type":"LineString","coordinates":[[75.74929,26.97016],[75.74948,26.97031],[75.74968,26.97048],[75.74989,26.97066],[75.75006,26.97083],[75.75021,26.971],[75.75037,26.97118],[75.75054,26.97138],[75.75069,26.97159]]}},{"type":"Feature","properties":{"name":"Flyover","highway":"trunk","policy":""},"geometry":{"type":"LineString","coordinates":[[75.75076,26.97151],[75.75057,26.97124],[75.75041,26.97104],[75.75017,26.97077],[75.74993,26.97056],[75.74975,26.97039],[75.74955,26.97023],[75.74937,26.97009]]}},{"type":"Feature","properties":{"name":"NH48;NH52","highway":"trunk","policy":""},"geometry":{"type":"LineString","coordinates":[[75.7358,26.95944],[75.73661,26.96018],[75.73698,26.96052],[75.73763,26.96105],[75.7382,26.96151],[75.73883,26.96199],[75.7417,26.96423]]}},{"type":"Feature","properties":{"name":"Flyover","highway":"trunk","policy":""},"geometry":{"type":"LineString","coordinates":[[75.7417,26.96423],[75.74199,26.96446]]}},{"type":"Feature","properties":{"name":"NH48;NH52","highway":"trunk","policy":""},"geometry":{"type":"LineString","coordinates":[[75.74178,26.96414],[75.74004,26.96277],[75.73778,26.96099],[75.73671,26.9601],[75.73626,26.95971],[75.7359,26.95938]]}},{"type":"Feature","properties":{"name":"Flyover","highway":"trunk","policy":""},"geometry":{"type":"LineString","coordinates":[[75.7421,26.96439],[75.74178,26.96414]]}},{"type":"Feature","properties":{"name":"NH48;NH52","highway":"trunk","policy":""},"geometry":{"type":"LineString","coordinates":[[75.72929,26.91152],[75.72953,26.91368],[75.7297,26.9151]]}},{"type":"Feature","properties":{"name":"Flyover","highway":"trunk","policy":""},"geometry":{"type":"LineString","coordinates":[[75.72927,26.91132],[75.72929,26.91152]]}},{"type":"Feature","properties":{"name":"NH48;NH52","highway":"trunk","policy":""},"geometry":{"type":"LineString","coordinates":[[75.72985,26.91511],[75.72985,26.91509],[75.72971,26.91379],[75.72944,26.91151]]}},{"type":"Feature","properties":{"name":"Flyover","highway":"trunk","policy":""},"geometry":{"type":"LineString","coordinates":[[75.72944,26.91151],[75.72942,26.91131]]}},{"type":"Feature","properties":{"name":"NH48;NH52","highway":"trunk","policy":""},"geometry":{"type":"LineString","coordinates":[[75.72942,26.91131],[75.72919,26.90927],[75.72897,26.90732],[75.7288,26.90588]]}},{"type":"Feature","properties":{"name":"Flyover","highway":"trunk","policy":""},"geometry":{"type":"LineString","coordinates":[[75.7288,26.90588],[75.72877,26.90565]]}},{"type":"Feature","properties":{"name":"NH48;NH52","highway":"trunk","policy":""},"geometry":{"type":"LineString","coordinates":[[75.72867,26.90591],[75.72882,26.90727],[75.72904,26.90921],[75.72925,26.91112],[75.72927,26.91132]]}},{"type":"Feature","properties":{"name":"Flyover","highway":"trunk","policy":""},"geometry":{"type":"LineString","coordinates":[[75.72864,26.90565],[75.72867,26.90591]]}},{"type":"Feature","properties":{"name":"Jaipur Delhi Road","highway":"trunk","policy":""},"geometry":{"type":"LineString","coordinates":[[75.7749,27.00028],[75.77514,27.00043],[75.77541,27.00061],[75.77816,27.00237],[75.78291,27.00536],[75.78526,27.00685],[75.7876,27.00834],[75.7916,27.01086],[75.79362,27.01214],[75.79464,27.01278],[75.79552,27.01333],[75.79597,27.01362],[75.79637,27.01394],[75.79667,27.01427],[75.79694,27.01461],[75.79792,27.01588],[75.79811,27.01613]]}},{"type":"Feature","properties":{"name":"Jaipur Delhi Road","highway":"trunk","policy":""},"geometry":{"type":"LineString","coordinates":[[75.79832,27.01609],[75.79765,27.01523],[75.79677,27.01414],[75.79663,27.01395],[75.79642,27.01374],[75.7961,27.01349],[75.79573,27.01323],[75.79536,27.01301],[75.79518,27.0129],[75.79106,27.01031],[75.78861,27.00875],[75.78558,27.00686],[75.78534,27.00669],[75.78221,27.00467],[75.77928,27.00286],[75.77696,27.00139],[75.7764,27.00105],[75.7763,27.00098],[75.77585,27.0007],[75.77498,27.00015]]}},{"type":"Feature","properties":{"name":"NH48;NH52","highway":"trunk","policy":""},"geometry":{"type":"LineString","coordinates":[[75.73597,26.89049],[75.73578,26.89093],[75.73566,26.89115],[75.73496,26.8925]]}},{"type":"Feature","properties":{"name":"Agra Jaipur-Bikaner Road Underpass","highway":"trunk","policy":""},"geometry":{"type":"LineString","coordinates":[[75.84217,26.90635],[75.84229,26.90627]]}},{"type":"Feature","properties":{"name":"Agra Jaipur-Bikaner Road Underpass","highway":"trunk","policy":""},"geometry":{"type":"LineString","coordinates":[[75.84464,26.90411],[75.84488,26.90384],[75.84524,26.90339],[75.84528,26.90335]]}},{"type":"Feature","properties":{"name":"Agra Jaipur-Bikaner Road Underpass","highway":"trunk","policy":""},"geometry":{"type":"LineString","coordinates":[[75.84528,26.90335],[75.84544,26.90317]]}},{"type":"Feature","properties":{"name":"Agra Jaipur Bikaner Road","highway":"trunk","policy":""},"geometry":{"type":"LineString","coordinates":[[75.84596,26.9024],[75.84588,26.90249],[75.84584,26.90254],[75.84573,26.90265],[75.84565,26.90276],[75.84558,26.90283],[75.84541,26.90298],[75.84538,26.90304],[75.84533,26.90312]]}},{"type":"Feature","properties":{"name":"Agra Jaipur-Bikaner Road Underpass","highway":"trunk","policy":""},"geometry":{"type":"LineString","coordinates":[[75.84533,26.90312],[75.84527,26.90322],[75.84519,26.90332]]}},{"type":"Feature","properties":{"name":"Agra Jaipur-Bikaner Road Underpass","highway":"trunk","policy":""},"geometry":{"type":"LineString","coordinates":[[75.842,26.90636],[75.84185,26.90643]]}},{"type":"Feature","properties":{"name":"Jaipur - Bandikui Expressway","highway":"motorway","policy":""},"geometry":{"type":"LineString","coordinates":[[75.92736,26.8779],[75.92746,26.87851]]}},{"type":"Feature","properties":{"name":"Jaipur - Bandikui Expressway","highway":"motorway","policy":""},"geometry":{"type":"LineString","coordinates":[[75.92757,26.87784],[75.92745,26.8771],[75.92725,26.87591]]}},{"type":"Feature","properties":{"name":"Jaipur - Bandikui Expressway","highway":"motorway","policy":""},"geometry":{"type":"LineString","coordinates":[[75.92768,26.87848],[75.92757,26.87784]]}},{"type":"Feature","properties":{"name":"Jaipur - Bandikui Expressway","highway":"motorway","policy":""},"geometry":{"type":"LineString","coordinates":[[75.92815,26.88462],[75.92815,26.88398],[75.92817,26.88273],[75.92816,26.88243],[75.92813,26.88207]]}},{"type":"Feature","properties":{"name":"Jaipur - Bandikui Expressway","highway":"motorway","policy":""},"geometry":{"type":"LineString","coordinates":[[75.92813,26.88501],[75.92815,26.88462]]}},{"type":"Feature","properties":{"name":"Jaipur - Bandikui Expressway","highway":"motorway","policy":""},"geometry":{"type":"LineString","coordinates":[[75.92746,26.87851],[75.92758,26.87908],[75.92784,26.88063],[75.92793,26.88153],[75.92798,26.8821]]}},{"type":"Feature","properties":{"name":"Jaipur - Bandikui Expressway","highway":"motorway","policy":""},"geometry":{"type":"LineString","coordinates":[[75.92801,26.88459],[75.92795,26.88708]]}},{"type":"Feature","properties":{"name":"Jaipur Delhi Road","highway":"trunk","policy":""},"geometry":{"type":"LineString","coordinates":[[75.79811,27.01613],[75.79831,27.01638],[75.79888,27.01713],[75.80054,27.01926],[75.80136,27.02033],[75.80226,27.02147],[75.80353,27.02313],[75.80483,27.02475],[75.80672,27.02726]]}},{"type":"Feature","properties":{"name":"Jaipur Delhi Road","highway":"trunk","policy":""},"geometry":{"type":"LineString","coordinates":[[75.80672,27.02726],[75.80681,27.02737]]}},{"type":"Feature","properties":{"name":"Jaipur Delhi Road","highway":"trunk","policy":""},"geometry":{"type":"LineString","coordinates":[[75.80689,27.02715],[75.80599,27.02599],[75.80452,27.02408],[75.80243,27.02139],[75.80155,27.02025],[75.80062,27.01904],[75.79848,27.0163],[75.79832,27.01609]]}},{"type":"Feature","properties":{"name":"Jaipur Delhi Road","highway":"trunk","policy":""},"geometry":{"type":"LineString","coordinates":[[75.80697,27.02726],[75.80689,27.02715]]}},{"type":"Feature","properties":{"name":"Jaipur - Bandikui Expressway","highway":"motorway","policy":""},"geometry":{"type":"LineString","coordinates":[[75.93668,26.89927],[75.93694,26.8994],[75.93953,26.90058],[75.94221,26.90141],[75.94294,26.90163]]}},{"type":"Feature","properties":{"name":"Jaipur - Bandikui Expressway","highway":"motorway","policy":""},"geometry":{"type":"LineString","coordinates":[[75.94294,26.90163],[75.9432,26.90171]]}},{"type":"Feature","properties":{"name":"Jaipur - Bandikui Expressway","highway":"motorway","policy":""},"geometry":{"type":"LineString","coordinates":[[75.94295,26.90146],[75.94228,26.90128],[75.93962,26.90043],[75.93701,26.8993],[75.93672,26.89914]]}},{"type":"Feature","properties":{"name":"Jaipur - Bandikui Expressway","highway":"motorway","policy":""},"geometry":{"type":"LineString","coordinates":[[75.94321,26.90154],[75.94295,26.90146]]}},{"type":"Feature","properties":{"name":"Jaipur - Bandikui Expressway","highway":"motorway","policy":""},"geometry":{"type":"LineString","coordinates":[[75.9432,26.90171],[75.94522,26.90232],[75.94777,26.90306],[75.94943,26.90356]]}},{"type":"Feature","properties":{"name":"Jaipur - Bandikui Expressway","highway":"motorway","policy":""},"geometry":{"type":"LineString","coordinates":[[75.94943,26.90356],[75.94959,26.90361]]}},{"type":"Feature","properties":{"name":"Jaipur - Bandikui Expressway","highway":"motorway","policy":""},"geometry":{"type":"LineString","coordinates":[[75.94947,26.90343],[75.94781,26.90294],[75.94525,26.90219],[75.94321,26.90154]]}},{"type":"Feature","properties":{"name":"Jaipur - Bandikui Expressway","highway":"motorway","policy":""},"geometry":{"type":"LineString","coordinates":[[75.94963,26.90348],[75.94947,26.90343]]}},{"type":"Feature","properties":{"name":"Jaipur - Bandikui Expressway","highway":"motorway","policy":""},"geometry":{"type":"LineString","coordinates":[[75.94959,26.90361],[75.95195,26.90424],[75.9526,26.90439],[75.9537,26.90462],[75.95523,26.90494],[75.95625,26.90515],[75.95661,26.90522]]}},{"type":"Feature","properties":{"name":"Jaipur - Bandikui Expressway","highway":"motorway","policy":""},"geometry":{"type":"LineString","coordinates":[[75.95664,26.90505],[75.95635,26.90498],[75.956,26.90491],[75.95389,26.90449],[75.95368,26.90445],[75.9526,26.90422],[75.952,26.90405],[75.94963,26.90348]]}},{"type":"Feature","properties":{"name":"Jamwa Ramgarh Road , JAIPUR","highway":"trunk","policy":""},"geometry":{"type":"LineString","coordinates":[[75.84849,26.91636],[75.84866,26.91705],[75.84868,26.91716],[75.84879,26.91759],[75.84884,26.91788],[75.84887,26.91813],[75.84887,26.91825],[75.84887,26.91832]]}},{"type":"Feature","properties":{"name":"Jaipur - Bandikui Expressway","highway":"motorway","policy":""},"geometry":{"type":"LineString","coordinates":[[75.92813,26.88207],[75.92807,26.88119],[75.92778,26.87899],[75.92768,26.87848]]}},{"type":"Feature","properties":{"name":"Jaipur - Bandikui Expressway","highway":"motorway","policy":""},"geometry":{"type":"LineString","coordinates":[[75.92798,26.8821],[75.92804,26.88288],[75.92804,26.88304],[75.92804,26.88395],[75.92801,26.88459]]}},{"type":"Feature","properties":{"name":"NH48;NH52","highway":"trunk","policy":""},"geometry":{"type":"LineString","coordinates":[[75.73344,26.89532],[75.73323,26.89574],[75.73258,26.89703]]}},{"type":"Feature","properties":{"name":"NH48;NH52","highway":"trunk","policy":""},"geometry":{"type":"LineString","coordinates":[[75.73258,26.89703],[75.73253,26.89713]]}},{"type":"Feature","properties":{"name":"NH48;NH52","highway":"trunk","policy":""},"geometry":{"type":"LineString","coordinates":[[75.7327,26.89708],[75.73301,26.8965],[75.7334,26.89574],[75.73358,26.89537]]}},{"type":"Feature","properties":{"name":"NH48;NH52","highway":"trunk","policy":""},"geometry":{"type":"LineString","coordinates":[[75.73265,26.89718],[75.7327,26.89708]]}},{"type":"Feature","properties":{"name":"Jaipur Outer Ring Road","highway":"motorway","policy":""},"geometry":{"type":"LineString","coordinates":[[75.92643,26.87156],[75.92658,26.87253],[75.92668,26.87307]]}},{"type":"Feature","properties":{"name":"Jaipur Outer Ring Road","highway":"motorway","policy":""},"geometry":{"type":"LineString","coordinates":[[75.9264,26.87135],[75.92643,26.87156]]}},{"type":"Feature","properties":{"name":"Jaipur Outer Ring Road","highway":"motorway","policy":""},"geometry":{"type":"LineString","coordinates":[[75.92694,26.87365],[75.92677,26.87268],[75.92667,26.87205],[75.92658,26.87154]]}},{"type":"Feature","properties":{"name":"Jaipur Outer Ring Road","highway":"motorway","policy":""},"geometry":{"type":"LineString","coordinates":[[75.92658,26.87154],[75.92655,26.87133]]}},{"type":"Feature","properties":{"name":"Jaipur Outer Ring Road","highway":"motorway","policy":""},"geometry":{"type":"LineString","coordinates":[[75.92422,26.84578],[75.92445,26.84724],[75.9246,26.84859]]}},{"type":"Feature","properties":{"name":"Jaipur Outer Ring Road","highway":"motorway","policy":""},"geometry":{"type":"LineString","coordinates":[[75.92411,26.84533],[75.92422,26.84578]]}},{"type":"Feature","properties":{"name":"Jaipur Outer Ring Road","highway":"motorway","policy":""},"geometry":{"type":"LineString","coordinates":[[75.92478,26.84858],[75.92464,26.84723],[75.92436,26.8457]]}},{"type":"Feature","properties":{"name":"Jaipur Outer Ring Road","highway":"motorway","policy":""},"geometry":{"type":"LineString","coordinates":[[75.92436,26.8457],[75.9243,26.84542]]}},{"type":"Feature","properties":{"name":"Jaipur Outer Ring Road","highway":"motorway","policy":""},"geometry":{"type":"LineString","coordinates":[[75.92043,26.83446],[75.92064,26.83492],[75.92092,26.83564],[75.92154,26.8374]]}},{"type":"Feature","properties":{"name":"Jaipur Outer Ring Road","highway":"motorway","policy":""},"geometry":{"type":"LineString","coordinates":[[75.92037,26.83433],[75.92043,26.83446]]}},{"type":"Feature","properties":{"name":"Jaipur Outer Ring Road","highway":"motorway","policy":""},"geometry":{"type":"LineString","coordinates":[[75.92167,26.83731],[75.9213,26.83619],[75.92093,26.83515],[75.92058,26.8344]]}},{"type":"Feature","properties":{"name":"Jaipur Outer Ring Road","highway":"motorway","policy":""},"geometry":{"type":"LineString","coordinates":[[75.92058,26.8344],[75.92052,26.83426]]}},{"type":"Feature","properties":{"name":"ORR","highway":"motorway","policy":""},"geometry":{"type":"LineString","coordinates":[[75.91733,26.82717],[75.91749,26.8279],[75.91764,26.82837],[75.9178,26.82877],[75.918,26.82923],[75.91865,26.83062],[75.91957,26.83258],[75.91993,26.83339],[75.92003,26.8336],[75.92037,26.83433]]}},{"type":"Feature","properties":{"name":"Jaipur Outer Ring Road","highway":"motorway","policy":""},"geometry":{"type":"LineString","coordinates":[[75.91728,26.82687],[75.91733,26.82717]]}},{"type":"Feature","properties":{"name":"Jaipur Outer Ring Road","highway":"motorway","policy":""},"geometry":{"type":"LineString","coordinates":[[75.92052,26.83426],[75.92012,26.83339],[75.92009,26.83332],[75.92009,26.83332],[75.9195,26.83209],[75.9191,26.83122],[75.91859,26.83012],[75.91809,26.82908],[75.91793,26.8287],[75.9178,26.82834],[75.91759,26.82766],[75.91748,26.82714]]}},{"type":"Feature","properties":{"name":"Jaipur Outer Ring Road","highway":"motorway","policy":""},"geometry":{"type":"LineString","coordinates":[[75.91748,26.82714],[75.91744,26.82686]]}},{"type":"Feature","properties":{"name":"NH11","highway":"trunk","policy":""},"geometry":{"type":"LineString","coordinates":[[75.77529,26.82848],[75.77498,26.82878],[75.77494,26.82882],[75.77412,26.82967]]}},{"type":"Feature","properties":{"name":"NH11","highway":"trunk","policy":""},"geometry":{"type":"LineString","coordinates":[[75.77412,26.82967],[75.77406,26.82973]]}},{"type":"Feature","properties":{"name":"Mirza Ismail Road","highway":"trunk","policy":""},"geometry":{"type":"LineString","coordinates":[[75.803,26.91725],[75.80313,26.91722],[75.80357,26.91715],[75.80385,26.9171],[75.804,26.91708],[75.80437,26.91702],[75.80449,26.917],[75.80465,26.91698],[75.80472,26.91696],[75.80501,26.91691],[75.80529,26.91687],[75.80551,26.91684],[75.80577,26.9168],[75.80612,26.91674],[75.80639,26.91669]]}},{"type":"Feature","properties":{"name":"Mirza Ismail Road","highway":"trunk","policy":""},"geometry":{"type":"LineString","coordinates":[[75.80664,26.91665],[75.80674,26.91664]]}},{"type":"Feature","properties":{"name":"Mirza Ismail Road","highway":"trunk","policy":""},"geometry":{"type":"LineString","coordinates":[[75.80639,26.91669],[75.80664,26.91665]]}},{"type":"Feature","properties":{"name":"Agra Jaipur Bikaner Road","highway":"trunk","policy":""},"geometry":{"type":"LineString","coordinates":[[75.9022,26.88327],[75.90273,26.8831],[75.90384,26.88273],[75.90412,26.88265],[75.90442,26.88259],[75.90479,26.88252],[75.9054,26.88243],[75.90696,26.88228],[75.9086,26.8821],[75.90896,26.88205],[75.90946,26.88197],[75.91031,26.8818],[75.91401,26.88102],[75.91489,26.88084],[75.91666,26.88048],[75.9216,26.87944],[75.92178,26.8794],[75.92281,26.8792],[75.9244,26.87889],[75.92482,26.8788],[75.92528,26.8787],[75.92573,26.8786],[75.92677,26.87836],[75.927,26.87831],[75.92776,26.87815],[75.92812,26.87807],[75.92973,26.8777],[75.92985,26.87768],[75.93093,26.87739],[75.93651,26.87597],[75.937,26.87585],[75.93738,26.87577],[75.93775,26.87572],[75.9394,26.87549],[75.93949,26.87548]]}},{"type":"Feature","properties":{"name":"Agra Jaipur Bikaner Road","highway":"trunk","policy":""},"geometry":{"type":"LineString","coordinates":[[75.90195,26.88335],[75.9022,26.88327]]}},{"type":"Feature","properties":{"name":"Agra Jaipur Bikaner Road","highway":"trunk","policy":""},"geometry":{"type":"LineString","coordinates":[[75.93946,26.87533],[75.93816,26.87552],[75.9378,26.87558],[75.93728,26.87568],[75.93647,26.87589],[75.93565,26.8761],[75.93529,26.87619],[75.93271,26.87685],[75.93092,26.87729],[75.92971,26.87759],[75.92934,26.87768],[75.92913,26.87773],[75.92833,26.87792],[75.9283,26.87793],[75.9279,26.87802],[75.92703,26.87821],[75.92673,26.87828],[75.92582,26.87848],[75.92573,26.8785],[75.9255,26.87855],[75.9241,26.87884],[75.92289,26.87909],[75.92176,26.87932],[75.92161,26.87936],[75.92042,26.8796],[75.91746,26.88021],[75.91412,26.8809],[75.91252,26.88124],[75.9103,26.88171],[75.90948,26.88187],[75.90903,26.88195],[75.90865,26.882],[75.90862,26.88201],[75.90698,26.88219],[75.90542,26.88235],[75.90476,26.88244],[75.90438,26.88251],[75.90408,26.88258],[75.90378,26.88266],[75.90216,26.88317]]}},{"type":"Feature","properties":{"name":"Agra Jaipur Bikaner Road","highway":"trunk","policy":""},"geometry":{"type":"LineString","coordinates":[[75.90216,26.88317],[75.90192,26.88325]]}},{"type":"Feature","properties":{"name":"Mirza Ismail Road","highway":"trunk","policy":""},"geometry":{"type":"LineString","coordinates":[[75.80731,26.91656],[75.80828,26.91646],[75.80885,26.9164],[75.80927,26.91634],[75.80977,26.91625]]}},{"type":"Feature","properties":{"name":"Mirza Ismail Road","highway":"trunk","policy":""},"geometry":{"type":"LineString","coordinates":[[75.80988,26.91612],[75.80984,26.91613],[75.80983,26.91613],[75.80981,26.91614],[75.80978,26.91617],[75.80976,26.9162],[75.80976,26.91624],[75.80977,26.91625],[75.80977,26.91627],[75.8098,26.9163],[75.80983,26.91632],[75.80988,26.91633],[75.80992,26.91632],[75.80995,26.9163],[75.80998,26.91627],[75.80999,26.91624],[75.80999,26.91622],[75.80999,26.91621],[75.80998,26.91617],[75.80995,26.91615],[75.80992,26.91613],[75.80988,26.91612]]}},{"type":"Feature","properties":{"name":"NH52","highway":"trunk","policy":""},"geometry":{"type":"LineString","coordinates":[[75.74354,26.87942],[75.74344,26.87944],[75.74333,26.87948],[75.7432,26.87958],[75.74305,26.87976]]}},{"type":"Feature","properties":{"name":"NH52","highway":"trunk","policy":""},"geometry":{"type":"LineString","coordinates":[[75.74366,26.87941],[75.74354,26.87942]]}},{"type":"Feature","properties":{"name":"NH52","highway":"trunk","policy":""},"geometry":{"type":"LineString","coordinates":[[75.74378,26.8794],[75.74366,26.87941]]}},{"type":"Feature","properties":{"name":"Agra Jaipur Bikaner Road","highway":"trunk","policy":""},"geometry":{"type":"LineString","coordinates":[[75.88419,26.8882],[75.88434,26.88816]]}},{"type":"Feature","properties":{"name":"Agra Jaipur Bikaner Road","highway":"trunk","policy":""},"geometry":{"type":"LineString","coordinates":[[75.88411,26.88822],[75.88419,26.8882]]}},{"type":"Feature","properties":{"name":"Agra Jaipur Bikaner Road","highway":"trunk","policy":""},"geometry":{"type":"LineString","coordinates":[[75.90192,26.88325],[75.89966,26.88394],[75.89786,26.88445],[75.8973,26.8846],[75.88898,26.88686],[75.88414,26.8881]]}},{"type":"Feature","properties":{"name":"Agra Jaipur Bikaner Road","highway":"trunk","policy":""},"geometry":{"type":"LineString","coordinates":[[75.88414,26.8881],[75.88407,26.88811]]}},{"type":"Feature","properties":{"name":"Agra Jaipur Bikaner Road","highway":"trunk","policy":""},"geometry":{"type":"LineString","coordinates":[[75.88434,26.88816],[75.88907,26.88694],[75.89108,26.8864],[75.89166,26.88624],[75.89383,26.88565],[75.89551,26.88519],[75.89605,26.88505],[75.89629,26.88498],[75.89733,26.88469],[75.8997,26.88404],[75.89989,26.88398],[75.90044,26.88381],[75.90195,26.88335]]}},{"type":"Feature","properties":{"name":"Mirza Ismail Road","highway":"trunk","policy":""},"geometry":{"type":"LineString","coordinates":[[75.80674,26.91664],[75.80724,26.91657]]}},{"type":"Feature","properties":{"name":"Mirza Ismail Road","highway":"trunk","policy":""},"geometry":{"type":"LineString","coordinates":[[75.80724,26.91657],[75.80731,26.91656]]}}]}