{"type":"FeatureCollection","features":[{"type":"Feature","properties":{"name":"Vidyasagar Flyover","highway":"trunk","policy":""},"geometry":{"type":"LineString","coordinates":[[88.33182,22.55389],[88.33072,22.55483],[88.32997,22.5554],[88.32786,22.5571],[88.32632,22.55827],[88.32519,22.55913]]}},{"type":"Feature","properties":{"name":"Belvedere Road","highway":"trunk","policy":""},"geometry":{"type":"LineString","coordinates":[[88.33189,22.53302],[88.33192,22.53337],[88.33198,22.53381],[88.33205,22.53401],[88.33214,22.53412],[88.33225,22.53422],[88.33238,22.53432],[88.33261,22.53442],[88.33285,22.53453],[88.33299,22.53466],[88.33311,22.53479]]}},{"type":"Feature","properties":{"name":"Vidyasagar Flyover","highway":"trunk","policy":""},"geometry":{"type":"LineString","coordinates":[[88.3317,22.54224],[88.33135,22.54243],[88.33104,22.54259],[88.33072,22.54279],[88.33039,22.54305],[88.33007,22.54341],[88.32985,22.54379],[88.32977,22.54399],[88.32969,22.5444],[88.32965,22.5447],[88.32965,22.54495],[88.32966,22.54518],[88.32988,22.54644],[88.33,22.54737],[88.33007,22.54765],[88.33018,22.54795],[88.33033,22.54818],[88.33057,22.54859],[88.33081,22.549],[88.33105,22.54935],[88.33151,22.55009],[88.33195,22.55086]]}},{"type":"Feature","properties":{"name":"Alipore Road","highway":"trunk","policy":""},"geometry":{"type":"LineString","coordinates":[[88.332,22.533],[88.33195,22.53175],[88.33188,22.5311],[88.33184,22.53069],[88.33182,22.53052],[88.33181,22.53046],[88.33175,22.53007],[88.3317,22.52956],[88.33168,22.52946],[88.33166,22.52928],[88.33151,22.5283],[88.33141,22.52771],[88.33136,22.52754]]}},{"type":"Feature","properties":{"name":"Diamond Harbour Road","highway":"trunk","policy":""},"geometry":{"type":"LineString","coordinates":[[88.30704,22.46304],[88.30751,22.46458],[88.30766,22.46507],[88.30782,22.46561],[88.308,22.46619],[88.30809,22.46641],[88.30846,22.46736],[88.30853,22.46748],[88.30867,22.46775],[88.30903,22.46842]]}},{"type":"Feature","properties":{"name":"NH12","highway":"trunk","policy":""},"geometry":{"type":"LineString","coordinates":[[88.31816,22.56356],[88.31782,22.5638],[88.3168,22.56447],[88.31656,22.56462],[88.31618,22.56489],[88.31591,22.56509],[88.31537,22.56547],[88.3146,22.56609],[88.31435,22.56625]]}},{"type":"Feature","properties":{"name":"NH112","highway":"trunk","policy":""},"geometry":{"type":"LineString","coordinates":[[88.47549,22.71139],[88.47573,22.71143],[88.47592,22.71145],[88.47623,22.71145],[88.47648,22.71145],[88.47739,22.7114],[88.47758,22.71139],[88.47772,22.71139],[88.47802,22.71137],[88.47806,22.71136],[88.47851,22.71135],[88.47869,22.71137],[88.47875,22.71138],[88.47882,22.7114],[88.47902,22.71148],[88.47932,22.71164],[88.47949,22.71175],[88.47964,22.71185],[88.47978,22.71198],[88.47989,22.71216],[88.47997,22.71234],[88.48005,22.71256],[88.48012,22.71272],[88.48018,22.7128],[88.48026,22.71286],[88.48034,22.71288],[88.48043,22.71289],[88.48052,22.71289],[88.48066,22.7129],[88.48078,22.71294],[88.48094,22.71302],[88.48113,22.71314],[88.48125,22.71322],[88.4816,22.71341],[88.48169,22.71347],[88.48175,22.71351],[88.48188,22.71361],[88.48201,22.71372],[88.48212,22.71388],[88.4822,22.71401],[88.48233,22.71424],[88.48235,22.71429],[88.48244,22.71445],[88.48248,22.71457],[88.4825,22.71467],[88.48252,22.71481],[88.48251,22.71499],[88.48252,22.71512],[88.48254,22.71526],[88.48259,22.71544],[88.48264,22.71559],[88.48273,22.71577],[88.48282,22.71597],[88.48299,22.71632],[88.48313,22.71656],[88.48313,22.71658],[88.48337,22.71699],[88.48346,22.71714],[88.48368,22.71749],[88.48382,22.7177],[88.48399,22.71791],[88.48412,22.71809],[88.48416,22.71814],[88.48424,22.71825],[88.4844,22.71847],[88.48455,22.71863],[88.48462,22.71868],[88.48472,22.71876],[88.48491,22.71889],[88.48515,22.71899],[88.48557,22.71919]]}},{"type":"Feature","properties":{"name":"Jessore Road","highway":"trunk","policy":""},"geometry":{"type":"LineString","coordinates":[[88.47044,22.70136],[88.46988,22.70037],[88.46983,22.7003],[88.46976,22.70014],[88.46968,22.69996],[88.46956,22.69963],[88.46948,22.6994],[88.46928,22.6988],[88.4692,22.69863],[88.4688,22.69797],[88.46861,22.69764],[88.46846,22.69737],[88.46822,22.69686],[88.46818,22.69678],[88.46792,22.69626],[88.46776,22.69598],[88.46773,22.69591],[88.4676,22.69567],[88.46717,22.69496],[88.46695,22.69464],[88.46688,22.69455],[88.46679,22.69441],[88.46631,22.69376],[88.4661,22.69348],[88.46604,22.69339],[88.46588,22.69316],[88.46574,22.69296],[88.46564,22.69278],[88.46563,22.69277],[88.46546,22.69248],[88.46541,22.69239]]}},{"type":"Feature","properties":{"name":"NH12;NH16","highway":"trunk","policy":""},"geometry":{"type":"LineString","coordinates":[[88.3088,22.65335],[88.30873,22.65315],[88.30702,22.64784],[88.30665,22.6468],[88.30635,22.64592],[88.30576,22.64402],[88.30497,22.64163],[88.30396,22.63858],[88.3035,22.63718],[88.30258,22.63442],[88.30253,22.63428],[88.30156,22.63129],[88.30107,22.62987],[88.30084,22.6293],[88.30062,22.62888],[88.30051,22.62871],[88.30039,22.62852],[88.30009,22.62812],[88.29999,22.62801],[88.29973,22.62774],[88.29951,22.62753],[88.2993,22.62735],[88.29906,22.62716],[88.29882,22.627],[88.29866,22.62689],[88.29845,22.62676],[88.29793,22.62651],[88.29747,22.62632],[88.29654,22.62595]]}},{"type":"Feature","properties":{"name":"Majherhat Flyover","highway":"trunk","policy":""},"geometry":{"type":"LineString","coordinates":[[88.32336,22.51697],[88.32326,22.51648]]}},{"type":"Feature","properties":{"name":"Majherhat Flyover","highway":"trunk","policy":""},"geometry":{"type":"LineString","coordinates":[[88.32441,22.52123],[88.3243,22.5208],[88.32403,22.5197]]}},{"type":"Feature","properties":{"name":"NH12","highway":"trunk","policy":""},"geometry":{"type":"LineString","coordinates":[[88.30923,22.56773],[88.30976,22.56763],[88.31122,22.56737]]}},{"type":"Feature","properties":{"name":"Kona Expressway","highway":"trunk","policy":""},"geometry":{"type":"LineString","coordinates":[[88.30156,22.57565],[88.301,22.57636],[88.30018,22.57731],[88.29962,22.57811],[88.29897,22.57903],[88.29865,22.57936],[88.29839,22.57959],[88.29811,22.57979],[88.29617,22.58109],[88.29579,22.58135],[88.29424,22.58245],[88.2939,22.58274]]}},{"type":"Feature","properties":{"name":"Vidyasagar Flyover","highway":"trunk","policy":""},"geometry":{"type":"LineString","coordinates":[[88.32531,22.55921],[88.32648,22.55834],[88.32809,22.55709],[88.32974,22.55577],[88.33088,22.55485],[88.33141,22.55441],[88.33188,22.55401],[88.33211,22.55369],[88.3324,22.5532],[88.33253,22.55284],[88.33259,22.55234]]}},{"type":"Feature","properties":{"name":"Taratala Flyover","highway":"trunk","policy":""},"geometry":{"type":"LineString","coordinates":[[88.32285,22.51484],[88.32238,22.51317],[88.32213,22.51244],[88.3221,22.51236],[88.32188,22.51177],[88.32145,22.51044]]}},{"type":"Feature","properties":{"name":"Taratala Flyover","highway":"trunk","policy":""},"geometry":{"type":"LineString","coordinates":[[88.32138,22.51055],[88.32202,22.51238],[88.32205,22.51246],[88.32233,22.51322],[88.32279,22.5149]]}},{"type":"Feature","properties":{"name":"Diamond Harbour Road","highway":"trunk","policy":""},"geometry":{"type":"LineString","coordinates":[[88.32452,22.52196],[88.32456,22.52208]]}},{"type":"Feature","properties":{"name":"Belghoria Expressway","highway":"trunk","policy":""},"geometry":{"type":"LineString","coordinates":[[88.43779,22.65312],[88.43766,22.65315],[88.43742,22.65321],[88.43695,22.65337],[88.43611,22.65364],[88.43597,22.65368],[88.43588,22.6537],[88.43576,22.65372],[88.43555,22.65374],[88.43537,22.65375],[88.43517,22.65375],[88.43501,22.65374],[88.43484,22.65372],[88.43469,22.6537],[88.43435,22.65361]]}},{"type":"Feature","properties":{"name":"Burdwan Road","highway":"trunk","policy":""},"geometry":{"type":"LineString","coordinates":[[88.3303,22.52217],[88.32944,22.52223],[88.3292,22.52224],[88.32917,22.52225],[88.32914,22.52225],[88.32912,22.52225],[88.3288,22.52214],[88.32854,22.52204],[88.32841,22.52203],[88.32838,22.52202],[88.32826,22.52202],[88.32803,22.52207],[88.3279,22.5221],[88.32785,22.52212],[88.32735,22.52223],[88.32717,22.52227],[88.32641,22.52245],[88.32621,22.52247],[88.32598,22.52247],[88.32583,22.52239],[88.32571,22.52227],[88.32558,22.52212],[88.32544,22.52197],[88.3254,22.52194],[88.32536,22.52192],[88.32525,22.5219],[88.32484,22.52193],[88.32457,22.52195]]}},{"type":"Feature","properties":{"name":"Acharya Jagadish Chandra Bose Road","highway":"trunk","policy":""},"geometry":{"type":"LineString","coordinates":[[88.34068,22.5408],[88.33944,22.54046],[88.33938,22.54044]]}},{"type":"Feature","properties":{"name":"NH16","highway":"trunk","policy":""},"geometry":{"type":"LineString","coordinates":[[88.23158,22.60019],[88.22972,22.59939],[88.22793,22.59861],[88.22707,22.59825],[88.22636,22.59789],[88.22573,22.59741],[88.22484,22.59647],[88.22338,22.59465],[88.22218,22.59326],[88.22061,22.59132],[88.22002,22.5906],[88.21717,22.58712],[88.21561,22.58515],[88.21538,22.58487]]}},{"type":"Feature","properties":{"name":"Judges Court Road","highway":"trunk","policy":""},"geometry":{"type":"LineString","coordinates":[[88.32588,22.52712],[88.32634,22.52706]]}},{"type":"Feature","properties":{"name":"Vidyasagar Flyover","highway":"trunk","policy":""},"geometry":{"type":"LineString","coordinates":[[88.33259,22.55234],[88.33258,22.55212],[88.33255,22.55192],[88.33247,22.55161],[88.33234,22.55129],[88.3315,22.54974],[88.33125,22.5493],[88.3311,22.54901],[88.331,22.5488]]}},{"type":"Feature","properties":{"name":"Kona Expressway","highway":"trunk","policy":""},"geometry":{"type":"LineString","coordinates":[[88.26515,22.59234],[88.26475,22.59274],[88.26425,22.59337],[88.26382,22.59401],[88.26365,22.59426],[88.26358,22.59441],[88.26314,22.59525],[88.26268,22.59635],[88.26157,22.59959],[88.26118,22.60063],[88.26093,22.60135],[88.26084,22.60159],[88.26074,22.60187],[88.26059,22.60244],[88.26045,22.60286],[88.25943,22.6058]]}},{"type":"Feature","properties":{"name":"Kona Expressway","highway":"trunk","policy":""},"geometry":{"type":"LineString","coordinates":[[88.26094,22.6017],[88.26097,22.60161],[88.26124,22.60079],[88.26156,22.59988],[88.26165,22.59963],[88.2628,22.59634],[88.26313,22.59551],[88.26359,22.59462],[88.26401,22.59389],[88.2641,22.59373],[88.26487,22.59277],[88.26523,22.59239]]}},{"type":"Feature","properties":{"name":"NH16","highway":"trunk","policy":""},"geometry":{"type":"LineString","coordinates":[[88.25575,22.60614],[88.2569,22.60608],[88.25737,22.60606],[88.25776,22.60606],[88.2581,22.60608],[88.25835,22.6061],[88.25862,22.60615],[88.25888,22.60619],[88.2592,22.60628],[88.25945,22.60636],[88.25975,22.60646],[88.26049,22.60675],[88.26078,22.60688],[88.26214,22.60739],[88.26381,22.60805],[88.26497,22.60853]]}},{"type":"Feature","properties":{"name":"Durgapur Expressway","highway":"trunk","policy":""},"geometry":{"type":"LineString","coordinates":[[88.2599,22.76579],[88.26167,22.76236],[88.26417,22.75753],[88.26474,22.75643],[88.26484,22.75625],[88.26557,22.75483],[88.26578,22.75439],[88.26596,22.75398],[88.26633,22.75303],[88.26639,22.75287],[88.26769,22.74943],[88.26818,22.74818],[88.26876,22.74661],[88.26884,22.74639],[88.26904,22.74584],[88.26936,22.74504],[88.26991,22.74358],[88.27017,22.74289],[88.27233,22.73712],[88.2746,22.73102],[88.27556,22.72844],[88.27653,22.72586],[88.27692,22.72479],[88.27731,22.72375],[88.27743,22.72347],[88.27754,22.72321],[88.27778,22.72265],[88.27802,22.7221],[88.27829,22.72153],[88.28093,22.71591],[88.28402,22.70934]]}},{"type":"Feature","properties":{"name":"Durgapur Expressway","highway":"trunk","policy":""},"geometry":{"type":"LineString","coordinates":[[88.28394,22.70915],[88.28316,22.71083],[88.28236,22.71251],[88.28078,22.71587],[88.28032,22.71683],[88.27971,22.71802],[88.279,22.71965],[88.27813,22.72149],[88.27787,22.72206],[88.27763,22.7226],[88.27748,22.72295],[88.27734,22.72329],[88.27716,22.72372],[88.27676,22.72476],[88.27638,22.72583],[88.2754,22.72843],[88.27444,22.73101],[88.27392,22.73239],[88.27219,22.73706],[88.27002,22.74285],[88.26996,22.74302],[88.26978,22.74355],[88.26969,22.74378],[88.26922,22.74498],[88.26865,22.74649],[88.26853,22.7468],[88.26818,22.74771],[88.26801,22.74814],[88.26789,22.74847],[88.26761,22.74921],[88.26634,22.75254],[88.26618,22.75297],[88.26616,22.75302],[88.26576,22.75406],[88.26561,22.75438],[88.26545,22.75471],[88.26468,22.75621],[88.2646,22.75638],[88.26401,22.75749],[88.26174,22.7619],[88.26147,22.76241],[88.26062,22.76405],[88.25974,22.76576]]}},{"type":"Feature","properties":{"name":"NH19","highway":"trunk","policy":""},"geometry":{"type":"LineString","coordinates":[[88.30575,22.66199],[88.30613,22.66139]]}},{"type":"Feature","properties":{"name":"Durgapur Expressway","highway":"trunk","policy":""},"geometry":{"type":"LineString","coordinates":[[88.28402,22.70934],[88.28421,22.70895]]}},{"type":"Feature","properties":{"name":"NH19","highway":"trunk","policy":""},"geometry":{"type":"LineString","coordinates":[[88.30605,22.66135],[88.30562,22.662]]}},{"type":"Feature","properties":{"name":"Durgapur Expressway","highway":"trunk","policy":""},"geometry":{"type":"LineString","coordinates":[[88.28411,22.70879],[88.28394,22.70915]]}},{"type":"Feature","properties":{"name":"Durgapur Expressway","highway":"trunk","policy":""},"geometry":{"type":"LineString","coordinates":[[88.30562,22.662],[88.30544,22.66227],[88.30527,22.66253],[88.30514,22.66278],[88.30503,22.66301],[88.30492,22.66324],[88.30475,22.66365],[88.30463,22.6639],[88.30448,22.66424],[88.30363,22.66615],[88.30256,22.66851],[88.30197,22.66979],[88.30188,22.67]]}},{"type":"Feature","properties":{"name":"Durgapur Expressway","highway":"trunk","policy":""},"geometry":{"type":"LineString","coordinates":[[88.30312,22.6675],[88.30332,22.66706],[88.30344,22.6668],[88.30358,22.66648],[88.30371,22.66619],[88.30405,22.66544],[88.30462,22.66419],[88.30503,22.66326],[88.30518,22.66292],[88.3053,22.66269],[88.30548,22.66241],[88.30575,22.66199]]}},{"type":"Feature","properties":{"name":"NH19","highway":"trunk","policy":""},"geometry":{"type":"LineString","coordinates":[[88.30613,22.66139],[88.30659,22.66071]]}},{"type":"Feature","properties":{"name":"NH19","highway":"motorway","policy":""},"geometry":{"type":"LineString","coordinates":[[88.31319,22.65786],[88.31275,22.65802],[88.31233,22.65816],[88.31208,22.65821],[88.31192,22.65822],[88.31179,22.65823],[88.31163,22.65824],[88.31148,22.65823],[88.31129,22.65822],[88.31103,22.65818],[88.31079,22.65812],[88.3105,22.65804],[88.31,22.65791],[88.3091,22.65764],[88.30826,22.6574],[88.30802,22.65733],[88.30768,22.65726],[88.30743,22.65725],[88.30719,22.65728],[88.30699,22.65734],[88.30677,22.65745],[88.30659,22.65758],[88.30645,22.65772],[88.30635,22.65787],[88.30629,22.65802],[88.30624,22.6582],[88.30623,22.65836],[88.30624,22.65853],[88.30628,22.65867],[88.30635,22.65882],[88.30643,22.65896],[88.30653,22.65913],[88.30662,22.6593],[88.30671,22.65953],[88.30673,22.65965],[88.30675,22.65978],[88.30675,22.65992],[88.30673,22.66007],[88.30671,22.6602],[88.30667,22.66033],[88.30663,22.66043],[88.30651,22.66066]]}},{"type":"Feature","properties":{"name":"Belghoria Expressway","highway":"motorway","policy":""},"geometry":{"type":"LineString","coordinates":[[88.34466,22.65235],[88.34449,22.65246],[88.34432,22.65256],[88.34411,22.65266],[88.34394,22.65274],[88.34375,22.65279],[88.34357,22.65283],[88.34339,22.65284],[88.34322,22.65284],[88.34303,22.65283],[88.34284,22.6528],[88.34259,22.65274],[88.34224,22.65265],[88.34194,22.65257],[88.3417,22.65252],[88.34143,22.65248],[88.34119,22.65248],[88.3409,22.65248]]}},{"type":"Feature","properties":{"name":"Belghoria Expressway","highway":"motorway","policy":""},"geometry":{"type":"LineString","coordinates":[[88.34613,22.6516],[88.34645,22.65154],[88.3468,22.65153],[88.34712,22.65157],[88.34846,22.65197],[88.34883,22.65207],[88.34916,22.65214],[88.34945,22.65218],[88.35033,22.65227],[88.35784,22.65291],[88.35914,22.65302],[88.36056,22.65313]]}},{"type":"Feature","properties":{"name":"Belghoria Expressway","highway":"motorway","policy":""},"geometry":{"type":"LineString","coordinates":[[88.34091,22.6526],[88.34116,22.65259],[88.34142,22.6526],[88.34163,22.65263],[88.34188,22.65268],[88.3422,22.65276],[88.34252,22.65285],[88.34283,22.65292],[88.34322,22.65297],[88.34358,22.65295],[88.34388,22.6529],[88.34412,22.6528],[88.34446,22.65262],[88.34488,22.65233]]}},{"type":"Feature","properties":{"name":"Belghoria Expressway","highway":"motorway","policy":""},"geometry":{"type":"LineString","coordinates":[[88.36069,22.65299],[88.35998,22.65297],[88.35918,22.65291],[88.35789,22.65278],[88.35044,22.65215],[88.34986,22.6521],[88.34934,22.65205],[88.34902,22.652],[88.34874,22.65194],[88.34838,22.65184],[88.3478,22.65165],[88.34748,22.65156],[88.34714,22.65147],[88.34687,22.65144],[88.34664,22.65142],[88.34635,22.65145],[88.34609,22.6515]]}},{"type":"Feature","properties":{"name":"Belghoria Expressway","highway":"motorway","policy":""},"geometry":{"type":"LineString","coordinates":[[88.31958,22.65596],[88.32042,22.65561],[88.32087,22.65545],[88.32124,22.65532],[88.32163,22.6552],[88.32233,22.65503],[88.32298,22.65488],[88.32483,22.65457],[88.32514,22.6545],[88.32678,22.65414],[88.32833,22.65369],[88.32909,22.6535],[88.33042,22.65321],[88.33137,22.65301],[88.33181,22.65295],[88.33237,22.65288],[88.33288,22.65285],[88.33348,22.65282],[88.33593,22.65274],[88.33806,22.65267],[88.34016,22.65262]]}},{"type":"Feature","properties":{"name":"Belghoria Expressway","highway":"motorway","policy":""},"geometry":{"type":"LineString","coordinates":[[88.34014,22.65249],[88.33802,22.65256],[88.3369,22.6526],[88.33593,22.65263],[88.33447,22.65268],[88.33333,22.65272],[88.33291,22.65274],[88.33249,22.65276],[88.3321,22.6528],[88.33159,22.65287],[88.33118,22.65295],[88.33077,22.65303],[88.32982,22.65323],[88.32878,22.65345],[88.32833,22.65353],[88.3267,22.6538],[88.32505,22.65411],[88.32475,22.65418],[88.3229,22.65471],[88.32163,22.65508],[88.321,22.65528],[88.32039,22.65552],[88.31961,22.65583],[88.31951,22.65588]]}},{"type":"Feature","properties":{"name":"Belghoria Expressway Underpass","highway":"motorway","policy":""},"geometry":{"type":"LineString","coordinates":[[88.36669,22.65385],[88.36714,22.65441]]}},{"type":"Feature","properties":{"name":"NH12","highway":"motorway","policy":""},"geometry":{"type":"LineString","coordinates":[[88.31951,22.65588],[88.31925,22.65599]]}},{"type":"Feature","properties":{"name":"Belghoria Expressway","highway":"motorway","policy":""},"geometry":{"type":"LineString","coordinates":[[88.3409,22.65248],[88.34014,22.65249]]}},{"type":"Feature","properties":{"name":"Belghoria Expressway","highway":"motorway","policy":""},"geometry":{"type":"LineString","coordinates":[[88.34488,22.65233],[88.3453,22.65204]]}},{"type":"Feature","properties":{"name":"NH12","highway":"motorway","policy":""},"geometry":{"type":"LineString","coordinates":[[88.31378,22.65768],[88.31319,22.65786]]}},{"type":"Feature","properties":{"name":"NH12","highway":"motorway","policy":""},"geometry":{"type":"LineString","coordinates":[[88.31932,22.65608],[88.31958,22.65596]]}},{"type":"Feature","properties":{"name":"Belghoria Expressway","highway":"motorway","policy":""},"geometry":{"type":"LineString","coordinates":[[88.34016,22.65262],[88.34091,22.6526]]}},{"type":"Feature","properties":{"name":"Belghoria Expressway","highway":"motorway","policy":""},"geometry":{"type":"LineString","coordinates":[[88.3451,22.65204],[88.34466,22.65235]]}},{"type":"Feature","properties":{"name":"Belghoria Expressway Flyover","highway":"motorway","policy":""},"geometry":{"type":"LineString","coordinates":[[88.36465,22.65281],[88.36177,22.65301],[88.36155,22.65302],[88.36112,22.65301],[88.36069,22.65299]]}},{"type":"Feature","properties":{"name":"Belghoria Expressway","highway":"motorway","policy":""},"geometry":{"type":"LineString","coordinates":[[88.3453,22.65204],[88.34543,22.65194],[88.34559,22.65184],[88.34572,22.65176],[88.34586,22.65169],[88.34599,22.65164],[88.34613,22.6516]]}},{"type":"Feature","properties":{"name":"Belghoria Expressway","highway":"motorway","policy":""},"geometry":{"type":"LineString","coordinates":[[88.34609,22.6515],[88.34591,22.65157],[88.34578,22.65162],[88.34562,22.65171],[88.34544,22.65181],[88.34528,22.65192],[88.3451,22.65204]]}},{"type":"Feature","properties":{"name":"Belghoria Expressway Flyover","highway":"motorway","policy":""},"geometry":{"type":"LineString","coordinates":[[88.36056,22.65313],[88.36078,22.65317],[88.36096,22.65318],[88.36125,22.6532],[88.36166,22.6532],[88.36272,22.65319],[88.36363,22.65317],[88.36481,22.65316]]}},{"type":"Feature","properties":{"name":"NH12","highway":"motorway","policy":""},"geometry":{"type":"LineString","coordinates":[[88.31533,22.6574],[88.31673,22.657],[88.31703,22.65691],[88.31737,22.65681],[88.31764,22.65673],[88.31787,22.65664],[88.31823,22.65651],[88.31861,22.65637],[88.31912,22.65616],[88.31932,22.65608]]}},{"type":"Feature","properties":{"name":"Belghoria Expressway Flyover","highway":"motorway","policy":""},"geometry":{"type":"LineString","coordinates":[[88.36481,22.65316],[88.36518,22.65315],[88.36535,22.65316],[88.36561,22.6532],[88.36588,22.65328],[88.36613,22.65339],[88.36636,22.65353],[88.36652,22.65367],[88.36669,22.65385]]}},{"type":"Feature","properties":{"name":"NH12","highway":"motorway","policy":""},"geometry":{"type":"LineString","coordinates":[[88.31925,22.65599],[88.31908,22.65606],[88.31862,22.65625],[88.31822,22.65639],[88.31771,22.65658],[88.31744,22.65667],[88.31672,22.6569],[88.31529,22.65727]]}},{"type":"Feature","properties":{"name":"NH19","highway":"motorway","policy":""},"geometry":{"type":"LineString","coordinates":[[88.30913,22.65829],[88.30901,22.65849],[88.30894,22.65858],[88.30885,22.65867],[88.30873,22.65876],[88.30858,22.65887],[88.30838,22.65902],[88.30821,22.65914],[88.30783,22.65938],[88.30759,22.65955],[88.30746,22.65965],[88.3073,22.65978],[88.30714,22.65993],[88.30691,22.66016],[88.30686,22.66022],[88.30673,22.66038],[88.30651,22.66066]]}},{"type":"Feature","properties":{"name":"NH19","highway":"motorway","policy":""},"geometry":{"type":"LineString","coordinates":[[88.30659,22.66071],[88.30674,22.66051],[88.30685,22.66037],[88.307,22.66019],[88.30717,22.66001],[88.30734,22.65985],[88.30751,22.65971],[88.30773,22.65954],[88.30865,22.65893],[88.30879,22.65884],[88.30891,22.65873],[88.30902,22.65863],[88.30911,22.65853],[88.3092,22.6584],[88.30942,22.65801]]}},{"type":"Feature","properties":{"name":"NH12;NH19","highway":"motorway","policy":""},"geometry":{"type":"LineString","coordinates":[[88.30932,22.65796],[88.3092,22.65818]]}},{"type":"Feature","properties":{"name":"NH19","highway":"motorway","policy":""},"geometry":{"type":"LineString","coordinates":[[88.30942,22.65801],[88.30966,22.65757]]}},{"type":"Feature","properties":{"name":"NH12;NH19","highway":"motorway","policy":""},"geometry":{"type":"LineString","coordinates":[[88.30958,22.65744],[88.30932,22.65796]]}},{"type":"Feature","properties":{"name":"NH12","highway":"motorway","policy":""},"geometry":{"type":"LineString","coordinates":[[88.30913,22.65829],[88.30898,22.65843],[88.30886,22.65853],[88.30871,22.65865],[88.30857,22.65874],[88.30844,22.65881],[88.30826,22.65891],[88.30802,22.65903],[88.30783,22.65911],[88.30767,22.65916],[88.30747,22.65921],[88.30733,22.65922],[88.30715,22.65922],[88.30699,22.65919],[88.30688,22.65915],[88.30674,22.65909],[88.30661,22.65899],[88.30651,22.65889],[88.30642,22.65876],[88.30636,22.65864],[88.30633,22.65854],[88.30631,22.65843],[88.30631,22.65832],[88.30633,22.65819],[88.30636,22.65808],[88.30643,22.65793],[88.3065,22.65782],[88.30659,22.65771],[88.30671,22.6576],[88.30684,22.65751],[88.30696,22.65744],[88.30711,22.65738],[88.30727,22.65735],[88.30743,22.65733],[88.30762,22.65734],[88.30778,22.65737],[88.308,22.65741],[88.30879,22.65764],[88.30979,22.65793],[88.31057,22.65814],[88.31081,22.6582],[88.31098,22.65824],[88.31115,22.65827],[88.31132,22.6583],[88.31148,22.65831],[88.31168,22.65831],[88.31196,22.65829],[88.31209,22.65828],[88.3122,22.65826],[88.31335,22.65792]]}},{"type":"Feature","properties":{"name":"NH19","highway":"trunk","policy":""},"geometry":{"type":"LineString","coordinates":[[88.30966,22.65757],[88.30972,22.65745],[88.30977,22.65728],[88.30981,22.6571],[88.30982,22.65691],[88.30981,22.65671],[88.30975,22.6564],[88.30959,22.65592],[88.30938,22.65527]]}},{"type":"Feature","properties":{"name":"NH12;NH19","highway":"trunk","policy":""},"geometry":{"type":"LineString","coordinates":[[88.30954,22.65619],[88.30962,22.65645],[88.30967,22.65663],[88.30969,22.6569],[88.30969,22.65705],[88.30965,22.65725],[88.30958,22.65744]]}},{"type":"Feature","properties":{"name":"Kona Expressway","highway":"trunk","policy":""},"geometry":{"type":"LineString","coordinates":[[88.26747,22.59015],[88.26675,22.5908],[88.26515,22.59234]]}},{"type":"Feature","properties":{"name":"Kona Expressway","highway":"trunk","policy":""},"geometry":{"type":"LineString","coordinates":[[88.26783,22.5898],[88.26747,22.59015]]}},{"type":"Feature","properties":{"name":"Vidyasagar Flyover","highway":"trunk","policy":""},"geometry":{"type":"LineString","coordinates":[[88.33014,22.54505],[88.33008,22.54486],[88.33002,22.54459],[88.33001,22.54436],[88.33003,22.54403],[88.3301,22.54377],[88.33027,22.54345],[88.33041,22.54326],[88.33056,22.54312],[88.33086,22.54291]]}},{"type":"Feature","properties":{"name":"NH12","highway":"trunk","policy":""},"geometry":{"type":"LineString","coordinates":[[88.3337,22.54131],[88.33465,22.5408]]}},{"type":"Feature","properties":{"name":"Kona Expressway","highway":"trunk","policy":""},"geometry":{"type":"LineString","coordinates":[[88.27539,22.58689],[88.2759,22.58671],[88.27633,22.58652],[88.27672,22.5863],[88.27721,22.5861],[88.2773,22.58606],[88.2776,22.58597],[88.27801,22.58586],[88.27814,22.58582],[88.27849,22.58574],[88.27887,22.58567],[88.27947,22.58558],[88.27948,22.58558],[88.27981,22.58555],[88.27997,22.58554],[88.28043,22.58553],[88.28103,22.5855],[88.2824,22.58545],[88.28295,22.58543]]}},{"type":"Feature","properties":{"name":"Kona Expressway","highway":"trunk","policy":""},"geometry":{"type":"LineString","coordinates":[[88.26898,22.58858],[88.26893,22.58865],[88.2686,22.589],[88.26855,22.58906],[88.2684,22.58922],[88.26783,22.5898]]}},{"type":"Feature","properties":{"name":"Kona Expressway","highway":"trunk","policy":""},"geometry":{"type":"LineString","coordinates":[[88.2939,22.58274],[88.29431,22.58249],[88.29469,22.58223],[88.29502,22.58199],[88.29585,22.58139],[88.29594,22.58132],[88.29622,22.58113],[88.29638,22.58102],[88.29696,22.58065],[88.29754,22.58026],[88.29813,22.57988],[88.29841,22.57967],[88.2987,22.57943],[88.29899,22.57913],[88.29905,22.57907],[88.29932,22.57866],[88.29958,22.57828],[88.29969,22.57813],[88.29989,22.57785],[88.30014,22.57746],[88.30031,22.57726],[88.30074,22.57677],[88.30083,22.57667],[88.30109,22.57635],[88.30138,22.57601],[88.3016,22.57573]]}},{"type":"Feature","properties":{"name":"Kona Expressway","highway":"trunk","policy":""},"geometry":{"type":"LineString","coordinates":[[88.2939,22.58274],[88.29341,22.58302],[88.29284,22.5833],[88.29237,22.58348],[88.29129,22.58383],[88.29017,22.5842],[88.28978,22.58432],[88.2896,22.58439],[88.28942,22.58446],[88.28928,22.58453],[88.28897,22.58466],[88.28864,22.58479],[88.28831,22.5849],[88.2875,22.58511],[88.28679,22.58522]]}},{"type":"Feature","properties":{"name":"Kona Expressway","highway":"trunk","policy":""},"geometry":{"type":"LineString","coordinates":[[88.28384,22.58531],[88.28098,22.58544],[88.28027,22.58546],[88.27947,22.5855],[88.27878,22.5856],[88.27817,22.58573],[88.278,22.58577],[88.27731,22.58597],[88.27726,22.58598],[88.27711,22.58604],[88.2768,22.58619],[88.2764,22.5864],[88.27637,22.58641],[88.27629,22.58645],[88.27594,22.58661],[88.27471,22.58707],[88.27394,22.58736],[88.27279,22.58767],[88.27233,22.58774],[88.27199,22.5878],[88.27133,22.58789],[88.27058,22.58797],[88.27032,22.58799],[88.27015,22.58795],[88.26997,22.58796],[88.26972,22.58803],[88.26947,22.58812],[88.26925,22.58824],[88.26904,22.58842],[88.26898,22.58858]]}},{"type":"Feature","properties":{"name":"Belvedere Road","highway":"trunk","policy":""},"geometry":{"type":"LineString","coordinates":[[88.33386,22.53902],[88.3338,22.5389],[88.33373,22.53865],[88.33366,22.53753],[88.33362,22.53709],[88.3336,22.53665],[88.33355,22.53593],[88.33354,22.53589],[88.33348,22.53523]]}},{"type":"Feature","properties":{"name":"Acharya Jagadish Chandra Bose Road","highway":"trunk","policy":""},"geometry":{"type":"LineString","coordinates":[[88.33476,22.54075],[88.33618,22.54005],[88.33654,22.53998],[88.33696,22.54],[88.33766,22.54013],[88.33769,22.54014],[88.33871,22.5404],[88.33926,22.54055]]}},{"type":"Feature","properties":{"name":"NH12","highway":"trunk","policy":""},"geometry":{"type":"LineString","coordinates":[[88.47525,22.71647],[88.47537,22.71682],[88.47551,22.71709],[88.47593,22.71788],[88.476,22.71802],[88.47604,22.7181],[88.47641,22.71886],[88.47658,22.71919],[88.47665,22.71936],[88.47667,22.7194],[88.4768,22.71969],[88.47695,22.72002],[88.47706,22.72025],[88.47728,22.72073],[88.47732,22.72081],[88.47766,22.72156],[88.47781,22.72184],[88.47822,22.72265],[88.47847,22.72316]]}},{"type":"Feature","properties":{"name":"Jessore Road","highway":"trunk","policy":""},"geometry":{"type":"LineString","coordinates":[[88.4751,22.71575],[88.47513,22.71587],[88.47514,22.71597],[88.47517,22.71616],[88.47521,22.71633],[88.47525,22.71647]]}},{"type":"Feature","properties":{"name":"Jessore Road","highway":"trunk","policy":""},"geometry":{"type":"LineString","coordinates":[[88.47494,22.71499],[88.475,22.7153],[88.47505,22.71558],[88.4751,22.71575]]}},{"type":"Feature","properties":{"name":"Durgapur Expressway","highway":"trunk","policy":""},"geometry":{"type":"LineString","coordinates":[[88.29965,22.67492],[88.29917,22.67594],[88.2982,22.6781],[88.29767,22.67938],[88.29706,22.68074]]}},{"type":"Feature","properties":{"name":"Belghoria Expressway","highway":"trunk","policy":""},"geometry":{"type":"LineString","coordinates":[[88.4357,22.65391],[88.43591,22.6539],[88.43612,22.65387],[88.43643,22.65381],[88.43666,22.65374],[88.43717,22.65357],[88.43722,22.65355],[88.43755,22.65345],[88.43785,22.65336],[88.43799,22.65332],[88.43809,22.6533],[88.43818,22.65329],[88.43827,22.65328],[88.43836,22.65329],[88.43846,22.65332],[88.43858,22.65339],[88.43867,22.65346],[88.43873,22.65354],[88.43898,22.65394],[88.43913,22.65416],[88.43925,22.65432]]}},{"type":"Feature","properties":{"name":"NH12","highway":"trunk","policy":""},"geometry":{"type":"LineString","coordinates":[[88.44156,22.65927],[88.44142,22.65888],[88.44112,22.6581],[88.441,22.65779],[88.44081,22.65729],[88.44068,22.65684],[88.44051,22.65643],[88.44029,22.65606]]}},{"type":"Feature","properties":{"name":"NH19","highway":"trunk","policy":""},"geometry":{"type":"LineString","coordinates":[[88.30659,22.66071],[88.30686,22.66045],[88.30697,22.66035],[88.30716,22.66018],[88.30731,22.66005],[88.30747,22.65994],[88.30767,22.65981],[88.3079,22.65968],[88.30794,22.65965],[88.3082,22.65951],[88.3085,22.65939],[88.30871,22.65932],[88.30881,22.65928],[88.30918,22.65917],[88.30955,22.65907],[88.31067,22.65876],[88.31133,22.65857],[88.31195,22.65841],[88.31222,22.65833],[88.31338,22.65799]]}},{"type":"Feature","properties":{"name":"NH19","highway":"trunk","policy":""},"geometry":{"type":"LineString","coordinates":[[88.30651,22.66066],[88.30605,22.66135]]}},{"type":"Feature","properties":{"name":"Belghoria Expressway","highway":"motorway","policy":""},"geometry":{"type":"LineString","coordinates":[[88.39553,22.64984],[88.39582,22.65003],[88.39608,22.65023],[88.39643,22.65049],[88.39693,22.65087],[88.39715,22.65101],[88.39735,22.65112],[88.39764,22.65126],[88.39799,22.65141],[88.39823,22.65149],[88.39852,22.65157],[88.39884,22.65164],[88.39923,22.65169],[88.40227,22.65197]]}},{"type":"Feature","properties":{"name":"Belghoria Expressway","highway":"trunk","policy":""},"geometry":{"type":"LineString","coordinates":[[88.41265,22.65375],[88.41183,22.65331],[88.41126,22.65302],[88.41091,22.65287],[88.4106,22.65275],[88.41027,22.65266],[88.40993,22.65257],[88.40937,22.65248],[88.40895,22.65241],[88.40762,22.65229],[88.40725,22.65226],[88.4064,22.65219],[88.40609,22.65216],[88.40587,22.65214],[88.40462,22.65201],[88.40293,22.65186],[88.40258,22.65186],[88.40228,22.65186]]}},{"type":"Feature","properties":{"name":"Jessore Road","highway":"trunk","policy":""},"geometry":{"type":"LineString","coordinates":[[88.43925,22.65432],[88.43935,22.65457],[88.43936,22.6546],[88.43957,22.65508],[88.44001,22.65583],[88.4402,22.65618],[88.44036,22.6565],[88.44044,22.65667],[88.44051,22.65684],[88.44054,22.65691],[88.44065,22.65722],[88.44068,22.65731],[88.44097,22.65806],[88.44119,22.65863],[88.44144,22.6593]]}},{"type":"Feature","properties":{"name":"NH16","highway":"trunk","policy":""},"geometry":{"type":"LineString","coordinates":[[88.26094,22.60679],[88.2599,22.60639],[88.25949,22.60624],[88.25922,22.60616],[88.25883,22.60606],[88.25847,22.606],[88.25815,22.60596],[88.25784,22.60593],[88.25749,22.60593],[88.25705,22.60595],[88.25649,22.60597],[88.25425,22.6061]]}},{"type":"Feature","properties":{"name":"NH12","highway":"trunk","policy":""},"geometry":{"type":"LineString","coordinates":[[88.31442,22.56633],[88.31463,22.5662],[88.31479,22.56609],[88.31532,22.56571],[88.31671,22.56479],[88.31769,22.56409],[88.31828,22.56369]]}},{"type":"Feature","properties":{"name":"NH12;NH16","highway":"trunk","policy":""},"geometry":{"type":"LineString","coordinates":[[88.29647,22.62607],[88.29743,22.62645],[88.29801,22.6267],[88.29828,22.62683],[88.29847,22.62694],[88.29871,22.6271],[88.29897,22.62728],[88.29921,22.62747],[88.29947,22.62769],[88.29968,22.62791],[88.29995,22.62819],[88.30033,22.62869],[88.3004,22.6288],[88.30059,22.62913],[88.3007,22.62934],[88.30079,22.62953],[88.30094,22.62991],[88.30123,22.63079],[88.30133,22.63109],[88.30146,22.63151],[88.30155,22.63178],[88.30273,22.63535],[88.30296,22.63602],[88.30316,22.63663],[88.30337,22.63727],[88.30371,22.63829],[88.30418,22.63976],[88.30481,22.64166],[88.30499,22.64221],[88.30522,22.64288],[88.3062,22.64585],[88.30641,22.64649],[88.30798,22.65136],[88.30801,22.65146]]}},{"type":"Feature","properties":{"name":"NH12","highway":"trunk","policy":""},"geometry":{"type":"LineString","coordinates":[[88.47871,22.72385],[88.47886,22.72428],[88.4789,22.72443],[88.47899,22.72473]]}},{"type":"Feature","properties":{"name":"Kona Expressway","highway":"trunk","policy":""},"geometry":{"type":"LineString","coordinates":[[88.28396,22.58538],[88.28453,22.58536],[88.28484,22.58535],[88.28522,22.58534],[88.2855,22.58533],[88.2858,22.58532]]}},{"type":"Feature","properties":{"name":"Acharya Jagadish Chandra Bose Flyover","highway":"motorway","policy":""},"geometry":{"type":"LineString","coordinates":[[88.34122,22.541],[88.34144,22.54106],[88.34169,22.54112]]}},{"type":"Feature","properties":{"name":"Jessore Road","highway":"trunk","policy":""},"geometry":{"type":"LineString","coordinates":[[88.44485,22.66846],[88.4449,22.66885],[88.44501,22.67023],[88.44506,22.6708],[88.44509,22.67114],[88.44513,22.67148],[88.44535,22.67297],[88.44539,22.67325],[88.44544,22.67393],[88.4455,22.6748],[88.44552,22.67508],[88.44554,22.67525],[88.44557,22.6754],[88.44562,22.67561],[88.44566,22.67576],[88.44567,22.67578],[88.44572,22.67592],[88.44579,22.67607],[88.44586,22.67626],[88.44596,22.67645],[88.44607,22.67664],[88.44613,22.67675],[88.44625,22.67692],[88.44648,22.67727],[88.44658,22.67743],[88.44666,22.67755],[88.4468,22.67771],[88.447,22.6779],[88.44744,22.67826],[88.44759,22.6784],[88.44773,22.67849],[88.44793,22.67862],[88.44798,22.67866],[88.4481,22.67874],[88.44828,22.67883],[88.4486,22.67899],[88.44896,22.67914],[88.44904,22.67918],[88.44981,22.67951],[88.44998,22.67956],[88.45008,22.67959],[88.45025,22.67964],[88.45045,22.67968],[88.45051,22.67969],[88.45065,22.67971],[88.45114,22.67976],[88.45132,22.67978],[88.45225,22.67988]]}},{"type":"Feature","properties":{"name":"NH12","highway":"trunk","policy":""},"geometry":{"type":"LineString","coordinates":[[88.47549,22.71139],[88.47545,22.7115],[88.47542,22.7116],[88.4754,22.71171],[88.47538,22.71187],[88.47539,22.71205],[88.47539,22.71222],[88.47539,22.71226],[88.4754,22.7126],[88.47539,22.71275],[88.47537,22.71287],[88.4753,22.71303],[88.47524,22.71317],[88.47513,22.71343],[88.47508,22.71358],[88.47505,22.71374],[88.475,22.71395],[88.47495,22.71424],[88.47493,22.71436],[88.47492,22.71445],[88.47491,22.71457],[88.47491,22.71469],[88.47492,22.71475],[88.47494,22.71494],[88.47494,22.71499]]}},{"type":"Feature","properties":{"name":"Barasat - Petrapole Highway","highway":"trunk","policy":""},"geometry":{"type":"LineString","coordinates":[[88.48557,22.71919],[88.48583,22.71926],[88.48606,22.71931]]}},{"type":"Feature","properties":{"name":"NH12","highway":"trunk","policy":""},"geometry":{"type":"LineString","coordinates":[[88.33469,22.54063],[88.33458,22.54069]]}},{"type":"Feature","properties":{"name":"NH12","highway":"trunk","policy":""},"geometry":{"type":"LineString","coordinates":[[88.47847,22.72316],[88.4785,22.72323],[88.47867,22.72374],[88.47871,22.72385]]}},{"type":"Feature","properties":{"name":"Belghoria Expressway Underpass","highway":"motorway","policy":""},"geometry":{"type":"LineString","coordinates":[[88.38796,22.65108],[88.38763,22.65101],[88.387,22.65089]]}},{"type":"Feature","properties":{"name":"Belghoria Expressway","highway":"motorway","policy":""},"geometry":{"type":"LineString","coordinates":[[88.3768,22.65397],[88.37598,22.65421],[88.37573,22.65427],[88.37545,22.65432],[88.3752,22.65437],[88.37496,22.6544],[88.37463,22.65444],[88.3743,22.65447],[88.37401,22.65449],[88.37376,22.6545],[88.37356,22.6545],[88.37322,22.6545],[88.3726,22.65446],[88.37237,22.65445],[88.37123,22.65435]]}},{"type":"Feature","properties":{"name":"Belghoria Expressway","highway":"motorway","policy":""},"geometry":{"type":"LineString","coordinates":[[88.37688,22.65438],[88.37973,22.65354]]}},{"type":"Feature","properties":{"name":"Belghoria Expressway","highway":"motorway","policy":""},"geometry":{"type":"LineString","coordinates":[[88.37754,22.65374],[88.3768,22.65397]]}},{"type":"Feature","properties":{"name":"Belghoria Expressway","highway":"motorway","policy":""},"geometry":{"type":"LineString","coordinates":[[88.36979,22.65485],[88.37012,22.65475],[88.37032,22.65471],[88.37049,22.65469],[88.37066,22.65467],[88.37093,22.65467],[88.37131,22.6547],[88.37161,22.65473],[88.37216,22.65478],[88.37289,22.65484],[88.37339,22.65487],[88.37392,22.65487],[88.37465,22.65483],[88.37537,22.65472],[88.37579,22.65465],[88.37639,22.65451],[88.37688,22.65438]]}},{"type":"Feature","properties":{"name":"Belghoria Expressway","highway":"motorway","policy":""},"geometry":{"type":"LineString","coordinates":[[88.387,22.65089],[88.38665,22.65085],[88.38642,22.65084],[88.38612,22.65086],[88.38585,22.65093],[88.38559,22.65104],[88.38515,22.65126],[88.38481,22.65144],[88.38445,22.65161],[88.38423,22.6517],[88.384,22.65178],[88.38287,22.65213],[88.38073,22.65275]]}},{"type":"Feature","properties":{"name":"Vidyasagar Flyover","highway":"trunk","policy":""},"geometry":{"type":"LineString","coordinates":[[88.32519,22.55913],[88.32456,22.5596],[88.32401,22.56],[88.32149,22.56141]]}},{"type":"Feature","properties":{"name":"Maa Flyover","highway":"motorway","policy":""},"geometry":{"type":"LineString","coordinates":[[88.36743,22.54225],[88.36755,22.54206],[88.36758,22.542],[88.36761,22.54195],[88.36771,22.54174],[88.36782,22.54148],[88.36794,22.54123],[88.36798,22.54117],[88.3681,22.54103],[88.3682,22.54092],[88.36833,22.54083],[88.36851,22.54072],[88.36876,22.54061],[88.36898,22.54053],[88.36935,22.5404]]}},{"type":"Feature","properties":{"name":"Maa Flyover","highway":"motorway","policy":""},"geometry":{"type":"LineString","coordinates":[[88.39869,22.54331],[88.39862,22.54321],[88.39851,22.54308],[88.3984,22.543],[88.3983,22.54294],[88.39818,22.5429],[88.39808,22.54288],[88.39801,22.54287],[88.39789,22.54286],[88.39775,22.54287],[88.39753,22.54291],[88.39728,22.54296],[88.39703,22.54302],[88.39689,22.54305],[88.39672,22.54307],[88.39656,22.54309],[88.39642,22.54309],[88.39621,22.54309],[88.39605,22.54307],[88.39588,22.54305],[88.39563,22.543],[88.39525,22.54292],[88.39507,22.54288]]}},{"type":"Feature","properties":{"name":"Acharya Jagadish Chandra Bose Flyover","highway":"motorway","policy":""},"geometry":{"type":"LineString","coordinates":[[88.35948,22.54098],[88.35918,22.54099],[88.35885,22.54099],[88.3586,22.54099],[88.35824,22.54102],[88.35767,22.54104],[88.35732,22.54106],[88.35667,22.5411],[88.35614,22.54113],[88.35593,22.54114],[88.35539,22.54116],[88.35489,22.54118],[88.3543,22.54121],[88.35385,22.54124],[88.35342,22.54127],[88.35293,22.54129],[88.35263,22.54131],[88.35235,22.54133],[88.352,22.54134],[88.35147,22.54138],[88.35099,22.54141],[88.35067,22.54143],[88.35029,22.54145],[88.34982,22.54146],[88.3492,22.54149],[88.34869,22.54151],[88.3482,22.54155],[88.34786,22.54157],[88.34747,22.5416],[88.3473,22.54161],[88.3472,22.54162],[88.347,22.54163],[88.34682,22.54164],[88.34673,22.54164],[88.34635,22.54167],[88.34614,22.54168],[88.34594,22.54168],[88.34576,22.54167],[88.34564,22.54166],[88.3455,22.54165],[88.34531,22.54162],[88.34508,22.54159],[88.34481,22.54155],[88.3447,22.54154],[88.34455,22.54152],[88.34447,22.54152],[88.3444,22.54151],[88.34423,22.5415],[88.34393,22.54147]]}},{"type":"Feature","properties":{"name":"Acharya Jagadish Chandra Bose Flyover","highway":"motorway","policy":""},"geometry":{"type":"LineString","coordinates":[[88.34169,22.54112],[88.34241,22.54127],[88.34271,22.54135],[88.34306,22.54142],[88.34328,22.54147],[88.34349,22.54151],[88.34363,22.54152],[88.34375,22.54154],[88.34393,22.54155]]}},{"type":"Feature","properties":{"name":"Acharya Jagadish Chandra Bose Flyover","highway":"motorway","policy":""},"geometry":{"type":"LineString","coordinates":[[88.36466,22.54259],[88.3648,22.54266],[88.3652,22.5429]]}},{"type":"Feature","properties":{"name":"Belvedere Road","highway":"trunk","policy":""},"geometry":{"type":"LineString","coordinates":[[88.33373,22.53911],[88.33392,22.53949]]}},{"type":"Feature","properties":{"name":"Belvedere Road","highway":"trunk","policy":""},"geometry":{"type":"LineString","coordinates":[[88.33402,22.53946],[88.33386,22.53902]]}},{"type":"Feature","properties":{"name":"Belvedere Road","highway":"trunk","policy":""},"geometry":{"type":"LineString","coordinates":[[88.33392,22.53949],[88.33398,22.53963],[88.33458,22.54069]]}},{"type":"Feature","properties":{"name":"Belvedere Road","highway":"trunk","policy":""},"geometry":{"type":"LineString","coordinates":[[88.33469,22.54063],[88.33407,22.53958],[88.33402,22.53946]]}},{"type":"Feature","properties":{"name":"Vidyasagar Flyover","highway":"trunk","policy":""},"geometry":{"type":"LineString","coordinates":[[88.32157,22.56151],[88.32189,22.56133],[88.32404,22.5601],[88.32464,22.55971],[88.32531,22.55921]]}},{"type":"Feature","properties":{"name":"NH16","highway":"trunk","policy":""},"geometry":{"type":"LineString","coordinates":[[88.25425,22.6061],[88.25159,22.60625],[88.25136,22.60626],[88.24965,22.60632],[88.24921,22.60634],[88.24807,22.60631],[88.24677,22.60618],[88.24603,22.60604],[88.24529,22.60587],[88.24439,22.6056],[88.24357,22.60533],[88.24285,22.60504],[88.23677,22.60242],[88.23297,22.60078]]}},{"type":"Feature","properties":{"name":"NH16","highway":"trunk","policy":""},"geometry":{"type":"LineString","coordinates":[[88.23291,22.60089],[88.23385,22.6013],[88.24246,22.60501],[88.24352,22.60545],[88.24437,22.60573],[88.24521,22.60597],[88.24544,22.60602],[88.24704,22.6063],[88.24798,22.60643],[88.24925,22.60645],[88.24974,22.60643],[88.25089,22.60639],[88.25231,22.6063],[88.25344,22.60625],[88.25375,22.60624],[88.25575,22.60614]]}},{"type":"Feature","properties":{"name":"NH16","highway":"trunk","policy":""},"geometry":{"type":"LineString","coordinates":[[88.23297,22.60078],[88.23158,22.60019]]}},{"type":"Feature","properties":{"name":"NH16","highway":"trunk","policy":""},"geometry":{"type":"LineString","coordinates":[[88.23155,22.6003],[88.23291,22.60089]]}},{"type":"Feature","properties":{"name":"Maa Flyover","highway":"trunk","policy":""},"geometry":{"type":"LineString","coordinates":[[88.36612,22.54332],[88.36635,22.54317],[88.36641,22.54313],[88.36648,22.54309],[88.36658,22.54302],[88.36664,22.54298]]}},{"type":"Feature","properties":{"name":"Acharya Jagadish Chandra Bose Flyover Ramp","highway":"motorway","policy":""},"geometry":{"type":"LineString","coordinates":[[88.36234,22.54151],[88.36244,22.54166],[88.36257,22.54172],[88.36293,22.54187],[88.36331,22.54205],[88.36367,22.54222],[88.364,22.54238],[88.36434,22.54254],[88.3647,22.54272],[88.36504,22.54289],[88.36527,22.54299],[88.36556,22.54311],[88.36571,22.54315],[88.36578,22.54317],[88.36584,22.54318],[88.36597,22.54319],[88.36607,22.54318],[88.36621,22.54317],[88.36635,22.54314],[88.36641,22.54313],[88.36647,22.54311],[88.36661,22.54305],[88.36667,22.543],[88.36685,22.54288],[88.36696,22.54279],[88.36707,22.54269],[88.36727,22.54252],[88.36748,22.54226],[88.3676,22.54208],[88.36778,22.54174],[88.368,22.54126],[88.36815,22.54102],[88.36841,22.54082],[88.36863,22.54072],[88.36887,22.54064],[88.36906,22.54056],[88.36935,22.5404]]}},{"type":"Feature","properties":{"name":"Taratala Flyover","highway":"trunk","policy":""},"geometry":{"type":"LineString","coordinates":[[88.32294,22.51518],[88.32289,22.51501],[88.32287,22.51492],[88.32285,22.51484]]}},{"type":"Feature","properties":{"name":"Diamond Harbour Road","highway":"trunk","policy":""},"geometry":{"type":"LineString","coordinates":[[88.31072,22.48148],[88.31064,22.48121],[88.31045,22.47973],[88.31044,22.47965],[88.31039,22.47907],[88.31032,22.47815],[88.31028,22.4776],[88.31019,22.47704],[88.31015,22.47681],[88.31015,22.47678],[88.3101,22.47628],[88.31004,22.47549],[88.31003,22.4753],[88.30999,22.47465],[88.30998,22.47451],[88.30997,22.47442],[88.30996,22.47417],[88.30993,22.47384],[88.3099,22.47333],[88.30989,22.47322],[88.30987,22.47293],[88.30996,22.47195],[88.30997,22.4719],[88.31001,22.47163],[88.30999,22.47133],[88.30999,22.4713],[88.30996,22.47078],[88.30992,22.47028],[88.30985,22.46997],[88.3097,22.4696],[88.30959,22.46932],[88.30933,22.46882],[88.30912,22.46839]]}},{"type":"Feature","properties":{"name":"Taratala Flyover","highway":"trunk","policy":""},"geometry":{"type":"LineString","coordinates":[[88.32123,22.51014],[88.32138,22.51055]]}},{"type":"Feature","properties":{"name":"Maa Flyover","highway":"motorway","policy":""},"geometry":{"type":"LineString","coordinates":[[88.39507,22.54296],[88.39541,22.54304],[88.39576,22.54311],[88.39594,22.54314],[88.39612,22.54315],[88.39629,22.54317],[88.39649,22.54317],[88.39669,22.54314],[88.39686,22.54312],[88.39698,22.5431],[88.39711,22.54307],[88.3973,22.54303],[88.39755,22.54297],[88.39771,22.54294],[88.3978,22.54293],[88.39795,22.54293],[88.39806,22.54294],[88.39816,22.54296],[88.39823,22.54299],[88.39831,22.54302],[88.39843,22.54309],[88.3985,22.54315],[88.39858,22.54323],[88.39864,22.54333],[88.39871,22.54349],[88.39875,22.54362],[88.39889,22.54416],[88.39911,22.54507],[88.39929,22.54586],[88.39946,22.54654],[88.39956,22.54688],[88.39962,22.54708],[88.39969,22.54725],[88.39979,22.54746],[88.40004,22.54788],[88.40016,22.54805],[88.40026,22.54818],[88.4004,22.54834],[88.40062,22.54856],[88.40113,22.54898]]}},{"type":"Feature","properties":{"name":"Maa Flyover","highway":"motorway","policy":""},"geometry":{"type":"LineString","coordinates":[[88.39507,22.54288],[88.39489,22.54284],[88.3939,22.5426],[88.39302,22.54241],[88.39204,22.54217],[88.39077,22.54188],[88.38957,22.54159],[88.38935,22.54154],[88.38917,22.54151],[88.38894,22.54147],[88.3888,22.54145],[88.38865,22.54144],[88.38847,22.54144],[88.38826,22.54143],[88.38807,22.54143],[88.38777,22.54144],[88.3876,22.54146],[88.38748,22.54147],[88.38733,22.54149],[88.38724,22.5415],[88.38676,22.5416],[88.38655,22.54165],[88.38639,22.54168],[88.38624,22.5417],[88.38609,22.54172],[88.38589,22.54173],[88.38569,22.54172],[88.38548,22.54171],[88.3853,22.54169],[88.3851,22.54166],[88.38491,22.54162],[88.38475,22.54158],[88.38447,22.5415],[88.3842,22.54143],[88.38399,22.54135],[88.38378,22.54127],[88.3836,22.5412],[88.38293,22.5409],[88.38124,22.54014],[88.37985,22.53951],[88.37935,22.5393],[88.37918,22.53924],[88.37902,22.5392],[88.37863,22.53911],[88.37836,22.53907],[88.37802,22.53904],[88.37768,22.53903],[88.37734,22.53905],[88.37698,22.53909],[88.37674,22.53911],[88.37634,22.53916],[88.37598,22.5392],[88.37569,22.53918],[88.37536,22.53913],[88.37516,22.53911],[88.37504,22.53911],[88.37467,22.53915],[88.37429,22.5392],[88.37329,22.53929],[88.37308,22.5393],[88.37288,22.53932],[88.37269,22.53937],[88.37241,22.53946],[88.37208,22.53954],[88.37179,22.5396],[88.37146,22.53966],[88.37101,22.53975],[88.37079,22.53982],[88.37041,22.53994],[88.37016,22.54004],[88.36994,22.54012],[88.36956,22.54027],[88.3691,22.54044],[88.369,22.54047],[88.36886,22.5405]]}},{"type":"Feature","properties":{"name":"Maa Flyover","highway":"motorway","policy":""},"geometry":{"type":"LineString","coordinates":[[88.36935,22.5404],[88.36963,22.5403],[88.36998,22.54017],[88.37035,22.54003],[88.37069,22.53993],[88.37112,22.5398],[88.37176,22.53968],[88.37213,22.53961],[88.37274,22.53944],[88.37294,22.53939],[88.3731,22.53938],[88.37326,22.53937],[88.3735,22.53935],[88.37378,22.53932],[88.37395,22.53931],[88.37435,22.53927],[88.37479,22.5392],[88.37496,22.53919],[88.37508,22.53918],[88.37528,22.53921],[88.37548,22.53923],[88.37569,22.53926],[88.37587,22.53927],[88.37619,22.53925],[88.37655,22.5392],[88.37681,22.53918],[88.37718,22.53915],[88.3774,22.53913],[88.37774,22.53911],[88.37812,22.53912],[88.37843,22.53916],[88.37874,22.53922],[88.37901,22.53928],[88.37919,22.53933],[88.37933,22.53938],[88.37945,22.53943],[88.37956,22.53948],[88.38009,22.5397],[88.38098,22.5401],[88.3822,22.54065],[88.38281,22.54092],[88.38315,22.54108],[88.38335,22.54116],[88.38372,22.54133],[88.38406,22.54145],[88.38436,22.54155],[88.38465,22.54163],[88.3849,22.5417],[88.38502,22.54173],[88.38516,22.54176],[88.3853,22.54178],[88.38545,22.54179],[88.38565,22.54181],[88.38578,22.54181],[88.38595,22.54181],[88.38611,22.54181],[88.38624,22.54179],[88.38634,22.54177],[88.38644,22.54176],[88.38654,22.54174],[88.38677,22.54168],[88.3869,22.54165],[88.38704,22.54163],[88.38724,22.54158],[88.38759,22.54154],[88.38777,22.54152],[88.38796,22.54152],[88.38827,22.5415],[88.38845,22.54151],[88.38867,22.54151],[88.38901,22.54156],[88.38915,22.54158],[88.38926,22.5416],[88.38936,22.54162],[88.39026,22.54183],[88.39132,22.54209],[88.39242,22.54235],[88.39333,22.54254],[88.39348,22.54258],[88.39388,22.54268],[88.39487,22.54291],[88.39507,22.54296]]}},{"type":"Feature","properties":{"name":"Maa Flyover","highway":"trunk","policy":""},"geometry":{"type":"LineString","coordinates":[[88.36886,22.5405],[88.36845,22.54067],[88.36829,22.54077],[88.36815,22.54087],[88.36806,22.54096],[88.36796,22.54108],[88.36787,22.54123],[88.36775,22.54148],[88.36764,22.54171],[88.3676,22.54183],[88.36755,22.54192],[88.3675,22.54202],[88.36742,22.54215],[88.36737,22.54223]]}},{"type":"Feature","properties":{"name":"Acharya Jagadish Chandra Bose Flyover","highway":"motorway","policy":""},"geometry":{"type":"LineString","coordinates":[[88.34393,22.54155],[88.34416,22.54157],[88.34444,22.54159],[88.3446,22.54161],[88.34476,22.54162],[88.34498,22.54165],[88.34523,22.54168],[88.34547,22.54171],[88.34571,22.54173],[88.3459,22.54175],[88.3461,22.54174],[88.34632,22.54174],[88.34663,22.54172],[88.34713,22.54169],[88.3475,22.54166],[88.348,22.54163],[88.34852,22.5416],[88.34892,22.54158],[88.34936,22.54155],[88.34993,22.54153],[88.35048,22.54151],[88.35103,22.54149],[88.35172,22.54145],[88.35204,22.54143],[88.35239,22.5414],[88.35278,22.54138],[88.35329,22.54135],[88.3537,22.54134],[88.35436,22.54128],[88.35487,22.54125],[88.35529,22.54123],[88.35608,22.54119],[88.35655,22.54116],[88.35682,22.54115],[88.35711,22.54113],[88.35772,22.5411],[88.358,22.54109],[88.35823,22.54108],[88.35888,22.54106],[88.35924,22.54105],[88.35959,22.54105],[88.36026,22.54102],[88.36048,22.54102],[88.36068,22.54104],[88.36096,22.54107],[88.36122,22.54112],[88.36147,22.54118],[88.36161,22.54123],[88.36182,22.54131],[88.36226,22.54148],[88.36234,22.54151],[88.3626,22.54163],[88.36308,22.54184],[88.36356,22.54206],[88.36411,22.54233],[88.36459,22.54256],[88.36466,22.54259]]}},{"type":"Feature","properties":{"name":"Acharya Jagadish Chandra Bose Flyover","highway":"motorway","policy":""},"geometry":{"type":"LineString","coordinates":[[88.34393,22.54147],[88.34375,22.54146],[88.3436,22.54144],[88.34344,22.54142],[88.34325,22.54138],[88.34305,22.54134],[88.34284,22.54129],[88.3425,22.54121],[88.34231,22.54117],[88.34206,22.54112],[88.34172,22.54104]]}},{"type":"Feature","properties":{"name":"Alipore Road","highway":"trunk","policy":""},"geometry":{"type":"LineString","coordinates":[[88.33085,22.52518],[88.33085,22.52517],[88.33068,22.52437],[88.33061,22.52403],[88.33058,22.52388],[88.33058,22.52386],[88.33057,22.52382],[88.33054,22.52369],[88.33051,22.52343],[88.3305,22.52337],[88.33049,22.52332],[88.33044,22.52292],[88.33043,22.52286],[88.33039,22.52234]]}},{"type":"Feature","properties":{"name":"Judges Court Road","highway":"trunk","policy":""},"geometry":{"type":"LineString","coordinates":[[88.32793,22.52674],[88.32868,22.52655],[88.32892,22.5264],[88.32909,22.52622],[88.32926,22.52599],[88.32928,22.52595],[88.32955,22.52564],[88.32965,22.52554],[88.32993,22.52545],[88.33032,22.52538],[88.33085,22.52518]]}},{"type":"Feature","properties":{"name":"NH16","highway":"trunk","policy":""},"geometry":{"type":"LineString","coordinates":[[88.21464,22.5844],[88.21498,22.58467],[88.21528,22.58495]]}},{"type":"Feature","properties":{"name":"NH16","highway":"trunk","policy":""},"geometry":{"type":"LineString","coordinates":[[88.21472,22.5843],[88.21421,22.58398],[88.21342,22.58363],[88.21154,22.583],[88.20928,22.58216],[88.20775,22.58156],[88.20011,22.57872],[88.19497,22.57685],[88.19338,22.57625]]}},{"type":"Feature","properties":{"name":"NH16","highway":"trunk","policy":""},"geometry":{"type":"LineString","coordinates":[[88.21528,22.58495],[88.21551,22.58522],[88.21705,22.58719],[88.21968,22.59044],[88.22091,22.59195],[88.22207,22.59334],[88.22327,22.59474],[88.22338,22.59487],[88.22442,22.59613],[88.22497,22.59681],[88.22566,22.59752],[88.2259,22.59769],[88.22634,22.59799],[88.227,22.59833],[88.22788,22.5987],[88.22966,22.59949],[88.23155,22.6003]]}},{"type":"Feature","properties":{"name":"NH16","highway":"trunk","policy":""},"geometry":{"type":"LineString","coordinates":[[88.21538,22.58487],[88.2151,22.58461],[88.21472,22.5843]]}},{"type":"Feature","properties":{"name":"NH16","highway":"trunk","policy":""},"geometry":{"type":"LineString","coordinates":[[88.19332,22.57638],[88.19493,22.57697],[88.19603,22.57733],[88.20001,22.57881],[88.20462,22.58051],[88.20773,22.58169],[88.20921,22.58227],[88.2115,22.58311],[88.21337,22.58373],[88.21413,22.58409],[88.21464,22.5844]]}},{"type":"Feature","properties":{"name":"Belghoria Expressway","highway":"motorway","policy":""},"geometry":{"type":"LineString","coordinates":[[88.39476,22.64945],[88.39448,22.6494],[88.39423,22.64937],[88.39402,22.64935],[88.3938,22.64937],[88.39346,22.6494],[88.39316,22.64945],[88.39294,22.6495],[88.39083,22.65007],[88.39064,22.65013],[88.39042,22.65022],[88.39023,22.65031],[88.3901,22.65039],[88.38999,22.65045],[88.38983,22.65055],[88.38954,22.65074],[88.38932,22.65088],[88.38914,22.65097],[88.38897,22.65104]]}},{"type":"Feature","properties":{"name":"Belghoria Expressway","highway":"motorway","policy":""},"geometry":{"type":"LineString","coordinates":[[88.38899,22.65114],[88.38917,22.65106],[88.38939,22.65095],[88.38964,22.65079],[88.3899,22.65061],[88.39016,22.65045],[88.39048,22.65029],[88.39078,22.65017],[88.39108,22.65009],[88.39148,22.64998],[88.39228,22.64978],[88.39296,22.6496],[88.39323,22.64953],[88.39354,22.64947],[88.39382,22.64945],[88.39401,22.64944],[88.39426,22.64945],[88.3945,22.64949],[88.39473,22.64953]]}},{"type":"Feature","properties":{"name":"Belghoria Expressway","highway":"motorway","policy":""},"geometry":{"type":"LineString","coordinates":[[88.38897,22.65104],[88.38883,22.65109],[88.38869,22.65112],[88.38853,22.65113],[88.38837,22.65113],[88.38817,22.65112],[88.38796,22.65108]]}},{"type":"Feature","properties":{"name":"Belghoria Expressway","highway":"motorway","policy":""},"geometry":{"type":"LineString","coordinates":[[88.3809,22.65321],[88.38685,22.65139],[88.38711,22.65133],[88.38736,22.65129],[88.38768,22.65125],[88.38805,22.65124],[88.38825,22.65124],[88.38851,22.65123],[88.38869,22.65121],[88.38883,22.65118],[88.38899,22.65114]]}},{"type":"Feature","properties":{"name":"Belghoria Expressway","highway":"trunk","policy":""},"geometry":{"type":"LineString","coordinates":[[88.42348,22.65406],[88.42203,22.65479],[88.42084,22.65542],[88.4206,22.65555],[88.42031,22.65569],[88.42016,22.65575]]}},{"type":"Feature","properties":{"name":"Belghoria Expressway","highway":"trunk","policy":""},"geometry":{"type":"LineString","coordinates":[[88.4126,22.65385],[88.41417,22.65467],[88.41566,22.65547],[88.416,22.65563],[88.41634,22.65578],[88.41663,22.6559],[88.41685,22.65597],[88.41706,22.65603],[88.41748,22.65612],[88.4178,22.65617],[88.41812,22.6562],[88.41843,22.6562],[88.41882,22.65618],[88.4191,22.65614],[88.41946,22.65607],[88.41979,22.65598],[88.4202,22.65584]]}},{"type":"Feature","properties":{"name":"Belghoria Expressway","highway":"trunk","policy":""},"geometry":{"type":"LineString","coordinates":[[88.43079,22.65271],[88.43052,22.65264],[88.43019,22.65256],[88.4299,22.65249],[88.4296,22.65244],[88.42937,22.65241],[88.42913,22.65237],[88.4287,22.65234],[88.42824,22.65235],[88.42785,22.65237],[88.42755,22.6524],[88.42719,22.65246],[88.42685,22.65252],[88.42653,22.65261],[88.42626,22.65269],[88.42593,22.65281],[88.42574,22.65289],[88.42536,22.65307],[88.42507,22.65321],[88.42437,22.65358],[88.42348,22.65406]]}},{"type":"Feature","properties":{"name":"Belghoria Expressway","highway":"trunk","policy":""},"geometry":{"type":"LineString","coordinates":[[88.42936,22.65252],[88.42957,22.65255],[88.43018,22.65267],[88.43085,22.65285],[88.43117,22.65295],[88.43142,22.65303],[88.43161,22.65308],[88.43181,22.65313],[88.43287,22.65337],[88.4337,22.65357],[88.4341,22.65366],[88.43464,22.6538],[88.43469,22.65381],[88.43487,22.65385],[88.43504,22.65388],[88.43514,22.6539],[88.43524,22.6539],[88.43536,22.65391],[88.4355,22.65391],[88.4357,22.65391]]}},{"type":"Feature","properties":{"name":"Belghoria Expressway","highway":"trunk","policy":""},"geometry":{"type":"LineString","coordinates":[[88.42016,22.65575],[88.41978,22.65588],[88.41946,22.65596],[88.41912,22.65601],[88.41881,22.65605],[88.41847,22.65607],[88.41812,22.65607],[88.4178,22.65605],[88.41728,22.65597],[88.41695,22.65589],[88.41669,22.65581],[88.4165,22.65574],[88.41633,22.65566],[88.41594,22.65549],[88.41517,22.65509],[88.41265,22.65375]]}},{"type":"Feature","properties":{"name":"Belghoria Expressway","highway":"trunk","policy":""},"geometry":{"type":"LineString","coordinates":[[88.4202,22.65584],[88.42042,22.65574],[88.42066,22.65562],[88.4209,22.65549],[88.42211,22.65485],[88.42352,22.65414]]}},{"type":"Feature","properties":{"name":"Acharya Jagadish Chandra Bose Flyover Ramp","highway":"motorway","policy":""},"geometry":{"type":"LineString","coordinates":[[88.36886,22.5405],[88.36855,22.54057],[88.36829,22.54063],[88.36809,22.54067],[88.36783,22.54073],[88.36752,22.54081],[88.36734,22.54085],[88.36664,22.54101],[88.36641,22.54105],[88.3648,22.54137],[88.36416,22.54149],[88.36323,22.54166],[88.36309,22.54166],[88.36291,22.54164],[88.36273,22.54159],[88.36204,22.54127],[88.36164,22.54109],[88.36107,22.54096],[88.36073,22.54091],[88.36011,22.54091],[88.35948,22.54098]]}},{"type":"Feature","properties":{"name":"Kona Expressway","highway":"trunk","policy":""},"geometry":{"type":"LineString","coordinates":[[88.25956,22.60583],[88.26061,22.60278],[88.26094,22.6017]]}},{"type":"Feature","properties":{"name":"NH12;NH16","highway":"trunk","policy":""},"geometry":{"type":"LineString","coordinates":[[88.27435,22.6155],[88.27404,22.61536],[88.27374,22.61521],[88.27319,22.61489],[88.27298,22.61475],[88.27281,22.61465],[88.27265,22.61454],[88.2724,22.61437],[88.2719,22.61398],[88.27131,22.61343],[88.26901,22.61101],[88.26821,22.6102],[88.26796,22.60998],[88.26767,22.60974],[88.26726,22.60944],[88.26661,22.60904],[88.26612,22.60881],[88.26591,22.60873]]}},{"type":"Feature","properties":{"name":"NH12;NH16","highway":"trunk","policy":""},"geometry":{"type":"LineString","coordinates":[[88.28184,22.61806],[88.27559,22.61598],[88.27529,22.61587],[88.27505,22.61579],[88.27481,22.6157],[88.27435,22.6155]]}},{"type":"Feature","properties":{"name":"NH12;NH16","highway":"trunk","policy":""},"geometry":{"type":"LineString","coordinates":[[88.274,22.6155],[88.27432,22.61564],[88.27465,22.61578],[88.27519,22.61599],[88.27542,22.61606],[88.27774,22.61683],[88.28214,22.61828]]}},{"type":"Feature","properties":{"name":"NH12;NH16","highway":"trunk","policy":""},"geometry":{"type":"LineString","coordinates":[[88.27034,22.61266],[88.2705,22.61281],[88.27086,22.61316],[88.27119,22.61349],[88.27156,22.61382],[88.27162,22.61389],[88.27177,22.61402],[88.27193,22.61418],[88.27241,22.61456],[88.27288,22.61488],[88.27314,22.61504],[88.27356,22.61528],[88.274,22.6155]]}},{"type":"Feature","properties":{"name":"Judges Court Road","highway":"trunk","policy":""},"geometry":{"type":"LineString","coordinates":[[88.32634,22.52706],[88.32707,22.52692],[88.32793,22.52674]]}},{"type":"Feature","properties":{"name":"Jessore Road","highway":"trunk","policy":""},"geometry":{"type":"LineString","coordinates":[[88.45393,22.68005],[88.45446,22.6801]]}},{"type":"Feature","properties":{"name":"Jessore Road","highway":"trunk","policy":""},"geometry":{"type":"LineString","coordinates":[[88.46541,22.69239],[88.46522,22.69206],[88.46505,22.6917],[88.46493,22.6914],[88.46491,22.69133],[88.46479,22.6909],[88.46466,22.69044],[88.46455,22.69008],[88.46449,22.68987],[88.46442,22.68962],[88.46438,22.68947],[88.46425,22.689],[88.46413,22.68851],[88.46399,22.68799],[88.46395,22.68784],[88.46384,22.68741],[88.46377,22.68716],[88.46376,22.6871],[88.46348,22.68614],[88.46333,22.68565],[88.46312,22.6849],[88.46288,22.68402],[88.46285,22.68391],[88.46267,22.68338],[88.46258,22.68315],[88.46253,22.68302]]}},{"type":"Feature","properties":{"name":"Diamond Harbour Road","highway":"trunk","policy":""},"geometry":{"type":"LineString","coordinates":[[88.32457,22.52195],[88.32455,22.52183]]}},{"type":"Feature","properties":{"name":"Majherhat Flyover","highway":"trunk","policy":""},"geometry":{"type":"LineString","coordinates":[[88.32403,22.5197],[88.32378,22.5187],[88.32336,22.51697]]}},{"type":"Feature","properties":{"name":"Belghoria Expressway Underpass","highway":"motorway","policy":""},"geometry":{"type":"LineString","coordinates":[[88.36714,22.65441],[88.36731,22.65459],[88.36746,22.65472],[88.36759,22.65482],[88.36774,22.65492],[88.36786,22.65498],[88.36798,22.65503],[88.36812,22.65508]]}},{"type":"Feature","properties":{"name":"Belghoria Expressway Flyover","highway":"motorway","policy":""},"geometry":{"type":"LineString","coordinates":[[88.36959,22.65417],[88.36937,22.65414],[88.3684,22.654],[88.36818,22.65397],[88.36792,22.6539],[88.36768,22.65382],[88.36749,22.65374],[88.36729,22.65364],[88.36711,22.65354],[88.36679,22.65334],[88.36666,22.65325],[88.36644,22.65313],[88.36627,22.65305],[88.36611,22.65298],[88.36589,22.65291],[88.36563,22.65286],[88.36541,22.65283],[88.36517,22.65281],[88.36493,22.65281],[88.36465,22.65281]]}},{"type":"Feature","properties":{"name":"Belghoria Expressway","highway":"motorway","policy":""},"geometry":{"type":"LineString","coordinates":[[88.3805,22.65282],[88.38001,22.65296],[88.37754,22.65374]]}},{"type":"Feature","properties":{"name":"Belghoria Expressway","highway":"motorway","policy":""},"geometry":{"type":"LineString","coordinates":[[88.38073,22.65275],[88.3805,22.65282]]}},{"type":"Feature","properties":{"name":"Belghoria Expressway","highway":"motorway","policy":""},"geometry":{"type":"LineString","coordinates":[[88.37973,22.65354],[88.38068,22.65326]]}},{"type":"Feature","properties":{"name":"Belghoria Expressway","highway":"motorway","policy":""},"geometry":{"type":"LineString","coordinates":[[88.38068,22.65326],[88.3809,22.65321]]}},{"type":"Feature","properties":{"name":"Belghoria Expressway","highway":"trunk","policy":""},"geometry":{"type":"LineString","coordinates":[[88.44016,22.65573],[88.44001,22.65538],[88.43978,22.6549]]}},{"type":"Feature","properties":{"name":"Acharya Jagadish Chandra Bose Flyover","highway":"motorway","policy":""},"geometry":{"type":"LineString","coordinates":[[88.34172,22.54104],[88.34131,22.54094]]}},{"type":"Feature","properties":{"name":"Acharya Jagadish Chandra Bose Flyover","highway":"motorway","policy":""},"geometry":{"type":"LineString","coordinates":[[88.34131,22.54094],[88.34116,22.5409],[88.34068,22.5408]]}},{"type":"Feature","properties":{"name":"Maa Flyover","highway":"trunk","policy":""},"geometry":{"type":"LineString","coordinates":[[88.36664,22.54298],[88.36691,22.54276],[88.36709,22.54261]]}},{"type":"Feature","properties":{"name":"Maa Flyover","highway":"trunk","policy":""},"geometry":{"type":"LineString","coordinates":[[88.36709,22.54261],[88.36726,22.54245],[88.36737,22.54233],[88.36743,22.54225]]}},{"type":"Feature","properties":{"name":"Maa Flyover","highway":"trunk","policy":""},"geometry":{"type":"LineString","coordinates":[[88.36737,22.54223],[88.36729,22.54232],[88.36713,22.54249]]}},{"type":"Feature","properties":{"name":"Maa Flyover","highway":"motorway","policy":""},"geometry":{"type":"LineString","coordinates":[[88.40307,22.55037],[88.40289,22.55028],[88.40275,22.5502],[88.40259,22.55007],[88.40219,22.54976],[88.40123,22.54898]]}},{"type":"Feature","properties":{"name":"Maa Flyover","highway":"motorway","policy":""},"geometry":{"type":"LineString","coordinates":[[88.40113,22.54898],[88.40216,22.54979],[88.40258,22.55014],[88.40273,22.55028],[88.40295,22.55052]]}},{"type":"Feature","properties":{"name":"NH12","highway":"trunk","policy":""},"geometry":{"type":"LineString","coordinates":[[88.45225,22.6798],[88.45199,22.67976],[88.45163,22.67972],[88.45137,22.6797],[88.45109,22.67967],[88.45078,22.67964],[88.45054,22.67961],[88.45037,22.67958],[88.45026,22.67955],[88.45018,22.67954],[88.45001,22.67948],[88.44983,22.67942],[88.44965,22.67935],[88.44932,22.67921],[88.44883,22.67899],[88.44853,22.67886],[88.44837,22.67879],[88.44821,22.6787],[88.44794,22.67853],[88.44771,22.67838],[88.44749,22.67821],[88.44729,22.67804],[88.44709,22.67787],[88.4469,22.67769],[88.44672,22.67747],[88.44657,22.67726],[88.44638,22.67698],[88.44627,22.6768],[88.44613,22.67657],[88.44598,22.67631],[88.44586,22.67606],[88.44579,22.67586],[88.44574,22.67569],[88.4457,22.67556],[88.44566,22.67541],[88.44563,22.67524],[88.44561,22.67503],[88.44558,22.67474],[88.44556,22.67435],[88.44553,22.67403],[88.44553,22.67393],[88.4455,22.67363],[88.44547,22.67316],[88.44539,22.67265],[88.44531,22.6721],[88.44523,22.67155],[88.44518,22.67107],[88.44515,22.67065],[88.44512,22.67022],[88.44511,22.67012],[88.44508,22.66972],[88.44503,22.66911],[88.44501,22.66889],[88.445,22.6688],[88.44497,22.66846],[88.44497,22.66845]]}},{"type":"Feature","properties":{"name":"NH12","highway":"trunk","policy":""},"geometry":{"type":"LineString","coordinates":[[88.46128,22.6814],[88.46118,22.68131],[88.46098,22.68119],[88.4608,22.68107],[88.46071,22.68101],[88.46054,22.68092],[88.46034,22.68083],[88.46025,22.6808],[88.46013,22.68078],[88.46006,22.68075],[88.45994,22.68071],[88.45981,22.68068],[88.45974,22.68066],[88.45963,22.68064],[88.45948,22.68062],[88.45902,22.68055],[88.45846,22.68047],[88.4581,22.68042],[88.45767,22.68036],[88.45748,22.68035],[88.45735,22.68033],[88.45668,22.68025],[88.45624,22.68021],[88.45568,22.68015],[88.45513,22.6801],[88.45506,22.68009],[88.4545,22.68001],[88.45438,22.68]]}},{"type":"Feature","properties":{"name":"NH12","highway":"trunk","policy":""},"geometry":{"type":"LineString","coordinates":[[88.45438,22.68],[88.45396,22.67995]]}},{"type":"Feature","properties":{"name":"Jessore Road","highway":"trunk","policy":""},"geometry":{"type":"LineString","coordinates":[[88.45446,22.6801],[88.45453,22.68011],[88.45457,22.68012],[88.45508,22.68018],[88.45552,22.68023],[88.45628,22.68031],[88.45681,22.68036],[88.45717,22.6804],[88.45724,22.68041],[88.45768,22.68046],[88.45862,22.68059],[88.45918,22.68067],[88.45938,22.68069],[88.45957,22.68073],[88.45976,22.68077],[88.45986,22.68079],[88.46012,22.68087],[88.46034,22.68094],[88.46054,22.68104],[88.46076,22.68116],[88.46109,22.68137],[88.46121,22.68146]]}},{"type":"Feature","properties":{"name":"Jessore Road","highway":"trunk","policy":""},"geometry":{"type":"LineString","coordinates":[[88.46247,22.6831],[88.46252,22.68325],[88.46257,22.6834],[88.46268,22.68368],[88.46274,22.68387],[88.4628,22.68405],[88.46286,22.68426],[88.46292,22.68448],[88.46293,22.68451],[88.46302,22.68481],[88.46306,22.68496],[88.46311,22.68514],[88.46317,22.68535],[88.46318,22.68539],[88.46327,22.68567],[88.46336,22.68596],[88.46337,22.686],[88.46342,22.6862],[88.46346,22.68633],[88.4635,22.68648],[88.46357,22.68675],[88.46362,22.68693],[88.46366,22.68706],[88.4637,22.68721],[88.46372,22.68727],[88.46379,22.68751],[88.46386,22.68778],[88.46391,22.68801],[88.46399,22.68834],[88.46404,22.68854],[88.46417,22.68899],[88.46425,22.68931],[88.46427,22.68936],[88.46431,22.68949],[88.46434,22.68964],[88.46442,22.68987],[88.46446,22.69007],[88.46453,22.69033],[88.46457,22.69046],[88.46457,22.69049],[88.46462,22.69066],[88.46463,22.69069],[88.46471,22.69096],[88.46483,22.69136],[88.46491,22.6916],[88.46496,22.69175],[88.46504,22.69192],[88.46513,22.69208],[88.46526,22.6923],[88.46534,22.69243]]}},{"type":"Feature","properties":{"name":"Jessore Road","highway":"trunk","policy":""},"geometry":{"type":"LineString","coordinates":[[88.47515,22.70926],[88.47524,22.70947],[88.47531,22.70967],[88.47534,22.70981],[88.47536,22.70991],[88.47545,22.7105],[88.47547,22.71066],[88.47549,22.71083],[88.4755,22.7111],[88.47549,22.71139]]}},{"type":"Feature","properties":{"name":"NH12","highway":"trunk","policy":""},"geometry":{"type":"LineString","coordinates":[[88.47899,22.72473],[88.4792,22.7255],[88.4793,22.72586],[88.47945,22.7264],[88.47953,22.7267],[88.47963,22.72706],[88.47964,22.7271],[88.47974,22.72751],[88.47975,22.72758],[88.47984,22.72792],[88.48002,22.72866],[88.48015,22.72903],[88.48027,22.72939],[88.48045,22.73015],[88.4805,22.73034],[88.48064,22.73085],[88.48067,22.73098],[88.48096,22.73219],[88.48096,22.73222],[88.48111,22.73277]]}},{"type":"Feature","properties":{"name":"NH12","highway":"trunk","policy":""},"geometry":{"type":"LineString","coordinates":[[88.48183,22.73542],[88.48187,22.73552],[88.48198,22.73572],[88.48212,22.73601],[88.48222,22.7362],[88.4823,22.73639],[88.48236,22.73654],[88.48243,22.73676],[88.48259,22.73728],[88.48269,22.73755],[88.48276,22.7378],[88.48297,22.73845],[88.48315,22.73893],[88.4833,22.73934],[88.48338,22.73958],[88.48351,22.73996],[88.48363,22.7403],[88.48372,22.74059],[88.48377,22.74075],[88.48386,22.74108],[88.48395,22.74144],[88.48405,22.74178],[88.48413,22.74206],[88.48427,22.74249],[88.48437,22.7428],[88.48444,22.74299],[88.48456,22.74327],[88.4847,22.7436],[88.48486,22.74403],[88.48492,22.74417],[88.48512,22.74462],[88.48524,22.74489],[88.48536,22.74518],[88.4855,22.74549],[88.48579,22.74614],[88.48605,22.74675],[88.48632,22.74734],[88.4864,22.74752],[88.48666,22.74812],[88.48683,22.74853],[88.48703,22.749],[88.48722,22.74943],[88.48746,22.74999],[88.4876,22.75031],[88.48785,22.75088],[88.48802,22.7513],[88.48821,22.75175],[88.48839,22.75215],[88.4885,22.75239],[88.48863,22.7527],[88.48879,22.75307],[88.48902,22.75359],[88.48915,22.7539],[88.48931,22.75425],[88.48932,22.75428],[88.48941,22.7545],[88.48958,22.75493],[88.48972,22.75527],[88.48978,22.75541],[88.48987,22.75564],[88.48997,22.75589],[88.49027,22.7567],[88.4904,22.75701],[88.49064,22.75762],[88.49083,22.75812],[88.49086,22.7582],[88.4911,22.75876],[88.49119,22.75901],[88.4913,22.75928],[88.49151,22.75978],[88.4917,22.76022],[88.4919,22.76072],[88.49216,22.76129],[88.49226,22.76152],[88.49242,22.76189],[88.49248,22.76206],[88.49255,22.76226],[88.49264,22.76257],[88.49276,22.76299],[88.49281,22.76325],[88.49287,22.76343],[88.49293,22.76369],[88.49301,22.76398],[88.49301,22.76401],[88.49315,22.76447],[88.49335,22.76522],[88.49337,22.76528],[88.49341,22.76542],[88.49364,22.7664]]}},{"type":"Feature","properties":{"name":"NH12","highway":"trunk","policy":""},"geometry":{"type":"LineString","coordinates":[[88.50058,22.77648],[88.50051,22.77639],[88.50032,22.7762],[88.50008,22.77595],[88.49994,22.77581],[88.49987,22.77575],[88.49986,22.77573],[88.49888,22.77479],[88.49802,22.77395],[88.4976,22.77354],[88.49713,22.7731],[88.49655,22.77254],[88.49593,22.77194],[88.49558,22.7716],[88.4954,22.77141],[88.49525,22.77124],[88.49512,22.77104],[88.49502,22.77087],[88.49491,22.77067],[88.49485,22.77054],[88.49474,22.7703],[88.49469,22.77017],[88.49465,22.77006],[88.49461,22.76992],[88.49451,22.76952],[88.49397,22.76737],[88.49392,22.76716],[88.49372,22.76638],[88.49343,22.76518],[88.49327,22.76459],[88.49315,22.76414],[88.49296,22.76342],[88.49286,22.76305],[88.49278,22.76277],[88.49269,22.76245],[88.49259,22.76216],[88.49252,22.76195],[88.49241,22.76165],[88.49234,22.76147],[88.49195,22.76064],[88.49147,22.75948],[88.49123,22.75886],[88.49072,22.75761],[88.49042,22.75687],[88.49014,22.75612],[88.49002,22.75581],[88.48999,22.75575],[88.4899,22.75551],[88.48938,22.75427],[88.48922,22.75388],[88.48878,22.75286],[88.48866,22.7526],[88.48766,22.75027],[88.48732,22.74947],[88.48696,22.74863],[88.4869,22.74849],[88.48655,22.74767],[88.4862,22.74684],[88.48576,22.74583],[88.48533,22.74485],[88.4852,22.74454],[88.48453,22.74293],[88.48432,22.74233],[88.48412,22.74175],[88.48404,22.74149],[88.48389,22.74088],[88.48381,22.74059],[88.48373,22.74034],[88.48367,22.74018],[88.48363,22.74007],[88.48346,22.73955],[88.48329,22.73911],[88.48321,22.73891],[88.48304,22.73842],[88.48287,22.7379],[88.48283,22.73777],[88.48275,22.73753],[88.48266,22.73725],[88.48253,22.73684],[88.48247,22.73665],[88.48241,22.7365],[88.48232,22.73627],[88.48222,22.73603],[88.48205,22.73567],[88.48194,22.73544],[88.48191,22.7354]]}},{"type":"Feature","properties":{"name":"Durgapur Expressway","highway":"trunk","policy":""},"geometry":{"type":"LineString","coordinates":[[88.29438,22.68706],[88.29449,22.68681]]}},{"type":"Feature","properties":{"name":"Durgapur Expressway","highway":"trunk","policy":""},"geometry":{"type":"LineString","coordinates":[[88.28421,22.70895],[88.28575,22.70565],[88.28703,22.70295],[88.28801,22.70087],[88.28895,22.69889],[88.28953,22.69772],[88.29011,22.69656],[88.29013,22.6965],[88.29041,22.69587],[88.29108,22.6944],[88.29123,22.69406]]}},{"type":"Feature","properties":{"name":"Durgapur Expressway","highway":"trunk","policy":""},"geometry":{"type":"LineString","coordinates":[[88.28996,22.69647],[88.28917,22.69804],[88.28883,22.69883],[88.28789,22.70083],[88.28593,22.70493],[88.28509,22.70673],[88.28411,22.70879]]}},{"type":"Feature","properties":{"name":"Durgapur Expressway","highway":"trunk","policy":""},"geometry":{"type":"LineString","coordinates":[[88.29438,22.68681],[88.29426,22.68705]]}},{"type":"Feature","properties":{"name":"NH19","highway":"motorway","policy":""},"geometry":{"type":"LineString","coordinates":[[88.3092,22.65818],[88.30913,22.65829]]}},{"type":"Feature","properties":{"name":"Belghoria Expressway","highway":"motorway","policy":""},"geometry":{"type":"LineString","coordinates":[[88.37107,22.65433],[88.37076,22.65429],[88.37029,22.65425],[88.36983,22.6542],[88.36959,22.65417]]}},{"type":"Feature","properties":{"name":"Belghoria Expressway","highway":"trunk","policy":""},"geometry":{"type":"LineString","coordinates":[[88.37123,22.65435],[88.37107,22.65433]]}},{"type":"Feature","properties":{"name":"Barasat - Petrapole Highway","highway":"trunk","policy":""},"geometry":{"type":"LineString","coordinates":[[88.48663,22.71936],[88.48721,22.71945],[88.48742,22.71948],[88.48756,22.71957],[88.4877,22.71968],[88.48807,22.71999],[88.48861,22.72046],[88.48864,22.72048],[88.4893,22.72101],[88.49008,22.72167],[88.49057,22.72208],[88.49116,22.72249],[88.49156,22.72281],[88.49165,22.72288],[88.49184,22.72304],[88.49195,22.72313],[88.49217,22.72331],[88.49222,22.72335],[88.49248,22.72357],[88.49262,22.7237],[88.49281,22.72387],[88.49303,22.72407],[88.49331,22.72431],[88.49336,22.72436],[88.49358,22.72458],[88.49377,22.72478],[88.49386,22.72487],[88.49398,22.72501],[88.49406,22.72511],[88.49413,22.7252],[88.49421,22.72531],[88.4943,22.72542],[88.49438,22.72554],[88.49458,22.72585],[88.49473,22.72606],[88.49488,22.7263],[88.49492,22.72634],[88.49503,22.72645],[88.49518,22.72658],[88.49535,22.72669],[88.49576,22.72695],[88.49586,22.727],[88.49616,22.72718],[88.4964,22.72731],[88.49672,22.72749],[88.49694,22.72762],[88.49705,22.72768],[88.49752,22.72795],[88.49815,22.72829],[88.49836,22.72839],[88.49842,22.72842],[88.49878,22.7286],[88.49883,22.72863],[88.49903,22.72874],[88.49913,22.72882],[88.49975,22.7292],[88.50012,22.72943],[88.50066,22.72971],[88.50095,22.72987],[88.50118,22.73],[88.50141,22.73011],[88.50156,22.7302],[88.50194,22.73043],[88.50218,22.73057],[88.50258,22.7308],[88.50274,22.73091],[88.50292,22.73104]]}},{"type":"Feature","properties":{"name":"NH12;NH16","highway":"trunk","policy":""},"geometry":{"type":"LineString","coordinates":[[88.2871,22.62037],[88.28647,22.61987],[88.28611,22.61961],[88.28598,22.61953],[88.28589,22.61947],[88.28578,22.61941],[88.28563,22.61934],[88.2853,22.6192],[88.28516,22.61915],[88.28288,22.6184],[88.28276,22.61836],[88.2825,22.61828],[88.28184,22.61806]]}},{"type":"Feature","properties":{"name":"NH16","highway":"trunk","policy":""},"geometry":{"type":"LineString","coordinates":[[88.26497,22.60853],[88.2657,22.6088],[88.26598,22.60892],[88.26623,22.60902],[88.26646,22.60913],[88.26672,22.60927],[88.26697,22.60942],[88.26721,22.60956],[88.26762,22.60986],[88.26816,22.61034],[88.26838,22.61056],[88.26897,22.61118],[88.27034,22.61266]]}},{"type":"Feature","properties":{"name":"NH12;NH16","highway":"trunk","policy":""},"geometry":{"type":"LineString","coordinates":[[88.26591,22.60873],[88.26094,22.60679]]}},{"type":"Feature","properties":{"name":"NH12;NH16","highway":"trunk","policy":""},"geometry":{"type":"LineString","coordinates":[[88.28214,22.61828],[88.28475,22.61916],[88.28518,22.61932],[88.28537,22.61939],[88.28556,22.61947],[88.28572,22.61955],[88.28598,22.61972],[88.28637,22.61996],[88.28728,22.62073],[88.28733,22.62078],[88.28867,22.62192],[88.28883,22.62206],[88.28907,22.62228]]}},{"type":"Feature","properties":{"name":"NH12","highway":"motorway","policy":""},"geometry":{"type":"LineString","coordinates":[[88.31502,22.65749],[88.31533,22.6574]]}},{"type":"Feature","properties":{"name":"NH12","highway":"motorway","policy":""},"geometry":{"type":"LineString","coordinates":[[88.31529,22.65727],[88.3147,22.65743],[88.31378,22.65768]]}},{"type":"Feature","properties":{"name":"Durgapur Expressway","highway":"trunk","policy":""},"geometry":{"type":"LineString","coordinates":[[88.29725,22.68077],[88.29866,22.67747],[88.29983,22.67496]]}},{"type":"Feature","properties":{"name":"Maa Flyover","highway":"motorway","policy":""},"geometry":{"type":"LineString","coordinates":[[88.4006,22.54843],[88.40052,22.54837],[88.40041,22.54826]]}},{"type":"Feature","properties":{"name":"Maa Flyover","highway":"motorway","policy":""},"geometry":{"type":"LineString","coordinates":[[88.40041,22.54826],[88.4001,22.54787],[88.39982,22.54743],[88.39972,22.54719],[88.39959,22.54681],[88.39935,22.54593],[88.39905,22.54467],[88.39879,22.54356],[88.39877,22.54348],[88.39875,22.54342],[88.39869,22.54331]]}},{"type":"Feature","properties":{"name":"Maa Flyover","highway":"motorway","policy":""},"geometry":{"type":"LineString","coordinates":[[88.40123,22.54898],[88.40092,22.54871],[88.4006,22.54843]]}},{"type":"Feature","properties":{"name":"Kalyani Expressway","highway":"trunk","policy":""},"geometry":{"type":"LineString","coordinates":[[88.4117,22.66814],[88.41193,22.66879],[88.41236,22.67012],[88.41275,22.67132],[88.41279,22.67144],[88.41304,22.67221],[88.41347,22.67346],[88.41371,22.6742],[88.41379,22.67443],[88.41385,22.67463],[88.41396,22.67493],[88.41404,22.67521],[88.41415,22.67554],[88.41426,22.67588],[88.41435,22.67613],[88.41446,22.67639],[88.41459,22.67673],[88.41475,22.6771],[88.41509,22.67801],[88.41527,22.67853],[88.41548,22.67912],[88.41573,22.67976],[88.41582,22.67997],[88.41598,22.68041],[88.41607,22.68066],[88.41611,22.68077],[88.41625,22.68114],[88.41638,22.6815],[88.41679,22.68263],[88.41694,22.68306],[88.41704,22.68336],[88.41723,22.68385],[88.4173,22.68409],[88.41736,22.68435],[88.41741,22.6846],[88.41749,22.68489],[88.41764,22.68549],[88.41774,22.68585],[88.41782,22.68613],[88.41792,22.68642],[88.41797,22.68664],[88.41807,22.68706],[88.41816,22.68753],[88.41823,22.68786],[88.41833,22.6883],[88.4184,22.68861],[88.41883,22.69115],[88.41898,22.69216],[88.41908,22.69261],[88.41913,22.69294],[88.41919,22.69328]]}},{"type":"Feature","properties":{"name":"Kalyani Expressway","highway":"trunk","policy":""},"geometry":{"type":"LineString","coordinates":[[88.41931,22.69328],[88.41929,22.69323],[88.41908,22.69216],[88.41908,22.69214],[88.41898,22.6915],[88.41896,22.69139],[88.41885,22.69061],[88.41873,22.68991],[88.41865,22.6894],[88.41855,22.68881],[88.41832,22.68781],[88.4182,22.68717],[88.41812,22.68682],[88.418,22.68637],[88.41775,22.68553],[88.41765,22.68508],[88.4176,22.68486],[88.41749,22.68441],[88.41741,22.68409],[88.41732,22.6838],[88.41704,22.68302],[88.41673,22.68214],[88.41636,22.68115],[88.41617,22.68062],[88.41578,22.6796],[88.41562,22.67917],[88.4155,22.67886],[88.41526,22.67817],[88.41505,22.67757],[88.41477,22.6769],[88.41461,22.67653],[88.41451,22.67626],[88.41444,22.67608],[88.41435,22.67584],[88.41414,22.6752],[88.41406,22.67496],[88.41395,22.67461],[88.41388,22.67441],[88.41385,22.67432],[88.41381,22.67419],[88.41371,22.67387],[88.41355,22.67344]]}},{"type":"Feature","properties":{"name":"Kalyani Expressway","highway":"trunk","policy":""},"geometry":{"type":"LineString","coordinates":[[88.40609,22.65316],[88.40616,22.65351],[88.40626,22.65408],[88.40656,22.65541],[88.4068,22.65646],[88.4071,22.65783],[88.4073,22.65874],[88.4075,22.65949],[88.40767,22.66013],[88.40779,22.66046],[88.40798,22.66092],[88.40819,22.66133],[88.4085,22.6618],[88.40903,22.66265],[88.40912,22.66279],[88.40935,22.66318],[88.40978,22.66389],[88.40986,22.66402],[88.41005,22.66431],[88.4105,22.66506],[88.41071,22.66545],[88.41085,22.6657],[88.41096,22.66593],[88.41123,22.66668],[88.41141,22.66723],[88.4117,22.66814]]}},{"type":"Feature","properties":{"name":"Diamond Harbour Road","highway":"trunk","policy":""},"geometry":{"type":"LineString","coordinates":[[88.30241,22.45302],[88.30181,22.45219]]}},{"type":"Feature","properties":{"name":"Diamond Harbour Road","highway":"trunk","policy":""},"geometry":{"type":"LineString","coordinates":[[88.30173,22.45225],[88.30214,22.45281],[88.30227,22.45298],[88.30232,22.45306]]}},{"type":"Feature","properties":{"name":"Diamond Harbour Road","highway":"trunk","policy":""},"geometry":{"type":"LineString","coordinates":[[88.29999,22.44972],[88.30016,22.45003],[88.30024,22.45018],[88.3003,22.45028],[88.30064,22.45079],[88.30068,22.45085],[88.301,22.45127],[88.30125,22.45159],[88.30134,22.45171]]}},{"type":"Feature","properties":{"name":"Diamond Harbour Road","highway":"trunk","policy":""},"geometry":{"type":"LineString","coordinates":[[88.30142,22.45165],[88.30104,22.45113],[88.30073,22.45067],[88.3005,22.45031],[88.30044,22.45022],[88.30037,22.4501],[88.29999,22.44972]]}},{"type":"Feature","properties":{"name":"Durgapur Expressway","highway":"trunk","policy":""},"geometry":{"type":"LineString","coordinates":[[88.29494,22.68585],[88.29515,22.6854],[88.29546,22.68473],[88.29591,22.68367],[88.29626,22.68295],[88.2969,22.68155],[88.29711,22.68107]]}},{"type":"Feature","properties":{"name":"NH12","highway":"trunk","policy":""},"geometry":{"type":"LineString","coordinates":[[88.30984,22.65639],[88.30946,22.65525],[88.30928,22.65467],[88.30908,22.65402]]}},{"type":"Feature","properties":{"name":"NH12","highway":"trunk","policy":""},"geometry":{"type":"LineString","coordinates":[[88.30908,22.65402],[88.30894,22.65359],[88.30887,22.65342],[88.3088,22.65335]]}},{"type":"Feature","properties":{"name":"NH16","highway":"trunk","policy":""},"geometry":{"type":"LineString","coordinates":[[88.30938,22.65527],[88.30901,22.65404]]}},{"type":"Feature","properties":{"name":"NH12;NH16","highway":"trunk","policy":""},"geometry":{"type":"LineString","coordinates":[[88.30801,22.65146],[88.30875,22.65373],[88.30908,22.65475],[88.3093,22.65544],[88.30954,22.65619]]}},{"type":"Feature","properties":{"name":"Diamond Harbour Road","highway":"trunk","policy":""},"geometry":{"type":"LineString","coordinates":[[88.31311,22.48699],[88.31348,22.48805],[88.31374,22.48861],[88.31392,22.48897],[88.31398,22.4891],[88.31518,22.49178],[88.31545,22.49237],[88.3156,22.49272],[88.31561,22.49274],[88.31583,22.49322],[88.31586,22.49329],[88.31604,22.49375],[88.31614,22.49404],[88.31621,22.49424],[88.3163,22.49452],[88.31637,22.49471],[88.31649,22.49516],[88.31657,22.49546],[88.31682,22.4964],[88.31692,22.49678],[88.31703,22.49719],[88.31709,22.49751],[88.31711,22.49769],[88.31718,22.4982],[88.31726,22.49875],[88.31727,22.49886],[88.3173,22.49904],[88.31735,22.49925],[88.31741,22.49952],[88.31755,22.50021],[88.31756,22.50025],[88.31764,22.50061],[88.31773,22.50106],[88.31781,22.50134],[88.31793,22.50175],[88.31806,22.50223]]}},{"type":"Feature","properties":{"name":"NH12","highway":"trunk","policy":""},"geometry":{"type":"LineString","coordinates":[[88.46121,22.68146],[88.46128,22.6814]]}},{"type":"Feature","properties":{"name":"NH12","highway":"trunk","policy":""},"geometry":{"type":"LineString","coordinates":[[88.46178,22.68183],[88.462,22.68208],[88.46219,22.68233],[88.46222,22.68237],[88.46239,22.68269],[88.46253,22.68302]]}},{"type":"Feature","properties":{"name":"Jessore Road","highway":"trunk","policy":""},"geometry":{"type":"LineString","coordinates":[[88.46121,22.68146],[88.46151,22.68171],[88.46169,22.68189],[88.46187,22.6821],[88.46212,22.6824],[88.46226,22.68264],[88.46247,22.6831]]}},{"type":"Feature","properties":{"name":"NH12","highway":"trunk","policy":""},"geometry":{"type":"LineString","coordinates":[[88.46128,22.6814],[88.46167,22.68173],[88.46178,22.68183]]}},{"type":"Feature","properties":{"name":"freight corridor","highway":"trunk","policy":""},"geometry":{"type":"LineString","coordinates":[[88.48124,22.7329],[88.4812,22.73283],[88.48111,22.73277]]}},{"type":"Feature","properties":{"name":"freight corridor","highway":"trunk","policy":""},"geometry":{"type":"LineString","coordinates":[[88.48174,22.73509],[88.48181,22.73534],[88.48183,22.73542]]}},{"type":"Feature","properties":{"name":"freight corridor","highway":"trunk","policy":""},"geometry":{"type":"LineString","coordinates":[[88.48191,22.7354],[88.48188,22.73531],[88.48187,22.73528],[88.48184,22.7352],[88.48155,22.7342]]}},{"type":"Feature","properties":{"name":"NH12","highway":"trunk","policy":""},"geometry":{"type":"LineString","coordinates":[[88.4814,22.73391],[88.48147,22.73423],[88.48154,22.73449],[88.48159,22.73468],[88.48174,22.73509]]}},{"type":"Feature","properties":{"name":"freight corridor","highway":"trunk","policy":""},"geometry":{"type":"LineString","coordinates":[[88.48155,22.7342],[88.48147,22.73385],[88.48124,22.7329]]}},{"type":"Feature","properties":{"name":"NH12","highway":"trunk","policy":""},"geometry":{"type":"LineString","coordinates":[[88.48111,22.73277],[88.48113,22.73292],[88.4814,22.73391]]}},{"type":"Feature","properties":{"name":"freight corridor","highway":"trunk","policy":""},"geometry":{"type":"LineString","coordinates":[[88.33032,22.52538],[88.33058,22.52534],[88.3307,22.52533],[88.33089,22.52534]]}},{"type":"Feature","properties":{"name":"Alipore Road","highway":"trunk","policy":""},"geometry":{"type":"LineString","coordinates":[[88.33089,22.52534],[88.33085,22.52519],[88.33085,22.52518]]}},{"type":"Feature","properties":{"name":"Belghoria Expressway","highway":"trunk","policy":""},"geometry":{"type":"LineString","coordinates":[[88.40529,22.65236],[88.40577,22.65239],[88.40589,22.6524],[88.406,22.65241],[88.40612,22.65241],[88.40735,22.65253],[88.40758,22.65254],[88.40878,22.65255],[88.40921,22.65259],[88.40941,22.65261],[88.4096,22.65263],[88.40995,22.6527],[88.41024,22.65276],[88.41058,22.65287],[88.41085,22.65297],[88.41116,22.65311],[88.41168,22.65336],[88.41211,22.65359],[88.4126,22.65385]]}},{"type":"Feature","properties":{"name":"Alipore Road","highway":"trunk","policy":""},"geometry":{"type":"LineString","coordinates":[[88.33136,22.52743],[88.3311,22.52623],[88.33103,22.52593],[88.33098,22.52574],[88.33089,22.52534]]}},{"type":"Feature","properties":{"name":"Diamond Harbour Road","highway":"trunk","policy":""},"geometry":{"type":"LineString","coordinates":[[88.32588,22.52712],[88.32574,22.52656],[88.32562,22.52609],[88.32556,22.52586],[88.3254,22.52531],[88.32531,22.525],[88.32521,22.52464],[88.32517,22.52447],[88.32512,22.52422],[88.325,22.5237],[88.32471,22.52242],[88.32466,22.52224],[88.32461,22.52207]]}},{"type":"Feature","properties":{"name":"NH12","highway":"trunk","policy":""},"geometry":{"type":"LineString","coordinates":[[88.32287,22.51519],[88.32295,22.51549],[88.32305,22.51586],[88.32307,22.51591],[88.32308,22.51596]]}},{"type":"Feature","properties":{"name":"Majherhat Flyover","highway":"trunk","policy":""},"geometry":{"type":"LineString","coordinates":[[88.32327,22.51698],[88.32355,22.51807],[88.32357,22.51815],[88.32362,22.51836],[88.32364,22.51842],[88.32366,22.51851],[88.32367,22.51853],[88.32369,22.51861],[88.3237,22.51868],[88.32434,22.52123]]}},{"type":"Feature","properties":{"name":"freight corridor","highway":"trunk","policy":""},"geometry":{"type":"LineString","coordinates":[[88.26819,22.58987],[88.26838,22.58979],[88.26854,22.58962],[88.26866,22.58949],[88.26877,22.5894]]}},{"type":"Feature","properties":{"name":"Alipore Road","highway":"trunk","policy":""},"geometry":{"type":"LineString","coordinates":[[88.33317,22.53469],[88.33291,22.53448],[88.33261,22.53431],[88.33232,22.53413],[88.33214,22.53394],[88.33204,22.53358],[88.332,22.533]]}},{"type":"Feature","properties":{"name":"Alipore Road","highway":"trunk","policy":""},"geometry":{"type":"LineString","coordinates":[[88.33136,22.52754],[88.33136,22.52743]]}},{"type":"Feature","properties":{"name":"Taratala Flyover","highway":"trunk","policy":""},"geometry":{"type":"LineString","coordinates":[[88.32279,22.5149],[88.32287,22.51519]]}},{"type":"Feature","properties":{"name":"Taratala Flyover","highway":"trunk","policy":""},"geometry":{"type":"LineString","coordinates":[[88.32122,22.51011],[88.32123,22.51014]]}},{"type":"Feature","properties":{"name":"Diamond Harbour Road","highway":"trunk","policy":""},"geometry":{"type":"LineString","coordinates":[[88.31062,22.48153],[88.31092,22.48209],[88.31113,22.4825],[88.3115,22.4833],[88.31206,22.48451],[88.31216,22.48472],[88.31247,22.48541],[88.3128,22.48612],[88.31284,22.48626],[88.31311,22.48699]]}},{"type":"Feature","properties":{"name":"Diamond Harbour Road","highway":"trunk","policy":""},"geometry":{"type":"LineString","coordinates":[[88.30232,22.45306],[88.30234,22.45309],[88.30242,22.45322],[88.30267,22.45358],[88.30312,22.45428],[88.30464,22.45646],[88.30497,22.45698],[88.30506,22.4571]]}},{"type":"Feature","properties":{"name":"Majherhat Flyover","highway":"trunk","policy":""},"geometry":{"type":"LineString","coordinates":[[88.32434,22.52123],[88.32449,22.52184]]}},{"type":"Feature","properties":{"name":"Burdwan Road","highway":"trunk","policy":""},"geometry":{"type":"LineString","coordinates":[[88.32457,22.52195],[88.32452,22.52196]]}},{"type":"Feature","properties":{"name":"Diamond Harbour Road","highway":"trunk","policy":""},"geometry":{"type":"LineString","coordinates":[[88.30971,22.46986],[88.3098,22.47014],[88.30983,22.47079],[88.30987,22.4714],[88.30988,22.47163],[88.30984,22.47194],[88.30978,22.47232],[88.30977,22.47287],[88.30983,22.474],[88.30987,22.47465],[88.30991,22.47525],[88.30996,22.47624],[88.31004,22.47674],[88.31009,22.47705],[88.31017,22.4775],[88.3103,22.4796],[88.31032,22.47974],[88.31033,22.47983],[88.31055,22.48127],[88.31062,22.48153]]}},{"type":"Feature","properties":{"name":"Diamond Harbour Road","highway":"trunk","policy":""},"geometry":{"type":"LineString","coordinates":[[88.30506,22.4571],[88.30611,22.45866],[88.30629,22.45903],[88.30636,22.45921],[88.30647,22.4595],[88.30654,22.46],[88.3066,22.4606],[88.30664,22.46104],[88.30679,22.46189],[88.30686,22.46227],[88.30704,22.46304]]}},{"type":"Feature","properties":{"name":"NH12","highway":"trunk","policy":""},"geometry":{"type":"LineString","coordinates":[[88.4422,22.66118],[88.44215,22.66104],[88.44209,22.66087],[88.44199,22.6606],[88.44181,22.66006],[88.44177,22.65997],[88.44156,22.65927]]}},{"type":"Feature","properties":{"name":"NH12","highway":"trunk","policy":""},"geometry":{"type":"LineString","coordinates":[[88.44445,22.66553],[88.44441,22.66538],[88.44437,22.66523],[88.44429,22.66503],[88.44418,22.66477],[88.44411,22.6646],[88.44402,22.6644],[88.44389,22.6641],[88.44366,22.66363],[88.44351,22.66336],[88.44336,22.66306],[88.44324,22.66285],[88.44314,22.66267],[88.44308,22.66255],[88.44297,22.66237],[88.44283,22.6622],[88.44269,22.66205],[88.4426,22.66193],[88.4425,22.66181],[88.44242,22.66167],[88.44234,22.66152],[88.44225,22.66132],[88.4422,22.66118]]}},{"type":"Feature","properties":{"name":"Kona Expressway","highway":"trunk","policy":""},"geometry":{"type":"LineString","coordinates":[[88.28679,22.58522],[88.28656,22.58526]]}},{"type":"Feature","properties":{"name":"Vidyasagar Flyover","highway":"trunk","policy":""},"geometry":{"type":"LineString","coordinates":[[88.3323,22.54192],[88.3317,22.54224]]}},{"type":"Feature","properties":{"name":"Belvedere Road","highway":"trunk","policy":""},"geometry":{"type":"LineString","coordinates":[[88.33476,22.54075],[88.33469,22.54063]]}},{"type":"Feature","properties":{"name":"freight corridor","highway":"trunk","policy":""},"geometry":{"type":"LineString","coordinates":[[88.26063,22.60693],[88.26312,22.60791],[88.26339,22.60801]]}},{"type":"Feature","properties":{"name":"Acharya Jagadish Chandra Bose Road","highway":"trunk","policy":""},"geometry":{"type":"LineString","coordinates":[[88.33926,22.54055],[88.33938,22.54058]]}},{"type":"Feature","properties":{"name":"NH12","highway":"trunk","policy":""},"geometry":{"type":"LineString","coordinates":[[88.33465,22.5408],[88.33476,22.54075]]}},{"type":"Feature","properties":{"name":"Belvedere Road","highway":"trunk","policy":""},"geometry":{"type":"LineString","coordinates":[[88.33339,22.53532],[88.33345,22.53592],[88.3335,22.53665],[88.33354,22.5371],[88.33357,22.53754],[88.33359,22.53787],[88.33365,22.53866],[88.3337,22.53893],[88.33373,22.53911]]}},{"type":"Feature","properties":{"name":"Diamond Harbour Road","highway":"trunk","policy":""},"geometry":{"type":"LineString","coordinates":[[88.31884,22.50412],[88.31915,22.50489],[88.31934,22.50535],[88.31954,22.50584],[88.31958,22.50593],[88.31983,22.50663],[88.31985,22.50668],[88.3201,22.50733],[88.32022,22.50761],[88.32031,22.50782],[88.32038,22.50797],[88.32041,22.50805],[88.32043,22.50809],[88.32082,22.50914],[88.32093,22.50941],[88.32112,22.50985],[88.32119,22.51001],[88.32122,22.51011]]}},{"type":"Feature","properties":{"name":"Alipore Road","highway":"trunk","policy":""},"geometry":{"type":"LineString","coordinates":[[88.33047,22.52221],[88.33046,22.52217],[88.33042,22.52215],[88.33034,22.52215],[88.3303,22.52217]]}},{"type":"Feature","properties":{"name":"Burdwan Road","highway":"trunk","policy":""},"geometry":{"type":"LineString","coordinates":[[88.3303,22.52217],[88.33029,22.52226],[88.33031,22.52232],[88.33034,22.52234],[88.33039,22.52234]]}},{"type":"Feature","properties":{"name":"NH12","highway":"trunk","policy":""},"geometry":{"type":"LineString","coordinates":[[88.45396,22.67995],[88.45349,22.6799],[88.45338,22.6799],[88.45285,22.67985],[88.45225,22.6798]]}},{"type":"Feature","properties":{"name":"Diamond Harbour Road","highway":"trunk","policy":""},"geometry":{"type":"LineString","coordinates":[[88.31806,22.50223],[88.31809,22.5023],[88.31845,22.5032],[88.31856,22.50348],[88.31861,22.50359],[88.31884,22.50412]]}},{"type":"Feature","properties":{"name":"Kona Expressway","highway":"trunk","policy":""},"geometry":{"type":"LineString","coordinates":[[88.2858,22.58525],[88.28534,22.58526],[88.28396,22.58531]]}},{"type":"Feature","properties":{"name":"Vidyasagar Flyover","highway":"trunk","policy":""},"geometry":{"type":"LineString","coordinates":[[88.32149,22.56141],[88.32049,22.56195],[88.31942,22.56269],[88.31832,22.56345]]}},{"type":"Feature","properties":{"name":"Diamond Harbour Road","highway":"trunk","policy":""},"geometry":{"type":"LineString","coordinates":[[88.30514,22.45705],[88.30512,22.45702],[88.30482,22.45658],[88.30439,22.45594],[88.30396,22.4553],[88.30276,22.45353],[88.30253,22.45319],[88.30242,22.45304],[88.30241,22.45302]]}},{"type":"Feature","properties":{"name":"Taratala Flyover","highway":"trunk","policy":""},"geometry":{"type":"LineString","coordinates":[[88.32145,22.51044],[88.32132,22.51007]]}},{"type":"Feature","properties":{"name":"Diamond Harbour Road","highway":"trunk","policy":""},"geometry":{"type":"LineString","coordinates":[[88.32132,22.51007],[88.32127,22.50994],[88.32123,22.50983],[88.32104,22.50941],[88.32077,22.50874],[88.32049,22.50803],[88.32038,22.50777],[88.32017,22.50723],[88.3201,22.50705],[88.31996,22.50659],[88.31989,22.50648],[88.3197,22.50601],[88.31965,22.50589],[88.31949,22.50551],[88.31939,22.50525],[88.31923,22.50488],[88.3192,22.5048],[88.31912,22.5046],[88.31895,22.50421],[88.31892,22.5041]]}},{"type":"Feature","properties":{"name":"NH12;NH16","highway":"trunk","policy":""},"geometry":{"type":"LineString","coordinates":[[88.28907,22.62228],[88.28975,22.62285]]}},{"type":"Feature","properties":{"name":"NH12;NH16","highway":"trunk","policy":""},"geometry":{"type":"LineString","coordinates":[[88.28985,22.62275],[88.28882,22.62187],[88.2871,22.62037]]}},{"type":"Feature","properties":{"name":"NH12;NH16","highway":"trunk","policy":""},"geometry":{"type":"LineString","coordinates":[[88.28975,22.62285],[88.29064,22.62359],[88.29085,22.62375],[88.29109,22.62389],[88.29139,22.62404],[88.29223,22.62439],[88.29323,22.62477],[88.29458,22.62531],[88.29647,22.62607]]}},{"type":"Feature","properties":{"name":"NH12;NH16","highway":"trunk","policy":""},"geometry":{"type":"LineString","coordinates":[[88.29654,22.62595],[88.29462,22.62518],[88.29328,22.62464],[88.29234,22.62427],[88.29161,22.62398],[88.29125,22.62381],[88.29109,22.62371],[88.29093,22.62362],[88.29071,22.62345],[88.28985,22.62275]]}},{"type":"Feature","properties":{"name":"NH19","highway":"trunk","policy":""},"geometry":{"type":"LineString","coordinates":[[88.31382,22.65786],[88.31425,22.65774],[88.31463,22.65763],[88.31502,22.65749]]}},{"type":"Feature","properties":{"name":"NH19","highway":"trunk","policy":""},"geometry":{"type":"LineString","coordinates":[[88.31338,22.65799],[88.31382,22.65786]]}},{"type":"Feature","properties":{"name":"NH12","highway":"motorway","policy":""},"geometry":{"type":"LineString","coordinates":[[88.3138,22.65779],[88.31418,22.65769],[88.31459,22.65759],[88.31502,22.65749]]}},{"type":"Feature","properties":{"name":"NH12","highway":"motorway","policy":""},"geometry":{"type":"LineString","coordinates":[[88.31335,22.65792],[88.3138,22.65779]]}},{"type":"Feature","properties":{"name":"Belghoria Expressway","highway":"motorway","policy":""},"geometry":{"type":"LineString","coordinates":[[88.36812,22.65508],[88.36832,22.65512],[88.3685,22.65514],[88.36869,22.65514],[88.36886,22.65512],[88.3691,22.65506],[88.36979,22.65485]]}},{"type":"Feature","properties":{"name":"Diamond Harbour Road","highway":"trunk","policy":""},"geometry":{"type":"LineString","coordinates":[[88.31326,22.487],[88.31294,22.48622],[88.31292,22.48616],[88.31255,22.48538],[88.31234,22.48493],[88.31194,22.48407],[88.31157,22.48327],[88.31156,22.48324],[88.31121,22.48249],[88.311,22.48206],[88.31074,22.48154],[88.31072,22.48148]]}},{"type":"Feature","properties":{"name":"Diamond Harbour Road","highway":"trunk","policy":""},"geometry":{"type":"LineString","coordinates":[[88.31814,22.5022],[88.3179,22.50135],[88.3177,22.50043],[88.31765,22.50023],[88.31761,22.50006],[88.31757,22.49985],[88.31754,22.4997],[88.31752,22.49963],[88.31751,22.4995],[88.3175,22.49945],[88.31736,22.49868],[88.31733,22.49847],[88.31726,22.49806],[88.31723,22.4977],[88.31722,22.49762],[88.31713,22.4972],[88.31687,22.49615],[88.31685,22.49605],[88.31659,22.49514],[88.31652,22.49489],[88.31649,22.49478],[88.31624,22.49401],[88.31617,22.4938],[88.31577,22.49285],[88.3153,22.49174],[88.31475,22.49044],[88.31472,22.49037],[88.3144,22.48968],[88.31422,22.4893],[88.31414,22.48913],[88.31405,22.48892],[88.3136,22.48795],[88.31333,22.48718]]}},{"type":"Feature","properties":{"name":"Belvedere Road","highway":"trunk","policy":""},"geometry":{"type":"LineString","coordinates":[[88.33458,22.54069],[88.33465,22.5408]]}},{"type":"Feature","properties":{"name":"NH12","highway":"trunk","policy":""},"geometry":{"type":"LineString","coordinates":[[88.33364,22.54119],[88.33342,22.54131]]}},{"type":"Feature","properties":{"name":"Acharya Jagadish Chandra Bose Road","highway":"motorway","policy":""},"geometry":{"type":"LineString","coordinates":[[88.33938,22.54058],[88.34122,22.541]]}},{"type":"Feature","properties":{"name":"Acharya Jagadish Chandra Bose Road","highway":"trunk","policy":""},"geometry":{"type":"LineString","coordinates":[[88.33928,22.54042],[88.33903,22.54034]]}},{"type":"Feature","properties":{"name":"Acharya Jagadish Chandra Bose Road","highway":"trunk","policy":""},"geometry":{"type":"LineString","coordinates":[[88.33938,22.54044],[88.33928,22.54042]]}},{"type":"Feature","properties":{"name":"Majherhat Flyover","highway":"trunk","policy":""},"geometry":{"type":"LineString","coordinates":[[88.32455,22.52183],[88.32441,22.52123]]}},{"type":"Feature","properties":{"name":"Diamond Harbour Road","highway":"trunk","policy":""},"geometry":{"type":"LineString","coordinates":[[88.32461,22.52207],[88.32457,22.52195]]}},{"type":"Feature","properties":{"name":"NH12","highway":"trunk","policy":""},"geometry":{"type":"LineString","coordinates":[[88.32449,22.52186],[88.32452,22.52196]]}},{"type":"Feature","properties":{"name":"NH12","highway":"trunk","policy":""},"geometry":{"type":"LineString","coordinates":[[88.32449,22.52184],[88.32449,22.52186]]}},{"type":"Feature","properties":{"name":"Diamond Harbour Road","highway":"trunk","policy":""},"geometry":{"type":"LineString","coordinates":[[88.32456,22.52208],[88.32465,22.52242],[88.32482,22.52326],[88.32501,22.52404],[88.32514,22.52466],[88.32525,22.52501],[88.32534,22.52532],[88.32555,22.52611],[88.32567,22.52658],[88.32582,22.52713]]}},{"type":"Feature","properties":{"name":"Jessore Road","highway":"trunk","policy":""},"geometry":{"type":"LineString","coordinates":[[88.45225,22.67988],[88.45347,22.68001],[88.4536,22.68003],[88.45393,22.68005]]}},{"type":"Feature","properties":{"name":"Jessore Road","highway":"trunk","policy":""},"geometry":{"type":"LineString","coordinates":[[88.47515,22.70926],[88.47505,22.70901],[88.47465,22.70835],[88.47412,22.70765],[88.47355,22.70687],[88.47308,22.70625],[88.47291,22.70595],[88.4726,22.7053],[88.47252,22.70512],[88.47237,22.70484],[88.47224,22.70458],[88.47222,22.70455],[88.47203,22.70421],[88.4719,22.70397],[88.47184,22.70386],[88.47117,22.70264],[88.47114,22.70256],[88.47071,22.70181],[88.47069,22.70177],[88.47044,22.70136]]}},{"type":"Feature","properties":{"name":"NH12","highway":"trunk","policy":""},"geometry":{"type":"LineString","coordinates":[[88.33328,22.54139],[88.3323,22.54192]]}},{"type":"Feature","properties":{"name":"Vidyasagar Flyover","highway":"trunk","policy":""},"geometry":{"type":"LineString","coordinates":[[88.33086,22.54291],[88.3311,22.54276],[88.3313,22.54265],[88.33178,22.54236],[88.33198,22.54225],[88.33243,22.54201]]}},{"type":"Feature","properties":{"name":"NH12","highway":"trunk","policy":""},"geometry":{"type":"LineString","coordinates":[[88.33243,22.54201],[88.33294,22.54173],[88.33333,22.54152]]}},{"type":"Feature","properties":{"name":"NH12","highway":"trunk","policy":""},"geometry":{"type":"LineString","coordinates":[[88.31419,22.56634],[88.314,22.56644],[88.31376,22.56658],[88.31316,22.56684],[88.31224,22.56711],[88.31176,22.56719]]}},{"type":"Feature","properties":{"name":"NH12","highway":"trunk","policy":""},"geometry":{"type":"LineString","coordinates":[[88.31435,22.56625],[88.31419,22.56634]]}},{"type":"Feature","properties":{"name":"NH12","highway":"trunk","policy":""},"geometry":{"type":"LineString","coordinates":[[88.31181,22.56728],[88.31228,22.56722],[88.31256,22.56713],[88.31307,22.56697],[88.31335,22.56687],[88.31369,22.56672],[88.31408,22.56654],[88.31426,22.56642]]}},{"type":"Feature","properties":{"name":"NH12","highway":"trunk","policy":""},"geometry":{"type":"LineString","coordinates":[[88.31426,22.56642],[88.31442,22.56633]]}},{"type":"Feature","properties":{"name":"NH12","highway":"trunk","policy":""},"geometry":{"type":"LineString","coordinates":[[88.31122,22.56737],[88.31162,22.56731]]}},{"type":"Feature","properties":{"name":"NH12","highway":"trunk","policy":""},"geometry":{"type":"LineString","coordinates":[[88.31162,22.56731],[88.31181,22.56728]]}},{"type":"Feature","properties":{"name":"NH12","highway":"trunk","policy":""},"geometry":{"type":"LineString","coordinates":[[88.31158,22.56722],[88.30961,22.56757]]}},{"type":"Feature","properties":{"name":"NH12","highway":"trunk","policy":""},"geometry":{"type":"LineString","coordinates":[[88.31176,22.56719],[88.31158,22.56722]]}},{"type":"Feature","properties":{"name":"Belvedere Road","highway":"trunk","policy":""},"geometry":{"type":"LineString","coordinates":[[88.33136,22.52754],[88.33135,22.52773],[88.33138,22.528],[88.33148,22.52881],[88.33161,22.52992],[88.33167,22.53051]]}},{"type":"Feature","properties":{"name":"NH12","highway":"trunk","policy":""},"geometry":{"type":"LineString","coordinates":[[88.32318,22.51614],[88.32313,22.5159],[88.32311,22.51585],[88.32294,22.51518]]}},{"type":"Feature","properties":{"name":"NH12","highway":"trunk","policy":""},"geometry":{"type":"LineString","coordinates":[[88.32311,22.51614],[88.32315,22.51633]]}},{"type":"Feature","properties":{"name":"NH12","highway":"trunk","policy":""},"geometry":{"type":"LineString","coordinates":[[88.32308,22.51596],[88.32311,22.51614]]}},{"type":"Feature","properties":{"name":"NH12","highway":"trunk","policy":""},"geometry":{"type":"LineString","coordinates":[[88.32322,22.51632],[88.32318,22.51614]]}},{"type":"Feature","properties":{"name":"Majherhat Flyover","highway":"trunk","policy":""},"geometry":{"type":"LineString","coordinates":[[88.32318,22.5165],[88.32327,22.51698]]}},{"type":"Feature","properties":{"name":"Majherhat Flyover","highway":"trunk","policy":""},"geometry":{"type":"LineString","coordinates":[[88.32326,22.51648],[88.32322,22.51632]]}},{"type":"Feature","properties":{"name":"Diamond Harbour Road","highway":"trunk","policy":""},"geometry":{"type":"LineString","coordinates":[[88.30134,22.45171],[88.30173,22.45225]]}},{"type":"Feature","properties":{"name":"Diamond Harbour Road","highway":"trunk","policy":""},"geometry":{"type":"LineString","coordinates":[[88.30181,22.45219],[88.30142,22.45165]]}},{"type":"Feature","properties":{"name":"Kona Expressway","highway":"trunk","policy":""},"geometry":{"type":"LineString","coordinates":[[88.30861,22.56776],[88.30833,22.56784],[88.30813,22.56792],[88.30799,22.56798]]}},{"type":"Feature","properties":{"name":"Kona Expressway","highway":"trunk","policy":""},"geometry":{"type":"LineString","coordinates":[[88.30805,22.56803],[88.30814,22.568],[88.3083,22.56794],[88.30864,22.56785]]}},{"type":"Feature","properties":{"name":"Vidyasagar Flyover","highway":"trunk","policy":""},"geometry":{"type":"LineString","coordinates":[[88.31847,22.56355],[88.31937,22.56288],[88.32056,22.56203],[88.32157,22.56151]]}},{"type":"Feature","properties":{"name":"Majherhat Flyover","highway":"trunk","policy":""},"geometry":{"type":"LineString","coordinates":[[88.32315,22.51633],[88.32318,22.5165]]}},{"type":"Feature","properties":{"name":"Kona Expressway","highway":"trunk","policy":""},"geometry":{"type":"LineString","coordinates":[[88.30882,22.5677],[88.30861,22.56776]]}},{"type":"Feature","properties":{"name":"Belghoria Expressway","highway":"trunk","policy":""},"geometry":{"type":"LineString","coordinates":[[88.43435,22.65361],[88.43383,22.65349]]}},{"type":"Feature","properties":{"name":"Belghoria Expressway","highway":"trunk","policy":""},"geometry":{"type":"LineString","coordinates":[[88.43978,22.6549],[88.43953,22.65437],[88.43934,22.65395],[88.4392,22.65372],[88.43909,22.65357],[88.43905,22.65353],[88.43898,22.65346],[88.43882,22.65334],[88.43863,22.65323],[88.43855,22.65319],[88.43848,22.65317],[88.43839,22.65315],[88.4383,22.65313],[88.43819,22.65311],[88.43807,22.6531]]}},{"type":"Feature","properties":{"name":"Belghoria Expressway","highway":"trunk","policy":""},"geometry":{"type":"LineString","coordinates":[[88.43807,22.6531],[88.43797,22.6531],[88.43779,22.65312]]}},{"type":"Feature","properties":{"name":"Belghoria Expressway","highway":"trunk","policy":""},"geometry":{"type":"LineString","coordinates":[[88.44029,22.65606],[88.44016,22.65573]]}},{"type":"Feature","properties":{"name":"Kona Expressway","highway":"trunk","policy":""},"geometry":{"type":"LineString","coordinates":[[88.27028,22.58811],[88.27034,22.5881],[88.27108,22.588],[88.272,22.58787],[88.27283,22.58773],[88.27323,22.58763],[88.27421,22.58734],[88.27508,22.58701],[88.27539,22.58689]]}},{"type":"Feature","properties":{"name":"NH12","highway":"trunk","policy":""},"geometry":{"type":"LineString","coordinates":[[88.46534,22.69243],[88.46539,22.69251],[88.46548,22.69266],[88.46556,22.69279],[88.46569,22.693],[88.46586,22.69328],[88.46614,22.69367],[88.46623,22.6938],[88.46635,22.69397],[88.46664,22.69436],[88.4668,22.69458],[88.46707,22.69495],[88.46711,22.69503],[88.46727,22.69529],[88.46749,22.69564],[88.46752,22.69571],[88.46769,22.69602],[88.46785,22.6963],[88.46799,22.69659],[88.4681,22.6968],[88.46826,22.69713],[88.46833,22.69729],[88.46838,22.69741],[88.4684,22.69747],[88.46853,22.69769],[88.46861,22.69781],[88.46873,22.69799],[88.46887,22.69822],[88.46904,22.69849],[88.4691,22.6986],[88.46915,22.69869],[88.46924,22.69894],[88.46931,22.69914],[88.46943,22.69947],[88.46948,22.69966],[88.46953,22.69978],[88.46959,22.69995],[88.46965,22.70011],[88.46975,22.70036],[88.46984,22.70051],[88.46995,22.70069],[88.4701,22.70094],[88.47028,22.70126],[88.4704,22.70148],[88.47055,22.7017],[88.47063,22.70182],[88.47075,22.70203],[88.47089,22.70229],[88.47105,22.70258],[88.47128,22.70298],[88.4715,22.70336],[88.47166,22.70364],[88.47174,22.70381],[88.47178,22.70389],[88.47196,22.70424],[88.47211,22.7045],[88.47214,22.70455],[88.47228,22.70482],[88.47238,22.70499],[88.47244,22.70514],[88.47262,22.70546],[88.4727,22.70564],[88.47277,22.70582],[88.47283,22.70597],[88.47292,22.70614],[88.47303,22.7063],[88.4732,22.70651],[88.4734,22.70675],[88.4735,22.70689],[88.47367,22.70712],[88.47378,22.70727],[88.47391,22.70744],[88.47409,22.70769],[88.47414,22.70777],[88.47426,22.70793],[88.47438,22.70811],[88.4746,22.70841],[88.47472,22.70858],[88.47487,22.70882],[88.47499,22.70903],[88.47508,22.70916],[88.47515,22.70926]]}},{"type":"Feature","properties":{"name":"Kona Expressway","highway":"trunk","policy":""},"geometry":{"type":"LineString","coordinates":[[88.30172,22.57559],[88.30179,22.57551],[88.30184,22.57546],[88.30187,22.57544],[88.3023,22.57501],[88.30266,22.57465],[88.3031,22.57422],[88.30342,22.57383],[88.30357,22.57362],[88.30362,22.57355],[88.30378,22.57331],[88.30385,22.57322],[88.30415,22.57274],[88.30423,22.57262],[88.30447,22.57223],[88.30485,22.57161],[88.30486,22.5716],[88.30488,22.57156],[88.305,22.57135],[88.30511,22.57115],[88.30513,22.57112],[88.30516,22.57106],[88.30534,22.57076],[88.30553,22.57045],[88.30577,22.57008],[88.30609,22.56959],[88.30642,22.56918],[88.30658,22.569],[88.30661,22.56897],[88.30669,22.56888],[88.30687,22.56873],[88.30707,22.56856],[88.30738,22.56835],[88.30771,22.56817],[88.30795,22.56806],[88.30805,22.56803]]}},{"type":"Feature","properties":{"name":"Kona Expressway","highway":"trunk","policy":""},"geometry":{"type":"LineString","coordinates":[[88.3016,22.57573],[88.30172,22.57559]]}},{"type":"Feature","properties":{"name":"Kona Expressway","highway":"trunk","policy":""},"geometry":{"type":"LineString","coordinates":[[88.30799,22.56798],[88.30789,22.56802],[88.30756,22.56816],[88.30704,22.56849],[88.30636,22.56912],[88.30597,22.56964],[88.3055,22.5704],[88.30442,22.57219],[88.30387,22.57304],[88.3036,22.57346],[88.30336,22.57375],[88.30286,22.57435],[88.3018,22.57537],[88.30177,22.5754],[88.30166,22.57551]]}},{"type":"Feature","properties":{"name":"Kona Expressway","highway":"trunk","policy":""},"geometry":{"type":"LineString","coordinates":[[88.30166,22.57551],[88.30156,22.57565]]}},{"type":"Feature","properties":{"name":"NH16","highway":"motorway","policy":""},"geometry":{"type":"LineString","coordinates":[[88.30901,22.65404],[88.3088,22.65335]]}},{"type":"Feature","properties":{"name":"Kona Expressway","highway":"trunk","policy":""},"geometry":{"type":"LineString","coordinates":[[88.2858,22.58532],[88.28632,22.5853]]}},{"type":"Feature","properties":{"name":"Kona Expressway","highway":"trunk","policy":""},"geometry":{"type":"LineString","coordinates":[[88.28631,22.58524],[88.28606,22.58525],[88.2858,22.58525]]}},{"type":"Feature","properties":{"name":"freight corridor","highway":"trunk","policy":""},"geometry":{"type":"LineString","coordinates":[[88.26819,22.58987],[88.26828,22.58969],[88.26832,22.58963],[88.26853,22.58939],[88.2686,22.58931]]}},{"type":"Feature","properties":{"name":"freight corridor","highway":"trunk","policy":""},"geometry":{"type":"LineString","coordinates":[[88.26523,22.59239],[88.26605,22.5916],[88.26685,22.59089],[88.26738,22.59045]]}},{"type":"Feature","properties":{"name":"freight corridor","highway":"trunk","policy":""},"geometry":{"type":"LineString","coordinates":[[88.26738,22.59045],[88.26785,22.59013]]}},{"type":"Feature","properties":{"name":"freight corridor","highway":"trunk","policy":""},"geometry":{"type":"LineString","coordinates":[[88.26785,22.59013],[88.26819,22.58987]]}},{"type":"Feature","properties":{"name":"freight corridor","highway":"trunk","policy":""},"geometry":{"type":"LineString","coordinates":[[88.26934,22.58858],[88.26949,22.58839],[88.26962,22.58828],[88.26974,22.58823],[88.26988,22.58819],[88.27017,22.58813],[88.27028,22.58811]]}},{"type":"Feature","properties":{"name":"freight corridor","highway":"trunk","policy":""},"geometry":{"type":"LineString","coordinates":[[88.26893,22.58902],[88.26899,22.58894],[88.26923,22.58863],[88.26934,22.58858]]}},{"type":"Feature","properties":{"name":"freight corridor","highway":"trunk","policy":""},"geometry":{"type":"LineString","coordinates":[[88.2686,22.58931],[88.26893,22.58902]]}},{"type":"Feature","properties":{"name":"freight corridor","highway":"trunk","policy":""},"geometry":{"type":"LineString","coordinates":[[88.26902,22.58913],[88.26912,22.58904],[88.26931,22.58869]]}},{"type":"Feature","properties":{"name":"freight corridor","highway":"trunk","policy":""},"geometry":{"type":"LineString","coordinates":[[88.26877,22.5894],[88.26902,22.58913]]}},{"type":"Feature","properties":{"name":"Durgapur Expressway","highway":"trunk","policy":""},"geometry":{"type":"LineString","coordinates":[[88.29475,22.68596],[88.29454,22.68646],[88.29446,22.68665],[88.29442,22.68672],[88.29438,22.68681]]}},{"type":"Feature","properties":{"name":"Durgapur Expressway","highway":"trunk","policy":""},"geometry":{"type":"LineString","coordinates":[[88.29449,22.68681],[88.29464,22.68648],[88.29477,22.68621],[88.29494,22.68585]]}},{"type":"Feature","properties":{"name":"Durgapur Expressway","highway":"trunk","policy":""},"geometry":{"type":"LineString","coordinates":[[88.30058,22.67321],[88.30156,22.67101],[88.30169,22.67071],[88.30186,22.67034]]}},{"type":"Feature","properties":{"name":"Kalyani Expressway","highway":"motorway","policy":""},"geometry":{"type":"LineString","coordinates":[[88.41352,22.70959],[88.41356,22.70947]]}},{"type":"Feature","properties":{"name":"Kalyani Expressway","highway":"motorway","policy":""},"geometry":{"type":"LineString","coordinates":[[88.4128,22.71094],[88.41274,22.71102],[88.41267,22.71111],[88.4126,22.7112],[88.4125,22.71133],[88.41231,22.71159],[88.41223,22.7117],[88.4122,22.71174]]}},{"type":"Feature","properties":{"name":"Kalyani Expressway","highway":"motorway","policy":""},"geometry":{"type":"LineString","coordinates":[[88.41342,22.70944],[88.41339,22.70953],[88.41338,22.70956]]}},{"type":"Feature","properties":{"name":"Kalyani Expressway","highway":"motorway","policy":""},"geometry":{"type":"LineString","coordinates":[[88.41399,22.70783],[88.41386,22.70817],[88.41382,22.70827],[88.41374,22.70848],[88.41365,22.70874],[88.41342,22.70944]]}},{"type":"Feature","properties":{"name":"Kalyani Expressway","highway":"motorway","policy":""},"geometry":{"type":"LineString","coordinates":[[88.41356,22.70947],[88.41357,22.70943],[88.41387,22.70849],[88.41405,22.70799],[88.41411,22.70787]]}},{"type":"Feature","properties":{"name":"Kalyani Expressway","highway":"motorway","policy":""},"geometry":{"type":"LineString","coordinates":[[88.41338,22.70956],[88.41328,22.70983],[88.41314,22.71024],[88.41306,22.71044],[88.41298,22.71062],[88.4129,22.71077],[88.4128,22.71094]]}},{"type":"Feature","properties":{"name":"Kalyani Expressway","highway":"motorway","policy":""},"geometry":{"type":"LineString","coordinates":[[88.4129,22.71099],[88.41299,22.71082],[88.41313,22.71056],[88.41329,22.71017],[88.41352,22.70959]]}},{"type":"Feature","properties":{"name":"Kona Expressway","highway":"trunk","policy":""},"geometry":{"type":"LineString","coordinates":[[88.27032,22.58799],[88.27015,22.58803],[88.26983,22.5881],[88.26953,22.58819],[88.26934,22.58828],[88.26912,22.58849],[88.26898,22.58858]]}},{"type":"Feature","properties":{"name":"Durgapur Expressway","highway":"trunk","policy":""},"geometry":{"type":"LineString","coordinates":[[88.29426,22.68705],[88.29388,22.6879],[88.29343,22.68891],[88.29341,22.68896],[88.29315,22.68947],[88.29191,22.6921],[88.29156,22.69289],[88.29119,22.69368],[88.29112,22.69383]]}},{"type":"Feature","properties":{"name":"Maa Flyover","highway":"trunk","policy":""},"geometry":{"type":"LineString","coordinates":[[88.36713,22.54249],[88.36703,22.54254]]}},{"type":"Feature","properties":{"name":"Vidyasagar Flyover","highway":"trunk","policy":""},"geometry":{"type":"LineString","coordinates":[[88.33195,22.55086],[88.33229,22.55152],[88.33239,22.55181],[88.33245,22.55213],[88.33245,22.55237],[88.33243,22.55259],[88.33239,22.55283],[88.3323,22.5531],[88.33208,22.55347],[88.33182,22.55389]]}},{"type":"Feature","properties":{"name":"freight corridor","highway":"motorway","policy":""},"geometry":{"type":"LineString","coordinates":[[88.41854,22.70002],[88.4185,22.70033],[88.41844,22.70058],[88.41838,22.70075],[88.41831,22.70089],[88.41824,22.70103],[88.41797,22.70143],[88.41729,22.70213],[88.41659,22.7028],[88.41621,22.70323],[88.416,22.70355],[88.41589,22.70376],[88.41477,22.70613],[88.41446,22.7068],[88.41435,22.70703],[88.41399,22.70783]]}},{"type":"Feature","properties":{"name":"freight corridor","highway":"motorway","policy":""},"geometry":{"type":"LineString","coordinates":[[88.40279,22.7288],[88.40298,22.72837],[88.40341,22.72736],[88.40359,22.72699],[88.40382,22.72661],[88.40417,22.72617],[88.40494,22.72523],[88.40529,22.7248],[88.40553,22.72446],[88.40581,22.72396],[88.40623,22.72306],[88.40667,22.72221],[88.40766,22.72045],[88.40848,22.71886],[88.40994,22.71609],[88.41094,22.71401],[88.41171,22.71263],[88.41223,22.71191],[88.4129,22.71099]]}},{"type":"Feature","properties":{"name":"freight corridor","highway":"motorway","policy":""},"geometry":{"type":"LineString","coordinates":[[88.4122,22.71174],[88.41157,22.71266],[88.41086,22.71397],[88.41009,22.71543],[88.4094,22.7169],[88.40856,22.7185],[88.40706,22.72126],[88.40657,22.72221],[88.40618,22.72297],[88.40571,22.72393],[88.40538,22.7245],[88.40462,22.72543],[88.40397,22.72623],[88.40368,22.72662],[88.40348,22.72693],[88.40285,22.72836],[88.40267,22.72876]]}},{"type":"Feature","properties":{"name":"freight corridor","highway":"motorway","policy":""},"geometry":{"type":"LineString","coordinates":[[88.41411,22.70787],[88.41428,22.70748],[88.41459,22.7068],[88.41491,22.70614],[88.41512,22.70574],[88.41539,22.70505],[88.41557,22.70465],[88.416,22.70375],[88.41628,22.70331],[88.41649,22.70305],[88.41672,22.70282],[88.41689,22.70264],[88.41795,22.70158],[88.41808,22.70144]]}},{"type":"Feature","properties":{"name":"Belghoria Expressway","highway":"trunk","policy":""},"geometry":{"type":"LineString","coordinates":[[88.40227,22.65197],[88.40255,22.65207],[88.40281,22.65213],[88.40362,22.65221],[88.40413,22.65224],[88.40529,22.65236]]}},{"type":"Feature","properties":{"name":"Belghoria Expressway","highway":"motorway","policy":""},"geometry":{"type":"LineString","coordinates":[[88.40228,22.65186],[88.40146,22.65179],[88.40006,22.65167],[88.3994,22.65161],[88.39905,22.65156],[88.3988,22.65152],[88.39858,22.65147],[88.39833,22.65141],[88.39803,22.65131],[88.39774,22.65119],[88.39748,22.65106],[88.39726,22.65095],[88.39709,22.65084],[88.3969,22.65071],[88.39652,22.65041],[88.3964,22.65032],[88.39614,22.65012],[88.39584,22.6499],[88.39559,22.64976],[88.39519,22.64957],[88.39504,22.64952],[88.39476,22.64945]]}},{"type":"Feature","properties":{"name":"Belghoria Expressway","highway":"trunk","policy":""},"geometry":{"type":"LineString","coordinates":[[88.42352,22.65414],[88.42363,22.65408],[88.42452,22.65363],[88.42546,22.65314],[88.42579,22.65298],[88.42612,22.65286],[88.4265,22.65273],[88.42698,22.65261],[88.42745,22.65252],[88.42787,22.65248],[88.42823,22.65246],[88.42862,22.65245],[88.42916,22.65249],[88.42936,22.65252]]}},{"type":"Feature","properties":{"name":"Belghoria Expressway","highway":"trunk","policy":""},"geometry":{"type":"LineString","coordinates":[[88.43383,22.65349],[88.4335,22.65341],[88.43306,22.6533],[88.432,22.65306],[88.43178,22.653],[88.43164,22.65296],[88.43145,22.65291],[88.43125,22.65286],[88.43088,22.65274],[88.43079,22.65271]]}},{"type":"Feature","properties":{"name":"Kona Expressway","highway":"trunk","policy":""},"geometry":{"type":"LineString","coordinates":[[88.30864,22.56785],[88.30873,22.56783],[88.30923,22.56773]]}},{"type":"Feature","properties":{"name":"freight corridor","highway":"trunk","policy":""},"geometry":{"type":"LineString","coordinates":[[88.26931,22.58869],[88.26934,22.58858]]}},{"type":"Feature","properties":{"name":"Belghoria Expressway","highway":"motorway","policy":""},"geometry":{"type":"LineString","coordinates":[[88.39473,22.64953],[88.39523,22.64971]]}},{"type":"Feature","properties":{"name":"Belghoria Expressway","highway":"motorway","policy":""},"geometry":{"type":"LineString","coordinates":[[88.39523,22.64971],[88.39553,22.64984]]}},{"type":"Feature","properties":{"name":"Belvedere Road","highway":"trunk","policy":""},"geometry":{"type":"LineString","coordinates":[[88.33311,22.53479],[88.33334,22.53519]]}},{"type":"Feature","properties":{"name":"Alipore Road","highway":"trunk","policy":""},"geometry":{"type":"LineString","coordinates":[[88.33344,22.53511],[88.33317,22.53469]]}},{"type":"Feature","properties":{"name":"Belvedere Road","highway":"trunk","policy":""},"geometry":{"type":"LineString","coordinates":[[88.33348,22.53523],[88.33344,22.53511]]}},{"type":"Feature","properties":{"name":"Belvedere Road","highway":"trunk","policy":""},"geometry":{"type":"LineString","coordinates":[[88.33334,22.53519],[88.33339,22.53532]]}},{"type":"Feature","properties":{"name":"freight corridor","highway":"motorway","policy":""},"geometry":{"type":"LineString","coordinates":[[88.41919,22.69328],[88.41929,22.69412],[88.41927,22.69463],[88.41922,22.69494],[88.41921,22.69502]]}},{"type":"Feature","properties":{"name":"freight corridor","highway":"motorway","policy":""},"geometry":{"type":"LineString","coordinates":[[88.41865,22.70013],[88.41867,22.69983],[88.41868,22.69934],[88.41866,22.69833],[88.41875,22.69767],[88.41905,22.69656]]}},{"type":"Feature","properties":{"name":"freight corridor","highway":"motorway","policy":""},"geometry":{"type":"LineString","coordinates":[[88.4189,22.69656],[88.41866,22.69753],[88.41856,22.69804],[88.41854,22.69847],[88.41855,22.69915],[88.41855,22.69974],[88.41854,22.70002]]}},{"type":"Feature","properties":{"name":"freight corridor","highway":"motorway","policy":""},"geometry":{"type":"LineString","coordinates":[[88.41808,22.70144],[88.41842,22.70094],[88.41857,22.70051],[88.41865,22.70013]]}},{"type":"Feature","properties":{"name":"freight corridor","highway":"motorway","policy":""},"geometry":{"type":"LineString","coordinates":[[88.41903,22.69601],[88.41898,22.69621],[88.41897,22.69625],[88.41893,22.69645]]}},{"type":"Feature","properties":{"name":"freight corridor","highway":"motorway","policy":""},"geometry":{"type":"LineString","coordinates":[[88.41893,22.69645],[88.4189,22.69656]]}},{"type":"Feature","properties":{"name":"freight corridor","highway":"motorway","policy":""},"geometry":{"type":"LineString","coordinates":[[88.41908,22.69646],[88.41912,22.69631],[88.41916,22.69602]]}},{"type":"Feature","properties":{"name":"freight corridor","highway":"motorway","policy":""},"geometry":{"type":"LineString","coordinates":[[88.41905,22.69656],[88.41908,22.69646]]}},{"type":"Feature","properties":{"name":"freight corridor","highway":"motorway","policy":""},"geometry":{"type":"LineString","coordinates":[[88.41934,22.69506],[88.41939,22.69451],[88.41941,22.69419],[88.41935,22.69354],[88.41931,22.69328]]}},{"type":"Feature","properties":{"name":"freight corridor","highway":"motorway","policy":""},"geometry":{"type":"LineString","coordinates":[[88.4192,22.69513],[88.41915,22.69546],[88.41903,22.69601]]}},{"type":"Feature","properties":{"name":"freight corridor","highway":"motorway","policy":""},"geometry":{"type":"LineString","coordinates":[[88.41921,22.69502],[88.4192,22.69513]]}},{"type":"Feature","properties":{"name":"freight corridor","highway":"motorway","policy":""},"geometry":{"type":"LineString","coordinates":[[88.41916,22.69602],[88.41932,22.69525],[88.41932,22.69516]]}},{"type":"Feature","properties":{"name":"freight corridor","highway":"motorway","policy":""},"geometry":{"type":"LineString","coordinates":[[88.41932,22.69516],[88.41934,22.69506]]}},{"type":"Feature","properties":{"name":"Kalyani Expressway","highway":"trunk","policy":""},"geometry":{"type":"LineString","coordinates":[[88.41919,22.69328],[88.41912,22.6934],[88.41913,22.69347],[88.41916,22.69373],[88.4192,22.69417],[88.4192,22.69438],[88.41919,22.69448],[88.41918,22.69458],[88.41918,22.69475],[88.41914,22.69506],[88.41902,22.69585],[88.4189,22.69604],[88.41868,22.69628],[88.41865,22.69637],[88.41864,22.6965]]}},{"type":"Feature","properties":{"name":"freight corridor","highway":"trunk","policy":""},"geometry":{"type":"LineString","coordinates":[[88.41347,22.67346],[88.41355,22.67344]]}},{"type":"Feature","properties":{"name":"NH12","highway":"trunk","policy":""},"geometry":{"type":"LineString","coordinates":[[88.3335,22.54143],[88.3337,22.54131]]}},{"type":"Feature","properties":{"name":"NH12","highway":"trunk","policy":""},"geometry":{"type":"LineString","coordinates":[[88.33458,22.54069],[88.33446,22.54075],[88.33428,22.54085],[88.33364,22.54119]]}},{"type":"Feature","properties":{"name":"Barasat - Petrapole Highway","highway":"trunk","policy":""},"geometry":{"type":"LineString","coordinates":[[88.48606,22.71931],[88.48617,22.71937],[88.48655,22.7194],[88.48663,22.71936]]}},{"type":"Feature","properties":{"name":"Barasat - Petrapole Highway","highway":"trunk","policy":""},"geometry":{"type":"LineString","coordinates":[[88.48663,22.71936],[88.48656,22.71931],[88.48633,22.71929],[88.48617,22.71929],[88.48606,22.71931]]}},{"type":"Feature","properties":{"name":"Durgapur Expressway","highway":"trunk","policy":""},"geometry":{"type":"LineString","coordinates":[[88.29691,22.68106],[88.29654,22.68188],[88.2953,22.68469],[88.29491,22.68553]]}},{"type":"Feature","properties":{"name":"Durgapur Expressway","highway":"trunk","policy":""},"geometry":{"type":"LineString","coordinates":[[88.29706,22.68074],[88.29691,22.68106]]}},{"type":"Feature","properties":{"name":"Durgapur Expressway","highway":"trunk","policy":""},"geometry":{"type":"LineString","coordinates":[[88.29711,22.68107],[88.29725,22.68077]]}},{"type":"Feature","properties":{"name":"Durgapur Expressway","highway":"trunk","policy":""},"geometry":{"type":"LineString","coordinates":[[88.30186,22.67034],[88.30312,22.6675]]}},{"type":"Feature","properties":{"name":"Durgapur Expressway","highway":"trunk","policy":""},"geometry":{"type":"LineString","coordinates":[[88.29491,22.68553],[88.29475,22.68596]]}},{"type":"Feature","properties":{"name":"Durgapur Expressway","highway":"trunk","policy":""},"geometry":{"type":"LineString","coordinates":[[88.30005,22.67446],[88.30016,22.67421],[88.30058,22.67321]]}},{"type":"Feature","properties":{"name":"Durgapur Expressway","highway":"trunk","policy":""},"geometry":{"type":"LineString","coordinates":[[88.29983,22.67496],[88.30005,22.67446]]}},{"type":"Feature","properties":{"name":"Durgapur Expressway","highway":"trunk","policy":""},"geometry":{"type":"LineString","coordinates":[[88.30188,22.67],[88.29989,22.6744]]}},{"type":"Feature","properties":{"name":"Durgapur Expressway","highway":"trunk","policy":""},"geometry":{"type":"LineString","coordinates":[[88.29989,22.6744],[88.29965,22.67492]]}},{"type":"Feature","properties":{"name":"Belvedere Road","highway":"trunk","policy":""},"geometry":{"type":"LineString","coordinates":[[88.33167,22.53051],[88.3317,22.53066],[88.33181,22.53174],[88.33183,22.53208],[88.33185,22.53227],[88.33185,22.5323],[88.33187,22.53254],[88.33189,22.53302]]}},{"type":"Feature","properties":{"name":"NH12","highway":"trunk","policy":""},"geometry":{"type":"LineString","coordinates":[[88.32582,22.52713],[88.32588,22.52712]]}},{"type":"Feature","properties":{"name":"Diamond Harbour Road","highway":"trunk","policy":""},"geometry":{"type":"LineString","coordinates":[[88.31333,22.48718],[88.31326,22.487]]}},{"type":"Feature","properties":{"name":"Diamond Harbour Road","highway":"trunk","policy":""},"geometry":{"type":"LineString","coordinates":[[88.30912,22.46839],[88.30899,22.46813],[88.30886,22.46788],[88.30875,22.46766],[88.30864,22.46743],[88.30863,22.46742],[88.30858,22.4673],[88.3084,22.46684],[88.30828,22.46656],[88.30815,22.46625],[88.30791,22.4654],[88.30779,22.46504],[88.3072,22.46305],[88.30719,22.46301],[88.30713,22.46281],[88.30698,22.46211],[88.30693,22.4619],[88.30691,22.46178],[88.30679,22.4612],[88.30676,22.46106],[88.30671,22.46058],[88.30665,22.46007],[88.30657,22.45953],[88.30641,22.45899],[88.3062,22.45861],[88.30514,22.45705]]}},{"type":"Feature","properties":{"name":"Diamond Harbour Road","highway":"trunk","policy":""},"geometry":{"type":"LineString","coordinates":[[88.30903,22.46842],[88.30927,22.46887],[88.30951,22.46933],[88.30967,22.46973],[88.30971,22.46986]]}},{"type":"Feature","properties":{"name":"NH12","highway":"trunk","policy":""},"geometry":{"type":"LineString","coordinates":[[88.44497,22.66845],[88.44495,22.6683],[88.44494,22.66821],[88.44487,22.66781],[88.44481,22.66745],[88.44472,22.66696],[88.44466,22.66658],[88.4446,22.66614],[88.44452,22.66578],[88.44445,22.66553]]}},{"type":"Feature","properties":{"name":"Jessore Road","highway":"trunk","policy":""},"geometry":{"type":"LineString","coordinates":[[88.44216,22.66132],[88.44226,22.66153],[88.44234,22.6617],[88.44244,22.66186],[88.44253,22.66198],[88.44275,22.66224],[88.44286,22.66239],[88.44295,22.66251],[88.44306,22.66272],[88.44332,22.66319],[88.44362,22.66377],[88.44375,22.66402],[88.44406,22.66475],[88.44422,22.66514],[88.44424,22.66521],[88.44432,22.66543],[88.44436,22.66557],[88.44437,22.66562],[88.44449,22.66606],[88.44463,22.66698],[88.44464,22.66705],[88.44485,22.66846]]}},{"type":"Feature","properties":{"name":"Alipore Road","highway":"trunk","policy":""},"geometry":{"type":"LineString","coordinates":[[88.33039,22.52234],[88.33044,22.52232],[88.33047,22.52229],[88.33047,22.52221]]}},{"type":"Feature","properties":{"name":"Jessore Road","highway":"trunk","policy":""},"geometry":{"type":"LineString","coordinates":[[88.44144,22.6593],[88.44159,22.6597],[88.44163,22.65981],[88.44173,22.6601],[88.44188,22.66052],[88.44216,22.66132]]}},{"type":"Feature","properties":{"name":"Diamond Harbour Road","highway":"trunk","policy":""},"geometry":{"type":"LineString","coordinates":[[88.31892,22.5041],[88.3187,22.50358],[88.31856,22.50326],[88.31854,22.5032],[88.3184,22.50285],[88.31814,22.5022]]}},{"type":"Feature","properties":{"name":"Durgapur Expressway","highway":"trunk","policy":""},"geometry":{"type":"LineString","coordinates":[[88.29135,22.69379],[88.29154,22.69337],[88.29271,22.69087],[88.29319,22.68977],[88.29351,22.68905],[88.29358,22.68888],[88.29399,22.68793],[88.29438,22.68706]]}},{"type":"Feature","properties":{"name":"Durgapur Expressway","highway":"trunk","policy":""},"geometry":{"type":"LineString","coordinates":[[88.29123,22.69406],[88.29135,22.69379]]}},{"type":"Feature","properties":{"name":"Durgapur Expressway","highway":"trunk","policy":""},"geometry":{"type":"LineString","coordinates":[[88.29103,22.69403],[88.29044,22.69536],[88.29005,22.69627],[88.28996,22.69647]]}},{"type":"Feature","properties":{"name":"Durgapur Expressway","highway":"trunk","policy":""},"geometry":{"type":"LineString","coordinates":[[88.29112,22.69383],[88.29103,22.69403]]}},{"type":"Feature","properties":{"name":"Vidyasagar Flyover","highway":"trunk","policy":""},"geometry":{"type":"LineString","coordinates":[[88.31828,22.56369],[88.31847,22.56355]]}},{"type":"Feature","properties":{"name":"Vidyasagar Flyover","highway":"trunk","policy":""},"geometry":{"type":"LineString","coordinates":[[88.31832,22.56345],[88.31816,22.56356]]}},{"type":"Feature","properties":{"name":"Vidyasagar Flyover","highway":"trunk","policy":""},"geometry":{"type":"LineString","coordinates":[[88.331,22.5488],[88.33085,22.54838],[88.33075,22.54799],[88.33071,22.5477],[88.33068,22.54686],[88.33064,22.54662],[88.33058,22.54634],[88.33037,22.54576],[88.33014,22.54505]]}},{"type":"Feature","properties":{"name":"NH12","highway":"trunk","policy":""},"geometry":{"type":"LineString","coordinates":[[88.33333,22.54152],[88.3335,22.54143]]}},{"type":"Feature","properties":{"name":"NH12","highway":"trunk","policy":""},"geometry":{"type":"LineString","coordinates":[[88.33342,22.54131],[88.33328,22.54139]]}},{"type":"Feature","properties":{"name":"Kona Expressway","highway":"trunk","policy":""},"geometry":{"type":"LineString","coordinates":[[88.28632,22.5853],[88.28656,22.58526]]}},{"type":"Feature","properties":{"name":"Kona Expressway","highway":"trunk","policy":""},"geometry":{"type":"LineString","coordinates":[[88.28656,22.58526],[88.28631,22.58524]]}},{"type":"Feature","properties":{"name":"Acharya Jagadish Chandra Bose Road","highway":"trunk","policy":""},"geometry":{"type":"LineString","coordinates":[[88.33903,22.54034],[88.33769,22.54002],[88.33697,22.53988],[88.33653,22.53986],[88.33613,22.53994],[88.33469,22.54063]]}},{"type":"Feature","properties":{"name":"freight corridor","highway":"trunk","policy":""},"geometry":{"type":"LineString","coordinates":[[88.40589,22.6524],[88.40593,22.65253],[88.40609,22.65316]]}},{"type":"Feature","properties":{"name":"NH12","highway":"trunk","policy":""},"geometry":{"type":"LineString","coordinates":[[88.30961,22.56757],[88.30949,22.56759],[88.30882,22.5677]]}},{"type":"Feature","properties":{"name":"Kona Expressway","highway":"trunk","policy":""},"geometry":{"type":"LineString","coordinates":[[88.28295,22.58543],[88.28361,22.58539],[88.28384,22.58538]]}},{"type":"Feature","properties":{"name":"Kona Expressway","highway":"trunk","policy":""},"geometry":{"type":"LineString","coordinates":[[88.28384,22.58538],[88.28396,22.58538]]}},{"type":"Feature","properties":{"name":"Kona Expressway","highway":"trunk","policy":""},"geometry":{"type":"LineString","coordinates":[[88.28396,22.58531],[88.28384,22.58531]]}},{"type":"Feature","properties":{"name":"freight corridor","highway":"trunk","policy":""},"geometry":{"type":"LineString","coordinates":[[88.40587,22.65214],[88.40589,22.6524]]}},{"type":"Feature","properties":{"name":"freight corridor","highway":"trunk","policy":""},"geometry":{"type":"LineString","coordinates":[[88.40758,22.65254],[88.40762,22.6525],[88.40764,22.65233],[88.40762,22.65229]]}},{"type":"Feature","properties":{"name":"freight corridor","highway":"motorway","policy":""},"geometry":{"type":"LineString","coordinates":[[88.39781,22.74131],[88.39751,22.7418],[88.39721,22.74228],[88.39635,22.74379],[88.39578,22.74474],[88.3955,22.74531],[88.39531,22.74575],[88.39513,22.74638],[88.39505,22.74693]]}},{"type":"Feature","properties":{"name":"freight corridor","highway":"motorway","policy":""},"geometry":{"type":"LineString","coordinates":[[88.40065,22.73645],[88.40047,22.73688],[88.40019,22.73742],[88.39971,22.73823],[88.39923,22.739]]}},{"type":"Feature","properties":{"name":"freight corridor","highway":"motorway","policy":""},"geometry":{"type":"LineString","coordinates":[[88.39548,22.74565],[88.39584,22.74488],[88.39628,22.74413],[88.39678,22.7433],[88.39806,22.74114],[88.39871,22.74006],[88.39934,22.73904]]}},{"type":"Feature","properties":{"name":"freight corridor","highway":"motorway","policy":""},"geometry":{"type":"LineString","coordinates":[[88.39934,22.73904],[88.4003,22.7375],[88.40061,22.73685],[88.40077,22.73647]]}},{"type":"Feature","properties":{"name":"freight corridor","highway":"motorway","policy":""},"geometry":{"type":"LineString","coordinates":[[88.40164,22.73186],[88.40147,22.73302],[88.40134,22.73391],[88.40119,22.7347],[88.40092,22.73572]]}},{"type":"Feature","properties":{"name":"freight corridor","highway":"motorway","policy":""},"geometry":{"type":"LineString","coordinates":[[88.40267,22.72876],[88.40258,22.72897]]}},{"type":"Feature","properties":{"name":"freight corridor","highway":"motorway","policy":""},"geometry":{"type":"LineString","coordinates":[[88.40104,22.7358],[88.40114,22.73543],[88.40129,22.7349],[88.40141,22.73433],[88.4016,22.73307],[88.40177,22.73184]]}},{"type":"Feature","properties":{"name":"freight corridor","highway":"motorway","policy":""},"geometry":{"type":"LineString","coordinates":[[88.4027,22.72899],[88.40279,22.7288]]}},{"type":"Feature","properties":{"name":"freight corridor","highway":"motorway","policy":""},"geometry":{"type":"LineString","coordinates":[[88.40177,22.73184],[88.40183,22.73149],[88.40196,22.73092],[88.40201,22.73075],[88.40233,22.72983],[88.4027,22.72899]]}},{"type":"Feature","properties":{"name":"freight corridor","highway":"motorway","policy":""},"geometry":{"type":"LineString","coordinates":[[88.40258,22.72897],[88.4022,22.72981],[88.40201,22.73036],[88.40184,22.7309],[88.40171,22.73149],[88.40164,22.73186]]}},{"type":"Feature","properties":{"name":"freight corridor","highway":"motorway","policy":""},"geometry":{"type":"LineString","coordinates":[[88.40092,22.73572],[88.40083,22.73599],[88.40065,22.73645]]}},{"type":"Feature","properties":{"name":"freight corridor","highway":"motorway","policy":""},"geometry":{"type":"LineString","coordinates":[[88.40077,22.73647],[88.40104,22.7358]]}},{"type":"Feature","properties":{"name":"freight corridor","highway":"motorway","policy":""},"geometry":{"type":"LineString","coordinates":[[88.39923,22.739],[88.39892,22.73949],[88.39836,22.7404],[88.39781,22.74131]]}},{"type":"Feature","properties":{"name":"freight corridor","highway":"motorway","policy":""},"geometry":{"type":"LineString","coordinates":[[88.39257,22.7506],[88.39295,22.75033],[88.39401,22.74967],[88.39434,22.74941],[88.39458,22.74913],[88.39481,22.74877],[88.39489,22.74858],[88.39504,22.74803],[88.39511,22.74722],[88.39524,22.74642],[88.39542,22.74579],[88.39548,22.74565]]}},{"type":"Feature","properties":{"name":"freight corridor","highway":"motorway","policy":""},"geometry":{"type":"LineString","coordinates":[[88.39505,22.74693],[88.39502,22.74721],[88.39492,22.748],[88.39481,22.74843],[88.39471,22.7487],[88.39449,22.74906],[88.39427,22.74932],[88.39394,22.74958],[88.39292,22.7502],[88.39265,22.75039],[88.39246,22.75054]]}},{"type":"Feature","properties":{"name":"Kalyani Expressway","highway":"trunk","policy":""},"geometry":{"type":"LineString","coordinates":[[88.41924,22.69651],[88.41925,22.69626],[88.41924,22.69609],[88.41934,22.69552],[88.41941,22.69513],[88.41941,22.69473],[88.41947,22.69433],[88.41943,22.69389],[88.41941,22.69347],[88.41938,22.69331],[88.41931,22.69328]]}}]}