{"type":"FeatureCollection","features":[{"type":"Feature","properties":{"name":"Sultanpur Road","highway":"trunk","policy":""},"geometry":{"type":"LineString","coordinates":[[81.00401,26.80165],[81.00441,26.80158],[81.00469,26.80154],[81.00556,26.80138],[81.00585,26.80131],[81.00624,26.80119],[81.00657,26.80106],[81.00695,26.80089],[81.00716,26.80074],[81.00737,26.80057],[81.00773,26.8003],[81.00836,26.79972],[81.00872,26.79938],[81.00922,26.79893],[81.00933,26.79882],[81.00975,26.79845],[81.01032,26.79793],[81.01135,26.79701],[81.01188,26.79662],[81.01294,26.79588],[81.01317,26.79571],[81.01458,26.79473],[81.0148,26.79458],[81.0152,26.7943],[81.01546,26.79412],[81.01562,26.79402],[81.01624,26.79363],[81.01668,26.79328],[81.01703,26.79306],[81.01784,26.79256],[81.01869,26.79205],[81.01998,26.7914],[81.02074,26.791],[81.02096,26.79089],[81.02107,26.79083],[81.02131,26.79071],[81.02214,26.79028],[81.02417,26.78926],[81.02499,26.78884],[81.0257,26.78848],[81.02657,26.78795],[81.02778,26.78722],[81.02833,26.78687],[81.02867,26.78671],[81.02907,26.78656],[81.0301,26.78636],[81.03016,26.78634],[81.03032,26.78631],[81.03038,26.7863],[81.03211,26.78595],[81.03331,26.78575],[81.03539,26.78535],[81.03601,26.78523],[81.03871,26.78475],[81.03886,26.78472],[81.04089,26.78435],[81.04189,26.78412],[81.04201,26.78408],[81.04223,26.78398],[81.04253,26.7838],[81.04257,26.78377],[81.04268,26.78368],[81.04449,26.7823],[81.04455,26.78226],[81.0453,26.78173],[81.0455,26.78163],[81.04607,26.78134],[81.04614,26.7813],[81.0462,26.78127],[81.04641,26.78119],[81.04672,26.78106],[81.0472,26.78091],[81.04761,26.7808],[81.0479,26.78074],[81.0482,26.7807],[81.04951,26.78055],[81.05015,26.78047],[81.05121,26.78036],[81.05177,26.7803],[81.05182,26.7803],[81.05268,26.78019],[81.05403,26.78001],[81.05426,26.77998],[81.05506,26.77987]]}},{"type":"Feature","properties":{"name":"Ring Road","highway":"trunk","policy":""},"geometry":{"type":"LineString","coordinates":[[80.9743,26.89202],[80.97381,26.89247],[80.97223,26.89397],[80.97077,26.89544],[80.97036,26.89582],[80.96931,26.89678],[80.96789,26.89803],[80.9677,26.8982],[80.96701,26.89882],[80.96595,26.89975],[80.96539,26.90031]]}},{"type":"Feature","properties":{"name":"Polytechnic Flyover","highway":"trunk","policy":""},"geometry":{"type":"LineString","coordinates":[[80.99962,26.87313],[80.99947,26.87312],[80.99705,26.87302],[80.9967,26.873],[80.99648,26.87301]]}},{"type":"Feature","properties":{"name":"Ring Road","highway":"trunk","policy":""},"geometry":{"type":"LineString","coordinates":[[80.93784,26.91931],[80.93789,26.91896],[80.9379,26.91886],[80.93803,26.91768],[80.93812,26.91669],[80.93813,26.91657],[80.93812,26.91621],[80.9381,26.91577],[80.93809,26.91538],[80.93807,26.91513]]}},{"type":"Feature","properties":{"name":"Ring Road Flyover","highway":"trunk","policy":""},"geometry":{"type":"LineString","coordinates":[[80.93792,26.91564],[80.93796,26.91641],[80.93796,26.91667]]}},{"type":"Feature","properties":{"name":"Ring Road Flyover","highway":"trunk","policy":""},"geometry":{"type":"LineString","coordinates":[[80.93798,26.91339],[80.93784,26.91364],[80.93779,26.91383],[80.9378,26.91424],[80.93788,26.91509],[80.93792,26.91564]]}},{"type":"Feature","properties":{"name":"Faizabad Road Flyover","highway":"trunk","policy":""},"geometry":{"type":"LineString","coordinates":[[81.0203,26.87407],[81.01993,26.87404],[81.0191,26.874],[81.01635,26.87386],[81.01562,26.87383],[81.0144,26.87377],[81.01085,26.8736]]}},{"type":"Feature","properties":{"name":"Faizabad Road Flyover","highway":"trunk","policy":""},"geometry":{"type":"LineString","coordinates":[[81.03153,26.87686],[81.03029,26.87614],[81.02983,26.87591],[81.02698,26.87484],[81.02666,26.87473],[81.02625,26.87462],[81.0255,26.87453],[81.02203,26.87423],[81.02118,26.87416],[81.02085,26.87412]]}},{"type":"Feature","properties":{"name":"Faizabad Road","highway":"trunk","policy":""},"geometry":{"type":"LineString","coordinates":[[81.00788,26.87346],[81.0069,26.8734],[81.00636,26.87338],[81.00582,26.87335],[81.00577,26.87335],[81.00567,26.87334],[81.00254,26.87323],[81.00242,26.87322]]}},{"type":"Feature","properties":{"name":"Ring Road","highway":"trunk","policy":""},"geometry":{"type":"LineString","coordinates":[[80.9958,26.87699],[80.99579,26.87768],[80.99587,26.88195],[80.99586,26.88247],[80.99586,26.88282],[80.99581,26.88443],[80.9958,26.88466],[80.99578,26.88481],[80.99574,26.88492],[80.99563,26.88504],[80.99555,26.88512],[80.99549,26.88516],[80.99536,26.8852],[80.99522,26.88522],[80.99424,26.88528],[80.99096,26.88549],[80.99067,26.88551]]}},{"type":"Feature","properties":{"name":"Polytechnic Flyover","highway":"trunk","policy":""},"geometry":{"type":"LineString","coordinates":[[80.99591,26.87648],[80.9959,26.87613],[80.99588,26.87569],[80.99587,26.87549],[80.99581,26.87522],[80.99558,26.87445],[80.99555,26.87421],[80.99553,26.87402],[80.99554,26.87384],[80.99559,26.87366],[80.99569,26.87349],[80.99581,26.87336],[80.99595,26.87326],[80.99616,26.87316],[80.99632,26.87311],[80.99649,26.8731],[80.99669,26.87309],[80.99865,26.87319],[80.99961,26.87323]]}},{"type":"Feature","properties":{"name":"Polytechnic Flyover","highway":"trunk","policy":""},"geometry":{"type":"LineString","coordinates":[[80.99648,26.87301],[80.99633,26.87302],[80.99607,26.8731],[80.9959,26.87318],[80.99574,26.87328],[80.99559,26.87345],[80.99549,26.87364],[80.99544,26.87383],[80.99541,26.874],[80.99541,26.87424],[80.99548,26.87451],[80.99573,26.87532],[80.99577,26.87551],[80.99579,26.87568],[80.99581,26.8761]]}},{"type":"Feature","properties":{"name":"\u091f\u0947\u0922\u093c\u0940 \u092a\u0941\u0932\u093f\u092f\u093e \u091a\u094c\u0930\u093e\u0939\u093e","highway":"trunk","policy":""},"geometry":{"type":"LineString","coordinates":[[80.95688,26.90877],[80.95685,26.90876],[80.95682,26.90876],[80.95679,26.90877],[80.95676,26.90878],[80.95673,26.9088],[80.95672,26.90882],[80.95671,26.90884]]}},{"type":"Feature","properties":{"name":"Ring Road","highway":"trunk","policy":""},"geometry":{"type":"LineString","coordinates":[[80.96547,26.90036],[80.96601,26.89982],[80.96641,26.89946],[80.96672,26.89919],[80.96699,26.89894],[80.96795,26.89809],[80.96938,26.89683],[80.97008,26.89621],[80.97085,26.89548],[80.97231,26.89402],[80.97385,26.89255],[80.97437,26.89209]]}},{"type":"Feature","properties":{"name":"Shaheed Path","highway":"trunk","policy":""},"geometry":{"type":"LineString","coordinates":[[81.01013,26.80837],[81.01118,26.80921],[81.01174,26.80977],[81.01223,26.81037],[81.01331,26.81178]]}},{"type":"Feature","properties":{"name":"Shaheed Path Flyover","highway":"trunk","policy":""},"geometry":{"type":"LineString","coordinates":[[81.00864,26.84602],[81.00861,26.84612],[81.00843,26.84666],[81.00812,26.84742],[81.00768,26.84842],[81.00757,26.84883],[81.00754,26.84928],[81.00759,26.84972],[81.00776,26.85039],[81.00815,26.85159],[81.00855,26.85285],[81.00947,26.85556],[81.01011,26.85747],[81.01054,26.85874],[81.01127,26.86096],[81.01153,26.86172]]}},{"type":"Feature","properties":{"name":"Shaheed Path","highway":"trunk","policy":""},"geometry":{"type":"LineString","coordinates":[[81.01343,26.81172],[81.01334,26.81161],[81.0123,26.8102],[81.0117,26.80952],[81.01127,26.80911],[81.01043,26.8084],[81.01025,26.80827]]}},{"type":"Feature","properties":{"name":"Shaheed Path","highway":"trunk","policy":""},"geometry":{"type":"LineString","coordinates":[[80.91568,26.7655],[80.91605,26.76535],[80.91821,26.76451],[80.92072,26.76351],[80.92152,26.76319],[80.92311,26.76256],[80.92346,26.76246],[80.92377,26.76239],[80.92422,26.76233],[80.92471,26.76231],[80.92525,26.76235],[80.92582,26.76247],[80.92646,26.76266],[80.92739,26.76296],[80.92898,26.76347],[80.93079,26.76407]]}},{"type":"Feature","properties":{"name":"Shaheed Path","highway":"trunk","policy":""},"geometry":{"type":"LineString","coordinates":[[80.8984,26.77227],[80.89766,26.77255],[80.89579,26.77331],[80.89402,26.77413],[80.89175,26.77506],[80.8912,26.77524],[80.89047,26.77541],[80.88962,26.77552],[80.88702,26.77586],[80.88647,26.77595],[80.88542,26.77619],[80.88273,26.77684],[80.88264,26.77686],[80.8826,26.77687],[80.88224,26.77698],[80.88217,26.777]]}},{"type":"Feature","properties":{"name":"Shaheed Path","highway":"trunk","policy":""},"geometry":{"type":"LineString","coordinates":[[81.01362,26.83213],[81.01395,26.83263],[81.01425,26.83327],[81.01442,26.8338],[81.0145,26.83433],[81.0145,26.83487],[81.01438,26.83555],[81.01411,26.83624],[81.01393,26.83655],[81.01355,26.83706],[81.01233,26.83821]]}},{"type":"Feature","properties":{"name":"Shaheed Path","highway":"trunk","policy":""},"geometry":{"type":"LineString","coordinates":[[80.93082,26.76397],[80.9299,26.76368],[80.92919,26.76345],[80.92823,26.76315],[80.92744,26.76289],[80.92606,26.76246],[80.92558,26.76232],[80.92515,26.76225],[80.92471,26.76221],[80.92415,26.76223],[80.92375,26.76228],[80.92349,26.76234],[80.9229,26.76252],[80.9211,26.76322],[80.92095,26.76329],[80.91925,26.76397],[80.91691,26.76489],[80.91563,26.76537]]}},{"type":"Feature","properties":{"name":"Shaheed Path","highway":"trunk","policy":""},"geometry":{"type":"LineString","coordinates":[[81.01244,26.83833],[81.0135,26.83732],[81.0139,26.83684],[81.01422,26.83631],[81.01443,26.83586],[81.01457,26.83536],[81.01465,26.83489],[81.01465,26.83436],[81.01456,26.83377],[81.01444,26.83332],[81.01429,26.83294],[81.01407,26.83257],[81.01372,26.83206]]}},{"type":"Feature","properties":{"name":"Shaheed Path","highway":"trunk","policy":""},"geometry":{"type":"LineString","coordinates":[[80.88206,26.77708],[80.88223,26.77709],[80.88261,26.77699],[80.88269,26.77696],[80.88313,26.77686],[80.88507,26.7764],[80.88602,26.77618],[80.88674,26.77603],[80.88754,26.7759],[80.88954,26.77565],[80.89007,26.77558],[80.8905,26.77552],[80.8911,26.77538],[80.89158,26.77524],[80.89237,26.77494],[80.89486,26.77393],[80.89709,26.77301],[80.89777,26.77272],[80.89812,26.77257],[80.89848,26.77242]]}},{"type":"Feature","properties":{"name":"Shaheed Path","highway":"trunk","policy":""},"geometry":{"type":"LineString","coordinates":[[81.01208,26.83001],[81.0122,26.83023]]}},{"type":"Feature","properties":{"name":"Shaheed Path","highway":"trunk","policy":""},"geometry":{"type":"LineString","coordinates":[[80.94539,26.76821],[80.94572,26.76833]]}},{"type":"Feature","properties":{"name":"Shaheed Path","highway":"trunk","policy":""},"geometry":{"type":"LineString","coordinates":[[81.01193,26.82709],[81.0119,26.82723]]}},{"type":"Feature","properties":{"name":"Shaheed Path","highway":"trunk","policy":""},"geometry":{"type":"LineString","coordinates":[[80.96175,26.77102],[80.96142,26.771]]}},{"type":"Feature","properties":{"name":"Shaheed Path","highway":"trunk","policy":""},"geometry":{"type":"LineString","coordinates":[[81.01424,26.8159],[81.01362,26.81773]]}},{"type":"Feature","properties":{"name":"Shaheed Path Flyover","highway":"trunk","policy":""},"geometry":{"type":"LineString","coordinates":[[80.97508,26.77235],[80.97486,26.77226],[80.97435,26.77213],[80.97382,26.77204],[80.9726,26.77192],[80.97157,26.77183]]}},{"type":"Feature","properties":{"name":"Shaheed Path","highway":"trunk","policy":""},"geometry":{"type":"LineString","coordinates":[[81.0135,26.83197],[81.01362,26.83213]]}},{"type":"Feature","properties":{"name":"Shaheed Path","highway":"trunk","policy":""},"geometry":{"type":"LineString","coordinates":[[80.93115,26.76407],[80.93082,26.76397]]}},{"type":"Feature","properties":{"name":"Ahimamau Flyover","highway":"trunk","policy":""},"geometry":{"type":"LineString","coordinates":[[81.00271,26.79976],[81.00406,26.80147],[81.00424,26.80168],[81.00627,26.8041],[81.00636,26.80421]]}},{"type":"Feature","properties":{"name":"Shaheed Path","highway":"trunk","policy":""},"geometry":{"type":"LineString","coordinates":[[81.01375,26.81775],[81.01436,26.81594]]}},{"type":"Feature","properties":{"name":"Shaheed Path","highway":"trunk","policy":""},"geometry":{"type":"LineString","coordinates":[[80.97846,26.77496],[80.97831,26.77483]]}},{"type":"Feature","properties":{"name":"Shaheed Path","highway":"trunk","policy":""},"geometry":{"type":"LineString","coordinates":[[81.01233,26.83019],[81.01221,26.82996]]}},{"type":"Feature","properties":{"name":"Shaheed Path","highway":"trunk","policy":""},"geometry":{"type":"LineString","coordinates":[[80.9155,26.76557],[80.91568,26.7655]]}},{"type":"Feature","properties":{"name":"Shaheed Path","highway":"trunk","policy":""},"geometry":{"type":"LineString","coordinates":[[80.98349,26.77898],[80.98336,26.7789]]}},{"type":"Feature","properties":{"name":"Shaheed Path","highway":"trunk","policy":""},"geometry":{"type":"LineString","coordinates":[[81.00985,26.80815],[81.01013,26.80837]]}},{"type":"Feature","properties":{"name":"Shaheed Path","highway":"trunk","policy":""},"geometry":{"type":"LineString","coordinates":[[80.89975,26.77175],[80.8995,26.77185]]}},{"type":"Feature","properties":{"name":"Shaheed Path Flyover","highway":"trunk","policy":""},"geometry":{"type":"LineString","coordinates":[[81.01079,26.83998],[81.01058,26.84027],[81.01018,26.841],[81.00982,26.84181],[81.0098,26.84185],[81.00962,26.8424],[81.00961,26.84244],[81.00955,26.84265],[81.00917,26.84402],[81.00893,26.84487],[81.00864,26.84602]]}},{"type":"Feature","properties":{"name":"Shaheed Path","highway":"trunk","policy":""},"geometry":{"type":"LineString","coordinates":[[81.01205,26.82725],[81.01208,26.82711]]}},{"type":"Feature","properties":{"name":"Shaheed Path","highway":"trunk","policy":""},"geometry":{"type":"LineString","coordinates":[[81.01341,26.86776],[81.01354,26.86818]]}},{"type":"Feature","properties":{"name":"Shaheed Path Flyover","highway":"trunk","policy":""},"geometry":{"type":"LineString","coordinates":[[81.00889,26.84554],[81.00907,26.8449],[81.0093,26.84408],[81.00967,26.84259],[81.00974,26.84237],[81.0099,26.84188],[81.01027,26.84104],[81.01069,26.84033],[81.01091,26.84004]]}},{"type":"Feature","properties":{"name":"Shaheed Path","highway":"trunk","policy":""},"geometry":{"type":"LineString","coordinates":[[80.95159,26.77057],[80.95238,26.7708]]}},{"type":"Feature","properties":{"name":"Shaheed Path","highway":"trunk","policy":""},"geometry":{"type":"LineString","coordinates":[[80.96141,26.77111],[80.96175,26.77113]]}},{"type":"Feature","properties":{"name":"Shaheed Path","highway":"trunk","policy":""},"geometry":{"type":"LineString","coordinates":[[81.01372,26.83206],[81.0136,26.8319]]}},{"type":"Feature","properties":{"name":"Shaheed Path","highway":"trunk","policy":""},"geometry":{"type":"LineString","coordinates":[[80.97822,26.77492],[80.97836,26.77504]]}},{"type":"Feature","properties":{"name":"Shaheed Path","highway":"trunk","policy":""},"geometry":{"type":"LineString","coordinates":[[80.98328,26.77899],[80.98342,26.77908]]}},{"type":"Feature","properties":{"name":"Shaheed Path","highway":"trunk","policy":""},"geometry":{"type":"LineString","coordinates":[[80.93079,26.76407],[80.9311,26.76418]]}},{"type":"Feature","properties":{"name":"Shaheed Path","highway":"trunk","policy":""},"geometry":{"type":"LineString","coordinates":[[81.01365,26.86815],[81.01352,26.86773]]}},{"type":"Feature","properties":{"name":"Shaheed Path Flyover","highway":"trunk","policy":""},"geometry":{"type":"LineString","coordinates":[[80.97157,26.77195],[80.97258,26.77203],[80.9738,26.77215],[80.97446,26.77226],[80.97512,26.77247]]}},{"type":"Feature","properties":{"name":"Shaheed Path","highway":"trunk","policy":""},"geometry":{"type":"LineString","coordinates":[[80.89954,26.77197],[80.8998,26.77186]]}},{"type":"Feature","properties":{"name":"Shaheed Path","highway":"trunk","policy":""},"geometry":{"type":"LineString","coordinates":[[80.91563,26.76537],[80.91545,26.76544]]}},{"type":"Feature","properties":{"name":"Shaheed Path","highway":"trunk","policy":""},"geometry":{"type":"LineString","coordinates":[[81.01025,26.80827],[81.00995,26.80803]]}},{"type":"Feature","properties":{"name":"Shaheed Path","highway":"trunk","policy":""},"geometry":{"type":"LineString","coordinates":[[80.95243,26.77073],[80.95163,26.77049]]}},{"type":"Feature","properties":{"name":"Ahimamau Flyover","highway":"trunk","policy":""},"geometry":{"type":"LineString","coordinates":[[81.00646,26.80417],[81.00572,26.80328],[81.00438,26.80166],[81.0042,26.80143],[81.0028,26.79969]]}},{"type":"Feature","properties":{"name":"Shaheed Path","highway":"trunk","policy":""},"geometry":{"type":"LineString","coordinates":[[80.94575,26.76822],[80.94541,26.76811]]}},{"type":"Feature","properties":{"name":"Shaheed Path","highway":"trunk","policy":""},"geometry":{"type":"LineString","coordinates":[[80.98342,26.77908],[80.98368,26.77922],[80.98538,26.78017],[80.98723,26.78121],[80.98789,26.78163],[80.98824,26.78189],[80.98855,26.7822],[80.98889,26.78263],[80.99024,26.78472],[80.99093,26.78578],[80.99138,26.78647],[80.99199,26.78735],[80.99239,26.78786],[80.9928,26.78832],[80.99287,26.7884],[80.99306,26.78861],[80.9933,26.78889],[80.9937,26.78929],[80.99435,26.78989],[80.9954,26.79076],[80.99583,26.79118],[80.99621,26.79161],[80.99785,26.79374],[80.99793,26.79385],[80.9982,26.7942],[80.99839,26.79444],[80.99943,26.79575],[81.00069,26.79724],[81.00199,26.79887],[81.00229,26.79924],[81.00249,26.79949]]}},{"type":"Feature","properties":{"name":"Shaheed Path","highway":"trunk","policy":""},"geometry":{"type":"LineString","coordinates":[[81.00259,26.79941],[81.00238,26.79917],[81.00127,26.79774],[81.00082,26.79718],[80.99994,26.79615],[80.99935,26.79546],[80.99849,26.79438],[80.99716,26.79265],[80.99633,26.79156],[80.996,26.79118],[80.99568,26.79086],[80.99449,26.78985],[80.9939,26.78932],[80.99334,26.78876],[80.99331,26.78872],[80.99311,26.7885],[80.99303,26.78841],[80.9926,26.78792],[80.99227,26.78752],[80.99165,26.78666],[80.99021,26.78443],[80.98907,26.78269],[80.98883,26.78235],[80.98859,26.78207],[80.98825,26.78174],[80.98803,26.78158],[80.988,26.78156],[80.9879,26.78148],[80.98784,26.78143],[80.98701,26.78096],[80.98376,26.77914],[80.98349,26.77898]]}},{"type":"Feature","properties":{"name":"Shaheed Path","highway":"trunk","policy":""},"geometry":{"type":"LineString","coordinates":[[81.0122,26.83023],[81.01233,26.83042],[81.0135,26.83197]]}},{"type":"Feature","properties":{"name":"Shaheed Path","highway":"trunk","policy":""},"geometry":{"type":"LineString","coordinates":[[81.0136,26.8319],[81.01245,26.83038],[81.01233,26.83019]]}},{"type":"Feature","properties":{"name":"Shaheed Path","highway":"trunk","policy":""},"geometry":{"type":"LineString","coordinates":[[81.01352,26.86773],[81.01332,26.86708],[81.01275,26.86533],[81.01262,26.86491],[81.01254,26.86463],[81.01251,26.86455],[81.01173,26.862]]}},{"type":"Feature","properties":{"name":"Shaheed Path","highway":"trunk","policy":""},"geometry":{"type":"LineString","coordinates":[[80.9713,26.77181],[80.9695,26.77167],[80.96626,26.77139],[80.96488,26.77128],[80.9622,26.77105],[80.96175,26.77102]]}},{"type":"Feature","properties":{"name":"Shaheed Path Flyover","highway":"trunk","policy":""},"geometry":{"type":"LineString","coordinates":[[81.01164,26.86169],[81.01086,26.85939],[81.00948,26.85527],[81.00849,26.85234],[81.00783,26.85023],[81.00769,26.8497],[81.00764,26.84928],[81.00767,26.84886],[81.00779,26.84844],[81.00821,26.84745],[81.00848,26.84682],[81.00872,26.84615],[81.00878,26.84593],[81.00889,26.84554]]}},{"type":"Feature","properties":{"name":"Shaheed Path","highway":"trunk","policy":""},"geometry":{"type":"LineString","coordinates":[[80.96175,26.77113],[80.96216,26.77116],[80.96295,26.77123],[80.96673,26.77155],[80.96949,26.77178],[80.97142,26.77194]]}},{"type":"Feature","properties":{"name":"Shaheed Path","highway":"trunk","policy":""},"geometry":{"type":"LineString","coordinates":[[80.91545,26.76544],[80.91496,26.76566],[80.91428,26.76593],[80.91104,26.76722],[80.91027,26.76754],[80.90866,26.76817],[80.90516,26.76956],[80.90453,26.76979],[80.9008,26.77132],[80.89975,26.77175]]}},{"type":"Feature","properties":{"name":"Shaheed Path","highway":"trunk","policy":""},"geometry":{"type":"LineString","coordinates":[[80.95111,26.77034],[80.95053,26.77015],[80.94971,26.76986],[80.9489,26.76953],[80.94616,26.76839],[80.94575,26.76822]]}},{"type":"Feature","properties":{"name":"Shaheed Path","highway":"trunk","policy":""},"geometry":{"type":"LineString","coordinates":[[81.01163,26.86202],[81.01213,26.86363],[81.01253,26.86494],[81.01266,26.86534],[81.01321,26.86712],[81.01341,26.86776]]}},{"type":"Feature","properties":{"name":"Shaheed Path","highway":"trunk","policy":""},"geometry":{"type":"LineString","coordinates":[[80.94572,26.76833],[80.94807,26.76931],[80.94949,26.76989],[80.95035,26.7702],[80.95119,26.77046]]}},{"type":"Feature","properties":{"name":"Shaheed Path","highway":"trunk","policy":""},"geometry":{"type":"LineString","coordinates":[[81.00657,26.80446],[81.00776,26.80589],[81.00801,26.80619],[81.0085,26.80679],[81.00904,26.8074],[81.0097,26.80803],[81.00985,26.80815]]}},{"type":"Feature","properties":{"name":"Shaheed Path","highway":"trunk","policy":""},"geometry":{"type":"LineString","coordinates":[[80.98336,26.7789],[80.98305,26.77871],[80.98213,26.77813],[80.98129,26.77749],[80.98052,26.77685],[80.97999,26.77636],[80.9788,26.77528],[80.97846,26.77496]]}},{"type":"Feature","properties":{"name":"Shaheed Path","highway":"trunk","policy":""},"geometry":{"type":"LineString","coordinates":[[81.01362,26.81773],[81.01338,26.81846],[81.01301,26.81958],[81.01294,26.8199],[81.01291,26.82004],[81.01281,26.82051],[81.01271,26.82126],[81.01238,26.82464],[81.01225,26.82568],[81.01193,26.82709]]}},{"type":"Feature","properties":{"name":"Shaheed Path","highway":"trunk","policy":""},"geometry":{"type":"LineString","coordinates":[[81.01208,26.82711],[81.0124,26.82569],[81.01253,26.82466],[81.01284,26.82129],[81.01293,26.82055],[81.01294,26.82048],[81.01299,26.82024],[81.01302,26.82008],[81.01315,26.81962],[81.01375,26.81775]]}},{"type":"Feature","properties":{"name":"Shaheed Path","highway":"trunk","policy":""},"geometry":{"type":"LineString","coordinates":[[81.01221,26.82996],[81.01213,26.82978],[81.012,26.82941],[81.01193,26.82913],[81.01188,26.82885],[81.01186,26.82862],[81.01186,26.82838],[81.01189,26.82802],[81.01194,26.82776],[81.01205,26.82725]]}},{"type":"Feature","properties":{"name":"Shaheed Path","highway":"trunk","policy":""},"geometry":{"type":"LineString","coordinates":[[81.0119,26.82723],[81.01179,26.82774],[81.01174,26.82801],[81.01172,26.82818],[81.01171,26.8284],[81.01171,26.82863],[81.01174,26.82886],[81.01174,26.82887],[81.01179,26.82916],[81.01186,26.82944],[81.012,26.82981],[81.01208,26.83001]]}},{"type":"Feature","properties":{"name":"Shaheed Path","highway":"trunk","policy":""},"geometry":{"type":"LineString","coordinates":[[81.00995,26.80803],[81.00969,26.80784],[81.00913,26.80728],[81.00864,26.80674],[81.00845,26.80651],[81.00814,26.80613],[81.00669,26.80443]]}},{"type":"Feature","properties":{"name":"Shaheed Path","highway":"trunk","policy":""},"geometry":{"type":"LineString","coordinates":[[80.8998,26.77186],[80.90159,26.77113],[80.90368,26.77026],[80.90641,26.76918],[80.90903,26.76815],[80.91088,26.76741],[80.91157,26.76714],[80.91396,26.76619],[80.9155,26.76557]]}},{"type":"Feature","properties":{"name":"Shaheed Path","highway":"trunk","policy":""},"geometry":{"type":"LineString","coordinates":[[80.97542,26.77262],[80.97566,26.77273],[80.97619,26.77307],[80.97655,26.77338],[80.97795,26.77467],[80.97822,26.77492]]}},{"type":"Feature","properties":{"name":"Shaheed Path","highway":"trunk","policy":""},"geometry":{"type":"LineString","coordinates":[[80.97836,26.77504],[80.97906,26.77568],[80.98014,26.77667],[80.98049,26.77698],[80.98118,26.77755],[80.98169,26.77794],[80.98244,26.77846],[80.98328,26.77899]]}},{"type":"Feature","properties":{"name":"Shaheed Path","highway":"trunk","policy":""},"geometry":{"type":"LineString","coordinates":[[80.9311,26.76418],[80.93226,26.76455],[80.93457,26.76529],[80.93542,26.76556],[80.93737,26.76619],[80.93882,26.76663],[80.93943,26.76679],[80.94163,26.7673],[80.94282,26.76757]]}},{"type":"Feature","properties":{"name":"Shaheed Path","highway":"trunk","policy":""},"geometry":{"type":"LineString","coordinates":[[81.01354,26.86818],[81.01369,26.86867],[81.01449,26.87113],[81.01465,26.87166],[81.01474,26.87215],[81.01474,26.87271],[81.01472,26.87299],[81.01469,26.87349],[81.01469,26.87353],[81.01468,26.87367],[81.01467,26.87388]]}},{"type":"Feature","properties":{"name":"Shaheed Path","highway":"trunk","policy":""},"geometry":{"type":"LineString","coordinates":[[80.94284,26.76748],[80.94168,26.76721],[80.93944,26.76669],[80.93869,26.76649],[80.93605,26.76568],[80.93537,26.76545],[80.93344,26.76482],[80.93281,26.76462],[80.93245,26.76452],[80.93115,26.76407]]}},{"type":"Feature","properties":{"name":"Shaheed Path","highway":"trunk","policy":""},"geometry":{"type":"LineString","coordinates":[[80.97831,26.77483],[80.97697,26.7736],[80.97621,26.77295],[80.97592,26.77275],[80.97554,26.77254],[80.97522,26.77241]]}},{"type":"Feature","properties":{"name":"Shaheed Path","highway":"trunk","policy":""},"geometry":{"type":"LineString","coordinates":[[81.0148,26.87368],[81.0148,26.87354],[81.01481,26.87349],[81.01485,26.87272],[81.01483,26.87214],[81.01474,26.87163],[81.01455,26.87097],[81.01381,26.86864],[81.01365,26.86815]]}},{"type":"Feature","properties":{"name":"Shaheed Path","highway":"trunk","policy":""},"geometry":{"type":"LineString","coordinates":[[80.95238,26.7708],[80.95286,26.77093],[80.95336,26.77102],[80.95383,26.77104],[80.95485,26.77102],[80.95655,26.77097],[80.95766,26.77097],[80.9588,26.771],[80.96001,26.77103],[80.96141,26.77111]]}},{"type":"Feature","properties":{"name":"Shaheed Path","highway":"trunk","policy":""},"geometry":{"type":"LineString","coordinates":[[80.96142,26.771],[80.96005,26.77092],[80.95883,26.77089],[80.95768,26.77085],[80.95591,26.77088],[80.95373,26.77094],[80.95327,26.77091],[80.95285,26.77084],[80.95243,26.77073]]}},{"type":"Feature","properties":{"name":"NH230","highway":"trunk","policy":""},"geometry":{"type":"LineString","coordinates":[[80.8646,26.87456],[80.86458,26.87448],[80.86456,26.87423],[80.86454,26.87398],[80.86453,26.87385],[80.86449,26.8734],[80.86443,26.87297],[80.8641,26.87074],[80.86383,26.86893],[80.86383,26.86887],[80.86367,26.86821],[80.86307,26.86601],[80.86303,26.86586],[80.86262,26.86407],[80.86255,26.86347],[80.86253,26.86177],[80.86253,26.86166],[80.86248,26.86057],[80.8624,26.86008]]}},{"type":"Feature","properties":{"name":"NH230","highway":"trunk","policy":""},"geometry":{"type":"LineString","coordinates":[[80.85202,26.84366],[80.85252,26.84447],[80.85299,26.84521],[80.85356,26.84616],[80.85398,26.84683],[80.8542,26.84718]]}},{"type":"Feature","properties":{"name":"NH27","highway":"trunk","policy":""},"geometry":{"type":"LineString","coordinates":[[81.02063,26.87398],[81.02053,26.87397],[81.02046,26.87396],[81.01868,26.87387],[81.01828,26.87384],[81.0165,26.87376],[81.01632,26.87375],[81.01541,26.87371],[81.01494,26.87368],[81.0148,26.87368]]}},{"type":"Feature","properties":{"name":"Kanpur-Lucknow Road","highway":"trunk","policy":""},"geometry":{"type":"LineString","coordinates":[[80.89555,26.80122],[80.89516,26.80052],[80.89498,26.80017],[80.89432,26.79889],[80.89401,26.79832]]}},{"type":"Feature","properties":{"name":"Awadh Chowraha (Crossroads)","highway":"trunk","policy":""},"geometry":{"type":"LineString","coordinates":[[80.8961,26.80206],[80.89611,26.80204],[80.89612,26.80199],[80.89611,26.8019],[80.89604,26.80181],[80.89598,26.80178],[80.89589,26.80176],[80.89579,26.80177],[80.89571,26.80182],[80.89568,26.80184],[80.89566,26.80188],[80.89564,26.80196],[80.89565,26.80205],[80.8957,26.80212],[80.89576,26.80216],[80.89578,26.80217],[80.89588,26.80219],[80.89592,26.80219],[80.89597,26.80218],[80.89604,26.80213],[80.8961,26.80206]]}},{"type":"Feature","properties":{"name":"Kanpur-Lucknow Road","highway":"trunk","policy":""},"geometry":{"type":"LineString","coordinates":[[80.88206,26.77708],[80.88223,26.77734],[80.8829,26.77843],[80.88297,26.77856],[80.88337,26.77926],[80.88361,26.77969],[80.88367,26.7798]]}},{"type":"Feature","properties":{"name":"Kanpur-Lucknow Road","highway":"trunk","policy":""},"geometry":{"type":"LineString","coordinates":[[80.86586,26.751],[80.86491,26.74958],[80.86446,26.74891],[80.86339,26.74731],[80.86321,26.74704],[80.8622,26.74552],[80.86054,26.74303],[80.8591,26.74087],[80.85887,26.74052],[80.8575,26.73837],[80.85707,26.73772],[80.85669,26.73715],[80.85547,26.7353],[80.85536,26.73512],[80.85425,26.73342],[80.85353,26.73233],[80.85324,26.73188],[80.85196,26.72992],[80.85114,26.7287],[80.85096,26.72843],[80.85035,26.72753],[80.85031,26.72746],[80.84976,26.72666],[80.84923,26.72588],[80.84922,26.72586],[80.84902,26.72557],[80.84888,26.72537],[80.84885,26.72532],[80.8488,26.72525],[80.84873,26.72515],[80.8477,26.72362],[80.84764,26.72353],[80.84716,26.72282],[80.84688,26.72239],[80.84653,26.72188],[80.84622,26.72141],[80.84582,26.7208],[80.84504,26.71942],[80.84407,26.71784],[80.84347,26.71688],[80.84254,26.71542],[80.84198,26.71454],[80.84156,26.71389],[80.84128,26.71343],[80.84052,26.71228],[80.84007,26.71154],[80.83979,26.71109],[80.83906,26.7099],[80.8382,26.70848],[80.83732,26.707],[80.83714,26.70671],[80.83697,26.70643],[80.83637,26.70541],[80.83444,26.70217],[80.83326,26.70016],[80.8329,26.69956],[80.83285,26.69948],[80.83192,26.69792],[80.83167,26.69748],[80.8312,26.69668],[80.83103,26.69638],[80.83072,26.69583],[80.83051,26.69546],[80.83038,26.69519],[80.83025,26.69492],[80.83004,26.69444],[80.82943,26.69279],[80.82934,26.69253],[80.82894,26.69143],[80.82884,26.69117],[80.82883,26.69112],[80.82862,26.69054],[80.82831,26.68971],[80.82776,26.68819],[80.8273,26.68698],[80.8272,26.68676],[80.8271,26.68661],[80.82673,26.68619],[80.82611,26.68557],[80.82607,26.68552],[80.82569,26.68521],[80.82522,26.68486],[80.82468,26.68446],[80.82399,26.68396],[80.82393,26.68392],[80.82234,26.68277],[80.8216,26.68222],[80.82122,26.6819],[80.82086,26.68152],[80.8198,26.68029],[80.8179,26.67806],[80.81618,26.67608],[80.81445,26.6741],[80.81375,26.67326],[80.81266,26.67206],[80.81108,26.67026],[80.81073,26.66982],[80.8105,26.66948],[80.81022,26.669],[80.80902,26.66669],[80.80859,26.6659],[80.80807,26.66493],[80.80692,26.6628],[80.80651,26.66201],[80.80614,26.66144],[80.8058,26.66105],[80.80384,26.65904],[80.8036,26.6588],[80.80235,26.65747],[80.80077,26.65594],[80.79989,26.65503],[80.79978,26.65486],[80.79959,26.65452],[80.79953,26.65436],[80.79946,26.65418],[80.79925,26.65311],[80.7991,26.65211],[80.799,26.65166],[80.79878,26.65118],[80.79853,26.65082],[80.79817,26.65046],[80.79769,26.65015],[80.79748,26.65002]]}},{"type":"Feature","properties":{"name":"NH230","highway":"trunk","policy":""},"geometry":{"type":"LineString","coordinates":[[80.89228,26.80393],[80.89244,26.8038],[80.89282,26.80357],[80.8932,26.80333],[80.89364,26.80308],[80.89375,26.80304],[80.89392,26.80296],[80.89465,26.80264],[80.89482,26.80256],[80.89515,26.80242]]}},{"type":"Feature","properties":{"name":"Flyover","highway":"trunk","policy":""},"geometry":{"type":"LineString","coordinates":[[80.88961,26.80661],[80.88677,26.8103]]}},{"type":"Feature","properties":{"name":"Flyover","highway":"trunk","policy":""},"geometry":{"type":"LineString","coordinates":[[80.88688,26.81039],[80.88833,26.8085],[80.88971,26.80669]]}},{"type":"Feature","properties":{"name":"NH230","highway":"trunk","policy":""},"geometry":{"type":"LineString","coordinates":[[80.8764,26.82254],[80.87585,26.82288],[80.87544,26.82314],[80.8745,26.82364],[80.8744,26.82368],[80.87429,26.82371],[80.87412,26.82375],[80.87401,26.82377],[80.87382,26.82381],[80.87275,26.82429],[80.87279,26.82438],[80.87182,26.82472],[80.87057,26.82508],[80.87003,26.8252],[80.86917,26.82531],[80.86852,26.82539],[80.86827,26.82543]]}},{"type":"Feature","properties":{"name":"Flyover","highway":"trunk","policy":""},"geometry":{"type":"LineString","coordinates":[[80.88109,26.81778],[80.87963,26.81971],[80.87887,26.82054],[80.87851,26.82094],[80.87788,26.82152]]}},{"type":"Feature","properties":{"name":"NH230","highway":"trunk","policy":""},"geometry":{"type":"LineString","coordinates":[[80.88578,26.81155],[80.88529,26.81218],[80.88502,26.81251],[80.8835,26.81451],[80.88234,26.816]]}},{"type":"Feature","properties":{"name":"Flyover","highway":"trunk","policy":""},"geometry":{"type":"LineString","coordinates":[[80.87798,26.82158],[80.8786,26.82101],[80.87899,26.82058],[80.88016,26.8192],[80.88119,26.81784]]}},{"type":"Feature","properties":{"name":"Flyover","highway":"trunk","policy":""},"geometry":{"type":"LineString","coordinates":[[80.88119,26.81784],[80.88229,26.81624],[80.8843,26.81368],[80.88541,26.81227]]}},{"type":"Feature","properties":{"name":"NH230","highway":"trunk","policy":""},"geometry":{"type":"LineString","coordinates":[[80.89565,26.80205],[80.89547,26.80214],[80.89509,26.80232],[80.895,26.80236],[80.89467,26.80251],[80.89347,26.80305],[80.89346,26.80306],[80.89342,26.80308],[80.89303,26.8033],[80.89265,26.80353],[80.8922,26.80384],[80.89184,26.8041],[80.89127,26.80459],[80.89063,26.80536]]}},{"type":"Feature","properties":{"name":"Ring Road Flyover","highway":"trunk","policy":""},"geometry":{"type":"LineString","coordinates":[[80.94048,26.91254],[80.9402,26.9127],[80.93981,26.91287],[80.93947,26.91296],[80.93913,26.91302],[80.93905,26.91303],[80.93869,26.91304],[80.93848,26.91307],[80.9383,26.91314],[80.93814,26.91324],[80.93798,26.91339]]}},{"type":"Feature","properties":{"name":"Ring Road Flyover","highway":"trunk","policy":""},"geometry":{"type":"LineString","coordinates":[[80.93913,26.91311],[80.93949,26.91307],[80.93988,26.91295],[80.94025,26.91278],[80.94052,26.91264]]}},{"type":"Feature","properties":{"name":"Faizabad Road","highway":"trunk","policy":""},"geometry":{"type":"LineString","coordinates":[[81.01479,26.87389],[81.01492,26.8739],[81.0154,26.87392],[81.01632,26.87397],[81.01705,26.874],[81.01801,26.87404],[81.01889,26.87407],[81.01938,26.87409],[81.01974,26.87411],[81.02056,26.87417],[81.02065,26.87418],[81.02175,26.87429],[81.02427,26.87451],[81.02505,26.87458],[81.02551,26.87462],[81.02615,26.87472],[81.02652,26.8748],[81.02656,26.87482],[81.02677,26.87488],[81.02705,26.87498],[81.02742,26.87512],[81.02761,26.87519],[81.02931,26.87582],[81.02976,26.87598],[81.03026,26.87623],[81.03037,26.87629],[81.03091,26.87661],[81.03163,26.87702],[81.0328,26.87771],[81.03342,26.87803],[81.03439,26.87849],[81.03519,26.87886],[81.03596,26.87924]]}},{"type":"Feature","properties":{"name":"Ring Road","highway":"trunk","policy":""},"geometry":{"type":"LineString","coordinates":[[80.99067,26.88563],[80.99148,26.88557],[80.99241,26.8855],[80.99268,26.88548],[80.99424,26.88536],[80.99524,26.8853],[80.99545,26.88527],[80.99557,26.88523],[80.99567,26.88515],[80.99576,26.88506],[80.99585,26.88495],[80.99588,26.8848],[80.9959,26.88445],[80.99591,26.88422],[80.99594,26.88308],[80.99594,26.88249],[80.99594,26.88107],[80.99593,26.88054],[80.99589,26.87776],[80.99591,26.87648]]}},{"type":"Feature","properties":{"name":"Ring Road","highway":"trunk","policy":""},"geometry":{"type":"LineString","coordinates":[[80.97467,26.8918],[80.97481,26.89168],[80.97564,26.89093],[80.9764,26.89024],[80.97662,26.89001],[80.97684,26.88972]]}},{"type":"Feature","properties":{"name":"Ring Road","highway":"trunk","policy":""},"geometry":{"type":"LineString","coordinates":[[80.99067,26.88551],[80.98607,26.88586],[80.98498,26.88594],[80.98491,26.88595]]}},{"type":"Feature","properties":{"name":"Munshipulia","highway":"trunk","policy":""},"geometry":{"type":"LineString","coordinates":[[80.99591,26.88501],[80.9958,26.88499],[80.99576,26.88499],[80.99574,26.885],[80.9957,26.88502],[80.99563,26.88508],[80.99563,26.88509],[80.9956,26.88518],[80.99561,26.88523],[80.99563,26.88528],[80.99566,26.88531],[80.9957,26.88534],[80.99572,26.88535]]}},{"type":"Feature","properties":{"name":"Kukrail Bridge","highway":"trunk","policy":""},"geometry":{"type":"LineString","coordinates":[[80.9774,26.88884],[80.97691,26.88946],[80.97675,26.88968]]}},{"type":"Feature","properties":{"name":"Kukrail Bridge","highway":"trunk","policy":""},"geometry":{"type":"LineString","coordinates":[[80.97684,26.88972],[80.97749,26.88889]]}},{"type":"Feature","properties":{"name":"Ring Road","highway":"trunk","policy":""},"geometry":{"type":"LineString","coordinates":[[80.98499,26.88605],[80.98608,26.88597],[80.98681,26.88592],[80.99067,26.88563]]}},{"type":"Feature","properties":{"name":"Ring Road","highway":"trunk","policy":""},"geometry":{"type":"LineString","coordinates":[[80.97675,26.88968],[80.97656,26.88993],[80.97632,26.89018],[80.97572,26.89073],[80.97474,26.89162],[80.97458,26.89176]]}},{"type":"Feature","properties":{"name":"Ring Road","highway":"trunk","policy":""},"geometry":{"type":"LineString","coordinates":[[80.95009,26.9105],[80.95019,26.91048],[80.95148,26.91017],[80.95373,26.90964],[80.95389,26.90961],[80.95411,26.90956],[80.95498,26.90935],[80.95582,26.90923],[80.95627,26.90913],[80.95681,26.90895],[80.95719,26.90876]]}},{"type":"Feature","properties":{"name":"Ring Road Flyover","highway":"trunk","policy":""},"geometry":{"type":"LineString","coordinates":[[80.94052,26.91264],[80.9407,26.91254],[80.94101,26.91239],[80.94127,26.9123],[80.9416,26.91218],[80.94195,26.91211],[80.94273,26.91201]]}},{"type":"Feature","properties":{"name":"Ring Road Flyover","highway":"trunk","policy":""},"geometry":{"type":"LineString","coordinates":[[80.94325,26.91182],[80.94223,26.912],[80.94176,26.91207],[80.9414,26.91217],[80.94094,26.91233],[80.94068,26.91245],[80.94048,26.91254]]}},{"type":"Feature","properties":{"name":"Ring Road","highway":"trunk","policy":""},"geometry":{"type":"LineString","coordinates":[[80.95713,26.90869],[80.9568,26.90884],[80.95649,26.90896],[80.95619,26.90905],[80.9558,26.90914],[80.95497,26.90924],[80.95468,26.90931],[80.95356,26.90958],[80.9523,26.90986],[80.95101,26.91018],[80.95006,26.9104]]}},{"type":"Feature","properties":{"name":"Sitapur Road","highway":"trunk","policy":""},"geometry":{"type":"LineString","coordinates":[[80.93797,26.91691],[80.93797,26.91718],[80.93791,26.9179],[80.93788,26.91832],[80.93786,26.91849],[80.93784,26.91869],[80.93784,26.91871],[80.9378,26.91896],[80.93774,26.91928]]}},{"type":"Feature","properties":{"name":"NH230","highway":"trunk","policy":""},"geometry":{"type":"LineString","coordinates":[[80.87081,26.89725],[80.87083,26.8972],[80.87083,26.89713],[80.8708,26.89707],[80.87075,26.89703],[80.87074,26.89702],[80.8707,26.89701],[80.8706,26.89702],[80.87055,26.89704],[80.87051,26.89708],[80.87048,26.89714],[80.87049,26.8972],[80.87051,26.89725],[80.87056,26.8973],[80.87064,26.89732],[80.87069,26.89732],[80.87077,26.89729],[80.87081,26.89725]]}},{"type":"Feature","properties":{"name":"NH230","highway":"trunk","policy":""},"geometry":{"type":"LineString","coordinates":[[80.89027,26.9217],[80.89029,26.92165],[80.89029,26.92159],[80.89026,26.92153],[80.89024,26.9215],[80.89022,26.92149],[80.89016,26.92146],[80.89008,26.92146],[80.89008,26.92147],[80.89002,26.92149],[80.88997,26.92153],[80.88995,26.92159],[80.88995,26.92165],[80.88997,26.9217],[80.89002,26.92175],[80.8901,26.92177],[80.89016,26.92177],[80.89023,26.92174],[80.89027,26.9217]]}},{"type":"Feature","properties":{"name":"NH230","highway":"trunk","policy":""},"geometry":{"type":"LineString","coordinates":[[80.87397,26.90159],[80.87523,26.9032]]}},{"type":"Feature","properties":{"name":"NH230","highway":"trunk","policy":""},"geometry":{"type":"LineString","coordinates":[[80.87535,26.90313],[80.87409,26.90154]]}},{"type":"Feature","properties":{"name":"NH230","highway":"trunk","policy":""},"geometry":{"type":"LineString","coordinates":[[80.85472,26.87657],[80.85465,26.87666],[80.8547,26.87675],[80.85487,26.87703],[80.85489,26.87707],[80.85502,26.87736],[80.85584,26.87902],[80.8566,26.88037],[80.85716,26.88132],[80.85748,26.88175],[80.85792,26.88226],[80.85861,26.88295],[80.85877,26.8831],[80.85894,26.88325],[80.85915,26.88345]]}},{"type":"Feature","properties":{"name":"NH230","highway":"trunk","policy":""},"geometry":{"type":"LineString","coordinates":[[80.87523,26.9032],[80.8763,26.90449],[80.87717,26.90567],[80.87755,26.90628],[80.87795,26.90703],[80.87827,26.90775],[80.8785,26.90847],[80.87893,26.90965],[80.87937,26.91073],[80.88008,26.91273],[80.88034,26.91343],[80.88061,26.914],[80.88093,26.91457],[80.8815,26.91538],[80.88187,26.91584],[80.88245,26.91642],[80.88386,26.9178],[80.88432,26.91818],[80.88498,26.91861],[80.88547,26.91894],[80.8856,26.91904],[80.88597,26.91928],[80.88674,26.9197],[80.88752,26.92011],[80.88809,26.92043],[80.88981,26.92152],[80.88995,26.92159]]}},{"type":"Feature","properties":{"name":"NH230","highway":"trunk","policy":""},"geometry":{"type":"LineString","coordinates":[[80.8706,26.89702],[80.87054,26.89692],[80.8704,26.89667],[80.86942,26.89492],[80.86846,26.89321],[80.86838,26.89306],[80.86772,26.89188],[80.86752,26.89158],[80.86725,26.89125],[80.86653,26.89045],[80.8656,26.88935],[80.86541,26.88912],[80.86521,26.88885],[80.86509,26.88869]]}},{"type":"Feature","properties":{"name":"NH230","highway":"trunk","policy":""},"geometry":{"type":"LineString","coordinates":[[80.89002,26.92149],[80.8899,26.92143],[80.8877,26.92008],[80.88614,26.91924],[80.88557,26.91888],[80.88507,26.91854],[80.88467,26.91827],[80.88414,26.91788],[80.88371,26.91752],[80.88202,26.91583],[80.88167,26.91542],[80.8811,26.91461],[80.88076,26.91407],[80.88052,26.91351],[80.88023,26.91277],[80.87952,26.91074],[80.87921,26.90997],[80.87892,26.90928],[80.87858,26.9083],[80.87844,26.90788],[80.87827,26.90741],[80.87807,26.90697],[80.87766,26.90621],[80.87733,26.9057],[80.87707,26.90532],[80.87665,26.90472],[80.87642,26.90444],[80.87553,26.90337],[80.87535,26.90313]]}},{"type":"Feature","properties":{"name":"NH230","highway":"trunk","policy":""},"geometry":{"type":"LineString","coordinates":[[80.89023,26.92174],[80.89094,26.92214],[80.89224,26.92286],[80.89508,26.9244],[80.89747,26.92567],[80.89908,26.92649],[80.89928,26.92659],[80.90055,26.92722],[80.90061,26.92725],[80.90138,26.92767],[80.90243,26.92838],[80.904,26.92932],[80.90531,26.93001],[80.90536,26.93004],[80.90868,26.93178],[80.90941,26.93214],[80.90969,26.93226],[80.90978,26.9323]]}},{"type":"Feature","properties":{"name":"NH230","highway":"trunk","policy":""},"geometry":{"type":"LineString","coordinates":[[80.93504,26.93103],[80.93496,26.93102],[80.93486,26.931],[80.93477,26.931],[80.93456,26.93098],[80.9344,26.93098],[80.93433,26.93098],[80.93396,26.93097],[80.93242,26.93093],[80.93175,26.93093],[80.93077,26.93093],[80.92968,26.9309],[80.92899,26.93083],[80.9289,26.93082],[80.9282,26.9307],[80.92764,26.93062],[80.92728,26.93058],[80.92704,26.93058],[80.92692,26.93057],[80.92652,26.9306],[80.92597,26.93068],[80.92563,26.93077],[80.92543,26.93082],[80.92497,26.931],[80.92432,26.9313],[80.92367,26.93169],[80.92363,26.93171],[80.92155,26.93347],[80.921,26.93383],[80.92062,26.93403],[80.92033,26.93412],[80.92006,26.93415],[80.91985,26.93413],[80.91919,26.93399],[80.91901,26.93396],[80.91847,26.93384],[80.91771,26.93369],[80.91752,26.93367],[80.91726,26.93364],[80.91673,26.93365],[80.91623,26.93366],[80.9159,26.93366],[80.91562,26.93361],[80.91548,26.93358],[80.91452,26.93338],[80.91362,26.93318],[80.91274,26.93295],[80.91138,26.93259],[80.91048,26.93236],[80.91025,26.9323]]}},{"type":"Feature","properties":{"name":"NH230","highway":"trunk","policy":""},"geometry":{"type":"LineString","coordinates":[[80.87069,26.89732],[80.87126,26.89808],[80.872,26.89903],[80.87253,26.89973],[80.87315,26.90054],[80.8735,26.90099],[80.87362,26.90114],[80.87397,26.90159]]}},{"type":"Feature","properties":{"name":"NH230","highway":"trunk","policy":""},"geometry":{"type":"LineString","coordinates":[[80.87409,26.90154],[80.87326,26.90047],[80.87309,26.90026],[80.87298,26.90012],[80.87283,26.89992],[80.87232,26.89923],[80.87147,26.89818],[80.87111,26.89768],[80.87081,26.89725]]}},{"type":"Feature","properties":{"name":"Hardoi Road","highway":"trunk","policy":""},"geometry":{"type":"LineString","coordinates":[[80.85449,26.87672],[80.8547,26.87675],[80.85487,26.87671],[80.8551,26.87664],[80.85847,26.87584],[80.85928,26.87567],[80.86046,26.87543],[80.86049,26.87542],[80.8612,26.87527],[80.86159,26.87519],[80.86289,26.87492],[80.863,26.87489],[80.8645,26.87458]]}},{"type":"Feature","properties":{"name":"NH731","highway":"trunk","policy":""},"geometry":{"type":"LineString","coordinates":[[80.85449,26.87672],[80.8543,26.87673],[80.85422,26.87674],[80.85357,26.87689],[80.85321,26.87698],[80.85283,26.8771],[80.85232,26.87725],[80.85205,26.87733],[80.85164,26.87745],[80.85056,26.87778],[80.84781,26.87861],[80.84769,26.87864],[80.84678,26.87888],[80.84604,26.87904],[80.84458,26.87933],[80.84356,26.87952],[80.84339,26.87955],[80.8432,26.87959],[80.84212,26.87982],[80.84204,26.87983],[80.84183,26.87987],[80.84108,26.88003],[80.8402,26.88017],[80.83964,26.88026],[80.83916,26.88033],[80.83887,26.88038],[80.83846,26.88044],[80.83799,26.88047],[80.83758,26.88049],[80.83718,26.8805],[80.83617,26.88052],[80.83573,26.88053],[80.8356,26.88053],[80.83537,26.88054],[80.83522,26.88054],[80.83439,26.88055],[80.83365,26.88056],[80.83219,26.88059],[80.83052,26.88059],[80.82999,26.88059],[80.8292,26.88059],[80.82892,26.8806],[80.82848,26.88061],[80.82704,26.88063],[80.82675,26.88063],[80.82617,26.88065],[80.8252,26.88068],[80.8248,26.88069],[80.82407,26.88072],[80.82361,26.8807],[80.8234,26.88069],[80.82336,26.88068],[80.82282,26.88056],[80.8219,26.88039],[80.82097,26.88021],[80.81967,26.87993],[80.81923,26.87984],[80.81799,26.87958],[80.81478,26.87893],[80.8126,26.87846],[80.81213,26.87836],[80.81113,26.87817]]}},{"type":"Feature","properties":{"name":"NH230","highway":"trunk","policy":""},"geometry":{"type":"LineString","coordinates":[[80.8649,26.88837],[80.86475,26.88821],[80.86449,26.88787],[80.86435,26.88769],[80.86394,26.88718],[80.86349,26.88665],[80.86303,26.88618],[80.86262,26.88583],[80.86194,26.8853],[80.85998,26.88391],[80.85964,26.88368],[80.85949,26.88353]]}},{"type":"Feature","properties":{"name":"NH230","highway":"trunk","policy":""},"geometry":{"type":"LineString","coordinates":[[80.85942,26.88361],[80.85956,26.88373],[80.85987,26.88398],[80.85989,26.884],[80.86184,26.88537],[80.86247,26.88583],[80.86297,26.88629],[80.86346,26.88679],[80.8639,26.88731],[80.86429,26.88781],[80.86466,26.88828],[80.86479,26.88844]]}},{"type":"Feature","properties":{"name":"NH230","highway":"trunk","policy":""},"geometry":{"type":"LineString","coordinates":[[80.85922,26.88335],[80.859,26.88316],[80.85888,26.88306],[80.85884,26.88303],[80.85823,26.88241],[80.85768,26.88181],[80.85736,26.88142],[80.85712,26.88104],[80.8566,26.88014],[80.85601,26.87906],[80.85544,26.87794],[80.85507,26.8772],[80.85499,26.87701],[80.85487,26.87671],[80.85482,26.87661],[80.85472,26.87657]]}},{"type":"Feature","properties":{"name":"NH230","highway":"trunk","policy":""},"geometry":{"type":"LineString","coordinates":[[80.86508,26.88861],[80.86511,26.88855],[80.86511,26.88849],[80.86508,26.88843],[80.86503,26.88839],[80.86501,26.88838],[80.86497,26.88837],[80.8649,26.88837],[80.86483,26.88839],[80.86479,26.88844],[80.86476,26.88849],[80.86476,26.88855],[80.86479,26.88861],[80.86481,26.88863],[80.86484,26.88865],[80.86491,26.88868],[80.86494,26.88868],[80.86504,26.88864],[80.86506,26.88863],[80.86508,26.88861]]}},{"type":"Feature","properties":{"name":"NH230","highway":"trunk","policy":""},"geometry":{"type":"LineString","coordinates":[[80.85947,26.88356],[80.85949,26.88353],[80.8595,26.88351],[80.8595,26.88345],[80.85949,26.88342],[80.85947,26.88339],[80.85942,26.88335],[80.85937,26.88333],[80.85929,26.88332],[80.85922,26.88335],[80.85918,26.88339],[80.85915,26.88345],[80.85915,26.88351],[80.85917,26.88354],[80.85918,26.88356],[80.85923,26.88361],[80.8593,26.88363],[80.85936,26.88363],[80.85942,26.88361],[80.85944,26.8836],[80.85947,26.88356]]}},{"type":"Feature","properties":{"name":"NH230","highway":"trunk","policy":""},"geometry":{"type":"LineString","coordinates":[[80.86494,26.88868],[80.86498,26.88875],[80.86512,26.88894],[80.86592,26.8899],[80.86749,26.89165],[80.86764,26.89191],[80.86777,26.89212],[80.86818,26.89287],[80.86877,26.89394],[80.86922,26.89475],[80.86993,26.89605],[80.87032,26.89673],[80.87046,26.89698],[80.87051,26.89708]]}},{"type":"Feature","properties":{"name":"Lalabagh Railway Crossing Flyover","highway":"trunk","policy":""},"geometry":{"type":"LineString","coordinates":[[80.85433,26.84738],[80.85545,26.84914],[80.85594,26.85009],[80.85606,26.85028],[80.85638,26.85067],[80.85659,26.85092],[80.85692,26.85137],[80.85795,26.85311]]}},{"type":"Feature","properties":{"name":"Lalabagh Railway Crossing Flyover","highway":"trunk","policy":""},"geometry":{"type":"LineString","coordinates":[[80.85805,26.85304],[80.85739,26.85196],[80.85701,26.85134],[80.85664,26.85075],[80.85652,26.85058],[80.85619,26.85019],[80.85557,26.84913],[80.85443,26.84732]]}},{"type":"Feature","properties":{"name":"NH230","highway":"trunk","policy":""},"geometry":{"type":"LineString","coordinates":[[80.86224,26.86012],[80.86228,26.86027],[80.86232,26.86079],[80.86235,26.86179],[80.86239,26.86333],[80.86242,26.86379],[80.86244,26.86391],[80.86253,26.86439],[80.86328,26.86742],[80.86365,26.86883],[80.86374,26.86932],[80.86378,26.86961],[80.86416,26.87204],[80.86437,26.87343],[80.86439,26.87362],[80.86438,26.87393],[80.86439,26.87401],[80.86442,26.87419],[80.86448,26.8745],[80.8645,26.87458]]}},{"type":"Feature","properties":{"name":"NH230","highway":"trunk","policy":""},"geometry":{"type":"LineString","coordinates":[[80.85431,26.84713],[80.85422,26.84699],[80.85296,26.84496],[80.85211,26.84361]]}},{"type":"Feature","properties":{"name":"NH230","highway":"trunk","policy":""},"geometry":{"type":"LineString","coordinates":[[80.90984,26.93214],[80.90978,26.93212],[80.90945,26.93202],[80.90877,26.93167],[80.90855,26.93156],[80.90644,26.93045],[80.90538,26.92989],[80.90363,26.92896],[80.90236,26.92818],[80.90217,26.92805],[80.90172,26.92775],[80.90146,26.92757],[80.90092,26.92726],[80.89997,26.92678],[80.89748,26.92552],[80.89701,26.92527],[80.89461,26.924],[80.89419,26.92377],[80.89197,26.92255],[80.89029,26.92165]]}},{"type":"Feature","properties":{"name":"NH230","highway":"trunk","policy":""},"geometry":{"type":"LineString","coordinates":[[80.91022,26.93241],[80.91025,26.93236],[80.91025,26.9323],[80.91022,26.93224],[80.91019,26.93221],[80.91017,26.9322],[80.91011,26.93217],[80.91001,26.93213],[80.90991,26.93211],[80.90984,26.93214],[80.9098,26.93218],[80.90978,26.93224],[80.90978,26.9323],[80.9098,26.93235],[80.90986,26.93241],[80.91005,26.93248],[80.91011,26.93248],[80.91019,26.93245],[80.91022,26.93241]]}},{"type":"Feature","properties":{"name":"NH230","highway":"trunk","policy":""},"geometry":{"type":"LineString","coordinates":[[80.91019,26.93245],[80.91039,26.9325],[80.91085,26.93261],[80.91102,26.93265],[80.91272,26.93308],[80.91457,26.93347],[80.91585,26.93374],[80.91626,26.93375],[80.91699,26.93373],[80.91748,26.93376],[80.91826,26.93389],[80.91926,26.93412],[80.91993,26.93426],[80.92005,26.93425],[80.92032,26.93424],[80.92064,26.93413],[80.92088,26.93403],[80.92106,26.93395],[80.92167,26.93354],[80.92266,26.93267],[80.92371,26.9318],[80.92424,26.93145],[80.92466,26.93125],[80.92492,26.93114],[80.92534,26.93098],[80.92601,26.93079],[80.92606,26.93078],[80.92647,26.93073],[80.92686,26.93071],[80.92718,26.93069],[80.9279,26.93077],[80.92866,26.93092],[80.92911,26.93098],[80.92972,26.93103],[80.93043,26.93103],[80.93088,26.93103],[80.9324,26.93105],[80.93419,26.93107],[80.93433,26.93107],[80.93441,26.93107],[80.93455,26.93107],[80.93475,26.93107],[80.93488,26.9311],[80.93497,26.93112],[80.93502,26.93114]]}},{"type":"Feature","properties":{"name":"NH230","highway":"trunk","policy":""},"geometry":{"type":"LineString","coordinates":[[80.86834,26.82559],[80.86868,26.82551],[80.87016,26.82529],[80.87069,26.82517],[80.87205,26.82478],[80.87298,26.82442],[80.87319,26.82431],[80.87322,26.82427],[80.87323,26.82421],[80.87387,26.82393],[80.87399,26.82388],[80.87406,26.82387],[80.87423,26.82383],[80.87432,26.82382],[80.87438,26.82381],[80.87564,26.82314],[80.87591,26.82296]]}},{"type":"Feature","properties":{"name":"NH230","highway":"trunk","policy":""},"geometry":{"type":"LineString","coordinates":[[80.86579,26.8267],[80.86548,26.82698],[80.86252,26.82923],[80.86098,26.83041],[80.86055,26.83075],[80.85939,26.83164],[80.85816,26.83264],[80.8568,26.83386],[80.85651,26.83413],[80.85575,26.83482],[80.8555,26.83506]]}},{"type":"Feature","properties":{"name":"NH230","highway":"trunk","policy":""},"geometry":{"type":"LineString","coordinates":[[80.86834,26.82559],[80.86837,26.82554],[80.86836,26.82549],[80.86834,26.82546],[80.86827,26.82543],[80.86786,26.82548],[80.86761,26.82559],[80.86731,26.82571],[80.86672,26.82602],[80.86639,26.8262],[80.8661,26.8264],[80.86579,26.8267]]}},{"type":"Feature","properties":{"name":"NH230","highway":"trunk","policy":""},"geometry":{"type":"LineString","coordinates":[[80.85471,26.83611],[80.85475,26.83604],[80.85515,26.83558],[80.85642,26.83437],[80.85829,26.83272],[80.86106,26.83054],[80.86554,26.82711],[80.86593,26.82684]]}},{"type":"Feature","properties":{"name":"Flyover","highway":"trunk","policy":""},"geometry":{"type":"LineString","coordinates":[[80.85262,26.83957],[80.85225,26.84025],[80.85187,26.841],[80.85154,26.8417]]}},{"type":"Feature","properties":{"name":"Flyover","highway":"trunk","policy":""},"geometry":{"type":"LineString","coordinates":[[80.85168,26.84175],[80.852,26.84104],[80.85237,26.8403],[80.85275,26.83961]]}},{"type":"Feature","properties":{"name":"Kanpur-Lucknow Road","highway":"trunk","policy":""},"geometry":{"type":"LineString","coordinates":[[80.88217,26.777],[80.88204,26.77676],[80.88184,26.77641],[80.8811,26.77522],[80.88011,26.77363]]}},{"type":"Feature","properties":{"name":"Kanpur-Lucknow Road","highway":"trunk","policy":""},"geometry":{"type":"LineString","coordinates":[[80.88001,26.77368],[80.88037,26.77424],[80.88088,26.77505],[80.8815,26.77611],[80.88186,26.77673],[80.882,26.77697],[80.88206,26.77708]]}},{"type":"Feature","properties":{"name":"Faizabad Road","highway":"trunk","policy":""},"geometry":{"type":"LineString","coordinates":[[81.01057,26.87358],[81.01026,26.87357],[81.00804,26.87347],[81.00788,26.87346]]}},{"type":"Feature","properties":{"name":"Hardoi Road","highway":"trunk","policy":""},"geometry":{"type":"LineString","coordinates":[[80.86458,26.87448],[80.86448,26.8745],[80.86426,26.87455],[80.8638,26.87464],[80.86296,26.87481],[80.86248,26.8749],[80.86217,26.87496],[80.86148,26.87512],[80.86049,26.87534],[80.85928,26.8756],[80.85847,26.87577],[80.8578,26.87591],[80.85736,26.87601],[80.85586,26.87634],[80.85501,26.87658],[80.85482,26.87661],[80.85465,26.87666],[80.85449,26.87672]]}},{"type":"Feature","properties":{"name":"Shaheed Path","highway":"trunk","policy":""},"geometry":{"type":"LineString","coordinates":[[81.01233,26.83821],[81.01222,26.83831]]}},{"type":"Feature","properties":{"name":"Shaheed Path","highway":"trunk","policy":""},"geometry":{"type":"LineString","coordinates":[[81.01234,26.83842],[81.01244,26.83833]]}},{"type":"Feature","properties":{"name":"NH30","highway":"trunk","policy":""},"geometry":{"type":"LineString","coordinates":[[80.94569,26.76792],[80.94565,26.76806],[80.94564,26.7681],[80.94552,26.76835]]}},{"type":"Feature","properties":{"name":"Faizabad Road","highway":"trunk","policy":""},"geometry":{"type":"LineString","coordinates":[[81.00906,26.87359],[81.00921,26.8736],[81.01021,26.87365],[81.01123,26.87372],[81.01196,26.87374],[81.01239,26.87377],[81.01447,26.87387],[81.01467,26.87388]]}},{"type":"Feature","properties":{"name":"Sitapur Road","highway":"trunk","policy":""},"geometry":{"type":"LineString","coordinates":[[80.93617,26.92612],[80.93687,26.9233],[80.93776,26.91971],[80.93783,26.91935],[80.93784,26.91931]]}},{"type":"Feature","properties":{"name":"NH230","highway":"trunk","policy":""},"geometry":{"type":"LineString","coordinates":[[80.86593,26.82684],[80.86662,26.82638],[80.86772,26.82581],[80.86834,26.82559]]}},{"type":"Feature","properties":{"name":"NH30","highway":"trunk","policy":""},"geometry":{"type":"LineString","coordinates":[[81.01468,26.87367],[81.01449,26.87366],[81.01264,26.87357],[81.01095,26.87352],[81.01057,26.87358]]}},{"type":"Feature","properties":{"name":"NH27;NH30","highway":"trunk","policy":""},"geometry":{"type":"LineString","coordinates":[[81.0148,26.87368],[81.01468,26.87367]]}},{"type":"Feature","properties":{"name":"Faizabad Road","highway":"trunk","policy":""},"geometry":{"type":"LineString","coordinates":[[81.01467,26.87388],[81.01479,26.87389]]}},{"type":"Feature","properties":{"name":"Sultanpur Road","highway":"trunk","policy":""},"geometry":{"type":"LineString","coordinates":[[81.05504,26.77978],[81.05304,26.78004],[81.05159,26.78023],[81.04945,26.78046],[81.04937,26.78047],[81.04869,26.78054],[81.04788,26.78066],[81.04757,26.78071],[81.04708,26.78084],[81.04678,26.78094],[81.0465,26.78103],[81.04603,26.78126],[81.04559,26.78148],[81.0452,26.7817],[81.04446,26.78219],[81.04293,26.78335],[81.04262,26.7836],[81.04206,26.78396],[81.04183,26.78405],[81.04138,26.78417],[81.04086,26.78427],[81.03884,26.78462],[81.03871,26.78465],[81.03652,26.78504],[81.03528,26.78528],[81.03474,26.78539],[81.03442,26.78545],[81.03133,26.78601],[81.02947,26.78637],[81.02921,26.78642],[81.02893,26.7865],[81.02872,26.78659],[81.02847,26.7867],[81.02825,26.7868],[81.02808,26.78689],[81.02771,26.78711],[81.02694,26.78762],[81.02679,26.78772],[81.02584,26.7883],[81.02493,26.78878],[81.02473,26.78888],[81.02465,26.78893],[81.02299,26.78976],[81.02145,26.79054],[81.02101,26.79076],[81.0209,26.79082],[81.01993,26.79131],[81.01865,26.79196],[81.01796,26.79236],[81.01733,26.79274],[81.01699,26.79297],[81.01662,26.79321],[81.01618,26.79356],[81.01475,26.79451],[81.01296,26.79573],[81.01289,26.79578],[81.01267,26.79594],[81.01197,26.79643],[81.01186,26.7965],[81.01182,26.79653],[81.01136,26.79689],[81.01129,26.79695],[81.01026,26.79786],[81.0097,26.79838],[81.0093,26.79874],[81.00917,26.79886],[81.00895,26.79905],[81.00877,26.79922],[81.00818,26.79975],[81.00758,26.8003],[81.00756,26.80032],[81.00737,26.80046],[81.00707,26.80067],[81.00705,26.80069],[81.00702,26.80071],[81.00667,26.80091],[81.00616,26.80111],[81.00607,26.80114],[81.00587,26.8012],[81.00543,26.8013],[81.00468,26.80145],[81.00462,26.80146],[81.00435,26.8015],[81.00404,26.80155],[81.00394,26.80157]]}},{"type":"Feature","properties":{"name":"Shaheed Path","highway":"trunk","policy":""},"geometry":{"type":"LineString","coordinates":[[81.01479,26.87389],[81.01479,26.87379],[81.0148,26.87368]]}},{"type":"Feature","properties":{"name":"Shaheed Path","highway":"trunk","policy":""},"geometry":{"type":"LineString","coordinates":[[80.88217,26.777],[80.88206,26.77708]]}},{"type":"Feature","properties":{"name":"Kanpur-Lucknow Road","highway":"trunk","policy":""},"geometry":{"type":"LineString","coordinates":[[80.88223,26.77709],[80.88217,26.777]]}},{"type":"Feature","properties":{"name":"Faizabad Road","highway":"trunk","policy":""},"geometry":{"type":"LineString","coordinates":[[81.03572,26.87904],[81.03411,26.87826],[81.0338,26.87811],[81.03288,26.87763],[81.03273,26.87755],[81.03168,26.87694]]}},{"type":"Feature","properties":{"name":"Matiyari Flyover","highway":"trunk","policy":""},"geometry":{"type":"LineString","coordinates":[[81.04394,26.88291],[81.03978,26.88098],[81.03772,26.88001],[81.03611,26.87924]]}},{"type":"Feature","properties":{"name":"Matiyari Flyover","highway":"trunk","policy":""},"geometry":{"type":"LineString","coordinates":[[81.03608,26.8793],[81.03767,26.88007],[81.03962,26.881],[81.04388,26.88298]]}},{"type":"Feature","properties":{"name":"Faizabad Road","highway":"trunk","policy":""},"geometry":{"type":"LineString","coordinates":[[81.05772,26.88896],[81.05585,26.88822],[81.05497,26.88786],[81.05087,26.88625],[81.04768,26.88471],[81.04702,26.8844],[81.046,26.88391],[81.04481,26.88334],[81.04458,26.88323]]}},{"type":"Feature","properties":{"name":"Faizabad Road","highway":"trunk","policy":""},"geometry":{"type":"LineString","coordinates":[[81.04406,26.88306],[81.04449,26.88327],[81.04455,26.8833],[81.04595,26.88398],[81.0462,26.88412],[81.04763,26.8848],[81.04981,26.88585],[81.05079,26.88633],[81.05166,26.88667],[81.0537,26.88748],[81.05552,26.8882],[81.0558,26.88831]]}},{"type":"Feature","properties":{"name":"Shaheed Path","highway":"trunk","policy":""},"geometry":{"type":"LineString","coordinates":[[80.95119,26.77046],[80.95159,26.77057]]}},{"type":"Feature","properties":{"name":"Shaheed Path","highway":"trunk","policy":""},"geometry":{"type":"LineString","coordinates":[[80.95163,26.77049],[80.95111,26.77034]]}},{"type":"Feature","properties":{"name":"Kanpur-Lucknow Road","highway":"trunk","policy":""},"geometry":{"type":"LineString","coordinates":[[80.88367,26.7798],[80.88368,26.77982],[80.88372,26.77989],[80.88376,26.77997],[80.88416,26.78074],[80.88418,26.78078],[80.8845,26.78137],[80.88557,26.78325],[80.88618,26.78437],[80.88639,26.78475],[80.8864,26.78477],[80.88672,26.78535],[80.88683,26.78557],[80.88784,26.78738],[80.88792,26.7875],[80.88858,26.78878],[80.88906,26.78961],[80.88932,26.79012],[80.88964,26.79068],[80.89014,26.79159],[80.8904,26.79206],[80.89059,26.7924],[80.89079,26.79274],[80.89103,26.79318],[80.89133,26.79372],[80.89153,26.7941],[80.89186,26.79469],[80.89212,26.79513],[80.89229,26.79542],[80.89238,26.79559],[80.89245,26.79573],[80.89256,26.79591],[80.89284,26.79642],[80.8931,26.79688],[80.8932,26.79704],[80.89352,26.79761],[80.89391,26.79837]]}},{"type":"Feature","properties":{"name":"Shaheed Path","highway":"trunk","policy":""},"geometry":{"type":"LineString","coordinates":[[80.9429,26.76758],[80.94345,26.76771],[80.94477,26.76804],[80.94539,26.76821]]}},{"type":"Feature","properties":{"name":"Shaheed Path","highway":"trunk","policy":""},"geometry":{"type":"LineString","coordinates":[[80.94541,26.76811],[80.94472,26.76792],[80.94347,26.76762],[80.94293,26.76749]]}},{"type":"Feature","properties":{"name":"Shaheed Path","highway":"trunk","policy":""},"geometry":{"type":"LineString","coordinates":[[80.94293,26.76749],[80.94284,26.76748]]}},{"type":"Feature","properties":{"name":"Shaheed Path","highway":"trunk","policy":""},"geometry":{"type":"LineString","coordinates":[[80.94282,26.76757],[80.9429,26.76758]]}},{"type":"Feature","properties":{"name":"NH30","highway":"trunk","policy":""},"geometry":{"type":"LineString","coordinates":[[80.94741,26.76881],[80.94564,26.7681]]}},{"type":"Feature","properties":{"name":"NH30","highway":"trunk","policy":""},"geometry":{"type":"LineString","coordinates":[[80.94552,26.76835],[80.94595,26.76851],[80.94661,26.76881],[80.94699,26.76898]]}},{"type":"Feature","properties":{"name":"Ring Road","highway":"trunk","policy":""},"geometry":{"type":"LineString","coordinates":[[81.00242,26.87332],[81.00489,26.87341],[81.00609,26.87345],[81.00641,26.87346],[81.00705,26.87348],[81.00711,26.87349],[81.00906,26.87359]]}},{"type":"Feature","properties":{"name":"Kanpur-Lucknow Road","highway":"trunk","policy":""},"geometry":{"type":"LineString","coordinates":[[80.88011,26.77363],[80.88006,26.77355],[80.87992,26.77332],[80.87971,26.77299],[80.87893,26.77163],[80.87837,26.7707],[80.87823,26.77047],[80.87778,26.76974],[80.87739,26.7691],[80.87725,26.76889],[80.87681,26.76818],[80.87675,26.76809],[80.87638,26.76745],[80.87621,26.76715],[80.8757,26.76638],[80.87538,26.76588],[80.87448,26.7644],[80.8741,26.76379],[80.87355,26.76289],[80.87233,26.76089],[80.87076,26.75842],[80.87068,26.7583],[80.87048,26.758],[80.87022,26.75759],[80.86998,26.75723],[80.86969,26.75678],[80.86935,26.75627],[80.86898,26.7557],[80.86866,26.75521],[80.86847,26.75493],[80.86841,26.75483],[80.86834,26.75473],[80.86814,26.75442],[80.86776,26.75385],[80.86753,26.75351],[80.86645,26.7519],[80.86589,26.75105]]}},{"type":"Feature","properties":{"name":"Kanpur Road","highway":"trunk","policy":""},"geometry":{"type":"LineString","coordinates":[[80.86589,26.75105],[80.86586,26.751]]}},{"type":"Feature","properties":{"name":"Sitapur Road","highway":"trunk","policy":""},"geometry":{"type":"LineString","coordinates":[[80.92957,26.95279],[80.92959,26.95272],[80.92966,26.95243],[80.93072,26.94805],[80.93181,26.94369],[80.93275,26.93989]]}},{"type":"Feature","properties":{"name":"Sitapur Road","highway":"trunk","policy":""},"geometry":{"type":"LineString","coordinates":[[80.93171,26.94368],[80.93149,26.94451],[80.93117,26.94586],[80.93103,26.94641],[80.93062,26.94807],[80.93059,26.9482],[80.93014,26.95003],[80.92956,26.95239],[80.92949,26.9527],[80.92947,26.95275]]}},{"type":"Feature","properties":{"name":"NH30","highway":"trunk","policy":""},"geometry":{"type":"LineString","coordinates":[[80.96147,26.72498],[80.96128,26.72525],[80.96124,26.72531],[80.9609,26.72576],[80.96038,26.72645],[80.95995,26.72705],[80.95992,26.72711],[80.95949,26.72784],[80.95931,26.72815],[80.95906,26.72858],[80.95864,26.72934],[80.95841,26.72973],[80.95834,26.72987],[80.95794,26.7306],[80.95787,26.73073],[80.95754,26.73131],[80.95732,26.73171],[80.95714,26.73202],[80.95678,26.7327],[80.95674,26.73277],[80.95629,26.73355],[80.95611,26.73389],[80.95589,26.73426],[80.95574,26.73448],[80.95551,26.73479],[80.95531,26.73504],[80.95491,26.73546],[80.95419,26.7362],[80.95405,26.73634],[80.95373,26.73667],[80.9534,26.73703],[80.9532,26.73728],[80.95303,26.73751],[80.95298,26.73758],[80.9528,26.73788],[80.95262,26.73822],[80.95258,26.73833],[80.95252,26.73848],[80.95232,26.73902],[80.95209,26.73959],[80.95193,26.74008],[80.95181,26.74046],[80.95171,26.74086],[80.95168,26.74101],[80.95154,26.7418],[80.95127,26.74312],[80.95118,26.74362],[80.95096,26.74476],[80.95088,26.74513],[80.95087,26.74526],[80.9507,26.74626],[80.95054,26.74707],[80.95052,26.74717],[80.95043,26.74767],[80.9503,26.74832],[80.95028,26.74843],[80.95012,26.74894],[80.95011,26.74914],[80.95007,26.74959],[80.95006,26.74978],[80.95004,26.75055],[80.94999,26.75136],[80.94993,26.75171],[80.94981,26.75214],[80.94967,26.7527],[80.9496,26.75297],[80.94927,26.75418],[80.94918,26.75454],[80.9491,26.75488],[80.94885,26.75582],[80.94876,26.75613],[80.94862,26.75663],[80.94849,26.75712],[80.9484,26.75743],[80.94821,26.7581],[80.94817,26.75827],[80.94802,26.75883],[80.94793,26.75922],[80.94781,26.7597],[80.94771,26.76014],[80.94767,26.76033],[80.94761,26.76061],[80.94747,26.76133],[80.94745,26.76143],[80.94744,26.7615],[80.94723,26.76268],[80.94721,26.76276],[80.94715,26.76313],[80.94698,26.76404],[80.94696,26.76413],[80.94696,26.76415],[80.94685,26.7646],[80.94682,26.76471],[80.94671,26.76504],[80.94669,26.76509],[80.94606,26.76674],[80.94591,26.76716],[80.94588,26.76724],[80.94567,26.76784],[80.94569,26.76792]]}},{"type":"Feature","properties":{"name":"NH30","highway":"trunk","policy":""},"geometry":{"type":"LineString","coordinates":[[80.94569,26.76792],[80.94576,26.76786],[80.94622,26.76662],[80.94682,26.76506],[80.94693,26.76471],[80.94695,26.76465],[80.94707,26.76414],[80.94709,26.76403],[80.94718,26.76356],[80.94729,26.76298],[80.94738,26.7625],[80.94759,26.76133],[80.94778,26.76029],[80.948,26.75939],[80.94823,26.75849],[80.94828,26.75829],[80.94833,26.75813],[80.94855,26.7573],[80.94883,26.75626],[80.94908,26.75532],[80.94947,26.75392],[80.94954,26.75365],[80.94957,26.75355],[80.94962,26.75336],[80.94975,26.75288],[80.94976,26.75282],[80.94998,26.75205],[80.95004,26.75172],[80.95009,26.75142],[80.95016,26.75077],[80.95017,26.75054],[80.95017,26.75042],[80.95018,26.75012],[80.95019,26.74977],[80.95021,26.7496],[80.95024,26.74927],[80.95026,26.74896],[80.95031,26.7487],[80.95035,26.74844],[80.95044,26.74795],[80.9506,26.74713],[80.95077,26.74627],[80.95095,26.74526],[80.95097,26.74515],[80.95104,26.74479],[80.95138,26.74314],[80.95152,26.7424],[80.95163,26.74182],[80.95178,26.74103],[80.95181,26.74085],[80.95191,26.74045],[80.95202,26.74009],[80.9522,26.7396],[80.95241,26.73903],[80.95262,26.7385],[80.95268,26.73837],[80.95289,26.73791],[80.95328,26.73732],[80.95382,26.73672],[80.95413,26.73638],[80.95499,26.73551],[80.95539,26.73507],[80.9556,26.73482],[80.95583,26.73452],[80.95599,26.73428],[80.95621,26.73391],[80.9564,26.73357],[80.95682,26.73279],[80.95722,26.73207],[80.95722,26.73205],[80.95763,26.73133],[80.95803,26.73062],[80.95842,26.7299],[80.9585,26.72977],[80.95873,26.72935],[80.95914,26.72862],[80.95959,26.72786],[80.96005,26.7271],[80.96047,26.72649],[80.96102,26.72578],[80.96138,26.72529],[80.96156,26.72501]]}},{"type":"Feature","properties":{"name":"Kanpur-Lucknow Road","highway":"trunk","policy":""},"geometry":{"type":"LineString","coordinates":[[80.85741,26.7384],[80.85766,26.73882],[80.85812,26.73955],[80.85949,26.74162],[80.86077,26.74356],[80.86209,26.74552],[80.86212,26.74557],[80.86318,26.74717],[80.86444,26.74902],[80.86578,26.75105],[80.86584,26.75114],[80.86745,26.75355],[80.86768,26.75389],[80.86805,26.75445],[80.86826,26.75477],[80.86833,26.75488],[80.86839,26.75497],[80.86849,26.75513],[80.86924,26.75628],[80.86971,26.757],[80.86983,26.75721],[80.87004,26.75755],[80.87017,26.75775],[80.87032,26.75798],[80.87036,26.75804],[80.87153,26.75986],[80.87237,26.76117],[80.87244,26.76129],[80.87292,26.76207],[80.87339,26.7628],[80.87397,26.76376],[80.87439,26.76444],[80.87529,26.76592],[80.8756,26.76639],[80.87609,26.76719],[80.87664,26.76811],[80.87669,26.7682],[80.87681,26.76841],[80.87688,26.76852],[80.87705,26.76883],[80.8773,26.76926],[80.87758,26.76972],[80.87772,26.76995],[80.87774,26.76998],[80.87831,26.77091],[80.87882,26.77173],[80.87976,26.77327],[80.87981,26.77336],[80.87996,26.7736],[80.88001,26.77368]]}},{"type":"Feature","properties":{"name":"NH230","highway":"trunk","policy":""},"geometry":{"type":"LineString","coordinates":[[80.85804,26.85326],[80.85839,26.8538],[80.85897,26.85478],[80.85909,26.85497],[80.85982,26.85598],[80.85997,26.8562],[80.86068,26.85725],[80.8618,26.8589],[80.86199,26.85927],[80.86217,26.85983],[80.86224,26.86012]]}},{"type":"Feature","properties":{"name":"NH230","highway":"trunk","policy":""},"geometry":{"type":"LineString","coordinates":[[80.8624,26.86008],[80.86237,26.85991],[80.86234,26.8598],[80.86233,26.85975],[80.86219,26.85939],[80.86197,26.8589],[80.86112,26.85761],[80.86076,26.85709],[80.85955,26.85538],[80.8593,26.85501],[80.85914,26.85478],[80.85829,26.85342],[80.85816,26.85321]]}},{"type":"Feature","properties":{"name":"freight corridor","highway":"trunk","policy":""},"geometry":{"type":"LineString","coordinates":[[80.8932,26.79684],[80.8931,26.79688]]}},{"type":"Feature","properties":{"name":"Kanpur-Lucknow Road","highway":"trunk","policy":""},"geometry":{"type":"LineString","coordinates":[[80.89598,26.80178],[80.89583,26.8016],[80.89563,26.80138],[80.8956,26.80131]]}},{"type":"Feature","properties":{"name":"Kanpur-Lucknow Road","highway":"trunk","policy":""},"geometry":{"type":"LineString","coordinates":[[80.8956,26.80131],[80.89555,26.80122]]}},{"type":"Feature","properties":{"name":"freight corridor","highway":"trunk","policy":""},"geometry":{"type":"LineString","coordinates":[[80.93515,26.92928],[80.93504,26.92977],[80.93499,26.92998],[80.93487,26.9305],[80.9348,26.93086]]}},{"type":"Feature","properties":{"name":"Ring Road","highway":"trunk","policy":""},"geometry":{"type":"LineString","coordinates":[[80.98491,26.88595],[80.98351,26.88606],[80.9821,26.88617],[80.98157,26.8863],[80.97974,26.8868],[80.97929,26.88696],[80.97885,26.88719],[80.97848,26.88745],[80.97818,26.88772],[80.97791,26.88808],[80.97754,26.88864],[80.9774,26.88884]]}},{"type":"Feature","properties":{"name":"Ring Road","highway":"trunk","policy":""},"geometry":{"type":"LineString","coordinates":[[80.97749,26.88889],[80.97753,26.88883],[80.97783,26.88839],[80.97808,26.88802],[80.97833,26.88772],[80.97866,26.88743],[80.97898,26.88722],[80.97937,26.88703],[80.9798,26.8869],[80.9816,26.88641],[80.98193,26.88632],[80.98228,26.88628],[80.98352,26.88616],[80.98492,26.88606]]}},{"type":"Feature","properties":{"name":"Sitapur Road","highway":"trunk","policy":""},"geometry":{"type":"LineString","coordinates":[[80.93774,26.91928],[80.93773,26.91933],[80.93771,26.91947],[80.93767,26.91971],[80.93722,26.92151],[80.93696,26.92255],[80.93658,26.9241],[80.93657,26.92414],[80.93634,26.92507],[80.93623,26.92549],[80.93612,26.92591],[80.93599,26.92638]]}},{"type":"Feature","properties":{"name":"Bhitauli Flyover","highway":"trunk","policy":""},"geometry":{"type":"LineString","coordinates":[[80.93528,26.92932],[80.93517,26.92977],[80.93487,26.93096],[80.93483,26.93114],[80.93479,26.93131],[80.93465,26.93185],[80.93464,26.9319],[80.93406,26.93415],[80.93377,26.93537],[80.93368,26.93574],[80.93351,26.93645],[80.93316,26.93785],[80.9331,26.93809],[80.93276,26.93946],[80.93273,26.93958]]}},{"type":"Feature","properties":{"name":"Bhitauli Flyover","highway":"trunk","policy":""},"geometry":{"type":"LineString","coordinates":[[80.93282,26.9396],[80.93374,26.93591],[80.93473,26.93192],[80.93491,26.93117],[80.93496,26.93096],[80.93569,26.92803],[80.93606,26.92654]]}},{"type":"Feature","properties":{"name":"Ring Road","highway":"trunk","policy":""},"geometry":{"type":"LineString","coordinates":[[80.93796,26.91667],[80.93797,26.91691]]}},{"type":"Feature","properties":{"name":"Flyover","highway":"trunk","policy":""},"geometry":{"type":"LineString","coordinates":[[80.8905,26.80552],[80.88961,26.80661]]}},{"type":"Feature","properties":{"name":"Flyover","highway":"trunk","policy":""},"geometry":{"type":"LineString","coordinates":[[80.88971,26.80669],[80.8906,26.80556]]}},{"type":"Feature","properties":{"name":"Flyover","highway":"trunk","policy":""},"geometry":{"type":"LineString","coordinates":[[80.88677,26.8103],[80.88589,26.81141]]}},{"type":"Feature","properties":{"name":"Flyover","highway":"trunk","policy":""},"geometry":{"type":"LineString","coordinates":[[80.88602,26.81149],[80.88678,26.81052],[80.88688,26.81039]]}},{"type":"Feature","properties":{"name":"Ring Road","highway":"trunk","policy":""},"geometry":{"type":"LineString","coordinates":[[81.00002,26.87325],[81.00055,26.87327],[81.00242,26.87332]]}},{"type":"Feature","properties":{"name":"Faizabad Road","highway":"trunk","policy":""},"geometry":{"type":"LineString","coordinates":[[81.00242,26.87322],[81.00179,26.87319],[81.00122,26.87318],[81.00007,26.87314]]}},{"type":"Feature","properties":{"name":"Faizabad Road Flyover","highway":"trunk","policy":""},"geometry":{"type":"LineString","coordinates":[[81.02085,26.87412],[81.02065,26.8741]]}},{"type":"Feature","properties":{"name":"freight corridor","highway":"trunk","policy":""},"geometry":{"type":"LineString","coordinates":[[80.87323,26.82421],[80.87279,26.82438]]}},{"type":"Feature","properties":{"name":"Ring Road","highway":"trunk","policy":""},"geometry":{"type":"LineString","coordinates":[[80.96107,26.90476],[80.95959,26.90642],[80.95896,26.90712],[80.95862,26.90751],[80.95831,26.9078],[80.95778,26.90825],[80.95747,26.90847],[80.95713,26.90869]]}},{"type":"Feature","properties":{"name":"Ring Road","highway":"trunk","policy":""},"geometry":{"type":"LineString","coordinates":[[80.95719,26.90876],[80.95745,26.9086],[80.9577,26.90843],[80.95789,26.9083],[80.95815,26.90809],[80.9584,26.90786],[80.95863,26.90764],[80.95877,26.9075],[80.95911,26.90712],[80.96018,26.90589],[80.96123,26.90474]]}},{"type":"Feature","properties":{"name":"Ring Road","highway":"trunk","policy":""},"geometry":{"type":"LineString","coordinates":[[80.96113,26.90469],[80.96107,26.90476]]}},{"type":"Feature","properties":{"name":"Ring Road","highway":"trunk","policy":""},"geometry":{"type":"LineString","coordinates":[[80.96123,26.90474],[80.96133,26.90463]]}},{"type":"Feature","properties":{"name":"Ring Road","highway":"trunk","policy":""},"geometry":{"type":"LineString","coordinates":[[80.94509,26.91155],[80.94597,26.91139]]}},{"type":"Feature","properties":{"name":"Ring Road","highway":"trunk","policy":""},"geometry":{"type":"LineString","coordinates":[[80.94595,26.91129],[80.94587,26.9113],[80.94508,26.91145],[80.94479,26.91152],[80.94462,26.91157]]}},{"type":"Feature","properties":{"name":"Ring Road","highway":"trunk","policy":""},"geometry":{"type":"LineString","coordinates":[[80.94597,26.91139],[80.94607,26.91137],[80.94631,26.91131],[80.9476,26.91106],[80.94918,26.91072],[80.94984,26.91056],[80.94999,26.91053],[80.95009,26.9105]]}},{"type":"Feature","properties":{"name":"Ring Road","highway":"trunk","policy":""},"geometry":{"type":"LineString","coordinates":[[80.95006,26.9104],[80.94997,26.91042],[80.94923,26.9106],[80.94894,26.91067],[80.94758,26.91096],[80.94595,26.91129]]}},{"type":"Feature","properties":{"name":"Lucknow Outer Ring Road","highway":"motorway","policy":""},"geometry":{"type":"LineString","coordinates":[[81.04953,26.78156],[81.04879,26.78084],[81.0484,26.78054],[81.04797,26.78029],[81.0476,26.78011]]}},{"type":"Feature","properties":{"name":"Lucknow Outer Ring Road","highway":"motorway","policy":""},"geometry":{"type":"LineString","coordinates":[[81.05601,26.78874],[81.05575,26.78848],[81.05543,26.78813],[81.05489,26.78751],[81.05414,26.78662],[81.05397,26.78644],[81.05229,26.78452],[81.05104,26.78322],[81.04992,26.782],[81.04953,26.78156]]}},{"type":"Feature","properties":{"name":"Lucknow Outer Ring Road","highway":"motorway","policy":""},"geometry":{"type":"LineString","coordinates":[[81.04753,26.78025],[81.04804,26.78054],[81.04851,26.78085],[81.04874,26.78104],[81.04938,26.78165]]}},{"type":"Feature","properties":{"name":"Lucknow Outer Ring Road","highway":"motorway","policy":""},"geometry":{"type":"LineString","coordinates":[[81.04938,26.78165],[81.04981,26.78214],[81.05046,26.78281],[81.05073,26.78309],[81.05224,26.78467],[81.0555,26.78834],[81.05581,26.7887],[81.05595,26.78891],[81.05611,26.78922],[81.05618,26.78937],[81.05633,26.7897],[81.05645,26.79006]]}},{"type":"Feature","properties":{"name":"NH230","highway":"trunk","policy":""},"geometry":{"type":"LineString","coordinates":[[80.86509,26.88869],[80.86506,26.88863]]}},{"type":"Feature","properties":{"name":"Lucknow Outer Ring Road","highway":"motorway","policy":""},"geometry":{"type":"LineString","coordinates":[[81.0476,26.78011],[81.04701,26.77989],[81.04542,26.77948],[81.0447,26.77927],[81.04451,26.77919],[81.04434,26.77911],[81.04406,26.77895],[81.04394,26.77887],[81.04371,26.77872],[81.04353,26.77859],[81.04334,26.77839],[81.04291,26.77783],[81.04272,26.7775],[81.04207,26.77597],[81.04194,26.77567]]}},{"type":"Feature","properties":{"name":"Lucknow Outer Ring Road","highway":"motorway","policy":""},"geometry":{"type":"LineString","coordinates":[[81.04122,26.77581],[81.04171,26.77693],[81.04197,26.77739],[81.04231,26.77792],[81.04274,26.77842],[81.04289,26.77856],[81.04328,26.77884],[81.04406,26.77924],[81.04428,26.77934],[81.04448,26.77941],[81.0447,26.77948],[81.04499,26.77955],[81.04534,26.77962],[81.04669,26.77995],[81.04687,26.78],[81.04707,26.78007],[81.04753,26.78025]]}},{"type":"Feature","properties":{"name":"Lucknow Outer Ring Road","highway":"motorway","policy":""},"geometry":{"type":"LineString","coordinates":[[81.04044,26.77402],[81.041,26.77531],[81.04122,26.77581]]}},{"type":"Feature","properties":{"name":"Lucknow Outer Ring Road","highway":"motorway","policy":""},"geometry":{"type":"LineString","coordinates":[[81.04194,26.77567],[81.04182,26.77537],[81.04139,26.7742],[81.04126,26.77385]]}},{"type":"Feature","properties":{"name":"Lucknow Outer Ring Road","highway":"motorway","policy":""},"geometry":{"type":"LineString","coordinates":[[81.03747,26.76994],[81.03903,26.7717],[81.03928,26.772],[81.0395,26.7723],[81.03971,26.77262],[81.0399,26.7729],[81.04006,26.7732],[81.04044,26.77402]]}},{"type":"Feature","properties":{"name":"Lucknow Outer Ring Road","highway":"motorway","policy":""},"geometry":{"type":"LineString","coordinates":[[81.03701,26.76943],[81.03747,26.76994]]}},{"type":"Feature","properties":{"name":"Lucknow Outer Ring Road","highway":"motorway","policy":""},"geometry":{"type":"LineString","coordinates":[[81.04126,26.77385],[81.04105,26.77335],[81.04062,26.77251],[81.04018,26.7718],[81.03977,26.77125],[81.03926,26.77069],[81.0386,26.77006]]}},{"type":"Feature","properties":{"name":"Lucknow Outer Ring Road","highway":"motorway","policy":""},"geometry":{"type":"LineString","coordinates":[[81.0386,26.77006],[81.038,26.76949]]}},{"type":"Feature","properties":{"name":"Lucknow Outer Ring Road","highway":"motorway","policy":""},"geometry":{"type":"LineString","coordinates":[[81.03076,26.76279],[81.03113,26.76323],[81.03146,26.76361],[81.03189,26.76407],[81.03269,26.76487],[81.03309,26.76527],[81.0337,26.76591],[81.03418,26.76642],[81.03458,26.76687],[81.03541,26.76778],[81.03701,26.76943]]}},{"type":"Feature","properties":{"name":"Lucknow Outer Ring Road","highway":"trunk","policy":""},"geometry":{"type":"LineString","coordinates":[[81.03053,26.76249],[81.03076,26.76279]]}},{"type":"Feature","properties":{"name":"Lucknow Outer Ring Road","highway":"motorway","policy":""},"geometry":{"type":"LineString","coordinates":[[81.038,26.76949],[81.03708,26.7686],[81.03672,26.76827],[81.03483,26.76659],[81.03328,26.76508],[81.0329,26.7647],[81.03183,26.76364],[81.03114,26.76283],[81.03097,26.76262]]}},{"type":"Feature","properties":{"name":"Lucknow Outer Ring Road","highway":"trunk","policy":""},"geometry":{"type":"LineString","coordinates":[[81.03097,26.76262],[81.03071,26.76229]]}},{"type":"Feature","properties":{"name":"Lucknow Outer Ring Road","highway":"motorway","policy":""},"geometry":{"type":"LineString","coordinates":[[81.0279,26.75889],[81.03053,26.76249]]}},{"type":"Feature","properties":{"name":"Lucknow Outer Ring Road","highway":"motorway","policy":""},"geometry":{"type":"LineString","coordinates":[[81.03071,26.76229],[81.03052,26.76204],[81.02974,26.7608],[81.02848,26.75874]]}},{"type":"Feature","properties":{"name":"Lucknow Outer Ring Road","highway":"motorway","policy":""},"geometry":{"type":"LineString","coordinates":[[81.02429,26.75412],[81.02463,26.75444],[81.02502,26.75486],[81.02516,26.75502],[81.02528,26.75517],[81.02575,26.75581],[81.02623,26.75649],[81.02663,26.75704],[81.02681,26.75729],[81.02738,26.75811],[81.0279,26.75889]]}},{"type":"Feature","properties":{"name":"Lucknow Outer Ring Road","highway":"motorway","policy":""},"geometry":{"type":"LineString","coordinates":[[81.02848,26.75874],[81.02727,26.75674],[81.02712,26.75651],[81.02685,26.7561],[81.02629,26.75531],[81.02606,26.75504],[81.02592,26.75488],[81.02562,26.75456],[81.02503,26.75396],[81.02474,26.75368]]}},{"type":"Feature","properties":{"name":"Lucknow Outer Ring Road","highway":"motorway","policy":""},"geometry":{"type":"LineString","coordinates":[[81.02474,26.75368],[81.0245,26.75346],[81.02436,26.75334],[81.02411,26.75313]]}},{"type":"Feature","properties":{"name":"Lucknow Outer Ring Road","highway":"motorway","policy":""},"geometry":{"type":"LineString","coordinates":[[81.02354,26.75351],[81.02385,26.75374],[81.02429,26.75412]]}},{"type":"Feature","properties":{"name":"Lucknow Outer Ring Road","highway":"motorway","policy":""},"geometry":{"type":"LineString","coordinates":[[81.02089,26.75178],[81.02248,26.75279],[81.02265,26.75291],[81.02354,26.75351]]}},{"type":"Feature","properties":{"name":"Lucknow Outer Ring Road","highway":"motorway","policy":""},"geometry":{"type":"LineString","coordinates":[[81.02411,26.75313],[81.02392,26.75297],[81.02369,26.7528],[81.02343,26.75262],[81.02316,26.75245],[81.02214,26.75181],[81.02166,26.7515],[81.02111,26.75114]]}},{"type":"Feature","properties":{"name":"Lucknow Outer Ring Road","highway":"motorway","policy":""},"geometry":{"type":"LineString","coordinates":[[81.00529,26.74118],[81.00573,26.74154],[81.00723,26.74283],[81.00809,26.74351],[81.00916,26.74426],[81.00961,26.74458],[81.01097,26.74543],[81.01244,26.74637],[81.01322,26.74686],[81.01348,26.74701],[81.01864,26.75021],[81.01883,26.75035],[81.02089,26.75178]]}},{"type":"Feature","properties":{"name":"Lucknow Outer Ring Road","highway":"motorway","policy":""},"geometry":{"type":"LineString","coordinates":[[81.02111,26.75114],[81.02093,26.75102],[81.01928,26.7499],[81.01655,26.74805],[81.01472,26.74668],[81.01315,26.74545],[81.01187,26.74457],[81.01126,26.74419],[81.01003,26.74342],[81.00922,26.74292],[81.0081,26.74218],[81.00578,26.74058]]}},{"type":"Feature","properties":{"name":"Faizabad Road","highway":"trunk","policy":""},"geometry":{"type":"LineString","coordinates":[[81.02065,26.8741],[81.02055,26.87409]]}},{"type":"Feature","properties":{"name":"Matiyari Flyover","highway":"trunk","policy":""},"geometry":{"type":"LineString","coordinates":[[81.04458,26.88323],[81.04394,26.88291]]}},{"type":"Feature","properties":{"name":"NH230","highway":"trunk","policy":""},"geometry":{"type":"LineString","coordinates":[[80.89515,26.80242],[80.89539,26.80233],[80.89578,26.80217]]}},{"type":"Feature","properties":{"name":"NH230","highway":"trunk","policy":""},"geometry":{"type":"LineString","coordinates":[[80.89071,26.80541],[80.89086,26.80524],[80.89123,26.80482],[80.89169,26.8044],[80.89176,26.80435],[80.89208,26.80408],[80.89228,26.80393]]}},{"type":"Feature","properties":{"name":"Hardoi Road","highway":"trunk","policy":""},"geometry":{"type":"LineString","coordinates":[[80.8645,26.87458],[80.8646,26.87456]]}},{"type":"Feature","properties":{"name":"freight corridor","highway":"trunk","policy":""},"geometry":{"type":"LineString","coordinates":[[80.93599,26.92638],[80.93588,26.92646],[80.93574,26.92696],[80.93551,26.92789],[80.93531,26.9287]]}},{"type":"Feature","properties":{"name":"Bhitauli Flyover","highway":"trunk","policy":""},"geometry":{"type":"LineString","coordinates":[[80.93596,26.92652],[80.93542,26.92874],[80.93537,26.92895],[80.93528,26.92932]]}},{"type":"Feature","properties":{"name":"freight corridor","highway":"trunk","policy":""},"geometry":{"type":"LineString","coordinates":[[80.93275,26.93989],[80.9329,26.93968],[80.93301,26.93925],[80.93323,26.93845],[80.93348,26.93744],[80.93377,26.93622],[80.93387,26.9359],[80.9339,26.93579],[80.93394,26.9356],[80.93413,26.93476],[80.93437,26.9338],[80.93459,26.93285],[80.9348,26.932],[80.93502,26.93114],[80.93502,26.93111],[80.93504,26.93103],[80.93526,26.93018],[80.93547,26.92936],[80.93568,26.92855],[80.93587,26.92779],[80.93608,26.92692],[80.9362,26.92624],[80.93617,26.92612]]}},{"type":"Feature","properties":{"name":"freight corridor","highway":"trunk","policy":""},"geometry":{"type":"LineString","coordinates":[[80.93531,26.9287],[80.93515,26.92928]]}},{"type":"Feature","properties":{"name":"Bhitauli Flyover","highway":"trunk","policy":""},"geometry":{"type":"LineString","coordinates":[[80.93599,26.92638],[80.93596,26.92652]]}},{"type":"Feature","properties":{"name":"freight corridor","highway":"trunk","policy":""},"geometry":{"type":"LineString","coordinates":[[80.9348,26.93086],[80.93477,26.931],[80.93475,26.93107],[80.93472,26.93119],[80.93469,26.93132],[80.93462,26.9316],[80.93455,26.93184],[80.93432,26.9327],[80.93408,26.93371],[80.93396,26.93416],[80.93387,26.93453],[80.93367,26.93535],[80.93362,26.93556],[80.93358,26.93573],[80.93355,26.93584],[80.93342,26.93635],[80.9334,26.93643],[80.93315,26.93744],[80.93306,26.93783],[80.93287,26.93864],[80.93266,26.93946],[80.93265,26.93951],[80.93266,26.93968],[80.93269,26.93976]]}},{"type":"Feature","properties":{"name":"Sitapur Road","highway":"trunk","policy":""},"geometry":{"type":"LineString","coordinates":[[80.93269,26.93976],[80.93232,26.94122],[80.93209,26.94215],[80.93171,26.94368]]}},{"type":"Feature","properties":{"name":"Flyover","highway":"trunk","policy":""},"geometry":{"type":"LineString","coordinates":[[80.85154,26.8417],[80.85146,26.84188],[80.85142,26.84206],[80.8514,26.84232],[80.85142,26.84251],[80.85147,26.84268],[80.85161,26.84297]]}},{"type":"Feature","properties":{"name":"Flyover","highway":"trunk","policy":""},"geometry":{"type":"LineString","coordinates":[[80.85174,26.84296],[80.85163,26.84275],[80.85155,26.84251],[80.85152,26.84229],[80.85154,26.84212],[80.85158,26.84197],[80.85168,26.84175]]}},{"type":"Feature","properties":{"name":"Shaheed Path","highway":"trunk","policy":""},"geometry":{"type":"LineString","coordinates":[[81.01222,26.83831],[81.01184,26.83867],[81.01128,26.83929],[81.01079,26.83998]]}},{"type":"Feature","properties":{"name":"Shaheed Path","highway":"trunk","policy":""},"geometry":{"type":"LineString","coordinates":[[81.01091,26.84004],[81.01138,26.8394],[81.01194,26.8388],[81.01234,26.83842]]}},{"type":"Feature","properties":{"name":"Bhitauli Flyover","highway":"trunk","policy":""},"geometry":{"type":"LineString","coordinates":[[80.93273,26.93958],[80.93269,26.93976]]}},{"type":"Feature","properties":{"name":"Bhitauli Flyover","highway":"trunk","policy":""},"geometry":{"type":"LineString","coordinates":[[80.93275,26.93989],[80.93282,26.9396]]}},{"type":"Feature","properties":{"name":"Bhitauli Flyover","highway":"trunk","policy":""},"geometry":{"type":"LineString","coordinates":[[80.93606,26.92654],[80.93617,26.92612]]}},{"type":"Feature","properties":{"name":"Ring Road Flyover","highway":"trunk","policy":""},"geometry":{"type":"LineString","coordinates":[[80.93805,26.91491],[80.938,26.91418],[80.93803,26.91391],[80.93813,26.91368],[80.93826,26.91348],[80.93848,26.91328],[80.93871,26.91318],[80.93907,26.91312],[80.93913,26.91311]]}},{"type":"Feature","properties":{"name":"Ring Road","highway":"trunk","policy":""},"geometry":{"type":"LineString","coordinates":[[80.94273,26.91201],[80.94437,26.91175],[80.94463,26.91169],[80.94481,26.91163],[80.94509,26.91155]]}},{"type":"Feature","properties":{"name":"Ring Road","highway":"trunk","policy":""},"geometry":{"type":"LineString","coordinates":[[80.94367,26.91175],[80.94325,26.91182]]}},{"type":"Feature","properties":{"name":"Lalabagh Railway Crossing Flyover","highway":"trunk","policy":""},"geometry":{"type":"LineString","coordinates":[[80.85443,26.84732],[80.85431,26.84713]]}},{"type":"Feature","properties":{"name":"Lalabagh Railway Crossing Flyover","highway":"trunk","policy":""},"geometry":{"type":"LineString","coordinates":[[80.8542,26.84718],[80.85433,26.84738]]}},{"type":"Feature","properties":{"name":"Lalabagh Railway Crossing Flyover","highway":"trunk","policy":""},"geometry":{"type":"LineString","coordinates":[[80.85816,26.85321],[80.85805,26.85304]]}},{"type":"Feature","properties":{"name":"Lalabagh Railway Crossing Flyover","highway":"trunk","policy":""},"geometry":{"type":"LineString","coordinates":[[80.85795,26.85311],[80.85804,26.85326]]}},{"type":"Feature","properties":{"name":"Shaheed Path","highway":"trunk","policy":""},"geometry":{"type":"LineString","coordinates":[[80.8995,26.77185],[80.8987,26.77218],[80.8984,26.77227]]}},{"type":"Feature","properties":{"name":"Shaheed Path","highway":"trunk","policy":""},"geometry":{"type":"LineString","coordinates":[[80.89848,26.77242],[80.89924,26.77209],[80.89954,26.77197]]}},{"type":"Feature","properties":{"name":"Flyover","highway":"trunk","policy":""},"geometry":{"type":"LineString","coordinates":[[80.89063,26.80536],[80.8905,26.80552]]}},{"type":"Feature","properties":{"name":"Flyover","highway":"trunk","policy":""},"geometry":{"type":"LineString","coordinates":[[80.8906,26.80556],[80.89071,26.80541]]}},{"type":"Feature","properties":{"name":"Flyover","highway":"trunk","policy":""},"geometry":{"type":"LineString","coordinates":[[80.88589,26.81141],[80.88578,26.81155]]}},{"type":"Feature","properties":{"name":"Flyover","highway":"trunk","policy":""},"geometry":{"type":"LineString","coordinates":[[80.88591,26.81163],[80.88602,26.81149]]}},{"type":"Feature","properties":{"name":"Flyover","highway":"trunk","policy":""},"geometry":{"type":"LineString","coordinates":[[80.88234,26.816],[80.88219,26.81618],[80.88109,26.81778]]}},{"type":"Feature","properties":{"name":"NH230","highway":"trunk","policy":""},"geometry":{"type":"LineString","coordinates":[[80.88541,26.81227],[80.88591,26.81163]]}},{"type":"Feature","properties":{"name":"Flyover","highway":"trunk","policy":""},"geometry":{"type":"LineString","coordinates":[[80.87649,26.82264],[80.87703,26.82231],[80.87798,26.82158]]}},{"type":"Feature","properties":{"name":"Flyover","highway":"trunk","policy":""},"geometry":{"type":"LineString","coordinates":[[80.87788,26.82152],[80.87683,26.8223]]}},{"type":"Feature","properties":{"name":"Flyover","highway":"trunk","policy":""},"geometry":{"type":"LineString","coordinates":[[80.87683,26.8223],[80.8764,26.82254]]}},{"type":"Feature","properties":{"name":"Flyover","highway":"trunk","policy":""},"geometry":{"type":"LineString","coordinates":[[80.87591,26.82296],[80.87649,26.82264]]}},{"type":"Feature","properties":{"name":"Flyover","highway":"trunk","policy":""},"geometry":{"type":"LineString","coordinates":[[80.85161,26.84297],[80.85162,26.84298],[80.85189,26.84346],[80.85202,26.84366]]}},{"type":"Feature","properties":{"name":"Flyover","highway":"trunk","policy":""},"geometry":{"type":"LineString","coordinates":[[80.85211,26.84361],[80.852,26.84343],[80.85174,26.84296]]}},{"type":"Feature","properties":{"name":"Flyover","highway":"trunk","policy":""},"geometry":{"type":"LineString","coordinates":[[80.85275,26.83961],[80.85443,26.83653],[80.85471,26.83611]]}},{"type":"Feature","properties":{"name":"Flyover","highway":"trunk","policy":""},"geometry":{"type":"LineString","coordinates":[[80.8555,26.83506],[80.85503,26.83548],[80.85464,26.83593],[80.85428,26.83649],[80.85262,26.83957]]}},{"type":"Feature","properties":{"name":"Ahimamau Flyover","highway":"trunk","policy":""},"geometry":{"type":"LineString","coordinates":[[81.00249,26.79949],[81.00271,26.79976]]}},{"type":"Feature","properties":{"name":"Ahimamau Flyover","highway":"trunk","policy":""},"geometry":{"type":"LineString","coordinates":[[81.0028,26.79969],[81.00259,26.79941]]}},{"type":"Feature","properties":{"name":"Ahimamau Flyover","highway":"trunk","policy":""},"geometry":{"type":"LineString","coordinates":[[81.00636,26.80421],[81.00657,26.80446]]}},{"type":"Feature","properties":{"name":"Ahimamau Flyover","highway":"trunk","policy":""},"geometry":{"type":"LineString","coordinates":[[81.00669,26.80443],[81.00646,26.80417]]}},{"type":"Feature","properties":{"name":"Shaheed Path Flyover","highway":"trunk","policy":""},"geometry":{"type":"LineString","coordinates":[[80.97157,26.77183],[80.9713,26.77181]]}},{"type":"Feature","properties":{"name":"Shaheed Path Flyover","highway":"trunk","policy":""},"geometry":{"type":"LineString","coordinates":[[80.97142,26.77194],[80.97157,26.77195]]}},{"type":"Feature","properties":{"name":"Shaheed Path Flyover","highway":"trunk","policy":""},"geometry":{"type":"LineString","coordinates":[[80.97512,26.77247],[80.97542,26.77262]]}},{"type":"Feature","properties":{"name":"Shaheed Path Flyover","highway":"trunk","policy":""},"geometry":{"type":"LineString","coordinates":[[80.97522,26.77241],[80.97508,26.77235]]}},{"type":"Feature","properties":{"name":"Polytechnic Flyover","highway":"trunk","policy":""},"geometry":{"type":"LineString","coordinates":[[80.99581,26.8761],[80.99583,26.87658]]}},{"type":"Feature","properties":{"name":"Polytechnic Flyover","highway":"trunk","policy":""},"geometry":{"type":"LineString","coordinates":[[80.99961,26.87323],[81.00002,26.87325]]}},{"type":"Feature","properties":{"name":"Polytechnic Flyover","highway":"trunk","policy":""},"geometry":{"type":"LineString","coordinates":[[81.00007,26.87314],[80.99962,26.87313]]}},{"type":"Feature","properties":{"name":"Faizabad Road Flyover","highway":"trunk","policy":""},"geometry":{"type":"LineString","coordinates":[[81.01085,26.8736],[81.01057,26.87358]]}},{"type":"Feature","properties":{"name":"Faizabad Road Flyover","highway":"trunk","policy":""},"geometry":{"type":"LineString","coordinates":[[81.02055,26.87409],[81.0203,26.87407]]}},{"type":"Feature","properties":{"name":"Faizabad Road Flyover","highway":"trunk","policy":""},"geometry":{"type":"LineString","coordinates":[[81.03168,26.87694],[81.03153,26.87686]]}},{"type":"Feature","properties":{"name":"Matiyari Flyover","highway":"trunk","policy":""},"geometry":{"type":"LineString","coordinates":[[81.03611,26.87924],[81.03572,26.87904]]}},{"type":"Feature","properties":{"name":"Matiyari Flyover","highway":"trunk","policy":""},"geometry":{"type":"LineString","coordinates":[[81.04388,26.88298],[81.04406,26.88306]]}},{"type":"Feature","properties":{"name":"Matiyari Flyover","highway":"trunk","policy":""},"geometry":{"type":"LineString","coordinates":[[81.03596,26.87924],[81.03608,26.8793]]}},{"type":"Feature","properties":{"name":"Shaheed Path Flyover","highway":"trunk","policy":""},"geometry":{"type":"LineString","coordinates":[[81.01173,26.862],[81.01164,26.86169]]}},{"type":"Feature","properties":{"name":"Shaheed Path Flyover","highway":"trunk","policy":""},"geometry":{"type":"LineString","coordinates":[[81.01153,26.86172],[81.01163,26.86202]]}},{"type":"Feature","properties":{"name":"\u092e\u0902\u0924\u094d\u0924\u0940 \u0906\u0935\u093e\u0938 \u0930\u094b\u0921","highway":"trunk","policy":""},"geometry":{"type":"LineString","coordinates":[[81.02065,26.8741],[81.02063,26.87398]]}},{"type":"Feature","properties":{"name":"Ring Road","highway":"trunk","policy":""},"geometry":{"type":"LineString","coordinates":[[80.96539,26.90031],[80.96507,26.90063],[80.96475,26.90095],[80.96391,26.90181],[80.96165,26.90412],[80.96113,26.90469]]}},{"type":"Feature","properties":{"name":"Ring Road","highway":"trunk","policy":""},"geometry":{"type":"LineString","coordinates":[[80.96133,26.90463],[80.96174,26.90418],[80.96487,26.90097],[80.96491,26.90093],[80.96516,26.90067],[80.96547,26.90036]]}},{"type":"Feature","properties":{"name":"Munshipulia","highway":"trunk","policy":""},"geometry":{"type":"LineString","coordinates":[[80.99572,26.88535],[80.99575,26.88536],[80.9958,26.88537],[80.99585,26.88537],[80.99592,26.88535],[80.99597,26.88532],[80.99601,26.88527],[80.99601,26.88526],[80.99603,26.8852],[80.99603,26.88513],[80.99601,26.88509],[80.99598,26.88506],[80.99596,26.88504],[80.99591,26.88501]]}},{"type":"Feature","properties":{"name":"Ring Road","highway":"trunk","policy":""},"geometry":{"type":"LineString","coordinates":[[80.99583,26.8766],[80.99583,26.87662],[80.9958,26.87699]]}},{"type":"Feature","properties":{"name":"Ring Road","highway":"trunk","policy":""},"geometry":{"type":"LineString","coordinates":[[80.99583,26.87658],[80.99583,26.8766]]}},{"type":"Feature","properties":{"name":"Ring Road","highway":"trunk","policy":""},"geometry":{"type":"LineString","coordinates":[[80.93807,26.91513],[80.93806,26.91496],[80.93805,26.91491]]}},{"type":"Feature","properties":{"name":"Ring Road","highway":"trunk","policy":""},"geometry":{"type":"LineString","coordinates":[[80.97437,26.89209],[80.97467,26.8918]]}},{"type":"Feature","properties":{"name":"Ring Road","highway":"trunk","policy":""},"geometry":{"type":"LineString","coordinates":[[80.97458,26.89176],[80.9743,26.89202]]}},{"type":"Feature","properties":{"name":"Shaheed Path","highway":"trunk","policy":""},"geometry":{"type":"LineString","coordinates":[[81.0134,26.81189],[81.01395,26.81261],[81.01412,26.81286],[81.01426,26.81312],[81.01434,26.81328],[81.01439,26.8134],[81.01446,26.81364],[81.0145,26.81379],[81.01452,26.81386],[81.01454,26.81411],[81.01457,26.81436],[81.01456,26.81467],[81.01452,26.81497],[81.01429,26.81574],[81.01424,26.8159]]}},{"type":"Feature","properties":{"name":"Shaheed Path","highway":"trunk","policy":""},"geometry":{"type":"LineString","coordinates":[[81.01331,26.81178],[81.0134,26.81189]]}},{"type":"Feature","properties":{"name":"Shaheed Path","highway":"trunk","policy":""},"geometry":{"type":"LineString","coordinates":[[81.01436,26.81594],[81.01447,26.81559],[81.01465,26.815],[81.01467,26.81484],[81.01468,26.81468],[81.01469,26.81435],[81.01469,26.81422],[81.01466,26.81397],[81.01462,26.81378],[81.01457,26.81355],[81.0145,26.81332],[81.01445,26.81324],[81.0143,26.81292],[81.01424,26.81283],[81.01417,26.81272],[81.01404,26.81253],[81.01351,26.81183]]}},{"type":"Feature","properties":{"name":"Shaheed Path","highway":"trunk","policy":""},"geometry":{"type":"LineString","coordinates":[[81.01351,26.81183],[81.01343,26.81172]]}},{"type":"Feature","properties":{"name":"Ring Road","highway":"trunk","policy":""},"geometry":{"type":"LineString","coordinates":[[80.98492,26.88606],[80.98499,26.88605]]}},{"type":"Feature","properties":{"name":"Kanpur-Lucknow Road","highway":"trunk","policy":""},"geometry":{"type":"LineString","coordinates":[[80.89401,26.79832],[80.89344,26.79729],[80.89323,26.79688],[80.8932,26.79684],[80.89275,26.79605],[80.89255,26.79567],[80.89213,26.79493],[80.89197,26.79465],[80.89181,26.79438],[80.89073,26.79245],[80.89068,26.79236],[80.89044,26.79191],[80.88957,26.79029],[80.88907,26.7894],[80.8887,26.78873],[80.88742,26.78636],[80.88693,26.78551],[80.88657,26.78488],[80.88575,26.78329],[80.88543,26.78271],[80.88434,26.78068],[80.88431,26.78063],[80.88405,26.78016],[80.88384,26.7798],[80.88304,26.77838],[80.88255,26.77757],[80.88238,26.77732],[80.8823,26.7772],[80.88223,26.77709]]}},{"type":"Feature","properties":{"name":"Kanpur-Lucknow Road","highway":"trunk","policy":""},"geometry":{"type":"LineString","coordinates":[[80.89416,26.79885],[80.89453,26.79951],[80.89488,26.80019],[80.89492,26.80027],[80.89503,26.80048],[80.89534,26.80109],[80.89547,26.80133],[80.89551,26.80141],[80.89551,26.80142],[80.89557,26.80156],[80.89563,26.80168],[80.89568,26.80184]]}},{"type":"Feature","properties":{"name":"Kanpur-Lucknow Road","highway":"trunk","policy":""},"geometry":{"type":"LineString","coordinates":[[80.89391,26.79837],[80.89416,26.79885]]}},{"type":"Feature","properties":{"name":"\u091f\u0947\u0922\u093c\u0940 \u092a\u0941\u0932\u093f\u092f\u093e \u091a\u094c\u0930\u093e\u0939\u093e","highway":"trunk","policy":""},"geometry":{"type":"LineString","coordinates":[[80.95679,26.90899],[80.95681,26.90899],[80.95682,26.90899],[80.95686,26.90899],[80.95689,26.90898],[80.95692,26.90896],[80.95694,26.90893],[80.95695,26.90891],[80.95696,26.90889]]}},{"type":"Feature","properties":{"name":"\u091f\u0947\u0922\u093c\u0940 \u092a\u0941\u0932\u093f\u092f\u093e \u091a\u094c\u0930\u093e\u0939\u093e","highway":"trunk","policy":""},"geometry":{"type":"LineString","coordinates":[[80.95696,26.90889],[80.95696,26.90885],[80.95694,26.90881],[80.95691,26.90878]]}},{"type":"Feature","properties":{"name":"\u091f\u0947\u0922\u093c\u0940 \u092a\u0941\u0932\u093f\u092f\u093e \u091a\u094c\u0930\u093e\u0939\u093e","highway":"trunk","policy":""},"geometry":{"type":"LineString","coordinates":[[80.95671,26.90884],[80.9567,26.90887],[80.95671,26.9089],[80.95672,26.90893],[80.95674,26.90895],[80.95676,26.90897],[80.95679,26.90899]]}},{"type":"Feature","properties":{"name":"\u091f\u0947\u0922\u093c\u0940 \u092a\u0941\u0932\u093f\u092f\u093e \u091a\u094c\u0930\u093e\u0939\u093e","highway":"trunk","policy":""},"geometry":{"type":"LineString","coordinates":[[80.95691,26.90878],[80.95688,26.90877]]}},{"type":"Feature","properties":{"name":"Ring Road","highway":"trunk","policy":""},"geometry":{"type":"LineString","coordinates":[[80.94462,26.91157],[80.94367,26.91175]]}}]}