{"type":"FeatureCollection","features":[{"type":"Feature","properties":{"name":"Sion Panvel Highway","highway":"motorway","policy":"day-time heavy-vehicle bans on select roads (MTP)"},"geometry":{"type":"LineString","coordinates":[[72.95358,19.05729],[72.9569,19.05848],[72.95714,19.05855],[72.95742,19.05864],[72.95791,19.05875],[72.95853,19.05888],[72.95914,19.05901],[72.95958,19.05911],[72.96023,19.05927],[72.96108,19.05947]]}},{"type":"Feature","properties":{"name":"Sion Panvel Highway","highway":"trunk","policy":"day-time heavy-vehicle bans on select roads (MTP)"},"geometry":{"type":"LineString","coordinates":[[72.93333,19.05003],[72.93345,19.05007],[72.93375,19.05017]]}},{"type":"Feature","properties":{"name":"freight corridor","highway":"trunk","policy":"day-time heavy-vehicle bans on select roads (MTP)"},"geometry":{"type":"LineString","coordinates":[[72.90897,19.0463],[72.90905,19.04633],[72.90914,19.04633],[72.90923,19.04632],[72.90931,19.04628],[72.90935,19.04625],[72.90937,19.04623],[72.90942,19.04619],[72.90945,19.0461],[72.90946,19.04609]]}},{"type":"Feature","properties":{"name":"Sion Flyover","highway":"trunk","policy":"day-time heavy-vehicle bans on select roads (MTP)"},"geometry":{"type":"LineString","coordinates":[[72.86653,19.04713],[72.86596,19.04655],[72.86561,19.04619],[72.86547,19.04603],[72.86518,19.04564],[72.86496,19.04533],[72.86467,19.04474],[72.86452,19.04439],[72.86402,19.04298],[72.8638,19.04251],[72.86355,19.04209],[72.86318,19.04155],[72.8626,19.04074],[72.86225,19.04018]]}},{"type":"Feature","properties":{"name":"Khodadad Circle","highway":"trunk","policy":"day-time heavy-vehicle bans on select roads (MTP)"},"geometry":{"type":"LineString","coordinates":[[72.84818,19.01795],[72.8482,19.01788],[72.84821,19.01781],[72.84821,19.01774],[72.84819,19.01767]]}},{"type":"Feature","properties":{"name":"King's Circle","highway":"trunk","policy":"day-time heavy-vehicle bans on select roads (MTP)"},"geometry":{"type":"LineString","coordinates":[[72.85483,19.02667],[72.85479,19.02686],[72.85482,19.02705],[72.85484,19.02708],[72.85489,19.02718],[72.85497,19.02727],[72.8551,19.02737],[72.85525,19.02742]]}},{"type":"Feature","properties":{"name":"Kalina-Vakola Flyover","highway":"motorway","policy":"day-time heavy-vehicle bans on select roads (MTP)"},"geometry":{"type":"LineString","coordinates":[[72.84667,19.07168],[72.84669,19.0735],[72.84676,19.07552],[72.84681,19.07755],[72.84681,19.07781],[72.84682,19.07807],[72.84682,19.07827],[72.84684,19.07881],[72.84689,19.08]]}},{"type":"Feature","properties":{"name":"Western Express Highway","highway":"motorway","policy":"day-time heavy-vehicle bans on select roads (MTP)"},"geometry":{"type":"LineString","coordinates":[[72.84513,19.05262],[72.84465,19.05236]]}},{"type":"Feature","properties":{"name":"Service Road","highway":"trunk","policy":"day-time heavy-vehicle bans on select roads (MTP)"},"geometry":{"type":"LineString","coordinates":[[72.84668,19.08047],[72.84666,19.08057],[72.84663,19.08072],[72.84654,19.08118],[72.84653,19.08122],[72.84644,19.08173],[72.84641,19.08187],[72.84629,19.08261]]}},{"type":"Feature","properties":{"name":"Western Express Highway","highway":"motorway","policy":"day-time heavy-vehicle bans on select roads (MTP)"},"geometry":{"type":"LineString","coordinates":[[72.84167,19.05116],[72.8409,19.05084],[72.84067,19.05075]]}},{"type":"Feature","properties":{"name":"Rajiv Gandhi Sea Link","highway":"motorway","policy":"day-time heavy-vehicle bans on select roads (MTP)"},"geometry":{"type":"LineString","coordinates":[[72.82759,19.0446],[72.82596,19.04381]]}},{"type":"Feature","properties":{"name":"Sion Panvel Highway","highway":"trunk","policy":"day-time heavy-vehicle bans on select roads (MTP)"},"geometry":{"type":"LineString","coordinates":[[72.89409,19.05402],[72.89395,19.05402],[72.89358,19.05402],[72.8933,19.05401],[72.89298,19.05402],[72.89261,19.05403],[72.89238,19.05403],[72.89229,19.05403],[72.89124,19.05404],[72.88982,19.05398],[72.88949,19.05396],[72.88938,19.05395]]}},{"type":"Feature","properties":{"name":"Airport Flyover","highway":"motorway","policy":"day-time heavy-vehicle bans on select roads (MTP)"},"geometry":{"type":"LineString","coordinates":[[72.85392,19.09893],[72.85347,19.09775],[72.85304,19.09647],[72.85286,19.09598],[72.85275,19.09563],[72.85257,19.09518],[72.85236,19.09475],[72.85205,19.09431],[72.85173,19.09394],[72.85133,19.09354],[72.85094,19.09323],[72.85059,19.09301],[72.85051,19.09297]]}},{"type":"Feature","properties":{"name":"Kalina-Vakola Flyover","highway":"motorway","policy":"day-time heavy-vehicle bans on select roads (MTP)"},"geometry":{"type":"LineString","coordinates":[[72.847,19.07999],[72.84699,19.07981],[72.84694,19.07822],[72.84692,19.07693],[72.84687,19.07489],[72.84681,19.07167]]}},{"type":"Feature","properties":{"name":"Airport Flyover","highway":"motorway","policy":"day-time heavy-vehicle bans on select roads (MTP)"},"geometry":{"type":"LineString","coordinates":[[72.85065,19.09322],[72.85076,19.09328],[72.85089,19.09337],[72.85125,19.09365],[72.85163,19.09401],[72.85194,19.09436],[72.85223,19.0948],[72.85244,19.09523],[72.85262,19.09566],[72.85274,19.09601],[72.85292,19.09656],[72.85336,19.09779],[72.85382,19.09898]]}},{"type":"Feature","properties":{"name":"Western Express Highway","highway":"trunk","policy":"day-time heavy-vehicle bans on select roads (MTP)"},"geometry":{"type":"LineString","coordinates":[[72.85531,19.13088],[72.85532,19.13045],[72.85537,19.12914],[72.85538,19.1286],[72.85538,19.12786],[72.85541,19.12747],[72.85542,19.12729],[72.85549,19.12688],[72.85554,19.12668],[72.85565,19.12642],[72.85577,19.12621],[72.85628,19.12548]]}},{"type":"Feature","properties":{"name":"Western Express Highway","highway":"motorway","policy":"day-time heavy-vehicle bans on select roads (MTP)"},"geometry":{"type":"LineString","coordinates":[[72.84646,19.05757],[72.84644,19.05797]]}},{"type":"Feature","properties":{"name":"Rajiv Gandhi Sea Link","highway":"motorway","policy":"day-time heavy-vehicle bans on select roads (MTP)"},"geometry":{"type":"LineString","coordinates":[[72.82331,19.04289],[72.82439,19.04332],[72.82459,19.04342]]}},{"type":"Feature","properties":{"name":"Western Freeway","highway":"motorway","policy":"day-time heavy-vehicle bans on select roads (MTP)"},"geometry":{"type":"LineString","coordinates":[[72.82932,19.0464],[72.83021,19.04734],[72.83217,19.0494],[72.83239,19.04959],[72.83263,19.04974],[72.83294,19.04991],[72.83325,19.05002],[72.83348,19.05007],[72.83354,19.05008],[72.83372,19.0501],[72.83394,19.05011],[72.83438,19.05008],[72.8348,19.05005]]}},{"type":"Feature","properties":{"name":"Western Express Highway","highway":"motorway","policy":"day-time heavy-vehicle bans on select roads (MTP)"},"geometry":{"type":"LineString","coordinates":[[72.84235,19.05143],[72.84167,19.05116]]}},{"type":"Feature","properties":{"name":"Western Express Highway","highway":"motorway","policy":"day-time heavy-vehicle bans on select roads (MTP)"},"geometry":{"type":"LineString","coordinates":[[72.84154,19.05137],[72.84224,19.05164]]}},{"type":"Feature","properties":{"name":"Western Express Highway","highway":"motorway","policy":"day-time heavy-vehicle bans on select roads (MTP)"},"geometry":{"type":"LineString","coordinates":[[72.84224,19.05164],[72.84282,19.05189],[72.8435,19.0521],[72.84457,19.05253]]}},{"type":"Feature","properties":{"name":"Western Express Highway","highway":"motorway","policy":"day-time heavy-vehicle bans on select roads (MTP)"},"geometry":{"type":"LineString","coordinates":[[72.84564,19.08569],[72.84577,19.08549],[72.84593,19.08519],[72.84605,19.08483],[72.84612,19.08457],[72.84616,19.08439]]}},{"type":"Feature","properties":{"name":"Western Express Highway","highway":"motorway","policy":"day-time heavy-vehicle bans on select roads (MTP)"},"geometry":{"type":"LineString","coordinates":[[72.84368,19.08959],[72.84365,19.08942],[72.84363,19.08922],[72.84363,19.08903],[72.84366,19.0888],[72.84372,19.08848],[72.84381,19.08811],[72.84392,19.08783],[72.84413,19.0875],[72.84448,19.08705],[72.8446,19.08689]]}},{"type":"Feature","properties":{"name":"Western Express Highway","highway":"motorway","policy":"day-time heavy-vehicle bans on select roads (MTP)"},"geometry":{"type":"LineString","coordinates":[[72.84449,19.08683],[72.84436,19.08697],[72.84399,19.0874],[72.84378,19.08778],[72.84366,19.08808],[72.84356,19.08845],[72.84353,19.0886],[72.84349,19.08877],[72.84347,19.089],[72.84347,19.08923],[72.84352,19.08959]]}},{"type":"Feature","properties":{"name":"Airport Flyover","highway":"motorway","policy":"day-time heavy-vehicle bans on select roads (MTP)"},"geometry":{"type":"LineString","coordinates":[[72.85049,19.09312],[72.85059,19.09318],[72.85065,19.09322]]}},{"type":"Feature","properties":{"name":"Western Express Highway","highway":"motorway","policy":"day-time heavy-vehicle bans on select roads (MTP)"},"geometry":{"type":"LineString","coordinates":[[72.8446,19.08689],[72.84541,19.08601],[72.84564,19.08569]]}},{"type":"Feature","properties":{"name":"Western Express Highway","highway":"motorway","policy":"day-time heavy-vehicle bans on select roads (MTP)"},"geometry":{"type":"LineString","coordinates":[[72.8454,19.08577],[72.84531,19.08587],[72.84524,19.08596],[72.84478,19.0865],[72.84449,19.08683]]}},{"type":"Feature","properties":{"name":"Western Express Highway","highway":"motorway","policy":"day-time heavy-vehicle bans on select roads (MTP)"},"geometry":{"type":"LineString","coordinates":[[72.84666,19.09199],[72.8461,19.09187],[72.84569,19.09176],[72.84537,19.09165],[72.84514,19.09154],[72.84479,19.09131],[72.84441,19.09096],[72.84412,19.0906],[72.84394,19.09032]]}},{"type":"Feature","properties":{"name":"Western Express Highway","highway":"motorway","policy":"day-time heavy-vehicle bans on select roads (MTP)"},"geometry":{"type":"LineString","coordinates":[[72.84394,19.09032],[72.84384,19.0901],[72.84383,19.09007],[72.84375,19.08989],[72.84368,19.08959]]}},{"type":"Feature","properties":{"name":"Western Express Highway","highway":"motorway","policy":"day-time heavy-vehicle bans on select roads (MTP)"},"geometry":{"type":"LineString","coordinates":[[72.84352,19.08959],[72.8436,19.08991],[72.8437,19.09017],[72.84376,19.09031]]}},{"type":"Feature","properties":{"name":"Western Express Highway","highway":"motorway","policy":"day-time heavy-vehicle bans on select roads (MTP)"},"geometry":{"type":"LineString","coordinates":[[72.84663,19.09211],[72.84776,19.09232],[72.84869,19.0925],[72.84936,19.09265],[72.84986,19.09283],[72.85012,19.09295],[72.8503,19.09304],[72.85049,19.09312]]}},{"type":"Feature","properties":{"name":"Western Express Highway","highway":"motorway","policy":"day-time heavy-vehicle bans on select roads (MTP)"},"geometry":{"type":"LineString","coordinates":[[72.85043,19.09292],[72.85027,19.09285],[72.8499,19.09268],[72.8494,19.09254],[72.8488,19.09238],[72.84812,19.09225],[72.84753,19.09214],[72.84704,19.09204],[72.84666,19.09199]]}},{"type":"Feature","properties":{"name":"Western Express Highway","highway":"trunk","policy":"day-time heavy-vehicle bans on select roads (MTP)"},"geometry":{"type":"LineString","coordinates":[[72.87097,19.25652],[72.8704,19.25571]]}},{"type":"Feature","properties":{"name":"Western Express Highway","highway":"motorway","policy":"day-time heavy-vehicle bans on select roads (MTP)"},"geometry":{"type":"LineString","coordinates":[[72.85391,19.09922],[72.854,19.09957],[72.85422,19.10009],[72.8544,19.10068],[72.85445,19.10095],[72.8545,19.10123],[72.85452,19.10154],[72.8545,19.10193],[72.85442,19.10238],[72.85419,19.10344],[72.85419,19.10348]]}},{"type":"Feature","properties":{"name":"Western Express Highway","highway":"motorway","policy":"day-time heavy-vehicle bans on select roads (MTP)"},"geometry":{"type":"LineString","coordinates":[[72.8468,19.07134],[72.84675,19.06824],[72.8467,19.06495],[72.84667,19.06368]]}},{"type":"Feature","properties":{"name":"Bandra Worli Sea Link Flyover","highway":"motorway","policy":"day-time heavy-vehicle bans on select roads (MTP)"},"geometry":{"type":"LineString","coordinates":[[72.8348,19.05005],[72.83672,19.04993],[72.8371,19.04991],[72.8373,19.0499],[72.83776,19.04989],[72.83807,19.04994],[72.83821,19.04999],[72.84007,19.05071]]}},{"type":"Feature","properties":{"name":"Bandra Worli Sea Link Flyover","highway":"motorway","policy":"day-time heavy-vehicle bans on select roads (MTP)"},"geometry":{"type":"LineString","coordinates":[[72.84006,19.0505],[72.83868,19.04995],[72.8381,19.04974],[72.83781,19.04968],[72.8373,19.04969],[72.83669,19.04972]]}},{"type":"Feature","properties":{"name":"Bandra Worli Sea Link Flyover","highway":"motorway","policy":"day-time heavy-vehicle bans on select roads (MTP)"},"geometry":{"type":"LineString","coordinates":[[72.84007,19.05071],[72.8406,19.05092]]}},{"type":"Feature","properties":{"name":"Santa Cruz \u2013 Chembur Link Road","highway":"trunk","policy":"day-time heavy-vehicle bans on select roads (MTP)"},"geometry":{"type":"LineString","coordinates":[[72.84786,19.07433],[72.84709,19.07446]]}},{"type":"Feature","properties":{"name":"Santa Cruz \u2013 Chembur Link Road","highway":"trunk","policy":"day-time heavy-vehicle bans on select roads (MTP)"},"geometry":{"type":"LineString","coordinates":[[72.84872,19.07415],[72.84786,19.07433]]}},{"type":"Feature","properties":{"name":"Western Express Highway","highway":"motorway","policy":"day-time heavy-vehicle bans on select roads (MTP)"},"geometry":{"type":"LineString","coordinates":[[72.83478,19.04984],[72.83432,19.04988],[72.8339,19.04985],[72.83344,19.0498],[72.8334,19.0498],[72.83335,19.04979],[72.83312,19.04971],[72.83285,19.04958],[72.83261,19.04943],[72.83239,19.04926],[72.82953,19.04625]]}},{"type":"Feature","properties":{"name":"Eastern Express Highway","highway":"trunk","policy":"day-time heavy-vehicle bans on select roads (MTP)"},"geometry":{"type":"LineString","coordinates":[[72.95613,19.15334],[72.95523,19.15202]]}},{"type":"Feature","properties":{"name":"Kanjurmarg Flyover","highway":"trunk","policy":"day-time heavy-vehicle bans on select roads (MTP)"},"geometry":{"type":"LineString","coordinates":[[72.93742,19.12135],[72.93931,19.12592],[72.93971,19.12685]]}},{"type":"Feature","properties":{"name":"Rajiv Gandhi Sea Link","highway":"motorway","policy":"day-time heavy-vehicle bans on select roads (MTP)"},"geometry":{"type":"LineString","coordinates":[[72.82587,19.044],[72.82654,19.04432],[72.82771,19.04494],[72.82806,19.04515]]}},{"type":"Feature","properties":{"name":"Rajiv Gandhi Sea Link","highway":"motorway","policy":"day-time heavy-vehicle bans on select roads (MTP)"},"geometry":{"type":"LineString","coordinates":[[72.82338,19.04268],[72.82118,19.04166],[72.82081,19.04149],[72.82047,19.04132],[72.82013,19.04112],[72.81985,19.04093],[72.81953,19.04068],[72.81926,19.04042],[72.81902,19.04016],[72.81877,19.03986],[72.81856,19.03956],[72.81838,19.03927],[72.8182,19.03893],[72.81807,19.0386],[72.81794,19.03823],[72.81783,19.03778],[72.81733,19.0359],[72.81663,19.0332],[72.81605,19.03104],[72.81435,19.02453],[72.81361,19.02166],[72.81268,19.01807]]}},{"type":"Feature","properties":{"name":"Rajiv Gandhi Sea Link","highway":"motorway","policy":"day-time heavy-vehicle bans on select roads (MTP)"},"geometry":{"type":"LineString","coordinates":[[72.8247,19.04323],[72.82449,19.04313],[72.82338,19.04268]]}},{"type":"Feature","properties":{"name":"Vashi Bridge","highway":"motorway","policy":"day-time heavy-vehicle bans on select roads (MTP)"},"geometry":{"type":"LineString","coordinates":[[72.97809,19.06334],[72.96112,19.05934]]}},{"type":"Feature","properties":{"name":"Sion-Panvel Highway","highway":"motorway","policy":"day-time heavy-vehicle bans on select roads (MTP)"},"geometry":{"type":"LineString","coordinates":[[72.97904,19.06379],[72.97967,19.06403],[72.98028,19.06432],[72.98045,19.06439],[72.98099,19.06464],[72.98153,19.06492],[72.98179,19.06508],[72.98211,19.06534],[72.98328,19.06646],[72.98394,19.06709],[72.9842,19.06734],[72.98437,19.06752]]}},{"type":"Feature","properties":{"name":"Vashi Bridge","highway":"motorway","policy":"day-time heavy-vehicle bans on select roads (MTP)"},"geometry":{"type":"LineString","coordinates":[[72.96108,19.05947],[72.97805,19.06347]]}},{"type":"Feature","properties":{"name":"Sion Panvel Highway","highway":"motorway","policy":"day-time heavy-vehicle bans on select roads (MTP)"},"geometry":{"type":"LineString","coordinates":[[72.95962,19.05895],[72.95919,19.05885],[72.95857,19.05872],[72.95795,19.05858],[72.95758,19.0585],[72.95747,19.05847],[72.95719,19.05839],[72.95696,19.05832],[72.95567,19.05786],[72.95561,19.05784],[72.95387,19.05722],[72.95381,19.05719],[72.95363,19.05713]]}},{"type":"Feature","properties":{"name":"Aarey Flyover","highway":"trunk","policy":"day-time heavy-vehicle bans on select roads (MTP)"},"geometry":{"type":"LineString","coordinates":[[72.85889,19.16869],[72.85887,19.16856],[72.8587,19.16712],[72.8586,19.16626],[72.85857,19.16607],[72.85851,19.16549],[72.85843,19.16495],[72.85818,19.16303],[72.85805,19.16214],[72.85792,19.16122]]}},{"type":"Feature","properties":{"name":"Western Express Highway","highway":"trunk","policy":"day-time heavy-vehicle bans on select roads (MTP)"},"geometry":{"type":"LineString","coordinates":[[72.85921,19.17159],[72.8592,19.17153]]}},{"type":"Feature","properties":{"name":"Western Express Highway","highway":"trunk","policy":"day-time heavy-vehicle bans on select roads (MTP)"},"geometry":{"type":"LineString","coordinates":[[72.85642,19.15031],[72.85664,19.15258],[72.85668,19.15323],[72.85672,19.15403],[72.85685,19.15484],[72.85703,19.15589],[72.85747,19.1589],[72.8575,19.15911]]}},{"type":"Feature","properties":{"name":"A Patil Flyover","highway":"trunk","policy":"day-time heavy-vehicle bans on select roads (MTP)"},"geometry":{"type":"LineString","coordinates":[[72.83324,18.97276],[72.83299,18.97248],[72.83288,18.97235],[72.8328,18.9722],[72.83274,18.97209],[72.83271,18.97197],[72.83269,18.97182],[72.83268,18.97165]]}},{"type":"Feature","properties":{"name":"Dindoshi flyover","highway":"trunk","policy":"day-time heavy-vehicle bans on select roads (MTP)"},"geometry":{"type":"LineString","coordinates":[[72.85942,19.17518],[72.85948,19.17458],[72.85948,19.17422],[72.85947,19.17406],[72.85941,19.1735],[72.85921,19.17159]]}},{"type":"Feature","properties":{"name":"Dindoshi flyover","highway":"trunk","policy":"day-time heavy-vehicle bans on select roads (MTP)"},"geometry":{"type":"LineString","coordinates":[[72.8592,19.17597],[72.85942,19.17518]]}},{"type":"Feature","properties":{"name":"Western Express Highway","highway":"trunk","policy":"day-time heavy-vehicle bans on select roads (MTP)"},"geometry":{"type":"LineString","coordinates":[[72.8561,19.12539],[72.856,19.12558],[72.85563,19.12613],[72.85551,19.12637],[72.85543,19.12652],[72.85531,19.1269],[72.85526,19.12729],[72.85518,19.13089],[72.85507,19.13322],[72.85499,19.13486],[72.85493,19.13685]]}},{"type":"Feature","properties":{"name":"Andheri Flyover","highway":"motorway","policy":"day-time heavy-vehicle bans on select roads (MTP)"},"geometry":{"type":"LineString","coordinates":[[72.85354,19.10632],[72.85341,19.10691],[72.85337,19.10713],[72.85337,19.10739],[72.85338,19.10769],[72.85342,19.10794],[72.85349,19.10829],[72.85446,19.11253],[72.85478,19.11413],[72.85545,19.11875]]}},{"type":"Feature","properties":{"name":"Western Express Highway","highway":"trunk","policy":"day-time heavy-vehicle bans on select roads (MTP)"},"geometry":{"type":"LineString","coordinates":[[72.85792,19.16122],[72.85773,19.15973],[72.85767,19.15922],[72.85761,19.15876],[72.85718,19.15588],[72.85698,19.15482],[72.85686,19.15402],[72.85681,19.1532],[72.85676,19.15257],[72.85656,19.15048],[72.8565,19.14998],[72.85647,19.14976],[72.85641,19.14906],[72.85622,19.1469]]}},{"type":"Feature","properties":{"name":"Western Express Highway","highway":"trunk","policy":"day-time heavy-vehicle bans on select roads (MTP)"},"geometry":{"type":"LineString","coordinates":[[72.85484,19.13899],[72.85476,19.1407],[72.85477,19.14109],[72.85483,19.14148],[72.85491,19.14179],[72.85498,19.14203],[72.85577,19.14449],[72.85587,19.14486],[72.85592,19.14509],[72.85595,19.14531],[72.8561,19.1469]]}},{"type":"Feature","properties":{"name":"Amar Mahal Junction Flyover","highway":"trunk","policy":"day-time heavy-vehicle bans on select roads (MTP)"},"geometry":{"type":"LineString","coordinates":[[72.9018,19.06717],[72.90221,19.06746]]}},{"type":"Feature","properties":{"name":"Dr Babasaheb Ambedkar Marg","highway":"trunk","policy":"day-time heavy-vehicle bans on select roads (MTP)"},"geometry":{"type":"LineString","coordinates":[[72.83763,18.99863],[72.83762,18.99833],[72.83762,18.99786],[72.83762,18.99774],[72.83761,18.99769],[72.83759,18.99744],[72.8375,18.99721],[72.83745,18.9971],[72.83725,18.99671],[72.8372,18.9966],[72.83714,18.9965],[72.83713,18.99647],[72.83695,18.99615],[72.83688,18.99594],[72.83685,18.99584],[72.83679,18.99563],[72.83674,18.99542]]}},{"type":"Feature","properties":{"name":"Lalbaug Flyover","highway":"trunk","policy":"day-time heavy-vehicle bans on select roads (MTP)"},"geometry":{"type":"LineString","coordinates":[[72.83381,18.97868],[72.83425,18.98043],[72.83439,18.98102],[72.83475,18.98209],[72.8351,18.98323],[72.83523,18.98373],[72.83534,18.98428],[72.83543,18.98499],[72.83576,18.98774],[72.83581,18.98831],[72.83582,18.98896],[72.83577,18.98973],[72.83569,18.99035],[72.83565,18.99067],[72.83565,18.99087],[72.83571,18.99113],[72.83584,18.99137],[72.83628,18.99208],[72.83637,18.9923],[72.83641,18.99261],[72.83658,18.99451],[72.83663,18.99527],[72.8367,18.99564],[72.83687,18.99617],[72.83712,18.99663],[72.83738,18.99713],[72.83751,18.99745],[72.83753,18.99784],[72.83753,18.99831],[72.83754,18.99889],[72.83761,18.99929]]}},{"type":"Feature","properties":{"name":"Hindmata Flyover","highway":"trunk","policy":"day-time heavy-vehicle bans on select roads (MTP)"},"geometry":{"type":"LineString","coordinates":[[72.83886,19.00407],[72.83896,19.0044],[72.83906,19.00466],[72.83921,19.00491],[72.83943,19.00517],[72.83984,19.00557],[72.84,19.00575],[72.8402,19.00603],[72.84046,19.00639],[72.8406,19.00663],[72.8408,19.00695]]}},{"type":"Feature","properties":{"name":"Hindmata Flyover","highway":"trunk","policy":"day-time heavy-vehicle bans on select roads (MTP)"},"geometry":{"type":"LineString","coordinates":[[72.84087,19.00691],[72.84067,19.00659],[72.84053,19.00635],[72.84027,19.00599],[72.84007,19.0057],[72.8399,19.00551],[72.83949,19.00512],[72.83929,19.00486],[72.83914,19.00462],[72.83904,19.00438],[72.83895,19.00406]]}},{"type":"Feature","properties":{"name":"Dr Babasaheb Ambedkar Marg (Vincent Road)","highway":"trunk","policy":"day-time heavy-vehicle bans on select roads (MTP)"},"geometry":{"type":"LineString","coordinates":[[72.83962,19.00546],[72.83976,19.00561],[72.83978,19.00562],[72.83994,19.0058],[72.84013,19.00607],[72.84039,19.00643],[72.84042,19.00648],[72.84053,19.00666],[72.84072,19.00698],[72.84081,19.00717],[72.84094,19.00741]]}},{"type":"Feature","properties":{"name":"Dr Babasaheb Ambedkar Marg (Vincent Road)","highway":"trunk","policy":"day-time heavy-vehicle bans on select roads (MTP)"},"geometry":{"type":"LineString","coordinates":[[72.83766,18.99956],[72.83782,19.0005],[72.83796,19.001],[72.838,19.00111],[72.83814,19.00152],[72.8383,19.00208],[72.83836,19.0023],[72.8384,19.00245],[72.83854,19.0031],[72.8386,19.00331],[72.83869,19.00359],[72.8388,19.00393]]}},{"type":"Feature","properties":{"name":"Dr Babasaheb Ambedkar Marg (Vincent Road)","highway":"trunk","policy":"day-time heavy-vehicle bans on select roads (MTP)"},"geometry":{"type":"LineString","coordinates":[[72.84425,19.01283],[72.84405,19.01253],[72.84367,19.01196],[72.84305,19.01111],[72.84297,19.01099]]}},{"type":"Feature","properties":{"name":"Ghatkopar Flyover","highway":"trunk","policy":"day-time heavy-vehicle bans on select roads (MTP)"},"geometry":{"type":"LineString","coordinates":[[72.91889,19.08176],[72.91929,19.08221],[72.92009,19.08312],[72.92259,19.08612],[72.92279,19.08638],[72.92298,19.08667]]}},{"type":"Feature","properties":{"name":"Eastern Express Highway","highway":"trunk","policy":"day-time heavy-vehicle bans on select roads (MTP)"},"geometry":{"type":"LineString","coordinates":[[72.92361,19.08785],[72.92364,19.08791],[72.92448,19.08995],[72.92544,19.0923],[72.9255,19.0924],[72.92712,19.09635],[72.92739,19.09701],[72.92773,19.09787],[72.92884,19.10059],[72.92967,19.10262],[72.93013,19.10376],[72.93059,19.10488],[72.93067,19.10511]]}},{"type":"Feature","properties":{"name":"Times of India Flyover","highway":"trunk","policy":"day-time heavy-vehicle bans on select roads (MTP)"},"geometry":{"type":"LineString","coordinates":[[72.85844,19.19106],[72.85843,19.19066],[72.85843,19.18969]]}},{"type":"Feature","properties":{"name":"Times Of India Flyover","highway":"trunk","policy":"day-time heavy-vehicle bans on select roads (MTP)"},"geometry":{"type":"LineString","coordinates":[[72.85946,19.19324],[72.85935,19.19303],[72.85879,19.19205],[72.85867,19.19186],[72.85857,19.19167],[72.85848,19.19138],[72.85844,19.19106]]}},{"type":"Feature","properties":{"name":"Western Express Highway","highway":"trunk","policy":"day-time heavy-vehicle bans on select roads (MTP)"},"geometry":{"type":"LineString","coordinates":[[72.86104,19.19957],[72.86094,19.1991],[72.86094,19.19906],[72.86084,19.19853],[72.86071,19.19781],[72.86053,19.1968],[72.86025,19.19555],[72.86012,19.19491],[72.86003,19.19444],[72.85997,19.19427],[72.85989,19.19404],[72.85983,19.19394],[72.85965,19.19361]]}},{"type":"Feature","properties":{"name":"Western Express Highway","highway":"trunk","policy":"day-time heavy-vehicle bans on select roads (MTP)"},"geometry":{"type":"LineString","coordinates":[[72.86145,19.20121],[72.86134,19.2009],[72.86123,19.20046]]}},{"type":"Feature","properties":{"name":"Western Express Highway","highway":"trunk","policy":"day-time heavy-vehicle bans on select roads (MTP)"},"geometry":{"type":"LineString","coordinates":[[72.86367,19.20384],[72.86351,19.20368],[72.86328,19.20345],[72.86306,19.20322]]}},{"type":"Feature","properties":{"name":"Western Express Highway","highway":"trunk","policy":"day-time heavy-vehicle bans on select roads (MTP)"},"geometry":{"type":"LineString","coordinates":[[72.86803,19.20891],[72.86775,19.20837]]}},{"type":"Feature","properties":{"name":"Mahindra Flyover","highway":"trunk","policy":"day-time heavy-vehicle bans on select roads (MTP)"},"geometry":{"type":"LineString","coordinates":[[72.86775,19.20837],[72.86753,19.208],[72.86722,19.20756],[72.86694,19.20721],[72.86668,19.20692],[72.86622,19.20644],[72.8659,19.2061],[72.86581,19.206],[72.86518,19.20536],[72.86367,19.20384]]}},{"type":"Feature","properties":{"name":"Western Express Highway","highway":"trunk","policy":"day-time heavy-vehicle bans on select roads (MTP)"},"geometry":{"type":"LineString","coordinates":[[72.86474,19.2234],[72.8649,19.22295],[72.86515,19.22225],[72.86541,19.22146],[72.86552,19.22114],[72.86569,19.2207],[72.86601,19.21973],[72.86613,19.21941]]}},{"type":"Feature","properties":{"name":"Western Express Highway","highway":"trunk","policy":"day-time heavy-vehicle bans on select roads (MTP)"},"geometry":{"type":"LineString","coordinates":[[72.86367,19.2264],[72.86379,19.2261],[72.86391,19.22581],[72.86402,19.22554],[72.86406,19.22544],[72.86408,19.22537],[72.86412,19.22526],[72.86415,19.22518],[72.86419,19.22503],[72.86422,19.22496],[72.86423,19.22492]]}},{"type":"Feature","properties":{"name":"Western Express Highway","highway":"trunk","policy":"day-time heavy-vehicle bans on select roads (MTP)"},"geometry":{"type":"LineString","coordinates":[[72.86333,19.23535],[72.86336,19.23429],[72.86338,19.2337],[72.8634,19.23304],[72.86342,19.23236],[72.86342,19.2322],[72.86342,19.23116],[72.86342,19.23064],[72.86341,19.22868]]}},{"type":"Feature","properties":{"name":"Dr Babasaheb Ambedkar Marg (Vincent Road)","highway":"trunk","policy":"day-time heavy-vehicle bans on select roads (MTP)"},"geometry":{"type":"LineString","coordinates":[[72.84648,19.01631],[72.84675,19.01667],[72.847,19.01702],[72.84705,19.01708],[72.84723,19.01734],[72.84725,19.01736],[72.84735,19.01748],[72.84739,19.01757],[72.84741,19.01766]]}},{"type":"Feature","properties":{"name":"Laxmibai Kelkar Marg","highway":"trunk","policy":"day-time heavy-vehicle bans on select roads (MTP)"},"geometry":{"type":"LineString","coordinates":[[72.85556,19.02742],[72.85569,19.02743],[72.85582,19.02753],[72.8559,19.02762],[72.85626,19.02801],[72.85642,19.02818],[72.85676,19.02854],[72.85715,19.02912],[72.85724,19.02927]]}},{"type":"Feature","properties":{"name":"King's Circle Flyover","highway":"trunk","policy":"day-time heavy-vehicle bans on select roads (MTP)"},"geometry":{"type":"LineString","coordinates":[[72.84987,19.02069],[72.85065,19.02168],[72.85099,19.02215],[72.85133,19.0226],[72.85182,19.02319],[72.85227,19.02371],[72.85292,19.02445],[72.85379,19.02535],[72.85434,19.02591],[72.85515,19.02674],[72.85603,19.02766],[72.85681,19.02848],[72.85723,19.02909],[72.85751,19.02959],[72.85782,19.03034],[72.85795,19.03069]]}},{"type":"Feature","properties":{"name":"Dr Babasaheb Ambedkar Marg (Vincent Road)","highway":"trunk","policy":"day-time heavy-vehicle bans on select roads (MTP)"},"geometry":{"type":"LineString","coordinates":[[72.84294,19.01111],[72.84354,19.01201],[72.84365,19.01219],[72.84413,19.01291]]}},{"type":"Feature","properties":{"name":"King's Circle Flyover","highway":"trunk","policy":"day-time heavy-vehicle bans on select roads (MTP)"},"geometry":{"type":"LineString","coordinates":[[72.85803,19.03066],[72.85789,19.0303],[72.85759,19.02956],[72.85731,19.02905],[72.85688,19.02844]]}},{"type":"Feature","properties":{"name":"Dr Babasaheb Ambedkar Marg (Vincent Road)","highway":"trunk","policy":"day-time heavy-vehicle bans on select roads (MTP)"},"geometry":{"type":"LineString","coordinates":[[72.8551,19.02637],[72.85498,19.02624],[72.85467,19.02594],[72.85417,19.02543],[72.85398,19.02524],[72.85394,19.02519],[72.85377,19.02501],[72.85375,19.02499],[72.85357,19.02481],[72.85336,19.02459],[72.8531,19.02432],[72.85306,19.02428],[72.8527,19.02389],[72.85267,19.02386],[72.85248,19.02365],[72.85219,19.02333],[72.8521,19.02323],[72.85207,19.0232],[72.85192,19.023],[72.85172,19.02277],[72.8517,19.02274],[72.85154,19.02253],[72.85113,19.022]]}},{"type":"Feature","properties":{"name":"Sion Hospital Flyover","highway":"trunk","policy":"day-time heavy-vehicle bans on select roads (MTP)"},"geometry":{"type":"LineString","coordinates":[[72.85868,19.0324],[72.85882,19.03275],[72.85905,19.03329],[72.85955,19.03439],[72.85978,19.03491],[72.86007,19.03564],[72.86025,19.03613],[72.86069,19.03722]]}},{"type":"Feature","properties":{"name":"Sion Hospital Flyover","highway":"trunk","policy":"day-time heavy-vehicle bans on select roads (MTP)"},"geometry":{"type":"LineString","coordinates":[[72.86079,19.03718],[72.86034,19.0361],[72.86016,19.03561],[72.85987,19.03488],[72.85963,19.03435],[72.85914,19.03326],[72.85891,19.03271],[72.85876,19.03237]]}},{"type":"Feature","properties":{"name":"Hindmata Flyover","highway":"trunk","policy":"day-time heavy-vehicle bans on select roads (MTP)"},"geometry":{"type":"LineString","coordinates":[[72.8408,19.00695],[72.84087,19.0071],[72.84098,19.00734],[72.84108,19.00755]]}},{"type":"Feature","properties":{"name":"Hindmata Flyover","highway":"trunk","policy":"day-time heavy-vehicle bans on select roads (MTP)"},"geometry":{"type":"LineString","coordinates":[[72.84108,19.00755],[72.8412,19.00792],[72.84136,19.00835],[72.84151,19.00875],[72.84168,19.00914],[72.84191,19.00951],[72.84228,19.01009],[72.84266,19.01069],[72.84284,19.01094]]}},{"type":"Feature","properties":{"name":"Hindmata Flyover","highway":"trunk","policy":"day-time heavy-vehicle bans on select roads (MTP)"},"geometry":{"type":"LineString","coordinates":[[72.8429,19.01089],[72.84273,19.01064],[72.84235,19.01005],[72.84198,19.00947],[72.84176,19.0091],[72.84159,19.00872],[72.84144,19.00832],[72.84129,19.00789],[72.84117,19.00752]]}},{"type":"Feature","properties":{"name":"Hindmata Flyover","highway":"trunk","policy":"day-time heavy-vehicle bans on select roads (MTP)"},"geometry":{"type":"LineString","coordinates":[[72.84297,19.01099],[72.8429,19.01089]]}},{"type":"Feature","properties":{"name":"Hindmata Flyover","highway":"trunk","policy":"day-time heavy-vehicle bans on select roads (MTP)"},"geometry":{"type":"LineString","coordinates":[[72.84117,19.00752],[72.84095,19.00707],[72.84087,19.00691]]}},{"type":"Feature","properties":{"name":"Dr Babasaheb Ambedkar Marg (Vincent Road)","highway":"trunk","policy":"day-time heavy-vehicle bans on select roads (MTP)"},"geometry":{"type":"LineString","coordinates":[[72.84262,19.01033],[72.84241,19.01002],[72.84211,19.00953],[72.84206,19.00945],[72.84202,19.00939],[72.84182,19.00907],[72.84181,19.00905],[72.84169,19.00878],[72.84166,19.00869],[72.8416,19.00854],[72.8415,19.0083],[72.84146,19.00818],[72.84135,19.00787],[72.84123,19.0075],[72.84114,19.0073]]}},{"type":"Feature","properties":{"name":"Dadar TT flyover","highway":"trunk","policy":"day-time heavy-vehicle bans on select roads (MTP)"},"geometry":{"type":"LineString","coordinates":[[72.84439,19.01322],[72.84504,19.0142],[72.84548,19.01483],[72.84582,19.01528],[72.84596,19.01548],[72.84619,19.01581],[72.84656,19.01628],[72.84751,19.01749],[72.84824,19.01848],[72.84874,19.01918],[72.84925,19.01986]]}},{"type":"Feature","properties":{"name":"Dadar TT flyover","highway":"trunk","policy":"day-time heavy-vehicle bans on select roads (MTP)"},"geometry":{"type":"LineString","coordinates":[[72.84931,19.0198],[72.84907,19.01948],[72.8488,19.01913],[72.8483,19.01844],[72.84757,19.01744],[72.84663,19.01623],[72.84626,19.01577],[72.84589,19.01524],[72.84555,19.01478],[72.84511,19.01416],[72.84445,19.01318]]}},{"type":"Feature","properties":{"name":"Dr Babasaheb Ambedkar Marg (Vincent Road)","highway":"trunk","policy":"day-time heavy-vehicle bans on select roads (MTP)"},"geometry":{"type":"LineString","coordinates":[[72.84951,19.02004],[72.84947,19.01985],[72.84901,19.01925],[72.84895,19.01918],[72.84884,19.01903],[72.84842,19.01847],[72.84832,19.01834],[72.84827,19.01827],[72.8482,19.01817],[72.84818,19.01814],[72.84817,19.01808],[72.84818,19.01795]]}},{"type":"Feature","properties":{"name":"Jaganath Shankur Seth (Dadar TT) Flyover","highway":"trunk","policy":"day-time heavy-vehicle bans on select roads (MTP)"},"geometry":{"type":"LineString","coordinates":[[72.84925,19.01986],[72.84946,19.02013]]}},{"type":"Feature","properties":{"name":"Dr Babasaheb Ambedkar Marg (Vincent Road)","highway":"trunk","policy":"day-time heavy-vehicle bans on select roads (MTP)"},"geometry":{"type":"LineString","coordinates":[[72.84774,19.0174],[72.84765,19.01736],[72.84759,19.0173],[72.84727,19.01687],[72.8467,19.01618]]}},{"type":"Feature","properties":{"name":"Dr Babasaheb Ambedkar Marg (Vincent Road)","highway":"trunk","policy":"day-time heavy-vehicle bans on select roads (MTP)"},"geometry":{"type":"LineString","coordinates":[[72.84779,19.01818],[72.84794,19.01825],[72.84798,19.01828],[72.848,19.0183],[72.84829,19.01868],[72.84862,19.01913],[72.84895,19.01958],[72.84915,19.01986],[72.84928,19.02003],[72.84933,19.02009],[72.84946,19.02013]]}},{"type":"Feature","properties":{"name":"Sion Panvel Highway","highway":"trunk","policy":"day-time heavy-vehicle bans on select roads (MTP)"},"geometry":{"type":"LineString","coordinates":[[72.86851,19.04855],[72.86905,19.04875]]}},{"type":"Feature","properties":{"name":"Western Express Highway","highway":"trunk","policy":"day-time heavy-vehicle bans on select roads (MTP)"},"geometry":{"type":"LineString","coordinates":[[72.86341,19.22868],[72.86341,19.22832],[72.86341,19.22788],[72.86342,19.2276]]}},{"type":"Feature","properties":{"name":"Western Express Highway","highway":"trunk","policy":"day-time heavy-vehicle bans on select roads (MTP)"},"geometry":{"type":"LineString","coordinates":[[72.86423,19.24208],[72.86374,19.23897],[72.86359,19.23797],[72.86348,19.23705],[72.86338,19.2363],[72.86334,19.23598],[72.86332,19.23571]]}},{"type":"Feature","properties":{"name":"Majiwada Flyover","highway":"trunk","policy":"day-time heavy-vehicle bans on select roads (MTP)"},"geometry":{"type":"LineString","coordinates":[[72.97845,19.21178],[72.97812,19.21182],[72.97787,19.21184],[72.97734,19.21185],[72.9772,19.21183],[72.97702,19.2118],[72.97686,19.21176],[72.97666,19.2117],[72.97654,19.21164]]}},{"type":"Feature","properties":{"name":"Santa Cruz \u2013 Chembur Link Road Flyover","highway":"trunk","policy":"day-time heavy-vehicle bans on select roads (MTP)"},"geometry":{"type":"LineString","coordinates":[[72.90361,19.06855],[72.90386,19.06864]]}},{"type":"Feature","properties":{"name":"Amar Mahal Junction Flyover","highway":"trunk","policy":"day-time heavy-vehicle bans on select roads (MTP)"},"geometry":{"type":"LineString","coordinates":[[72.90039,19.06609],[72.89801,19.06445],[72.89775,19.06423]]}},{"type":"Feature","properties":{"name":"Eastern Express Highway","highway":"trunk","policy":"day-time heavy-vehicle bans on select roads (MTP)"},"geometry":{"type":"LineString","coordinates":[[72.89527,19.06253],[72.89438,19.06187],[72.89289,19.06082],[72.89265,19.06065],[72.89208,19.06024]]}},{"type":"Feature","properties":{"name":"Chembur Flyover","highway":"trunk","policy":"day-time heavy-vehicle bans on select roads (MTP)"},"geometry":{"type":"LineString","coordinates":[[72.89517,19.0626],[72.89763,19.06437]]}},{"type":"Feature","properties":{"name":"Sion Panvel Highway","highway":"trunk","policy":"day-time heavy-vehicle bans on select roads (MTP)"},"geometry":{"type":"LineString","coordinates":[[72.92836,19.04766],[72.92724,19.04672],[72.92648,19.04608]]}},{"type":"Feature","properties":{"name":"Eastern Freeway","highway":"motorway","policy":"day-time heavy-vehicle bans on select roads (MTP)"},"geometry":{"type":"LineString","coordinates":[[72.91219,19.05693],[72.91311,19.05829]]}},{"type":"Feature","properties":{"name":"Mankhurd Flyover","highway":"motorway","policy":"day-time heavy-vehicle bans on select roads (MTP)"},"geometry":{"type":"LineString","coordinates":[[72.94015,19.05233],[72.93396,19.05013]]}},{"type":"Feature","properties":{"name":"Mankhurd Flyover","highway":"motorway","policy":"day-time heavy-vehicle bans on select roads (MTP)"},"geometry":{"type":"LineString","coordinates":[[72.94011,19.05243],[72.94079,19.0527]]}},{"type":"Feature","properties":{"name":"Mankhurd Flyover","highway":"trunk","policy":"day-time heavy-vehicle bans on select roads (MTP)"},"geometry":{"type":"LineString","coordinates":[[72.93064,19.04907],[72.93333,19.05003]]}},{"type":"Feature","properties":{"name":"Mankhurd Flyover","highway":"trunk","policy":"day-time heavy-vehicle bans on select roads (MTP)"},"geometry":{"type":"LineString","coordinates":[[72.93068,19.04897],[72.93039,19.04886]]}},{"type":"Feature","properties":{"name":"Sion Panvel Highway","highway":"trunk","policy":"day-time heavy-vehicle bans on select roads (MTP)"},"geometry":{"type":"LineString","coordinates":[[72.92915,19.04848],[72.92968,19.04873],[72.93034,19.04897]]}},{"type":"Feature","properties":{"name":"Sion Panvel Highway (Yashwantrao Chavan Marg)","highway":"trunk","policy":"day-time heavy-vehicle bans on select roads (MTP)"},"geometry":{"type":"LineString","coordinates":[[72.92826,19.04776],[72.92886,19.04827],[72.92915,19.04848]]}},{"type":"Feature","properties":{"name":"Sion Panvel Highway (Yashwantrao Chavan Marg)","highway":"trunk","policy":"day-time heavy-vehicle bans on select roads (MTP)"},"geometry":{"type":"LineString","coordinates":[[72.92924,19.04837],[72.92895,19.04817],[72.92836,19.04766]]}},{"type":"Feature","properties":{"name":"Sion Panvel Highway","highway":"motorway","policy":"day-time heavy-vehicle bans on select roads (MTP)"},"geometry":{"type":"LineString","coordinates":[[72.95363,19.05713],[72.9535,19.05708],[72.95234,19.05667],[72.94083,19.05256]]}},{"type":"Feature","properties":{"name":"BARC Flyover","highway":"trunk","policy":"day-time heavy-vehicle bans on select roads (MTP)"},"geometry":{"type":"LineString","coordinates":[[72.92635,19.04597],[72.92631,19.04594],[72.92424,19.04411],[72.92349,19.04356],[72.92321,19.04345],[72.9229,19.0434],[72.92225,19.04347],[72.92059,19.04392]]}},{"type":"Feature","properties":{"name":"BARC Flyover","highway":"trunk","policy":"day-time heavy-vehicle bans on select roads (MTP)"},"geometry":{"type":"LineString","coordinates":[[72.92059,19.04392],[72.92021,19.04397]]}},{"type":"Feature","properties":{"name":"Western Express Highway","highway":"trunk","policy":"day-time heavy-vehicle bans on select roads (MTP)"},"geometry":{"type":"LineString","coordinates":[[72.85622,19.1469],[72.85606,19.14531],[72.85602,19.14507],[72.85598,19.14486],[72.85587,19.14445],[72.85509,19.142],[72.85501,19.14179],[72.85494,19.14145],[72.85489,19.14108],[72.85488,19.14046],[72.85495,19.139]]}},{"type":"Feature","properties":{"name":"Western Express Highway","highway":"trunk","policy":"day-time heavy-vehicle bans on select roads (MTP)"},"geometry":{"type":"LineString","coordinates":[[72.85507,19.1369],[72.85517,19.135],[72.85518,19.13485],[72.85525,19.13275],[72.85525,19.13265],[72.85528,19.13188],[72.85531,19.13102],[72.85531,19.13088]]}},{"type":"Feature","properties":{"name":"A Patil Flyover","highway":"trunk","policy":"day-time heavy-vehicle bans on select roads (MTP)"},"geometry":{"type":"LineString","coordinates":[[72.83353,18.97686],[72.83351,18.97668],[72.83351,18.97661],[72.83351,18.97643],[72.83353,18.9762],[72.83356,18.97596],[72.83363,18.9755],[72.83377,18.97488],[72.83382,18.97452],[72.83384,18.97436],[72.83385,18.9743],[72.83385,18.97425],[72.83384,18.97419],[72.83382,18.97409],[72.83361,18.97342],[72.83354,18.97323],[72.83353,18.97321],[72.83324,18.97276]]}},{"type":"Feature","properties":{"name":"Dr Baba Saheb Ambedkar Marg (Victoria Garden Road)","highway":"trunk","policy":"day-time heavy-vehicle bans on select roads (MTP)"},"geometry":{"type":"LineString","coordinates":[[72.83387,18.97855],[72.83368,18.97748],[72.83362,18.97723],[72.83357,18.97705]]}},{"type":"Feature","properties":{"name":"Dr Babasaheb Ambedkar Marg","highway":"trunk","policy":"day-time heavy-vehicle bans on select roads (MTP)"},"geometry":{"type":"LineString","coordinates":[[72.83373,18.97408],[72.83376,18.97426],[72.83374,18.97452],[72.8337,18.97488],[72.83357,18.97544]]}},{"type":"Feature","properties":{"name":"Eastern Express Highway","highway":"trunk","policy":"day-time heavy-vehicle bans on select roads (MTP)"},"geometry":{"type":"LineString","coordinates":[[72.96863,19.17486],[72.96868,19.17449],[72.96864,19.17408],[72.96853,19.17298],[72.96845,19.17245],[72.96839,19.17217],[72.96816,19.17145],[72.96793,19.1708],[72.96774,19.17046]]}},{"type":"Feature","properties":{"name":"Eastern Express Highway","highway":"trunk","policy":"day-time heavy-vehicle bans on select roads (MTP)"},"geometry":{"type":"LineString","coordinates":[[72.95759,19.15546],[72.95613,19.15334]]}},{"type":"Feature","properties":{"name":"Western Express Highway","highway":"trunk","policy":"day-time heavy-vehicle bans on select roads (MTP)"},"geometry":{"type":"LineString","coordinates":[[72.87129,19.25699],[72.87112,19.25674]]}},{"type":"Feature","properties":{"name":"Western Express Highway","highway":"trunk","policy":"day-time heavy-vehicle bans on select roads (MTP)"},"geometry":{"type":"LineString","coordinates":[[72.87025,19.25548],[72.86964,19.25461]]}},{"type":"Feature","properties":{"name":"Western Express Highway","highway":"trunk","policy":"day-time heavy-vehicle bans on select roads (MTP)"},"geometry":{"type":"LineString","coordinates":[[72.86794,19.2521],[72.8672,19.25102],[72.867,19.25072],[72.86681,19.25046],[72.86676,19.25038]]}},{"type":"Feature","properties":{"name":"Western Express Highway","highway":"trunk","policy":"day-time heavy-vehicle bans on select roads (MTP)"},"geometry":{"type":"LineString","coordinates":[[72.86948,19.25439],[72.86922,19.25398],[72.86895,19.25358],[72.86866,19.25317],[72.86819,19.25246],[72.86808,19.25229]]}},{"type":"Feature","properties":{"name":"Western Express Highway","highway":"trunk","policy":"day-time heavy-vehicle bans on select roads (MTP)"},"geometry":{"type":"LineString","coordinates":[[72.86454,19.24413],[72.8645,19.24388],[72.86431,19.24268],[72.86424,19.24216],[72.86423,19.24208]]}},{"type":"Feature","properties":{"name":"Western Express Highway","highway":"trunk","policy":"day-time heavy-vehicle bans on select roads (MTP)"},"geometry":{"type":"LineString","coordinates":[[72.86575,19.24895],[72.86542,19.24841],[72.86526,19.248],[72.86507,19.24746],[72.86498,19.24715],[72.86492,19.24685]]}},{"type":"Feature","properties":{"name":"Mankhurd Flyover","highway":"motorway","policy":"day-time heavy-vehicle bans on select roads (MTP)"},"geometry":{"type":"LineString","coordinates":[[72.93375,19.05017],[72.93385,19.05021],[72.94011,19.05243]]}},{"type":"Feature","properties":{"name":"freight corridor","highway":"trunk","policy":"day-time heavy-vehicle bans on select roads (MTP)"},"geometry":{"type":"LineString","coordinates":[[72.93034,19.04897],[72.9306,19.04916],[72.93233,19.04978],[72.93249,19.04984],[72.93293,19.04999],[72.93362,19.05024],[72.93373,19.05027],[72.93394,19.05035],[72.9364,19.05123]]}},{"type":"Feature","properties":{"name":"C S T Kurla Junction Flyover","highway":"trunk","policy":"day-time heavy-vehicle bans on select roads (MTP)"},"geometry":{"type":"LineString","coordinates":[[72.88466,19.05477],[72.88477,19.05478]]}},{"type":"Feature","properties":{"name":"Sahitya Ratna Annabhau Sathe Flyover","highway":"trunk","policy":"day-time heavy-vehicle bans on select roads (MTP)"},"geometry":{"type":"LineString","coordinates":[[72.88255,19.05376],[72.88384,19.0544]]}},{"type":"Feature","properties":{"name":"Sion Hospital Flyover","highway":"trunk","policy":"day-time heavy-vehicle bans on select roads (MTP)"},"geometry":{"type":"LineString","coordinates":[[72.86069,19.03722],[72.86074,19.03744]]}},{"type":"Feature","properties":{"name":"C S M T Kurla Junction Flyover","highway":"trunk","policy":"day-time heavy-vehicle bans on select roads (MTP)"},"geometry":{"type":"LineString","coordinates":[[72.89014,19.05887],[72.8852,19.05493]]}},{"type":"Feature","properties":{"name":"C S M T Kurla Junction Flyover","highway":"trunk","policy":"day-time heavy-vehicle bans on select roads (MTP)"},"geometry":{"type":"LineString","coordinates":[[72.88477,19.05478],[72.89007,19.05894]]}},{"type":"Feature","properties":{"name":"Vikhroli Flyover","highway":"trunk","policy":"day-time heavy-vehicle bans on select roads (MTP)"},"geometry":{"type":"LineString","coordinates":[[72.9312,19.10631],[72.93345,19.11172],[72.93353,19.11193]]}},{"type":"Feature","properties":{"name":"Rajiv Gandhi Sea Link","highway":"motorway","policy":"day-time heavy-vehicle bans on select roads (MTP)"},"geometry":{"type":"LineString","coordinates":[[72.8167,19.01255],[72.81667,19.0126],[72.81665,19.01261],[72.81662,19.01262]]}},{"type":"Feature","properties":{"name":"Rajiv Gandhi Sea Link","highway":"motorway","policy":"day-time heavy-vehicle bans on select roads (MTP)"},"geometry":{"type":"LineString","coordinates":[[72.81664,19.01269],[72.81667,19.0127],[72.81669,19.01271],[72.81672,19.01274]]}},{"type":"Feature","properties":{"name":"Mumbai Coastal Road - Phase I","highway":"motorway","policy":"day-time heavy-vehicle bans on select roads (MTP)"},"geometry":{"type":"LineString","coordinates":[[72.81185,19.01595],[72.81231,19.01767]]}},{"type":"Feature","properties":{"name":"Sahitya Ratna Annabhau Sathe Flyover","highway":"trunk","policy":"day-time heavy-vehicle bans on select roads (MTP)"},"geometry":{"type":"LineString","coordinates":[[72.88384,19.0544],[72.88403,19.05449],[72.88418,19.05453],[72.88424,19.05454],[72.88431,19.05455],[72.88437,19.05453],[72.88442,19.05451],[72.88446,19.05448],[72.8845,19.05444],[72.88492,19.05388],[72.88497,19.05384],[72.88502,19.0538],[72.88507,19.05378],[72.88513,19.05376],[72.88519,19.05375],[72.88525,19.05375],[72.88537,19.05376]]}},{"type":"Feature","properties":{"name":"Eastern Freeway","highway":"motorway","policy":"day-time heavy-vehicle bans on select roads (MTP)"},"geometry":{"type":"LineString","coordinates":[[72.89839,19.03367],[72.89865,19.0337],[72.89896,19.03372],[72.89908,19.03372],[72.89924,19.03371],[72.89947,19.03369],[72.89997,19.03361],[72.90092,19.03343],[72.9011,19.0334],[72.90131,19.03339],[72.90152,19.03339],[72.90197,19.03342],[72.90222,19.03345],[72.90236,19.03349],[72.90248,19.03353],[72.90261,19.03359],[72.90535,19.03493],[72.90647,19.03554]]}},{"type":"Feature","properties":{"name":"Eastern Freeway","highway":"motorway","policy":"day-time heavy-vehicle bans on select roads (MTP)"},"geometry":{"type":"LineString","coordinates":[[72.90647,19.03554],[72.90722,19.03595],[72.90756,19.03611],[72.90786,19.03629],[72.90813,19.03653],[72.90835,19.03676],[72.90854,19.03702],[72.9087,19.03728],[72.9088,19.03756],[72.90887,19.0378],[72.90889,19.03808],[72.90882,19.03897]]}},{"type":"Feature","properties":{"name":"Eastern Express Highway","highway":"trunk","policy":"day-time heavy-vehicle bans on select roads (MTP)"},"geometry":{"type":"LineString","coordinates":[[72.90778,19.07125],[72.90892,19.072]]}},{"type":"Feature","properties":{"name":"Eastern Express Highway Flyover","highway":"trunk","policy":"day-time heavy-vehicle bans on select roads (MTP)"},"geometry":{"type":"LineString","coordinates":[[72.90977,19.07244],[72.90897,19.07191]]}},{"type":"Feature","properties":{"name":"Eastern Express Highway Flyover","highway":"trunk","policy":"day-time heavy-vehicle bans on select roads (MTP)"},"geometry":{"type":"LineString","coordinates":[[72.90471,19.06906],[72.90437,19.06882]]}},{"type":"Feature","properties":{"name":"Eastern Express Highway","highway":"trunk","policy":"day-time heavy-vehicle bans on select roads (MTP)"},"geometry":{"type":"LineString","coordinates":[[72.9093,19.07225],[72.9097,19.07252],[72.91014,19.07289]]}},{"type":"Feature","properties":{"name":"Western Express Highway","highway":"motorway","policy":"day-time heavy-vehicle bans on select roads (MTP)"},"geometry":{"type":"LineString","coordinates":[[72.85434,19.1035],[72.85442,19.10325],[72.85449,19.10292],[72.85463,19.10242],[72.85473,19.10195],[72.85477,19.1016],[72.85477,19.10147],[72.85477,19.10124],[72.85476,19.10092],[72.85474,19.10058],[72.85461,19.10032],[72.85447,19.1],[72.8543,19.09963],[72.85414,19.09931]]}},{"type":"Feature","properties":{"name":"Andheri Flyover","highway":"motorway","policy":"day-time heavy-vehicle bans on select roads (MTP)"},"geometry":{"type":"LineString","coordinates":[[72.85557,19.11873],[72.85542,19.11769],[72.85524,19.11662],[72.8551,19.11564],[72.85494,19.11442],[72.85484,19.1138],[72.85466,19.11297],[72.85436,19.11159],[72.8541,19.11038],[72.85377,19.10896],[72.85362,19.10827],[72.85354,19.10793],[72.8535,19.10768],[72.85349,19.10739],[72.8535,19.10715],[72.85353,19.10693],[72.85365,19.10635]]}},{"type":"Feature","properties":{"name":"Majiwada Flyover","highway":"trunk","policy":"day-time heavy-vehicle bans on select roads (MTP)"},"geometry":{"type":"LineString","coordinates":[[72.97383,19.20945],[72.97417,19.20974],[72.97554,19.21107]]}},{"type":"Feature","properties":{"name":"Eastern Express Highway","highway":"trunk","policy":"day-time heavy-vehicle bans on select roads (MTP)"},"geometry":{"type":"LineString","coordinates":[[72.97175,19.20742],[72.97271,19.20836],[72.97372,19.20935],[72.97383,19.20945]]}},{"type":"Feature","properties":{"name":"Eastern Express Highway","highway":"trunk","policy":"day-time heavy-vehicle bans on select roads (MTP)"},"geometry":{"type":"LineString","coordinates":[[72.98129,19.21143],[72.98221,19.21127]]}},{"type":"Feature","properties":{"name":"Teen Hath Naka Flyover","highway":"trunk","policy":"day-time heavy-vehicle bans on select roads (MTP)"},"geometry":{"type":"LineString","coordinates":[[72.9648,19.18473],[72.96461,19.18526]]}},{"type":"Feature","properties":{"name":"Mulund Flyover","highway":"trunk","policy":"day-time heavy-vehicle bans on select roads (MTP)"},"geometry":{"type":"LineString","coordinates":[[72.96619,19.16809],[72.96489,19.16622]]}},{"type":"Feature","properties":{"name":"Eastern Express Highway","highway":"trunk","policy":"day-time heavy-vehicle bans on select roads (MTP)"},"geometry":{"type":"LineString","coordinates":[[72.95603,19.15341],[72.9575,19.15553]]}},{"type":"Feature","properties":{"name":"Eastern Express Highway","highway":"trunk","policy":"day-time heavy-vehicle bans on select roads (MTP)"},"geometry":{"type":"LineString","coordinates":[[72.96762,19.17053],[72.96766,19.17059],[72.96777,19.17084],[72.96801,19.1715],[72.9682,19.17215],[72.96827,19.17242],[72.96829,19.17255],[72.96836,19.173],[72.96845,19.17399]]}},{"type":"Feature","properties":{"name":"Mulund Flyover","highway":"trunk","policy":"day-time heavy-vehicle bans on select roads (MTP)"},"geometry":{"type":"LineString","coordinates":[[72.96608,19.16816],[72.9663,19.16849]]}},{"type":"Feature","properties":{"name":"Mulund Flyover","highway":"trunk","policy":"day-time heavy-vehicle bans on select roads (MTP)"},"geometry":{"type":"LineString","coordinates":[[72.96477,19.16627],[72.96608,19.16816]]}},{"type":"Feature","properties":{"name":"Eastern Express Highway","highway":"trunk","policy":"day-time heavy-vehicle bans on select roads (MTP)"},"geometry":{"type":"LineString","coordinates":[[72.93971,19.12685],[72.93991,19.12728]]}},{"type":"Feature","properties":{"name":"Mulund Flyover","highway":"trunk","policy":"day-time heavy-vehicle bans on select roads (MTP)"},"geometry":{"type":"LineString","coordinates":[[72.96326,19.1639],[72.96295,19.16346]]}},{"type":"Feature","properties":{"name":"Eastern Express Highway","highway":"trunk","policy":"day-time heavy-vehicle bans on select roads (MTP)"},"geometry":{"type":"LineString","coordinates":[[72.9575,19.15553],[72.95863,19.1572]]}},{"type":"Feature","properties":{"name":"Thane Ghodbunder Road","highway":"trunk","policy":"day-time heavy-vehicle bans on select roads (MTP)"},"geometry":{"type":"LineString","coordinates":[[72.97698,19.21266],[72.97706,19.2128],[72.97716,19.21296],[72.97726,19.21329],[72.97737,19.21374]]}},{"type":"Feature","properties":{"name":"Majiwada Flyover","highway":"trunk","policy":"day-time heavy-vehicle bans on select roads (MTP)"},"geometry":{"type":"LineString","coordinates":[[72.97554,19.21107],[72.97578,19.2113],[72.97601,19.21145],[72.97631,19.21165],[72.97648,19.21174],[72.97666,19.21181],[72.97686,19.21188],[72.97699,19.21191],[72.97711,19.21193],[72.97727,19.21195],[72.97742,19.21196],[72.97759,19.21197],[72.97778,19.21196],[72.9781,19.21194],[72.97847,19.21189]]}},{"type":"Feature","properties":{"name":"Teen Hath Naka Flyover","highway":"trunk","policy":"day-time heavy-vehicle bans on select roads (MTP)"},"geometry":{"type":"LineString","coordinates":[[72.96461,19.18526],[72.96375,19.18792],[72.96361,19.18835],[72.96352,19.18875],[72.96309,19.19117]]}},{"type":"Feature","properties":{"name":"Western Express Highway","highway":"trunk","policy":"day-time heavy-vehicle bans on select roads (MTP)"},"geometry":{"type":"LineString","coordinates":[[72.87763,19.26804],[72.8781,19.26865],[72.87842,19.26907],[72.87865,19.26932],[72.87903,19.26965],[72.88275,19.27228]]}},{"type":"Feature","properties":{"name":"Western Express Highway","highway":"trunk","policy":"day-time heavy-vehicle bans on select roads (MTP)"},"geometry":{"type":"LineString","coordinates":[[72.87509,19.26475],[72.8751,19.26477],[72.87536,19.2651],[72.87627,19.26623],[72.87675,19.26686],[72.87684,19.26698],[72.87694,19.26712],[72.87763,19.26804]]}},{"type":"Feature","properties":{"name":"Western Express Highway","highway":"trunk","policy":"day-time heavy-vehicle bans on select roads (MTP)"},"geometry":{"type":"LineString","coordinates":[[72.87773,19.26797],[72.87735,19.26749],[72.87695,19.26694],[72.87682,19.26676],[72.87638,19.26617],[72.87547,19.26503],[72.87521,19.26472],[72.87518,19.26469],[72.87508,19.26457],[72.8749,19.26436],[72.87466,19.26408],[72.87455,19.26395],[72.87427,19.26355],[72.87405,19.26323],[72.87383,19.26281],[72.87354,19.26221],[72.87329,19.26161],[72.8732,19.26138]]}},{"type":"Feature","properties":{"name":"Western Express Highway","highway":"trunk","policy":"day-time heavy-vehicle bans on select roads (MTP)"},"geometry":{"type":"LineString","coordinates":[[72.8828,19.27219],[72.8791,19.26957],[72.87874,19.26924],[72.87851,19.26899],[72.87773,19.26797]]}},{"type":"Feature","properties":{"name":"Western Express Highway","highway":"trunk","policy":"day-time heavy-vehicle bans on select roads (MTP)"},"geometry":{"type":"LineString","coordinates":[[72.86666,19.25044],[72.86687,19.25074],[72.86709,19.25107],[72.86783,19.25217]]}},{"type":"Feature","properties":{"name":"Western Express Highway","highway":"trunk","policy":"day-time heavy-vehicle bans on select roads (MTP)"},"geometry":{"type":"LineString","coordinates":[[72.86479,19.24688],[72.86483,19.24712],[72.8649,19.24741],[72.865,19.24771],[72.86515,19.24809],[72.86534,19.24845],[72.86563,19.24903]]}},{"type":"Feature","properties":{"name":"Western Express Highway","highway":"trunk","policy":"day-time heavy-vehicle bans on select roads (MTP)"},"geometry":{"type":"LineString","coordinates":[[72.8632,19.23533],[72.8632,19.23546],[72.8632,19.23573],[72.86321,19.23604],[72.86323,19.23627],[72.86327,19.23654],[72.86329,19.2368],[72.86334,19.2371],[72.86346,19.23797],[72.86362,19.23896],[72.86377,19.23989],[72.86391,19.24081],[72.86411,19.24204]]}},{"type":"Feature","properties":{"name":"Western Express Highway","highway":"trunk","policy":"day-time heavy-vehicle bans on select roads (MTP)"},"geometry":{"type":"LineString","coordinates":[[72.86952,19.25465],[72.87015,19.25555]]}},{"type":"Feature","properties":{"name":"Western Express Highway","highway":"trunk","policy":"day-time heavy-vehicle bans on select roads (MTP)"},"geometry":{"type":"LineString","coordinates":[[72.868,19.25241],[72.86822,19.25275],[72.86942,19.2545]]}},{"type":"Feature","properties":{"name":"Western Express Highway","highway":"trunk","policy":"day-time heavy-vehicle bans on select roads (MTP)"},"geometry":{"type":"LineString","coordinates":[[72.86411,19.24204],[72.86413,19.24217],[72.86422,19.24269],[72.86434,19.24353],[72.86444,19.24415]]}},{"type":"Feature","properties":{"name":"Western Express Highway","highway":"trunk","policy":"day-time heavy-vehicle bans on select roads (MTP)"},"geometry":{"type":"LineString","coordinates":[[72.8685,19.21209],[72.86849,19.21133],[72.86849,19.21057],[72.86844,19.21023],[72.86836,19.20981],[72.86826,19.2095]]}},{"type":"Feature","properties":{"name":"Mahindra Flyover","highway":"trunk","policy":"day-time heavy-vehicle bans on select roads (MTP)"},"geometry":{"type":"LineString","coordinates":[[72.8636,19.20394],[72.86398,19.20433],[72.86447,19.2048],[72.86518,19.20553],[72.86567,19.20605],[72.86594,19.20633],[72.8664,19.20678],[72.8668,19.20721],[72.86705,19.20753],[72.86723,19.20778],[72.86743,19.20805],[72.86766,19.20847]]}},{"type":"Feature","properties":{"name":"Western Express Highway","highway":"trunk","policy":"day-time heavy-vehicle bans on select roads (MTP)"},"geometry":{"type":"LineString","coordinates":[[72.86601,19.21938],[72.86584,19.21985],[72.86562,19.22052],[72.86539,19.22119],[72.86522,19.22167],[72.86504,19.2222],[72.8649,19.2226],[72.86485,19.22275],[72.86471,19.22313],[72.86463,19.22337]]}},{"type":"Feature","properties":{"name":"Western Express Highway","highway":"trunk","policy":"day-time heavy-vehicle bans on select roads (MTP)"},"geometry":{"type":"LineString","coordinates":[[72.86278,19.20311],[72.86312,19.20347],[72.86318,19.20353],[72.8636,19.20394]]}},{"type":"Feature","properties":{"name":"Western Express Highway","highway":"trunk","policy":"day-time heavy-vehicle bans on select roads (MTP)"},"geometry":{"type":"LineString","coordinates":[[72.8641,19.22491],[72.86388,19.22551],[72.86378,19.22576],[72.86366,19.22606],[72.86355,19.22632],[72.86348,19.22649],[72.86342,19.22669],[72.86335,19.22698],[72.86331,19.22719],[72.86329,19.22738]]}},{"type":"Feature","properties":{"name":"Western Express Highway","highway":"trunk","policy":"day-time heavy-vehicle bans on select roads (MTP)"},"geometry":{"type":"LineString","coordinates":[[72.86664,19.21789],[72.86686,19.21733],[72.86694,19.21709],[72.86705,19.21675]]}},{"type":"Feature","properties":{"name":"Western Express Highway","highway":"trunk","policy":"day-time heavy-vehicle bans on select roads (MTP)"},"geometry":{"type":"LineString","coordinates":[[72.86705,19.21675],[72.86714,19.2165],[72.86731,19.21595]]}},{"type":"Feature","properties":{"name":"Western Express Highway","highway":"trunk","policy":"day-time heavy-vehicle bans on select roads (MTP)"},"geometry":{"type":"LineString","coordinates":[[72.86837,19.21209],[72.86831,19.21249],[72.86823,19.21288],[72.86812,19.2133],[72.86795,19.21383],[72.86778,19.21434],[72.86754,19.21498],[72.86732,19.21561],[72.86728,19.21571]]}},{"type":"Feature","properties":{"name":"Western Express Highway","highway":"trunk","policy":"day-time heavy-vehicle bans on select roads (MTP)"},"geometry":{"type":"LineString","coordinates":[[72.86734,19.21586],[72.86737,19.21577],[72.86743,19.21563],[72.86766,19.21506],[72.86802,19.21404],[72.86806,19.21389],[72.86821,19.21343],[72.86832,19.21304],[72.86843,19.21254],[72.86843,19.21249],[72.8685,19.21209]]}},{"type":"Feature","properties":{"name":"Western Express Highway","highway":"trunk","policy":"day-time heavy-vehicle bans on select roads (MTP)"},"geometry":{"type":"LineString","coordinates":[[72.86329,19.22869],[72.86328,19.22948],[72.8633,19.23063],[72.86331,19.23111],[72.8633,19.2322],[72.8633,19.23235],[72.86328,19.23303],[72.86326,19.23368],[72.86323,19.23428],[72.8632,19.23533]]}},{"type":"Feature","properties":{"name":"Western Express Highway","highway":"trunk","policy":"day-time heavy-vehicle bans on select roads (MTP)"},"geometry":{"type":"LineString","coordinates":[[72.86791,19.20899],[72.86801,19.20927],[72.86821,19.20982],[72.86829,19.21014],[72.86837,19.21057],[72.86839,19.21109],[72.86837,19.21209]]}},{"type":"Feature","properties":{"name":"Western Express Highway","highway":"trunk","policy":"day-time heavy-vehicle bans on select roads (MTP)"},"geometry":{"type":"LineString","coordinates":[[72.86274,19.2029],[72.86255,19.20269],[72.86228,19.20238],[72.86212,19.20223],[72.86193,19.20202],[72.86178,19.20182],[72.86167,19.20165],[72.86162,19.20154],[72.86153,19.2014],[72.86145,19.20121]]}},{"type":"Feature","properties":{"name":"Western Express Highway","highway":"trunk","policy":"day-time heavy-vehicle bans on select roads (MTP)"},"geometry":{"type":"LineString","coordinates":[[72.86105,19.20027],[72.86109,19.20044],[72.86117,19.20079],[72.86129,19.20111],[72.86143,19.20142],[72.86153,19.20164],[72.86171,19.20189],[72.86186,19.20211],[72.86201,19.20231],[72.86218,19.20249],[72.86248,19.20281],[72.86278,19.20311]]}},{"type":"Feature","properties":{"name":"Western Express Highway","highway":"trunk","policy":"day-time heavy-vehicle bans on select roads (MTP)"},"geometry":{"type":"LineString","coordinates":[[72.85953,19.19367],[72.85969,19.19396],[72.85972,19.19403],[72.85975,19.19407],[72.85982,19.19428],[72.8599,19.19457],[72.86007,19.19535],[72.86025,19.19618],[72.86035,19.19667],[72.86039,19.19683],[72.86042,19.19702],[72.86047,19.19729],[72.86048,19.19733],[72.86048,19.19735],[72.86052,19.19753],[72.86067,19.19835],[72.86079,19.19892],[72.86083,19.19914],[72.86093,19.19968],[72.86093,19.1997],[72.86094,19.19976],[72.86097,19.19987],[72.86098,19.19995]]}},{"type":"Feature","properties":{"name":"Western Express Highway","highway":"trunk","policy":"day-time heavy-vehicle bans on select roads (MTP)"},"geometry":{"type":"LineString","coordinates":[[72.86123,19.20046],[72.86117,19.20018],[72.86106,19.19964]]}},{"type":"Feature","properties":{"name":"Times Of India Flyover","highway":"trunk","policy":"day-time heavy-vehicle bans on select roads (MTP)"},"geometry":{"type":"LineString","coordinates":[[72.85834,19.18968],[72.85835,19.19003],[72.85835,19.19068],[72.85835,19.19103],[72.85837,19.1913],[72.85848,19.19167],[72.85855,19.19183],[72.85862,19.19198],[72.85873,19.19215],[72.85893,19.1925],[72.85922,19.19304]]}},{"type":"Feature","properties":{"name":"Western Express Highway","highway":"trunk","policy":"day-time heavy-vehicle bans on select roads (MTP)"},"geometry":{"type":"LineString","coordinates":[[72.85835,19.18127],[72.85835,19.18133],[72.85836,19.18144],[72.85836,19.18219],[72.85835,19.18291],[72.85836,19.1834],[72.85836,19.18364],[72.85836,19.18396],[72.85836,19.18421]]}},{"type":"Feature","properties":{"name":"Dindoshi flyover","highway":"trunk","policy":"day-time heavy-vehicle bans on select roads (MTP)"},"geometry":{"type":"LineString","coordinates":[[72.8591,19.1717],[72.85917,19.17242],[72.85926,19.17318],[72.85934,19.17382],[72.85936,19.1742],[72.85936,19.17455],[72.85934,19.17479],[72.85929,19.17512],[72.85925,19.17538],[72.85908,19.17594]]}},{"type":"Feature","properties":{"name":"Western Express Highway","highway":"trunk","policy":"day-time heavy-vehicle bans on select roads (MTP)"},"geometry":{"type":"LineString","coordinates":[[72.85895,19.17039],[72.85896,19.17048],[72.85903,19.17115],[72.85906,19.17138],[72.85909,19.17161],[72.8591,19.17165],[72.8591,19.1717]]}},{"type":"Feature","properties":{"name":"Western Express Highway","highway":"trunk","policy":"day-time heavy-vehicle bans on select roads (MTP)"},"geometry":{"type":"LineString","coordinates":[[72.85908,19.17594],[72.85893,19.17644],[72.85876,19.17694],[72.85868,19.17719],[72.8586,19.17744],[72.85859,19.17748]]}},{"type":"Feature","properties":{"name":"Western Express Highway","highway":"trunk","policy":"day-time heavy-vehicle bans on select roads (MTP)"},"geometry":{"type":"LineString","coordinates":[[72.85894,19.17676],[72.85904,19.17647],[72.85914,19.17618],[72.8592,19.17597]]}},{"type":"Feature","properties":{"name":"Rani sati flyover","highway":"trunk","policy":"day-time heavy-vehicle bans on select roads (MTP)"},"geometry":{"type":"LineString","coordinates":[[72.85852,19.18116],[72.85855,19.18037],[72.85855,19.17952],[72.85856,19.17867],[72.85857,19.17843],[72.8586,19.17798],[72.85866,19.1777],[72.85869,19.17761]]}},{"type":"Feature","properties":{"name":"Rani sati flyover","highway":"trunk","policy":"day-time heavy-vehicle bans on select roads (MTP)"},"geometry":{"type":"LineString","coordinates":[[72.85859,19.17748],[72.85846,19.17786],[72.85841,19.17811],[72.85839,19.17844],[72.85838,19.17919],[72.85836,19.18003],[72.85834,19.18076],[72.85835,19.18116]]}},{"type":"Feature","properties":{"name":"freight corridor","highway":"trunk","policy":"day-time heavy-vehicle bans on select roads (MTP)"},"geometry":{"type":"LineString","coordinates":[[72.84658,19.07461],[72.8466,19.07501],[72.84666,19.07637],[72.84669,19.07691],[72.84671,19.07787],[72.84672,19.07931],[72.84672,19.07969],[72.84672,19.08007],[72.84671,19.08029]]}},{"type":"Feature","properties":{"name":"NH48","highway":"trunk","policy":"day-time heavy-vehicle bans on select roads (MTP)"},"geometry":{"type":"LineString","coordinates":[[72.84629,19.08261],[72.84623,19.08285],[72.84621,19.08298],[72.84615,19.08333],[72.84609,19.08366],[72.84604,19.08407],[72.84606,19.08436]]}},{"type":"Feature","properties":{"name":"NH48","highway":"trunk","policy":"day-time heavy-vehicle bans on select roads (MTP)"},"geometry":{"type":"LineString","coordinates":[[72.84616,19.08439],[72.84628,19.08426],[72.84635,19.08404],[72.84638,19.08396],[72.84644,19.08376],[72.84652,19.08346],[72.84665,19.08283],[72.84668,19.08267],[72.84675,19.08223],[72.84692,19.08129],[72.84702,19.08079],[72.84703,19.08072]]}},{"type":"Feature","properties":{"name":"Aarey Flyover","highway":"trunk","policy":"day-time heavy-vehicle bans on select roads (MTP)"},"geometry":{"type":"LineString","coordinates":[[72.85783,19.16123],[72.85798,19.16252],[72.85808,19.16326],[72.85818,19.16394],[72.85828,19.16467],[72.85838,19.1654],[72.85845,19.16604],[72.85848,19.16626],[72.85854,19.16677],[72.85862,19.16738],[72.85868,19.16799],[72.85874,19.16853],[72.85876,19.16868]]}},{"type":"Feature","properties":{"name":"Western Express Highway","highway":"trunk","policy":"day-time heavy-vehicle bans on select roads (MTP)"},"geometry":{"type":"LineString","coordinates":[[72.8575,19.15911],[72.85756,19.15958],[72.85769,19.16038],[72.85771,19.16047]]}},{"type":"Feature","properties":{"name":"Western Express Highway","highway":"trunk","policy":"day-time heavy-vehicle bans on select roads (MTP)"},"geometry":{"type":"LineString","coordinates":[[72.86964,19.25461],[72.86955,19.25449]]}},{"type":"Feature","properties":{"name":"Western Express Highway","highway":"trunk","policy":"day-time heavy-vehicle bans on select roads (MTP)"},"geometry":{"type":"LineString","coordinates":[[72.86942,19.2545],[72.86949,19.2546],[72.86952,19.25465]]}},{"type":"Feature","properties":{"name":"Lalbaug Flyover","highway":"trunk","policy":"day-time heavy-vehicle bans on select roads (MTP)"},"geometry":{"type":"LineString","coordinates":[[72.83767,18.99929],[72.8376,18.99889],[72.83757,18.99834],[72.83757,18.99786],[72.83754,18.99745],[72.83741,18.99712],[72.83715,18.99662],[72.8369,18.99617],[72.83673,18.99565],[72.83667,18.99528],[72.83661,18.99453],[72.83645,18.99263],[72.83641,18.99231],[72.83631,18.99207],[72.83587,18.99135],[72.83574,18.99112],[72.83569,18.99089],[72.83569,18.9907],[72.83573,18.99039],[72.8358,18.98976],[72.83585,18.98899],[72.83585,18.98833],[72.83579,18.98775],[72.8356,18.98611],[72.83547,18.985],[72.83537,18.9843],[72.83526,18.98374],[72.83514,18.98323],[72.83479,18.98209],[72.83443,18.98102],[72.83429,18.98044],[72.83415,18.97986],[72.8339,18.97869]]}},{"type":"Feature","properties":{"name":"Lalbaug Flyover","highway":"trunk","policy":"day-time heavy-vehicle bans on select roads (MTP)"},"geometry":{"type":"LineString","coordinates":[[72.83377,18.97849],[72.83381,18.97868]]}},{"type":"Feature","properties":{"name":"Dr Babasaheb Ambedkar Marg","highway":"trunk","policy":"day-time heavy-vehicle bans on select roads (MTP)"},"geometry":{"type":"LineString","coordinates":[[72.83519,18.98399],[72.83526,18.98429],[72.83535,18.98499],[72.83536,18.98518],[72.83536,18.98518],[72.83538,18.98534],[72.83541,18.98554],[72.83544,18.98572],[72.83555,18.98656],[72.83563,18.98717],[72.83565,18.98736],[72.83568,18.98774],[72.8357,18.98798],[72.83573,18.98831],[72.83575,18.98847]]}},{"type":"Feature","properties":{"name":"Dr Baba Saheb Ambedkar Marg (Victoria Garden Road)","highway":"trunk","policy":"day-time heavy-vehicle bans on select roads (MTP)"},"geometry":{"type":"LineString","coordinates":[[72.83591,18.98847],[72.8359,18.98833],[72.83585,18.98775],[72.83584,18.98773],[72.83565,18.98611],[72.83563,18.98588],[72.83554,18.98516],[72.83553,18.98509],[72.83552,18.985],[72.83543,18.98429],[72.83539,18.98398]]}},{"type":"Feature","properties":{"name":"Lalbaug Flyover","highway":"trunk","policy":"day-time heavy-vehicle bans on select roads (MTP)"},"geometry":{"type":"LineString","coordinates":[[72.83772,18.99954],[72.83767,18.99929]]}},{"type":"Feature","properties":{"name":"Lalbaug Flyover","highway":"trunk","policy":"day-time heavy-vehicle bans on select roads (MTP)"},"geometry":{"type":"LineString","coordinates":[[72.83761,18.99929],[72.83766,18.99956]]}},{"type":"Feature","properties":{"name":"Dr Babasaheb Ambedkar Marg (Vincent Road)","highway":"trunk","policy":"day-time heavy-vehicle bans on select roads (MTP)"},"geometry":{"type":"LineString","coordinates":[[72.83892,19.00393],[72.83889,19.00382],[72.83873,19.00328],[72.83867,19.00307],[72.83862,19.00282],[72.83854,19.00246],[72.83853,19.00242],[72.83841,19.00192],[72.83837,19.00175],[72.83827,19.00149],[72.83813,19.00108],[72.8381,19.00097],[72.83803,19.00074],[72.83795,19.00047],[72.83784,19.0],[72.83772,18.99954]]}},{"type":"Feature","properties":{"name":"King's Circle Flyover","highway":"trunk","policy":"day-time heavy-vehicle bans on select roads (MTP)"},"geometry":{"type":"LineString","coordinates":[[72.84995,19.02063],[72.84979,19.02038]]}},{"type":"Feature","properties":{"name":"Hindmata Flyover","highway":"trunk","policy":"day-time heavy-vehicle bans on select roads (MTP)"},"geometry":{"type":"LineString","coordinates":[[72.83895,19.00406],[72.83892,19.00393]]}},{"type":"Feature","properties":{"name":"Hindmata Flyover","highway":"trunk","policy":"day-time heavy-vehicle bans on select roads (MTP)"},"geometry":{"type":"LineString","coordinates":[[72.84284,19.01094],[72.84287,19.011],[72.84294,19.01111]]}},{"type":"Feature","properties":{"name":"Hindmata Flyover","highway":"trunk","policy":"day-time heavy-vehicle bans on select roads (MTP)"},"geometry":{"type":"LineString","coordinates":[[72.8388,19.00393],[72.83886,19.00407]]}},{"type":"Feature","properties":{"name":"King's Circle Flyover","highway":"trunk","policy":"day-time heavy-vehicle bans on select roads (MTP)"},"geometry":{"type":"LineString","coordinates":[[72.84969,19.02042],[72.84987,19.02069]]}},{"type":"Feature","properties":{"name":"Jaganath Shankur Seth (Dadar TT) Flyover","highway":"trunk","policy":"day-time heavy-vehicle bans on select roads (MTP)"},"geometry":{"type":"LineString","coordinates":[[72.84445,19.01318],[72.84441,19.0131],[72.84425,19.01283]]}},{"type":"Feature","properties":{"name":"Jaganath Shankur Seth (Dadar TT) Flyover","highway":"trunk","policy":"day-time heavy-vehicle bans on select roads (MTP)"},"geometry":{"type":"LineString","coordinates":[[72.84413,19.01291],[72.84439,19.01322]]}},{"type":"Feature","properties":{"name":"Eastern Express Highway","highway":"trunk","policy":"day-time heavy-vehicle bans on select roads (MTP)"},"geometry":{"type":"LineString","coordinates":[[72.85876,19.03237],[72.85811,19.03084],[72.85803,19.03066]]}},{"type":"Feature","properties":{"name":"Eastern Express Highway","highway":"trunk","policy":"day-time heavy-vehicle bans on select roads (MTP)"},"geometry":{"type":"LineString","coordinates":[[72.85795,19.03069],[72.85803,19.03087],[72.85868,19.0324]]}},{"type":"Feature","properties":{"name":"A Patil Flyover","highway":"trunk","policy":"day-time heavy-vehicle bans on select roads (MTP)"},"geometry":{"type":"LineString","coordinates":[[72.83254,18.97074],[72.83254,18.97124],[72.83255,18.97166],[72.83255,18.97178],[72.83256,18.97192],[72.83261,18.97209],[72.83268,18.97226],[72.83282,18.97246],[72.83305,18.97271]]}},{"type":"Feature","properties":{"name":"Eastern Express Highway","highway":"trunk","policy":"day-time heavy-vehicle bans on select roads (MTP)"},"geometry":{"type":"LineString","coordinates":[[72.93082,19.10505],[72.93074,19.10485],[72.92981,19.10256],[72.92903,19.10065],[72.92898,19.10055],[72.92787,19.09782],[72.92753,19.09696],[72.92726,19.0963],[72.92564,19.09236],[72.92557,19.0922],[72.92463,19.08989],[72.924,19.08842],[72.92384,19.08805],[72.92374,19.08782]]}},{"type":"Feature","properties":{"name":"Vikhroli Flyover","highway":"trunk","policy":"day-time heavy-vehicle bans on select roads (MTP)"},"geometry":{"type":"LineString","coordinates":[[72.93363,19.11191],[72.93133,19.10627]]}},{"type":"Feature","properties":{"name":"Vikhroli Flyover","highway":"trunk","policy":"day-time heavy-vehicle bans on select roads (MTP)"},"geometry":{"type":"LineString","coordinates":[[72.93067,19.10511],[72.9312,19.10631]]}},{"type":"Feature","properties":{"name":"Majiwada Flyover","highway":"trunk","policy":"day-time heavy-vehicle bans on select roads (MTP)"},"geometry":{"type":"LineString","coordinates":[[72.97562,19.21099],[72.97426,19.20966],[72.97395,19.20935]]}},{"type":"Feature","properties":{"name":"Nitin-Cadbury Junction Flyover","highway":"trunk","policy":"day-time heavy-vehicle bans on select roads (MTP)"},"geometry":{"type":"LineString","coordinates":[[72.97136,19.20686],[72.96437,19.20023],[72.964,19.19987],[72.96368,19.19954],[72.96339,19.19911],[72.96309,19.19859],[72.96286,19.19806],[72.96264,19.19746]]}},{"type":"Feature","properties":{"name":"Eastern Express Highway","highway":"trunk","policy":"day-time heavy-vehicle bans on select roads (MTP)"},"geometry":{"type":"LineString","coordinates":[[72.99413,19.20929],[72.99407,19.20929],[72.99019,19.20987],[72.98925,19.21002],[72.98879,19.2101],[72.98746,19.21035],[72.98737,19.21037]]}},{"type":"Feature","properties":{"name":"Western Express Highway","highway":"motorway","policy":"day-time heavy-vehicle bans on select roads (MTP)"},"geometry":{"type":"LineString","coordinates":[[72.84644,19.05797],[72.84645,19.05846]]}},{"type":"Feature","properties":{"name":"Eastern Freeway","highway":"motorway","policy":"day-time heavy-vehicle bans on select roads (MTP)"},"geometry":{"type":"LineString","coordinates":[[72.88568,19.02786],[72.88786,19.02889],[72.88823,19.02911],[72.88845,19.02926],[72.89026,19.03061],[72.89056,19.03079],[72.89088,19.03094],[72.89808,19.03359],[72.89839,19.03367]]}},{"type":"Feature","properties":{"name":"Eastern Freeway","highway":"motorway","policy":"day-time heavy-vehicle bans on select roads (MTP)"},"geometry":{"type":"LineString","coordinates":[[72.90863,19.04128],[72.90879,19.04313],[72.90888,19.04395],[72.90897,19.04457],[72.90901,19.04481],[72.90907,19.04539],[72.90909,19.04547],[72.90914,19.04565],[72.90926,19.04589],[72.90949,19.04649],[72.90956,19.0467],[72.90967,19.04712],[72.91044,19.04998],[72.91049,19.05022],[72.91052,19.05041],[72.91055,19.05063],[72.91062,19.05152],[72.91068,19.05231],[72.91075,19.05329],[72.91079,19.05359],[72.91087,19.05412],[72.91112,19.05523],[72.91123,19.05551],[72.91131,19.05567],[72.91143,19.05583],[72.91189,19.05651]]}},{"type":"Feature","properties":{"name":"freight corridor","highway":"trunk","policy":"day-time heavy-vehicle bans on select roads (MTP)"},"geometry":{"type":"LineString","coordinates":[[72.84699,19.07459],[72.84699,19.07448],[72.84698,19.074],[72.84696,19.07339],[72.84693,19.07193],[72.8468,19.07134]]}},{"type":"Feature","properties":{"name":"Eastern Freeway","highway":"motorway","policy":"day-time heavy-vehicle bans on select roads (MTP)"},"geometry":{"type":"LineString","coordinates":[[72.84575,18.96587],[72.84579,18.96634],[72.84601,18.96951],[72.84603,18.96994],[72.846,18.97043],[72.84596,18.97094],[72.84583,18.97186],[72.84573,18.97243],[72.8456,18.97303],[72.84546,18.97364],[72.84521,18.97463],[72.8451,18.97524],[72.84503,18.97569]]}},{"type":"Feature","properties":{"name":"Nitin-Cadbury Junction Flyover","highway":"trunk","policy":"day-time heavy-vehicle bans on select roads (MTP)"},"geometry":{"type":"LineString","coordinates":[[72.96253,19.19749],[72.96275,19.1981],[72.96299,19.19863],[72.96329,19.19916],[72.96358,19.19959],[72.96391,19.19994],[72.96429,19.2003],[72.97128,19.20694]]}},{"type":"Feature","properties":{"name":"Atal Setu","highway":"motorway","policy":"day-time heavy-vehicle bans on select roads (MTP)"},"geometry":{"type":"LineString","coordinates":[[73.01573,18.95325],[73.0152,18.95365],[73.01471,18.95407],[73.01441,18.95436],[73.01393,18.95497],[73.01339,18.95587],[73.01147,18.95957],[73.01124,18.96],[73.01113,18.96022],[73.01091,18.96064],[73.00986,18.96266],[73.00965,18.96306],[73.00949,18.96337],[73.00906,18.96417],[73.00838,18.96547],[73.00778,18.96661],[73.00708,18.96769],[73.00682,18.96801],[73.00649,18.96841],[73.00614,18.96872],[73.00522,18.96959],[73.005,18.96975],[73.00467,18.97003],[73.00341,18.97104],[73.00047,18.97332],[73.00002,18.97367],[72.99974,18.97389],[72.99953,18.97406],[72.99915,18.97436],[72.99057,18.98103],[72.9862,18.98439],[72.98568,18.98477],[72.98522,18.9851],[72.9849,18.98531],[72.98467,18.98546],[72.98429,18.98572],[72.98384,18.98601],[72.98235,18.98691],[72.98038,18.98792],[72.978,18.98899],[72.97582,18.98981],[72.97397,18.99038],[72.9713,18.99105],[72.96763,18.99169],[72.96587,18.99183],[72.96531,18.99188],[72.96492,18.99191],[72.96465,18.99193],[72.96441,18.99195],[72.96418,18.99195],[72.96179,18.99198],[72.96057,18.99194],[72.95894,18.99184],[72.95714,18.99167],[72.94248,18.99034],[72.94192,18.99029],[72.94154,18.99025],[72.94126,18.99023],[72.94099,18.9902],[72.94019,18.99013],[72.92146,18.98839],[72.9209,18.98834],[72.92051,18.98831],[72.92024,18.98828],[72.91995,18.98825],[72.91127,18.98745],[72.90641,18.98704],[72.90456,18.987],[72.90262,18.9871],[72.90055,18.9874],[72.89973,18.98756],[72.89836,18.9879],[72.89695,18.98835],[72.89568,18.9888],[72.8953,18.98898],[72.89478,18.98922],[72.89444,18.98938],[72.89418,18.9895],[72.89393,18.98962],[72.89319,18.98996],[72.88725,18.9929],[72.8847,18.99416],[72.88152,18.99563],[72.87876,18.99698],[72.87746,18.99762],[72.87696,18.99787],[72.87662,18.99804],[72.87637,18.99816],[72.87597,18.99836],[72.87595,18.99837],[72.87424,18.99911],[72.87315,18.99949],[72.87216,18.99975],[72.87117,18.99997],[72.87036,19.00008],[72.86946,19.00019],[72.86843,19.00024],[72.86714,19.00023],[72.8664,19.00017],[72.86583,19.00012],[72.86575,19.00011],[72.86546,19.00007],[72.86519,19.00003],[72.86473,18.99995],[72.86262,18.99942]]}},{"type":"Feature","properties":{"name":"Eastern Freeway","highway":"motorway","policy":"day-time heavy-vehicle bans on select roads (MTP)"},"geometry":{"type":"LineString","coordinates":[[72.88017,19.02518],[72.88024,19.02522],[72.8851,19.02758]]}},{"type":"Feature","properties":{"name":"Santa Cruz \u2013 Chembur Link Road","highway":"trunk","policy":"day-time heavy-vehicle bans on select roads (MTP)"},"geometry":{"type":"LineString","coordinates":[[72.88386,19.07288],[72.88341,19.07321],[72.88311,19.07336],[72.88285,19.07344],[72.8825,19.0735]]}},{"type":"Feature","properties":{"name":"Sahar Road Underpass","highway":"motorway","policy":"day-time heavy-vehicle bans on select roads (MTP)"},"geometry":{"type":"LineString","coordinates":[[72.85497,19.10153],[72.85517,19.10174],[72.85547,19.10196],[72.8559,19.10215],[72.85627,19.10222],[72.85666,19.10227],[72.85705,19.10221]]}},{"type":"Feature","properties":{"name":"Sahar Road Underpass","highway":"motorway","policy":"day-time heavy-vehicle bans on select roads (MTP)"},"geometry":{"type":"LineString","coordinates":[[72.85391,19.09922],[72.85413,19.09955],[72.85433,19.09998],[72.85451,19.10048],[72.85453,19.10055],[72.85457,19.10073]]}},{"type":"Feature","properties":{"name":"Sahar Road Underpass","highway":"motorway","policy":"day-time heavy-vehicle bans on select roads (MTP)"},"geometry":{"type":"LineString","coordinates":[[72.85457,19.10073],[72.85463,19.10095],[72.85471,19.10112],[72.85497,19.10153]]}},{"type":"Feature","properties":{"name":"Eastern Freeway","highway":"motorway","policy":"day-time heavy-vehicle bans on select roads (MTP)"},"geometry":{"type":"LineString","coordinates":[[72.84512,18.97569],[72.84518,18.97526],[72.84531,18.97455],[72.84556,18.97366],[72.8457,18.97305],[72.84583,18.97245],[72.84593,18.97187],[72.84606,18.97095],[72.84611,18.97044],[72.84613,18.96994],[72.84612,18.96951],[72.84588,18.96631],[72.84586,18.96585]]}},{"type":"Feature","properties":{"name":"Eastern Freeway","highway":"motorway","policy":"day-time heavy-vehicle bans on select roads (MTP)"},"geometry":{"type":"LineString","coordinates":[[72.8451,18.97662],[72.84509,18.97615],[72.84512,18.97569]]}},{"type":"Feature","properties":{"name":"Eastern Freeway","highway":"motorway","policy":"day-time heavy-vehicle bans on select roads (MTP)"},"geometry":{"type":"LineString","coordinates":[[72.84503,18.97569],[72.84501,18.97614],[72.84501,18.9766]]}},{"type":"Feature","properties":{"name":"Eastern Freeway","highway":"motorway","policy":"day-time heavy-vehicle bans on select roads (MTP)"},"geometry":{"type":"LineString","coordinates":[[72.88515,19.02746],[72.88061,19.0253]]}},{"type":"Feature","properties":{"name":"Eastern Freeway","highway":"motorway","policy":"day-time heavy-vehicle bans on select roads (MTP)"},"geometry":{"type":"LineString","coordinates":[[72.90624,19.03515],[72.90543,19.0348],[72.90269,19.03345],[72.90255,19.03339],[72.90242,19.03334],[72.90226,19.03329],[72.90206,19.03326],[72.90152,19.03326],[72.9013,19.03326],[72.90109,19.03328],[72.9009,19.0333],[72.89995,19.03349],[72.89945,19.03356],[72.89923,19.03359],[72.89896,19.03359],[72.89867,19.03358],[72.89842,19.03354]]}},{"type":"Feature","properties":{"name":"Eastern Freeway","highway":"motorway","policy":"day-time heavy-vehicle bans on select roads (MTP)"},"geometry":{"type":"LineString","coordinates":[[72.87979,19.02493],[72.87912,19.0246],[72.87885,19.02444],[72.87856,19.02426],[72.87817,19.02398],[72.87658,19.02264],[72.87643,19.02249],[72.87634,19.02239],[72.87621,19.02217],[72.87513,19.02053],[72.87505,19.02041],[72.87482,19.02003],[72.87428,19.01918],[72.87376,19.01844],[72.87307,19.01743],[72.87285,19.01702],[72.87263,19.01658],[72.87233,19.01599],[72.87211,19.01549],[72.87198,19.01494],[72.87185,19.01446],[72.87162,19.0133],[72.87155,19.01308],[72.87146,19.01287],[72.87133,19.01262],[72.87116,19.01235],[72.87101,19.01214],[72.87083,19.01194],[72.87055,19.01168],[72.87021,19.01141],[72.87003,19.0113],[72.86991,19.01122],[72.86961,19.01108],[72.86915,19.01092],[72.86874,19.01081],[72.86835,19.01076],[72.86796,19.01076],[72.86765,19.01077],[72.86733,19.01082],[72.8667,19.01093],[72.86645,19.01095],[72.86622,19.01096],[72.86598,19.01094],[72.86577,19.01088],[72.86549,19.01078],[72.86315,19.00967],[72.8621,19.00914],[72.86138,19.00884],[72.86075,19.0085],[72.86029,19.00828],[72.86002,19.00815],[72.85975,19.00804],[72.85915,19.00781],[72.85846,19.00752],[72.85814,19.00737],[72.858,19.00731],[72.85762,19.00711],[72.85721,19.0069],[72.85677,19.0066],[72.85653,19.00641],[72.85633,19.00621],[72.8562,19.00605],[72.85609,19.00589],[72.85592,19.00556],[72.85582,19.00527],[72.85577,19.0051],[72.85577,19.005],[72.85576,19.00463],[72.85581,19.00322],[72.85582,19.00234],[72.85577,19.00129],[72.85574,19.00091],[72.85569,19.00066],[72.85563,19.0004],[72.85501,18.99887],[72.85481,18.99836],[72.85458,18.99768],[72.85417,18.99673],[72.85393,18.99626],[72.85283,18.99408],[72.85262,18.99366],[72.85224,18.99284],[72.85146,18.99129],[72.84811,18.98418],[72.84761,18.98313],[72.84689,18.98162],[72.84604,18.97981],[72.84576,18.97917],[72.84556,18.97877],[72.84544,18.9784],[72.84532,18.97796],[72.84522,18.97748],[72.84515,18.97717],[72.84512,18.97695],[72.8451,18.97662]]}},{"type":"Feature","properties":{"name":"Eastern Freeway","highway":"motorway","policy":"day-time heavy-vehicle bans on select roads (MTP)"},"geometry":{"type":"LineString","coordinates":[[72.84501,18.9766],[72.84504,18.97692],[72.84507,18.97717],[72.84512,18.97748],[72.84523,18.97798],[72.84536,18.97842],[72.84548,18.97879],[72.84566,18.97921],[72.85199,18.99253],[72.85252,18.9937],[72.85409,18.99676],[72.85448,18.99771],[72.85462,18.99804],[72.85474,18.99839],[72.85494,18.99887],[72.85553,19.00043],[72.85558,19.00068],[72.85563,19.00093],[72.85567,19.0013],[72.85571,19.00234],[72.8557,19.00322],[72.85566,19.00464],[72.85568,19.00501],[72.85573,19.00529],[72.85584,19.00559],[72.85602,19.00593],[72.85615,19.0061],[72.85629,19.00625],[72.8565,19.00646],[72.85674,19.00667],[72.85719,19.00697],[72.85758,19.00718],[72.85797,19.00738],[72.85842,19.00758],[72.85972,19.0081],[72.85998,19.00822],[72.86025,19.00835],[72.86069,19.00858],[72.86133,19.00892],[72.86205,19.00923],[72.86349,19.00991],[72.86545,19.01084],[72.86574,19.01096],[72.86601,19.01101],[72.86624,19.01104],[72.86648,19.01103],[72.8668,19.01096],[72.86734,19.01086],[72.86768,19.01083],[72.868,19.01082],[72.86839,19.01083],[72.86871,19.01088],[72.86912,19.01099],[72.86957,19.01116],[72.86985,19.0113],[72.86998,19.01138],[72.86999,19.01139],[72.87015,19.01149],[72.87048,19.01175],[72.87076,19.01201],[72.87093,19.0122],[72.87107,19.0124],[72.87123,19.01266],[72.87136,19.01291],[72.87145,19.01312],[72.87152,19.01332],[72.87178,19.01448],[72.8719,19.01497],[72.87206,19.01551],[72.87223,19.01602],[72.87253,19.01662],[72.87278,19.01707],[72.87301,19.01745],[72.87367,19.01849],[72.87419,19.01924],[72.87497,19.02046],[72.87612,19.02222],[72.87628,19.02245],[72.87632,19.02249],[72.87652,19.02269],[72.87814,19.02404],[72.87852,19.02432],[72.8788,19.0245],[72.87907,19.02464],[72.87975,19.02499]]}},{"type":"Feature","properties":{"name":"Eastern Freeway","highway":"motorway","policy":"day-time heavy-vehicle bans on select roads (MTP)"},"geometry":{"type":"LineString","coordinates":[[72.89842,19.03354],[72.89812,19.03347],[72.89094,19.03083]]}},{"type":"Feature","properties":{"name":"Santa Cruz \u2013 Chembur Link Road","highway":"trunk","policy":"day-time heavy-vehicle bans on select roads (MTP)"},"geometry":{"type":"LineString","coordinates":[[72.88394,19.07296],[72.88424,19.07267],[72.88498,19.07201],[72.88515,19.07185],[72.88531,19.07166],[72.8857,19.0712],[72.8867,19.07003]]}},{"type":"Feature","properties":{"name":"Santa Cruz \u2013 Chembur Link Road","highway":"trunk","policy":"day-time heavy-vehicle bans on select roads (MTP)"},"geometry":{"type":"LineString","coordinates":[[72.89303,19.06543],[72.89177,19.06577]]}},{"type":"Feature","properties":{"name":"Santa Cruz \u2013 Chembur Link Road","highway":"trunk","policy":"day-time heavy-vehicle bans on select roads (MTP)"},"geometry":{"type":"LineString","coordinates":[[72.89179,19.06585],[72.89305,19.0655]]}},{"type":"Feature","properties":{"name":"Santa Cruz \u2013 Chembur Link Road","highway":"trunk","policy":"day-time heavy-vehicle bans on select roads (MTP)"},"geometry":{"type":"LineString","coordinates":[[72.88793,19.06857],[72.8887,19.06765],[72.88902,19.06733],[72.88941,19.06696],[72.88983,19.06657],[72.89006,19.0664],[72.89029,19.06628],[72.89054,19.06619],[72.89079,19.0661],[72.89179,19.06585]]}},{"type":"Feature","properties":{"name":"Santa Cruz \u2013 Chembur Link Road","highway":"trunk","policy":"day-time heavy-vehicle bans on select roads (MTP)"},"geometry":{"type":"LineString","coordinates":[[72.88661,19.06996],[72.88562,19.07113],[72.88522,19.07159],[72.88506,19.07178],[72.8849,19.07194],[72.88416,19.07259],[72.88386,19.07288]]}},{"type":"Feature","properties":{"name":"Santa Cruz \u2013 Chembur Link Road","highway":"trunk","policy":"day-time heavy-vehicle bans on select roads (MTP)"},"geometry":{"type":"LineString","coordinates":[[72.87096,19.0743],[72.87005,19.07392],[72.86992,19.07387],[72.86914,19.07351],[72.86907,19.07347],[72.86851,19.07323],[72.86768,19.07287],[72.86714,19.07264],[72.86684,19.0725],[72.8663,19.07226],[72.86583,19.07206],[72.86523,19.0718],[72.86476,19.07159],[72.86388,19.0712],[72.8637,19.07115],[72.86351,19.07108],[72.86326,19.07103],[72.86305,19.07101],[72.86289,19.07101],[72.86265,19.07103],[72.86261,19.07104],[72.86244,19.07106],[72.86214,19.07115],[72.86193,19.07124],[72.86171,19.07137],[72.86156,19.07149],[72.86135,19.0717],[72.86115,19.07199],[72.86086,19.07287]]}},{"type":"Feature","properties":{"name":"Santa Cruz \u2013 Chembur Link Road Flyover","highway":"trunk","policy":"day-time heavy-vehicle bans on select roads (MTP)"},"geometry":{"type":"LineString","coordinates":[[72.89573,19.06479],[72.89638,19.06464]]}},{"type":"Feature","properties":{"name":"Santa Cruz \u2013 Chembur Link Road","highway":"trunk","policy":"day-time heavy-vehicle bans on select roads (MTP)"},"geometry":{"type":"LineString","coordinates":[[72.89529,19.06478],[72.89329,19.06532]]}},{"type":"Feature","properties":{"name":"Santa Cruz \u2013 Chembur Link Road","highway":"trunk","policy":"day-time heavy-vehicle bans on select roads (MTP)"},"geometry":{"type":"LineString","coordinates":[[72.89334,19.06548],[72.89362,19.0654],[72.89534,19.06494]]}},{"type":"Feature","properties":{"name":"Santa Cruz \u2013 Chembur Link Road Flyover","highway":"trunk","policy":"day-time heavy-vehicle bans on select roads (MTP)"},"geometry":{"type":"LineString","coordinates":[[72.9032,19.06791],[72.90247,19.06739],[72.90233,19.06731],[72.90219,19.06728],[72.90205,19.06726],[72.90188,19.06726],[72.9017,19.06722],[72.90154,19.06714],[72.9006,19.06652],[72.90027,19.0663],[72.89931,19.06568],[72.89907,19.06555],[72.89884,19.06541],[72.89781,19.06471],[72.89761,19.06462],[72.89738,19.06455],[72.89711,19.06451],[72.89683,19.06451],[72.89658,19.06453],[72.89636,19.06457]]}},{"type":"Feature","properties":{"name":"Santa Cruz \u2013 Chembur Link Road Flyover","highway":"trunk","policy":"day-time heavy-vehicle bans on select roads (MTP)"},"geometry":{"type":"LineString","coordinates":[[72.90423,19.06872],[72.90409,19.06851]]}},{"type":"Feature","properties":{"name":"Santa Cruz \u2013 Chembur Link Road","highway":"trunk","policy":"day-time heavy-vehicle bans on select roads (MTP)"},"geometry":{"type":"LineString","coordinates":[[72.87727,19.07593],[72.87709,19.07605],[72.87696,19.07614],[72.87682,19.07621],[72.87668,19.07628],[72.87655,19.07634],[72.8764,19.07639],[72.87628,19.07641],[72.87626,19.07641],[72.87624,19.07642],[72.87609,19.07643],[72.87595,19.07643],[72.8758,19.07641],[72.87566,19.07639],[72.87552,19.07636],[72.87538,19.07631],[72.87522,19.07625],[72.87501,19.07614]]}},{"type":"Feature","properties":{"name":"Santa Cruz \u2013 Chembur Link Road","highway":"trunk","policy":"day-time heavy-vehicle bans on select roads (MTP)"},"geometry":{"type":"LineString","coordinates":[[72.87439,19.07608],[72.87488,19.07639],[72.87511,19.0765],[72.87528,19.07656],[72.87533,19.07658],[72.87544,19.07662],[72.8756,19.07666],[72.87575,19.07668],[72.87593,19.0767],[72.87611,19.07671],[72.87628,19.07669],[72.87632,19.07668]]}},{"type":"Feature","properties":{"name":"NH48","highway":"trunk","policy":"day-time heavy-vehicle bans on select roads (MTP)"},"geometry":{"type":"LineString","coordinates":[[72.84703,19.08072],[72.84705,19.08045],[72.84706,19.08043]]}},{"type":"Feature","properties":{"name":"Shahid Major Kaustubh Rane flyover","highway":"trunk","policy":"day-time heavy-vehicle bans on select roads (MTP)"},"geometry":{"type":"LineString","coordinates":[[72.87657,19.07641],[72.87642,19.07646],[72.87625,19.07649],[72.87609,19.07651],[72.87594,19.0765],[72.87578,19.07649],[72.87565,19.07646],[72.8755,19.07643],[72.87536,19.07638],[72.87519,19.07632],[72.87498,19.07621]]}},{"type":"Feature","properties":{"name":"Shahid Major Kaustubh Rane flyover","highway":"trunk","policy":"day-time heavy-vehicle bans on select roads (MTP)"},"geometry":{"type":"LineString","coordinates":[[72.87661,19.07649],[72.87676,19.07643],[72.87691,19.07635],[72.87705,19.07628],[72.87719,19.07619],[72.87824,19.0755],[72.87853,19.07533],[72.87882,19.07517],[72.87944,19.07487]]}},{"type":"Feature","properties":{"name":"Shahid Major Kaustubh Rane flyover","highway":"trunk","policy":"day-time heavy-vehicle bans on select roads (MTP)"},"geometry":{"type":"LineString","coordinates":[[72.8794,19.07479],[72.87878,19.07509],[72.87848,19.07525],[72.87819,19.07543],[72.87714,19.07612],[72.877,19.0762],[72.87686,19.07628],[72.87672,19.07635],[72.87657,19.07641]]}},{"type":"Feature","properties":{"name":"Santa Cruz \u2013 Chembur Link Road","highway":"trunk","policy":"day-time heavy-vehicle bans on select roads (MTP)"},"geometry":{"type":"LineString","coordinates":[[72.88214,19.07347],[72.88185,19.07349],[72.88161,19.07352],[72.8814,19.07357],[72.88119,19.07363],[72.88086,19.07379],[72.88048,19.07404]]}},{"type":"Feature","properties":{"name":"Santa Cruz \u2013 Chembur Link Road","highway":"trunk","policy":"day-time heavy-vehicle bans on select roads (MTP)"},"geometry":{"type":"LineString","coordinates":[[72.88252,19.0736],[72.88288,19.07355],[72.88316,19.07346],[72.88347,19.0733],[72.88394,19.07296]]}},{"type":"Feature","properties":{"name":"Santa Cruz \u2013 Chembur Link Road","highway":"trunk","policy":"day-time heavy-vehicle bans on select roads (MTP)"},"geometry":{"type":"LineString","coordinates":[[72.87969,19.07478],[72.87985,19.07467],[72.88015,19.0745],[72.88054,19.07424],[72.88096,19.07396],[72.88125,19.07382],[72.88145,19.07375],[72.88166,19.07371],[72.88187,19.07367],[72.88215,19.07365]]}},{"type":"Feature","properties":{"name":"Santa Cruz \u2013 Chembur Link Road","highway":"trunk","policy":"day-time heavy-vehicle bans on select roads (MTP)"},"geometry":{"type":"LineString","coordinates":[[72.8825,19.0735],[72.88214,19.07347]]}},{"type":"Feature","properties":{"name":"Santa Cruz \u2013 Chembur Link Road","highway":"trunk","policy":"day-time heavy-vehicle bans on select roads (MTP)"},"geometry":{"type":"LineString","coordinates":[[72.88215,19.07365],[72.8824,19.07362],[72.88252,19.0736]]}},{"type":"Feature","properties":{"name":"Kalanagar Flyover","highway":"motorway","policy":"day-time heavy-vehicle bans on select roads (MTP)"},"geometry":{"type":"LineString","coordinates":[[72.84652,19.0632],[72.84653,19.06367]]}},{"type":"Feature","properties":{"name":"Western Express Highway","highway":"motorway","policy":"day-time heavy-vehicle bans on select roads (MTP)"},"geometry":{"type":"LineString","coordinates":[[72.84606,19.08436],[72.84603,19.08448],[72.8459,19.08485],[72.84581,19.08511],[72.84564,19.08543],[72.84544,19.08571],[72.8454,19.08577]]}},{"type":"Feature","properties":{"name":"Kalina-Vakola Flyover","highway":"motorway","policy":"day-time heavy-vehicle bans on select roads (MTP)"},"geometry":{"type":"LineString","coordinates":[[72.84616,19.08387],[72.8461,19.08419]]}},{"type":"Feature","properties":{"name":"Santa Cruz \u2013 Chembur Link Road","highway":"trunk","policy":"day-time heavy-vehicle bans on select roads (MTP)"},"geometry":{"type":"LineString","coordinates":[[72.89177,19.06577],[72.89077,19.06604],[72.89051,19.06612],[72.89025,19.06621],[72.89002,19.06634],[72.88978,19.06652],[72.88936,19.06691],[72.88897,19.06728],[72.88865,19.06761],[72.88787,19.06852]]}},{"type":"Feature","properties":{"name":"Santa Cruz \u2013 Chembur Link Road Flyover","highway":"trunk","policy":"day-time heavy-vehicle bans on select roads (MTP)"},"geometry":{"type":"LineString","coordinates":[[72.89638,19.06464],[72.89659,19.06461],[72.89683,19.06458],[72.8971,19.06459],[72.89736,19.06462],[72.89758,19.06468],[72.89777,19.06478],[72.8988,19.06546],[72.89903,19.06561],[72.89927,19.06574],[72.90023,19.06635],[72.90054,19.06654],[72.90058,19.06656],[72.90136,19.06708],[72.90155,19.06721],[72.90189,19.0674],[72.90215,19.06755],[72.90361,19.06855]]}},{"type":"Feature","properties":{"name":"Santa Cruz \u2013 Chembur Link Road Flyover","highway":"trunk","policy":"day-time heavy-vehicle bans on select roads (MTP)"},"geometry":{"type":"LineString","coordinates":[[72.89636,19.06457],[72.89571,19.06472]]}},{"type":"Feature","properties":{"name":"Santa Cruz \u2013 Chembur Link Road Flyover","highway":"trunk","policy":"day-time heavy-vehicle bans on select roads (MTP)"},"geometry":{"type":"LineString","coordinates":[[72.89534,19.06494],[72.89573,19.06479]]}},{"type":"Feature","properties":{"name":"Santa Cruz \u2013 Chembur Link Road","highway":"trunk","policy":"day-time heavy-vehicle bans on select roads (MTP)"},"geometry":{"type":"LineString","coordinates":[[72.89305,19.0655],[72.89334,19.06548]]}},{"type":"Feature","properties":{"name":"Santa Cruz \u2013 Chembur Link Road","highway":"trunk","policy":"day-time heavy-vehicle bans on select roads (MTP)"},"geometry":{"type":"LineString","coordinates":[[72.89329,19.06532],[72.89303,19.06543]]}},{"type":"Feature","properties":{"name":"Santa Cruz \u2013 Chembur Link Road","highway":"trunk","policy":"day-time heavy-vehicle bans on select roads (MTP)"},"geometry":{"type":"LineString","coordinates":[[72.8867,19.07003],[72.88793,19.06857]]}},{"type":"Feature","properties":{"name":"Santa Cruz \u2013 Chembur Link Road","highway":"trunk","policy":"day-time heavy-vehicle bans on select roads (MTP)"},"geometry":{"type":"LineString","coordinates":[[72.88787,19.06852],[72.88661,19.06996]]}},{"type":"Feature","properties":{"name":"Santa Cruz \u2013 Chembur Link Road Flyover","highway":"trunk","policy":"day-time heavy-vehicle bans on select roads (MTP)"},"geometry":{"type":"LineString","coordinates":[[72.89571,19.06472],[72.89529,19.06478]]}},{"type":"Feature","properties":{"name":"Santa Cruz \u2013 Chembur Link Road","highway":"trunk","policy":"day-time heavy-vehicle bans on select roads (MTP)"},"geometry":{"type":"LineString","coordinates":[[72.84778,19.07449],[72.84883,19.07433]]}},{"type":"Feature","properties":{"name":"Santa Cruz \u2013 Chembur Link Road","highway":"trunk","policy":"day-time heavy-vehicle bans on select roads (MTP)"},"geometry":{"type":"LineString","coordinates":[[72.84699,19.07459],[72.8471,19.07458],[72.84715,19.07457],[72.84778,19.07449]]}},{"type":"Feature","properties":{"name":"Rajiv Gandhi Sea Link","highway":"motorway","policy":"day-time heavy-vehicle bans on select roads (MTP)"},"geometry":{"type":"LineString","coordinates":[[72.81231,19.01767],[72.81288,19.01983],[72.81326,19.02125],[72.81407,19.02437],[72.81468,19.02675],[72.81532,19.02916],[72.81607,19.032],[72.81683,19.03492],[72.81761,19.03792],[72.8177,19.03825],[72.81783,19.03862],[72.81798,19.039],[72.81815,19.03933],[72.81835,19.03966],[72.81858,19.03998],[72.81884,19.04031],[72.81913,19.0406],[72.81942,19.04088],[72.8197,19.0411],[72.82002,19.04132],[72.82035,19.04151],[72.82069,19.04169],[72.82108,19.04187],[72.82331,19.04289]]}},{"type":"Feature","properties":{"name":"Rajiv Gandhi Sea Link","highway":"motorway","policy":"day-time heavy-vehicle bans on select roads (MTP)"},"geometry":{"type":"LineString","coordinates":[[72.81243,19.01693],[72.81242,19.01679],[72.81242,19.01651],[72.81242,19.01632],[72.81241,19.01625],[72.81236,19.01609],[72.81232,19.01591],[72.81229,19.01577],[72.81229,19.0156],[72.81229,19.01544],[72.8123,19.01531],[72.81233,19.01514],[72.81236,19.01503],[72.8124,19.01489],[72.81244,19.01476],[72.81251,19.01462],[72.81259,19.01448],[72.81266,19.01437],[72.81274,19.01426],[72.81283,19.01414],[72.81292,19.01403],[72.81304,19.01392],[72.81317,19.01383],[72.8133,19.01374],[72.81343,19.01366],[72.81357,19.01359],[72.81371,19.01353],[72.81387,19.01348],[72.81664,19.01269]]}},{"type":"Feature","properties":{"name":"Rajiv Gandhi Sea Link","highway":"motorway","policy":"day-time heavy-vehicle bans on select roads (MTP)"},"geometry":{"type":"LineString","coordinates":[[72.81268,19.01807],[72.81248,19.01716],[72.81245,19.01703],[72.81243,19.01693]]}},{"type":"Feature","properties":{"name":"Mumbai Coastal Road - Phase I","highway":"motorway","policy":"day-time heavy-vehicle bans on select roads (MTP)"},"geometry":{"type":"LineString","coordinates":[[72.81243,19.01693],[72.81232,19.01677],[72.8123,19.0167],[72.81207,19.01587]]}},{"type":"Feature","properties":{"name":"Eastern Freeway","highway":"motorway","policy":"day-time heavy-vehicle bans on select roads (MTP)"},"geometry":{"type":"LineString","coordinates":[[72.91311,19.05829],[72.91324,19.05847]]}},{"type":"Feature","properties":{"name":"Eastern Freeway","highway":"motorway","policy":"day-time heavy-vehicle bans on select roads (MTP)"},"geometry":{"type":"LineString","coordinates":[[72.91332,19.05842],[72.91318,19.05823]]}},{"type":"Feature","properties":{"name":"Eastern Freeway","highway":"motorway","policy":"day-time heavy-vehicle bans on select roads (MTP)"},"geometry":{"type":"LineString","coordinates":[[72.91195,19.05647],[72.91148,19.0558],[72.91137,19.05564],[72.91129,19.05548],[72.91119,19.05524],[72.91109,19.05471],[72.91095,19.05409],[72.91087,19.05361],[72.91084,19.05329],[72.91076,19.05245],[72.91074,19.05217],[72.91068,19.05161],[72.91062,19.05068],[72.91059,19.05043],[72.91055,19.0502],[72.91051,19.05001],[72.90976,19.0471],[72.90964,19.04668],[72.90957,19.04645],[72.90934,19.04586],[72.9092,19.04561],[72.90917,19.04547],[72.90908,19.04479],[72.90897,19.04394],[72.90885,19.04314],[72.90873,19.04127]]}},{"type":"Feature","properties":{"name":"Eastern Freeway","highway":"motorway","policy":"day-time heavy-vehicle bans on select roads (MTP)"},"geometry":{"type":"LineString","coordinates":[[72.91189,19.05651],[72.91203,19.05671]]}},{"type":"Feature","properties":{"name":"Eastern Freeway","highway":"motorway","policy":"day-time heavy-vehicle bans on select roads (MTP)"},"geometry":{"type":"LineString","coordinates":[[72.90904,19.03903],[72.90914,19.03811],[72.9091,19.03779],[72.90903,19.0375],[72.90894,19.03722],[72.90877,19.03694],[72.90857,19.03666],[72.90833,19.03637],[72.90801,19.03608],[72.9077,19.03587],[72.90735,19.0357],[72.90624,19.03515]]}},{"type":"Feature","properties":{"name":"Eastern Freeway","highway":"motorway","policy":"day-time heavy-vehicle bans on select roads (MTP)"},"geometry":{"type":"LineString","coordinates":[[72.9148,19.06514],[72.9148,19.06529],[72.91482,19.06537],[72.91484,19.06542],[72.91486,19.06546],[72.9149,19.0655],[72.91492,19.06551],[72.91494,19.06552],[72.91499,19.06555],[72.91504,19.06557],[72.9151,19.06558],[72.91514,19.06559],[72.9152,19.06558],[72.91525,19.06558],[72.9153,19.06556],[72.91533,19.06554],[72.91537,19.06552],[72.9154,19.06549],[72.91543,19.06545],[72.91546,19.06541],[72.91548,19.06538],[72.9155,19.06534],[72.91551,19.06527],[72.91551,19.06519],[72.91549,19.06509],[72.91515,19.06376],[72.91506,19.06352],[72.91465,19.06283],[72.91448,19.06241],[72.91438,19.06203],[72.91434,19.06176],[72.9143,19.06139],[72.91423,19.06085],[72.91418,19.0605],[72.91411,19.06019],[72.91402,19.0599],[72.91352,19.05881],[72.91342,19.05859],[72.91332,19.05842]]}},{"type":"Feature","properties":{"name":"Eastern Freeway","highway":"motorway","policy":"day-time heavy-vehicle bans on select roads (MTP)"},"geometry":{"type":"LineString","coordinates":[[72.91455,19.06329],[72.91464,19.06347],[72.9147,19.06358],[72.91474,19.0637],[72.91477,19.06385],[72.9148,19.06514]]}},{"type":"Feature","properties":{"name":"Eastern Freeway","highway":"motorway","policy":"day-time heavy-vehicle bans on select roads (MTP)"},"geometry":{"type":"LineString","coordinates":[[72.91324,19.05847],[72.91334,19.05863],[72.91344,19.05884],[72.91364,19.05923],[72.91375,19.05946],[72.91393,19.05993]]}},{"type":"Feature","properties":{"name":"freight corridor","highway":"trunk","policy":"day-time heavy-vehicle bans on select roads (MTP)"},"geometry":{"type":"LineString","coordinates":[[72.93692,19.05107],[72.93253,19.04952],[72.93236,19.04946],[72.93072,19.04887],[72.93039,19.04886]]}},{"type":"Feature","properties":{"name":"Sion Panvel Highway","highway":"motorway","policy":"day-time heavy-vehicle bans on select roads (MTP)"},"geometry":{"type":"LineString","coordinates":[[72.94079,19.0527],[72.95124,19.05646],[72.95228,19.05683],[72.95343,19.05724],[72.95358,19.05729]]}},{"type":"Feature","properties":{"name":"Eastern Freeway","highway":"motorway","policy":"day-time heavy-vehicle bans on select roads (MTP)"},"geometry":{"type":"LineString","coordinates":[[72.91318,19.05823],[72.91224,19.05689]]}},{"type":"Feature","properties":{"name":"Eastern Freeway","highway":"motorway","policy":"day-time heavy-vehicle bans on select roads (MTP)"},"geometry":{"type":"LineString","coordinates":[[72.91224,19.05689],[72.91208,19.05668]]}},{"type":"Feature","properties":{"name":"Eastern Freeway","highway":"motorway","policy":"day-time heavy-vehicle bans on select roads (MTP)"},"geometry":{"type":"LineString","coordinates":[[72.90855,19.0408],[72.90863,19.04128]]}},{"type":"Feature","properties":{"name":"Eastern Freeway","highway":"motorway","policy":"day-time heavy-vehicle bans on select roads (MTP)"},"geometry":{"type":"LineString","coordinates":[[72.90873,19.04127],[72.90874,19.04081]]}},{"type":"Feature","properties":{"name":"Eastern Freeway","highway":"motorway","policy":"day-time heavy-vehicle bans on select roads (MTP)"},"geometry":{"type":"LineString","coordinates":[[72.90882,19.03897],[72.90863,19.0401],[72.90857,19.04043],[72.90855,19.04071],[72.90855,19.0408]]}},{"type":"Feature","properties":{"name":"Eastern Freeway","highway":"motorway","policy":"day-time heavy-vehicle bans on select roads (MTP)"},"geometry":{"type":"LineString","coordinates":[[72.90874,19.04081],[72.90875,19.04072],[72.90879,19.04045],[72.90884,19.04012],[72.90904,19.03903]]}},{"type":"Feature","properties":{"name":"Eastern Freeway","highway":"motorway","policy":"day-time heavy-vehicle bans on select roads (MTP)"},"geometry":{"type":"LineString","coordinates":[[72.91393,19.05993],[72.91397,19.06022],[72.91401,19.06052],[72.91405,19.06087],[72.91416,19.06204]]}},{"type":"Feature","properties":{"name":"freight corridor","highway":"motorway","policy":"day-time heavy-vehicle bans on select roads (MTP)"},"geometry":{"type":"LineString","coordinates":[[72.87652,19.10089],[72.87643,19.10078],[72.87641,19.10077],[72.87629,19.10069],[72.87613,19.10068],[72.87559,19.10067],[72.8734,19.10065],[72.87296,19.10064],[72.87277,19.10063],[72.87269,19.10065],[72.8726,19.10069],[72.87253,19.10074],[72.87247,19.10081],[72.87241,19.10093]]}},{"type":"Feature","properties":{"name":"Sahar Elevated Road","highway":"motorway","policy":"day-time heavy-vehicle bans on select roads (MTP)"},"geometry":{"type":"LineString","coordinates":[[72.8621,19.10242],[72.86251,19.10253],[72.86334,19.10269],[72.864,19.10277],[72.86459,19.10281],[72.86904,19.10299],[72.87069,19.1031],[72.87182,19.10311]]}},{"type":"Feature","properties":{"name":"Sahar Elevated Road","highway":"motorway","policy":"day-time heavy-vehicle bans on select roads (MTP)"},"geometry":{"type":"LineString","coordinates":[[72.85702,19.1021],[72.85653,19.1021],[72.85618,19.10203],[72.85581,19.10189],[72.85542,19.10161],[72.85515,19.10128]]}},{"type":"Feature","properties":{"name":"Sahar Elevated Road","highway":"motorway","policy":"day-time heavy-vehicle bans on select roads (MTP)"},"geometry":{"type":"LineString","coordinates":[[72.85442,19.10325],[72.8547,19.10294],[72.85516,19.10262],[72.85546,19.10247],[72.85593,19.10238],[72.85666,19.10227]]}},{"type":"Feature","properties":{"name":"Western Express Highway","highway":"trunk","policy":"day-time heavy-vehicle bans on select roads (MTP)"},"geometry":{"type":"LineString","coordinates":[[72.86329,19.22738],[72.86329,19.22747],[72.86329,19.22751],[72.86329,19.22757]]}},{"type":"Feature","properties":{"name":"Western Express Highway","highway":"trunk","policy":"day-time heavy-vehicle bans on select roads (MTP)"},"geometry":{"type":"LineString","coordinates":[[72.86344,19.22737],[72.86345,19.22728],[72.86347,19.22718],[72.8635,19.22701],[72.86356,19.22671],[72.86362,19.22653],[72.86367,19.2264]]}},{"type":"Feature","properties":{"name":"Eastern Express Highway","highway":"trunk","policy":"day-time heavy-vehicle bans on select roads (MTP)"},"geometry":{"type":"LineString","coordinates":[[72.94539,19.1363],[72.94553,19.1365]]}},{"type":"Feature","properties":{"name":"Eastern Express Highway","highway":"trunk","policy":"day-time heavy-vehicle bans on select roads (MTP)"},"geometry":{"type":"LineString","coordinates":[[72.94553,19.1365],[72.94626,19.13778],[72.95037,19.14448],[72.95038,19.14449],[72.95039,19.14451]]}},{"type":"Feature","properties":{"name":"Western Express Highway","highway":"trunk","policy":"day-time heavy-vehicle bans on select roads (MTP)"},"geometry":{"type":"LineString","coordinates":[[72.85843,19.18903],[72.85843,19.18835],[72.85846,19.18762],[72.85846,19.1875],[72.85847,19.18719],[72.85849,19.1866],[72.8585,19.18633]]}},{"type":"Feature","properties":{"name":"Western Express Highway","highway":"trunk","policy":"day-time heavy-vehicle bans on select roads (MTP)"},"geometry":{"type":"LineString","coordinates":[[72.85843,19.18932],[72.85843,19.18903]]}},{"type":"Feature","properties":{"name":"Times Of India Flyover","highway":"trunk","policy":"day-time heavy-vehicle bans on select roads (MTP)"},"geometry":{"type":"LineString","coordinates":[[72.85833,19.18949],[72.85834,19.18968]]}},{"type":"Feature","properties":{"name":"Western Express Highway","highway":"trunk","policy":"day-time heavy-vehicle bans on select roads (MTP)"},"geometry":{"type":"LineString","coordinates":[[72.85832,19.18912],[72.85833,19.18934]]}},{"type":"Feature","properties":{"name":"Western Express Highway","highway":"trunk","policy":"day-time heavy-vehicle bans on select roads (MTP)"},"geometry":{"type":"LineString","coordinates":[[72.85642,19.1224],[72.85621,19.12158],[72.85605,19.12097],[72.85586,19.12021]]}},{"type":"Feature","properties":{"name":"Western Express Highway","highway":"trunk","policy":"day-time heavy-vehicle bans on select roads (MTP)"},"geometry":{"type":"LineString","coordinates":[[72.85571,19.12021],[72.85637,19.12305],[72.85649,19.12356],[72.8565,19.12382],[72.8565,19.12409],[72.85646,19.12449],[72.85641,19.12473]]}},{"type":"Feature","properties":{"name":"Thane Ghodbunder Road","highway":"trunk","policy":"day-time heavy-vehicle bans on select roads (MTP)"},"geometry":{"type":"LineString","coordinates":[[72.97799,19.21496],[72.97791,19.21442],[72.97786,19.2142],[72.97779,19.21396],[72.97777,19.21389],[72.97774,19.21381],[72.9777,19.21368],[72.97766,19.21354],[72.97746,19.21294],[72.97743,19.21284],[72.97736,19.21269]]}},{"type":"Feature","properties":{"name":"Mankhurd Flyover","highway":"motorway","policy":"day-time heavy-vehicle bans on select roads (MTP)"},"geometry":{"type":"LineString","coordinates":[[72.94083,19.05256],[72.94015,19.05233]]}},{"type":"Feature","properties":{"name":"Western Express Highway","highway":"motorway","policy":"day-time heavy-vehicle bans on select roads (MTP)"},"geometry":{"type":"LineString","coordinates":[[72.82953,19.04625],[72.8292,19.04591]]}},{"type":"Feature","properties":{"name":"Western Express Highway","highway":"motorway","policy":"day-time heavy-vehicle bans on select roads (MTP)"},"geometry":{"type":"LineString","coordinates":[[72.82907,19.04612],[72.82932,19.0464]]}},{"type":"Feature","properties":{"name":"Western Express Highway","highway":"motorway","policy":"day-time heavy-vehicle bans on select roads (MTP)"},"geometry":{"type":"LineString","coordinates":[[72.82806,19.04515],[72.82907,19.04612]]}},{"type":"Feature","properties":{"name":"Western Express Highway","highway":"motorway","policy":"day-time heavy-vehicle bans on select roads (MTP)"},"geometry":{"type":"LineString","coordinates":[[72.8292,19.04591],[72.82857,19.04524],[72.8283,19.04499],[72.8279,19.04477],[72.82759,19.0446]]}},{"type":"Feature","properties":{"name":"Kapurbawdi Flyover","highway":"trunk","policy":"day-time heavy-vehicle bans on select roads (MTP)"},"geometry":{"type":"LineString","coordinates":[[72.97578,19.2113],[72.97598,19.21148],[72.97705,19.21253],[72.97719,19.21269],[72.97725,19.21276],[72.97729,19.21284],[72.9775,19.21348],[72.9777,19.21408],[72.97778,19.21441],[72.97781,19.2147],[72.97783,19.21505],[72.97786,19.21544],[72.97791,19.21568],[72.97819,19.21685],[72.97819,19.2174],[72.97783,19.22024]]}},{"type":"Feature","properties":{"name":"Kapurbawdi Flyover","highway":"trunk","policy":"day-time heavy-vehicle bans on select roads (MTP)"},"geometry":{"type":"LineString","coordinates":[[72.97792,19.22025],[72.9783,19.21741],[72.97829,19.217],[72.97828,19.21684],[72.97796,19.21558],[72.97795,19.21552],[72.97793,19.21538],[72.97788,19.21458],[72.97785,19.21446],[72.97781,19.21427],[72.97775,19.21404],[72.97762,19.21365],[72.97744,19.21298],[72.97738,19.21282],[72.97737,19.21271],[72.9774,19.21256],[72.97745,19.21243],[72.97755,19.21232],[72.9777,19.21224],[72.97791,19.21217],[72.97928,19.21196],[72.98132,19.21164]]}},{"type":"Feature","properties":{"name":"NH848","highway":"trunk","policy":"day-time heavy-vehicle bans on select roads (MTP)"},"geometry":{"type":"LineString","coordinates":[[72.9842,19.21864],[72.98411,19.21859],[72.98401,19.21854],[72.98369,19.21841],[72.98341,19.2183],[72.98315,19.21821]]}},{"type":"Feature","properties":{"name":"Agra Road","highway":"trunk","policy":"day-time heavy-vehicle bans on select roads (MTP)"},"geometry":{"type":"LineString","coordinates":[[72.98315,19.21821],[72.9828,19.21806],[72.9822,19.21796],[72.9814,19.21782],[72.98007,19.21759],[72.97996,19.21757],[72.97921,19.21744],[72.97908,19.21742],[72.97898,19.21738],[72.97889,19.21734],[72.97881,19.21729],[72.97862,19.21714],[72.97837,19.21687]]}},{"type":"Feature","properties":{"name":"Majiwada-Kapurbawdi Flyover","highway":"trunk","policy":"day-time heavy-vehicle bans on select roads (MTP)"},"geometry":{"type":"LineString","coordinates":[[72.97996,19.21768],[72.97922,19.21755],[72.97901,19.21748],[72.9789,19.21744],[72.97879,19.21738],[72.97869,19.21731],[72.97859,19.21722],[72.97849,19.21712],[72.97841,19.21702],[72.97828,19.21684]]}},{"type":"Feature","properties":{"name":"Sahar Elevated Road","highway":"motorway","policy":"day-time heavy-vehicle bans on select roads (MTP)"},"geometry":{"type":"LineString","coordinates":[[72.87278,19.10312],[72.87468,19.10313],[72.87581,19.10311],[72.87602,19.10307],[72.8762,19.103],[72.87631,19.10291],[72.87642,19.10278],[72.87647,19.1026],[72.8765,19.10224],[72.87652,19.10089]]}},{"type":"Feature","properties":{"name":"Sahar Elevated Road","highway":"motorway","policy":"day-time heavy-vehicle bans on select roads (MTP)"},"geometry":{"type":"LineString","coordinates":[[72.87241,19.10093],[72.87241,19.10165],[72.87239,19.10187],[72.87235,19.10255],[72.87232,19.1027],[72.87223,19.10283],[72.87208,19.10295],[72.87198,19.10299],[72.87188,19.10301],[72.87158,19.10306],[72.8707,19.10304],[72.86908,19.10292],[72.8646,19.10274],[72.86399,19.10272],[72.86335,19.10263],[72.86255,19.10246],[72.8621,19.10234]]}},{"type":"Feature","properties":{"name":"Rajiv Gandhi Sea Link","highway":"motorway","policy":"day-time heavy-vehicle bans on select roads (MTP)"},"geometry":{"type":"LineString","coordinates":[[72.82459,19.04342],[72.82476,19.0435]]}},{"type":"Feature","properties":{"name":"Rajiv Gandhi Sea Link","highway":"motorway","policy":"day-time heavy-vehicle bans on select roads (MTP)"},"geometry":{"type":"LineString","coordinates":[[72.82476,19.0435],[72.82587,19.044]]}},{"type":"Feature","properties":{"name":"Rajiv Gandhi Sea Link","highway":"motorway","policy":"day-time heavy-vehicle bans on select roads (MTP)"},"geometry":{"type":"LineString","coordinates":[[72.82596,19.04381],[72.82487,19.04331]]}},{"type":"Feature","properties":{"name":"Rajiv Gandhi Sea Link","highway":"motorway","policy":"day-time heavy-vehicle bans on select roads (MTP)"},"geometry":{"type":"LineString","coordinates":[[72.82487,19.04331],[72.8247,19.04323]]}},{"type":"Feature","properties":{"name":"Santa Cruz \u2013 Chembur Link Road","highway":"trunk","policy":"day-time heavy-vehicle bans on select roads (MTP)"},"geometry":{"type":"LineString","coordinates":[[72.88016,19.07429],[72.87986,19.07452],[72.87962,19.07465]]}},{"type":"Feature","properties":{"name":"Western Express Highway","highway":"motorway","policy":"day-time heavy-vehicle bans on select roads (MTP)"},"geometry":{"type":"LineString","coordinates":[[72.84381,19.09043],[72.84394,19.09065],[72.84407,19.09082],[72.84428,19.09108],[72.84447,19.09124],[72.84468,19.09142],[72.84511,19.09167],[72.8453,19.09177],[72.84546,19.09183],[72.84594,19.09197],[72.84663,19.09211]]}},{"type":"Feature","properties":{"name":"Western Express Highway","highway":"motorway","policy":"day-time heavy-vehicle bans on select roads (MTP)"},"geometry":{"type":"LineString","coordinates":[[72.84376,19.09031],[72.84381,19.09043]]}},{"type":"Feature","properties":{"name":"Thane Ghodbunder Road","highway":"trunk","policy":"day-time heavy-vehicle bans on select roads (MTP)"},"geometry":{"type":"LineString","coordinates":[[72.9779,19.21618],[72.97795,19.21637],[72.97806,19.21688]]}},{"type":"Feature","properties":{"name":"Eastern Express Highway","highway":"trunk","policy":"day-time heavy-vehicle bans on select roads (MTP)"},"geometry":{"type":"LineString","coordinates":[[72.98127,19.21131],[72.97845,19.21178]]}},{"type":"Feature","properties":{"name":"Eastern Express Highway","highway":"trunk","policy":"day-time heavy-vehicle bans on select roads (MTP)"},"geometry":{"type":"LineString","coordinates":[[72.97847,19.21189],[72.98129,19.21143]]}},{"type":"Feature","properties":{"name":"Sion-Panvel Highway","highway":"motorway","policy":"day-time heavy-vehicle bans on select roads (MTP)"},"geometry":{"type":"LineString","coordinates":[[72.98453,19.06738],[72.98224,19.06523],[72.98191,19.06495],[72.98164,19.06476],[72.98056,19.06419],[72.98047,19.06415],[72.98039,19.06411],[72.97949,19.06371],[72.97913,19.06358]]}},{"type":"Feature","properties":{"name":"Sion-Panvel Highway","highway":"motorway","policy":"day-time heavy-vehicle bans on select roads (MTP)"},"geometry":{"type":"LineString","coordinates":[[72.98952,19.06925],[72.98935,19.06926],[72.98807,19.06936],[72.98753,19.0694],[72.98723,19.06939],[72.98698,19.06934],[72.98696,19.06933],[72.9867,19.06925],[72.98644,19.06915],[72.98623,19.06905],[72.98615,19.06901],[72.98591,19.06884],[72.9857,19.06866],[72.98558,19.06854],[72.98479,19.06766],[72.98453,19.06738]]}},{"type":"Feature","properties":{"name":"Sion-Panvel Highway","highway":"motorway","policy":"day-time heavy-vehicle bans on select roads (MTP)"},"geometry":{"type":"LineString","coordinates":[[72.98954,19.0694],[72.99201,19.06919]]}},{"type":"Feature","properties":{"name":"JNPT Road","highway":"trunk","policy":"day-time heavy-vehicle bans on select roads (MTP)"},"geometry":{"type":"LineString","coordinates":[[72.98452,18.91103],[72.98552,18.91005],[72.98558,18.90999],[72.98612,18.90947],[72.98638,18.90923],[72.98676,18.90881],[72.98711,18.90834],[72.98744,18.908],[72.98745,18.90798],[72.98858,18.90683],[72.98924,18.90617],[72.98963,18.90576],[72.98989,18.90553],[72.99018,18.90534],[72.99045,18.90522],[72.99073,18.90514],[72.99124,18.90505],[72.99145,18.90505],[72.99166,18.90505],[72.99184,18.90509],[72.99201,18.90514],[72.99226,18.90524],[72.99492,18.90681],[72.99575,18.90718]]}},{"type":"Feature","properties":{"name":"Sion Panvel Highway","highway":"trunk","policy":"day-time heavy-vehicle bans on select roads (MTP)"},"geometry":{"type":"LineString","coordinates":[[72.90079,19.05221],[72.90139,19.05199],[72.90185,19.05182],[72.90275,19.05148],[72.90284,19.05145],[72.90331,19.05126],[72.90386,19.05102],[72.9041,19.05085],[72.90425,19.05073],[72.90425,19.05073],[72.90512,19.04992],[72.90603,19.04898],[72.90685,19.04815],[72.90696,19.04805],[72.90737,19.04767],[72.90775,19.04732],[72.90795,19.04713],[72.9085,19.04662],[72.9088,19.04638]]}},{"type":"Feature","properties":{"name":"Eastern Express Highway","highway":"trunk","policy":"day-time heavy-vehicle bans on select roads (MTP)"},"geometry":{"type":"LineString","coordinates":[[72.88507,19.05482],[72.88434,19.05433],[72.88351,19.05394],[72.88334,19.05386],[72.8831,19.05374],[72.8828,19.05358],[72.8824,19.05331]]}},{"type":"Feature","properties":{"name":"Lalbaug Flyover","highway":"trunk","policy":"day-time heavy-vehicle bans on select roads (MTP)"},"geometry":{"type":"LineString","coordinates":[[72.8339,18.97869],[72.83387,18.97855]]}},{"type":"Feature","properties":{"name":"Eastern Express Highway","highway":"trunk","policy":"day-time heavy-vehicle bans on select roads (MTP)"},"geometry":{"type":"LineString","coordinates":[[72.96746,19.17027],[72.96762,19.17053]]}},{"type":"Feature","properties":{"name":"Eastern Express Highway","highway":"trunk","policy":"day-time heavy-vehicle bans on select roads (MTP)"},"geometry":{"type":"LineString","coordinates":[[72.96774,19.17046],[72.96758,19.1702]]}},{"type":"Feature","properties":{"name":"C S T Kurla Junction Flyover","highway":"trunk","policy":"day-time heavy-vehicle bans on select roads (MTP)"},"geometry":{"type":"LineString","coordinates":[[72.8852,19.05493],[72.88507,19.05482]]}},{"type":"Feature","properties":{"name":"C S T Kurla Junction Flyover","highway":"trunk","policy":"day-time heavy-vehicle bans on select roads (MTP)"},"geometry":{"type":"LineString","coordinates":[[72.89007,19.05894],[72.89018,19.05909]]}},{"type":"Feature","properties":{"name":"Sion Panvel Highway","highway":"trunk","policy":"day-time heavy-vehicle bans on select roads (MTP)"},"geometry":{"type":"LineString","coordinates":[[72.86973,19.04899],[72.87233,19.04994],[72.87318,19.05024],[72.87423,19.05063],[72.87478,19.05081]]}},{"type":"Feature","properties":{"name":"Sion Hospital Flyover","highway":"trunk","policy":"day-time heavy-vehicle bans on select roads (MTP)"},"geometry":{"type":"LineString","coordinates":[[72.86091,19.03738],[72.86079,19.03718]]}},{"type":"Feature","properties":{"name":"Sion Panvel Highway","highway":"trunk","policy":"day-time heavy-vehicle bans on select roads (MTP)"},"geometry":{"type":"LineString","coordinates":[[72.93039,19.04886],[72.9302,19.04878],[72.92974,19.04862],[72.92924,19.04837]]}},{"type":"Feature","properties":{"name":"Mankhurd Flyover","highway":"trunk","policy":"day-time heavy-vehicle bans on select roads (MTP)"},"geometry":{"type":"LineString","coordinates":[[72.93034,19.04897],[72.93064,19.04907]]}},{"type":"Feature","properties":{"name":"BARC Flyover","highway":"trunk","policy":"day-time heavy-vehicle bans on select roads (MTP)"},"geometry":{"type":"LineString","coordinates":[[72.92648,19.04608],[72.92635,19.04597]]}},{"type":"Feature","properties":{"name":"Sion Panvel Highway","highway":"trunk","policy":"day-time heavy-vehicle bans on select roads (MTP)"},"geometry":{"type":"LineString","coordinates":[[72.91826,19.04452],[72.91814,19.04456],[72.91731,19.04481],[72.91697,19.04492],[72.91694,19.04492],[72.91691,19.04493],[72.91676,19.04498],[72.91662,19.04502],[72.9166,19.04503],[72.91637,19.0451],[72.91634,19.04511],[72.91625,19.04513],[72.91599,19.04518],[72.91595,19.04518],[72.91585,19.0452],[72.91578,19.04522],[72.91553,19.04525],[72.91499,19.04536],[72.91493,19.04537],[72.91405,19.04553]]}},{"type":"Feature","properties":{"name":"Sion Panvel Highway","highway":"trunk","policy":"day-time heavy-vehicle bans on select roads (MTP)"},"geometry":{"type":"LineString","coordinates":[[72.8824,19.05331],[72.8821,19.05322],[72.88182,19.05311],[72.88161,19.05301],[72.88139,19.0529],[72.88123,19.05285],[72.88105,19.05282]]}},{"type":"Feature","properties":{"name":"Eastern Express Highway","highway":"trunk","policy":"day-time heavy-vehicle bans on select roads (MTP)"},"geometry":{"type":"LineString","coordinates":[[72.88229,19.0536],[72.88243,19.05364],[72.88256,19.05366],[72.8827,19.0537],[72.88328,19.05399],[72.88411,19.05439],[72.8846,19.05473],[72.88466,19.05477]]}},{"type":"Feature","properties":{"name":"Sion Panvel Highway","highway":"trunk","policy":"day-time heavy-vehicle bans on select roads (MTP)"},"geometry":{"type":"LineString","coordinates":[[72.87824,19.05207],[72.87881,19.05228],[72.88011,19.0528],[72.8805,19.053]]}},{"type":"Feature","properties":{"name":"Sion Panvel Highway","highway":"trunk","policy":"day-time heavy-vehicle bans on select roads (MTP)"},"geometry":{"type":"LineString","coordinates":[[72.87781,19.05192],[72.87824,19.05207]]}},{"type":"Feature","properties":{"name":"Sion Panvel Highway","highway":"trunk","policy":"day-time heavy-vehicle bans on select roads (MTP)"},"geometry":{"type":"LineString","coordinates":[[72.87788,19.05174],[72.87731,19.05154],[72.87485,19.05064]]}},{"type":"Feature","properties":{"name":"Sion Panvel Highway","highway":"trunk","policy":"day-time heavy-vehicle bans on select roads (MTP)"},"geometry":{"type":"LineString","coordinates":[[72.87831,19.0519],[72.87788,19.05174]]}},{"type":"Feature","properties":{"name":"Sion Panvel Highway","highway":"trunk","policy":"day-time heavy-vehicle bans on select roads (MTP)"},"geometry":{"type":"LineString","coordinates":[[72.8698,19.04882],[72.86907,19.04856]]}},{"type":"Feature","properties":{"name":"Laxmibai Kelkar Marg","highway":"trunk","policy":"day-time heavy-vehicle bans on select roads (MTP)"},"geometry":{"type":"LineString","coordinates":[[72.86222,19.04008],[72.86197,19.03963],[72.86174,19.03923],[72.86158,19.03886],[72.86156,19.03883],[72.8612,19.03803],[72.86091,19.03738]]}},{"type":"Feature","properties":{"name":"Laxmibai Kelkar Marg","highway":"trunk","policy":"day-time heavy-vehicle bans on select roads (MTP)"},"geometry":{"type":"LineString","coordinates":[[72.86064,19.03654],[72.86044,19.03606],[72.86026,19.03557],[72.86007,19.03511],[72.86002,19.03498],[72.85995,19.03481],[72.85988,19.03465],[72.85935,19.03346],[72.85926,19.03325],[72.8588,19.03222],[72.85879,19.03218]]}},{"type":"Feature","properties":{"name":"Laxmibai Kelkar Marg","highway":"trunk","policy":"day-time heavy-vehicle bans on select roads (MTP)"},"geometry":{"type":"LineString","coordinates":[[72.86074,19.03744],[72.86104,19.03809],[72.86133,19.03873],[72.86138,19.03884],[72.86141,19.0389],[72.86159,19.0393],[72.86211,19.04015]]}},{"type":"Feature","properties":{"name":"Laxmibai Kelkar Marg","highway":"trunk","policy":"day-time heavy-vehicle bans on select roads (MTP)"},"geometry":{"type":"LineString","coordinates":[[72.8578,19.02975],[72.85761,19.02938],[72.85752,19.02916],[72.85738,19.02893],[72.8569,19.02821]]}},{"type":"Feature","properties":{"name":"Laxmibai Kelkar Marg","highway":"trunk","policy":"day-time heavy-vehicle bans on select roads (MTP)"},"geometry":{"type":"LineString","coordinates":[[72.85879,19.03218],[72.85835,19.03106]]}},{"type":"Feature","properties":{"name":"Laxmibai Kelkar Marg","highway":"trunk","policy":"day-time heavy-vehicle bans on select roads (MTP)"},"geometry":{"type":"LineString","coordinates":[[72.8598,19.03522],[72.85999,19.0357],[72.86038,19.0367],[72.86044,19.03683],[72.8606,19.03725],[72.86074,19.03744]]}},{"type":"Feature","properties":{"name":"Laxmibai Kelkar Marg","highway":"trunk","policy":"day-time heavy-vehicle bans on select roads (MTP)"},"geometry":{"type":"LineString","coordinates":[[72.85805,19.03116],[72.8583,19.03175],[72.85838,19.03194],[72.85839,19.03198],[72.85851,19.03223],[72.85852,19.03227]]}},{"type":"Feature","properties":{"name":"King's Circle Flyover","highway":"trunk","policy":"day-time heavy-vehicle bans on select roads (MTP)"},"geometry":{"type":"LineString","coordinates":[[72.85688,19.02844],[72.8567,19.02825],[72.85608,19.02758],[72.85524,19.02666],[72.85442,19.02583],[72.85388,19.02528],[72.85302,19.02439],[72.85234,19.02364],[72.85191,19.02313],[72.85144,19.02255],[72.85073,19.02162],[72.84995,19.02063]]}},{"type":"Feature","properties":{"name":"Dr Babasaheb Ambedkar Marg (Vincent Road)","highway":"trunk","policy":"day-time heavy-vehicle bans on select roads (MTP)"},"geometry":{"type":"LineString","coordinates":[[72.84979,19.02038],[72.84965,19.02022],[72.84951,19.02004]]}},{"type":"Feature","properties":{"name":"Dr Babasaheb Ambedkar Marg (Vincent Road)","highway":"trunk","policy":"day-time heavy-vehicle bans on select roads (MTP)"},"geometry":{"type":"LineString","coordinates":[[72.84969,19.02042],[72.84973,19.02062],[72.84979,19.02073],[72.84999,19.02099],[72.85062,19.0218],[72.85072,19.02194]]}},{"type":"Feature","properties":{"name":"Dr Babasaheb Ambedkar Marg (Vincent Road)","highway":"trunk","policy":"day-time heavy-vehicle bans on select roads (MTP)"},"geometry":{"type":"LineString","coordinates":[[72.84946,19.02013],[72.84957,19.02028],[72.84969,19.02042]]}},{"type":"Feature","properties":{"name":"Jaganath Shankur Seth (Dadar TT) Flyover","highway":"trunk","policy":"day-time heavy-vehicle bans on select roads (MTP)"},"geometry":{"type":"LineString","coordinates":[[72.84951,19.02004],[72.84931,19.0198]]}},{"type":"Feature","properties":{"name":"Amar Mahal Junction Flyover","highway":"trunk","policy":"day-time heavy-vehicle bans on select roads (MTP)"},"geometry":{"type":"LineString","coordinates":[[72.89763,19.06437],[72.89795,19.06454],[72.90032,19.06617]]}},{"type":"Feature","properties":{"name":"Eastern Express Highway","highway":"trunk","policy":"day-time heavy-vehicle bans on select roads (MTP)"},"geometry":{"type":"LineString","coordinates":[[72.90386,19.06864],[72.90497,19.06939],[72.90528,19.06974]]}},{"type":"Feature","properties":{"name":"Eastern Express Highway","highway":"trunk","policy":"day-time heavy-vehicle bans on select roads (MTP)"},"geometry":{"type":"LineString","coordinates":[[72.90423,19.06872],[72.90411,19.06864],[72.90373,19.06839],[72.90227,19.06738]]}},{"type":"Feature","properties":{"name":"Eastern Express Highway","highway":"trunk","policy":"day-time heavy-vehicle bans on select roads (MTP)"},"geometry":{"type":"LineString","coordinates":[[72.90437,19.06882],[72.90423,19.06872]]}},{"type":"Feature","properties":{"name":"Sion Panvel Highway","highway":"trunk","policy":"day-time heavy-vehicle bans on select roads (MTP)"},"geometry":{"type":"LineString","coordinates":[[72.87485,19.05064],[72.87431,19.05043],[72.87403,19.05032],[72.87364,19.05018],[72.87136,19.04935],[72.8698,19.04882]]}},{"type":"Feature","properties":{"name":"Sion Panvel Highway","highway":"trunk","policy":"day-time heavy-vehicle bans on select roads (MTP)"},"geometry":{"type":"LineString","coordinates":[[72.87478,19.05081],[72.87781,19.05192]]}},{"type":"Feature","properties":{"name":"Dr Babasaheb Ambedkar Marg (Vincent Road)","highway":"trunk","policy":"day-time heavy-vehicle bans on select roads (MTP)"},"geometry":{"type":"LineString","coordinates":[[72.84094,19.00741],[72.84099,19.00752],[72.84101,19.00757],[72.84107,19.00775],[72.84113,19.00794],[72.84122,19.0082],[72.84128,19.00838],[72.84131,19.00846],[72.84144,19.00877],[72.84147,19.00886],[72.84149,19.00889],[72.84159,19.00912],[72.8416,19.00914],[72.84161,19.00917],[72.84181,19.00949],[72.84185,19.00955],[72.84221,19.01013],[72.84242,19.01046],[72.84246,19.01051],[72.84259,19.01073],[72.84282,19.01106],[72.84294,19.01111]]}},{"type":"Feature","properties":{"name":"Dr Babasaheb Ambedkar Marg (Vincent Road)","highway":"trunk","policy":"day-time heavy-vehicle bans on select roads (MTP)"},"geometry":{"type":"LineString","coordinates":[[72.84114,19.0073],[72.84105,19.00712],[72.84093,19.00688],[72.84073,19.00655],[72.84059,19.00631],[72.84052,19.00618],[72.84033,19.00595],[72.84013,19.00566],[72.83995,19.00547],[72.83993,19.00544],[72.83981,19.00533]]}},{"type":"Feature","properties":{"name":"A Patil Flyover","highway":"trunk","policy":"day-time heavy-vehicle bans on select roads (MTP)"},"geometry":{"type":"LineString","coordinates":[[72.83357,18.97705],[72.83353,18.97686]]}},{"type":"Feature","properties":{"name":"Dr Babasaheb Ambedkar Marg","highway":"trunk","policy":"day-time heavy-vehicle bans on select roads (MTP)"},"geometry":{"type":"LineString","coordinates":[[72.83349,18.97707],[72.83352,18.97719],[72.83354,18.97726],[72.83359,18.97749],[72.83377,18.97849]]}},{"type":"Feature","properties":{"name":"Dr Babasaheb Ambedkar Marg","highway":"trunk","policy":"day-time heavy-vehicle bans on select roads (MTP)"},"geometry":{"type":"LineString","coordinates":[[72.83264,18.9715],[72.83266,18.97074]]}},{"type":"Feature","properties":{"name":"Eastern Express Highway","highway":"trunk","policy":"day-time heavy-vehicle bans on select roads (MTP)"},"geometry":{"type":"LineString","coordinates":[[72.89197,19.06036],[72.89256,19.06078],[72.89305,19.06112],[72.89431,19.062],[72.89502,19.06249],[72.89517,19.0626]]}},{"type":"Feature","properties":{"name":"C S T Kurla Junction Flyover","highway":"trunk","policy":"day-time heavy-vehicle bans on select roads (MTP)"},"geometry":{"type":"LineString","coordinates":[[72.89031,19.05895],[72.89014,19.05887]]}},{"type":"Feature","properties":{"name":"Chembur Flyover","highway":"trunk","policy":"day-time heavy-vehicle bans on select roads (MTP)"},"geometry":{"type":"LineString","coordinates":[[72.89775,19.06423],[72.89527,19.06253]]}},{"type":"Feature","properties":{"name":"Amar Mahal Junction Flyover","highway":"trunk","policy":"day-time heavy-vehicle bans on select roads (MTP)"},"geometry":{"type":"LineString","coordinates":[[72.90227,19.06738],[72.90192,19.06713],[72.90188,19.0671]]}},{"type":"Feature","properties":{"name":"Eastern Express Highway","highway":"trunk","policy":"day-time heavy-vehicle bans on select roads (MTP)"},"geometry":{"type":"LineString","coordinates":[[72.90221,19.06746],[72.90367,19.06847],[72.90386,19.06864]]}},{"type":"Feature","properties":{"name":"Eastern Express Highway","highway":"trunk","policy":"day-time heavy-vehicle bans on select roads (MTP)"},"geometry":{"type":"LineString","coordinates":[[72.91014,19.07289],[72.91054,19.07319],[72.91212,19.07434],[72.91274,19.07484],[72.9133,19.07535],[72.91354,19.0756],[72.91361,19.07567],[72.91392,19.07599]]}},{"type":"Feature","properties":{"name":"Eastern Express Highway Flyover","highway":"trunk","policy":"day-time heavy-vehicle bans on select roads (MTP)"},"geometry":{"type":"LineString","coordinates":[[72.91024,19.07277],[72.90977,19.07244]]}},{"type":"Feature","properties":{"name":"Ghatkopar Flyover","highway":"trunk","policy":"day-time heavy-vehicle bans on select roads (MTP)"},"geometry":{"type":"LineString","coordinates":[[72.91865,19.08146],[72.91879,19.08163],[72.91889,19.08176]]}},{"type":"Feature","properties":{"name":"Eastern Express Highway","highway":"trunk","policy":"day-time heavy-vehicle bans on select roads (MTP)"},"geometry":{"type":"LineString","coordinates":[[72.91413,19.07599],[72.91372,19.07556],[72.91341,19.07525],[72.91262,19.07455],[72.91225,19.07424],[72.91067,19.07308],[72.91066,19.07308],[72.91024,19.07277]]}},{"type":"Feature","properties":{"name":"Ghatkopar Flyover","highway":"trunk","policy":"day-time heavy-vehicle bans on select roads (MTP)"},"geometry":{"type":"LineString","coordinates":[[72.92271,19.08606],[72.91901,19.08169]]}},{"type":"Feature","properties":{"name":"Vikhroli Flyover","highway":"trunk","policy":"day-time heavy-vehicle bans on select roads (MTP)"},"geometry":{"type":"LineString","coordinates":[[72.93133,19.10627],[72.93082,19.10505]]}},{"type":"Feature","properties":{"name":"Vikhroli Flyover","highway":"trunk","policy":"day-time heavy-vehicle bans on select roads (MTP)"},"geometry":{"type":"LineString","coordinates":[[72.93353,19.11193],[72.93409,19.11331]]}},{"type":"Feature","properties":{"name":"Vikhroli Flyover","highway":"trunk","policy":"day-time heavy-vehicle bans on select roads (MTP)"},"geometry":{"type":"LineString","coordinates":[[72.93422,19.11328],[72.93363,19.11191]]}},{"type":"Feature","properties":{"name":"Eastern Express Highway","highway":"trunk","policy":"day-time heavy-vehicle bans on select roads (MTP)"},"geometry":{"type":"LineString","coordinates":[[72.93409,19.11331],[72.93415,19.11345],[72.93724,19.12097]]}},{"type":"Feature","properties":{"name":"Eastern Express Highway","highway":"trunk","policy":"day-time heavy-vehicle bans on select roads (MTP)"},"geometry":{"type":"LineString","coordinates":[[72.93838,19.12335],[72.93766,19.12159],[72.9373,19.12073],[72.93428,19.11343],[72.93422,19.11328]]}},{"type":"Feature","properties":{"name":"Eastern Express Highway","highway":"trunk","policy":"day-time heavy-vehicle bans on select roads (MTP)"},"geometry":{"type":"LineString","coordinates":[[72.93724,19.12097],[72.93742,19.12135]]}},{"type":"Feature","properties":{"name":"Eastern Express Highway","highway":"trunk","policy":"day-time heavy-vehicle bans on select roads (MTP)"},"geometry":{"type":"LineString","coordinates":[[72.94547,19.13619],[72.942,19.13048],[72.94022,19.12753],[72.93983,19.12679],[72.93942,19.12586],[72.93896,19.12476]]}},{"type":"Feature","properties":{"name":"Kanjurmarg Bypass Road","highway":"trunk","policy":"day-time heavy-vehicle bans on select roads (MTP)"},"geometry":{"type":"LineString","coordinates":[[72.93896,19.12476],[72.93838,19.12335]]}},{"type":"Feature","properties":{"name":"Eastern Express Highway","highway":"trunk","policy":"day-time heavy-vehicle bans on select roads (MTP)"},"geometry":{"type":"LineString","coordinates":[[72.93991,19.12728],[72.94188,19.13054],[72.94487,19.13546],[72.94539,19.1363]]}},{"type":"Feature","properties":{"name":"Eastern Express Highway","highway":"trunk","policy":"day-time heavy-vehicle bans on select roads (MTP)"},"geometry":{"type":"LineString","coordinates":[[72.94564,19.13646],[72.94547,19.13619]]}},{"type":"Feature","properties":{"name":"Eastern Express Highway","highway":"trunk","policy":"day-time heavy-vehicle bans on select roads (MTP)"},"geometry":{"type":"LineString","coordinates":[[72.95448,19.15115],[72.95514,19.15208]]}},{"type":"Feature","properties":{"name":"Eastern Express Highway","highway":"trunk","policy":"day-time heavy-vehicle bans on select roads (MTP)"},"geometry":{"type":"LineString","coordinates":[[72.95048,19.14436],[72.94564,19.13646]]}},{"type":"Feature","properties":{"name":"Eastern Expressway","highway":"trunk","policy":"day-time heavy-vehicle bans on select roads (MTP)"},"geometry":{"type":"LineString","coordinates":[[72.95921,19.15777],[72.95873,19.15717]]}},{"type":"Feature","properties":{"name":"Eastern Express Highway","highway":"trunk","policy":"day-time heavy-vehicle bans on select roads (MTP)"},"geometry":{"type":"LineString","coordinates":[[72.95904,19.15785],[72.95979,19.15896],[72.95999,19.15925],[72.96057,19.16014],[72.96218,19.16251],[72.96286,19.16353]]}},{"type":"Feature","properties":{"name":"Mulund Flyover","highway":"trunk","policy":"day-time heavy-vehicle bans on select roads (MTP)"},"geometry":{"type":"LineString","coordinates":[[72.96286,19.16353],[72.96313,19.16391],[72.96317,19.16396]]}},{"type":"Feature","properties":{"name":"Eastern Expressway","highway":"trunk","policy":"day-time heavy-vehicle bans on select roads (MTP)"},"geometry":{"type":"LineString","coordinates":[[72.96295,19.16346],[72.96229,19.16244],[72.96071,19.16007],[72.9601,19.15918],[72.95921,19.15777]]}},{"type":"Feature","properties":{"name":"Eastern Express Highway","highway":"trunk","policy":"day-time heavy-vehicle bans on select roads (MTP)"},"geometry":{"type":"LineString","coordinates":[[72.9663,19.16849],[72.9664,19.16863],[72.96674,19.16916],[72.96746,19.17027]]}},{"type":"Feature","properties":{"name":"Mulund Flyover","highway":"trunk","policy":"day-time heavy-vehicle bans on select roads (MTP)"},"geometry":{"type":"LineString","coordinates":[[72.96641,19.16841],[72.96619,19.16809]]}},{"type":"Feature","properties":{"name":"Eastern Express Highway","highway":"trunk","policy":"day-time heavy-vehicle bans on select roads (MTP)"},"geometry":{"type":"LineString","coordinates":[[72.96758,19.1702],[72.96717,19.16958],[72.96686,19.1691],[72.96651,19.16856],[72.96641,19.16841]]}},{"type":"Feature","properties":{"name":"Ghatkopar Flyover","highway":"trunk","policy":"day-time heavy-vehicle bans on select roads (MTP)"},"geometry":{"type":"LineString","coordinates":[[72.92347,19.08755],[72.92351,19.08764],[72.92361,19.08785]]}},{"type":"Feature","properties":{"name":"Eastern Express Highway","highway":"trunk","policy":"day-time heavy-vehicle bans on select roads (MTP)"},"geometry":{"type":"LineString","coordinates":[[72.96264,19.19746],[72.96256,19.1971],[72.96253,19.19665]]}},{"type":"Feature","properties":{"name":"Kopri Flyover","highway":"trunk","policy":"day-time heavy-vehicle bans on select roads (MTP)"},"geometry":{"type":"LineString","coordinates":[[72.96499,19.18463],[72.96547,19.18329]]}},{"type":"Feature","properties":{"name":"Teen Hath Naka Flyover","highway":"trunk","policy":"day-time heavy-vehicle bans on select roads (MTP)"},"geometry":{"type":"LineString","coordinates":[[72.96473,19.18529],[72.96495,19.18473]]}},{"type":"Feature","properties":{"name":"Eastern Express Highway","highway":"trunk","policy":"day-time heavy-vehicle bans on select roads (MTP)"},"geometry":{"type":"LineString","coordinates":[[72.963,19.1916],[72.96291,19.1922],[72.96268,19.19367],[72.9624,19.1955],[72.96236,19.19593],[72.96236,19.19631],[72.96237,19.19666]]}},{"type":"Feature","properties":{"name":"Teen Hath Naka Flyover","highway":"trunk","policy":"day-time heavy-vehicle bans on select roads (MTP)"},"geometry":{"type":"LineString","coordinates":[[72.96316,19.19162],[72.96322,19.19118]]}},{"type":"Feature","properties":{"name":"Teen Hath Naka Flyover","highway":"trunk","policy":"day-time heavy-vehicle bans on select roads (MTP)"},"geometry":{"type":"LineString","coordinates":[[72.96309,19.19117],[72.963,19.1916]]}},{"type":"Feature","properties":{"name":"Teen Hath Naka Flyover","highway":"trunk","policy":"day-time heavy-vehicle bans on select roads (MTP)"},"geometry":{"type":"LineString","coordinates":[[72.96322,19.19118],[72.96362,19.18876],[72.96371,19.18839],[72.96387,19.18795],[72.96473,19.18529]]}},{"type":"Feature","properties":{"name":"Eastern Express Highway","highway":"trunk","policy":"day-time heavy-vehicle bans on select roads (MTP)"},"geometry":{"type":"LineString","coordinates":[[72.96237,19.19666],[72.96246,19.19713],[72.96253,19.19749]]}},{"type":"Feature","properties":{"name":"Eastern Express Highway","highway":"trunk","policy":"day-time heavy-vehicle bans on select roads (MTP)"},"geometry":{"type":"LineString","coordinates":[[72.96253,19.19665],[72.96252,19.19624],[72.96252,19.19594],[72.96253,19.1958],[72.96256,19.19552],[72.96295,19.19294],[72.96316,19.19162]]}},{"type":"Feature","properties":{"name":"Eastern Express Highway","highway":"trunk","policy":"day-time heavy-vehicle bans on select roads (MTP)"},"geometry":{"type":"LineString","coordinates":[[72.97128,19.20694],[72.97175,19.20742]]}},{"type":"Feature","properties":{"name":"Eastern Express Highway","highway":"trunk","policy":"day-time heavy-vehicle bans on select roads (MTP)"},"geometry":{"type":"LineString","coordinates":[[72.97187,19.20732],[72.97136,19.20686]]}},{"type":"Feature","properties":{"name":"Eastern Express Highway","highway":"trunk","policy":"day-time heavy-vehicle bans on select roads (MTP)"},"geometry":{"type":"LineString","coordinates":[[72.97395,19.20935],[72.97187,19.20732]]}},{"type":"Feature","properties":{"name":"Majiwada-Kapurbawdi Flyover","highway":"trunk","policy":"day-time heavy-vehicle bans on select roads (MTP)"},"geometry":{"type":"LineString","coordinates":[[72.97783,19.22024],[72.97775,19.22058]]}},{"type":"Feature","properties":{"name":"Majiwada-Kapurbawdi Flyover","highway":"trunk","policy":"day-time heavy-vehicle bans on select roads (MTP)"},"geometry":{"type":"LineString","coordinates":[[72.97791,19.22061],[72.97792,19.22025]]}},{"type":"Feature","properties":{"name":"Eastern Express Highway","highway":"trunk","policy":"day-time heavy-vehicle bans on select roads (MTP)"},"geometry":{"type":"LineString","coordinates":[[72.98219,19.21115],[72.98127,19.21131]]}},{"type":"Feature","properties":{"name":"Eastern Express Highway","highway":"trunk","policy":"day-time heavy-vehicle bans on select roads (MTP)"},"geometry":{"type":"LineString","coordinates":[[72.98221,19.21127],[72.98488,19.21085],[72.98527,19.21078],[72.98591,19.21068]]}},{"type":"Feature","properties":{"name":"Ghatkopar - Mankhurd Link Road","highway":"trunk","policy":"day-time heavy-vehicle bans on select roads (MTP)"},"geometry":{"type":"LineString","coordinates":[[72.91135,19.06439],[72.91106,19.06465]]}},{"type":"Feature","properties":{"name":"Jeejabai Bhosale Marg","highway":"trunk","policy":"day-time heavy-vehicle bans on select roads (MTP)"},"geometry":{"type":"LineString","coordinates":[[72.91106,19.06465],[72.91083,19.06484],[72.91066,19.06502],[72.91049,19.06521],[72.91035,19.0654],[72.91021,19.0656],[72.9101,19.06582],[72.91002,19.06601],[72.90994,19.06621],[72.90988,19.06643],[72.90981,19.06666],[72.90976,19.0669],[72.90961,19.06813],[72.90957,19.06833],[72.90952,19.06851],[72.90946,19.06869],[72.90938,19.06886],[72.90928,19.06903],[72.90916,19.06921],[72.90902,19.06939],[72.90887,19.06955],[72.9087,19.06971],[72.90853,19.06985],[72.90835,19.06998],[72.9082,19.07005],[72.90764,19.07027]]}},{"type":"Feature","properties":{"name":"Ghatkopar - Mankhurd Link Road","highway":"trunk","policy":"day-time heavy-vehicle bans on select roads (MTP)"},"geometry":{"type":"LineString","coordinates":[[72.91125,19.06485],[72.91154,19.06458]]}},{"type":"Feature","properties":{"name":"Ghatkopar - Mankhurd Link Road Flyover","highway":"trunk","policy":"day-time heavy-vehicle bans on select roads (MTP)"},"geometry":{"type":"LineString","coordinates":[[72.91515,19.06312],[72.91581,19.06294],[72.9161,19.06285],[72.91665,19.06265],[72.91974,19.0614],[72.9205,19.06103],[72.92154,19.0605],[72.92645,19.05796],[72.92745,19.05744],[72.92852,19.05691],[72.92869,19.05683],[72.92887,19.05676],[72.92904,19.05671],[72.92922,19.05667],[72.92992,19.05659],[72.93061,19.0565],[72.93122,19.05642],[72.93147,19.05637],[72.93174,19.05631],[72.93195,19.05625],[72.93217,19.05617],[72.93239,19.05606],[72.93298,19.0557],[72.93352,19.05533],[72.934,19.05497],[72.93423,19.0548],[72.93444,19.05461],[72.93461,19.05444],[72.93477,19.05427],[72.9349,19.05411],[72.93529,19.05362],[72.93541,19.05345],[72.93553,19.05327],[72.93566,19.05309],[72.93639,19.05199]]}},{"type":"Feature","properties":{"name":"Mumbai Coastal Road","highway":"motorway","policy":"day-time heavy-vehicle bans on select roads (MTP)"},"geometry":{"type":"LineString","coordinates":[[72.821,18.94685],[72.82061,18.94742],[72.81956,18.94874],[72.81869,18.94971],[72.81838,18.95007],[72.81775,18.95069],[72.81683,18.95142],[72.81639,18.95175],[72.81602,18.95196],[72.81468,18.95272],[72.81381,18.95317],[72.81328,18.95341],[72.80974,18.95482],[72.80164,18.9576],[72.80117,18.95783],[72.80069,18.95811],[72.8001,18.95854],[72.79971,18.95898],[72.79939,18.95956],[72.79922,18.95997],[72.7991,18.96058],[72.79907,18.96107],[72.79909,18.96138],[72.79921,18.96184],[72.79943,18.96279]]}},{"type":"Feature","properties":{"name":"Mumbai Coastal Road","highway":"motorway","policy":"day-time heavy-vehicle bans on select roads (MTP)"},"geometry":{"type":"LineString","coordinates":[[72.81173,18.99368],[72.81172,18.9932],[72.81166,18.99264],[72.8116,18.9923]]}},{"type":"Feature","properties":{"name":"Mumbai Coastal Road","highway":"motorway","policy":"day-time heavy-vehicle bans on select roads (MTP)"},"geometry":{"type":"LineString","coordinates":[[72.81134,18.99234],[72.8114,18.99275],[72.81144,18.99315],[72.81147,18.99368]]}},{"type":"Feature","properties":{"name":"Mumbai Coastal Road","highway":"motorway","policy":"day-time heavy-vehicle bans on select roads (MTP)"},"geometry":{"type":"LineString","coordinates":[[72.81147,18.99368],[72.81149,18.99458],[72.81136,18.99542],[72.8111,18.99655],[72.81091,18.99726],[72.81061,18.99841],[72.81056,18.99923],[72.81054,19.00012],[72.81068,19.00122],[72.81092,19.00229],[72.8111,19.00277],[72.81124,19.00313],[72.81152,19.00369]]}},{"type":"Feature","properties":{"name":"Mumbai Coastal Road","highway":"motorway","policy":"day-time heavy-vehicle bans on select roads (MTP)"},"geometry":{"type":"LineString","coordinates":[[72.81291,19.00947],[72.81305,19.00909],[72.81312,19.00874],[72.81315,19.00842],[72.81322,19.0081],[72.81316,19.00705],[72.81301,19.00645],[72.8128,19.00588],[72.8115,19.0031],[72.81121,19.00224],[72.81093,19.00122],[72.8108,19.00014],[72.81082,18.99926],[72.81089,18.99845],[72.81114,18.9973],[72.81135,18.99662],[72.81164,18.99545],[72.81175,18.99459],[72.81173,18.99368]]}},{"type":"Feature","properties":{"name":"Mumbai Coastal Road","highway":"motorway","policy":"day-time heavy-vehicle bans on select roads (MTP)"},"geometry":{"type":"LineString","coordinates":[[72.81207,19.01587],[72.81168,19.01458],[72.81146,19.01338],[72.81153,19.01301],[72.81162,19.01218],[72.81184,19.0115],[72.8122,19.0108],[72.81256,19.01015],[72.81291,19.00947]]}},{"type":"Feature","properties":{"name":"Mumbai Coastal Road","highway":"motorway","policy":"day-time heavy-vehicle bans on select roads (MTP)"},"geometry":{"type":"LineString","coordinates":[[72.81267,19.00935],[72.8124,19.00989],[72.81197,19.01071],[72.8116,19.01142],[72.81137,19.01212],[72.81127,19.01278],[72.81122,19.01339],[72.81123,19.01384],[72.81142,19.01464],[72.81185,19.01595]]}},{"type":"Feature","properties":{"name":"Majiwada-Kapurbawdi Flyover","highway":"trunk","policy":"day-time heavy-vehicle bans on select roads (MTP)"},"geometry":{"type":"LineString","coordinates":[[72.98187,19.21799],[72.97996,19.21768]]}},{"type":"Feature","properties":{"name":"Sion-Panvel Highway","highway":"motorway","policy":"day-time heavy-vehicle bans on select roads (MTP)"},"geometry":{"type":"LineString","coordinates":[[72.99199,19.06904],[72.98952,19.06925]]}},{"type":"Feature","properties":{"name":"Sahitya Ratna Annabhau Sathe Flyover","highway":"trunk","policy":"day-time heavy-vehicle bans on select roads (MTP)"},"geometry":{"type":"LineString","coordinates":[[72.88537,19.05376],[72.88643,19.05382]]}},{"type":"Feature","properties":{"name":"Sion-Panvel Highway","highway":"motorway","policy":"day-time heavy-vehicle bans on select roads (MTP)"},"geometry":{"type":"LineString","coordinates":[[72.98437,19.06752],[72.98466,19.06778],[72.98546,19.06865],[72.98558,19.06877],[72.9858,19.06897],[72.98606,19.06915],[72.98636,19.0693],[72.98664,19.0694],[72.98693,19.06949],[72.9872,19.06955],[72.98753,19.06956],[72.98879,19.06947],[72.98954,19.0694]]}},{"type":"Feature","properties":{"name":"Kalanagar Flyover","highway":"motorway","policy":"day-time heavy-vehicle bans on select roads (MTP)"},"geometry":{"type":"LineString","coordinates":[[72.84646,19.05891],[72.84646,19.05924],[72.84652,19.0632]]}},{"type":"Feature","properties":{"name":"Western Express Highway","highway":"motorway","policy":"day-time heavy-vehicle bans on select roads (MTP)"},"geometry":{"type":"LineString","coordinates":[[72.84658,19.05798],[72.84657,19.05757]]}},{"type":"Feature","properties":{"name":"Kalanagar Flyover","highway":"motorway","policy":"day-time heavy-vehicle bans on select roads (MTP)"},"geometry":{"type":"LineString","coordinates":[[72.8466,19.05891],[72.84659,19.05846]]}},{"type":"Feature","properties":{"name":"Kalanagar Flyover","highway":"motorway","policy":"day-time heavy-vehicle bans on select roads (MTP)"},"geometry":{"type":"LineString","coordinates":[[72.84666,19.0632],[72.8466,19.05891]]}},{"type":"Feature","properties":{"name":"Ghatkopar - Mankhurd Link Road Flyover","highway":"trunk","policy":"day-time heavy-vehicle bans on select roads (MTP)"},"geometry":{"type":"LineString","coordinates":[[72.93627,19.05192],[72.93555,19.05302],[72.93542,19.0532],[72.9353,19.05337],[72.93518,19.05354],[72.93479,19.05403],[72.93466,19.05419],[72.9345,19.05435],[72.93434,19.05452],[72.93414,19.0547],[72.93392,19.05487],[72.93344,19.05523],[72.93291,19.05559],[72.93232,19.05595],[72.93211,19.05605],[72.93191,19.05613],[72.9317,19.05619],[72.93144,19.05625],[72.9312,19.0563],[72.9306,19.05637],[72.9299,19.05646],[72.9292,19.05654],[72.929,19.05658],[72.92882,19.05664],[72.92863,19.05671],[72.92846,19.0568],[72.92739,19.05733],[72.92148,19.06038],[72.92043,19.06092],[72.91968,19.06128],[72.9166,19.06253],[72.91605,19.06275],[72.9158,19.06283],[72.91554,19.0629]]}},{"type":"Feature","properties":{"name":"Eastern Express Highway","highway":"trunk","policy":"day-time heavy-vehicle bans on select roads (MTP)"},"geometry":{"type":"LineString","coordinates":[[72.9174,19.08004],[72.9175,19.08017],[72.91865,19.08146]]}},{"type":"Feature","properties":{"name":"Eastern Express Highway","highway":"trunk","policy":"day-time heavy-vehicle bans on select roads (MTP)"},"geometry":{"type":"LineString","coordinates":[[72.91722,19.07982],[72.9174,19.08004]]}},{"type":"Feature","properties":{"name":"Eastern Express Highway","highway":"trunk","policy":"day-time heavy-vehicle bans on select roads (MTP)"},"geometry":{"type":"LineString","coordinates":[[72.91752,19.07995],[72.91734,19.07973]]}},{"type":"Feature","properties":{"name":"Ghatkopar Flyover","highway":"trunk","policy":"day-time heavy-vehicle bans on select roads (MTP)"},"geometry":{"type":"LineString","coordinates":[[72.91901,19.08169],[72.91892,19.08159],[72.91875,19.08138]]}},{"type":"Feature","properties":{"name":"JNPT Road Flyover","highway":"trunk","policy":"day-time heavy-vehicle bans on select roads (MTP)"},"geometry":{"type":"LineString","coordinates":[[72.98691,18.90677],[72.98568,18.90876],[72.98466,18.91038],[72.98449,18.9106],[72.98427,18.91085]]}},{"type":"Feature","properties":{"name":"JNPT Road","highway":"trunk","policy":"day-time heavy-vehicle bans on select roads (MTP)"},"geometry":{"type":"LineString","coordinates":[[72.99587,18.907],[72.99517,18.90645],[72.99316,18.90525],[72.99245,18.90483],[72.99225,18.90471],[72.9922,18.90469],[72.99215,18.9047],[72.9921,18.90472],[72.99193,18.90484],[72.99185,18.90488],[72.99177,18.90491],[72.99167,18.90494],[72.99145,18.90493],[72.99123,18.90494],[72.99068,18.90503],[72.9904,18.90512],[72.99013,18.90524],[72.98983,18.90543],[72.98956,18.90564],[72.9891,18.90606],[72.98731,18.90789],[72.98697,18.90824],[72.98662,18.9087],[72.98625,18.90911],[72.986,18.90935],[72.98589,18.90945],[72.9854,18.90993],[72.98535,18.90998],[72.9852,18.91015],[72.98452,18.91103]]}},{"type":"Feature","properties":{"name":"JNPT Road Flyover","highway":"trunk","policy":"day-time heavy-vehicle bans on select roads (MTP)"},"geometry":{"type":"LineString","coordinates":[[72.98405,18.91136],[72.9844,18.91094]]}},{"type":"Feature","properties":{"name":"JNPT Road Flyover","highway":"trunk","policy":"day-time heavy-vehicle bans on select roads (MTP)"},"geometry":{"type":"LineString","coordinates":[[72.98856,18.90411],[72.98691,18.90677]]}},{"type":"Feature","properties":{"name":"JNPT Road Flyover","highway":"trunk","policy":"day-time heavy-vehicle bans on select roads (MTP)"},"geometry":{"type":"LineString","coordinates":[[72.98871,18.9042],[72.98907,18.90357]]}},{"type":"Feature","properties":{"name":"JNPT Road Flyover","highway":"trunk","policy":"day-time heavy-vehicle bans on select roads (MTP)"},"geometry":{"type":"LineString","coordinates":[[72.98886,18.90362],[72.98856,18.90411]]}},{"type":"Feature","properties":{"name":"JNPT Road","highway":"trunk","policy":"day-time heavy-vehicle bans on select roads (MTP)"},"geometry":{"type":"LineString","coordinates":[[72.98953,18.90272],[72.98886,18.90362]]}},{"type":"Feature","properties":{"name":"JNPT Road","highway":"trunk","policy":"day-time heavy-vehicle bans on select roads (MTP)"},"geometry":{"type":"LineString","coordinates":[[72.99088,18.90167],[72.98996,18.90235],[72.98975,18.90253],[72.98953,18.90272]]}},{"type":"Feature","properties":{"name":"Panvel Uran Road Flyover","highway":"trunk","policy":"day-time heavy-vehicle bans on select roads (MTP)"},"geometry":{"type":"LineString","coordinates":[[72.99509,18.90656],[72.99233,18.90492],[72.98957,18.90327],[72.98901,18.9029],[72.98856,18.90258],[72.98682,18.90133]]}},{"type":"Feature","properties":{"name":"JNPT Road","highway":"trunk","policy":"day-time heavy-vehicle bans on select roads (MTP)"},"geometry":{"type":"LineString","coordinates":[[72.98043,18.91481],[72.97801,18.91726],[72.97767,18.91761],[72.97753,18.91775],[72.97577,18.91953]]}},{"type":"Feature","properties":{"name":"JNPT Road","highway":"trunk","policy":"day-time heavy-vehicle bans on select roads (MTP)"},"geometry":{"type":"LineString","coordinates":[[72.9763,18.91918],[72.97662,18.91888],[72.9767,18.91881],[72.97764,18.91785],[72.97778,18.91772],[72.97813,18.91737],[72.98056,18.91493]]}},{"type":"Feature","properties":{"name":"JNPT Road","highway":"trunk","policy":"day-time heavy-vehicle bans on select roads (MTP)"},"geometry":{"type":"LineString","coordinates":[[72.97577,18.91953],[72.97326,18.92206],[72.97173,18.92361]]}},{"type":"Feature","properties":{"name":"JNPT Road Flyover","highway":"trunk","policy":"day-time heavy-vehicle bans on select roads (MTP)"},"geometry":{"type":"LineString","coordinates":[[72.98427,18.91085],[72.98392,18.91127]]}},{"type":"Feature","properties":{"name":"JNPT Road Flyover","highway":"trunk","policy":"day-time heavy-vehicle bans on select roads (MTP)"},"geometry":{"type":"LineString","coordinates":[[72.9844,18.91094],[72.98461,18.91068],[72.98479,18.91046],[72.98583,18.90885],[72.98871,18.9042]]}},{"type":"Feature","properties":{"name":"JNPT Road","highway":"trunk","policy":"day-time heavy-vehicle bans on select roads (MTP)"},"geometry":{"type":"LineString","coordinates":[[72.97194,18.92379],[72.97341,18.92228],[72.97539,18.92031],[72.97619,18.91945],[72.9763,18.91918]]}},{"type":"Feature","properties":{"name":"Panvel Uran Road Flyover","highway":"trunk","policy":"day-time heavy-vehicle bans on select roads (MTP)"},"geometry":{"type":"LineString","coordinates":[[72.9867,18.90149],[72.98843,18.90275],[72.98889,18.90307],[72.98945,18.90344],[72.99053,18.90408],[72.99499,18.9067]]}},{"type":"Feature","properties":{"name":"Sion Panvel Highway","highway":"trunk","policy":"day-time heavy-vehicle bans on select roads (MTP)"},"geometry":{"type":"LineString","coordinates":[[72.92342,19.04369],[72.92397,19.04409],[72.92413,19.04421],[72.92556,19.04547],[72.92582,19.04568],[72.92624,19.04606],[72.92699,19.0467],[72.92715,19.04684],[72.92826,19.04776]]}},{"type":"Feature","properties":{"name":"Kopri Flyover","highway":"trunk","policy":"day-time heavy-vehicle bans on select roads (MTP)"},"geometry":{"type":"LineString","coordinates":[[72.96532,19.18325],[72.96485,19.18459]]}},{"type":"Feature","properties":{"name":"Western Express Highway","highway":"motorway","policy":"day-time heavy-vehicle bans on select roads (MTP)"},"geometry":{"type":"LineString","coordinates":[[72.84457,19.05253],[72.84488,19.05266],[72.84505,19.05272]]}},{"type":"Feature","properties":{"name":"Western Express Highway","highway":"motorway","policy":"day-time heavy-vehicle bans on select roads (MTP)"},"geometry":{"type":"LineString","coordinates":[[72.84465,19.05236],[72.84426,19.0522],[72.84235,19.05143]]}},{"type":"Feature","properties":{"name":"Atal Setu","highway":"motorway","policy":"day-time heavy-vehicle bans on select roads (MTP)"},"geometry":{"type":"LineString","coordinates":[[72.86254,18.99954],[72.86365,18.99981],[72.86469,19.00006],[72.86584,19.00023],[72.86714,19.00037],[72.86846,19.00038],[72.87023,19.00025],[72.87102,19.00012],[72.87209,18.99991],[72.87304,18.99966],[72.87375,18.99942],[72.87413,18.9993],[72.87427,18.99924],[72.87464,18.99909],[72.8749,18.99898],[72.87534,18.9988],[72.87883,18.99707],[72.88155,18.99576],[72.88478,18.99427],[72.8873,18.99302],[72.89173,18.99088],[72.89224,18.99063],[72.89258,18.99047],[72.89282,18.99035],[72.89325,18.99014],[72.89583,18.9889],[72.8969,18.9885],[72.8984,18.98804],[72.89977,18.98769],[72.90055,18.98753],[72.9026,18.98723],[72.90455,18.98711],[72.90639,18.98716],[72.91125,18.98758],[72.9174,18.98815],[72.91795,18.9882],[72.91835,18.98824],[72.91862,18.98827],[72.91909,18.98831],[72.93861,18.99013],[72.93917,18.99018],[72.93955,18.99021],[72.93983,18.99024],[72.94011,18.99027],[72.94017,18.99027],[72.9571,18.99179],[72.95893,18.99198],[72.96055,18.99207],[72.96179,18.9921],[72.96428,18.99209],[72.96766,18.99182],[72.97134,18.99119],[72.97401,18.99051],[72.97588,18.98994],[72.97805,18.98914],[72.98045,18.98806],[72.98247,18.98697],[72.98388,18.98612],[72.98529,18.98522],[72.98627,18.98452],[72.99067,18.98117],[73.00349,18.97114],[73.00478,18.97012],[73.00631,18.96884],[73.00666,18.96846],[73.00723,18.96775],[73.00791,18.96668],[73.00829,18.96598],[73.00922,18.96425],[73.00953,18.96365],[73.01106,18.96068],[73.01162,18.95964],[73.01349,18.95597],[73.01406,18.95502],[73.01453,18.95447],[73.0148,18.95418],[73.01532,18.95379],[73.01589,18.95344]]}},{"type":"Feature","properties":{"name":"Panvel Uran Road Flyover","highway":"trunk","policy":"day-time heavy-vehicle bans on select roads (MTP)"},"geometry":{"type":"LineString","coordinates":[[72.98629,18.90121],[72.9867,18.90149]]}},{"type":"Feature","properties":{"name":"Panvel Uran Road Flyover","highway":"trunk","policy":"day-time heavy-vehicle bans on select roads (MTP)"},"geometry":{"type":"LineString","coordinates":[[72.98682,18.90133],[72.98642,18.90106]]}},{"type":"Feature","properties":{"name":"JNPT Road","highway":"trunk","policy":"day-time heavy-vehicle bans on select roads (MTP)"},"geometry":{"type":"LineString","coordinates":[[72.98907,18.90357],[72.98922,18.90336],[72.9897,18.90283],[72.9899,18.90264],[72.99011,18.90251]]}},{"type":"Feature","properties":{"name":"Sion Flyover","highway":"trunk","policy":"day-time heavy-vehicle bans on select roads (MTP)"},"geometry":{"type":"LineString","coordinates":[[72.86837,19.04836],[72.86773,19.04805],[72.86723,19.04772],[72.86695,19.04752],[72.86653,19.04713]]}},{"type":"Feature","properties":{"name":"BKC Flyover","highway":"motorway","policy":"day-time heavy-vehicle bans on select roads (MTP)"},"geometry":{"type":"LineString","coordinates":[[72.85009,19.05503],[72.85004,19.05498],[72.84969,19.05462],[72.84934,19.05426],[72.84898,19.05381],[72.84891,19.05375],[72.84886,19.0537],[72.84876,19.05362],[72.84862,19.05352],[72.84765,19.0529],[72.84747,19.0528],[72.84723,19.05276],[72.84705,19.05273],[72.8468,19.05271],[72.84648,19.05267],[72.84614,19.0526],[72.84577,19.05249],[72.84551,19.05244],[72.84521,19.05236]]}},{"type":"Feature","properties":{"name":"BKC Flyover","highway":"motorway","policy":"day-time heavy-vehicle bans on select roads (MTP)"},"geometry":{"type":"LineString","coordinates":[[72.84348,19.05219],[72.84406,19.05246],[72.84427,19.05254],[72.84449,19.05259],[72.84481,19.05257],[72.84512,19.05255],[72.84557,19.05257],[72.84583,19.05264],[72.84621,19.05275],[72.84654,19.0528],[72.8469,19.05283],[72.84713,19.05286],[72.84743,19.05291],[72.84758,19.05299],[72.84855,19.05362],[72.84868,19.05371],[72.84878,19.05379],[72.84883,19.05384],[72.84889,19.05389],[72.84925,19.05433],[72.8496,19.0547],[72.85003,19.05512]]}},{"type":"Feature","properties":{"name":"Western Express Highway","highway":"motorway","policy":"day-time heavy-vehicle bans on select roads (MTP)"},"geometry":{"type":"LineString","coordinates":[[72.84657,19.05757],[72.84657,19.05589],[72.84657,19.05554],[72.84656,19.05525],[72.84655,19.05506],[72.84653,19.05492],[72.84649,19.05474],[72.84643,19.05452],[72.84638,19.05434],[72.84619,19.05389],[72.84603,19.05359],[72.84591,19.05338],[72.84564,19.05304],[72.84542,19.05282],[72.84513,19.05262]]}},{"type":"Feature","properties":{"name":"Western Express Highway","highway":"motorway","policy":"day-time heavy-vehicle bans on select roads (MTP)"},"geometry":{"type":"LineString","coordinates":[[72.84505,19.05272],[72.84533,19.05292],[72.84554,19.05314],[72.8458,19.05345],[72.84593,19.05366],[72.84608,19.05392],[72.84616,19.05409],[72.84627,19.05438],[72.84633,19.05456],[72.84638,19.05476],[72.84642,19.05494],[72.84643,19.05507],[72.84645,19.05524],[72.84645,19.05554],[72.84645,19.05588],[72.84646,19.05757]]}},{"type":"Feature","properties":{"name":"NH48","highway":"trunk","policy":"day-time heavy-vehicle bans on select roads (MTP)"},"geometry":{"type":"LineString","coordinates":[[72.90714,19.07091],[72.9073,19.071]]}},{"type":"Feature","properties":{"name":"Thane Ghodbunder Road","highway":"trunk","policy":"day-time heavy-vehicle bans on select roads (MTP)"},"geometry":{"type":"LineString","coordinates":[[72.97756,19.21457],[72.97757,19.21468],[72.97757,19.21472],[72.9776,19.21504],[72.97761,19.21514],[72.97762,19.21526],[72.97765,19.21548],[72.97775,19.21587],[72.9779,19.21618]]}},{"type":"Feature","properties":{"name":"Agra Road","highway":"trunk","policy":"day-time heavy-vehicle bans on select roads (MTP)"},"geometry":{"type":"LineString","coordinates":[[72.97825,19.21722],[72.97839,19.21726]]}},{"type":"Feature","properties":{"name":"Thane Ghodbunder Road","highway":"trunk","policy":"day-time heavy-vehicle bans on select roads (MTP)"},"geometry":{"type":"LineString","coordinates":[[72.97839,19.21726],[72.97837,19.21687]]}},{"type":"Feature","properties":{"name":"Thane Ghodbunder Road","highway":"trunk","policy":"day-time heavy-vehicle bans on select roads (MTP)"},"geometry":{"type":"LineString","coordinates":[[72.97737,19.21374],[72.97746,19.21412],[72.97756,19.21457]]}},{"type":"Feature","properties":{"name":"Agra Road","highway":"trunk","policy":"day-time heavy-vehicle bans on select roads (MTP)"},"geometry":{"type":"LineString","coordinates":[[72.97839,19.21726],[72.97853,19.21739],[72.97886,19.21757],[72.97918,19.21764],[72.97943,19.21769],[72.97993,19.21778],[72.98055,19.21788],[72.98108,19.21798],[72.98298,19.21831],[72.98336,19.21842],[72.98361,19.21853],[72.98404,19.21872]]}},{"type":"Feature","properties":{"name":"BKC - Sealink Road","highway":"motorway","policy":"day-time heavy-vehicle bans on select roads (MTP)"},"geometry":{"type":"LineString","coordinates":[[72.84282,19.05189],[72.84348,19.05219]]}},{"type":"Feature","properties":{"name":"BKC - Sealink Road","highway":"motorway","policy":"day-time heavy-vehicle bans on select roads (MTP)"},"geometry":{"type":"LineString","coordinates":[[72.84521,19.05236],[72.84472,19.05226]]}},{"type":"Feature","properties":{"name":"BKC - Sealink Road","highway":"motorway","policy":"day-time heavy-vehicle bans on select roads (MTP)"},"geometry":{"type":"LineString","coordinates":[[72.85003,19.05512],[72.85036,19.05542]]}},{"type":"Feature","properties":{"name":"BKC - Sealink Road","highway":"motorway","policy":"day-time heavy-vehicle bans on select roads (MTP)"},"geometry":{"type":"LineString","coordinates":[[72.85039,19.05533],[72.85009,19.05503]]}},{"type":"Feature","properties":{"name":"Ghatkopar - Mankhurd Link Road","highway":"trunk","policy":"day-time heavy-vehicle bans on select roads (MTP)"},"geometry":{"type":"LineString","coordinates":[[72.91444,19.0631],[72.91389,19.06325],[72.91285,19.06355],[72.91242,19.06369],[72.91214,19.06382],[72.91206,19.06387],[72.91185,19.06401],[72.91183,19.06402],[72.91159,19.0642],[72.91135,19.06439]]}},{"type":"Feature","properties":{"name":"Jeejabai Bhosale Marg","highway":"trunk","policy":"day-time heavy-vehicle bans on select roads (MTP)"},"geometry":{"type":"LineString","coordinates":[[72.91154,19.06458],[72.91177,19.0644],[72.91201,19.06422],[72.91229,19.06404],[72.91256,19.0639],[72.91299,19.06374],[72.91365,19.06355],[72.91388,19.06348],[72.91455,19.06329],[72.91491,19.06316]]}},{"type":"Feature","properties":{"name":"Ghatkopar - Mankhurd Link Road","highway":"trunk","policy":"day-time heavy-vehicle bans on select roads (MTP)"},"geometry":{"type":"LineString","coordinates":[[72.93692,19.05107],[72.93664,19.05131],[72.93651,19.05149]]}},{"type":"Feature","properties":{"name":"Ghatkopar - Mankhurd Link Road","highway":"trunk","policy":"day-time heavy-vehicle bans on select roads (MTP)"},"geometry":{"type":"LineString","coordinates":[[72.93675,19.05158],[72.93685,19.05139],[72.93692,19.05107]]}},{"type":"Feature","properties":{"name":"Ghatkopar - Mankhurd Link Road","highway":"trunk","policy":"day-time heavy-vehicle bans on select roads (MTP)"},"geometry":{"type":"LineString","coordinates":[[72.91554,19.0629],[72.91516,19.06297]]}},{"type":"Feature","properties":{"name":"Ghatkopar - Mankhurd Link Road Flyover","highway":"trunk","policy":"day-time heavy-vehicle bans on select roads (MTP)"},"geometry":{"type":"LineString","coordinates":[[72.91491,19.06316],[72.91515,19.06312]]}},{"type":"Feature","properties":{"name":"Kamraj Nagar Flyover","highway":"trunk","policy":"day-time heavy-vehicle bans on select roads (MTP)"},"geometry":{"type":"LineString","coordinates":[[72.91715,19.07956],[72.91431,19.0762]]}},{"type":"Feature","properties":{"name":"Kamraj Nagar Flyover","highway":"trunk","policy":"day-time heavy-vehicle bans on select roads (MTP)"},"geometry":{"type":"LineString","coordinates":[[72.91421,19.07628],[72.91705,19.07961]]}},{"type":"Feature","properties":{"name":"Kamraj Nagar Flyover","highway":"trunk","policy":"day-time heavy-vehicle bans on select roads (MTP)"},"geometry":{"type":"LineString","coordinates":[[72.91705,19.07961],[72.91722,19.07982]]}},{"type":"Feature","properties":{"name":"Kamraj Nagar Flyover","highway":"trunk","policy":"day-time heavy-vehicle bans on select roads (MTP)"},"geometry":{"type":"LineString","coordinates":[[72.91734,19.07973],[72.91715,19.07956]]}},{"type":"Feature","properties":{"name":"Kamraj Nagar Flyover","highway":"trunk","policy":"day-time heavy-vehicle bans on select roads (MTP)"},"geometry":{"type":"LineString","coordinates":[[72.91392,19.07599],[72.91421,19.07628]]}},{"type":"Feature","properties":{"name":"Kamraj Nagar Flyover","highway":"trunk","policy":"day-time heavy-vehicle bans on select roads (MTP)"},"geometry":{"type":"LineString","coordinates":[[72.91431,19.0762],[72.91413,19.07599]]}},{"type":"Feature","properties":{"name":"New Vashi Bridge","highway":"motorway","policy":"day-time heavy-vehicle bans on select roads (MTP)"},"geometry":{"type":"LineString","coordinates":[[72.96105,19.05959],[72.97802,19.06358]]}},{"type":"Feature","properties":{"name":"New Vashi Bridge","highway":"motorway","policy":"day-time heavy-vehicle bans on select roads (MTP)"},"geometry":{"type":"LineString","coordinates":[[72.97812,19.06323],[72.96115,19.05922]]}},{"type":"Feature","properties":{"name":"JNPT Road","highway":"trunk","policy":"day-time heavy-vehicle bans on select roads (MTP)"},"geometry":{"type":"LineString","coordinates":[[72.98296,18.9125],[72.98315,18.91247],[72.98343,18.91222],[72.98385,18.91178],[72.98419,18.91143],[72.98452,18.91103]]}},{"type":"Feature","properties":{"name":"Ghatkopar - Mankhurd Link Road","highway":"trunk","policy":"day-time heavy-vehicle bans on select roads (MTP)"},"geometry":{"type":"LineString","coordinates":[[72.91514,19.06289],[72.91495,19.06301],[72.91483,19.06303],[72.91457,19.06308],[72.91444,19.0631]]}},{"type":"Feature","properties":{"name":"freight corridor","highway":"trunk","policy":"day-time heavy-vehicle bans on select roads (MTP)"},"geometry":{"type":"LineString","coordinates":[[72.97837,19.21687],[72.97806,19.21688]]}},{"type":"Feature","properties":{"name":"freight corridor","highway":"trunk","policy":"day-time heavy-vehicle bans on select roads (MTP)"},"geometry":{"type":"LineString","coordinates":[[72.9781,19.21721],[72.97825,19.21722]]}},{"type":"Feature","properties":{"name":"Dr Babasaheb Ambedkar Marg (Vincent Road)","highway":"trunk","policy":"day-time heavy-vehicle bans on select roads (MTP)"},"geometry":{"type":"LineString","coordinates":[[72.83981,19.00533],[72.83974,19.00526],[72.83964,19.00515],[72.83954,19.00507],[72.83941,19.00491],[72.83935,19.00483],[72.83921,19.00459],[72.83911,19.00435],[72.83903,19.00408],[72.83892,19.00393]]}},{"type":"Feature","properties":{"name":"Dr Babasaheb Ambedkar Marg (Vincent Road)","highway":"trunk","policy":"day-time heavy-vehicle bans on select roads (MTP)"},"geometry":{"type":"LineString","coordinates":[[72.8388,19.00393],[72.8388,19.00413],[72.83889,19.00442],[72.83891,19.00449],[72.83899,19.00469],[72.83915,19.00495],[72.83927,19.00511],[72.83936,19.00522],[72.83946,19.00531],[72.83954,19.00539],[72.83962,19.00546]]}},{"type":"Feature","properties":{"name":"Sion-Panvel Highway","highway":"motorway","policy":"day-time heavy-vehicle bans on select roads (MTP)"},"geometry":{"type":"LineString","coordinates":[[72.97805,19.06347],[72.97904,19.06379]]}},{"type":"Feature","properties":{"name":"Sion-Panvel Highway","highway":"motorway","policy":"day-time heavy-vehicle bans on select roads (MTP)"},"geometry":{"type":"LineString","coordinates":[[72.97913,19.06358],[72.97809,19.06334]]}},{"type":"Feature","properties":{"name":"Mumbai Coastal Road","highway":"motorway","policy":"day-time heavy-vehicle bans on select roads (MTP)"},"geometry":{"type":"LineString","coordinates":[[72.79952,18.96006],[72.79967,18.95966],[72.79999,18.9591],[72.80028,18.95882],[72.80049,18.95865],[72.80086,18.95842],[72.80139,18.95814],[72.80183,18.95798],[72.80653,18.95645],[72.80944,18.95545],[72.8103,18.95513],[72.81194,18.95447],[72.81342,18.95384],[72.8141,18.95352],[72.81489,18.95309],[72.81569,18.95259],[72.81645,18.95207],[72.81733,18.95139],[72.81761,18.95117],[72.81885,18.94999],[72.81949,18.94929],[72.82016,18.94848],[72.82067,18.94782],[72.82205,18.94587]]}},{"type":"Feature","properties":{"name":"Dr Babasaheb Ambedkar Marg","highway":"trunk","policy":"day-time heavy-vehicle bans on select roads (MTP)"},"geometry":{"type":"LineString","coordinates":[[72.83655,18.99541],[72.83659,18.99568],[72.83676,18.99622],[72.83693,18.99654],[72.83701,18.99668],[72.83724,18.99713],[72.83727,18.99717],[72.83739,18.99748],[72.83741,18.99771],[72.83742,18.99786],[72.83741,18.99806],[72.83742,18.99834],[72.83742,18.99861],[72.83742,18.99892],[72.83757,18.99943],[72.83766,18.99956]]}},{"type":"Feature","properties":{"name":"Mumbai Trans Harbour Link","highway":"motorway","policy":"day-time heavy-vehicle bans on select roads (MTP)"},"geometry":{"type":"LineString","coordinates":[[72.86262,18.99942],[72.8621,18.99917],[72.86151,18.99897]]}},{"type":"Feature","properties":{"name":"Mumbai Trans Harbour Link","highway":"motorway","policy":"day-time heavy-vehicle bans on select roads (MTP)"},"geometry":{"type":"LineString","coordinates":[[72.85997,18.99871],[72.86108,18.99914],[72.8614,18.99921]]}},{"type":"Feature","properties":{"name":"Mumbai Trans Harbour Link","highway":"motorway","policy":"day-time heavy-vehicle bans on select roads (MTP)"},"geometry":{"type":"LineString","coordinates":[[72.8614,18.99921],[72.86195,18.99941],[72.86254,18.99954]]}},{"type":"Feature","properties":{"name":"Dr Babasaheb Ambedkar Marg","highway":"trunk","policy":"day-time heavy-vehicle bans on select roads (MTP)"},"geometry":{"type":"LineString","coordinates":[[72.83572,18.989],[72.83567,18.9895],[72.83567,18.9896],[72.83565,18.98975],[72.83558,18.99037],[72.83556,18.99069],[72.83555,18.99077]]}},{"type":"Feature","properties":{"name":"Dr Baba Saheb Ambedkar Marg (Victoria Garden Road)","highway":"trunk","policy":"day-time heavy-vehicle bans on select roads (MTP)"},"geometry":{"type":"LineString","coordinates":[[72.83591,18.98899],[72.83591,18.98894]]}},{"type":"Feature","properties":{"name":"Thane Ghodbunder Road","highway":"trunk","policy":"day-time heavy-vehicle bans on select roads (MTP)"},"geometry":{"type":"LineString","coordinates":[[72.97806,19.21688],[72.9781,19.21721]]}},{"type":"Feature","properties":{"name":"Thane Ghodbunder Road","highway":"trunk","policy":"day-time heavy-vehicle bans on select roads (MTP)"},"geometry":{"type":"LineString","coordinates":[[72.97837,19.21687],[72.97832,19.21666],[72.97811,19.21576],[72.97806,19.21556],[72.978,19.21504],[72.97799,19.21496]]}},{"type":"Feature","properties":{"name":"Santa Cruz \u2013 Chembur Link Road","highway":"trunk","policy":"day-time heavy-vehicle bans on select roads (MTP)"},"geometry":{"type":"LineString","coordinates":[[72.85486,19.07531],[72.85504,19.07543],[72.85525,19.07546],[72.85538,19.07548],[72.85565,19.07546],[72.85663,19.07529],[72.85685,19.07525],[72.8573,19.07516],[72.85741,19.07515],[72.85804,19.07502],[72.85817,19.07499],[72.8587,19.07488],[72.85947,19.07473],[72.85981,19.07465],[72.86008,19.07455],[72.86047,19.07447]]}},{"type":"Feature","properties":{"name":"Santa Cruz \u2013 Chembur Link Road","highway":"trunk","policy":"day-time heavy-vehicle bans on select roads (MTP)"},"geometry":{"type":"LineString","coordinates":[[72.84709,19.07446],[72.84699,19.07448],[72.84659,19.07449]]}},{"type":"Feature","properties":{"name":"Ghatkopar - Mankhurd Link Road","highway":"trunk","policy":"day-time heavy-vehicle bans on select roads (MTP)"},"geometry":{"type":"LineString","coordinates":[[72.90805,19.07042],[72.90834,19.0703],[72.90853,19.0702],[72.90873,19.07006],[72.90891,19.06991],[72.90909,19.06974],[72.90925,19.06957],[72.90942,19.06936],[72.90954,19.06917],[72.90965,19.06898],[72.90974,19.06879],[72.9098,19.06859],[72.90986,19.06839],[72.90991,19.06818],[72.90995,19.06788],[72.91006,19.06695],[72.91011,19.06671],[72.91016,19.06651],[72.91023,19.06629],[72.9103,19.06611],[72.91038,19.06592],[72.91047,19.06573],[72.91059,19.06556],[72.91073,19.06538],[72.91088,19.06521],[72.91105,19.06503],[72.91125,19.06485]]}},{"type":"Feature","properties":{"name":"Sion Flyover","highway":"trunk","policy":"day-time heavy-vehicle bans on select roads (MTP)"},"geometry":{"type":"LineString","coordinates":[[72.86219,19.04023],[72.86224,19.04029],[72.86234,19.04043],[72.86272,19.04099],[72.86312,19.04154],[72.86342,19.04197],[72.8636,19.04224],[72.86378,19.04255],[72.86393,19.04288],[72.864,19.04304],[72.86438,19.04408],[72.86458,19.04459],[72.86477,19.04503],[72.86496,19.0454],[72.86522,19.04578],[72.86544,19.04606],[72.8662,19.04686],[72.86648,19.04717]]}},{"type":"Feature","properties":{"name":"SCLR Flyover","highway":"trunk","policy":"day-time heavy-vehicle bans on select roads (MTP)"},"geometry":{"type":"LineString","coordinates":[[72.85515,19.07537],[72.85533,19.0754],[72.8555,19.0754],[72.85589,19.07536],[72.85933,19.07472]]}},{"type":"Feature","properties":{"name":"freight corridor","highway":"trunk","policy":"day-time heavy-vehicle bans on select roads (MTP)"},"geometry":{"type":"LineString","coordinates":[[72.87288,19.07526],[72.87243,19.07503],[72.87236,19.075],[72.86721,19.07275],[72.86644,19.07241],[72.86594,19.07219],[72.86405,19.07137],[72.86351,19.07118],[72.86329,19.07112],[72.86295,19.07108],[72.8627,19.07109],[72.86246,19.07113],[72.86224,19.0712],[72.862,19.07128],[72.86172,19.07146],[72.8615,19.07165],[72.86136,19.07183],[72.86121,19.07206],[72.86075,19.07348],[72.86063,19.07379],[72.86048,19.07401],[72.86031,19.0742],[72.86012,19.07435],[72.85988,19.07448],[72.85961,19.07458],[72.85932,19.07464],[72.85588,19.07529],[72.8555,19.07532],[72.85534,19.07532],[72.85516,19.0753],[72.85499,19.07525],[72.85473,19.07515],[72.85338,19.07438],[72.85296,19.07415],[72.8527,19.07403],[72.85237,19.07393],[72.85203,19.07386],[72.85169,19.0738],[72.85119,19.07378]]}},{"type":"Feature","properties":{"name":"SCLR Flyover","highway":"trunk","policy":"day-time heavy-vehicle bans on select roads (MTP)"},"geometry":{"type":"LineString","coordinates":[[72.86644,19.07251],[72.87232,19.07507],[72.87284,19.07534]]}},{"type":"Feature","properties":{"name":"Sahar Elevated Road","highway":"motorway","policy":"day-time heavy-vehicle bans on select roads (MTP)"},"geometry":{"type":"LineString","coordinates":[[72.87182,19.10311],[72.87278,19.10312]]}},{"type":"Feature","properties":{"name":"Western Express Highway","highway":"trunk","policy":"day-time heavy-vehicle bans on select roads (MTP)"},"geometry":{"type":"LineString","coordinates":[[72.87186,19.25865],[72.87214,19.25932],[72.87233,19.25974],[72.87245,19.26001],[72.87283,19.26089],[72.87294,19.26115],[72.87306,19.26139]]}},{"type":"Feature","properties":{"name":"freight corridor","highway":"trunk","policy":"day-time heavy-vehicle bans on select roads (MTP)"},"geometry":{"type":"LineString","coordinates":[[72.90891,19.07215],[72.9093,19.07225]]}},{"type":"Feature","properties":{"name":"NH48","highway":"trunk","policy":"day-time heavy-vehicle bans on select roads (MTP)"},"geometry":{"type":"LineString","coordinates":[[72.84706,19.08043],[72.84707,19.08031]]}},{"type":"Feature","properties":{"name":"Kopri Flyover","highway":"trunk","policy":"day-time heavy-vehicle bans on select roads (MTP)"},"geometry":{"type":"LineString","coordinates":[[72.96776,19.17768],[72.96764,19.17803],[72.96748,19.17837],[72.96636,19.18054]]}},{"type":"Feature","properties":{"name":"Kopri Flyover","highway":"trunk","policy":"day-time heavy-vehicle bans on select roads (MTP)"},"geometry":{"type":"LineString","coordinates":[[72.96577,19.18246],[72.96606,19.18169],[72.96642,19.18078],[72.96651,19.1806]]}},{"type":"Feature","properties":{"name":"A Patil Flyover","highway":"trunk","policy":"day-time heavy-vehicle bans on select roads (MTP)"},"geometry":{"type":"LineString","coordinates":[[72.83268,18.97165],[72.83264,18.9715]]}},{"type":"Feature","properties":{"name":"Dr Babasaheb Ambedkar Marg (Vincent Road)","highway":"trunk","policy":"day-time heavy-vehicle bans on select roads (MTP)"},"geometry":{"type":"LineString","coordinates":[[72.84297,19.01099],[72.84295,19.01083],[72.8428,19.0106],[72.84262,19.01033]]}},{"type":"Feature","properties":{"name":"Laxmibai Kelkar Marg","highway":"trunk","policy":"day-time heavy-vehicle bans on select roads (MTP)"},"geometry":{"type":"LineString","coordinates":[[72.85766,19.03017],[72.85788,19.03072],[72.85805,19.03116]]}},{"type":"Feature","properties":{"name":"Dr Babasaheb Ambedkar Marg (Vincent Road)","highway":"trunk","policy":"day-time heavy-vehicle bans on select roads (MTP)"},"geometry":{"type":"LineString","coordinates":[[72.85097,19.02179],[72.85089,19.02168],[72.85087,19.02166],[72.85052,19.02121],[72.85003,19.02058],[72.84979,19.02038]]}},{"type":"Feature","properties":{"name":"Dr Babasaheb Ambedkar Marg (Vincent Road)","highway":"trunk","policy":"day-time heavy-vehicle bans on select roads (MTP)"},"geometry":{"type":"LineString","coordinates":[[72.85089,19.02217],[72.8511,19.02245],[72.8514,19.02285],[72.8516,19.02307],[72.85193,19.02349],[72.85214,19.02373],[72.85247,19.02412],[72.85272,19.02438],[72.85357,19.02527],[72.85399,19.02569],[72.85443,19.02612],[72.85469,19.0264],[72.85473,19.02646],[72.85483,19.02667]]}},{"type":"Feature","properties":{"name":"Eastern Express Highway","highway":"trunk","policy":"day-time heavy-vehicle bans on select roads (MTP)"},"geometry":{"type":"LineString","coordinates":[[72.92374,19.08782],[72.9234,19.08709],[72.92317,19.0867]]}},{"type":"Feature","properties":{"name":"Eastern Express Highway","highway":"trunk","policy":"day-time heavy-vehicle bans on select roads (MTP)"},"geometry":{"type":"LineString","coordinates":[[72.91875,19.08138],[72.91836,19.08094],[72.91752,19.07995]]}},{"type":"Feature","properties":{"name":"freight corridor","highway":"trunk","policy":"day-time heavy-vehicle bans on select roads (MTP)"},"geometry":{"type":"LineString","coordinates":[[72.8467,19.08036],[72.84668,19.08047]]}},{"type":"Feature","properties":{"name":"freight corridor","highway":"trunk","policy":"day-time heavy-vehicle bans on select roads (MTP)"},"geometry":{"type":"LineString","coordinates":[[72.84671,19.08029],[72.8467,19.08036]]}},{"type":"Feature","properties":{"name":"Eastern Express Highway","highway":"trunk","policy":"day-time heavy-vehicle bans on select roads (MTP)"},"geometry":{"type":"LineString","coordinates":[[72.89018,19.05909],[72.8902,19.05911],[72.89188,19.06029]]}},{"type":"Feature","properties":{"name":"Eastern Express Highway","highway":"trunk","policy":"day-time heavy-vehicle bans on select roads (MTP)"},"geometry":{"type":"LineString","coordinates":[[72.89188,19.06029],[72.89197,19.06036]]}},{"type":"Feature","properties":{"name":"Eastern Express Highway","highway":"trunk","policy":"day-time heavy-vehicle bans on select roads (MTP)"},"geometry":{"type":"LineString","coordinates":[[72.89199,19.06017],[72.8912,19.0596],[72.89031,19.05895]]}},{"type":"Feature","properties":{"name":"Eastern Express Highway","highway":"trunk","policy":"day-time heavy-vehicle bans on select roads (MTP)"},"geometry":{"type":"LineString","coordinates":[[72.89208,19.06024],[72.89199,19.06017]]}},{"type":"Feature","properties":{"name":"Western Express Highway","highway":"trunk","policy":"day-time heavy-vehicle bans on select roads (MTP)"},"geometry":{"type":"LineString","coordinates":[[72.8566,19.12477],[72.85665,19.12448],[72.85668,19.12409],[72.8567,19.1238],[72.85667,19.12353],[72.85657,19.123],[72.85642,19.1224]]}},{"type":"Feature","properties":{"name":"Eastern Express Highway","highway":"trunk","policy":"day-time heavy-vehicle bans on select roads (MTP)"},"geometry":{"type":"LineString","coordinates":[[72.98591,19.21068],[72.99178,19.20975]]}},{"type":"Feature","properties":{"name":"Thane Ghodbunder Road","highway":"trunk","policy":"day-time heavy-vehicle bans on select roads (MTP)"},"geometry":{"type":"LineString","coordinates":[[72.9772,19.21172],[72.97718,19.21205],[72.97716,19.21215],[72.97709,19.21242]]}},{"type":"Feature","properties":{"name":"Thane Ghodbunder Road","highway":"trunk","policy":"day-time heavy-vehicle bans on select roads (MTP)"},"geometry":{"type":"LineString","coordinates":[[72.97706,19.2128],[72.97724,19.21252],[72.97727,19.21242],[72.97729,19.21232],[72.9773,19.21215],[72.97732,19.21174]]}},{"type":"Feature","properties":{"name":"Agra Road","highway":"trunk","policy":"day-time heavy-vehicle bans on select roads (MTP)"},"geometry":{"type":"LineString","coordinates":[[72.9905,19.22172],[72.99034,19.22163],[72.98919,19.22109],[72.98907,19.22104],[72.98825,19.22064],[72.98787,19.22045],[72.9872,19.22012],[72.9842,19.21864]]}},{"type":"Feature","properties":{"name":"Majiwada-Kapurbawdi Flyover","highway":"trunk","policy":"day-time heavy-vehicle bans on select roads (MTP)"},"geometry":{"type":"LineString","coordinates":[[72.98315,19.21821],[72.9829,19.21816],[72.98187,19.21799]]}},{"type":"Feature","properties":{"name":"Agra Road","highway":"trunk","policy":"day-time heavy-vehicle bans on select roads (MTP)"},"geometry":{"type":"LineString","coordinates":[[72.98404,19.21872],[72.98412,19.21876],[72.98493,19.21916],[72.98696,19.22013],[72.98714,19.22022],[72.98781,19.22054],[72.9884,19.22083],[72.98914,19.22118],[72.99031,19.22173],[72.99044,19.22181]]}},{"type":"Feature","properties":{"name":"Thane Ghodbunder Road","highway":"trunk","policy":"day-time heavy-vehicle bans on select roads (MTP)"},"geometry":{"type":"LineString","coordinates":[[72.97709,19.21242],[72.97698,19.21266]]}},{"type":"Feature","properties":{"name":"Eastern Express Highway","highway":"trunk","policy":"day-time heavy-vehicle bans on select roads (MTP)"},"geometry":{"type":"LineString","coordinates":[[72.98737,19.21037],[72.98523,19.21069],[72.98219,19.21115]]}},{"type":"Feature","properties":{"name":"Western Express Highway","highway":"trunk","policy":"day-time heavy-vehicle bans on select roads (MTP)"},"geometry":{"type":"LineString","coordinates":[[72.86329,19.22757],[72.86329,19.22792],[72.86329,19.22826],[72.86329,19.22869]]}},{"type":"Feature","properties":{"name":"Western Express Highway","highway":"trunk","policy":"day-time heavy-vehicle bans on select roads (MTP)"},"geometry":{"type":"LineString","coordinates":[[72.86332,19.23571],[72.86332,19.23545],[72.86333,19.23535]]}},{"type":"Feature","properties":{"name":"Western Express Highway","highway":"trunk","policy":"day-time heavy-vehicle bans on select roads (MTP)"},"geometry":{"type":"LineString","coordinates":[[72.86492,19.24685],[72.86491,19.24675],[72.86489,19.2466]]}},{"type":"Feature","properties":{"name":"Western Express Highway","highway":"trunk","policy":"day-time heavy-vehicle bans on select roads (MTP)"},"geometry":{"type":"LineString","coordinates":[[72.87112,19.25674],[72.87097,19.25652]]}},{"type":"Feature","properties":{"name":"Western Express Highway","highway":"trunk","policy":"day-time heavy-vehicle bans on select roads (MTP)"},"geometry":{"type":"LineString","coordinates":[[72.87318,19.26134],[72.87314,19.26123],[72.87311,19.26113],[72.87309,19.26109],[72.87299,19.26082],[72.87274,19.26023],[72.87232,19.25924],[72.87215,19.25883],[72.87204,19.25858]]}},{"type":"Feature","properties":{"name":"Prakash Thorat Marg","highway":"trunk","policy":"day-time heavy-vehicle bans on select roads (MTP)"},"geometry":{"type":"LineString","coordinates":[[72.8971,19.06467],[72.89717,19.06445]]}},{"type":"Feature","properties":{"name":"Santa Cruz \u2013 Chembur Link Road","highway":"trunk","policy":"day-time heavy-vehicle bans on select roads (MTP)"},"geometry":{"type":"LineString","coordinates":[[72.86109,19.07291],[72.8614,19.07206],[72.86154,19.07185],[72.86158,19.07181],[72.86174,19.07164],[72.86196,19.07148],[72.86201,19.07146],[72.86225,19.07135],[72.86247,19.07128],[72.86248,19.07128],[72.86269,19.07124],[72.863,19.07122],[72.86307,19.07122],[72.86325,19.07125],[72.86349,19.0713],[72.86397,19.07151],[72.86432,19.07166],[72.86474,19.07185],[72.86559,19.07222],[72.86666,19.07277]]}},{"type":"Feature","properties":{"name":"freight corridor","highway":"trunk","policy":"day-time heavy-vehicle bans on select roads (MTP)"},"geometry":{"type":"LineString","coordinates":[[72.85933,19.07472],[72.85963,19.07465],[72.85992,19.07455],[72.86016,19.07441],[72.86037,19.07426],[72.86054,19.07405],[72.8607,19.07382],[72.86083,19.07351],[72.86129,19.07209],[72.86142,19.07188],[72.86156,19.07171],[72.86177,19.07152],[72.86204,19.07135],[72.86226,19.07127],[72.86248,19.0712],[72.86271,19.07117],[72.86294,19.07116],[72.86327,19.07119],[72.86348,19.07125],[72.86401,19.07145],[72.86644,19.07251]]}},{"type":"Feature","properties":{"name":"Shahid Major Kaustubh Rane flyover","highway":"trunk","policy":"day-time heavy-vehicle bans on select roads (MTP)"},"geometry":{"type":"LineString","coordinates":[[72.87498,19.07621],[72.87447,19.07594]]}},{"type":"Feature","properties":{"name":"Shahid Major Kaustubh Rane flyover","highway":"trunk","policy":"day-time heavy-vehicle bans on select roads (MTP)"},"geometry":{"type":"LineString","coordinates":[[72.87962,19.07465],[72.8794,19.07479]]}},{"type":"Feature","properties":{"name":"Shahid Major Kaustubh Rane flyover","highway":"trunk","policy":"day-time heavy-vehicle bans on select roads (MTP)"},"geometry":{"type":"LineString","coordinates":[[72.87944,19.07487],[72.87969,19.07478]]}},{"type":"Feature","properties":{"name":"Santa Cruz \u2013 Chembur Link Road","highway":"trunk","policy":"day-time heavy-vehicle bans on select roads (MTP)"},"geometry":{"type":"LineString","coordinates":[[72.87447,19.07594],[72.87384,19.07569],[72.87372,19.07559],[72.87328,19.07539],[72.87292,19.07519],[72.8727,19.07508],[72.87246,19.07496],[72.87239,19.07493],[72.87234,19.0749],[72.87232,19.07486],[72.87198,19.07471],[72.87193,19.07469]]}},{"type":"Feature","properties":{"name":"Santa Cruz \u2013 Chembur Link Road","highway":"trunk","policy":"day-time heavy-vehicle bans on select roads (MTP)"},"geometry":{"type":"LineString","coordinates":[[72.87193,19.07469],[72.87144,19.07449]]}},{"type":"Feature","properties":{"name":"Santa Cruz \u2013 Chembur Link Road","highway":"trunk","policy":"day-time heavy-vehicle bans on select roads (MTP)"},"geometry":{"type":"LineString","coordinates":[[72.87234,19.07517],[72.87236,19.07518],[72.8728,19.0754],[72.87334,19.07561],[72.87422,19.07601],[72.87439,19.07608]]}},{"type":"Feature","properties":{"name":"Santa Cruz \u2013 Chembur Link Road","highway":"trunk","policy":"day-time heavy-vehicle bans on select roads (MTP)"},"geometry":{"type":"LineString","coordinates":[[72.87138,19.07475],[72.87181,19.07493]]}},{"type":"Feature","properties":{"name":"Sion Panvel Highway","highway":"trunk","policy":"day-time heavy-vehicle bans on select roads (MTP)"},"geometry":{"type":"LineString","coordinates":[[72.88939,19.05409],[72.88972,19.05411],[72.88982,19.05412],[72.89037,19.05416],[72.89096,19.05419],[72.89133,19.0542],[72.89172,19.05421],[72.89187,19.05421],[72.89217,19.05421],[72.89229,19.05421],[72.89244,19.05421],[72.89331,19.0542],[72.89358,19.0542],[72.89413,19.05417],[72.89435,19.05417],[72.89457,19.05415]]}},{"type":"Feature","properties":{"name":"Amar Mahal Junction Flyover","highway":"trunk","policy":"day-time heavy-vehicle bans on select roads (MTP)"},"geometry":{"type":"LineString","coordinates":[[72.90188,19.0671],[72.90039,19.06609]]}},{"type":"Feature","properties":{"name":"Amar Mahal Junction Flyover","highway":"trunk","policy":"day-time heavy-vehicle bans on select roads (MTP)"},"geometry":{"type":"LineString","coordinates":[[72.90032,19.06617],[72.9018,19.06717]]}},{"type":"Feature","properties":{"name":"Santa Cruz \u2013 Chembur Link Road Flyover","highway":"trunk","policy":"day-time heavy-vehicle bans on select roads (MTP)"},"geometry":{"type":"LineString","coordinates":[[72.90409,19.06851],[72.9032,19.06791]]}},{"type":"Feature","properties":{"name":"Eastern Express Highway Flyover","highway":"trunk","policy":"day-time heavy-vehicle bans on select roads (MTP)"},"geometry":{"type":"LineString","coordinates":[[72.90897,19.07191],[72.90707,19.07063]]}},{"type":"Feature","properties":{"name":"Eastern Express Highway Flyover","highway":"trunk","policy":"day-time heavy-vehicle bans on select roads (MTP)"},"geometry":{"type":"LineString","coordinates":[[72.90578,19.06977],[72.90471,19.06906]]}},{"type":"Feature","properties":{"name":"Santa Cruz \u2013 Chembur Link Road","highway":"trunk","policy":"day-time heavy-vehicle bans on select roads (MTP)"},"geometry":{"type":"LineString","coordinates":[[72.84883,19.07433],[72.84942,19.07425],[72.84949,19.07424],[72.84966,19.07421],[72.85098,19.07399],[72.85131,19.07394],[72.85175,19.07396],[72.85216,19.07403],[72.85251,19.0741]]}},{"type":"Feature","properties":{"name":"Eastern Freeway","highway":"motorway","policy":"day-time heavy-vehicle bans on select roads (MTP)"},"geometry":{"type":"LineString","coordinates":[[72.84578,18.96549],[72.84559,18.96478],[72.8454,18.96407],[72.84528,18.96373],[72.84518,18.96343],[72.84443,18.96154],[72.84428,18.96107],[72.84415,18.96075],[72.84404,18.96055],[72.84391,18.96036],[72.84378,18.96019],[72.84363,18.96004],[72.84352,18.95991],[72.84342,18.95975],[72.84335,18.95952],[72.8432,18.95894],[72.84311,18.95857],[72.84292,18.9579]]}},{"type":"Feature","properties":{"name":"Eastern Freeway","highway":"motorway","policy":"day-time heavy-vehicle bans on select roads (MTP)"},"geometry":{"type":"LineString","coordinates":[[72.84586,18.96585],[72.84578,18.96549]]}},{"type":"Feature","properties":{"name":"Eastern Freeway","highway":"motorway","policy":"day-time heavy-vehicle bans on select roads (MTP)"},"geometry":{"type":"LineString","coordinates":[[72.84281,18.95809],[72.84318,18.9596],[72.84326,18.95974],[72.84338,18.95991],[72.84349,18.96002],[72.8437,18.96024],[72.84384,18.96042],[72.84396,18.9606],[72.84406,18.96079],[72.84418,18.9611],[72.84434,18.96157],[72.84508,18.96346],[72.8453,18.96409],[72.84549,18.9648],[72.84568,18.96552]]}},{"type":"Feature","properties":{"name":"Eastern Freeway","highway":"motorway","policy":"day-time heavy-vehicle bans on select roads (MTP)"},"geometry":{"type":"LineString","coordinates":[[72.84568,18.96552],[72.84575,18.96587]]}},{"type":"Feature","properties":{"name":"Kalina-Vakola Flyover","highway":"motorway","policy":"day-time heavy-vehicle bans on select roads (MTP)"},"geometry":{"type":"LineString","coordinates":[[72.84689,19.08013],[72.84688,19.08038],[72.84684,19.08059],[72.84673,19.0811],[72.8465,19.08224],[72.84627,19.08333],[72.8462,19.08364],[72.84616,19.08387]]}},{"type":"Feature","properties":{"name":"Kalina-Vakola Flyover","highway":"motorway","policy":"day-time heavy-vehicle bans on select roads (MTP)"},"geometry":{"type":"LineString","coordinates":[[72.84689,19.08],[72.84689,19.08013]]}},{"type":"Feature","properties":{"name":"Kalina-Vakola Flyover","highway":"motorway","policy":"day-time heavy-vehicle bans on select roads (MTP)"},"geometry":{"type":"LineString","coordinates":[[72.8465,19.08285],[72.84654,19.08269],[72.84667,19.082],[72.84695,19.0806],[72.84697,19.08045],[72.84698,19.08035],[72.84699,19.08012]]}},{"type":"Feature","properties":{"name":"Kalina-Vakola Flyover","highway":"motorway","policy":"day-time heavy-vehicle bans on select roads (MTP)"},"geometry":{"type":"LineString","coordinates":[[72.84699,19.08012],[72.847,19.07999]]}},{"type":"Feature","properties":{"name":"Kalina-Vakola Flyover","highway":"motorway","policy":"day-time heavy-vehicle bans on select roads (MTP)"},"geometry":{"type":"LineString","coordinates":[[72.8462,19.08424],[72.84623,19.08412],[72.84628,19.0839],[72.8465,19.08285]]}},{"type":"Feature","properties":{"name":"Kalina-Vakola Flyover","highway":"motorway","policy":"day-time heavy-vehicle bans on select roads (MTP)"},"geometry":{"type":"LineString","coordinates":[[72.84667,19.07134],[72.84667,19.07168]]}},{"type":"Feature","properties":{"name":"Kalina-Vakola Flyover","highway":"motorway","policy":"day-time heavy-vehicle bans on select roads (MTP)"},"geometry":{"type":"LineString","coordinates":[[72.84681,19.07167],[72.8468,19.07134]]}},{"type":"Feature","properties":{"name":"Ghatkopar - Mankhurd Link Road Flyover","highway":"trunk","policy":"day-time heavy-vehicle bans on select roads (MTP)"},"geometry":{"type":"LineString","coordinates":[[72.93643,19.05163],[72.93627,19.05192]]}},{"type":"Feature","properties":{"name":"Ghatkopar - Mankhurd Link Road Flyover","highway":"trunk","policy":"day-time heavy-vehicle bans on select roads (MTP)"},"geometry":{"type":"LineString","coordinates":[[72.93639,19.05199],[72.93651,19.05187],[72.93663,19.05174]]}},{"type":"Feature","properties":{"name":"Santa Cruz \u2013 Chembur Link Road","highway":"trunk","policy":"day-time heavy-vehicle bans on select roads (MTP)"},"geometry":{"type":"LineString","coordinates":[[72.87501,19.07614],[72.87477,19.07607],[72.87447,19.07594]]}},{"type":"Feature","properties":{"name":"Sion Panvel Highway","highway":"trunk","policy":"day-time heavy-vehicle bans on select roads (MTP)"},"geometry":{"type":"LineString","coordinates":[[72.9098,19.04591],[72.91001,19.0458],[72.91059,19.04581],[72.91067,19.04581],[72.91071,19.04581],[72.91095,19.04581],[72.9116,19.04579]]}},{"type":"Feature","properties":{"name":"Dr Babasaheb Ambedkar Marg","highway":"trunk","policy":"day-time heavy-vehicle bans on select roads (MTP)"},"geometry":{"type":"LineString","coordinates":[[72.83635,18.99204],[72.83602,18.9915],[72.83591,18.99133],[72.83582,18.99114],[72.83574,18.99088],[72.83574,18.99082]]}},{"type":"Feature","properties":{"name":"Western Express Highway","highway":"trunk","policy":"day-time heavy-vehicle bans on select roads (MTP)"},"geometry":{"type":"LineString","coordinates":[[72.85835,19.18633],[72.85833,19.18714],[72.85832,19.18766],[72.85831,19.18799],[72.85832,19.18912]]}},{"type":"Feature","properties":{"name":"Western Express Highway","highway":"trunk","policy":"day-time heavy-vehicle bans on select roads (MTP)"},"geometry":{"type":"LineString","coordinates":[[72.8561,19.1469],[72.8563,19.14908],[72.85635,19.14967]]}},{"type":"Feature","properties":{"name":"Sahar Elevated Road","highway":"motorway","policy":"day-time heavy-vehicle bans on select roads (MTP)"},"geometry":{"type":"LineString","coordinates":[[72.8621,19.10234],[72.86145,19.10215],[72.8606,19.10199],[72.86021,19.10194],[72.85927,19.1019],[72.85824,19.10193],[72.85702,19.1021]]}},{"type":"Feature","properties":{"name":"Sahar Elevated Road","highway":"motorway","policy":"day-time heavy-vehicle bans on select roads (MTP)"},"geometry":{"type":"LineString","coordinates":[[72.85705,19.10221],[72.85825,19.10204],[72.85929,19.10199],[72.86023,19.10205],[72.8606,19.10209],[72.8614,19.10224]]}},{"type":"Feature","properties":{"name":"Sahar Elevated Road","highway":"motorway","policy":"day-time heavy-vehicle bans on select roads (MTP)"},"geometry":{"type":"LineString","coordinates":[[72.8614,19.10224],[72.86142,19.10225],[72.8621,19.10242]]}},{"type":"Feature","properties":{"name":"Western Express Highway","highway":"motorway","policy":"day-time heavy-vehicle bans on select roads (MTP)"},"geometry":{"type":"LineString","coordinates":[[72.85372,19.10609],[72.85408,19.10447],[72.8543,19.10362]]}},{"type":"Feature","properties":{"name":"Dr Baba Saheb Ambedkar Marg (Victoria Garden Road)","highway":"trunk","policy":"day-time heavy-vehicle bans on select roads (MTP)"},"geometry":{"type":"LineString","coordinates":[[72.83436,18.98048],[72.83409,18.97932],[72.83397,18.97877],[72.83393,18.97863],[72.83387,18.97855]]}},{"type":"Feature","properties":{"name":"Khodadad Circle","highway":"trunk","policy":"day-time heavy-vehicle bans on select roads (MTP)"},"geometry":{"type":"LineString","coordinates":[[72.84741,19.01766],[72.84739,19.01775],[72.84739,19.01785],[72.84742,19.01795]]}},{"type":"Feature","properties":{"name":"Khodadad Circle","highway":"trunk","policy":"day-time heavy-vehicle bans on select roads (MTP)"},"geometry":{"type":"LineString","coordinates":[[72.84774,19.0174],[72.84763,19.01743],[72.84754,19.01749],[72.84746,19.01756],[72.84741,19.01766]]}},{"type":"Feature","properties":{"name":"Khodadad Circle","highway":"trunk","policy":"day-time heavy-vehicle bans on select roads (MTP)"},"geometry":{"type":"LineString","coordinates":[[72.84779,19.01818],[72.84791,19.01817],[72.84802,19.01812],[72.84811,19.01804],[72.84818,19.01795]]}},{"type":"Feature","properties":{"name":"Khodadad Circle","highway":"trunk","policy":"day-time heavy-vehicle bans on select roads (MTP)"},"geometry":{"type":"LineString","coordinates":[[72.84756,19.01811],[72.84767,19.01816],[72.84779,19.01818]]}},{"type":"Feature","properties":{"name":"Khodadad Circle","highway":"trunk","policy":"day-time heavy-vehicle bans on select roads (MTP)"},"geometry":{"type":"LineString","coordinates":[[72.84742,19.01795],[72.84748,19.01804],[72.84756,19.01811]]}},{"type":"Feature","properties":{"name":"Bandra Worli Sea Link Flyover","highway":"motorway","policy":"day-time heavy-vehicle bans on select roads (MTP)"},"geometry":{"type":"LineString","coordinates":[[72.84067,19.05075],[72.84006,19.0505]]}},{"type":"Feature","properties":{"name":"Western Express Highway","highway":"motorway","policy":"day-time heavy-vehicle bans on select roads (MTP)"},"geometry":{"type":"LineString","coordinates":[[72.84659,19.05846],[72.84658,19.05798]]}},{"type":"Feature","properties":{"name":"Kalanagar Flyover","highway":"motorway","policy":"day-time heavy-vehicle bans on select roads (MTP)"},"geometry":{"type":"LineString","coordinates":[[72.84667,19.06368],[72.84666,19.0632]]}},{"type":"Feature","properties":{"name":"Airport Flyover","highway":"motorway","policy":"day-time heavy-vehicle bans on select roads (MTP)"},"geometry":{"type":"LineString","coordinates":[[72.85414,19.09931],[72.85392,19.09893]]}},{"type":"Feature","properties":{"name":"Andheri Flyover","highway":"motorway","policy":"day-time heavy-vehicle bans on select roads (MTP)"},"geometry":{"type":"LineString","coordinates":[[72.85365,19.10635],[72.85372,19.10609]]}},{"type":"Feature","properties":{"name":"Western Express Highway","highway":"motorway","policy":"day-time heavy-vehicle bans on select roads (MTP)"},"geometry":{"type":"LineString","coordinates":[[72.84653,19.06367],[72.84667,19.07134]]}},{"type":"Feature","properties":{"name":"Kalanagar Flyover","highway":"motorway","policy":"day-time heavy-vehicle bans on select roads (MTP)"},"geometry":{"type":"LineString","coordinates":[[72.84645,19.05846],[72.84646,19.05891]]}},{"type":"Feature","properties":{"name":"Western Express Highway","highway":"motorway","policy":"day-time heavy-vehicle bans on select roads (MTP)"},"geometry":{"type":"LineString","coordinates":[[72.8406,19.05092],[72.84154,19.05137]]}},{"type":"Feature","properties":{"name":"Dr Babasaheb Ambedkar Marg","highway":"trunk","policy":"day-time heavy-vehicle bans on select roads (MTP)"},"geometry":{"type":"LineString","coordinates":[[72.83377,18.97849],[72.83375,18.97861],[72.83388,18.97917],[72.83392,18.97936],[72.83399,18.97962],[72.83421,18.9805]]}},{"type":"Feature","properties":{"name":"Dr Babasaheb Ambedkar Marg","highway":"trunk","policy":"day-time heavy-vehicle bans on select roads (MTP)"},"geometry":{"type":"LineString","coordinates":[[72.83357,18.97544],[72.83351,18.97575],[72.83347,18.97607],[72.83345,18.97628],[72.83343,18.97637],[72.83343,18.97671],[72.83349,18.97707]]}},{"type":"Feature","properties":{"name":"King's Circle","highway":"trunk","policy":"day-time heavy-vehicle bans on select roads (MTP)"},"geometry":{"type":"LineString","coordinates":[[72.8551,19.02637],[72.85498,19.02645],[72.85489,19.02655],[72.85483,19.02667]]}},{"type":"Feature","properties":{"name":"King's Circle","highway":"trunk","policy":"day-time heavy-vehicle bans on select roads (MTP)"},"geometry":{"type":"LineString","coordinates":[[72.85599,19.02701],[72.856,19.02687],[72.85599,19.02673],[72.85593,19.0266],[72.85585,19.02648]]}},{"type":"Feature","properties":{"name":"King's Circle","highway":"trunk","policy":"day-time heavy-vehicle bans on select roads (MTP)"},"geometry":{"type":"LineString","coordinates":[[72.85556,19.02742],[72.8557,19.02736],[72.85583,19.02727],[72.85593,19.02715],[72.85599,19.02701]]}},{"type":"Feature","properties":{"name":"Sion Panvel Highway","highway":"trunk","policy":"day-time heavy-vehicle bans on select roads (MTP)"},"geometry":{"type":"LineString","coordinates":[[72.88105,19.05282],[72.88083,19.0528],[72.88062,19.05277],[72.8804,19.05272],[72.87888,19.0521],[72.87831,19.0519]]}},{"type":"Feature","properties":{"name":"Sion Panvel Highway","highway":"trunk","policy":"day-time heavy-vehicle bans on select roads (MTP)"},"geometry":{"type":"LineString","coordinates":[[72.88938,19.05395],[72.8892,19.05394],[72.88901,19.05393],[72.88805,19.05384],[72.88759,19.0538],[72.88727,19.05378],[72.88706,19.05376],[72.88697,19.05376],[72.88663,19.05373],[72.88634,19.05371],[72.88598,19.05368],[72.88516,19.05362],[72.88504,19.05361],[72.88426,19.05358],[72.8832,19.05354],[72.88306,19.05352],[72.88301,19.05351],[72.88293,19.05349],[72.8824,19.05331]]}},{"type":"Feature","properties":{"name":"Sion Panvel Highway","highway":"trunk","policy":"day-time heavy-vehicle bans on select roads (MTP)"},"geometry":{"type":"LineString","coordinates":[[72.88085,19.05313],[72.88199,19.05349],[72.88229,19.0536]]}},{"type":"Feature","properties":{"name":"Sion Panvel Highway","highway":"trunk","policy":"day-time heavy-vehicle bans on select roads (MTP)"},"geometry":{"type":"LineString","coordinates":[[72.90868,19.04621],[72.90838,19.04651],[72.90784,19.04702],[72.90767,19.04718],[72.90761,19.04723],[72.90673,19.04805],[72.90644,19.04835],[72.90592,19.04889],[72.90577,19.04903],[72.9056,19.0492],[72.90543,19.04938],[72.905,19.04982],[72.90452,19.05027],[72.90415,19.05062],[72.90378,19.0509],[72.90311,19.05118],[72.90279,19.05131],[72.90248,19.05142],[72.902,19.05158],[72.90195,19.0516],[72.9007,19.05205],[72.90053,19.05211]]}},{"type":"Feature","properties":{"name":"Eastern Freeway","highway":"motorway","policy":"day-time heavy-vehicle bans on select roads (MTP)"},"geometry":{"type":"LineString","coordinates":[[72.91208,19.05668],[72.91195,19.05647]]}},{"type":"Feature","properties":{"name":"Eastern Freeway","highway":"motorway","policy":"day-time heavy-vehicle bans on select roads (MTP)"},"geometry":{"type":"LineString","coordinates":[[72.91203,19.05671],[72.91219,19.05693]]}},{"type":"Feature","properties":{"name":"Sion Panvel Highway","highway":"trunk","policy":"day-time heavy-vehicle bans on select roads (MTP)"},"geometry":{"type":"LineString","coordinates":[[72.89735,19.05339],[72.89962,19.05259]]}},{"type":"Feature","properties":{"name":"Dr Babasaheb Ambedkar Marg","highway":"trunk","policy":"day-time heavy-vehicle bans on select roads (MTP)"},"geometry":{"type":"LineString","coordinates":[[72.83663,18.99414],[72.83657,18.99351],[72.83653,18.99299],[72.83653,18.99293],[72.8365,18.99262],[72.83646,18.9923],[72.83635,18.99204]]}},{"type":"Feature","properties":{"name":"Laxmibai Kelkar Marg","highway":"trunk","policy":"day-time heavy-vehicle bans on select roads (MTP)"},"geometry":{"type":"LineString","coordinates":[[72.8569,19.02821],[72.85652,19.02784],[72.85649,19.0278],[72.8561,19.02738],[72.85602,19.0273],[72.85598,19.02716],[72.85599,19.02701]]}},{"type":"Feature","properties":{"name":"Laxmibai Kelkar Marg","highway":"trunk","policy":"day-time heavy-vehicle bans on select roads (MTP)"},"geometry":{"type":"LineString","coordinates":[[72.86091,19.03738],[72.86088,19.03715],[72.86064,19.03654]]}},{"type":"Feature","properties":{"name":"Laxmibai Kelkar Marg","highway":"trunk","policy":"day-time heavy-vehicle bans on select roads (MTP)"},"geometry":{"type":"LineString","coordinates":[[72.85852,19.03227],[72.85859,19.03243],[72.85874,19.03278],[72.85897,19.03333],[72.85901,19.03342],[72.85934,19.03415],[72.85941,19.0343],[72.85944,19.03436],[72.85946,19.03442],[72.85952,19.03455],[72.85954,19.03459],[72.85961,19.03474]]}},{"type":"Feature","properties":{"name":"Dr Babasaheb Ambedkar Marg","highway":"trunk","policy":"day-time heavy-vehicle bans on select roads (MTP)"},"geometry":{"type":"LineString","coordinates":[[72.83555,18.99077],[72.83554,18.99087],[72.83555,18.99102],[72.8356,18.99117],[72.83571,18.99138],[72.83573,18.99142],[72.83617,18.99213],[72.83626,18.99234],[72.8363,18.99264],[72.83634,18.99299],[72.83637,18.99352],[72.83643,18.99417],[72.83646,18.99454],[72.83651,18.9953],[72.83655,18.99541]]}},{"type":"Feature","properties":{"name":"Laxmibai Kelkar Marg","highway":"trunk","policy":"day-time heavy-vehicle bans on select roads (MTP)"},"geometry":{"type":"LineString","coordinates":[[72.85835,19.03106],[72.85817,19.03059],[72.85806,19.03034],[72.8578,19.02975]]}},{"type":"Feature","properties":{"name":"Laxmibai Kelkar Marg","highway":"trunk","policy":"day-time heavy-vehicle bans on select roads (MTP)"},"geometry":{"type":"LineString","coordinates":[[72.85724,19.02927],[72.85743,19.02963],[72.85766,19.03017]]}},{"type":"Feature","properties":{"name":"Khodadad Circle","highway":"trunk","policy":"day-time heavy-vehicle bans on select roads (MTP)"},"geometry":{"type":"LineString","coordinates":[[72.84819,19.01767],[72.84816,19.0176],[72.84811,19.01753]]}},{"type":"Feature","properties":{"name":"Khodadad Circle","highway":"trunk","policy":"day-time heavy-vehicle bans on select roads (MTP)"},"geometry":{"type":"LineString","coordinates":[[72.84811,19.01753],[72.84801,19.01745],[72.84788,19.01741],[72.84774,19.0174]]}},{"type":"Feature","properties":{"name":"Sion Panvel Highway","highway":"trunk","policy":"day-time heavy-vehicle bans on select roads (MTP)"},"geometry":{"type":"LineString","coordinates":[[72.88643,19.05382],[72.88675,19.05386],[72.88753,19.05394],[72.88787,19.05397],[72.88878,19.05404],[72.88927,19.05408],[72.88939,19.05409]]}},{"type":"Feature","properties":{"name":"freight corridor","highway":"trunk","policy":"day-time heavy-vehicle bans on select roads (MTP)"},"geometry":{"type":"LineString","coordinates":[[72.90894,19.04577],[72.90887,19.04583],[72.90882,19.04591]]}},{"type":"Feature","properties":{"name":"Sion Panvel Highway","highway":"trunk","policy":"day-time heavy-vehicle bans on select roads (MTP)"},"geometry":{"type":"LineString","coordinates":[[72.91831,19.04467],[72.91985,19.04425],[72.92062,19.04405],[72.92229,19.0436],[72.92237,19.04359],[72.92275,19.04356],[72.92292,19.04357],[72.92304,19.04358],[72.92322,19.0436]]}},{"type":"Feature","properties":{"name":"freight corridor","highway":"trunk","policy":"day-time heavy-vehicle bans on select roads (MTP)"},"geometry":{"type":"LineString","coordinates":[[72.9088,19.04607],[72.90882,19.04614],[72.90886,19.0462],[72.90891,19.04626],[72.90897,19.0463]]}},{"type":"Feature","properties":{"name":"freight corridor","highway":"trunk","policy":"day-time heavy-vehicle bans on select roads (MTP)"},"geometry":{"type":"LineString","coordinates":[[72.90882,19.04591],[72.9088,19.04599],[72.9088,19.04607]]}},{"type":"Feature","properties":{"name":"freight corridor","highway":"trunk","policy":"day-time heavy-vehicle bans on select roads (MTP)"},"geometry":{"type":"LineString","coordinates":[[72.90927,19.04574],[72.90924,19.04573],[72.90918,19.04571],[72.9091,19.04571],[72.90901,19.04573],[72.90894,19.04577]]}},{"type":"Feature","properties":{"name":"freight corridor","highway":"trunk","policy":"day-time heavy-vehicle bans on select roads (MTP)"},"geometry":{"type":"LineString","coordinates":[[72.90946,19.04609],[72.90944,19.04592],[72.9094,19.04585],[72.90934,19.04578],[72.90927,19.04574]]}},{"type":"Feature","properties":{"name":"Dr Babasaheb Ambedkar Marg (Vincent Road)","highway":"trunk","policy":"day-time heavy-vehicle bans on select roads (MTP)"},"geometry":{"type":"LineString","coordinates":[[72.84555,19.01465],[72.8454,19.01443],[72.845,19.01384],[72.84452,19.01315],[72.84425,19.01283]]}},{"type":"Feature","properties":{"name":"Dr Babasaheb Ambedkar Marg (Vincent Road)","highway":"trunk","policy":"day-time heavy-vehicle bans on select roads (MTP)"},"geometry":{"type":"LineString","coordinates":[[72.84413,19.01291],[72.84432,19.01326],[72.84447,19.01349],[72.84465,19.01375],[72.84478,19.01395],[72.84534,19.01478]]}},{"type":"Feature","properties":{"name":"Dr Babasaheb Ambedkar Marg","highway":"trunk","policy":"day-time heavy-vehicle bans on select roads (MTP)"},"geometry":{"type":"LineString","coordinates":[[72.83574,18.99082],[72.83574,18.99074],[72.83574,18.9907],[72.83578,18.99039],[72.83586,18.98977],[72.83591,18.98899]]}},{"type":"Feature","properties":{"name":"Santa Cruz \u2013 Chembur Link Road","highway":"trunk","policy":"day-time heavy-vehicle bans on select roads (MTP)"},"geometry":{"type":"LineString","coordinates":[[72.86045,19.0744],[72.86031,19.07442],[72.86001,19.07447],[72.85979,19.07445],[72.85977,19.07446],[72.85944,19.07455],[72.85736,19.0749],[72.85564,19.07517],[72.85536,19.07519],[72.85514,19.07518],[72.85463,19.07501],[72.85436,19.07487],[72.85306,19.07416],[72.85268,19.07399]]}},{"type":"Feature","properties":{"name":"Santa Cruz \u2013 Chembur Link Road","highway":"trunk","policy":"day-time heavy-vehicle bans on select roads (MTP)"},"geometry":{"type":"LineString","coordinates":[[72.88048,19.07404],[72.88043,19.07409],[72.88016,19.07429]]}},{"type":"Feature","properties":{"name":"Santa Cruz \u2013 Chembur Link Road","highway":"trunk","policy":"day-time heavy-vehicle bans on select roads (MTP)"},"geometry":{"type":"LineString","coordinates":[[72.87745,19.07611],[72.87753,19.07605]]}},{"type":"Feature","properties":{"name":"freight corridor","highway":"trunk","policy":"day-time heavy-vehicle bans on select roads (MTP)"},"geometry":{"type":"LineString","coordinates":[[72.84667,19.07134],[72.84656,19.07193],[72.84659,19.07252],[72.8466,19.07333],[72.8466,19.07339],[72.84661,19.07384],[72.84659,19.07449]]}},{"type":"Feature","properties":{"name":"Western Express Highway","highway":"trunk","policy":"day-time heavy-vehicle bans on select roads (MTP)"},"geometry":{"type":"LineString","coordinates":[[72.85905,19.17024],[72.85889,19.16869]]}},{"type":"Feature","properties":{"name":"Western Express Highway","highway":"trunk","policy":"day-time heavy-vehicle bans on select roads (MTP)"},"geometry":{"type":"LineString","coordinates":[[72.8592,19.17153],[72.85905,19.17024]]}},{"type":"Feature","properties":{"name":"Times Of India Flyover","highway":"trunk","policy":"day-time heavy-vehicle bans on select roads (MTP)"},"geometry":{"type":"LineString","coordinates":[[72.85965,19.19361],[72.85946,19.19324]]}},{"type":"Feature","properties":{"name":"Western Express Highway","highway":"trunk","policy":"day-time heavy-vehicle bans on select roads (MTP)"},"geometry":{"type":"LineString","coordinates":[[72.86106,19.19964],[72.86104,19.19957]]}},{"type":"Feature","properties":{"name":"Western Express Highway","highway":"trunk","policy":"day-time heavy-vehicle bans on select roads (MTP)"},"geometry":{"type":"LineString","coordinates":[[72.86826,19.2095],[72.86824,19.20944],[72.86814,19.20915],[72.86803,19.20891]]}},{"type":"Feature","properties":{"name":"Western Express Highway","highway":"trunk","policy":"day-time heavy-vehicle bans on select roads (MTP)"},"geometry":{"type":"LineString","coordinates":[[72.86423,19.22492],[72.86429,19.22477]]}},{"type":"Feature","properties":{"name":"Western Express Highway","highway":"trunk","policy":"day-time heavy-vehicle bans on select roads (MTP)"},"geometry":{"type":"LineString","coordinates":[[72.86342,19.2276],[72.86344,19.22737]]}},{"type":"Feature","properties":{"name":"Western Express Highway","highway":"trunk","policy":"day-time heavy-vehicle bans on select roads (MTP)"},"geometry":{"type":"LineString","coordinates":[[72.86416,19.22474],[72.8641,19.22491]]}},{"type":"Feature","properties":{"name":"Western Express Highway","highway":"trunk","policy":"day-time heavy-vehicle bans on select roads (MTP)"},"geometry":{"type":"LineString","coordinates":[[72.8672,19.21594],[72.86717,19.21602],[72.86634,19.2184],[72.86626,19.21865]]}},{"type":"Feature","properties":{"name":"Western Express Highway","highway":"trunk","policy":"day-time heavy-vehicle bans on select roads (MTP)"},"geometry":{"type":"LineString","coordinates":[[72.86766,19.20847],[72.86791,19.20899]]}},{"type":"Feature","properties":{"name":"Western Express Highway","highway":"trunk","policy":"day-time heavy-vehicle bans on select roads (MTP)"},"geometry":{"type":"LineString","coordinates":[[72.86098,19.19995],[72.86105,19.20027]]}},{"type":"Feature","properties":{"name":"Times Of India Flyover","highway":"trunk","policy":"day-time heavy-vehicle bans on select roads (MTP)"},"geometry":{"type":"LineString","coordinates":[[72.85934,19.19329],[72.85953,19.19367]]}},{"type":"Feature","properties":{"name":"Western Express Highway","highway":"trunk","policy":"day-time heavy-vehicle bans on select roads (MTP)"},"geometry":{"type":"LineString","coordinates":[[72.85836,19.18421],[72.85836,19.18429],[72.85837,19.18529]]}},{"type":"Feature","properties":{"name":"Western Express Highway","highway":"trunk","policy":"day-time heavy-vehicle bans on select roads (MTP)"},"geometry":{"type":"LineString","coordinates":[[72.85893,19.17025],[72.85895,19.17039]]}},{"type":"Feature","properties":{"name":"Western Express Highway","highway":"trunk","policy":"day-time heavy-vehicle bans on select roads (MTP)"},"geometry":{"type":"LineString","coordinates":[[72.85876,19.16868],[72.85879,19.16887],[72.85887,19.16985],[72.85893,19.17025]]}},{"type":"Feature","properties":{"name":"Western Express Highway","highway":"trunk","policy":"day-time heavy-vehicle bans on select roads (MTP)"},"geometry":{"type":"LineString","coordinates":[[72.85771,19.16047],[72.85778,19.16094]]}},{"type":"Feature","properties":{"name":"Dr Babasaheb Ambedkar Marg","highway":"trunk","policy":"day-time heavy-vehicle bans on select roads (MTP)"},"geometry":{"type":"LineString","coordinates":[[72.83575,18.98847],[72.83572,18.989]]}},{"type":"Feature","properties":{"name":"Dr Baba Saheb Ambedkar Marg (Victoria Garden Road)","highway":"trunk","policy":"day-time heavy-vehicle bans on select roads (MTP)"},"geometry":{"type":"LineString","coordinates":[[72.83591,18.98894],[72.83591,18.98847]]}},{"type":"Feature","properties":{"name":"Dr Babasaheb Ambedkar Marg","highway":"trunk","policy":"day-time heavy-vehicle bans on select roads (MTP)"},"geometry":{"type":"LineString","coordinates":[[72.83672,18.99532],[72.83672,18.99528],[72.83667,18.99453],[72.83663,18.99414]]}},{"type":"Feature","properties":{"name":"Eastern Freeway","highway":"motorway","policy":"day-time heavy-vehicle bans on select roads (MTP)"},"geometry":{"type":"LineString","coordinates":[[72.88061,19.0253],[72.87979,19.02493]]}},{"type":"Feature","properties":{"name":"Eastern Freeway","highway":"motorway","policy":"day-time heavy-vehicle bans on select roads (MTP)"},"geometry":{"type":"LineString","coordinates":[[72.88574,19.02774],[72.88515,19.02746]]}},{"type":"Feature","properties":{"name":"Eastern Freeway","highway":"motorway","policy":"day-time heavy-vehicle bans on select roads (MTP)"},"geometry":{"type":"LineString","coordinates":[[72.8851,19.02758],[72.88568,19.02786]]}},{"type":"Feature","properties":{"name":"Eastern Freeway","highway":"motorway","policy":"day-time heavy-vehicle bans on select roads (MTP)"},"geometry":{"type":"LineString","coordinates":[[72.87975,19.02499],[72.88017,19.02518]]}},{"type":"Feature","properties":{"name":"Sion Panvel Highway","highway":"trunk","policy":"day-time heavy-vehicle bans on select roads (MTP)"},"geometry":{"type":"LineString","coordinates":[[72.8805,19.053],[72.88085,19.05313]]}},{"type":"Feature","properties":{"name":"Western Express Highway","highway":"trunk","policy":"day-time heavy-vehicle bans on select roads (MTP)"},"geometry":{"type":"LineString","coordinates":[[72.87204,19.25858],[72.87192,19.2583],[72.87163,19.25757],[72.87129,19.25699]]}},{"type":"Feature","properties":{"name":"Western Express Highway","highway":"trunk","policy":"day-time heavy-vehicle bans on select roads (MTP)"},"geometry":{"type":"LineString","coordinates":[[72.87099,19.25678],[72.87114,19.25708],[72.87114,19.25709],[72.87139,19.25763],[72.87172,19.25834],[72.87186,19.25865]]}},{"type":"Feature","properties":{"name":"Western Express Highway","highway":"trunk","policy":"day-time heavy-vehicle bans on select roads (MTP)"},"geometry":{"type":"LineString","coordinates":[[72.87086,19.25658],[72.87099,19.25678]]}},{"type":"Feature","properties":{"name":"freight corridor","highway":"trunk","policy":"day-time heavy-vehicle bans on select roads (MTP)"},"geometry":{"type":"LineString","coordinates":[[72.93713,19.05148],[72.94007,19.05253],[72.94079,19.0527]]}},{"type":"Feature","properties":{"name":"Ghatkopar - Mankhurd Link Road","highway":"trunk","policy":"day-time heavy-vehicle bans on select roads (MTP)"},"geometry":{"type":"LineString","coordinates":[[72.93663,19.05174],[72.93675,19.05158]]}},{"type":"Feature","properties":{"name":"Ghatkopar - Mankhurd Link Road","highway":"trunk","policy":"day-time heavy-vehicle bans on select roads (MTP)"},"geometry":{"type":"LineString","coordinates":[[72.90714,19.07091],[72.90738,19.0707]]}},{"type":"Feature","properties":{"name":"freight corridor","highway":"trunk","policy":"day-time heavy-vehicle bans on select roads (MTP)"},"geometry":{"type":"LineString","coordinates":[[72.94083,19.05256],[72.94019,19.05223],[72.93706,19.05112],[72.93692,19.05107]]}},{"type":"Feature","properties":{"name":"Bandra Worli Sea Link Flyover","highway":"motorway","policy":"day-time heavy-vehicle bans on select roads (MTP)"},"geometry":{"type":"LineString","coordinates":[[72.83669,19.04972],[72.83478,19.04984]]}},{"type":"Feature","properties":{"name":"Jeejabai Bhosale Marg","highway":"trunk","policy":"day-time heavy-vehicle bans on select roads (MTP)"},"geometry":{"type":"LineString","coordinates":[[72.90764,19.07027],[72.90732,19.07054],[72.90724,19.07063],[72.90704,19.07086]]}},{"type":"Feature","properties":{"name":"Eastern Express Highway","highway":"trunk","policy":"day-time heavy-vehicle bans on select roads (MTP)"},"geometry":{"type":"LineString","coordinates":[[72.90528,19.06974],[72.90692,19.0708],[72.90704,19.07086],[72.90714,19.07091]]}},{"type":"Feature","properties":{"name":"Dr Babasaheb Ambedkar Marg (Vincent Road)","highway":"trunk","policy":"day-time heavy-vehicle bans on select roads (MTP)"},"geometry":{"type":"LineString","coordinates":[[72.8467,19.01618],[72.84668,19.01615],[72.84623,19.01556],[72.8461,19.01538],[72.84555,19.01465]]}},{"type":"Feature","properties":{"name":"Dr Babasaheb Ambedkar Marg (Vincent Road)","highway":"trunk","policy":"day-time heavy-vehicle bans on select roads (MTP)"},"geometry":{"type":"LineString","coordinates":[[72.84548,19.01497],[72.84589,19.01553],[72.84601,19.01569],[72.84629,19.01606],[72.8464,19.01621],[72.84648,19.01631]]}},{"type":"Feature","properties":{"name":"Dr Baba Saheb Ambedkar Marg (Victoria Garden Road)","highway":"trunk","policy":"day-time heavy-vehicle bans on select roads (MTP)"},"geometry":{"type":"LineString","coordinates":[[72.83539,18.98398],[72.83531,18.98373],[72.83528,18.9836],[72.83519,18.98322],[72.83505,18.98275],[72.83488,18.98222],[72.83484,18.98208],[72.83473,18.98166],[72.83448,18.981],[72.83437,18.98054]]}},{"type":"Feature","properties":{"name":"Dr Babasaheb Ambedkar Marg","highway":"trunk","policy":"day-time heavy-vehicle bans on select roads (MTP)"},"geometry":{"type":"LineString","coordinates":[[72.83456,18.98169],[72.83467,18.9821],[72.83502,18.98324],[72.83515,18.98374],[72.83519,18.98399]]}},{"type":"Feature","properties":{"name":"A Patil Flyover","highway":"trunk","policy":"day-time heavy-vehicle bans on select roads (MTP)"},"geometry":{"type":"LineString","coordinates":[[72.83305,18.97271],[72.83316,18.97284],[72.83322,18.97291],[72.83336,18.97309],[72.83345,18.97323]]}},{"type":"Feature","properties":{"name":"Western Express Highway","highway":"trunk","policy":"day-time heavy-vehicle bans on select roads (MTP)"},"geometry":{"type":"LineString","coordinates":[[72.86783,19.25217],[72.868,19.25241]]}},{"type":"Feature","properties":{"name":"Western Express Highway","highway":"trunk","policy":"day-time heavy-vehicle bans on select roads (MTP)"},"geometry":{"type":"LineString","coordinates":[[72.86477,19.24663],[72.86479,19.24688]]}},{"type":"Feature","properties":{"name":"Sion Panvel Highway","highway":"trunk","policy":"day-time heavy-vehicle bans on select roads (MTP)"},"geometry":{"type":"LineString","coordinates":[[72.89986,19.05234],[72.89953,19.05246],[72.89892,19.05268],[72.89785,19.05305],[72.89727,19.05326],[72.89695,19.05338],[72.89627,19.05361],[72.89559,19.05381],[72.895,19.05395]]}},{"type":"Feature","properties":{"name":"Sion Panvel Highway","highway":"trunk","policy":"day-time heavy-vehicle bans on select roads (MTP)"},"geometry":{"type":"LineString","coordinates":[[72.90053,19.05211],[72.90042,19.05214]]}},{"type":"Feature","properties":{"name":"Sion Panvel Highway","highway":"trunk","policy":"day-time heavy-vehicle bans on select roads (MTP)"},"geometry":{"type":"LineString","coordinates":[[72.89991,19.05249],[72.90046,19.05231],[72.90057,19.05228],[72.90079,19.05221]]}},{"type":"Feature","properties":{"name":"Sion Panvel Highway","highway":"trunk","policy":"day-time heavy-vehicle bans on select roads (MTP)"},"geometry":{"type":"LineString","coordinates":[[72.89472,19.05413],[72.89487,19.05412],[72.89502,19.0541],[72.89563,19.05396],[72.89632,19.05375],[72.89702,19.05351],[72.89735,19.05339]]}},{"type":"Feature","properties":{"name":"Dr Babasaheb Ambedkar Marg","highway":"trunk","policy":"day-time heavy-vehicle bans on select roads (MTP)"},"geometry":{"type":"LineString","coordinates":[[72.83674,18.99542],[72.83673,18.99537],[72.83672,18.99532]]}},{"type":"Feature","properties":{"name":"Dr Babasaheb Ambedkar Marg","highway":"trunk","policy":"day-time heavy-vehicle bans on select roads (MTP)"},"geometry":{"type":"LineString","coordinates":[[72.83345,18.97323],[72.83348,18.9733],[72.83353,18.97345],[72.83373,18.97408]]}},{"type":"Feature","properties":{"name":"King's Circle","highway":"trunk","policy":"day-time heavy-vehicle bans on select roads (MTP)"},"geometry":{"type":"LineString","coordinates":[[72.85525,19.02742],[72.8554,19.02744],[72.85556,19.02742]]}},{"type":"Feature","properties":{"name":"King's Circle","highway":"trunk","policy":"day-time heavy-vehicle bans on select roads (MTP)"},"geometry":{"type":"LineString","coordinates":[[72.85585,19.02648],[72.85572,19.02638],[72.85557,19.02632],[72.8552,19.02633],[72.8551,19.02637]]}},{"type":"Feature","properties":{"name":"Laxmibai Kelkar Marg","highway":"trunk","policy":"day-time heavy-vehicle bans on select roads (MTP)"},"geometry":{"type":"LineString","coordinates":[[72.85961,19.03474],[72.85969,19.03495],[72.85975,19.0351],[72.8598,19.03522]]}},{"type":"Feature","properties":{"name":"Santa Cruz \u2013 Chembur Link Road","highway":"trunk","policy":"day-time heavy-vehicle bans on select roads (MTP)"},"geometry":{"type":"LineString","coordinates":[[72.87086,19.07452],[72.87093,19.07455],[72.87138,19.07475]]}},{"type":"Feature","properties":{"name":"Santa Cruz \u2013 Chembur Link Road","highway":"trunk","policy":"day-time heavy-vehicle bans on select roads (MTP)"},"geometry":{"type":"LineString","coordinates":[[72.87144,19.07449],[72.87136,19.07448],[72.87133,19.07446],[72.87103,19.07434],[72.87096,19.0743]]}},{"type":"Feature","properties":{"name":"Santa Cruz \u2013 Chembur Link Road","highway":"trunk","policy":"day-time heavy-vehicle bans on select roads (MTP)"},"geometry":{"type":"LineString","coordinates":[[72.87181,19.07493],[72.87222,19.07512],[72.87228,19.07514],[72.87234,19.07517]]}},{"type":"Feature","properties":{"name":"Dr Babasaheb Ambedkar Marg","highway":"trunk","policy":"day-time heavy-vehicle bans on select roads (MTP)"},"geometry":{"type":"LineString","coordinates":[[72.83772,18.99954],[72.83775,18.9994],[72.83773,18.99926],[72.83764,18.9989],[72.83763,18.99863]]}},{"type":"Feature","properties":{"name":"Mumbai Coastal Road - Phase I","highway":"motorway","policy":"day-time heavy-vehicle bans on select roads (MTP)"},"geometry":{"type":"LineString","coordinates":[[72.82305,18.94396],[72.82312,18.94378],[72.8231,18.9436]]}},{"type":"Feature","properties":{"name":"Mumbai Coastal Road","highway":"motorway","policy":"day-time heavy-vehicle bans on select roads (MTP)"},"geometry":{"type":"LineString","coordinates":[[72.8116,18.9923],[72.81145,18.99166],[72.81117,18.99067],[72.8106,18.98939]]}},{"type":"Feature","properties":{"name":"Mumbai Coastal Road","highway":"motorway","policy":"day-time heavy-vehicle bans on select roads (MTP)"},"geometry":{"type":"LineString","coordinates":[[72.81037,18.98949],[72.81092,18.99074],[72.81125,18.99193],[72.81134,18.99234]]}},{"type":"Feature","properties":{"name":"Mumbai Coastal Road","highway":"motorway","policy":"day-time heavy-vehicle bans on select roads (MTP)"},"geometry":{"type":"LineString","coordinates":[[72.79963,18.96274],[72.79954,18.96238],[72.79944,18.96195],[72.79934,18.96136],[72.79936,18.96105],[72.79942,18.96063],[72.79952,18.96006]]}},{"type":"Feature","properties":{"name":"Santa Cruz \u2013 Chembur Link Road","highway":"trunk","policy":"day-time heavy-vehicle bans on select roads (MTP)"},"geometry":{"type":"LineString","coordinates":[[72.8606,19.07446],[72.86061,19.07436],[72.86063,19.07426],[72.8607,19.07403],[72.86072,19.07394],[72.86078,19.07377],[72.86085,19.0736],[72.86096,19.07328],[72.86109,19.07291]]}},{"type":"Feature","properties":{"name":"Santa Cruz \u2013 Chembur Link Road","highway":"trunk","policy":"day-time heavy-vehicle bans on select roads (MTP)"},"geometry":{"type":"LineString","coordinates":[[72.85251,19.0741],[72.85298,19.0743],[72.85312,19.07438],[72.85453,19.07517]]}},{"type":"Feature","properties":{"name":"Santa Cruz \u2013 Chembur Link Road","highway":"trunk","policy":"day-time heavy-vehicle bans on select roads (MTP)"},"geometry":{"type":"LineString","coordinates":[[72.84658,19.07461],[72.84699,19.07459]]}},{"type":"Feature","properties":{"name":"freight corridor","highway":"trunk","policy":"day-time heavy-vehicle bans on select roads (MTP)"},"geometry":{"type":"LineString","coordinates":[[72.84708,19.08019],[72.84708,19.0801],[72.84699,19.07459]]}},{"type":"Feature","properties":{"name":"freight corridor","highway":"trunk","policy":"day-time heavy-vehicle bans on select roads (MTP)"},"geometry":{"type":"LineString","coordinates":[[72.84659,19.07449],[72.84658,19.07461]]}},{"type":"Feature","properties":{"name":"Santa Cruz \u2013 Chembur Link Road","highway":"trunk","policy":"day-time heavy-vehicle bans on select roads (MTP)"},"geometry":{"type":"LineString","coordinates":[[72.85256,19.07394],[72.85213,19.07381],[72.85193,19.07375],[72.85183,19.07371],[72.85158,19.07369],[72.85127,19.07369],[72.85095,19.07372],[72.85073,19.07376],[72.84893,19.07406],[72.84872,19.07415]]}},{"type":"Feature","properties":{"name":"Santa Cruz \u2013 Chembur Link Road","highway":"trunk","policy":"day-time heavy-vehicle bans on select roads (MTP)"},"geometry":{"type":"LineString","coordinates":[[72.86086,19.07287],[72.86065,19.07361],[72.86058,19.07398],[72.86048,19.07438],[72.86045,19.0744]]}},{"type":"Feature","properties":{"name":"Western Express Highway","highway":"trunk","policy":"day-time heavy-vehicle bans on select roads (MTP)"},"geometry":{"type":"LineString","coordinates":[[72.85635,19.14967],[72.85642,19.15031]]}},{"type":"Feature","properties":{"name":"freight corridor","highway":"trunk","policy":"day-time heavy-vehicle bans on select roads (MTP)"},"geometry":{"type":"LineString","coordinates":[[72.88758,19.0567],[72.88747,19.05661]]}},{"type":"Feature","properties":{"name":"Sion Panvel Highway","highway":"trunk","policy":"day-time heavy-vehicle bans on select roads (MTP)"},"geometry":{"type":"LineString","coordinates":[[72.91159,19.04564],[72.91068,19.04564],[72.91051,19.04562],[72.91026,19.04558],[72.91001,19.04558],[72.90969,19.04556],[72.90944,19.04565],[72.90935,19.04568],[72.90927,19.04574]]}},{"type":"Feature","properties":{"name":"Sion Panvel Highway","highway":"trunk","policy":"day-time heavy-vehicle bans on select roads (MTP)"},"geometry":{"type":"LineString","coordinates":[[72.9141,19.04568],[72.91449,19.04565],[72.9149,19.04558],[72.91601,19.04533],[72.91638,19.04527],[72.91649,19.04523],[72.91655,19.04521],[72.91819,19.04471],[72.91831,19.04467]]}},{"type":"Feature","properties":{"name":"Sion Panvel Highway","highway":"trunk","policy":"day-time heavy-vehicle bans on select roads (MTP)"},"geometry":{"type":"LineString","coordinates":[[72.89454,19.054],[72.89435,19.05402],[72.89409,19.05402]]}},{"type":"Feature","properties":{"name":"Sion Panvel Highway","highway":"trunk","policy":"day-time heavy-vehicle bans on select roads (MTP)"},"geometry":{"type":"LineString","coordinates":[[72.89457,19.05415],[72.89472,19.05413]]}},{"type":"Feature","properties":{"name":"Sion Panvel Highway","highway":"trunk","policy":"day-time heavy-vehicle bans on select roads (MTP)"},"geometry":{"type":"LineString","coordinates":[[72.9088,19.04607],[72.90868,19.04621]]}},{"type":"Feature","properties":{"name":"Sion Panvel Highway","highway":"trunk","policy":"day-time heavy-vehicle bans on select roads (MTP)"},"geometry":{"type":"LineString","coordinates":[[72.90042,19.05214],[72.89986,19.05234]]}},{"type":"Feature","properties":{"name":"Sion Panvel Highway","highway":"trunk","policy":"day-time heavy-vehicle bans on select roads (MTP)"},"geometry":{"type":"LineString","coordinates":[[72.92021,19.04397],[72.91857,19.04444],[72.91826,19.04452]]}},{"type":"Feature","properties":{"name":"Ghatkopar - Mankhurd Link Road","highway":"trunk","policy":"day-time heavy-vehicle bans on select roads (MTP)"},"geometry":{"type":"LineString","coordinates":[[72.93651,19.05149],[72.93643,19.05163]]}},{"type":"Feature","properties":{"name":"freight corridor","highway":"trunk","policy":"day-time heavy-vehicle bans on select roads (MTP)"},"geometry":{"type":"LineString","coordinates":[[72.9364,19.05123],[72.93664,19.05131],[72.93685,19.05139],[72.93713,19.05148]]}},{"type":"Feature","properties":{"name":"Sion Panvel Highway","highway":"trunk","policy":"day-time heavy-vehicle bans on select roads (MTP)"},"geometry":{"type":"LineString","coordinates":[[72.92322,19.0436],[72.92342,19.04369]]}},{"type":"Feature","properties":{"name":"Sion Panvel Highway","highway":"trunk","policy":"day-time heavy-vehicle bans on select roads (MTP)"},"geometry":{"type":"LineString","coordinates":[[72.9088,19.04638],[72.90897,19.0463]]}},{"type":"Feature","properties":{"name":"Sion Panvel Highway","highway":"trunk","policy":"day-time heavy-vehicle bans on select roads (MTP)"},"geometry":{"type":"LineString","coordinates":[[72.89469,19.05398],[72.89454,19.054]]}},{"type":"Feature","properties":{"name":"NH48","highway":"trunk","policy":"day-time heavy-vehicle bans on select roads (MTP)"},"geometry":{"type":"LineString","coordinates":[[72.9073,19.071],[72.90778,19.07125]]}},{"type":"Feature","properties":{"name":"Ghatkopar - Mankhurd Link Road","highway":"trunk","policy":"day-time heavy-vehicle bans on select roads (MTP)"},"geometry":{"type":"LineString","coordinates":[[72.90738,19.0707],[72.90748,19.07065],[72.90805,19.07042]]}},{"type":"Feature","properties":{"name":"Ghatkopar Flyover","highway":"trunk","policy":"day-time heavy-vehicle bans on select roads (MTP)"},"geometry":{"type":"LineString","coordinates":[[72.92305,19.08653],[72.92271,19.08606]]}},{"type":"Feature","properties":{"name":"JNPT Road","highway":"trunk","policy":"day-time heavy-vehicle bans on select roads (MTP)"},"geometry":{"type":"LineString","coordinates":[[72.98069,18.91481],[72.98225,18.91325],[72.98269,18.9128],[72.98271,18.91278],[72.98284,18.91264],[72.98292,18.91255],[72.98296,18.9125]]}},{"type":"Feature","properties":{"name":"JNPT Road","highway":"trunk","policy":"day-time heavy-vehicle bans on select roads (MTP)"},"geometry":{"type":"LineString","coordinates":[[72.98056,18.91493],[72.98069,18.91481]]}},{"type":"Feature","properties":{"name":"JNPT Road","highway":"trunk","policy":"day-time heavy-vehicle bans on select roads (MTP)"},"geometry":{"type":"LineString","coordinates":[[72.98275,18.91249],[72.9827,18.91253],[72.98258,18.91266],[72.98057,18.91468]]}},{"type":"Feature","properties":{"name":"JNPT Road","highway":"trunk","policy":"day-time heavy-vehicle bans on select roads (MTP)"},"geometry":{"type":"LineString","coordinates":[[72.98057,18.91468],[72.98043,18.91481]]}},{"type":"Feature","properties":{"name":"Sion Flyover","highway":"trunk","policy":"day-time heavy-vehicle bans on select roads (MTP)"},"geometry":{"type":"LineString","coordinates":[[72.86648,19.04717],[72.86715,19.04772],[72.8675,19.04796],[72.86777,19.04812],[72.86806,19.04828],[72.86831,19.04841]]}},{"type":"Feature","properties":{"name":"Sion Panvel Highway","highway":"trunk","policy":"day-time heavy-vehicle bans on select roads (MTP)"},"geometry":{"type":"LineString","coordinates":[[72.86907,19.04856],[72.86865,19.04842]]}},{"type":"Feature","properties":{"name":"Sion Panvel Highway","highway":"trunk","policy":"day-time heavy-vehicle bans on select roads (MTP)"},"geometry":{"type":"LineString","coordinates":[[72.86905,19.04875],[72.86973,19.04899]]}},{"type":"Feature","properties":{"name":"Western Express Highway","highway":"trunk","policy":"day-time heavy-vehicle bans on select roads (MTP)"},"geometry":{"type":"LineString","coordinates":[[72.85778,19.16094],[72.85783,19.16123]]}},{"type":"Feature","properties":{"name":"Western Express Highway","highway":"trunk","policy":"day-time heavy-vehicle bans on select roads (MTP)"},"geometry":{"type":"LineString","coordinates":[[72.85851,19.18549],[72.85852,19.18485],[72.85848,19.18396],[72.85848,19.18384],[72.8585,19.18301],[72.85849,19.18268],[72.85852,19.18135]]}},{"type":"Feature","properties":{"name":"Mumbai Coastal Road","highway":"motorway","policy":"day-time heavy-vehicle bans on select roads (MTP)"},"geometry":{"type":"LineString","coordinates":[[72.82325,18.94287],[72.82314,18.94292],[72.8228,18.94367],[72.82214,18.94502],[72.82177,18.94569],[72.82164,18.94592],[72.821,18.94685]]}},{"type":"Feature","properties":{"name":"Mumbai Coastal Road","highway":"motorway","policy":"day-time heavy-vehicle bans on select roads (MTP)"},"geometry":{"type":"LineString","coordinates":[[72.81184,19.0043],[72.81256,19.00587],[72.81279,19.00647],[72.81293,19.00704],[72.81298,19.0074],[72.81298,19.00777],[72.81293,19.00836],[72.81275,19.00915],[72.81267,19.00935]]}},{"type":"Feature","properties":{"name":"Sion Panvel Highway","highway":"trunk","policy":"day-time heavy-vehicle bans on select roads (MTP)"},"geometry":{"type":"LineString","coordinates":[[72.91405,19.04553],[72.91297,19.04557],[72.91293,19.04558],[72.91176,19.04564],[72.91159,19.04564]]}},{"type":"Feature","properties":{"name":"Sion Panvel Highway","highway":"trunk","policy":"day-time heavy-vehicle bans on select roads (MTP)"},"geometry":{"type":"LineString","coordinates":[[72.9116,19.04579],[72.91177,19.04578],[72.91303,19.04572],[72.9141,19.04568]]}},{"type":"Feature","properties":{"name":"Western Express Highway","highway":"trunk","policy":"day-time heavy-vehicle bans on select roads (MTP)"},"geometry":{"type":"LineString","coordinates":[[72.87032,19.25579],[72.87045,19.25599],[72.87086,19.25658]]}},{"type":"Feature","properties":{"name":"Western Express Highway","highway":"trunk","policy":"day-time heavy-vehicle bans on select roads (MTP)"},"geometry":{"type":"LineString","coordinates":[[72.8704,19.25571],[72.87025,19.25548]]}},{"type":"Feature","properties":{"name":"Western Express Highway","highway":"trunk","policy":"day-time heavy-vehicle bans on select roads (MTP)"},"geometry":{"type":"LineString","coordinates":[[72.87015,19.25555],[72.87032,19.25579]]}},{"type":"Feature","properties":{"name":"Western Express Highway","highway":"trunk","policy":"day-time heavy-vehicle bans on select roads (MTP)"},"geometry":{"type":"LineString","coordinates":[[72.86955,19.25449],[72.86948,19.25439]]}},{"type":"Feature","properties":{"name":"Western Express Highway","highway":"trunk","policy":"day-time heavy-vehicle bans on select roads (MTP)"},"geometry":{"type":"LineString","coordinates":[[72.86808,19.25229],[72.868,19.25218],[72.86794,19.2521]]}},{"type":"Feature","properties":{"name":"Western Express Highway","highway":"trunk","policy":"day-time heavy-vehicle bans on select roads (MTP)"},"geometry":{"type":"LineString","coordinates":[[72.86563,19.24903],[72.86574,19.24917],[72.86601,19.24955],[72.8665,19.2502]]}},{"type":"Feature","properties":{"name":"Western Express Highway","highway":"trunk","policy":"day-time heavy-vehicle bans on select roads (MTP)"},"geometry":{"type":"LineString","coordinates":[[72.86659,19.25014],[72.86614,19.24951],[72.86588,19.24914],[72.86575,19.24895]]}},{"type":"Feature","properties":{"name":"Western Express Highway","highway":"trunk","policy":"day-time heavy-vehicle bans on select roads (MTP)"},"geometry":{"type":"LineString","coordinates":[[72.86676,19.25038],[72.86659,19.25014]]}},{"type":"Feature","properties":{"name":"Western Express Highway","highway":"trunk","policy":"day-time heavy-vehicle bans on select roads (MTP)"},"geometry":{"type":"LineString","coordinates":[[72.8665,19.2502],[72.86666,19.25044]]}},{"type":"Feature","properties":{"name":"Western Express Highway","highway":"trunk","policy":"day-time heavy-vehicle bans on select roads (MTP)"},"geometry":{"type":"LineString","coordinates":[[72.86489,19.2466],[72.86461,19.24465],[72.86458,19.24444]]}},{"type":"Feature","properties":{"name":"Western Express Highway","highway":"trunk","policy":"day-time heavy-vehicle bans on select roads (MTP)"},"geometry":{"type":"LineString","coordinates":[[72.86448,19.24446],[72.86451,19.24464],[72.86459,19.24523],[72.86468,19.24594],[72.86477,19.24663]]}},{"type":"Feature","properties":{"name":"Western Express Highway","highway":"trunk","policy":"day-time heavy-vehicle bans on select roads (MTP)"},"geometry":{"type":"LineString","coordinates":[[72.86458,19.24444],[72.86454,19.24413]]}},{"type":"Feature","properties":{"name":"Western Express Highway","highway":"trunk","policy":"day-time heavy-vehicle bans on select roads (MTP)"},"geometry":{"type":"LineString","coordinates":[[72.86444,19.24415],[72.86448,19.24446]]}},{"type":"Feature","properties":{"name":"Western Express Highway","highway":"trunk","policy":"day-time heavy-vehicle bans on select roads (MTP)"},"geometry":{"type":"LineString","coordinates":[[72.86463,19.22337],[72.86447,19.22385],[72.86433,19.22427],[72.86416,19.22474]]}},{"type":"Feature","properties":{"name":"Western Express Highway","highway":"trunk","policy":"day-time heavy-vehicle bans on select roads (MTP)"},"geometry":{"type":"LineString","coordinates":[[72.86429,19.22477],[72.86464,19.2237],[72.86474,19.2234]]}},{"type":"Feature","properties":{"name":"Western Express Highway","highway":"trunk","policy":"day-time heavy-vehicle bans on select roads (MTP)"},"geometry":{"type":"LineString","coordinates":[[72.86638,19.21869],[72.86664,19.21789]]}},{"type":"Feature","properties":{"name":"Western Express Highway","highway":"trunk","policy":"day-time heavy-vehicle bans on select roads (MTP)"},"geometry":{"type":"LineString","coordinates":[[72.86613,19.21941],[72.86638,19.21869]]}},{"type":"Feature","properties":{"name":"Western Express Highway","highway":"trunk","policy":"day-time heavy-vehicle bans on select roads (MTP)"},"geometry":{"type":"LineString","coordinates":[[72.86626,19.21865],[72.8662,19.21883],[72.86601,19.21938]]}},{"type":"Feature","properties":{"name":"Western Express Highway","highway":"trunk","policy":"day-time heavy-vehicle bans on select roads (MTP)"},"geometry":{"type":"LineString","coordinates":[[72.86306,19.20322],[72.86274,19.2029]]}},{"type":"Feature","properties":{"name":"Times Of India Flyover","highway":"trunk","policy":"day-time heavy-vehicle bans on select roads (MTP)"},"geometry":{"type":"LineString","coordinates":[[72.85922,19.19304],[72.85934,19.19329]]}},{"type":"Feature","properties":{"name":"Western Express Highway","highway":"trunk","policy":"day-time heavy-vehicle bans on select roads (MTP)"},"geometry":{"type":"LineString","coordinates":[[72.85843,19.18941],[72.85843,19.18938]]}},{"type":"Feature","properties":{"name":"Western Express Highway","highway":"trunk","policy":"day-time heavy-vehicle bans on select roads (MTP)"},"geometry":{"type":"LineString","coordinates":[[72.85843,19.18938],[72.85843,19.18932]]}},{"type":"Feature","properties":{"name":"Western Express Highway","highway":"trunk","policy":"day-time heavy-vehicle bans on select roads (MTP)"},"geometry":{"type":"LineString","coordinates":[[72.85833,19.1894],[72.85833,19.18949]]}},{"type":"Feature","properties":{"name":"Western Express Highway","highway":"trunk","policy":"day-time heavy-vehicle bans on select roads (MTP)"},"geometry":{"type":"LineString","coordinates":[[72.85833,19.18934],[72.85833,19.1894]]}},{"type":"Feature","properties":{"name":"Andheri Flyover","highway":"trunk","policy":"day-time heavy-vehicle bans on select roads (MTP)"},"geometry":{"type":"LineString","coordinates":[[72.85586,19.12021],[72.85577,19.11978],[72.85557,19.11873]]}},{"type":"Feature","properties":{"name":"Andheri Flyover","highway":"trunk","policy":"day-time heavy-vehicle bans on select roads (MTP)"},"geometry":{"type":"LineString","coordinates":[[72.85545,19.11875],[72.85571,19.12021]]}},{"type":"Feature","properties":{"name":"Andheri Flyover","highway":"motorway","policy":"day-time heavy-vehicle bans on select roads (MTP)"},"geometry":{"type":"LineString","coordinates":[[72.85359,19.10607],[72.85357,19.10617],[72.85354,19.10632]]}},{"type":"Feature","properties":{"name":"Western Express Highway","highway":"trunk","policy":"day-time heavy-vehicle bans on select roads (MTP)"},"geometry":{"type":"LineString","coordinates":[[72.86731,19.21595],[72.86734,19.21586]]}},{"type":"Feature","properties":{"name":"Western Express Highway","highway":"trunk","policy":"day-time heavy-vehicle bans on select roads (MTP)"},"geometry":{"type":"LineString","coordinates":[[72.86728,19.21571],[72.8672,19.21594]]}},{"type":"Feature","properties":{"name":"Airport Flyover","highway":"motorway","policy":"day-time heavy-vehicle bans on select roads (MTP)"},"geometry":{"type":"LineString","coordinates":[[72.85051,19.09297],[72.85043,19.09292]]}},{"type":"Feature","properties":{"name":"Airport Flyover","highway":"motorway","policy":"day-time heavy-vehicle bans on select roads (MTP)"},"geometry":{"type":"LineString","coordinates":[[72.85382,19.09898],[72.85391,19.09922]]}},{"type":"Feature","properties":{"name":"Ghatkopar Flyover","highway":"trunk","policy":"day-time heavy-vehicle bans on select roads (MTP)"},"geometry":{"type":"LineString","coordinates":[[72.92298,19.08667],[72.92302,19.08673],[72.92327,19.08714],[72.92347,19.08755]]}},{"type":"Feature","properties":{"name":"Ghatkopar Flyover","highway":"trunk","policy":"day-time heavy-vehicle bans on select roads (MTP)"},"geometry":{"type":"LineString","coordinates":[[72.92317,19.0867],[72.92311,19.08661],[72.92305,19.08653]]}},{"type":"Feature","properties":{"name":"Mulund Flyover","highway":"trunk","policy":"day-time heavy-vehicle bans on select roads (MTP)"},"geometry":{"type":"LineString","coordinates":[[72.96317,19.16396],[72.9645,19.16588]]}},{"type":"Feature","properties":{"name":"Mulund Flyover","highway":"trunk","policy":"day-time heavy-vehicle bans on select roads (MTP)"},"geometry":{"type":"LineString","coordinates":[[72.9646,19.16581],[72.96326,19.1639]]}},{"type":"Feature","properties":{"name":"Mulund Flyover","highway":"trunk","policy":"day-time heavy-vehicle bans on select roads (MTP)"},"geometry":{"type":"LineString","coordinates":[[72.96489,19.16622],[72.9646,19.16581]]}},{"type":"Feature","properties":{"name":"Mulund Flyover","highway":"trunk","policy":"day-time heavy-vehicle bans on select roads (MTP)"},"geometry":{"type":"LineString","coordinates":[[72.9645,19.16588],[72.96477,19.16627]]}},{"type":"Feature","properties":{"name":"Sion Circle Flyover","highway":"trunk","policy":"day-time heavy-vehicle bans on select roads (MTP)"},"geometry":{"type":"LineString","coordinates":[[72.86831,19.04841],[72.86851,19.04855]]}},{"type":"Feature","properties":{"name":"Sion Circle Flyover","highway":"trunk","policy":"day-time heavy-vehicle bans on select roads (MTP)"},"geometry":{"type":"LineString","coordinates":[[72.86865,19.04842],[72.86837,19.04836]]}},{"type":"Feature","properties":{"name":"Ghatkopar - Mankhurd Link Road Flyover","highway":"trunk","policy":"day-time heavy-vehicle bans on select roads (MTP)"},"geometry":{"type":"LineString","coordinates":[[72.91516,19.06297],[72.91495,19.06301]]}},{"type":"Feature","properties":{"name":"Kalina-Vakola Flyover","highway":"motorway","policy":"day-time heavy-vehicle bans on select roads (MTP)"},"geometry":{"type":"LineString","coordinates":[[72.84616,19.08439],[72.8462,19.08424]]}},{"type":"Feature","properties":{"name":"Kalina-Vakola Flyover","highway":"motorway","policy":"day-time heavy-vehicle bans on select roads (MTP)"},"geometry":{"type":"LineString","coordinates":[[72.8461,19.08419],[72.84606,19.08436]]}},{"type":"Feature","properties":{"name":"Flyover","highway":"trunk","policy":"day-time heavy-vehicle bans on select roads (MTP)"},"geometry":{"type":"LineString","coordinates":[[72.87284,19.07534],[72.87334,19.07561]]}},{"type":"Feature","properties":{"name":"Flyover","highway":"trunk","policy":"day-time heavy-vehicle bans on select roads (MTP)"},"geometry":{"type":"LineString","coordinates":[[72.87384,19.07569],[72.87288,19.07526]]}},{"type":"Feature","properties":{"name":"freight corridor","highway":"trunk","policy":"day-time heavy-vehicle bans on select roads (MTP)"},"geometry":{"type":"LineString","coordinates":[[72.85119,19.07378],[72.8493,19.0741],[72.84887,19.07417],[72.8477,19.07438],[72.84734,19.07445],[72.84706,19.07452],[72.84689,19.07461],[72.84678,19.07473],[72.84667,19.0749],[72.84665,19.07504],[72.84672,19.07656],[72.84677,19.07979],[72.84675,19.08028],[72.84667,19.08068],[72.8465,19.08158],[72.8463,19.08242],[72.84616,19.0831],[72.8461,19.08378],[72.84607,19.08409],[72.84598,19.08447],[72.84588,19.08476],[72.84578,19.08501],[72.84563,19.08531],[72.84549,19.08553]]}},{"type":"Feature","properties":{"name":"Eastern Express Highway Flyover","highway":"trunk","policy":"day-time heavy-vehicle bans on select roads (MTP)"},"geometry":{"type":"LineString","coordinates":[[72.90707,19.07063],[72.90578,19.06977]]}},{"type":"Feature","properties":{"name":"Eastern Express Highway","highway":"trunk","policy":"day-time heavy-vehicle bans on select roads (MTP)"},"geometry":{"type":"LineString","coordinates":[[72.90892,19.072],[72.9093,19.07225]]}},{"type":"Feature","properties":{"name":"Majiwada Flyover","highway":"trunk","policy":"day-time heavy-vehicle bans on select roads (MTP)"},"geometry":{"type":"LineString","coordinates":[[72.97654,19.21164],[72.97639,19.21158],[72.97611,19.21139],[72.97588,19.21121],[72.97562,19.21099]]}},{"type":"Feature","properties":{"name":"Kopri Flyover","highway":"trunk","policy":"day-time heavy-vehicle bans on select roads (MTP)"},"geometry":{"type":"LineString","coordinates":[[72.96795,19.17685],[72.96776,19.17768]]}},{"type":"Feature","properties":{"name":"Kopri Flyover","highway":"trunk","policy":"day-time heavy-vehicle bans on select roads (MTP)"},"geometry":{"type":"LineString","coordinates":[[72.96793,19.17773],[72.96827,19.17642]]}},{"type":"Feature","properties":{"name":"Kopri Flyover","highway":"trunk","policy":"day-time heavy-vehicle bans on select roads (MTP)"},"geometry":{"type":"LineString","coordinates":[[72.96485,19.18459],[72.9648,19.18473]]}},{"type":"Feature","properties":{"name":"Kopri Flyover","highway":"trunk","policy":"day-time heavy-vehicle bans on select roads (MTP)"},"geometry":{"type":"LineString","coordinates":[[72.96495,19.18473],[72.96497,19.18468],[72.96499,19.18463]]}},{"type":"Feature","properties":{"name":"Times of India Flyover","highway":"trunk","policy":"day-time heavy-vehicle bans on select roads (MTP)"},"geometry":{"type":"LineString","coordinates":[[72.85843,19.18969],[72.85843,19.18941]]}},{"type":"Feature","properties":{"name":"JNPT Road Flyover","highway":"trunk","policy":"day-time heavy-vehicle bans on select roads (MTP)"},"geometry":{"type":"LineString","coordinates":[[72.98363,18.91159],[72.9832,18.91203],[72.98288,18.91235],[72.98277,18.91246],[72.98275,18.91249]]}},{"type":"Feature","properties":{"name":"JNPT Road Flyover","highway":"trunk","policy":"day-time heavy-vehicle bans on select roads (MTP)"},"geometry":{"type":"LineString","coordinates":[[72.98296,18.9125],[72.98331,18.91212],[72.98374,18.91169],[72.98405,18.91136]]}},{"type":"Feature","properties":{"name":"Western Express Highway","highway":"trunk","policy":"day-time heavy-vehicle bans on select roads (MTP)"},"geometry":{"type":"LineString","coordinates":[[72.87314,19.26157],[72.87343,19.26222],[72.87374,19.26285],[72.87397,19.26326],[72.87418,19.2636],[72.87451,19.26407],[72.87499,19.26463],[72.87509,19.26475]]}},{"type":"Feature","properties":{"name":"Western Express Highway","highway":"trunk","policy":"day-time heavy-vehicle bans on select roads (MTP)"},"geometry":{"type":"LineString","coordinates":[[72.85837,19.18579],[72.85835,19.18633]]}},{"type":"Feature","properties":{"name":"Western Express Highway","highway":"trunk","policy":"day-time heavy-vehicle bans on select roads (MTP)"},"geometry":{"type":"LineString","coordinates":[[72.85837,19.18529],[72.85837,19.18565],[72.85837,19.18579]]}},{"type":"Feature","properties":{"name":"Western Express Highway","highway":"trunk","policy":"day-time heavy-vehicle bans on select roads (MTP)"},"geometry":{"type":"LineString","coordinates":[[72.85851,19.18578],[72.85851,19.18553],[72.85851,19.18549]]}},{"type":"Feature","properties":{"name":"Western Express Highway","highway":"trunk","policy":"day-time heavy-vehicle bans on select roads (MTP)"},"geometry":{"type":"LineString","coordinates":[[72.8585,19.18633],[72.85851,19.18578]]}},{"type":"Feature","properties":{"name":"Mankhurd Flyover","highway":"trunk","policy":"day-time heavy-vehicle bans on select roads (MTP)"},"geometry":{"type":"LineString","coordinates":[[72.93396,19.05013],[72.93068,19.04897]]}},{"type":"Feature","properties":{"name":"Eastern Express Highway","highway":"trunk","policy":"day-time heavy-vehicle bans on select roads (MTP)"},"geometry":{"type":"LineString","coordinates":[[72.95039,19.14451],[72.95375,19.14996],[72.95448,19.15115]]}},{"type":"Feature","properties":{"name":"Eastern Express Highway","highway":"trunk","policy":"day-time heavy-vehicle bans on select roads (MTP)"},"geometry":{"type":"LineString","coordinates":[[72.9546,19.15108],[72.95387,19.1499],[72.95048,19.14436]]}},{"type":"Feature","properties":{"name":"Eastern Express Highway","highway":"trunk","policy":"day-time heavy-vehicle bans on select roads (MTP)"},"geometry":{"type":"LineString","coordinates":[[72.96827,19.17642],[72.96844,19.1757]]}},{"type":"Feature","properties":{"name":"Eastern Express Highway","highway":"trunk","policy":"day-time heavy-vehicle bans on select roads (MTP)"},"geometry":{"type":"LineString","coordinates":[[72.96845,19.17399],[72.96849,19.17448],[72.96849,19.17469],[72.96844,19.17489],[72.96823,19.17569],[72.96795,19.17685]]}},{"type":"Feature","properties":{"name":"Eastern Express Highway","highway":"trunk","policy":"day-time heavy-vehicle bans on select roads (MTP)"},"geometry":{"type":"LineString","coordinates":[[72.96844,19.1757],[72.96847,19.17557],[72.96863,19.17486]]}},{"type":"Feature","properties":{"name":"JNPT Road Flyover","highway":"trunk","policy":"day-time heavy-vehicle bans on select roads (MTP)"},"geometry":{"type":"LineString","coordinates":[[72.98392,18.91127],[72.98363,18.91159]]}},{"type":"Feature","properties":{"name":"Eastern Express Highway","highway":"trunk","policy":"day-time heavy-vehicle bans on select roads (MTP)"},"geometry":{"type":"LineString","coordinates":[[72.95523,19.15202],[72.9546,19.15108]]}},{"type":"Feature","properties":{"name":"Eastern Express Highway","highway":"trunk","policy":"day-time heavy-vehicle bans on select roads (MTP)"},"geometry":{"type":"LineString","coordinates":[[72.95514,19.15208],[72.95603,19.15341]]}},{"type":"Feature","properties":{"name":"Eastern Express Highway","highway":"trunk","policy":"day-time heavy-vehicle bans on select roads (MTP)"},"geometry":{"type":"LineString","coordinates":[[72.95863,19.1572],[72.95904,19.15785]]}},{"type":"Feature","properties":{"name":"Eastern Expressway","highway":"trunk","policy":"day-time heavy-vehicle bans on select roads (MTP)"},"geometry":{"type":"LineString","coordinates":[[72.95873,19.15717],[72.95759,19.15546]]}},{"type":"Feature","properties":{"name":"New Vashi Bridge","highway":"motorway","policy":"day-time heavy-vehicle bans on select roads (MTP)"},"geometry":{"type":"LineString","coordinates":[[72.95958,19.05911],[72.9602,19.05938],[72.96105,19.05959]]}},{"type":"Feature","properties":{"name":"Western Express Highway","highway":"trunk","policy":"day-time heavy-vehicle bans on select roads (MTP)"},"geometry":{"type":"LineString","coordinates":[[72.8732,19.26138],[72.87318,19.26134]]}},{"type":"Feature","properties":{"name":"Western Express Highway","highway":"trunk","policy":"day-time heavy-vehicle bans on select roads (MTP)"},"geometry":{"type":"LineString","coordinates":[[72.87306,19.26139],[72.87314,19.26157]]}},{"type":"Feature","properties":{"name":"Santa Cruz \u2013 Chembur Link Road","highway":"trunk","policy":"day-time heavy-vehicle bans on select roads (MTP)"},"geometry":{"type":"LineString","coordinates":[[72.86047,19.07447],[72.8606,19.07446]]}},{"type":"Feature","properties":{"name":"freight corridor","highway":"trunk","policy":"day-time heavy-vehicle bans on select roads (MTP)"},"geometry":{"type":"LineString","coordinates":[[72.86061,19.07436],[72.86048,19.07438]]}},{"type":"Feature","properties":{"name":"freight corridor","highway":"trunk","policy":"day-time heavy-vehicle bans on select roads (MTP)"},"geometry":{"type":"LineString","coordinates":[[72.86048,19.07438],[72.86047,19.07447]]}},{"type":"Feature","properties":{"name":"Dr Babasaheb Ambedkar Marg","highway":"trunk","policy":"day-time heavy-vehicle bans on select roads (MTP)"},"geometry":{"type":"LineString","coordinates":[[72.83422,18.98055],[72.83433,18.98102],[72.83456,18.98169]]}},{"type":"Feature","properties":{"name":"Dr Baba Saheb Ambedkar Marg (Victoria Garden Road)","highway":"trunk","policy":"day-time heavy-vehicle bans on select roads (MTP)"},"geometry":{"type":"LineString","coordinates":[[72.83437,18.98054],[72.83436,18.98048]]}},{"type":"Feature","properties":{"name":"Dr Babasaheb Ambedkar Marg","highway":"trunk","policy":"day-time heavy-vehicle bans on select roads (MTP)"},"geometry":{"type":"LineString","coordinates":[[72.83421,18.9805],[72.83422,18.98055]]}},{"type":"Feature","properties":{"name":"Western Express Highway","highway":"trunk","policy":"day-time heavy-vehicle bans on select roads (MTP)"},"geometry":{"type":"LineString","coordinates":[[72.85493,19.13707],[72.85491,19.13772],[72.85484,19.13899]]}},{"type":"Feature","properties":{"name":"Western Express Highway","highway":"trunk","policy":"day-time heavy-vehicle bans on select roads (MTP)"},"geometry":{"type":"LineString","coordinates":[[72.85493,19.13685],[72.85493,19.13699],[72.85493,19.13707]]}},{"type":"Feature","properties":{"name":"Western Express Highway","highway":"trunk","policy":"day-time heavy-vehicle bans on select roads (MTP)"},"geometry":{"type":"LineString","coordinates":[[72.85495,19.139],[72.85502,19.13773],[72.85506,19.13708]]}},{"type":"Feature","properties":{"name":"Western Express Highway","highway":"trunk","policy":"day-time heavy-vehicle bans on select roads (MTP)"},"geometry":{"type":"LineString","coordinates":[[72.85506,19.13708],[72.85506,19.137],[72.85507,19.1369]]}},{"type":"Feature","properties":{"name":"Flyover","highway":"trunk","policy":"day-time heavy-vehicle bans on select roads (MTP)"},"geometry":{"type":"LineString","coordinates":[[72.85486,19.07531],[72.85501,19.07533],[72.85515,19.07537]]}},{"type":"Feature","properties":{"name":"Western Express Highway","highway":"trunk","policy":"day-time heavy-vehicle bans on select roads (MTP)"},"geometry":{"type":"LineString","coordinates":[[72.85641,19.12473],[72.85624,19.12512]]}},{"type":"Feature","properties":{"name":"Western Express Highway","highway":"trunk","policy":"day-time heavy-vehicle bans on select roads (MTP)"},"geometry":{"type":"LineString","coordinates":[[72.85624,19.12512],[72.8561,19.12539]]}},{"type":"Feature","properties":{"name":"Western Express Highway","highway":"trunk","policy":"day-time heavy-vehicle bans on select roads (MTP)"},"geometry":{"type":"LineString","coordinates":[[72.85642,19.1252],[72.85654,19.12499],[72.8566,19.12477]]}},{"type":"Feature","properties":{"name":"Western Express Highway","highway":"trunk","policy":"day-time heavy-vehicle bans on select roads (MTP)"},"geometry":{"type":"LineString","coordinates":[[72.85628,19.12548],[72.85642,19.1252]]}},{"type":"Feature","properties":{"name":"Eastern Freeway","highway":"motorway","policy":"day-time heavy-vehicle bans on select roads (MTP)"},"geometry":{"type":"LineString","coordinates":[[72.89094,19.03083],[72.89063,19.03068],[72.89034,19.03051],[72.88853,19.02916],[72.8883,19.029],[72.88793,19.02878],[72.88574,19.02774]]}},{"type":"Feature","properties":{"name":"Santa Cruz \u2013 Chembur Link Road","highway":"trunk","policy":"day-time heavy-vehicle bans on select roads (MTP)"},"geometry":{"type":"LineString","coordinates":[[72.85453,19.07517],[72.85468,19.07524],[72.85486,19.07531]]}},{"type":"Feature","properties":{"name":"NH48","highway":"trunk","policy":"day-time heavy-vehicle bans on select roads (MTP)"},"geometry":{"type":"LineString","coordinates":[[72.85871,19.17754],[72.85872,19.17749],[72.85873,19.17748],[72.8588,19.17718]]}},{"type":"Feature","properties":{"name":"Western Express Highway","highway":"trunk","policy":"day-time heavy-vehicle bans on select roads (MTP)"},"geometry":{"type":"LineString","coordinates":[[72.8588,19.17718],[72.85894,19.17676]]}},{"type":"Feature","properties":{"name":"Rani sati flyover","highway":"trunk","policy":"day-time heavy-vehicle bans on select roads (MTP)"},"geometry":{"type":"LineString","coordinates":[[72.85869,19.17761],[72.85871,19.17754]]}},{"type":"Feature","properties":{"name":"Dr Babasaheb Ambedkar Marg (Vincent Road)","highway":"trunk","policy":"day-time heavy-vehicle bans on select roads (MTP)"},"geometry":{"type":"LineString","coordinates":[[72.84534,19.01478],[72.84548,19.01497]]}},{"type":"Feature","properties":{"name":"Dr Babasaheb Ambedkar Marg (Vincent Road)","highway":"trunk","policy":"day-time heavy-vehicle bans on select roads (MTP)"},"geometry":{"type":"LineString","coordinates":[[72.85072,19.02194],[72.85084,19.02211],[72.85089,19.02217]]}},{"type":"Feature","properties":{"name":"Dr Babasaheb Ambedkar Marg (Vincent Road)","highway":"trunk","policy":"day-time heavy-vehicle bans on select roads (MTP)"},"geometry":{"type":"LineString","coordinates":[[72.85113,19.022],[72.85108,19.02194],[72.85097,19.02179]]}},{"type":"Feature","properties":{"name":"Kopri Flyover","highway":"trunk","policy":"day-time heavy-vehicle bans on select roads (MTP)"},"geometry":{"type":"LineString","coordinates":[[72.96563,19.18241],[72.96532,19.18325]]}},{"type":"Feature","properties":{"name":"Kopri Flyover","highway":"trunk","policy":"day-time heavy-vehicle bans on select roads (MTP)"},"geometry":{"type":"LineString","coordinates":[[72.96547,19.18329],[72.96577,19.18246]]}},{"type":"Feature","properties":{"name":"Kopri Flyover","highway":"trunk","policy":"day-time heavy-vehicle bans on select roads (MTP)"},"geometry":{"type":"LineString","coordinates":[[72.96651,19.1806],[72.96764,19.17843],[72.9678,19.17808],[72.96793,19.17773]]}},{"type":"Feature","properties":{"name":"Kopri Flyover","highway":"trunk","policy":"day-time heavy-vehicle bans on select roads (MTP)"},"geometry":{"type":"LineString","coordinates":[[72.96636,19.18054],[72.96626,19.18073],[72.96563,19.18241]]}},{"type":"Feature","properties":{"name":"freight corridor","highway":"trunk","policy":"day-time heavy-vehicle bans on select roads (MTP)"},"geometry":{"type":"LineString","coordinates":[[72.84707,19.08031],[72.84708,19.08019]]}},{"type":"Feature","properties":{"name":"Western Express Highway","highway":"motorway","policy":"day-time heavy-vehicle bans on select roads (MTP)"},"geometry":{"type":"LineString","coordinates":[[72.85415,19.10361],[72.85359,19.10607]]}},{"type":"Feature","properties":{"name":"Western Express Highway","highway":"motorway","policy":"day-time heavy-vehicle bans on select roads (MTP)"},"geometry":{"type":"LineString","coordinates":[[72.85419,19.10348],[72.85415,19.10361]]}},{"type":"Feature","properties":{"name":"Western Express Highway","highway":"motorway","policy":"day-time heavy-vehicle bans on select roads (MTP)"},"geometry":{"type":"LineString","coordinates":[[72.8543,19.10362],[72.85434,19.1035]]}},{"type":"Feature","properties":{"name":"Vashi Bridge","highway":"motorway","policy":"day-time heavy-vehicle bans on select roads (MTP)"},"geometry":{"type":"LineString","coordinates":[[72.97913,19.06358],[72.97812,19.06323]]}},{"type":"Feature","properties":{"name":"New Vashi Bridge","highway":"motorway","policy":"day-time heavy-vehicle bans on select roads (MTP)"},"geometry":{"type":"LineString","coordinates":[[72.96115,19.05922],[72.96031,19.05901],[72.95962,19.05895]]}},{"type":"Feature","properties":{"name":"Sion Panvel Highway","highway":"trunk","policy":"day-time heavy-vehicle bans on select roads (MTP)"},"geometry":{"type":"LineString","coordinates":[[72.89962,19.05259],[72.89991,19.05249]]}},{"type":"Feature","properties":{"name":"freight corridor","highway":"trunk","policy":"day-time heavy-vehicle bans on select roads (MTP)"},"geometry":{"type":"LineString","coordinates":[[72.84549,19.08553],[72.84542,19.08564],[72.84544,19.08571]]}},{"type":"Feature","properties":{"name":"Mumbai Coastal Road","highway":"motorway","policy":"day-time heavy-vehicle bans on select roads (MTP)"},"geometry":{"type":"LineString","coordinates":[[72.79943,18.96279],[72.80047,18.96678],[72.80084,18.96816],[72.80143,18.97038],[72.80153,18.97074],[72.80162,18.97107],[72.80172,18.97137],[72.80187,18.97179],[72.80205,18.97219],[72.80231,18.97276],[72.80252,18.97315],[72.80254,18.97319],[72.80315,18.97437],[72.80422,18.97647],[72.80445,18.97693],[72.80457,18.97713],[72.80466,18.9773],[72.80472,18.97739],[72.80486,18.97762],[72.80495,18.97773],[72.80504,18.97783],[72.80524,18.97804],[72.80541,18.9782],[72.80556,18.97833],[72.8058,18.97851],[72.80609,18.97868],[72.80642,18.97886],[72.80681,18.979],[72.80728,18.97914],[72.80809,18.97933],[72.81053,18.97991],[72.81069,18.97996],[72.81097,18.98005],[72.81118,18.98013],[72.81144,18.98024],[72.81169,18.98039],[72.81191,18.98054]]}},{"type":"Feature","properties":{"name":"Mumbai Coastal Road","highway":"motorway","policy":"day-time heavy-vehicle bans on select roads (MTP)"},"geometry":{"type":"LineString","coordinates":[[72.81246,18.9853],[72.81269,18.98505],[72.81285,18.98486],[72.81299,18.98465],[72.81313,18.98439],[72.81324,18.98414],[72.81331,18.98393],[72.81336,18.98374],[72.8134,18.98354],[72.81343,18.98337],[72.81344,18.98319],[72.81345,18.98299],[72.81345,18.98283],[72.81344,18.98266],[72.81342,18.98247],[72.81338,18.9823],[72.81333,18.98211],[72.8133,18.982],[72.8132,18.98176],[72.81309,18.98152],[72.81298,18.98132],[72.81287,18.98116],[72.8127,18.98094],[72.81252,18.98073],[72.81232,18.98055],[72.81208,18.98035]]}},{"type":"Feature","properties":{"name":"Mumbai Coastal Road","highway":"motorway","policy":"day-time heavy-vehicle bans on select roads (MTP)"},"geometry":{"type":"LineString","coordinates":[[72.81083,18.98662],[72.8109,18.98656],[72.81109,18.98638],[72.81127,18.98623],[72.8116,18.98599],[72.81208,18.98563],[72.81223,18.98551],[72.81246,18.9853]]}},{"type":"Feature","properties":{"name":"Mumbai Coastal Road","highway":"motorway","policy":"day-time heavy-vehicle bans on select roads (MTP)"},"geometry":{"type":"LineString","coordinates":[[72.81318,18.9834],[72.81314,18.98363],[72.81306,18.98388],[72.81296,18.98413],[72.81282,18.98441],[72.81268,18.98465],[72.81245,18.98495],[72.81222,18.98519],[72.81193,18.98546],[72.81111,18.98606],[72.81085,18.98627],[72.81063,18.9865],[72.81046,18.98671],[72.81029,18.98698],[72.81018,18.98719],[72.81008,18.98746],[72.81002,18.98771],[72.81,18.98801],[72.81,18.98827],[72.81002,18.98851],[72.81008,18.98877],[72.81015,18.98898],[72.81024,18.9892],[72.81037,18.98949]]}},{"type":"Feature","properties":{"name":"Mumbai Coastal Road","highway":"motorway","policy":"day-time heavy-vehicle bans on select roads (MTP)"},"geometry":{"type":"LineString","coordinates":[[72.81191,18.98054],[72.81204,18.98064],[72.81221,18.98078],[72.81236,18.98093],[72.81254,18.98113],[72.81274,18.98141],[72.81286,18.98162],[72.81297,18.98184],[72.81306,18.98205],[72.8131,18.98217],[72.81313,18.9823],[72.81316,18.98243],[72.81318,18.98254],[72.8132,18.98269],[72.81321,18.98286],[72.81322,18.98302],[72.81321,18.98319],[72.81318,18.9834]]}},{"type":"Feature","properties":{"name":"Mumbai Coastal Road","highway":"motorway","policy":"day-time heavy-vehicle bans on select roads (MTP)"},"geometry":{"type":"LineString","coordinates":[[72.81208,18.98035],[72.81182,18.98018],[72.81148,18.98],[72.81112,18.97986],[72.81075,18.97974],[72.81021,18.97961],[72.80815,18.97911],[72.80747,18.97894],[72.80712,18.97885],[72.80678,18.97874],[72.80642,18.97859],[72.80614,18.97844],[72.80609,18.97841],[72.80581,18.97822],[72.80563,18.97808],[72.80543,18.97789],[72.80527,18.97773],[72.80515,18.97759],[72.80506,18.97748],[72.80496,18.97734],[72.80488,18.9772],[72.80479,18.97705],[72.80464,18.97677],[72.80388,18.97528],[72.80337,18.97427],[72.80274,18.97305],[72.80256,18.97271],[72.8024,18.97239],[72.80226,18.97209],[72.80212,18.97177],[72.80201,18.97148],[72.80189,18.97111],[72.80179,18.97077],[72.80163,18.97018],[72.80162,18.97015]]}},{"type":"Feature","properties":{"name":"Santa Cruz \u2013 Chembur Link Road","highway":"trunk","policy":"day-time heavy-vehicle bans on select roads (MTP)"},"geometry":{"type":"LineString","coordinates":[[72.86666,19.07277],[72.86706,19.07295],[72.86748,19.07313],[72.86752,19.07315],[72.8678,19.07328],[72.86815,19.07343],[72.86835,19.07352],[72.86879,19.0737],[72.869,19.0738],[72.86919,19.07384],[72.86925,19.07382],[72.86985,19.07408],[72.87086,19.07452]]}},{"type":"Feature","properties":{"name":"Mumbai Coastal Road","highway":"motorway","policy":"day-time heavy-vehicle bans on select roads (MTP)"},"geometry":{"type":"LineString","coordinates":[[72.80162,18.97015],[72.80151,18.96972]]}},{"type":"Feature","properties":{"name":"Mumbai Coastal Road","highway":"motorway","policy":"day-time heavy-vehicle bans on select roads (MTP)"},"geometry":{"type":"LineString","coordinates":[[72.80151,18.96972],[72.80108,18.9681],[72.80041,18.96562],[72.79963,18.96274]]}},{"type":"Feature","properties":{"name":"Mumbai Coastal Road","highway":"motorway","policy":"day-time heavy-vehicle bans on select roads (MTP)"},"geometry":{"type":"LineString","coordinates":[[72.8104,18.98731],[72.81041,18.98728],[72.81051,18.98709],[72.81061,18.98692],[72.81069,18.98679],[72.81079,18.98667],[72.81083,18.98662]]}},{"type":"Feature","properties":{"name":"Mumbai Coastal Road","highway":"motorway","policy":"day-time heavy-vehicle bans on select roads (MTP)"},"geometry":{"type":"LineString","coordinates":[[72.8106,18.98939],[72.81056,18.98929],[72.81048,18.98911],[72.81041,18.98894],[72.81036,18.98878],[72.8103,18.9886],[72.81027,18.98842],[72.81025,18.98821],[72.81025,18.988],[72.81027,18.98781],[72.81031,18.9876],[72.81035,18.98746],[72.8104,18.98731]]}},{"type":"Feature","properties":{"name":"Mumbai Coastal Road","highway":"motorway","policy":"day-time heavy-vehicle bans on select roads (MTP)"},"geometry":{"type":"LineString","coordinates":[[72.81152,19.00369],[72.81184,19.0043]]}},{"type":"Feature","properties":{"name":"Mumbai Coastal Road - Phase I","highway":"motorway","policy":"day-time heavy-vehicle bans on select roads (MTP)"},"geometry":{"type":"LineString","coordinates":[[72.8228,18.94448],[72.82305,18.94396]]}},{"type":"Feature","properties":{"name":"Mumbai Coastal Road","highway":"motorway","policy":"day-time heavy-vehicle bans on select roads (MTP)"},"geometry":{"type":"LineString","coordinates":[[72.82205,18.94587],[72.82267,18.94476],[72.8228,18.94448]]}},{"type":"Feature","properties":{"name":"Pathanwadi Flyover","highway":"trunk","policy":"day-time heavy-vehicle bans on select roads (MTP)"},"geometry":{"type":"LineString","coordinates":[[72.85852,19.18135],[72.85852,19.18116]]}},{"type":"Feature","properties":{"name":"Pathanwadi Flyover","highway":"trunk","policy":"day-time heavy-vehicle bans on select roads (MTP)"},"geometry":{"type":"LineString","coordinates":[[72.85835,19.18116],[72.85835,19.18121],[72.85835,19.18127]]}},{"type":"Feature","properties":{"name":"Annabhau Sathe Flyover","highway":"trunk","policy":"day-time heavy-vehicle bans on select roads (MTP)"},"geometry":{"type":"LineString","coordinates":[[72.88229,19.0536],[72.88255,19.05376]]}},{"type":"Feature","properties":{"name":"Sion Circle Flyover","highway":"trunk","policy":"day-time heavy-vehicle bans on select roads (MTP)"},"geometry":{"type":"LineString","coordinates":[[72.86225,19.04018],[72.86222,19.04008]]}},{"type":"Feature","properties":{"name":"Sion Circle Flyover","highway":"trunk","policy":"day-time heavy-vehicle bans on select roads (MTP)"},"geometry":{"type":"LineString","coordinates":[[72.86211,19.04015],[72.86219,19.04023]]}},{"type":"Feature","properties":{"name":"Santa Cruz \u2013 Chembur Link Road","highway":"trunk","policy":"day-time heavy-vehicle bans on select roads (MTP)"},"geometry":{"type":"LineString","coordinates":[[72.87632,19.07668],[72.87646,19.07664],[72.87663,19.07656]]}},{"type":"Feature","properties":{"name":"Sion Panvel Highway","highway":"trunk","policy":"day-time heavy-vehicle bans on select roads (MTP)"},"geometry":{"type":"LineString","coordinates":[[72.895,19.05395],[72.89469,19.05398]]}},{"type":"Feature","properties":{"name":"Sion Panvel Highway","highway":"motorway","policy":"day-time heavy-vehicle bans on select roads (MTP)"},"geometry":{"type":"LineString","coordinates":[[72.96112,19.05934],[72.96027,19.05913],[72.95962,19.05895]]}},{"type":"Feature","properties":{"name":"freight corridor","highway":"trunk","policy":"day-time heavy-vehicle bans on select roads (MTP)"},"geometry":{"type":"LineString","coordinates":[[72.97736,19.21269],[72.97724,19.21252],[72.97709,19.21242]]}},{"type":"Feature","properties":{"name":"Santa Cruz \u2013 Chembur Link Road","highway":"trunk","policy":"day-time heavy-vehicle bans on select roads (MTP)"},"geometry":{"type":"LineString","coordinates":[[72.85268,19.07399],[72.85256,19.07394]]}},{"type":"Feature","properties":{"name":"freight corridor","highway":"trunk","policy":"day-time heavy-vehicle bans on select roads (MTP)"},"geometry":{"type":"LineString","coordinates":[[72.87197,19.07476],[72.87142,19.07452]]}},{"type":"Feature","properties":{"name":"freight corridor","highway":"trunk","policy":"day-time heavy-vehicle bans on select roads (MTP)"},"geometry":{"type":"LineString","coordinates":[[72.87142,19.07452],[72.87136,19.07448]]}},{"type":"Feature","properties":{"name":"freight corridor","highway":"trunk","policy":"day-time heavy-vehicle bans on select roads (MTP)"},"geometry":{"type":"LineString","coordinates":[[72.87234,19.0749],[72.87229,19.0749],[72.87197,19.07476]]}}]}