{"type":"FeatureCollection","features":[{"type":"Feature","properties":{"name":"Katraj - Dehu Road Bypass","highway":"trunk","policy":""},"geometry":{"type":"LineString","coordinates":[[73.81207,18.47154],[73.81185,18.47176],[73.81096,18.47276],[73.81088,18.47284],[73.81067,18.47308],[73.8101,18.47375],[73.81003,18.47383],[73.80981,18.4741]]}},{"type":"Feature","properties":{"name":"NH60","highway":"trunk","policy":""},"geometry":{"type":"LineString","coordinates":[[73.86052,18.43816],[73.86056,18.43776],[73.86058,18.43751],[73.8606,18.43733],[73.8606,18.43712],[73.8606,18.43687],[73.86059,18.43664],[73.86056,18.43648],[73.86053,18.43633],[73.86051,18.43622],[73.86046,18.43601],[73.86038,18.43574],[73.86027,18.43547],[73.86025,18.43542],[73.86014,18.43519],[73.86001,18.43493],[73.85958,18.43414],[73.85952,18.43403],[73.85941,18.43383],[73.85915,18.43319],[73.85885,18.43261],[73.85854,18.4321],[73.8585,18.43203],[73.8584,18.43184],[73.85836,18.43176],[73.85818,18.43148],[73.85774,18.43085],[73.85747,18.43046],[73.85725,18.43014],[73.85706,18.4298],[73.85699,18.42963],[73.85696,18.42947],[73.85696,18.42932],[73.85702,18.42902],[73.85705,18.42893],[73.85715,18.42864],[73.85735,18.42825],[73.85748,18.42805],[73.85816,18.42705],[73.85841,18.42671],[73.85855,18.42652]]}},{"type":"Feature","properties":{"name":"Bajirao Road","highway":"trunk","policy":""},"geometry":{"type":"LineString","coordinates":[[73.85358,18.50549],[73.85359,18.50565],[73.85362,18.5057]]}},{"type":"Feature","properties":{"name":"NH65","highway":"trunk","policy":""},"geometry":{"type":"LineString","coordinates":[[73.89808,18.5072],[73.89816,18.50708],[73.89826,18.50694],[73.89835,18.50685]]}},{"type":"Feature","properties":{"name":"Shivaji Road","highway":"trunk","policy":""},"geometry":{"type":"LineString","coordinates":[[73.85127,18.52742],[73.85119,18.52745],[73.85113,18.52747],[73.85112,18.52747],[73.85103,18.52748],[73.85092,18.5275],[73.8508,18.52755],[73.85067,18.52763],[73.85054,18.52776],[73.85042,18.52791],[73.85034,18.52803],[73.85025,18.52819],[73.85016,18.52837],[73.85007,18.52857],[73.84998,18.52883],[73.84995,18.52896]]}},{"type":"Feature","properties":{"name":"Shivaji Road","highway":"trunk","policy":""},"geometry":{"type":"LineString","coordinates":[[73.8543,18.5234],[73.85371,18.52473]]}},{"type":"Feature","properties":{"name":"Shivaji Bridge","highway":"trunk","policy":""},"geometry":{"type":"LineString","coordinates":[[73.85501,18.52176],[73.85464,18.5226],[73.85445,18.52305],[73.8543,18.5234]]}},{"type":"Feature","properties":{"name":"Shivaji Road","highway":"trunk","policy":""},"geometry":{"type":"LineString","coordinates":[[73.85621,18.51854],[73.85621,18.51851],[73.85622,18.51834],[73.85622,18.51818],[73.85623,18.51781],[73.85624,18.5175],[73.85624,18.51741],[73.85625,18.51727],[73.85625,18.51694],[73.85625,18.51687]]}},{"type":"Feature","properties":{"name":"Satara Road","highway":"trunk","policy":""},"geometry":{"type":"LineString","coordinates":[[73.85756,18.46834],[73.85752,18.46866],[73.8575,18.46876],[73.85749,18.46882],[73.85745,18.46906],[73.85742,18.46922],[73.85736,18.46945],[73.85726,18.46981],[73.85723,18.4699],[73.8571,18.47029],[73.85702,18.47054],[73.85698,18.47069],[73.85695,18.47075],[73.85688,18.47093],[73.85683,18.47106],[73.85682,18.4711],[73.8568,18.47115],[73.85676,18.47129],[73.8567,18.47148],[73.85668,18.47154],[73.85655,18.47196],[73.85651,18.47208],[73.85643,18.47237],[73.85641,18.47245],[73.85639,18.47255],[73.85627,18.47326],[73.85626,18.47352]]}},{"type":"Feature","properties":{"name":"Jagannath Shankarsheth Marg","highway":"trunk","policy":""},"geometry":{"type":"LineString","coordinates":[[73.87844,18.50273],[73.87812,18.50268],[73.87799,18.50265],[73.87756,18.50254],[73.87654,18.5023]]}},{"type":"Feature","properties":{"name":"Solapur Road","highway":"trunk","policy":""},"geometry":{"type":"LineString","coordinates":[[73.87933,18.50701],[73.87968,18.50694],[73.88016,18.50684],[73.88031,18.50681],[73.88073,18.50672],[73.8817,18.50656],[73.88214,18.50651],[73.88223,18.5065],[73.88319,18.50642],[73.8839,18.50641]]}},{"type":"Feature","properties":{"name":"NH65","highway":"trunk","policy":""},"geometry":{"type":"LineString","coordinates":[[73.88358,18.50597],[73.88329,18.50561],[73.88317,18.50548],[73.88304,18.50536],[73.88284,18.50525],[73.88281,18.50522],[73.88273,18.50518],[73.88256,18.50509],[73.88229,18.50494],[73.88153,18.50457],[73.88137,18.5045],[73.88099,18.50427],[73.8809,18.50421],[73.88087,18.50419],[73.88072,18.50408],[73.88043,18.50386],[73.88031,18.50377],[73.88022,18.50369],[73.87951,18.50311],[73.87942,18.50303],[73.87937,18.503],[73.87877,18.50284]]}},{"type":"Feature","properties":{"name":"NH753F","highway":"trunk","policy":""},"geometry":{"type":"LineString","coordinates":[[73.8597,18.52967],[73.85955,18.52966],[73.85947,18.52965],[73.85943,18.52964],[73.8593,18.52961],[73.85928,18.52961],[73.8592,18.52959],[73.8591,18.52956],[73.85897,18.52952],[73.85879,18.52946],[73.85874,18.52945],[73.85868,18.52943],[73.85847,18.52941],[73.85828,18.52943],[73.85789,18.52951]]}},{"type":"Feature","properties":{"name":"Satara Road","highway":"trunk","policy":""},"geometry":{"type":"LineString","coordinates":[[73.85845,18.44809],[73.8584,18.44828],[73.85839,18.44832]]}},{"type":"Feature","properties":{"name":"Deccan College Road","highway":"trunk","policy":""},"geometry":{"type":"LineString","coordinates":[[73.88354,18.54514],[73.88359,18.54515],[73.88366,18.54516],[73.88385,18.54517],[73.88411,18.54519],[73.8842,18.54518],[73.8843,18.54516]]}},{"type":"Feature","properties":{"name":"Nagar Road","highway":"trunk","policy":""},"geometry":{"type":"LineString","coordinates":[[73.90321,18.55421],[73.90315,18.55419],[73.90299,18.55415],[73.90268,18.55406],[73.90258,18.55403]]}},{"type":"Feature","properties":{"name":"Katraj - Dehu Road Bypass","highway":"trunk","policy":""},"geometry":{"type":"LineString","coordinates":[[73.81821,18.46468],[73.81554,18.46766],[73.81293,18.47059]]}},{"type":"Feature","properties":{"name":"Katraj Tunnel","highway":"trunk","policy":""},"geometry":{"type":"LineString","coordinates":[[73.85708,18.40056],[73.85751,18.39821]]}},{"type":"Feature","properties":{"name":"Katraj - Dehu Road Bypass","highway":"trunk","policy":""},"geometry":{"type":"LineString","coordinates":[[73.78696,18.50733],[73.78649,18.50729],[73.7858,18.50723],[73.7857,18.50722],[73.78562,18.50722],[73.78546,18.50721],[73.78504,18.5072],[73.78458,18.50718],[73.78403,18.5072],[73.78381,18.50721],[73.78338,18.50724],[73.78286,18.50734],[73.78279,18.50735],[73.78274,18.50737],[73.78255,18.50741],[73.78235,18.50745],[73.78225,18.50748]]}},{"type":"Feature","properties":{"name":"Katraj - Dehu Road Bypass","highway":"trunk","policy":""},"geometry":{"type":"LineString","coordinates":[[73.79187,18.48989],[73.7912,18.49036],[73.79082,18.49061],[73.79014,18.49109],[73.78983,18.49137],[73.7896,18.49165],[73.78946,18.49184]]}},{"type":"Feature","properties":{"name":"Balaji Vishwanath Path","highway":"trunk","policy":""},"geometry":{"type":"LineString","coordinates":[[73.85386,18.50143],[73.8538,18.50222],[73.85379,18.50232],[73.85378,18.50252],[73.85382,18.5026]]}},{"type":"Feature","properties":{"name":"Balaji Vishwanath Path","highway":"trunk","policy":""},"geometry":{"type":"LineString","coordinates":[[73.85572,18.50109],[73.85542,18.50115],[73.85494,18.50125],[73.85465,18.50131]]}},{"type":"Feature","properties":{"name":"Jagannath Shankarsheth Marg","highway":"trunk","policy":""},"geometry":{"type":"LineString","coordinates":[[73.87654,18.5023],[73.87646,18.50229],[73.87625,18.50224],[73.87621,18.50223]]}},{"type":"Feature","properties":{"name":"Jagannath Shankarsheth Marg","highway":"trunk","policy":""},"geometry":{"type":"LineString","coordinates":[[73.87508,18.50201],[73.87518,18.50204],[73.87529,18.50206],[73.87552,18.50211],[73.8761,18.50224],[73.87621,18.50223]]}},{"type":"Feature","properties":{"name":"Katraj - Dehu Road Bypass","highway":"trunk","policy":""},"geometry":{"type":"LineString","coordinates":[[73.80981,18.4741],[73.80883,18.47519]]}},{"type":"Feature","properties":{"name":"Satara Road","highway":"trunk","policy":""},"geometry":{"type":"LineString","coordinates":[[73.85802,18.49809],[73.85806,18.49834]]}},{"type":"Feature","properties":{"name":"Satara Road","highway":"trunk","policy":""},"geometry":{"type":"LineString","coordinates":[[73.85811,18.49874],[73.85817,18.49907],[73.85832,18.49994],[73.85834,18.50006],[73.85838,18.50022],[73.85839,18.50031],[73.85843,18.50047]]}},{"type":"Feature","properties":{"name":"Castellino Marg","highway":"trunk","policy":""},"geometry":{"type":"LineString","coordinates":[[73.87846,18.50529],[73.87846,18.50538],[73.87846,18.50543],[73.87846,18.50551]]}},{"type":"Feature","properties":{"name":"Solapur Road","highway":"trunk","policy":""},"geometry":{"type":"LineString","coordinates":[[73.90307,18.50657],[73.90367,18.50659],[73.90473,18.50657],[73.90564,18.50656],[73.90567,18.50656],[73.906,18.50656],[73.90621,18.50656],[73.90692,18.50654],[73.90704,18.50654],[73.90732,18.50652],[73.90803,18.50649],[73.9084,18.50647],[73.90866,18.50646],[73.9097,18.50644],[73.91079,18.50642],[73.91213,18.50639],[73.91263,18.50636],[73.91282,18.50635],[73.91306,18.50632],[73.91327,18.50629]]}},{"type":"Feature","properties":{"name":"Solapur Road Flyover","highway":"trunk","policy":""},"geometry":{"type":"LineString","coordinates":[[73.91379,18.50622],[73.91431,18.5061],[73.91556,18.50577],[73.91749,18.50524],[73.91792,18.50512],[73.91953,18.50465]]}},{"type":"Feature","properties":{"name":"Raja Bahadur Mill Marg","highway":"trunk","policy":""},"geometry":{"type":"LineString","coordinates":[[73.86171,18.52981],[73.86179,18.5298],[73.86198,18.52979],[73.8622,18.52978],[73.86237,18.52978]]}},{"type":"Feature","properties":{"name":"New Sangam Bridge","highway":"trunk","policy":""},"geometry":{"type":"LineString","coordinates":[[73.8597,18.52983],[73.86171,18.52981]]}},{"type":"Feature","properties":{"name":"Old Pune\u2013Mumbai Highway","highway":"trunk","policy":""},"geometry":{"type":"LineString","coordinates":[[73.83557,18.57685],[73.83564,18.57657]]}},{"type":"Feature","properties":{"name":"Kharadi Bypass","highway":"trunk","policy":""},"geometry":{"type":"LineString","coordinates":[[73.93868,18.56212],[73.93866,18.56189],[73.93865,18.56174],[73.93843,18.55978],[73.93838,18.55937],[73.93836,18.55925],[73.93832,18.55889],[73.9383,18.55876],[73.93829,18.55863],[73.93828,18.55856],[73.93812,18.55777],[73.9381,18.55769],[73.93809,18.55757],[73.93798,18.55682],[73.93797,18.55677],[73.93781,18.55562],[73.9378,18.55555],[73.93773,18.55508],[73.93772,18.555],[73.93765,18.55455],[73.93762,18.55423],[73.9376,18.55408],[73.93758,18.55387],[73.93757,18.55375],[73.93754,18.55345],[73.93752,18.55327],[73.9375,18.55314],[73.93748,18.55297],[73.93745,18.55269],[73.93743,18.55251],[73.93737,18.55196],[73.93735,18.55179],[73.93733,18.55167],[73.93733,18.55166],[73.93731,18.55148],[73.9373,18.55136],[73.93729,18.5513],[73.93724,18.55109],[73.93721,18.55094],[73.93716,18.55073],[73.93714,18.55062],[73.93701,18.55007],[73.93675,18.54891],[73.93664,18.54842],[73.9365,18.54781],[73.93627,18.5468],[73.93627,18.54679],[73.93622,18.54659],[73.93619,18.54648],[73.93608,18.54603],[73.93602,18.5458],[73.93601,18.54575],[73.93595,18.5455],[73.93587,18.54523],[73.93582,18.54503],[73.93579,18.54492],[73.9357,18.5446],[73.93561,18.54422],[73.93556,18.54398],[73.9355,18.54371],[73.93549,18.54366],[73.93543,18.5434],[73.93543,18.54339],[73.93523,18.54253],[73.93519,18.54238],[73.93517,18.54226],[73.93515,18.54216],[73.9351,18.54195],[73.93507,18.54182],[73.93494,18.54109],[73.93486,18.54068],[73.93484,18.54059],[73.93483,18.5405],[73.93478,18.54026],[73.93466,18.53976],[73.93465,18.53962],[73.93439,18.53844],[73.93436,18.53829],[73.93435,18.53816],[73.93429,18.5378],[73.93424,18.53744],[73.93423,18.53736]]}},{"type":"Feature","properties":{"name":"Gramdaivat Shree Dharmanath Maharaj Flyover","highway":"trunk","policy":""},"geometry":{"type":"LineString","coordinates":[[73.73365,18.65269],[73.73575,18.64752]]}},{"type":"Feature","properties":{"name":"Katraj - Dehu Road Bypass","highway":"trunk","policy":""},"geometry":{"type":"LineString","coordinates":[[73.75925,18.58632],[73.7588,18.58752]]}},{"type":"Feature","properties":{"name":"Mumbai - Satara Highway","highway":"trunk","policy":""},"geometry":{"type":"LineString","coordinates":[[73.7588,18.58752],[73.75867,18.58787],[73.75804,18.58954]]}},{"type":"Feature","properties":{"name":"Katraj - Dehu Road Bypass","highway":"trunk","policy":""},"geometry":{"type":"LineString","coordinates":[[73.75893,18.58756],[73.75938,18.58636]]}},{"type":"Feature","properties":{"name":"Katraj - Dehu Road Bypass","highway":"trunk","policy":""},"geometry":{"type":"LineString","coordinates":[[73.73699,18.64405],[73.73657,18.64509]]}},{"type":"Feature","properties":{"name":"Katraj - Dehu Road Bypass","highway":"trunk","policy":""},"geometry":{"type":"LineString","coordinates":[[73.73714,18.6441],[73.73767,18.64265],[73.7381,18.64154],[73.73919,18.63876],[73.74009,18.63648]]}},{"type":"Feature","properties":{"name":"Katraj - Dehu Road Bypass","highway":"trunk","policy":""},"geometry":{"type":"LineString","coordinates":[[73.73671,18.64514],[73.73714,18.6441]]}},{"type":"Feature","properties":{"name":"Katraj - Dehu Road Bypass","highway":"trunk","policy":""},"geometry":{"type":"LineString","coordinates":[[73.84731,18.40553],[73.84726,18.40576],[73.84723,18.40603],[73.84723,18.40664],[73.84721,18.40756],[73.84704,18.41089],[73.84702,18.41157],[73.84703,18.41185],[73.84705,18.41221],[73.84707,18.41264],[73.84712,18.41339],[73.84716,18.41374],[73.84732,18.41517],[73.84733,18.41579],[73.84732,18.41636],[73.84727,18.41684],[73.8472,18.41736],[73.8471,18.41786],[73.84702,18.41823],[73.8468,18.41895],[73.84641,18.42024],[73.84619,18.42093],[73.84608,18.42129],[73.84597,18.42158],[73.84594,18.42165],[73.84583,18.42188],[73.84571,18.42212]]}},{"type":"Feature","properties":{"name":"Saswad Road","highway":"trunk","policy":""},"geometry":{"type":"LineString","coordinates":[[73.94089,18.4984],[73.94076,18.49852]]}},{"type":"Feature","properties":{"name":"Saswad Road","highway":"trunk","policy":""},"geometry":{"type":"LineString","coordinates":[[73.94097,18.49845],[73.94099,18.49843],[73.94138,18.4981],[73.94154,18.49798],[73.94191,18.49769],[73.94202,18.49762],[73.9421,18.49756],[73.94219,18.49749],[73.9424,18.49733],[73.94313,18.4968],[73.94339,18.49661],[73.94362,18.49644],[73.94435,18.49589],[73.94439,18.49586],[73.94478,18.49558],[73.94548,18.49509],[73.94567,18.49496],[73.9457,18.49494],[73.94646,18.49441],[73.94667,18.49426],[73.94706,18.49395],[73.94727,18.49377],[73.94732,18.49373],[73.94751,18.4935],[73.94781,18.49313],[73.94827,18.49251],[73.9487,18.49193],[73.94877,18.49184],[73.94884,18.49175],[73.94899,18.49155],[73.94919,18.49129],[73.94972,18.49059],[73.95011,18.49007],[73.9505,18.48957],[73.95069,18.48932]]}},{"type":"Feature","properties":{"name":"Katraj - Dehu Road Bypass","highway":"trunk","policy":""},"geometry":{"type":"LineString","coordinates":[[73.82003,18.46263],[73.81969,18.46298],[73.81926,18.46344],[73.81919,18.46352],[73.81821,18.46468]]}},{"type":"Feature","properties":{"name":"Katraj - Dehu Road Bypass","highway":"trunk","policy":""},"geometry":{"type":"LineString","coordinates":[[73.85244,18.39447],[73.85095,18.39656],[73.8497,18.39878],[73.8487,18.40111],[73.84751,18.40469],[73.84731,18.40553]]}},{"type":"Feature","properties":{"name":"Solapur Road","highway":"trunk","policy":""},"geometry":{"type":"LineString","coordinates":[[73.89843,18.50657],[73.89793,18.50662],[73.89739,18.50668],[73.89728,18.5067],[73.89693,18.50673],[73.89672,18.50676],[73.89662,18.50676],[73.89652,18.50676]]}},{"type":"Feature","properties":{"name":"Solapur Road","highway":"trunk","policy":""},"geometry":{"type":"LineString","coordinates":[[73.89652,18.50676],[73.89619,18.5067],[73.8938,18.50631],[73.89257,18.5061],[73.89244,18.5061],[73.89218,18.50611],[73.89194,18.50612],[73.89166,18.50616],[73.89145,18.50619],[73.89056,18.50633],[73.89034,18.50636],[73.89017,18.50639],[73.88983,18.50642],[73.88976,18.50642],[73.88955,18.50643],[73.88878,18.50645],[73.88708,18.50655],[73.88545,18.50662],[73.88521,18.50662],[73.885,18.50661],[73.88477,18.5066],[73.8847,18.50659],[73.88462,18.50657],[73.88454,18.50655]]}},{"type":"Feature","properties":{"name":"Katraj - Dehu Road Bypass","highway":"trunk","policy":""},"geometry":{"type":"LineString","coordinates":[[73.76466,18.57188],[73.76458,18.5721],[73.76453,18.57221],[73.76423,18.57303],[73.7638,18.57418],[73.76345,18.57514],[73.76286,18.57673],[73.76275,18.57703],[73.76103,18.58163],[73.75953,18.58559]]}},{"type":"Feature","properties":{"name":"Katraj - Dehu Road Bypass","highway":"trunk","policy":""},"geometry":{"type":"LineString","coordinates":[[73.7658,18.56884],[73.76547,18.5697]]}},{"type":"Feature","properties":{"name":"Katraj - Dehu Road Bypass","highway":"trunk","policy":""},"geometry":{"type":"LineString","coordinates":[[73.7656,18.56974],[73.76593,18.56888]]}},{"type":"Feature","properties":{"name":"Bajirao Road","highway":"trunk","policy":""},"geometry":{"type":"LineString","coordinates":[[73.85453,18.51856],[73.8545,18.51933],[73.85449,18.51968],[73.85448,18.52008],[73.85449,18.52016],[73.85453,18.52023],[73.85461,18.52029],[73.85467,18.52034],[73.85477,18.52043]]}},{"type":"Feature","properties":{"name":"Raja Bahadur Mill Marg","highway":"trunk","policy":""},"geometry":{"type":"LineString","coordinates":[[73.87561,18.5307],[73.87551,18.5306],[73.87529,18.53042],[73.8751,18.53026],[73.8748,18.52998],[73.87471,18.5299],[73.87459,18.52981],[73.8745,18.52977],[73.87435,18.52974],[73.87404,18.52973],[73.87245,18.52965],[73.87214,18.52963],[73.87206,18.52963],[73.87116,18.52958],[73.87075,18.52959],[73.87045,18.52959],[73.87019,18.52961],[73.87002,18.52963],[73.86975,18.52968],[73.86945,18.52973],[73.86926,18.52978],[73.86852,18.53],[73.86831,18.53005],[73.86811,18.53008],[73.86788,18.5301],[73.86765,18.5301],[73.86709,18.53008],[73.86594,18.53003],[73.86475,18.52998],[73.8642,18.52995],[73.86392,18.52992]]}},{"type":"Feature","properties":{"name":"Undri Pisoli Road","highway":"trunk","policy":""},"geometry":{"type":"LineString","coordinates":[[73.89913,18.45095],[73.89946,18.45085],[73.8997,18.45074],[73.89984,18.45068],[73.89987,18.45066],[73.90002,18.45059],[73.90009,18.45056],[73.90021,18.4505],[73.90064,18.45031],[73.90069,18.45028],[73.90085,18.45023],[73.90097,18.45019],[73.90104,18.45017],[73.90143,18.4501],[73.90155,18.45007],[73.90181,18.45001],[73.90183,18.45],[73.90207,18.44991],[73.90252,18.44967],[73.90265,18.4496],[73.90286,18.44952],[73.90315,18.44947],[73.90321,18.44946],[73.90331,18.44945],[73.90345,18.44943],[73.90354,18.44941],[73.90361,18.44938]]}},{"type":"Feature","properties":{"name":"Fursungi Flyover","highway":"trunk","policy":""},"geometry":{"type":"LineString","coordinates":[[73.95868,18.47322],[73.95891,18.47271],[73.95976,18.47096],[73.96047,18.46949]]}},{"type":"Feature","properties":{"name":"Katraj - Dehu Road Bypass","highway":"trunk","policy":""},"geometry":{"type":"LineString","coordinates":[[73.78037,18.53992],[73.78028,18.54002],[73.78009,18.5402],[73.77986,18.54039],[73.77958,18.54059],[73.77921,18.54085],[73.77808,18.54162],[73.77773,18.54186],[73.77742,18.5421],[73.7771,18.54236],[73.77676,18.54266],[73.7756,18.54365]]}},{"type":"Feature","properties":{"name":"Shivaji Road","highway":"trunk","policy":""},"geometry":{"type":"LineString","coordinates":[[73.85504,18.52171],[73.85501,18.52176]]}},{"type":"Feature","properties":{"name":"Shivaji Road","highway":"trunk","policy":""},"geometry":{"type":"LineString","coordinates":[[73.85543,18.52101],[73.85554,18.52086],[73.8557,18.52067],[73.85584,18.52053],[73.85603,18.5203],[73.85604,18.5203],[73.85606,18.52027],[73.85611,18.52018],[73.85613,18.52009],[73.85615,18.51972],[73.85617,18.51921],[73.85621,18.51865],[73.85621,18.51854]]}},{"type":"Feature","properties":{"name":"Katraj - Dehu Road Bypass","highway":"trunk","policy":""},"geometry":{"type":"LineString","coordinates":[[73.80883,18.47519],[73.80727,18.47692],[73.80716,18.47705]]}},{"type":"Feature","properties":{"name":"Katraj - Dehu Road Bypass","highway":"trunk","policy":""},"geometry":{"type":"LineString","coordinates":[[73.8058,18.47856],[73.80337,18.48129]]}},{"type":"Feature","properties":{"name":"Castellino Marg","highway":"trunk","policy":""},"geometry":{"type":"LineString","coordinates":[[73.8787,18.50307],[73.87866,18.50318],[73.87861,18.50336],[73.8786,18.50341],[73.87853,18.50367],[73.87848,18.50396],[73.87845,18.50415],[73.87844,18.50428],[73.87841,18.50449],[73.87841,18.5045],[73.87844,18.50492],[73.87845,18.50524],[73.87846,18.50529]]}},{"type":"Feature","properties":{"name":"Saswad Road","highway":"trunk","policy":""},"geometry":{"type":"LineString","coordinates":[[73.96047,18.46949],[73.96103,18.46838]]}},{"type":"Feature","properties":{"name":"Katraj - Dehu Road Bypass","highway":"trunk","policy":""},"geometry":{"type":"LineString","coordinates":[[73.77627,18.52735],[73.77648,18.52744],[73.77671,18.52757],[73.77695,18.52771],[73.77716,18.52785],[73.77742,18.52805],[73.77763,18.52824],[73.77769,18.52829],[73.77785,18.52845],[73.77808,18.5287],[73.77833,18.52902],[73.77854,18.52938],[73.77863,18.52953],[73.77872,18.52974],[73.77936,18.53126]]}},{"type":"Feature","properties":{"name":"Katraj - Dehu Road Bypass","highway":"trunk","policy":""},"geometry":{"type":"LineString","coordinates":[[73.77949,18.53121],[73.77886,18.52968],[73.77875,18.52947],[73.77867,18.52932],[73.77844,18.52896],[73.77819,18.52862],[73.77795,18.52836],[73.77781,18.52822],[73.77773,18.52815],[73.77751,18.52796],[73.77724,18.52775],[73.77702,18.5276],[73.77678,18.52746],[73.77654,18.52733],[73.77633,18.52723],[73.77608,18.52714],[73.77424,18.52645],[73.77384,18.52629],[73.77353,18.52614],[73.77323,18.52598],[73.77296,18.52579],[73.77281,18.52568]]}},{"type":"Feature","properties":{"name":"Katraj - Dehu Road Bypass","highway":"trunk","policy":""},"geometry":{"type":"LineString","coordinates":[[73.77281,18.52568],[73.7727,18.52558],[73.77246,18.52536],[73.77225,18.52515],[73.77205,18.52491],[73.77184,18.52463],[73.77004,18.52233],[73.7699,18.52212],[73.76981,18.52198],[73.76972,18.52184],[73.76966,18.52172],[73.76961,18.52159],[73.76956,18.52145],[73.76943,18.52101],[73.76932,18.52059],[73.76922,18.52024],[73.76915,18.51991],[73.76908,18.51953]]}},{"type":"Feature","properties":{"name":"Katraj - Dehu Road Bypass","highway":"trunk","policy":""},"geometry":{"type":"LineString","coordinates":[[73.78753,18.5075],[73.78812,18.50752],[73.78848,18.50752]]}},{"type":"Feature","properties":{"name":"Katraj - Dehu Road Bypass","highway":"trunk","policy":""},"geometry":{"type":"LineString","coordinates":[[73.8034,18.48141],[73.80589,18.47863]]}},{"type":"Feature","properties":{"name":"Katraj - Dehu Road Bypass","highway":"trunk","policy":""},"geometry":{"type":"LineString","coordinates":[[73.8073,18.47707],[73.80782,18.47651],[73.80845,18.47579],[73.80892,18.47526]]}},{"type":"Feature","properties":{"name":"Katraj - Dehu Road Bypass","highway":"trunk","policy":""},"geometry":{"type":"LineString","coordinates":[[73.80892,18.47526],[73.80989,18.47417]]}},{"type":"Feature","properties":{"name":"Katraj - Dehu Road Bypass","highway":"trunk","policy":""},"geometry":{"type":"LineString","coordinates":[[73.80989,18.47417],[73.81002,18.47401],[73.81021,18.47379],[73.81076,18.47315],[73.81123,18.47261],[73.81194,18.47183],[73.81215,18.4716]]}},{"type":"Feature","properties":{"name":"Katraj - Dehu Road Bypass","highway":"trunk","policy":""},"geometry":{"type":"LineString","coordinates":[[73.81303,18.47068],[73.81547,18.46794],[73.81564,18.46776],[73.81833,18.46478]]}},{"type":"Feature","properties":{"name":"Katraj - Dehu Road Bypass","highway":"trunk","policy":""},"geometry":{"type":"LineString","coordinates":[[73.81833,18.46478],[73.81951,18.4634],[73.81979,18.46309]]}},{"type":"Feature","properties":{"name":"New Katraj Tunnel","highway":"trunk","policy":""},"geometry":{"type":"LineString","coordinates":[[73.84743,18.40666],[73.84744,18.40615],[73.84751,18.40565],[73.84777,18.40476],[73.84895,18.40119],[73.84994,18.39889],[73.85118,18.39669],[73.85264,18.39463]]}},{"type":"Feature","properties":{"name":"Pune Nashik Road","highway":"trunk","policy":""},"geometry":{"type":"LineString","coordinates":[[73.84748,18.68269],[73.84753,18.68259],[73.84778,18.68209],[73.84802,18.68157],[73.84837,18.68092],[73.84856,18.68059],[73.84875,18.68024],[73.8492,18.67942],[73.84927,18.67932],[73.84968,18.67862],[73.84978,18.67839],[73.84982,18.6782],[73.84986,18.67802],[73.84987,18.67779],[73.84986,18.67748],[73.84984,18.67714],[73.84982,18.67697],[73.8498,18.67689],[73.84977,18.67673],[73.84962,18.67614],[73.84943,18.67548],[73.84906,18.67423],[73.84896,18.67394],[73.84893,18.67381],[73.84888,18.67364],[73.84876,18.67323],[73.8486,18.67263],[73.84856,18.67244],[73.84852,18.67225],[73.84849,18.67199],[73.84846,18.67154],[73.84844,18.67126],[73.84842,18.67103],[73.84841,18.67089],[73.8484,18.6707],[73.84841,18.67054],[73.84843,18.67037],[73.84846,18.67019],[73.8485,18.67008],[73.84858,18.66986],[73.84873,18.66949],[73.84882,18.66923],[73.84888,18.66903],[73.84892,18.66882],[73.84892,18.66879],[73.84894,18.66862],[73.84894,18.66835],[73.84891,18.66793],[73.84889,18.66751],[73.84887,18.66725],[73.84885,18.66705],[73.84881,18.66672],[73.84879,18.66657],[73.84877,18.6664],[73.84876,18.66617],[73.84875,18.66589],[73.84878,18.66549],[73.84882,18.6649],[73.84883,18.66478],[73.84885,18.66438],[73.84888,18.66394],[73.84888,18.66382],[73.84888,18.66368],[73.84887,18.66346],[73.84886,18.66331],[73.84883,18.66315],[73.84878,18.66286],[73.8487,18.66242],[73.84864,18.662],[73.84863,18.66187],[73.84861,18.66172],[73.84859,18.66151],[73.84856,18.66133],[73.84852,18.661],[73.8485,18.66092],[73.84848,18.66068],[73.84846,18.66042],[73.84844,18.66021],[73.84844,18.65999],[73.84847,18.65977],[73.84848,18.65971],[73.8485,18.65963],[73.84855,18.65948],[73.84862,18.65929],[73.84865,18.65922],[73.84874,18.65902],[73.84892,18.65862],[73.84903,18.65834],[73.84911,18.65809],[73.84914,18.65797],[73.84917,18.65784],[73.84919,18.65763],[73.84919,18.65747],[73.84918,18.65726],[73.84915,18.65698],[73.8491,18.65669],[73.84902,18.65616],[73.84896,18.65575],[73.84894,18.65557],[73.84894,18.65542],[73.84893,18.65523],[73.84894,18.65512],[73.84894,18.655],[73.84897,18.65471],[73.84899,18.65459],[73.84902,18.65445],[73.84904,18.65438],[73.84935,18.65323],[73.84945,18.65289],[73.84954,18.65259],[73.84963,18.65237],[73.84971,18.65219],[73.84975,18.65209],[73.8498,18.65198],[73.84988,18.65178],[73.84997,18.65152],[73.85001,18.65138],[73.85007,18.65111],[73.85014,18.65089],[73.85027,18.65043],[73.8503,18.65035],[73.85031,18.65032],[73.85039,18.65008],[73.85047,18.64983],[73.85055,18.64961],[73.85058,18.64948],[73.85062,18.64933],[73.85066,18.64916],[73.85071,18.64888],[73.85073,18.64869],[73.85074,18.64848],[73.85075,18.64811],[73.85074,18.64786],[73.85073,18.64765]]}},{"type":"Feature","properties":{"name":"Solapur Road","highway":"trunk","policy":""},"geometry":{"type":"LineString","coordinates":[[73.89945,18.50652],[73.89876,18.50652]]}},{"type":"Feature","properties":{"name":"Solapur Road","highway":"trunk","policy":""},"geometry":{"type":"LineString","coordinates":[[73.89972,18.50652],[73.89945,18.50652]]}},{"type":"Feature","properties":{"name":"Satara Road","highway":"trunk","policy":""},"geometry":{"type":"LineString","coordinates":[[73.85678,18.47695],[73.85699,18.47723]]}},{"type":"Feature","properties":{"name":"Satara Road","highway":"trunk","policy":""},"geometry":{"type":"LineString","coordinates":[[73.85699,18.47723],[73.85709,18.47747],[73.85714,18.47775],[73.85717,18.4782],[73.85717,18.47826],[73.85717,18.47843],[73.85717,18.47865],[73.85717,18.47872],[73.85717,18.47882],[73.85716,18.47913],[73.85715,18.47938],[73.85714,18.4798],[73.85714,18.47999],[73.85713,18.48017],[73.85713,18.4802],[73.85711,18.48045],[73.85709,18.48068],[73.85711,18.48116],[73.85711,18.48126],[73.85711,18.48131]]}},{"type":"Feature","properties":{"name":"Katraj - Dehu Road Bypass","highway":"trunk","policy":""},"geometry":{"type":"LineString","coordinates":[[73.75217,18.60559],[73.75226,18.60537]]}},{"type":"Feature","properties":{"name":"Katraj - Dehu Road Bypass","highway":"trunk","policy":""},"geometry":{"type":"LineString","coordinates":[[73.75214,18.60528],[73.75207,18.6055]]}},{"type":"Feature","properties":{"name":"Mumbai - Satara Highway","highway":"trunk","policy":""},"geometry":{"type":"LineString","coordinates":[[73.75351,18.60199],[73.75607,18.59515]]}},{"type":"Feature","properties":{"name":"Katraj - Dehu Road Bypass","highway":"trunk","policy":""},"geometry":{"type":"LineString","coordinates":[[73.75147,18.60714],[73.75129,18.60762],[73.75104,18.60827],[73.75047,18.60978],[73.7492,18.6132],[73.74907,18.61354],[73.74894,18.61389],[73.74831,18.61553],[73.74801,18.61635],[73.74704,18.6187]]}},{"type":"Feature","properties":{"name":"Kharadi Bypass","highway":"trunk","policy":""},"geometry":{"type":"LineString","coordinates":[[73.93413,18.53748],[73.9342,18.53779],[73.9342,18.53799],[73.93417,18.53807]]}},{"type":"Feature","properties":{"name":"Mundhwa Bridge","highway":"trunk","policy":""},"geometry":{"type":"LineString","coordinates":[[73.93353,18.53482],[73.93379,18.53599],[73.93396,18.53673],[73.93413,18.53748]]}},{"type":"Feature","properties":{"name":"Mundhwa Road Railway Flyover","highway":"trunk","policy":""},"geometry":{"type":"LineString","coordinates":[[73.93222,18.52408],[73.93222,18.52433],[73.93222,18.52495],[73.93223,18.52585],[73.93222,18.52673],[73.93223,18.52753],[73.9323,18.52821],[73.93237,18.5289],[73.93238,18.52965]]}},{"type":"Feature","properties":{"name":"Mundhwa Road Railway Flyover","highway":"trunk","policy":""},"geometry":{"type":"LineString","coordinates":[[73.93248,18.52965],[73.93247,18.52954],[73.93247,18.52903],[73.93246,18.5289],[73.93246,18.52882],[73.9324,18.52827],[73.9324,18.52821],[73.93233,18.52752],[73.93231,18.52731],[73.93231,18.52673],[73.93232,18.52585],[73.93231,18.52495],[73.93232,18.52433],[73.93231,18.52407]]}},{"type":"Feature","properties":{"name":"Magarpatta Road","highway":"trunk","policy":""},"geometry":{"type":"LineString","coordinates":[[73.93238,18.52975],[73.93235,18.53001],[73.93232,18.53031],[73.93228,18.53064],[73.93225,18.53092],[73.9322,18.53133],[73.93219,18.53148],[73.93219,18.53157],[73.93222,18.5317],[73.93231,18.53183],[73.93244,18.53198],[73.93264,18.53223],[73.93273,18.53238],[73.93285,18.5326],[73.93298,18.53299]]}},{"type":"Feature","properties":{"name":"Bund Garden Road","highway":"trunk","policy":""},"geometry":{"type":"LineString","coordinates":[[73.88537,18.54212],[73.8854,18.54198],[73.88538,18.54184]]}},{"type":"Feature","properties":{"name":"Solapur Road","highway":"trunk","policy":""},"geometry":{"type":"LineString","coordinates":[[73.89946,18.50662],[73.89972,18.50661]]}},{"type":"Feature","properties":{"name":"Solapur Road","highway":"trunk","policy":""},"geometry":{"type":"LineString","coordinates":[[73.88423,18.50649],[73.88406,18.50643],[73.8839,18.50641]]}},{"type":"Feature","properties":{"name":"Solapur Road","highway":"trunk","policy":""},"geometry":{"type":"LineString","coordinates":[[73.92438,18.50331],[73.92457,18.50326]]}},{"type":"Feature","properties":{"name":"Solapur Road","highway":"trunk","policy":""},"geometry":{"type":"LineString","coordinates":[[73.92457,18.50326],[73.92465,18.50323],[73.92514,18.5031],[73.92521,18.50308],[73.92527,18.50307]]}},{"type":"Feature","properties":{"name":"Solapur Road","highway":"trunk","policy":""},"geometry":{"type":"LineString","coordinates":[[73.92252,18.50381],[73.92265,18.50378],[73.9234,18.50358],[73.92435,18.50332],[73.92438,18.50331]]}},{"type":"Feature","properties":{"name":"Solapur Road","highway":"trunk","policy":""},"geometry":{"type":"LineString","coordinates":[[73.89835,18.50685],[73.89847,18.50676],[73.89865,18.50671],[73.89876,18.50668],[73.89912,18.50664],[73.89946,18.50662]]}},{"type":"Feature","properties":{"name":"Satara Road","highway":"trunk","policy":""},"geometry":{"type":"LineString","coordinates":[[73.85797,18.44854],[73.85809,18.44864]]}},{"type":"Feature","properties":{"name":"Katraj Kondhwa Road","highway":"trunk","policy":""},"geometry":{"type":"LineString","coordinates":[[73.85858,18.44821],[73.85868,18.44818],[73.85883,18.44813]]}},{"type":"Feature","properties":{"name":"Katraj - Dehu Road Bypass","highway":"trunk","policy":""},"geometry":{"type":"LineString","coordinates":[[73.75938,18.58636],[73.75943,18.58622],[73.76115,18.58167],[73.76132,18.58124],[73.76287,18.57707],[73.76361,18.57508],[73.76366,18.57493],[73.76372,18.57479],[73.76435,18.57307],[73.76487,18.57173]]}},{"type":"Feature","properties":{"name":"Old Pune\u2013Mumbai Highway","highway":"trunk","policy":""},"geometry":{"type":"LineString","coordinates":[[73.83646,18.57434],[73.83657,18.57404],[73.83665,18.57387]]}},{"type":"Feature","properties":{"name":"Harris Bridge","highway":"trunk","policy":""},"geometry":{"type":"LineString","coordinates":[[73.83564,18.57657],[73.83582,18.57608]]}},{"type":"Feature","properties":{"name":"Old Pune\u2013Mumbai Highway","highway":"trunk","policy":""},"geometry":{"type":"LineString","coordinates":[[73.82561,18.60306],[73.82572,18.60286],[73.82586,18.60264],[73.82618,18.6021],[73.8263,18.60189],[73.82641,18.60165]]}},{"type":"Feature","properties":{"name":"Tarkeswar Bridge","highway":"trunk","policy":""},"geometry":{"type":"LineString","coordinates":[[73.88483,18.54453],[73.88537,18.54212]]}},{"type":"Feature","properties":{"name":"Old Mumbai Pune Highway","highway":"trunk","policy":""},"geometry":{"type":"LineString","coordinates":[[73.81111,18.62004],[73.81189,18.61912],[73.81533,18.61509],[73.81538,18.61502]]}},{"type":"Feature","properties":{"name":"NH60;NH65","highway":"trunk","policy":""},"geometry":{"type":"LineString","coordinates":[[73.82421,18.6046],[73.8238,18.60506]]}},{"type":"Feature","properties":{"name":"Old Pune\u2013Mumbai Highway","highway":"trunk","policy":""},"geometry":{"type":"LineString","coordinates":[[73.82209,18.60711],[73.822,18.6072],[73.82174,18.6075],[73.81901,18.61068],[73.81803,18.61183]]}},{"type":"Feature","properties":{"name":"Old Mumbai Pune Highway","highway":"trunk","policy":""},"geometry":{"type":"LineString","coordinates":[[73.81812,18.61186],[73.82206,18.60736],[73.82209,18.60733],[73.82217,18.60724]]}},{"type":"Feature","properties":{"name":"Old Mumbai Pune Highway","highway":"trunk","policy":""},"geometry":{"type":"LineString","coordinates":[[73.8153,18.61497],[73.81526,18.61502],[73.81182,18.61905],[73.81101,18.61998]]}},{"type":"Feature","properties":{"name":"Old Mumbai Pune Highway","highway":"trunk","policy":""},"geometry":{"type":"LineString","coordinates":[[73.81803,18.61183],[73.81642,18.61366],[73.81605,18.61409],[73.8153,18.61497]]}},{"type":"Feature","properties":{"name":"Pimpri Chowk Underpass","highway":"trunk","policy":""},"geometry":{"type":"LineString","coordinates":[[73.80733,18.62441],[73.80752,18.62421]]}},{"type":"Feature","properties":{"name":"Old Pune\u2013Mumbai Highway","highway":"trunk","policy":""},"geometry":{"type":"LineString","coordinates":[[73.81101,18.61998],[73.80755,18.624]]}},{"type":"Feature","properties":{"name":"Old Mumbai Pune Highway","highway":"trunk","policy":""},"geometry":{"type":"LineString","coordinates":[[73.81538,18.61502],[73.81615,18.61416],[73.81641,18.61386],[73.81664,18.61359],[73.81769,18.61236],[73.81812,18.61186]]}},{"type":"Feature","properties":{"name":"Katraj - Dehu Road Bypass","highway":"trunk","policy":""},"geometry":{"type":"LineString","coordinates":[[73.80337,18.48129],[73.80293,18.48175],[73.80258,18.48211],[73.80232,18.48237],[73.8021,18.4826],[73.80118,18.48338],[73.80055,18.48386],[73.79994,18.48431]]}},{"type":"Feature","properties":{"name":"Bund Garden Road","highway":"trunk","policy":""},"geometry":{"type":"LineString","coordinates":[[73.8854,18.54159],[73.88528,18.54148],[73.8851,18.54138]]}},{"type":"Feature","properties":{"name":"Nagar Road","highway":"trunk","policy":""},"geometry":{"type":"LineString","coordinates":[[73.8843,18.54516],[73.88451,18.54513],[73.88462,18.54511],[73.8847,18.54509],[73.88478,18.54507],[73.88487,18.54508],[73.88585,18.5453],[73.88607,18.54535],[73.88668,18.54547],[73.88675,18.54549],[73.88707,18.54555],[73.8875,18.54564],[73.88755,18.54565],[73.88765,18.54567],[73.88784,18.54571],[73.88801,18.54575],[73.88819,18.54579],[73.88826,18.5458],[73.88872,18.5459]]}},{"type":"Feature","properties":{"name":"NH548DD","highway":"trunk","policy":""},"geometry":{"type":"LineString","coordinates":[[73.91607,18.4507],[73.91618,18.45072],[73.91627,18.45071],[73.91634,18.45069],[73.91651,18.45058],[73.91657,18.45055],[73.91666,18.45053]]}},{"type":"Feature","properties":{"name":"Saswad Road","highway":"trunk","policy":""},"geometry":{"type":"LineString","coordinates":[[73.96252,18.46525],[73.96277,18.46475],[73.96299,18.46424]]}},{"type":"Feature","properties":{"name":"Atal Bihari Vajpayee saheb Flyover","highway":"trunk","policy":""},"geometry":{"type":"LineString","coordinates":[[73.86692,18.5007],[73.868,18.50117],[73.8682,18.50124],[73.86852,18.50134],[73.86941,18.50157],[73.86983,18.50165],[73.87055,18.5018],[73.8707,18.50182],[73.87111,18.50187],[73.87131,18.50187],[73.87247,18.5019]]}},{"type":"Feature","properties":{"name":"Katraj - Dehu Road Bypass","highway":"trunk","policy":""},"geometry":{"type":"LineString","coordinates":[[73.82375,18.45934],[73.82368,18.45943],[73.82365,18.45947],[73.82364,18.45949],[73.82356,18.45958],[73.82347,18.45969],[73.82324,18.45992],[73.8231,18.46005],[73.82289,18.46022],[73.82263,18.46039],[73.82192,18.46086],[73.82152,18.46115],[73.82131,18.4613],[73.82104,18.4615],[73.82101,18.46153],[73.82089,18.46163],[73.82071,18.46178],[73.82054,18.46193],[73.82036,18.46207],[73.82021,18.4622],[73.81993,18.46245],[73.81985,18.46254],[73.81978,18.46261],[73.81959,18.46283],[73.81944,18.46301],[73.81936,18.4631],[73.81932,18.46318],[73.81929,18.46328],[73.81926,18.46344]]}},{"type":"Feature","properties":{"name":"Solapur Road","highway":"trunk","policy":""},"geometry":{"type":"LineString","coordinates":[[73.92527,18.50307],[73.92588,18.50292],[73.92615,18.50286],[73.92626,18.50283],[73.92722,18.50258],[73.92737,18.50254],[73.9277,18.50245]]}},{"type":"Feature","properties":{"name":"Magarpatta Road Flyover","highway":"trunk","policy":""},"geometry":{"type":"LineString","coordinates":[[73.92869,18.50205],[73.92801,18.50223],[73.92765,18.50233],[73.92759,18.50236],[73.92754,18.50239]]}},{"type":"Feature","properties":{"name":"Kharadi Bypass","highway":"trunk","policy":""},"geometry":{"type":"LineString","coordinates":[[73.92775,18.50554],[73.92773,18.50515],[73.92777,18.50503],[73.92774,18.50462],[73.9277,18.50415],[73.92769,18.50397],[73.92768,18.50381],[73.92767,18.50361],[73.92764,18.50322],[73.92764,18.50318],[73.92761,18.50288],[73.9276,18.50278],[73.9276,18.50274],[73.92761,18.50267],[73.92762,18.50261],[73.92765,18.50254],[73.9277,18.50245]]}},{"type":"Feature","properties":{"name":"Solapur Road","highway":"trunk","policy":""},"geometry":{"type":"LineString","coordinates":[[73.93094,18.5016],[73.93052,18.50165],[73.93005,18.50172],[73.92981,18.50171],[73.92964,18.50173],[73.92949,18.50177],[73.92877,18.50195],[73.9277,18.50224]]}},{"type":"Feature","properties":{"name":"Kharadi Bypass","highway":"trunk","policy":""},"geometry":{"type":"LineString","coordinates":[[73.92722,18.50258],[73.92727,18.5026],[73.92733,18.50263],[73.92736,18.50267],[73.92739,18.50271],[73.9274,18.50289],[73.92743,18.50316],[73.92747,18.50362],[73.92749,18.50391],[73.92752,18.50418],[73.92757,18.50468],[73.9276,18.5051],[73.92761,18.50518],[73.92767,18.50525]]}},{"type":"Feature","properties":{"name":"Satara Road","highway":"trunk","policy":""},"geometry":{"type":"LineString","coordinates":[[73.85739,18.48703],[73.85739,18.4871],[73.85737,18.48767],[73.85734,18.48808],[73.85733,18.48888],[73.85734,18.4891],[73.85735,18.48927],[73.85736,18.48936],[73.85739,18.48949],[73.85743,18.48981],[73.85744,18.48982],[73.85756,18.49076],[73.85758,18.49092],[73.8576,18.49122],[73.85758,18.49151],[73.85758,18.49166],[73.85758,18.49173],[73.85758,18.49194],[73.85758,18.49195]]}},{"type":"Feature","properties":{"name":"Magarpatta Road Flyover","highway":"trunk","policy":""},"geometry":{"type":"LineString","coordinates":[[73.92755,18.50371],[73.92766,18.50505]]}},{"type":"Feature","properties":{"name":"Magarpatta Road Flyover","highway":"trunk","policy":""},"geometry":{"type":"LineString","coordinates":[[73.92737,18.50244],[73.92731,18.50242],[73.92723,18.5024],[73.92716,18.50239],[73.92709,18.50239],[73.92703,18.50241],[73.92636,18.5026]]}},{"type":"Feature","properties":{"name":"Bajirao Road","highway":"trunk","policy":""},"geometry":{"type":"LineString","coordinates":[[73.85386,18.51646],[73.8539,18.51695],[73.85396,18.51758],[73.85398,18.51779],[73.85399,18.51797],[73.854,18.51812],[73.85405,18.51826],[73.85407,18.5183],[73.85419,18.51845],[73.85433,18.51853],[73.85453,18.51856]]}},{"type":"Feature","properties":{"name":"Katraj - Dehu Road Bypass","highway":"trunk","policy":""},"geometry":{"type":"LineString","coordinates":[[73.73996,18.63644],[73.73907,18.63871],[73.73866,18.63974],[73.73811,18.64116],[73.73798,18.64149],[73.73754,18.64261],[73.73699,18.64405]]}},{"type":"Feature","properties":{"name":"Katraj - Dehu Road Bypass","highway":"trunk","policy":""},"geometry":{"type":"LineString","coordinates":[[73.74087,18.63449],[73.74094,18.63432]]}},{"type":"Feature","properties":{"name":"Katraj - Dehu Road Bypass","highway":"trunk","policy":""},"geometry":{"type":"LineString","coordinates":[[73.74084,18.63422],[73.74077,18.6344]]}},{"type":"Feature","properties":{"name":"Katraj - Dehu Road Bypass","highway":"trunk","policy":""},"geometry":{"type":"LineString","coordinates":[[73.74717,18.61873],[73.74813,18.61639],[73.74907,18.61393],[73.7506,18.60982],[73.75122,18.60815],[73.75136,18.60778],[73.7516,18.60718]]}},{"type":"Feature","properties":{"name":"Punyashlok Ahilyabai Holkar Underpass","highway":"trunk","policy":""},"geometry":{"type":"LineString","coordinates":[[73.80295,18.6294],[73.80245,18.63]]}},{"type":"Feature","properties":{"name":"Punyashlok Ahilyabai Holkar Underpass","highway":"trunk","policy":""},"geometry":{"type":"LineString","coordinates":[[73.80245,18.63],[73.80157,18.63104]]}},{"type":"Feature","properties":{"name":"Punyashlok Ahilyabai Holkar Underpass","highway":"trunk","policy":""},"geometry":{"type":"LineString","coordinates":[[73.80164,18.63109],[73.80186,18.63083],[73.80252,18.63006]]}},{"type":"Feature","properties":{"name":"Punyashlok Ahilyabai Holkar Underpass","highway":"trunk","policy":""},"geometry":{"type":"LineString","coordinates":[[73.80252,18.63006],[73.80302,18.62946]]}},{"type":"Feature","properties":{"name":"Chatrapati Shivaji Maharaj Chowk Underpass","highway":"trunk","policy":""},"geometry":{"type":"LineString","coordinates":[[73.79352,18.64053],[73.79239,18.64186]]}},{"type":"Feature","properties":{"name":"Chinchwad Chowk Underpass","highway":"trunk","policy":""},"geometry":{"type":"LineString","coordinates":[[73.79501,18.63892],[73.7954,18.63845]]}},{"type":"Feature","properties":{"name":"Chinchwad Chowk Underpass","highway":"trunk","policy":""},"geometry":{"type":"LineString","coordinates":[[73.79533,18.6384],[73.79511,18.63866],[73.79494,18.63887]]}},{"type":"Feature","properties":{"name":"Chatrapati Shivaji Maharaj Chowk Underpass","highway":"trunk","policy":""},"geometry":{"type":"LineString","coordinates":[[73.79246,18.64193],[73.79303,18.64125],[73.79358,18.64059]]}},{"type":"Feature","properties":{"name":"Kandoba Chowk Underpass","highway":"trunk","policy":""},"geometry":{"type":"LineString","coordinates":[[73.78517,18.65047],[73.78555,18.65]]}},{"type":"Feature","properties":{"name":"Kandoba Chowk Underpass","highway":"trunk","policy":""},"geometry":{"type":"LineString","coordinates":[[73.78548,18.64994],[73.78511,18.6504]]}},{"type":"Feature","properties":{"name":"Katraj - Dehu Road Bypass","highway":"trunk","policy":""},"geometry":{"type":"LineString","coordinates":[[73.82604,18.45856],[73.8264,18.45841],[73.82658,18.45833],[73.82692,18.45819],[73.82851,18.45752],[73.82866,18.45746],[73.8288,18.4574],[73.82903,18.45732],[73.82985,18.45702],[73.83035,18.45685],[73.8306,18.45677],[73.8308,18.4567],[73.83298,18.45596],[73.83484,18.45537],[73.83618,18.45492],[73.83622,18.45491]]}},{"type":"Feature","properties":{"name":"Solapur Road","highway":"trunk","policy":""},"geometry":{"type":"LineString","coordinates":[[73.89876,18.50652],[73.89853,18.50656]]}},{"type":"Feature","properties":{"name":"Solapur Road","highway":"trunk","policy":""},"geometry":{"type":"LineString","coordinates":[[73.90292,18.50645],[73.90234,18.50645],[73.90166,18.50647],[73.90122,18.50649],[73.90111,18.50649]]}},{"type":"Feature","properties":{"name":"Solapur Road Flyover","highway":"trunk","policy":""},"geometry":{"type":"LineString","coordinates":[[73.91953,18.50465],[73.92041,18.5044],[73.92097,18.50424]]}},{"type":"Feature","properties":{"name":"Mundhwa Road","highway":"trunk","policy":""},"geometry":{"type":"LineString","coordinates":[[73.93229,18.52393],[73.93227,18.52371],[73.93227,18.52368],[73.93226,18.52362],[73.93225,18.52355]]}},{"type":"Feature","properties":{"name":"Mundhwa Road","highway":"trunk","policy":""},"geometry":{"type":"LineString","coordinates":[[73.92767,18.50554],[73.92767,18.50557],[73.92768,18.50569],[73.92769,18.50583],[73.9277,18.50593],[73.92771,18.50599],[73.92773,18.50604],[73.92776,18.50615],[73.92779,18.5062],[73.92781,18.50625],[73.92787,18.50635],[73.92793,18.50642],[73.92803,18.50652],[73.92807,18.50657],[73.92848,18.50702],[73.92892,18.50751],[73.929,18.5076],[73.92907,18.50767],[73.92927,18.50792],[73.92948,18.50818],[73.92958,18.50831],[73.92965,18.50839],[73.92972,18.50848],[73.92975,18.50851],[73.92981,18.50857],[73.93051,18.50934],[73.93116,18.51005],[73.93195,18.51092],[73.93206,18.51104],[73.93214,18.51115],[73.93222,18.51127],[73.93228,18.51139],[73.93232,18.51155],[73.93235,18.51168],[73.93237,18.51193],[73.93246,18.51433],[73.93248,18.51447],[73.93248,18.51452],[73.93252,18.51471]]}},{"type":"Feature","properties":{"name":"Katraj Flyover","highway":"trunk","policy":""},"geometry":{"type":"LineString","coordinates":[[73.8638,18.44813],[73.86355,18.44803],[73.86342,18.44799],[73.86249,18.44778],[73.86156,18.44763],[73.86075,18.44757],[73.86061,18.44757],[73.86044,18.44759],[73.85966,18.44772]]}},{"type":"Feature","properties":{"name":"Satara Road","highway":"trunk","policy":""},"geometry":{"type":"LineString","coordinates":[[73.85863,18.44808],[73.85867,18.44795],[73.85884,18.44743],[73.8589,18.44727]]}},{"type":"Feature","properties":{"name":"Solapur Road","highway":"trunk","policy":""},"geometry":{"type":"LineString","coordinates":[[73.94131,18.50047],[73.94183,18.50041],[73.94217,18.50037],[73.94237,18.50034],[73.94245,18.50033],[73.94273,18.5003],[73.94284,18.50028],[73.94309,18.50025],[73.94334,18.50022],[73.94355,18.5002],[73.9441,18.50013]]}},{"type":"Feature","properties":{"name":"Solapur Road","highway":"trunk","policy":""},"geometry":{"type":"LineString","coordinates":[[73.89972,18.50661],[73.90028,18.5066],[73.90081,18.50659],[73.90105,18.50657],[73.90111,18.50657],[73.90121,18.50657],[73.90235,18.50655],[73.90288,18.50657],[73.90307,18.50657]]}},{"type":"Feature","properties":{"name":"Solapur Road","highway":"trunk","policy":""},"geometry":{"type":"LineString","coordinates":[[73.89652,18.50682],[73.89694,18.50687],[73.89714,18.5069],[73.89734,18.50695],[73.89756,18.50702],[73.89787,18.50713],[73.89793,18.50715],[73.89797,18.50716],[73.89808,18.5072]]}},{"type":"Feature","properties":{"name":"Ambegaon Viaduct","highway":"trunk","policy":""},"geometry":{"type":"LineString","coordinates":[[73.84083,18.43034],[73.84059,18.43057],[73.84041,18.43071],[73.83879,18.4317],[73.83859,18.43182],[73.83844,18.43193],[73.83827,18.43206],[73.83815,18.4322],[73.83806,18.43232],[73.83792,18.43255],[73.83781,18.43281],[73.83774,18.43303],[73.83769,18.43325],[73.83766,18.43359]]}},{"type":"Feature","properties":{"name":"Katraj - Dehu Road Bypass","highway":"trunk","policy":""},"geometry":{"type":"LineString","coordinates":[[73.84585,18.42219],[73.84599,18.42194],[73.84616,18.42166],[73.84628,18.42138],[73.8464,18.42105],[73.84676,18.41996],[73.84704,18.41887],[73.84717,18.41838],[73.84726,18.41787],[73.84735,18.41733],[73.84742,18.41684],[73.84746,18.41633],[73.84746,18.41582],[73.84745,18.41519],[73.84743,18.41495],[73.84731,18.41377],[73.84726,18.41337],[73.84723,18.41303],[73.8472,18.41262],[73.84716,18.41223],[73.84715,18.41188],[73.84715,18.41154],[73.84717,18.41093],[73.84736,18.40757],[73.84738,18.40716],[73.84743,18.40666]]}},{"type":"Feature","properties":{"name":"Katraj - Dehu Road Bypass","highway":"trunk","policy":""},"geometry":{"type":"LineString","coordinates":[[73.83766,18.43359],[73.83768,18.43387],[73.83773,18.43417],[73.83784,18.43451],[73.83803,18.43496],[73.8381,18.43514],[73.83844,18.43597],[73.8394,18.43829],[73.83952,18.43868],[73.83958,18.43913],[73.8396,18.43941],[73.83958,18.4397],[73.83954,18.44003],[73.83945,18.44035],[73.8393,18.44074],[73.83905,18.44119],[73.8383,18.44216],[73.83657,18.44428],[73.834,18.44795],[73.83372,18.44835],[73.83335,18.44876]]}},{"type":"Feature","properties":{"name":"Ambegaon Viaduct","highway":"trunk","policy":""},"geometry":{"type":"LineString","coordinates":[[73.8378,18.43362],[73.83782,18.43334],[73.83784,18.43309],[73.83792,18.43291],[73.83801,18.43273],[73.83809,18.43255],[73.83824,18.43231],[73.83837,18.43218],[73.83867,18.43194],[73.83891,18.4318],[73.84041,18.43086],[73.84063,18.43071],[73.84091,18.43047]]}},{"type":"Feature","properties":{"name":"Katraj - Dehu Road Bypass","highway":"trunk","policy":""},"geometry":{"type":"LineString","coordinates":[[73.80001,18.48438],[73.80107,18.48362],[73.802,18.48287],[73.8024,18.48246],[73.80272,18.48213],[73.80325,18.48158],[73.8034,18.48141]]}},{"type":"Feature","properties":{"name":"Jagannath Shankarsheth Marg","highway":"trunk","policy":""},"geometry":{"type":"LineString","coordinates":[[73.86343,18.49999],[73.86412,18.49994],[73.86418,18.49994],[73.86432,18.49994],[73.86458,18.49996],[73.86491,18.5],[73.86515,18.50005],[73.86519,18.50006]]}},{"type":"Feature","properties":{"name":"Shivaji Road","highway":"trunk","policy":""},"geometry":{"type":"LineString","coordinates":[[73.85625,18.51687],[73.85625,18.51682],[73.85626,18.51629],[73.85627,18.51606],[73.85627,18.51595],[73.85628,18.51574],[73.85629,18.51567]]}},{"type":"Feature","properties":{"name":"Bund Garden Road","highway":"trunk","policy":""},"geometry":{"type":"LineString","coordinates":[[73.87968,18.53475],[73.87981,18.53492],[73.87994,18.53509],[73.88022,18.53548],[73.88047,18.53588],[73.88059,18.53607],[73.88073,18.53628],[73.8808,18.53637],[73.88093,18.53658],[73.88095,18.53661],[73.88097,18.53665],[73.88115,18.53694],[73.88127,18.53715],[73.88154,18.53758],[73.88157,18.53762],[73.88172,18.53786],[73.8819,18.53814],[73.88194,18.5382],[73.88205,18.53835],[73.88219,18.53856],[73.88259,18.53919],[73.88305,18.53989],[73.88357,18.54065],[73.88365,18.54078],[73.88374,18.5409],[73.88381,18.54097],[73.88387,18.54101],[73.884,18.54105]]}},{"type":"Feature","properties":{"name":"Navale Flyover","highway":"trunk","policy":""},"geometry":{"type":"LineString","coordinates":[[73.81979,18.46309],[73.82034,18.46253],[73.82102,18.46188]]}},{"type":"Feature","properties":{"name":"Katraj - Dehu Road Bypass","highway":"trunk","policy":""},"geometry":{"type":"LineString","coordinates":[[73.83347,18.44886],[73.83385,18.44843],[73.83413,18.44803],[73.83669,18.44436],[73.83842,18.44225],[73.83918,18.44127],[73.83944,18.4408],[73.83959,18.44039],[73.83969,18.44006],[73.83973,18.43971],[73.83975,18.43941],[73.83974,18.43917],[73.83973,18.43912],[73.83967,18.43865],[73.83955,18.43825],[73.83858,18.43591],[73.83817,18.4349],[73.83799,18.43446],[73.83788,18.43414],[73.83782,18.43389],[73.8378,18.43362]]}},{"type":"Feature","properties":{"name":"Bankimchandra Chatopadhyay Path","highway":"trunk","policy":""},"geometry":{"type":"LineString","coordinates":[[73.85138,18.5297],[73.85169,18.5296],[73.8519,18.52954],[73.85243,18.52937],[73.85251,18.52932],[73.85253,18.52927],[73.85254,18.5292]]}},{"type":"Feature","properties":{"name":"Castellino Marg","highway":"trunk","policy":""},"geometry":{"type":"LineString","coordinates":[[73.87847,18.50559],[73.87852,18.50567],[73.87857,18.50575],[73.87872,18.50616],[73.87896,18.50663],[73.87913,18.50689],[73.87918,18.50696]]}},{"type":"Feature","properties":{"name":"Solapur Road","highway":"trunk","policy":""},"geometry":{"type":"LineString","coordinates":[[73.94129,18.50039],[73.94104,18.50037],[73.94098,18.50038],[73.94073,18.50041],[73.94033,18.50045],[73.9402,18.50047],[73.94011,18.50048],[73.94004,18.50049],[73.93978,18.50052]]}},{"type":"Feature","properties":{"name":"Dr. Rajendra Prasad Path","highway":"trunk","policy":""},"geometry":{"type":"LineString","coordinates":[[73.85304,18.52939],[73.85269,18.52917]]}},{"type":"Feature","properties":{"name":"Katraj - Dehu Road Bypass","highway":"trunk","policy":""},"geometry":{"type":"LineString","coordinates":[[73.78848,18.50743],[73.78812,18.50742],[73.78756,18.50738]]}},{"type":"Feature","properties":{"name":"Katraj - Dehu Road Bypass","highway":"trunk","policy":""},"geometry":{"type":"LineString","coordinates":[[73.79032,18.49946],[73.78957,18.49855],[73.78943,18.49836],[73.78929,18.49821],[73.7887,18.49752],[73.78851,18.49728],[73.7883,18.49691],[73.78817,18.49663],[73.78804,18.49631],[73.78798,18.49604],[73.78796,18.49594],[73.78792,18.49535],[73.78793,18.49493],[73.78798,18.4946],[73.7881,18.49418],[73.78823,18.49383],[73.78841,18.49349],[73.7894,18.49215]]}},{"type":"Feature","properties":{"name":"Bund Garden Road","highway":"trunk","policy":""},"geometry":{"type":"LineString","coordinates":[[73.87681,18.53195],[73.87711,18.53222],[73.87774,18.53276],[73.878,18.53298],[73.87837,18.53331],[73.87856,18.53347],[73.87872,18.5336],[73.87882,18.53369],[73.8789,18.53375],[73.87897,18.53385],[73.87902,18.53393],[73.87907,18.53399],[73.8793,18.53433],[73.87946,18.53457],[73.87948,18.53459]]}},{"type":"Feature","properties":{"name":"Old Pune\u2013Mumbai Highway","highway":"trunk","policy":""},"geometry":{"type":"LineString","coordinates":[[73.85301,18.52951],[73.85307,18.52954],[73.85339,18.52973],[73.85346,18.52978],[73.85349,18.52982]]}},{"type":"Feature","properties":{"name":"Old Pune\u2013Mumbai Highway","highway":"trunk","policy":""},"geometry":{"type":"LineString","coordinates":[[73.85478,18.53028],[73.85501,18.5303],[73.8551,18.53027]]}},{"type":"Feature","properties":{"name":"New Sangam Bridge","highway":"trunk","policy":""},"geometry":{"type":"LineString","coordinates":[[73.8617,18.52963],[73.8597,18.52967]]}},{"type":"Feature","properties":{"name":"New Sangam Bridge","highway":"trunk","policy":""},"geometry":{"type":"LineString","coordinates":[[73.8597,18.52975],[73.8617,18.52972]]}},{"type":"Feature","properties":{"name":"Raja Bahadur Mill Marg","highway":"trunk","policy":""},"geometry":{"type":"LineString","coordinates":[[73.8617,18.52972],[73.86191,18.52974],[73.86237,18.52978]]}},{"type":"Feature","properties":{"name":"NH753F","highway":"trunk","policy":""},"geometry":{"type":"LineString","coordinates":[[73.85946,18.52973],[73.85953,18.52974],[73.8597,18.52975]]}},{"type":"Feature","properties":{"name":"NH753F","highway":"trunk","policy":""},"geometry":{"type":"LineString","coordinates":[[73.85946,18.52973],[73.85953,18.52977],[73.85962,18.52981],[73.8597,18.52983]]}},{"type":"Feature","properties":{"name":"Babasaheb Ambedkar Bridge","highway":"trunk","policy":""},"geometry":{"type":"LineString","coordinates":[[73.88406,18.54145],[73.88331,18.54471]]}},{"type":"Feature","properties":{"name":"Tarkeswar Bridge","highway":"trunk","policy":""},"geometry":{"type":"LineString","coordinates":[[73.88473,18.54454],[73.88528,18.5421]]}},{"type":"Feature","properties":{"name":"Bund Garden Bridge","highway":"trunk","policy":""},"geometry":{"type":"LineString","coordinates":[[73.8843,18.54516],[73.88444,18.54507],[73.88453,18.54499],[73.88468,18.54478]]}},{"type":"Feature","properties":{"name":"Bund Garden Road","highway":"trunk","policy":""},"geometry":{"type":"LineString","coordinates":[[73.88528,18.5421],[73.88529,18.54205],[73.88531,18.54196],[73.88538,18.54184]]}},{"type":"Feature","properties":{"name":"NH753F","highway":"trunk","policy":""},"geometry":{"type":"LineString","coordinates":[[73.88331,18.54471],[73.88329,18.54479]]}},{"type":"Feature","properties":{"name":"Old Pune\u2013Mumbai Highway","highway":"trunk","policy":""},"geometry":{"type":"LineString","coordinates":[[73.85116,18.54908],[73.85126,18.54891],[73.85142,18.54856],[73.85172,18.54767],[73.85177,18.54754],[73.85183,18.54723],[73.85184,18.54714],[73.85185,18.54708],[73.85188,18.54671],[73.85189,18.54651],[73.85177,18.54475],[73.85176,18.5443],[73.85176,18.54425],[73.85174,18.54403],[73.85166,18.54296],[73.85162,18.5426]]}},{"type":"Feature","properties":{"name":"Chimaji Appa Peshwe Path","highway":"trunk","policy":""},"geometry":{"type":"LineString","coordinates":[[73.85382,18.5026],[73.85377,18.5031],[73.85375,18.50329],[73.85369,18.50377]]}},{"type":"Feature","properties":{"name":"Chimaji Appa Peshwe Path","highway":"trunk","policy":""},"geometry":{"type":"LineString","coordinates":[[73.85369,18.50377],[73.85373,18.50389],[73.85371,18.50412]]}},{"type":"Feature","properties":{"name":"Chimaji Appa Peshwe Path","highway":"trunk","policy":""},"geometry":{"type":"LineString","coordinates":[[73.85362,18.50401],[73.8536,18.50425],[73.85359,18.50433],[73.85362,18.50446]]}},{"type":"Feature","properties":{"name":"Balaji Vishwanath Path","highway":"trunk","policy":""},"geometry":{"type":"LineString","coordinates":[[73.85397,18.50169],[73.85394,18.5018],[73.85392,18.50195],[73.85389,18.50222],[73.85386,18.50253],[73.85382,18.5026]]}},{"type":"Feature","properties":{"name":"Old Pune\u2013Mumbai Highway","highway":"trunk","policy":""},"geometry":{"type":"LineString","coordinates":[[73.85102,18.54909],[73.85093,18.54928]]}},{"type":"Feature","properties":{"name":"Harris Bridge","highway":"trunk","policy":""},"geometry":{"type":"LineString","coordinates":[[73.83632,18.57429],[73.83549,18.57649]]}},{"type":"Feature","properties":{"name":"Old Pune\u2013Mumbai Highway","highway":"trunk","policy":""},"geometry":{"type":"LineString","coordinates":[[73.83739,18.5714],[73.83724,18.5718],[73.83723,18.57184]]}},{"type":"Feature","properties":{"name":"Old Pune\u2013Mumbai Highway","highway":"trunk","policy":""},"geometry":{"type":"LineString","coordinates":[[73.85057,18.55015],[73.85054,18.55025],[73.85042,18.55053],[73.85021,18.55089],[73.84969,18.55174],[73.84965,18.5518],[73.84956,18.55194],[73.8491,18.5527],[73.84712,18.5564],[73.84689,18.55683],[73.84672,18.55712],[73.84666,18.55724],[73.84656,18.55739],[73.84652,18.55744]]}},{"type":"Feature","properties":{"name":"Old Pune\u2013Mumbai Highway","highway":"trunk","policy":""},"geometry":{"type":"LineString","coordinates":[[73.84646,18.55763],[73.84655,18.55752],[73.84659,18.55748],[73.84674,18.5573],[73.84697,18.55691],[73.84716,18.55655],[73.84724,18.5564],[73.84782,18.55529],[73.84793,18.55507],[73.84834,18.55429],[73.84917,18.55274],[73.84963,18.55198],[73.8497,18.55188]]}},{"type":"Feature","properties":{"name":"Old Pune\u2013Mumbai Highway","highway":"trunk","policy":""},"geometry":{"type":"LineString","coordinates":[[73.82836,18.59737],[73.82886,18.59628]]}},{"type":"Feature","properties":{"name":"Old Pune\u2013Mumbai Highway","highway":"trunk","policy":""},"geometry":{"type":"LineString","coordinates":[[73.84652,18.55744],[73.8464,18.55758],[73.84629,18.5577],[73.84623,18.55777],[73.84619,18.5578],[73.84393,18.55952],[73.84363,18.55979],[73.84341,18.56007],[73.843,18.56072],[73.84271,18.56119],[73.84252,18.56148],[73.84237,18.5617],[73.84227,18.56186],[73.84205,18.56216],[73.84189,18.56239],[73.8415,18.56293]]}},{"type":"Feature","properties":{"name":"Old Pune\u2013Mumbai Highway","highway":"trunk","policy":""},"geometry":{"type":"LineString","coordinates":[[73.84259,18.56172],[73.84272,18.56151],[73.84304,18.56097],[73.84317,18.56076],[73.8435,18.56017],[73.84357,18.56008],[73.84375,18.55986],[73.844,18.55963],[73.84584,18.55818],[73.84625,18.55786],[73.84629,18.55782],[73.84635,18.55775],[73.84646,18.55763]]}},{"type":"Feature","properties":{"name":"Old Pune\u2013Mumbai Highway","highway":"trunk","policy":""},"geometry":{"type":"LineString","coordinates":[[73.83549,18.57649],[73.83543,18.57667]]}},{"type":"Feature","properties":{"name":"Old Pune\u2013Mumbai Highway","highway":"trunk","policy":""},"geometry":{"type":"LineString","coordinates":[[73.83723,18.57184],[73.83722,18.57187],[73.83721,18.57188],[73.83719,18.57192],[73.83707,18.57221],[73.83691,18.5726],[73.83676,18.57306],[73.83672,18.57318],[73.83632,18.57429]]}},{"type":"Feature","properties":{"name":"Old Pune\u2013Mumbai Highway","highway":"trunk","policy":""},"geometry":{"type":"LineString","coordinates":[[73.83284,18.58747],[73.83298,18.58698]]}},{"type":"Feature","properties":{"name":"Old Pune\u2013Mumbai Highway","highway":"trunk","policy":""},"geometry":{"type":"LineString","coordinates":[[73.82944,18.59479],[73.82884,18.5961]]}},{"type":"Feature","properties":{"name":"Old Pune\u2013Mumbai Highway","highway":"trunk","policy":""},"geometry":{"type":"LineString","coordinates":[[73.83201,18.58938],[73.83204,18.58931]]}},{"type":"Feature","properties":{"name":"Old Pune\u2013Mumbai Highway","highway":"trunk","policy":""},"geometry":{"type":"LineString","coordinates":[[73.83192,18.58926],[73.83189,18.58933]]}},{"type":"Feature","properties":{"name":"Old Pune\u2013Mumbai Highway","highway":"trunk","policy":""},"geometry":{"type":"LineString","coordinates":[[73.82877,18.59625],[73.82827,18.59734]]}},{"type":"Feature","properties":{"name":"Old Pune\u2013Mumbai Highway","highway":"trunk","policy":""},"geometry":{"type":"LineString","coordinates":[[73.82886,18.59628],[73.82893,18.59613]]}},{"type":"Feature","properties":{"name":"Old Pune\u2013Mumbai Highway","highway":"trunk","policy":""},"geometry":{"type":"LineString","coordinates":[[73.82893,18.59613],[73.82953,18.59482]]}},{"type":"Feature","properties":{"name":"Old Pune\u2013Mumbai Highway","highway":"trunk","policy":""},"geometry":{"type":"LineString","coordinates":[[73.82884,18.5961],[73.82877,18.59625]]}},{"type":"Feature","properties":{"name":"Old Pune\u2013Mumbai Highway","highway":"trunk","policy":""},"geometry":{"type":"LineString","coordinates":[[73.83142,18.59068],[73.8315,18.59049],[73.83191,18.58959],[73.83201,18.58938]]}},{"type":"Feature","properties":{"name":"Old Pune\u2013Mumbai Highway","highway":"trunk","policy":""},"geometry":{"type":"LineString","coordinates":[[73.83189,18.58933],[73.83178,18.58957],[73.83133,18.59064]]}},{"type":"Feature","properties":{"name":"NH60;NH65","highway":"trunk","policy":""},"geometry":{"type":"LineString","coordinates":[[73.8238,18.60506],[73.82237,18.60677],[73.82233,18.60682],[73.82209,18.60711]]}},{"type":"Feature","properties":{"name":"NH60;NH65","highway":"trunk","policy":""},"geometry":{"type":"LineString","coordinates":[[73.82243,18.60694],[73.82271,18.60663],[73.82295,18.60635],[73.82343,18.6058],[73.82388,18.60525],[73.82398,18.60515]]}},{"type":"Feature","properties":{"name":"Old Pune\u2013Mumbai Highway","highway":"trunk","policy":""},"geometry":{"type":"LineString","coordinates":[[73.83069,18.59202],[73.83022,18.59306],[73.83005,18.59343],[73.82944,18.59479]]}},{"type":"Feature","properties":{"name":"Old Pune\u2013Mumbai Highway","highway":"trunk","policy":""},"geometry":{"type":"LineString","coordinates":[[73.82953,18.59482],[73.82991,18.59398],[73.83031,18.5931],[73.83077,18.5921]]}},{"type":"Feature","properties":{"name":"Old Pune\u2013Mumbai Highway","highway":"trunk","policy":""},"geometry":{"type":"LineString","coordinates":[[73.83269,18.58743],[73.83264,18.5876],[73.83254,18.58786],[73.83228,18.58848],[73.83192,18.58926]]}},{"type":"Feature","properties":{"name":"Old Pune\u2013Mumbai Highway","highway":"trunk","policy":""},"geometry":{"type":"LineString","coordinates":[[73.83204,18.58931],[73.83233,18.58871],[73.8326,18.58812],[73.83269,18.5879],[73.83276,18.58769],[73.83284,18.58747]]}},{"type":"Feature","properties":{"name":"Old Pune\u2013Mumbai Highway","highway":"trunk","policy":""},"geometry":{"type":"LineString","coordinates":[[73.82555,18.60317],[73.82561,18.60306]]}},{"type":"Feature","properties":{"name":"Old Pune\u2013Mumbai Highway","highway":"trunk","policy":""},"geometry":{"type":"LineString","coordinates":[[73.82553,18.603],[73.82545,18.60311]]}},{"type":"Feature","properties":{"name":"Old Pune\u2013Mumbai Highway","highway":"trunk","policy":""},"geometry":{"type":"LineString","coordinates":[[73.82827,18.59734],[73.82632,18.60161]]}},{"type":"Feature","properties":{"name":"NH60;NH65","highway":"trunk","policy":""},"geometry":{"type":"LineString","coordinates":[[73.82398,18.60515],[73.82436,18.60471]]}},{"type":"Feature","properties":{"name":"Old Pune\u2013Mumbai Highway","highway":"trunk","policy":""},"geometry":{"type":"LineString","coordinates":[[73.82641,18.60165],[73.82663,18.60117],[73.82705,18.60026],[73.82836,18.59737]]}},{"type":"Feature","properties":{"name":"Old Pune\u2013Mumbai Highway","highway":"trunk","policy":""},"geometry":{"type":"LineString","coordinates":[[73.82539,18.60317],[73.82518,18.60343],[73.82421,18.6046]]}},{"type":"Feature","properties":{"name":"Old Pune\u2013Mumbai Highway","highway":"trunk","policy":""},"geometry":{"type":"LineString","coordinates":[[73.82436,18.60471],[73.82534,18.60349],[73.82544,18.60335],[73.82555,18.60317]]}},{"type":"Feature","properties":{"name":"Old Pune\u2013Mumbai Highway","highway":"trunk","policy":""},"geometry":{"type":"LineString","coordinates":[[73.82632,18.60161],[73.82621,18.60184],[73.82609,18.60205],[73.82577,18.60259],[73.82565,18.60281],[73.82553,18.603]]}},{"type":"Feature","properties":{"name":"Bharatratna J.R.D Tata Flyover","highway":"trunk","policy":""},"geometry":{"type":"LineString","coordinates":[[73.82525,18.6035],[73.82394,18.6051],[73.82243,18.60686],[73.82236,18.60695],[73.82227,18.60706],[73.82221,18.6072],[73.82218,18.60734],[73.82218,18.60747],[73.82221,18.60762],[73.82225,18.60777],[73.82366,18.61204]]}},{"type":"Feature","properties":{"name":"Pimpri Chowk Underpass","highway":"trunk","policy":""},"geometry":{"type":"LineString","coordinates":[[73.80725,18.62435],[73.80579,18.62607]]}},{"type":"Feature","properties":{"name":"Chatrapati Shivaji Maharaj Chowk Underpass","highway":"trunk","policy":""},"geometry":{"type":"LineString","coordinates":[[73.79391,18.64008],[73.79352,18.64053]]}},{"type":"Feature","properties":{"name":"Pimpri Chowk Underpass","highway":"trunk","policy":""},"geometry":{"type":"LineString","coordinates":[[73.80406,18.62824],[73.80547,18.62658]]}},{"type":"Feature","properties":{"name":"Kandoba Chowk Underpass","highway":"trunk","policy":""},"geometry":{"type":"LineString","coordinates":[[73.78555,18.65],[73.78705,18.64824]]}},{"type":"Feature","properties":{"name":"Pimpri Chowk Underpass","highway":"trunk","policy":""},"geometry":{"type":"LineString","coordinates":[[73.80586,18.62613],[73.80733,18.62441]]}},{"type":"Feature","properties":{"name":"Chinchwad Chowk Underpass","highway":"trunk","policy":""},"geometry":{"type":"LineString","coordinates":[[73.79494,18.63887],[73.79431,18.63961]]}},{"type":"Feature","properties":{"name":"Pimpri Chowk Underpass","highway":"trunk","policy":""},"geometry":{"type":"LineString","coordinates":[[73.8054,18.62652],[73.80399,18.62818]]}},{"type":"Feature","properties":{"name":"Chinchwad Chowk Underpass","highway":"trunk","policy":""},"geometry":{"type":"LineString","coordinates":[[73.7954,18.63845],[73.79598,18.63779],[73.79654,18.63713],[73.7967,18.63694]]}},{"type":"Feature","properties":{"name":"Kandoba Chowk Underpass","highway":"trunk","policy":""},"geometry":{"type":"LineString","coordinates":[[73.78697,18.64819],[73.78548,18.64994]]}},{"type":"Feature","properties":{"name":"Chinchwad Chowk Underpass","highway":"trunk","policy":""},"geometry":{"type":"LineString","coordinates":[[73.79437,18.63967],[73.79501,18.63892]]}},{"type":"Feature","properties":{"name":"Pimpri Chowk Underpass","highway":"trunk","policy":""},"geometry":{"type":"LineString","coordinates":[[73.80579,18.62607],[73.8054,18.62652]]}},{"type":"Feature","properties":{"name":"Chinchwad Chowk Underpass","highway":"trunk","policy":""},"geometry":{"type":"LineString","coordinates":[[73.79662,18.63688],[73.79652,18.63701],[73.79533,18.6384]]}},{"type":"Feature","properties":{"name":"Chatrapati Shivaji Maharaj Chowk Underpass","highway":"trunk","policy":""},"geometry":{"type":"LineString","coordinates":[[73.79358,18.64059],[73.79399,18.64012]]}},{"type":"Feature","properties":{"name":"Pimpri Chowk Underpass","highway":"trunk","policy":""},"geometry":{"type":"LineString","coordinates":[[73.80547,18.62658],[73.80586,18.62613]]}},{"type":"Feature","properties":{"name":"Kandoba Chowk Underpass","highway":"trunk","policy":""},"geometry":{"type":"LineString","coordinates":[[73.78705,18.64824],[73.78757,18.64763]]}},{"type":"Feature","properties":{"name":"Chatrapati Shivaji Maharaj Chowk Underpass","highway":"trunk","policy":""},"geometry":{"type":"LineString","coordinates":[[73.79239,18.64186],[73.79199,18.64233],[73.79093,18.64358]]}},{"type":"Feature","properties":{"name":"Punyashlok Ahilyabai Holkar Underpass","highway":"trunk","policy":""},"geometry":{"type":"LineString","coordinates":[[73.80101,18.63187],[73.80164,18.63109]]}},{"type":"Feature","properties":{"name":"Punyashlok Ahilyabai Holkar Underpass","highway":"trunk","policy":""},"geometry":{"type":"LineString","coordinates":[[73.80157,18.63104],[73.80108,18.63163]]}},{"type":"Feature","properties":{"name":"Atal Bihari Vajpayee saheb Flyover","highway":"trunk","policy":""},"geometry":{"type":"LineString","coordinates":[[73.87247,18.50182],[73.87131,18.50179],[73.87111,18.50178],[73.87071,18.50174],[73.87056,18.50171],[73.86985,18.50157],[73.86943,18.50148],[73.86854,18.50125],[73.86823,18.50116],[73.86803,18.50109],[73.86696,18.50062]]}},{"type":"Feature","properties":{"name":"Jagannath Shankarsheth Marg","highway":"trunk","policy":""},"geometry":{"type":"LineString","coordinates":[[73.86342,18.49986],[73.86332,18.49988],[73.86323,18.49989],[73.86317,18.4999],[73.8631,18.49992],[73.86295,18.49993],[73.86289,18.49994],[73.86195,18.50005],[73.86188,18.50006],[73.86181,18.50007],[73.86146,18.50015],[73.86132,18.50017],[73.86115,18.5002],[73.8611,18.50021]]}},{"type":"Feature","properties":{"name":"Jagannath Shankarsheth Marg","highway":"trunk","policy":""},"geometry":{"type":"LineString","coordinates":[[73.86636,18.50043],[73.86692,18.5007]]}},{"type":"Feature","properties":{"name":"Jagannath Shankarsheth Marg","highway":"trunk","policy":""},"geometry":{"type":"LineString","coordinates":[[73.86696,18.50062],[73.8664,18.50036]]}},{"type":"Feature","properties":{"name":"Jagannath Shankarsheth Marg","highway":"trunk","policy":""},"geometry":{"type":"LineString","coordinates":[[73.87247,18.5019],[73.8732,18.50192]]}},{"type":"Feature","properties":{"name":"Jagannath Shankarsheth Marg","highway":"trunk","policy":""},"geometry":{"type":"LineString","coordinates":[[73.87321,18.50184],[73.87247,18.50182]]}},{"type":"Feature","properties":{"name":"Jagannath Shankarsheth Marg","highway":"trunk","policy":""},"geometry":{"type":"LineString","coordinates":[[73.8655,18.5],[73.86541,18.49998],[73.86522,18.49994]]}},{"type":"Feature","properties":{"name":"Jagannath Shankarsheth Marg","highway":"trunk","policy":""},"geometry":{"type":"LineString","coordinates":[[73.86519,18.50006],[73.86538,18.50009],[73.86547,18.50011]]}},{"type":"Feature","properties":{"name":"Jagannath Shankarsheth Marg","highway":"trunk","policy":""},"geometry":{"type":"LineString","coordinates":[[73.86547,18.50011],[73.86575,18.50018],[73.86597,18.50027],[73.86605,18.5003],[73.86626,18.5004],[73.86636,18.50043]]}},{"type":"Feature","properties":{"name":"Jagannath Shankarsheth Marg","highway":"trunk","policy":""},"geometry":{"type":"LineString","coordinates":[[73.8664,18.50036],[73.86619,18.50024],[73.86609,18.50019],[73.86584,18.50009],[73.86579,18.50007],[73.8655,18.5]]}},{"type":"Feature","properties":{"name":"Jagannath Shankarsheth Marg","highway":"trunk","policy":""},"geometry":{"type":"LineString","coordinates":[[73.8732,18.50192],[73.87357,18.50193],[73.87376,18.50194],[73.87451,18.50194],[73.8747,18.50195],[73.87476,18.50195],[73.87479,18.50196],[73.87495,18.50199],[73.87508,18.50201]]}},{"type":"Feature","properties":{"name":"Jagannath Shankarsheth Marg","highway":"trunk","policy":""},"geometry":{"type":"LineString","coordinates":[[73.87621,18.50223],[73.87614,18.50219],[73.87612,18.50218],[73.87564,18.50207],[73.8752,18.50197],[73.87509,18.50194],[73.87497,18.50192],[73.87477,18.50188],[73.87469,18.50187],[73.87455,18.50187],[73.87449,18.50187],[73.87427,18.50186],[73.87377,18.50185],[73.8737,18.50185],[73.87321,18.50184]]}},{"type":"Feature","properties":{"name":"Jagannath Shankarsheth Marg","highway":"trunk","policy":""},"geometry":{"type":"LineString","coordinates":[[73.86522,18.49994],[73.86503,18.49991],[73.86493,18.49989],[73.8646,18.49984],[73.86432,18.49983],[73.86411,18.49983],[73.86401,18.49983],[73.86357,18.49986],[73.86342,18.49986]]}},{"type":"Feature","properties":{"name":"Bhosari Flyover","highway":"trunk","policy":""},"geometry":{"type":"LineString","coordinates":[[73.85182,18.62862],[73.85204,18.62822],[73.85212,18.62803],[73.85229,18.62739],[73.85232,18.6267],[73.85226,18.62626],[73.85191,18.62526],[73.85179,18.62491],[73.85165,18.62452],[73.85156,18.62424],[73.85148,18.62378],[73.85139,18.6232],[73.8513,18.62264],[73.85121,18.62208],[73.85112,18.62167],[73.851,18.62121],[73.85047,18.61934],[73.85033,18.61891],[73.84994,18.61792],[73.84974,18.61744],[73.8496,18.61714],[73.84944,18.61691],[73.84925,18.61667],[73.84909,18.61651],[73.84879,18.6163],[73.84858,18.6162]]}},{"type":"Feature","properties":{"name":"Bhosari Flyover","highway":"trunk","policy":""},"geometry":{"type":"LineString","coordinates":[[73.84859,18.6163],[73.84874,18.61638],[73.84903,18.61658],[73.84918,18.61673],[73.84936,18.61696],[73.84951,18.61719],[73.84965,18.61748],[73.84985,18.61795],[73.85024,18.61894],[73.85037,18.61937],[73.85065,18.62039],[73.8509,18.62123],[73.85103,18.6217],[73.85111,18.6221],[73.8512,18.62266],[73.85129,18.62321],[73.85138,18.6238],[73.85146,18.62426],[73.85155,18.62455],[73.85169,18.62494],[73.85216,18.62628],[73.85222,18.6267],[73.85219,18.62738],[73.85203,18.628],[73.85195,18.62818],[73.85174,18.62859]]}},{"type":"Feature","properties":{"name":"Pune Nashik Road","highway":"trunk","policy":""},"geometry":{"type":"LineString","coordinates":[[73.85174,18.62859],[73.85165,18.62874],[73.85155,18.62889],[73.85143,18.62907],[73.85114,18.62948],[73.85106,18.62959],[73.85089,18.62983],[73.85075,18.63003],[73.85071,18.63011],[73.8506,18.6303],[73.85057,18.63037],[73.85046,18.63063],[73.85041,18.63078],[73.85037,18.6309],[73.85031,18.63116],[73.85013,18.63182],[73.84994,18.6326],[73.84987,18.63294],[73.84985,18.63306],[73.84979,18.63337],[73.84972,18.63385],[73.84971,18.63396],[73.8497,18.6341],[73.84969,18.63435],[73.8497,18.63451],[73.84972,18.63468],[73.84974,18.63487],[73.84983,18.63535],[73.84991,18.6359],[73.84992,18.63613],[73.84993,18.63638],[73.84992,18.63672],[73.84991,18.63695],[73.8499,18.63722],[73.8499,18.63733],[73.84989,18.63755],[73.8499,18.63778],[73.84991,18.63781],[73.84994,18.63805],[73.84998,18.63828],[73.85008,18.63879],[73.85008,18.63883],[73.85021,18.63947],[73.85022,18.63952],[73.85028,18.63981],[73.85031,18.64001],[73.85035,18.64019],[73.85064,18.64173],[73.85066,18.64184],[73.85066,18.64185],[73.85068,18.642],[73.8507,18.6422],[73.8507,18.64244],[73.85068,18.64263],[73.85065,18.64286],[73.85062,18.64308],[73.85054,18.64359],[73.85042,18.64437],[73.85032,18.64505],[73.85029,18.64526],[73.85028,18.64544],[73.85028,18.64559],[73.85029,18.64583],[73.85034,18.64609],[73.85048,18.64679],[73.85058,18.64722],[73.8506,18.64742],[73.85061,18.64753],[73.85063,18.64762]]}},{"type":"Feature","properties":{"name":"Pune Nashik Road","highway":"trunk","policy":""},"geometry":{"type":"LineString","coordinates":[[73.84858,18.6162],[73.84842,18.61612],[73.8482,18.61603],[73.84758,18.6158],[73.84743,18.61576],[73.84723,18.61571],[73.84718,18.6157],[73.84704,18.61567],[73.84699,18.61566],[73.84684,18.61564],[73.84661,18.61562],[73.84625,18.6156],[73.84595,18.6156],[73.84553,18.61564],[73.84515,18.61571],[73.8427,18.61619],[73.84188,18.61636],[73.84171,18.61642],[73.84139,18.61652],[73.84099,18.61668],[73.83844,18.61782],[73.8381,18.61794],[73.83785,18.61801],[73.83753,18.61807],[73.83034,18.61898],[73.83021,18.61898],[73.83014,18.61899],[73.8301,18.61899],[73.83002,18.619],[73.82949,18.61897],[73.82922,18.61894],[73.82899,18.6189],[73.82875,18.61884],[73.82668,18.61801],[73.82639,18.61785],[73.82614,18.6177],[73.8259,18.61746],[73.82574,18.61726],[73.82561,18.61702],[73.82553,18.61683],[73.82495,18.6151],[73.82446,18.61362],[73.82362,18.61095],[73.8235,18.61057],[73.82342,18.61026]]}},{"type":"Feature","properties":{"name":"Pune Nashik Road","highway":"trunk","policy":""},"geometry":{"type":"LineString","coordinates":[[73.85071,18.64749],[73.8507,18.64739],[73.85069,18.64736],[73.85068,18.64722],[73.85043,18.64607],[73.85039,18.6458],[73.85036,18.64554],[73.85037,18.64533],[73.85038,18.64519],[73.8504,18.64504],[73.85047,18.64461],[73.85056,18.64399],[73.85063,18.64355],[73.85072,18.64294],[73.85075,18.64275],[73.85078,18.64255],[73.85079,18.64229],[73.85077,18.64204],[73.85074,18.64181],[73.85065,18.6413],[73.85028,18.63935],[73.85017,18.63877],[73.85013,18.63855],[73.85008,18.63827],[73.85004,18.63809],[73.85001,18.6379],[73.84999,18.63773],[73.84998,18.63755],[73.84999,18.63728],[73.85,18.63697],[73.85,18.63673],[73.85002,18.63622],[73.85002,18.63615],[73.84999,18.63589],[73.84998,18.63582],[73.84994,18.6355],[73.84989,18.63521],[73.84986,18.63501],[73.84983,18.63485],[73.84981,18.6347],[73.84978,18.63444],[73.84977,18.63421],[73.84978,18.63403],[73.84981,18.6338],[73.84988,18.63337],[73.8499,18.63324],[73.84997,18.6329],[73.85002,18.63262],[73.85018,18.63201],[73.85023,18.63179],[73.85029,18.63156],[73.85036,18.63129],[73.85044,18.631],[73.85044,18.63097],[73.85045,18.63095],[73.85053,18.63069],[73.85063,18.63044],[73.85071,18.63027],[73.85072,18.63025],[73.85073,18.63023],[73.85081,18.6301],[73.85125,18.62948],[73.85173,18.62879],[73.85175,18.62876],[73.85182,18.62862]]}},{"type":"Feature","properties":{"name":"Pune Nashik Road","highway":"trunk","policy":""},"geometry":{"type":"LineString","coordinates":[[73.82436,18.61365],[73.82451,18.61409],[73.82486,18.61513],[73.82544,18.61686],[73.82552,18.61706],[73.82566,18.61731],[73.82577,18.61745],[73.82582,18.61752],[73.82608,18.61777],[73.82633,18.61793],[73.82664,18.61809],[73.82693,18.61821],[73.82871,18.61893],[73.82897,18.61899],[73.8292,18.61903],[73.82948,18.61906],[73.82992,18.61909],[73.83002,18.61909],[73.83009,18.61909],[73.83011,18.61909],[73.83015,18.61908],[73.83021,18.61908],[73.83035,18.61907],[73.83754,18.61816],[73.83787,18.6181],[73.83813,18.61803],[73.83844,18.61792],[73.83848,18.61791],[73.84104,18.61677],[73.84143,18.6166],[73.84173,18.61651],[73.84186,18.61647],[73.84191,18.61646],[73.84272,18.61628],[73.84321,18.61619],[73.84334,18.61616],[73.84512,18.61581],[73.84531,18.61577],[73.84538,18.61576],[73.84554,18.61573],[73.84596,18.6157],[73.84625,18.6157],[73.8466,18.61571],[73.84679,18.61573],[73.84683,18.61573],[73.84697,18.61575],[73.8472,18.6158],[73.84755,18.61589],[73.84788,18.61601],[73.84842,18.61623],[73.84859,18.6163]]}},{"type":"Feature","properties":{"name":"Pune Nashik Road","highway":"trunk","policy":""},"geometry":{"type":"LineString","coordinates":[[73.82209,18.60711],[73.82211,18.60715],[73.82217,18.60724],[73.82221,18.60738]]}},{"type":"Feature","properties":{"name":"Pune Nashik Road","highway":"trunk","policy":""},"geometry":{"type":"LineString","coordinates":[[73.85063,18.64762],[73.85067,18.64816],[73.85066,18.64843],[73.85064,18.64868],[73.85061,18.64887],[73.85055,18.64926],[73.85049,18.64949],[73.8504,18.64977],[73.8503,18.65008],[73.8502,18.65034],[73.85018,18.65041],[73.85012,18.65062],[73.85004,18.65087],[73.84996,18.65122],[73.8499,18.65142],[73.84984,18.65163],[73.84976,18.65182],[73.84965,18.65211],[73.84955,18.65234],[73.84948,18.65252],[73.84938,18.65283],[73.84929,18.65315],[73.84903,18.65403],[73.84894,18.65441],[73.84889,18.65467],[73.84886,18.65493],[73.84884,18.65523],[73.84885,18.6554],[73.84886,18.65569],[73.8489,18.65594],[73.849,18.6566],[73.84905,18.65693],[73.84909,18.65724],[73.8491,18.65749],[73.84909,18.65775],[73.84905,18.65796],[73.849,18.65814],[73.84894,18.6583],[73.84885,18.65852],[73.84864,18.65901],[73.84856,18.65919],[73.84853,18.65927],[73.84845,18.65949],[73.84841,18.65963],[73.84838,18.65981],[73.84836,18.66],[73.84835,18.66018],[73.84836,18.66035],[73.84839,18.66061],[73.84842,18.66089],[73.84845,18.66111],[73.8485,18.66148],[73.84852,18.66169],[73.84855,18.66191],[73.84855,18.66199],[73.84861,18.66239],[73.84868,18.66278],[73.84872,18.66298],[73.84873,18.66307],[73.84877,18.66335],[73.84878,18.66338],[73.8488,18.66359],[73.8488,18.66376],[73.8488,18.66388],[73.84879,18.66407],[73.84878,18.66419],[73.84878,18.66431],[73.84876,18.66451],[73.84874,18.66481],[73.84871,18.66527],[73.8487,18.6654],[73.84869,18.66547],[73.84868,18.66561],[73.84867,18.66586],[73.84867,18.66609],[73.84868,18.66626],[73.84868,18.66632],[73.84873,18.66681],[73.84879,18.66723],[73.8488,18.66744],[73.84882,18.66767],[73.84884,18.66797],[73.84885,18.66835],[73.84885,18.66851],[73.84884,18.66869],[73.84882,18.66889],[73.84879,18.66903],[73.84872,18.66928],[73.84864,18.66949],[73.84853,18.66974],[73.84845,18.66994],[73.8484,18.67009],[73.84838,18.67017],[73.84835,18.67028],[73.84833,18.67041],[73.84833,18.67057],[73.84832,18.67073],[73.84832,18.67078],[73.84833,18.67092],[73.84834,18.67112],[73.84837,18.67149],[73.84837,18.67158],[73.84838,18.67173],[73.84841,18.67193],[73.84843,18.67211],[73.84847,18.67245],[73.84848,18.6725],[73.84851,18.67265],[73.84857,18.67289],[73.84864,18.67313],[73.84878,18.6736],[73.84889,18.67395],[73.8493,18.67537],[73.84959,18.67637],[73.84968,18.67675],[73.84971,18.67686],[73.84971,18.6769],[73.84973,18.67699],[73.84974,18.67718],[73.84976,18.67752],[73.84978,18.67779],[73.84977,18.67802],[73.84974,18.67819],[73.84969,18.67835],[73.84961,18.67852],[73.84917,18.67931],[73.8491,18.67942],[73.8489,18.67981],[73.84881,18.67997],[73.84873,18.68012],[73.84857,18.6804],[73.84844,18.68066],[73.84833,18.68085],[73.84821,18.68107],[73.84797,18.68152],[73.84775,18.68194],[73.84741,18.68266]]}},{"type":"Feature","properties":{"name":"Magarpatta Road Flyover","highway":"trunk","policy":""},"geometry":{"type":"LineString","coordinates":[[73.92772,18.50505],[73.92762,18.50371]]}},{"type":"Feature","properties":{"name":"Pune-Solapur Road","highway":"trunk","policy":""},"geometry":{"type":"LineString","coordinates":[[73.91358,18.50609],[73.91301,18.50614],[73.9128,18.50616],[73.91261,18.50618],[73.91213,18.50621],[73.91169,18.50623],[73.9115,18.50624],[73.91134,18.50624],[73.90866,18.50628],[73.9084,18.50629],[73.90806,18.50631],[73.90703,18.50637],[73.90692,18.50639],[73.90687,18.50639],[73.90655,18.5064],[73.90652,18.5064],[73.90643,18.5064],[73.90636,18.50641],[73.90615,18.50641],[73.90613,18.50641],[73.90573,18.50641],[73.90569,18.50641],[73.90512,18.50641],[73.90503,18.50641],[73.90424,18.50643],[73.90401,18.50643],[73.90384,18.50643],[73.90292,18.50645]]}},{"type":"Feature","properties":{"name":"Solapur Road","highway":"trunk","policy":""},"geometry":{"type":"LineString","coordinates":[[73.92552,18.50283],[73.92542,18.50286],[73.92522,18.50292],[73.92475,18.50305],[73.92459,18.50309]]}},{"type":"Feature","properties":{"name":"Solapur Road","highway":"trunk","policy":""},"geometry":{"type":"LineString","coordinates":[[73.92459,18.50309],[73.9244,18.50314]]}},{"type":"Feature","properties":{"name":"Solapur Road","highway":"trunk","policy":""},"geometry":{"type":"LineString","coordinates":[[73.92192,18.5038],[73.92162,18.50388]]}},{"type":"Feature","properties":{"name":"Solapur Road","highway":"trunk","policy":""},"geometry":{"type":"LineString","coordinates":[[73.9244,18.50314],[73.92422,18.50319],[73.92362,18.50336],[73.92345,18.5034],[73.92336,18.50343],[73.92324,18.50346],[73.92289,18.50355],[73.92285,18.50355],[73.92265,18.5036],[73.92258,18.50362],[73.92234,18.50368],[73.92196,18.50378],[73.92192,18.5038]]}},{"type":"Feature","properties":{"name":"Solapur Road","highway":"trunk","policy":""},"geometry":{"type":"LineString","coordinates":[[73.95407,18.49878],[73.95414,18.49877],[73.9547,18.49869],[73.9571,18.49835],[73.95758,18.49828],[73.9579,18.49824],[73.95819,18.4982],[73.95866,18.49813],[73.95897,18.49809],[73.9595,18.49801],[73.9599,18.49795],[73.96064,18.49785],[73.96089,18.49781],[73.96151,18.49772],[73.96175,18.49769],[73.96268,18.49756],[73.96307,18.4975],[73.9632,18.49748],[73.96366,18.49742],[73.96405,18.49736],[73.96442,18.49731],[73.96452,18.4973],[73.96493,18.49724],[73.9663,18.49704],[73.96668,18.49699],[73.96689,18.49696],[73.96703,18.49694],[73.96709,18.49693],[73.96757,18.49686],[73.96763,18.49685]]}},{"type":"Feature","properties":{"name":"Solapur Road","highway":"trunk","policy":""},"geometry":{"type":"LineString","coordinates":[[73.94409,18.50003],[73.94294,18.50017],[73.94272,18.50019],[73.94243,18.50023]]}},{"type":"Feature","properties":{"name":"Solapur Road Flyover","highway":"trunk","policy":""},"geometry":{"type":"LineString","coordinates":[[73.91949,18.5045],[73.91788,18.50497],[73.91552,18.50564],[73.91428,18.50597],[73.91377,18.50608]]}},{"type":"Feature","properties":{"name":"Solapur Road","highway":"trunk","policy":""},"geometry":{"type":"LineString","coordinates":[[73.9211,18.50402],[73.92083,18.50411],[73.92045,18.50422],[73.92036,18.50424],[73.91954,18.50448]]}},{"type":"Feature","properties":{"name":"Solapur Road Flyover","highway":"trunk","policy":""},"geometry":{"type":"LineString","coordinates":[[73.93271,18.50157],[73.9331,18.50155],[73.9335,18.5015],[73.93592,18.50114],[73.93649,18.50105],[73.93672,18.50103],[73.93702,18.501],[73.93806,18.50091],[73.93862,18.50084],[73.9408,18.50054],[73.94103,18.50051]]}},{"type":"Feature","properties":{"name":"Solapur Road Flyover","highway":"trunk","policy":""},"geometry":{"type":"LineString","coordinates":[[73.94103,18.50043],[73.94078,18.50046],[73.93804,18.50085],[73.93703,18.50094],[73.93631,18.50101],[73.93591,18.50106],[73.93349,18.50142],[73.9331,18.50146],[73.93271,18.50149]]}},{"type":"Feature","properties":{"name":"Magarpatta Road Flyover","highway":"trunk","policy":""},"geometry":{"type":"LineString","coordinates":[[73.92573,18.50277],[73.92552,18.50283]]}},{"type":"Feature","properties":{"name":"Magarpatta Road Flyover","highway":"trunk","policy":""},"geometry":{"type":"LineString","coordinates":[[73.93005,18.50172],[73.92983,18.50176],[73.92951,18.50184]]}},{"type":"Feature","properties":{"name":"Magarpatta Road Flyover","highway":"trunk","policy":""},"geometry":{"type":"LineString","coordinates":[[73.92773,18.50515],[73.92772,18.50505]]}},{"type":"Feature","properties":{"name":"Magarpatta Road Flyover","highway":"trunk","policy":""},"geometry":{"type":"LineString","coordinates":[[73.92766,18.50505],[73.92767,18.50517]]}},{"type":"Feature","properties":{"name":"Solapur Road Flyover Ramp","highway":"trunk","policy":""},"geometry":{"type":"LineString","coordinates":[[73.94014,18.49907],[73.93929,18.49978],[73.93861,18.50041],[73.93842,18.50057],[73.93829,18.50067],[73.93804,18.50085]]}},{"type":"Feature","properties":{"name":"Satara Road","highway":"trunk","policy":""},"geometry":{"type":"LineString","coordinates":[[73.85731,18.48131],[73.85731,18.48125],[73.8573,18.48116],[73.85731,18.48106],[73.85731,18.48032],[73.85732,18.47984],[73.85733,18.47953],[73.85733,18.47919],[73.85734,18.47893],[73.85733,18.47871],[73.85732,18.47858],[73.85732,18.47854],[73.85732,18.47832],[73.85731,18.47818],[73.85728,18.47774],[73.85727,18.47752],[73.85725,18.47738],[73.85721,18.47727],[73.85715,18.47715],[73.8571,18.47709],[73.85705,18.47703]]}},{"type":"Feature","properties":{"name":"Satara Road","highway":"trunk","policy":""},"geometry":{"type":"LineString","coordinates":[[73.85705,18.47703],[73.85687,18.47682]]}},{"type":"Feature","properties":{"name":"Satara Road","highway":"trunk","policy":""},"geometry":{"type":"LineString","coordinates":[[73.85841,18.49868],[73.85835,18.49827]]}},{"type":"Feature","properties":{"name":"Satara Road","highway":"trunk","policy":""},"geometry":{"type":"LineString","coordinates":[[73.85806,18.49834],[73.85808,18.4985],[73.85809,18.49857],[73.85811,18.4987],[73.85811,18.49874]]}},{"type":"Feature","properties":{"name":"Satara Road","highway":"trunk","policy":""},"geometry":{"type":"LineString","coordinates":[[73.85835,18.49827],[73.85831,18.49803]]}},{"type":"Feature","properties":{"name":"Satara Road","highway":"trunk","policy":""},"geometry":{"type":"LineString","coordinates":[[73.85687,18.47682],[73.85678,18.47669],[73.85665,18.4765],[73.85655,18.47636],[73.85648,18.47622],[73.85642,18.47608],[73.85639,18.47592],[73.85638,18.47571],[73.85636,18.47548],[73.85637,18.47522],[73.85638,18.47498],[73.85639,18.47458],[73.8564,18.47446],[73.85645,18.47371],[73.85647,18.47356]]}},{"type":"Feature","properties":{"name":"Satara Road","highway":"trunk","policy":""},"geometry":{"type":"LineString","coordinates":[[73.85781,18.46831],[73.85785,18.468],[73.85787,18.46782],[73.85796,18.46704],[73.85799,18.4666],[73.85802,18.46637],[73.85805,18.46596],[73.85807,18.46563],[73.85813,18.46513],[73.85814,18.46494],[73.85824,18.46416],[73.85826,18.46398],[73.85827,18.46385],[73.85829,18.46369],[73.8583,18.4636],[73.85831,18.46348],[73.8583,18.46322],[73.8583,18.46319],[73.85828,18.46253],[73.85825,18.46221],[73.85819,18.46214]]}},{"type":"Feature","properties":{"name":"Satara Road","highway":"trunk","policy":""},"geometry":{"type":"LineString","coordinates":[[73.85761,18.48704],[73.85762,18.48693]]}},{"type":"Feature","properties":{"name":"Satara Road","highway":"trunk","policy":""},"geometry":{"type":"LineString","coordinates":[[73.85854,18.50055],[73.85855,18.50046]]}},{"type":"Feature","properties":{"name":"Satara Road","highway":"trunk","policy":""},"geometry":{"type":"LineString","coordinates":[[73.85899,18.44646],[73.85889,18.44681],[73.8588,18.44715],[73.85879,18.44718],[73.85877,18.44724]]}},{"type":"Feature","properties":{"name":"Sadguru Shankar Maharaj Uddanpul","highway":"trunk","policy":""},"geometry":{"type":"LineString","coordinates":[[73.85806,18.46253],[73.85809,18.46303],[73.85809,18.46332],[73.85812,18.46356],[73.85813,18.46378],[73.85811,18.46399],[73.85809,18.46419],[73.85804,18.46467],[73.85783,18.46665],[73.85769,18.46794],[73.85758,18.46858],[73.85743,18.46938],[73.85736,18.46968],[73.85718,18.47023],[73.85705,18.47067],[73.85689,18.47116],[73.85661,18.47209],[73.85651,18.47248],[73.85632,18.47327]]}},{"type":"Feature","properties":{"name":"NH548DD","highway":"trunk","policy":""},"geometry":{"type":"LineString","coordinates":[[73.85839,18.44832],[73.85849,18.44826]]}},{"type":"Feature","properties":{"name":"Jagannath Shankarsheth Marg","highway":"trunk","policy":""},"geometry":{"type":"LineString","coordinates":[[73.85854,18.50055],[73.85862,18.50054],[73.85864,18.50055],[73.85867,18.50056],[73.85869,18.50058],[73.85871,18.50059],[73.85872,18.5006],[73.85874,18.50061],[73.85877,18.50061],[73.85889,18.50062],[73.85917,18.50061],[73.85953,18.5006],[73.85978,18.50057],[73.86004,18.50054],[73.86041,18.50049],[73.8606,18.50046],[73.86111,18.50037],[73.86145,18.50029],[73.8615,18.50027],[73.86167,18.5002],[73.86181,18.50017],[73.86202,18.50014],[73.86284,18.50006],[73.86324,18.50002],[73.86343,18.49999]]}},{"type":"Feature","properties":{"name":"Castellino Marg","highway":"trunk","policy":""},"geometry":{"type":"LineString","coordinates":[[73.87846,18.50551],[73.87847,18.50559]]}},{"type":"Feature","properties":{"name":"Bajirao Road","highway":"trunk","policy":""},"geometry":{"type":"LineString","coordinates":[[73.85385,18.51334],[73.85382,18.51367]]}},{"type":"Feature","properties":{"name":"Bajirao Road","highway":"trunk","policy":""},"geometry":{"type":"LineString","coordinates":[[73.85382,18.51367],[73.85379,18.51402],[73.85374,18.51453]]}},{"type":"Feature","properties":{"name":"Katraj Ghat","highway":"trunk","policy":""},"geometry":{"type":"LineString","coordinates":[[73.85855,18.42652],[73.85861,18.42642],[73.85869,18.42621],[73.85877,18.42608],[73.85883,18.42598],[73.85893,18.42586],[73.85913,18.42568],[73.85942,18.42548],[73.85961,18.42537],[73.85977,18.42532],[73.85994,18.42528],[73.86006,18.42523],[73.86008,18.42521],[73.86012,18.42516],[73.86016,18.42508],[73.86018,18.42499],[73.86017,18.42486],[73.86015,18.42469],[73.86016,18.42454],[73.8602,18.42432],[73.86022,18.42419],[73.86021,18.42412],[73.86021,18.42408],[73.86013,18.42395],[73.85989,18.42354],[73.85983,18.42339],[73.85982,18.42331],[73.85983,18.42323],[73.85984,18.42318],[73.85986,18.42312],[73.86004,18.42278],[73.86009,18.42265],[73.86013,18.42255],[73.86021,18.42235],[73.86022,18.42232],[73.86028,18.42221],[73.86031,18.42209],[73.86032,18.42191],[73.86031,18.42185],[73.86028,18.42178],[73.86022,18.4217],[73.86013,18.42163],[73.85999,18.42158],[73.85987,18.42155],[73.85981,18.42154],[73.8595,18.42147],[73.85931,18.42143],[73.85916,18.42141],[73.859,18.42134],[73.85888,18.42126],[73.8587,18.42112],[73.85865,18.42107],[73.85851,18.42103],[73.85849,18.42103],[73.85836,18.42101],[73.85821,18.42099],[73.85813,18.42096],[73.85806,18.4209],[73.85801,18.42079],[73.85799,18.42068],[73.858,18.42054],[73.85803,18.42043],[73.85817,18.42008],[73.85818,18.41998],[73.85818,18.41986],[73.85815,18.41975],[73.85809,18.41967],[73.85798,18.41962],[73.85783,18.41957],[73.85771,18.41953],[73.85762,18.4195],[73.85752,18.41944],[73.85749,18.41934],[73.8575,18.41909],[73.85753,18.41889],[73.85762,18.41847],[73.85766,18.41824],[73.85767,18.41813],[73.85764,18.41804],[73.85757,18.41798],[73.85745,18.41792],[73.85732,18.41789],[73.85719,18.41789],[73.85707,18.41789],[73.85698,18.41787],[73.85686,18.41784],[73.85674,18.41774],[73.85667,18.41763],[73.8567,18.41746],[73.85681,18.41718],[73.85684,18.41701],[73.85684,18.41688],[73.85685,18.41678],[73.85682,18.4167],[73.85678,18.41663],[73.85646,18.41628],[73.85614,18.41599],[73.85606,18.41588],[73.85604,18.41576],[73.85604,18.41556],[73.85602,18.41545],[73.85597,18.41538],[73.85587,18.41533],[73.85578,18.41532],[73.85564,18.41533],[73.85543,18.41538],[73.85529,18.41538],[73.85517,18.41533],[73.85502,18.41521],[73.85492,18.4151],[73.85488,18.41497],[73.85489,18.41485],[73.85493,18.41474],[73.85505,18.41463],[73.85518,18.41456],[73.85535,18.41458],[73.85559,18.41464],[73.85585,18.41476],[73.85618,18.41488],[73.8564,18.41495],[73.85665,18.41501],[73.85685,18.41504],[73.85708,18.41503],[73.85729,18.41496],[73.8575,18.41482],[73.85755,18.4147],[73.8576,18.4146],[73.85785,18.41406],[73.85808,18.41354],[73.85816,18.41332],[73.85819,18.41313],[73.8582,18.41285],[73.85826,18.41245],[73.8584,18.41175],[73.85851,18.41114],[73.85853,18.41081],[73.85852,18.41052],[73.85848,18.41032],[73.85845,18.41009],[73.85839,18.40983],[73.85832,18.40966],[73.85811,18.40914],[73.85796,18.40882],[73.85764,18.40836],[73.85749,18.40815],[73.85737,18.40794],[73.85728,18.40782],[73.85717,18.40772],[73.85703,18.40752],[73.85678,18.40715],[73.85643,18.40672],[73.85614,18.4064],[73.85596,18.40624],[73.85584,18.40609],[73.85581,18.40602],[73.8558,18.40597],[73.8558,18.40585],[73.85589,18.40569],[73.85596,18.40548],[73.85606,18.40516],[73.85608,18.40492],[73.85604,18.40467],[73.85598,18.4044],[73.85588,18.40415],[73.85566,18.40385],[73.85551,18.40362],[73.85546,18.40351],[73.85543,18.4034],[73.85542,18.4033],[73.85545,18.40317],[73.85548,18.40311],[73.85557,18.40295],[73.85565,18.40282],[73.85572,18.40271],[73.85572,18.40254],[73.85569,18.40231],[73.85559,18.4019],[73.8555,18.40152],[73.85548,18.40126],[73.85549,18.40112],[73.85553,18.40103],[73.85559,18.40097],[73.85568,18.40091],[73.85579,18.40089],[73.85614,18.40098],[73.85648,18.4011],[73.85665,18.40112],[73.85681,18.40109],[73.85691,18.401],[73.85698,18.40085],[73.85708,18.40056]]}},{"type":"Feature","properties":{"name":"Navale Flyover","highway":"trunk","policy":""},"geometry":{"type":"LineString","coordinates":[[73.82102,18.46188],[73.82146,18.46151],[73.82229,18.46091],[73.82324,18.46027],[73.82345,18.46011]]}},{"type":"Feature","properties":{"name":"Navale Flyover","highway":"trunk","policy":""},"geometry":{"type":"LineString","coordinates":[[73.82427,18.45912],[73.82467,18.45856],[73.82536,18.45758],[73.82638,18.45617]]}},{"type":"Feature","properties":{"name":"Navale Flyover","highway":"trunk","policy":""},"geometry":{"type":"LineString","coordinates":[[73.82345,18.46011],[73.82365,18.45993],[73.8238,18.45975],[73.82427,18.45912]]}},{"type":"Feature","properties":{"name":"Navale Flyover","highway":"trunk","policy":""},"geometry":{"type":"LineString","coordinates":[[73.82415,18.45904],[73.82369,18.45967],[73.82355,18.45984],[73.82336,18.46001]]}},{"type":"Feature","properties":{"name":"Dr. Rajendra Prasad Path","highway":"trunk","policy":""},"geometry":{"type":"LineString","coordinates":[[73.8525,18.52898],[73.85183,18.52808],[73.85152,18.52771],[73.85135,18.52752],[73.85127,18.52742]]}},{"type":"Feature","properties":{"name":"H. K. Firodia Bridge","highway":"trunk","policy":""},"geometry":{"type":"LineString","coordinates":[[73.85349,18.52982],[73.85374,18.53007]]}},{"type":"Feature","properties":{"name":"Old Pune\u2013Mumbai Highway","highway":"trunk","policy":""},"geometry":{"type":"LineString","coordinates":[[73.85374,18.53007],[73.85378,18.53011],[73.85384,18.53015],[73.85402,18.53021],[73.85406,18.53022],[73.85418,18.53024],[73.8547,18.53028]]}},{"type":"Feature","properties":{"name":"Old Pune\u2013Mumbai Highway","highway":"trunk","policy":""},"geometry":{"type":"LineString","coordinates":[[73.85319,18.52948],[73.85314,18.52945],[73.85304,18.52939]]}},{"type":"Feature","properties":{"name":"NH753F","highway":"trunk","policy":""},"geometry":{"type":"LineString","coordinates":[[73.88329,18.54479],[73.88333,18.54495],[73.88338,18.54503],[73.88344,18.54509],[73.88354,18.54514]]}},{"type":"Feature","properties":{"name":"Shivaji Road","highway":"trunk","policy":""},"geometry":{"type":"LineString","coordinates":[[73.85328,18.52579],[73.85331,18.52573],[73.85333,18.52569],[73.85333,18.52568],[73.85335,18.52564],[73.85359,18.52509],[73.85364,18.52497],[73.85369,18.52487]]}},{"type":"Feature","properties":{"name":"Sadguru Morya Gosavi Underpass","highway":"trunk","policy":""},"geometry":{"type":"LineString","coordinates":[[73.85255,18.52646],[73.85246,18.52658],[73.85239,18.52665]]}},{"type":"Feature","properties":{"name":"Bund Garden Bridge","highway":"trunk","policy":""},"geometry":{"type":"LineString","coordinates":[[73.88468,18.54478],[73.88469,18.54471],[73.8847,18.54464],[73.88473,18.54454]]}},{"type":"Feature","properties":{"name":"Dive Ghat","highway":"trunk","policy":""},"geometry":{"type":"LineString","coordinates":[[73.98757,18.42242],[73.98729,18.42252],[73.98706,18.42262],[73.98688,18.42267],[73.98675,18.42268],[73.98666,18.42268],[73.98626,18.42262],[73.98582,18.42253],[73.98573,18.4225],[73.98562,18.42247],[73.98526,18.42235],[73.98513,18.42229],[73.98504,18.42222],[73.98495,18.42214],[73.98486,18.42203],[73.98473,18.42182],[73.98464,18.42171],[73.98457,18.42164],[73.98451,18.42159],[73.98442,18.42155],[73.98432,18.42151],[73.9842,18.42151],[73.98394,18.42154],[73.98379,18.42156],[73.98363,18.42161],[73.98354,18.42164],[73.98344,18.4217],[73.98338,18.42173],[73.98331,18.4218],[73.98323,18.42191],[73.98317,18.42205],[73.98308,18.42236]]}},{"type":"Feature","properties":{"name":"Katraj Kondhwa Road","highway":"trunk","policy":""},"geometry":{"type":"LineString","coordinates":[[73.8589,18.44727],[73.85877,18.44724]]}},{"type":"Feature","properties":{"name":"Katraj Flyover","highway":"trunk","policy":""},"geometry":{"type":"LineString","coordinates":[[73.86392,18.44818],[73.8638,18.44813]]}},{"type":"Feature","properties":{"name":"Katraj Flyover","highway":"trunk","policy":""},"geometry":{"type":"LineString","coordinates":[[73.86377,18.4482],[73.86386,18.44825]]}},{"type":"Feature","properties":{"name":"Katraj Flyover","highway":"trunk","policy":""},"geometry":{"type":"LineString","coordinates":[[73.85967,18.44778],[73.86046,18.44766],[73.86061,18.44764],[73.86075,18.44764],[73.86155,18.4477],[73.86248,18.44785],[73.8634,18.44806],[73.86352,18.4481],[73.86377,18.4482]]}},{"type":"Feature","properties":{"name":"Katraj Kondhwa Road","highway":"trunk","policy":""},"geometry":{"type":"LineString","coordinates":[[73.88724,18.45391],[73.88817,18.45362],[73.88849,18.4535],[73.88863,18.45345],[73.88871,18.4534],[73.88885,18.45329],[73.88919,18.45297],[73.88922,18.45295],[73.88933,18.45287],[73.88944,18.45281],[73.88946,18.4528],[73.88955,18.45274],[73.88958,18.45273],[73.8898,18.45266],[73.89012,18.45259],[73.89024,18.45257],[73.89045,18.4525],[73.89074,18.45238],[73.89102,18.4523],[73.89111,18.45228]]}},{"type":"Feature","properties":{"name":"Katraj Kondhwa Road","highway":"trunk","policy":""},"geometry":{"type":"LineString","coordinates":[[73.88713,18.45392],[73.88724,18.45391]]}},{"type":"Feature","properties":{"name":"Katraj-Kondhwa Road","highway":"trunk","policy":""},"geometry":{"type":"LineString","coordinates":[[73.86392,18.4483],[73.86403,18.44839],[73.86416,18.44848],[73.86433,18.44856],[73.8644,18.44858],[73.86448,18.44858],[73.86465,18.44858],[73.86492,18.44855],[73.86503,18.44852],[73.86536,18.44846],[73.8655,18.44844],[73.86571,18.44842],[73.86613,18.44843],[73.86629,18.44842],[73.86644,18.44838],[73.86659,18.44834],[73.86673,18.44832],[73.86682,18.4483],[73.86711,18.44826],[73.86723,18.44824],[73.86748,18.44825],[73.86766,18.44827],[73.86776,18.44828],[73.86796,18.44832],[73.86827,18.44838],[73.86845,18.44843],[73.86862,18.44848],[73.86876,18.44853],[73.86922,18.44871],[73.86939,18.44879],[73.86954,18.44885],[73.86974,18.44895],[73.87005,18.44909],[73.8705,18.44929],[73.87114,18.44955],[73.8715,18.44964]]}},{"type":"Feature","properties":{"name":"NH548DD","highway":"trunk","policy":""},"geometry":{"type":"LineString","coordinates":[[73.905,18.44901],[73.90522,18.44901],[73.90527,18.44901],[73.90548,18.44905],[73.90554,18.44906],[73.9058,18.44913],[73.90607,18.44918],[73.90631,18.44921],[73.90657,18.44924],[73.90659,18.44924],[73.90668,18.44924],[73.90673,18.44924],[73.9068,18.44924],[73.90689,18.44924],[73.90693,18.44924],[73.90698,18.44924],[73.90714,18.44923],[73.90718,18.4492]]}},{"type":"Feature","properties":{"name":"NH548DD","highway":"trunk","policy":""},"geometry":{"type":"LineString","coordinates":[[73.90784,18.44923],[73.90793,18.44929]]}},{"type":"Feature","properties":{"name":"NH548DD","highway":"trunk","policy":""},"geometry":{"type":"LineString","coordinates":[[73.90492,18.44902],[73.905,18.44901]]}},{"type":"Feature","properties":{"name":"Katraj Bypass Road","highway":"trunk","policy":""},"geometry":{"type":"LineString","coordinates":[[73.90793,18.44929],[73.90831,18.44955],[73.90861,18.44978],[73.90885,18.44997],[73.90897,18.45005],[73.90908,18.45007],[73.90926,18.45008],[73.90937,18.45006],[73.90942,18.45004],[73.90951,18.45001],[73.90959,18.44995],[73.90972,18.44985],[73.9098,18.44981]]}},{"type":"Feature","properties":{"name":"Saswad Road","highway":"trunk","policy":""},"geometry":{"type":"LineString","coordinates":[[73.94908,18.49127],[73.94773,18.49308],[73.94743,18.49344],[73.94725,18.49367],[73.9472,18.4937],[73.947,18.49389],[73.94661,18.49419],[73.94563,18.49488],[73.94433,18.49579],[73.94357,18.49636],[73.94217,18.49739],[73.94186,18.49762],[73.94136,18.49801],[73.94124,18.49811],[73.94091,18.49838]]}},{"type":"Feature","properties":{"name":"Saswad Road","highway":"trunk","policy":""},"geometry":{"type":"LineString","coordinates":[[73.95243,18.4869],[73.95235,18.48697],[73.95224,18.48711],[73.95208,18.48735],[73.95202,18.48743],[73.95152,18.4881],[73.95133,18.48836],[73.95094,18.48886],[73.95075,18.48911],[73.95046,18.4895],[73.95024,18.48978],[73.95005,18.49003],[73.94984,18.49031],[73.94968,18.49052],[73.94919,18.49114],[73.94908,18.49127]]}},{"type":"Feature","properties":{"name":"Saswad Road","highway":"trunk","policy":""},"geometry":{"type":"LineString","coordinates":[[73.94085,18.49856],[73.94097,18.49845]]}},{"type":"Feature","properties":{"name":"Saswad Road","highway":"trunk","policy":""},"geometry":{"type":"LineString","coordinates":[[73.95831,18.47401],[73.95868,18.47322]]}},{"type":"Feature","properties":{"name":"Saswad Road","highway":"trunk","policy":""},"geometry":{"type":"LineString","coordinates":[[73.96299,18.46424],[73.96309,18.46403]]}},{"type":"Feature","properties":{"name":"Saswad Road","highway":"trunk","policy":""},"geometry":{"type":"LineString","coordinates":[[73.95504,18.48097],[73.95508,18.48088]]}},{"type":"Feature","properties":{"name":"Saswad Road","highway":"trunk","policy":""},"geometry":{"type":"LineString","coordinates":[[73.94076,18.49852],[73.9407,18.49858],[73.94064,18.49863],[73.94038,18.49887]]}},{"type":"Feature","properties":{"name":"Saswad Road","highway":"trunk","policy":""},"geometry":{"type":"LineString","coordinates":[[73.96103,18.46838],[73.9612,18.46805],[73.96154,18.46734],[73.96172,18.46695],[73.96194,18.46647],[73.96205,18.46624],[73.96226,18.46581],[73.96249,18.46532]]}},{"type":"Feature","properties":{"name":"Saswad Road","highway":"trunk","policy":""},"geometry":{"type":"LineString","coordinates":[[73.96309,18.46403],[73.96316,18.46389],[73.96335,18.46349],[73.96426,18.4616],[73.96437,18.46137],[73.96467,18.46077],[73.96469,18.46072],[73.96481,18.46048],[73.96482,18.46046],[73.96484,18.46042],[73.96506,18.45995],[73.96535,18.45937],[73.96561,18.45882],[73.96607,18.45789],[73.96617,18.45767],[73.96623,18.45755],[73.9664,18.4572],[73.96716,18.45559],[73.96728,18.45534],[73.96738,18.45513],[73.9676,18.45468],[73.9677,18.45448],[73.96777,18.45433],[73.96791,18.45405],[73.96806,18.45373],[73.9681,18.45365],[73.96827,18.4533],[73.96838,18.45309],[73.96856,18.45271],[73.96863,18.45256],[73.9688,18.45222],[73.96887,18.45208],[73.96896,18.4519],[73.96902,18.45178],[73.9691,18.4516],[73.96915,18.45151],[73.96923,18.45133],[73.96939,18.45101],[73.96954,18.45071],[73.9697,18.45038],[73.96987,18.45003],[73.97025,18.44923],[73.97039,18.44895],[73.9706,18.44854],[73.97079,18.44819],[73.97098,18.44789],[73.97121,18.4475],[73.97149,18.44705],[73.97172,18.44661],[73.97183,18.44639],[73.97191,18.44624],[73.97242,18.44532],[73.97278,18.44468],[73.97336,18.44363],[73.97344,18.44348],[73.9736,18.4432],[73.97376,18.44291],[73.9739,18.44266],[73.97406,18.44236],[73.97417,18.44217],[73.97421,18.44209],[73.97443,18.4417],[73.97475,18.4411],[73.97485,18.44094]]}},{"type":"Feature","properties":{"name":"Saswad Road","highway":"trunk","policy":""},"geometry":{"type":"LineString","coordinates":[[73.95508,18.48088],[73.95512,18.48081],[73.95528,18.48047],[73.9554,18.4802],[73.95544,18.48013],[73.95545,18.4801],[73.9555,18.48],[73.95552,18.47995],[73.95574,18.4795],[73.95581,18.47935],[73.95593,18.47908],[73.95595,18.47904],[73.95597,18.479],[73.95683,18.47722],[73.95696,18.47695],[73.95702,18.47681],[73.95705,18.47675],[73.95734,18.47611],[73.95751,18.47577],[73.95755,18.47568],[73.95773,18.47528],[73.95781,18.4751],[73.95831,18.47401]]}},{"type":"Feature","properties":{"name":"Bharatratna J.R.D Tata Flyover","highway":"trunk","policy":""},"geometry":{"type":"LineString","coordinates":[[73.82539,18.60317],[73.82532,18.60339],[73.82525,18.6035]]}},{"type":"Feature","properties":{"name":"freight corridor","highway":"trunk","policy":""},"geometry":{"type":"LineString","coordinates":[[73.82376,18.61229],[73.82392,18.61263],[73.82404,18.61284],[73.82436,18.61365]]}},{"type":"Feature","properties":{"name":"Kandoba Chowk Underpass","highway":"trunk","policy":""},"geometry":{"type":"LineString","coordinates":[[73.78746,18.64761],[73.78697,18.64819]]}},{"type":"Feature","properties":{"name":"Old Pune\u2013Mumbai Highway","highway":"trunk","policy":""},"geometry":{"type":"LineString","coordinates":[[73.80108,18.63163],[73.79858,18.63454]]}},{"type":"Feature","properties":{"name":"Old Pune\u2013Mumbai Highway","highway":"trunk","policy":""},"geometry":{"type":"LineString","coordinates":[[73.7907,18.64385],[73.78975,18.64496],[73.78875,18.64614],[73.78821,18.64677],[73.78771,18.64732]]}},{"type":"Feature","properties":{"name":"Pimpri Chowk Underpass","highway":"trunk","policy":""},"geometry":{"type":"LineString","coordinates":[[73.80755,18.624],[73.80725,18.62435]]}},{"type":"Feature","properties":{"name":"Chinchwad Chowk Underpass","highway":"trunk","policy":""},"geometry":{"type":"LineString","coordinates":[[73.7967,18.63694],[73.79776,18.63566]]}},{"type":"Feature","properties":{"name":"Old Pune\u2013Mumbai Highway","highway":"trunk","policy":""},"geometry":{"type":"LineString","coordinates":[[73.78786,18.64729],[73.78908,18.64589],[73.79125,18.64335]]}},{"type":"Feature","properties":{"name":"Chatrapati Shivaji Maharaj Chowk Underpass","highway":"trunk","policy":""},"geometry":{"type":"LineString","coordinates":[[73.79125,18.64335],[73.79207,18.64237],[73.79246,18.64193]]}},{"type":"Feature","properties":{"name":"Old Pune\u2013Mumbai Highway","highway":"trunk","policy":""},"geometry":{"type":"LineString","coordinates":[[73.79862,18.63464],[73.80101,18.63187]]}},{"type":"Feature","properties":{"name":"Old Pune\u2013Mumbai Highway","highway":"trunk","policy":""},"geometry":{"type":"LineString","coordinates":[[73.80752,18.62421],[73.81111,18.62004]]}},{"type":"Feature","properties":{"name":"Chinchwad Chowk Underpass","highway":"trunk","policy":""},"geometry":{"type":"LineString","coordinates":[[73.79737,18.63598],[73.79662,18.63688]]}},{"type":"Feature","properties":{"name":"Old Pune\u2013Mumbai Highway","highway":"trunk","policy":""},"geometry":{"type":"LineString","coordinates":[[73.85103,18.54932],[73.85112,18.54915],[73.85116,18.54908]]}},{"type":"Feature","properties":{"name":"Nagar Road","highway":"trunk","policy":""},"geometry":{"type":"LineString","coordinates":[[73.90315,18.5544],[73.90347,18.55448],[73.90368,18.55453],[73.9039,18.5546],[73.9041,18.55466],[73.90461,18.55478],[73.90567,18.55512],[73.90587,18.55521],[73.90598,18.55525],[73.9062,18.55535],[73.90631,18.55541],[73.90644,18.5555],[73.90657,18.55559],[73.90671,18.55573],[73.90673,18.55574],[73.90721,18.55621],[73.90726,18.55624],[73.90731,18.55629]]}},{"type":"Feature","properties":{"name":"Nagar Road","highway":"trunk","policy":""},"geometry":{"type":"LineString","coordinates":[[73.90743,18.55611],[73.90729,18.55598],[73.90708,18.55579],[73.90694,18.55567],[73.90679,18.55554],[73.90668,18.55546],[73.90655,18.55534],[73.90642,18.55524],[73.9063,18.55516],[73.9062,18.55512],[73.90609,18.55508],[73.9059,18.55502],[73.90574,18.55496],[73.90554,18.55487],[73.9054,18.55483],[73.90477,18.55463],[73.9046,18.55459],[73.90443,18.55454],[73.90434,18.55452],[73.90422,18.55448],[73.90397,18.55441],[73.90372,18.55433],[73.90351,18.55427],[73.90321,18.55421]]}},{"type":"Feature","properties":{"name":"Nagar Road","highway":"trunk","policy":""},"geometry":{"type":"LineString","coordinates":[[73.90731,18.55629],[73.90751,18.55644],[73.90772,18.5566],[73.90775,18.55662],[73.90789,18.55671],[73.90819,18.5569],[73.90914,18.55752],[73.90926,18.5576],[73.90957,18.55781],[73.90988,18.55799],[73.91018,18.55816],[73.91044,18.5583],[73.91054,18.55835],[73.91101,18.55856],[73.91117,18.55861],[73.91149,18.55872]]}},{"type":"Feature","properties":{"name":"Nagar Road","highway":"trunk","policy":""},"geometry":{"type":"LineString","coordinates":[[73.92531,18.56257],[73.92498,18.56253],[73.92472,18.5625],[73.92444,18.56245],[73.92435,18.56243],[73.92427,18.56242],[73.92419,18.5624],[73.92369,18.56227],[73.92316,18.56213],[73.92281,18.56203],[73.92255,18.56197],[73.92239,18.56194],[73.92229,18.56191],[73.92219,18.56189],[73.92155,18.56173]]}},{"type":"Feature","properties":{"name":"Nagar Road","highway":"trunk","policy":""},"geometry":{"type":"LineString","coordinates":[[73.93221,18.56334],[73.9326,18.56336],[73.93336,18.56341],[73.93355,18.56342],[73.93446,18.56345],[73.93452,18.56344],[73.93477,18.56343],[73.935,18.56342],[73.93531,18.56337],[73.93554,18.56332],[73.93563,18.5633],[73.93606,18.56314],[73.93635,18.56303],[73.93706,18.56275],[73.93764,18.56253],[73.93805,18.5624],[73.93834,18.56234],[73.93853,18.56231],[73.93868,18.56231],[73.93892,18.56237],[73.93929,18.56247],[73.93957,18.56258],[73.93968,18.56263],[73.93995,18.56275],[73.94053,18.56301],[73.94066,18.56308],[73.942,18.56372],[73.9423,18.56391],[73.94257,18.56412],[73.94286,18.56436],[73.94311,18.56463],[73.94324,18.56476]]}},{"type":"Feature","properties":{"name":"Nagar Road","highway":"trunk","policy":""},"geometry":{"type":"LineString","coordinates":[[73.94334,18.56458],[73.94325,18.56447],[73.943,18.56422],[73.94271,18.56397],[73.94243,18.56375],[73.94235,18.5637],[73.94211,18.56355],[73.94063,18.5628],[73.94051,18.56274],[73.93978,18.5624],[73.93935,18.56224],[73.93892,18.56214],[73.93868,18.56212],[73.93852,18.56211],[73.9383,18.56214],[73.93799,18.56221],[73.93757,18.56235],[73.93708,18.56253],[73.93599,18.56296],[73.93558,18.56312],[73.93525,18.5632],[73.935,18.56325],[73.9345,18.56326],[73.93384,18.56323],[73.93338,18.5632],[73.9328,18.56316],[73.93223,18.56312]]}},{"type":"Feature","properties":{"name":"Nagar Road","highway":"trunk","policy":""},"geometry":{"type":"LineString","coordinates":[[73.88918,18.54581],[73.88901,18.54576]]}},{"type":"Feature","properties":{"name":"Nagar Road","highway":"trunk","policy":""},"geometry":{"type":"LineString","coordinates":[[73.88877,18.54571],[73.88775,18.54549],[73.88759,18.54546],[73.88752,18.54544],[73.88679,18.54529],[73.88612,18.54516],[73.88562,18.54506],[73.88481,18.54488],[73.8848,18.54466]]}},{"type":"Feature","properties":{"name":"Nagar Road","highway":"trunk","policy":""},"geometry":{"type":"LineString","coordinates":[[73.9551,18.57209],[73.95537,18.57227],[73.95546,18.57233],[73.95618,18.57283],[73.95629,18.57289],[73.9564,18.57297],[73.95677,18.57318],[73.95705,18.57334],[73.95727,18.57345],[73.95769,18.57366],[73.958,18.5738],[73.95841,18.57398],[73.95871,18.57411],[73.95891,18.5742],[73.95936,18.57441],[73.95949,18.57447],[73.95969,18.57456],[73.95985,18.57463],[73.95991,18.57465],[73.96008,18.57472],[73.96026,18.57478],[73.96033,18.57481],[73.96066,18.57493],[73.96105,18.57507],[73.96129,18.57516],[73.96159,18.57527],[73.96176,18.57534],[73.96207,18.57548],[73.96247,18.57565],[73.96268,18.57572],[73.96286,18.57578],[73.96337,18.57594],[73.96375,18.57606],[73.96409,18.57616],[73.96446,18.57627],[73.96449,18.57628],[73.96466,18.57633],[73.96491,18.57639],[73.96627,18.57675],[73.96675,18.57685],[73.96718,18.57693],[73.9673,18.57695],[73.96805,18.57703],[73.96817,18.57705],[73.96837,18.57707],[73.96845,18.57707],[73.96875,18.57709],[73.96885,18.57711],[73.969,18.57714],[73.96925,18.5772],[73.96948,18.57728],[73.9697,18.57737],[73.97041,18.57769],[73.97089,18.57791],[73.97117,18.57801],[73.97142,18.57811],[73.97162,18.57819],[73.97175,18.57824],[73.97198,18.57833],[73.97206,18.57835],[73.97225,18.57842],[73.97248,18.57853],[73.97268,18.57867],[73.97299,18.57891],[73.97325,18.57907],[73.97348,18.57917],[73.97371,18.57925],[73.97392,18.5793],[73.97457,18.57944],[73.975,18.57958],[73.97536,18.57972],[73.97546,18.57976],[73.97593,18.57995],[73.97651,18.58019],[73.97661,18.58022],[73.97689,18.58034],[73.97714,18.58044],[73.97754,18.5806],[73.97781,18.58068],[73.97803,18.58073],[73.97826,18.58075],[73.97854,18.58077],[73.97867,18.58077],[73.97908,18.58077],[73.98034,18.58078],[73.98052,18.58078],[73.98086,18.58077],[73.98121,18.58076],[73.9813,18.58075],[73.9816,18.58072],[73.98203,18.58064],[73.98221,18.5806],[73.98255,18.58052],[73.98277,18.58049],[73.98296,18.58048],[73.98311,18.5805],[73.98327,18.58054],[73.98328,18.58054],[73.98388,18.58072],[73.9845,18.58091],[73.98457,18.58093],[73.98482,18.581],[73.98507,18.58108],[73.9855,18.58121],[73.98593,18.58134],[73.98603,18.58137],[73.9862,18.58143],[73.98634,18.58148],[73.98658,18.58158],[73.98664,18.5816],[73.98671,18.58164],[73.98677,18.58166],[73.98719,18.58187],[73.9873,18.58193],[73.98769,18.58212],[73.98811,18.58235],[73.98826,18.58244],[73.98856,18.58262],[73.98857,18.58263],[73.98869,18.5827],[73.98871,18.58271],[73.98897,18.58287],[73.98909,18.58294],[73.98942,18.58314],[73.98963,18.58327],[73.98976,18.58335],[73.99029,18.58366],[73.99106,18.58412],[73.99151,18.5844],[73.99195,18.58467],[73.99231,18.58489],[73.99266,18.5851],[73.99274,18.58515],[73.99301,18.58532],[73.99323,18.58548],[73.99342,18.58562],[73.99445,18.58651],[73.99461,18.58666],[73.99487,18.58689],[73.99583,18.58793],[73.99625,18.58842],[73.99636,18.58855],[73.99668,18.58888],[73.99692,18.58913],[73.99702,18.58923],[73.99715,18.5894],[73.99716,18.58941],[73.99723,18.5895],[73.99731,18.58961],[73.99745,18.5898],[73.99766,18.59011],[73.9979,18.59044],[73.9991,18.59248],[73.99935,18.59287],[73.99961,18.59324],[73.99964,18.59328],[73.99987,18.59365],[74.00019,18.59406],[74.00112,18.59539],[74.00143,18.59578]]}},{"type":"Feature","properties":{"name":"Nagar Road","highway":"trunk","policy":""},"geometry":{"type":"LineString","coordinates":[[74.0015,18.59573],[74.00119,18.59534],[74.00087,18.5949],[74.00061,18.59453],[74.00032,18.59411],[73.99968,18.5932],[73.99942,18.59283],[73.99922,18.59252],[73.99917,18.59245],[73.9986,18.59146],[73.99849,18.59126],[73.99821,18.59078],[73.99808,18.59054],[73.99753,18.58977],[73.9974,18.58959],[73.99738,18.58957],[73.99708,18.58918],[73.99642,18.58843],[73.99619,18.58817],[73.99494,18.58684],[73.99452,18.58647],[73.99374,18.5858],[73.99348,18.58557],[73.99328,18.58542],[73.99306,18.58526],[73.99279,18.58509],[73.99219,18.58472],[73.99162,18.58439],[73.99143,18.58427],[73.9905,18.58371],[73.98991,18.58334],[73.98963,18.58318],[73.98932,18.583],[73.98928,18.58297],[73.98914,18.58288],[73.98907,18.58284],[73.989,18.5828],[73.98834,18.5824],[73.98821,18.58232],[73.98773,18.58205],[73.98723,18.58181],[73.98695,18.58167],[73.9868,18.58159],[73.98668,18.58154],[73.98662,18.58151],[73.98639,18.58141],[73.98635,18.5814],[73.98606,18.5813],[73.98595,18.58126],[73.98543,18.58111],[73.98515,18.58103],[73.98485,18.58094],[73.98461,18.58086],[73.98454,18.58084],[73.98433,18.58078],[73.98357,18.58055],[73.98331,18.58047],[73.98316,18.58043],[73.98297,18.58041],[73.98282,18.58041],[73.98276,18.58041],[73.98256,18.58044],[73.98253,18.58045],[73.98222,18.58052],[73.98201,18.58057],[73.98167,18.58063],[73.98158,18.58065],[73.98121,18.58068],[73.98034,18.58071],[73.97987,18.58069],[73.97876,18.58067],[73.97867,18.58066],[73.97851,18.58066],[73.97827,18.58065],[73.97802,18.58064],[73.97783,18.58061],[73.97757,18.58053],[73.97738,18.58045],[73.97673,18.58019],[73.97664,18.58016],[73.97556,18.57969],[73.97551,18.57967],[73.97526,18.57957],[73.97516,18.57953],[73.975,18.57947],[73.97468,18.57939],[73.97434,18.57931],[73.97418,18.57927],[73.97397,18.57922],[73.97383,18.5792],[73.97374,18.57918],[73.97351,18.5791],[73.97329,18.579],[73.97308,18.57887],[73.97299,18.5788],[73.97271,18.5786],[73.97252,18.57846],[73.97238,18.5784],[73.97228,18.57835],[73.97192,18.57822],[73.97178,18.57817],[73.97165,18.57812],[73.9712,18.57794],[73.97102,18.57788],[73.97093,18.57784],[73.97048,18.57764],[73.96974,18.5773],[73.96948,18.57719],[73.96928,18.57713],[73.96902,18.57707],[73.96876,18.57702],[73.96846,18.577]]}},{"type":"Feature","properties":{"name":"Nagar Road","highway":"trunk","policy":""},"geometry":{"type":"LineString","coordinates":[[73.92665,18.56289],[73.92717,18.56291],[73.92769,18.56294],[73.92785,18.56294]]}},{"type":"Feature","properties":{"name":"Nagar Road","highway":"trunk","policy":""},"geometry":{"type":"LineString","coordinates":[[73.93039,18.56293],[73.929,18.56281],[73.92794,18.56272]]}},{"type":"Feature","properties":{"name":"Nagar Road","highway":"trunk","policy":""},"geometry":{"type":"LineString","coordinates":[[73.88478,18.54507],[73.88481,18.54488]]}},{"type":"Feature","properties":{"name":"Old Pune\u2013Mumbai Highway","highway":"trunk","policy":""},"geometry":{"type":"LineString","coordinates":[[73.83835,18.56882],[73.83794,18.56994],[73.83787,18.57014],[73.8378,18.57031],[73.83747,18.57117],[73.83741,18.57133],[73.83739,18.5714]]}},{"type":"Feature","properties":{"name":"Bajirao Road","highway":"trunk","policy":""},"geometry":{"type":"LineString","coordinates":[[73.85374,18.51453],[73.85375,18.51489],[73.85376,18.51538],[73.85376,18.51557],[73.85376,18.51564],[73.85381,18.51604],[73.85386,18.51646]]}},{"type":"Feature","properties":{"name":"Bajirao Road","highway":"trunk","policy":""},"geometry":{"type":"LineString","coordinates":[[73.85477,18.52043],[73.855,18.52064],[73.85508,18.52074],[73.85512,18.5208],[73.85518,18.52093],[73.85519,18.52098],[73.8552,18.52105],[73.85521,18.52113],[73.8552,18.52121],[73.85518,18.52129],[73.8551,18.52149]]}},{"type":"Feature","properties":{"name":"Shivaji Road","highway":"trunk","policy":""},"geometry":{"type":"LineString","coordinates":[[73.85504,18.52171],[73.85507,18.52169],[73.8551,18.52166],[73.85513,18.5216],[73.85518,18.52153]]}},{"type":"Feature","properties":{"name":"Solapur Road","highway":"trunk","policy":""},"geometry":{"type":"LineString","coordinates":[[73.88441,18.50653],[73.88447,18.5066],[73.8846,18.50664],[73.88468,18.50666],[73.88476,18.50667],[73.885,18.50669],[73.88521,18.5067],[73.88546,18.5067],[73.88581,18.50668],[73.88708,18.50663],[73.88849,18.50655],[73.88878,18.50653],[73.88977,18.50649],[73.88987,18.50649],[73.89018,18.50646],[73.89058,18.50641],[73.89167,18.50623],[73.89195,18.5062],[73.89219,18.50618],[73.89244,18.50617],[73.89253,18.50617],[73.89618,18.50678],[73.89652,18.50682]]}},{"type":"Feature","properties":{"name":"Bajirao Road","highway":"trunk","policy":""},"geometry":{"type":"LineString","coordinates":[[73.85362,18.5057],[73.85363,18.5059],[73.85366,18.50637],[73.85369,18.5067]]}},{"type":"Feature","properties":{"name":"Bajirao Road","highway":"trunk","policy":""},"geometry":{"type":"LineString","coordinates":[[73.85365,18.50543],[73.85366,18.50565],[73.85362,18.5057]]}},{"type":"Feature","properties":{"name":"Solapur Road Flyover Ramp","highway":"trunk","policy":""},"geometry":{"type":"LineString","coordinates":[[73.94038,18.49887],[73.94014,18.49907]]}},{"type":"Feature","properties":{"name":"Bund Garden Road","highway":"trunk","policy":""},"geometry":{"type":"LineString","coordinates":[[73.88538,18.54184],[73.8854,18.54159]]}},{"type":"Feature","properties":{"name":"Raja Bahadur Mill Marg","highway":"trunk","policy":""},"geometry":{"type":"LineString","coordinates":[[73.86391,18.53001],[73.86401,18.53002],[73.8642,18.53004],[73.86474,18.53007],[73.8654,18.5301],[73.86594,18.53012],[73.86764,18.53019],[73.86788,18.53019],[73.86812,18.53016],[73.86833,18.53014],[73.86848,18.5301],[73.86854,18.53009],[73.86929,18.52986],[73.86947,18.52982],[73.86977,18.52976],[73.87003,18.52971],[73.87014,18.5297],[73.87019,18.5297],[73.87045,18.52968],[73.87062,18.52967],[73.87075,18.52967],[73.87094,18.52967],[73.87116,18.52967],[73.8719,18.5297],[73.87196,18.5297],[73.87206,18.52971],[73.87213,18.52971],[73.87225,18.52972],[73.87244,18.52973],[73.87283,18.52976],[73.87332,18.52979],[73.87344,18.52979],[73.87356,18.5298],[73.87395,18.52981],[73.87404,18.52981],[73.87434,18.52984],[73.87445,18.52985],[73.87454,18.52989],[73.87464,18.52997],[73.87473,18.53005],[73.87475,18.53007],[73.87514,18.53045],[73.8752,18.53049],[73.87527,18.53055],[73.87544,18.53068],[73.87552,18.53074],[73.87555,18.53078]]}},{"type":"Feature","properties":{"name":"NH753F","highway":"trunk","policy":""},"geometry":{"type":"LineString","coordinates":[[73.88407,18.5414],[73.88406,18.54145]]}},{"type":"Feature","properties":{"name":"Sadguru Morya Gosavi Underpass","highway":"trunk","policy":""},"geometry":{"type":"LineString","coordinates":[[73.85076,18.52767],[73.85068,18.52775],[73.8506,18.52784],[73.85051,18.52796],[73.85042,18.52809],[73.85036,18.52819],[73.85026,18.52838],[73.85015,18.52857]]}},{"type":"Feature","properties":{"name":"Mokshagundam Vishweshvarayya Flyover","highway":"trunk","policy":""},"geometry":{"type":"LineString","coordinates":[[73.85365,18.53192],[73.85387,18.53171],[73.85486,18.53077]]}},{"type":"Feature","properties":{"name":"Mokshagundam Vishweshvarayya Flyover","highway":"trunk","policy":""},"geometry":{"type":"LineString","coordinates":[[73.85565,18.53003],[73.85536,18.53004],[73.85511,18.53006],[73.85491,18.53006],[73.85446,18.53002],[73.85402,18.52997],[73.85389,18.52996]]}},{"type":"Feature","properties":{"name":"Mokshagundam Vishweshvarayya Flyover","highway":"trunk","policy":""},"geometry":{"type":"LineString","coordinates":[[73.85397,18.53172],[73.85484,18.53094],[73.85494,18.53083],[73.85499,18.53076],[73.85502,18.53061],[73.85501,18.53049],[73.85498,18.53037],[73.85494,18.53029],[73.85489,18.53023],[73.85483,18.53018],[73.85475,18.53014],[73.85465,18.53011],[73.85444,18.5301]]}},{"type":"Feature","properties":{"name":"Sadguru Morya Gosavi Underpass","highway":"trunk","policy":""},"geometry":{"type":"LineString","coordinates":[[73.85015,18.52857],[73.85004,18.52884],[73.84995,18.52896]]}},{"type":"Feature","properties":{"name":"Sadguru Morya Gosavi Underpass","highway":"trunk","policy":""},"geometry":{"type":"LineString","coordinates":[[73.85135,18.52727],[73.85076,18.52767]]}},{"type":"Feature","properties":{"name":"Mokshagundam Vishweshvarayya Flyover","highway":"trunk","policy":""},"geometry":{"type":"LineString","coordinates":[[73.85365,18.53192],[73.85382,18.53184],[73.85397,18.53172]]}},{"type":"Feature","properties":{"name":"Mokshagundam Vishweshvarayya Flyover","highway":"trunk","policy":""},"geometry":{"type":"LineString","coordinates":[[73.85444,18.5301],[73.85416,18.53007],[73.85399,18.53003],[73.85389,18.52996]]}},{"type":"Feature","properties":{"name":"Sadguru Morya Gosavi Underpass","highway":"trunk","policy":""},"geometry":{"type":"LineString","coordinates":[[73.85239,18.52665],[73.85231,18.52672],[73.85223,18.52678],[73.85208,18.52686],[73.8519,18.52697],[73.85169,18.52708],[73.85135,18.52727]]}},{"type":"Feature","properties":{"name":"Mokshagundam Vishweshvarayya Flyover","highway":"trunk","policy":""},"geometry":{"type":"LineString","coordinates":[[73.85486,18.53077],[73.85494,18.5307],[73.85534,18.53035],[73.85544,18.53026]]}},{"type":"Feature","properties":{"name":"Mokshagundam Vishweshvarayya Flyover","highway":"trunk","policy":""},"geometry":{"type":"LineString","coordinates":[[73.85237,18.53353],[73.85252,18.5333]]}},{"type":"Feature","properties":{"name":"Shree Sant Dnyaneshwar Maharaj and Shree Sant Tukaram Maharaj Flyover","highway":"trunk","policy":""},"geometry":{"type":"LineString","coordinates":[[73.93669,18.50113],[73.93794,18.50104],[73.93828,18.501],[73.93894,18.50091],[73.93911,18.50082],[73.93924,18.50072],[73.93932,18.50062],[73.93937,18.50052],[73.93941,18.50042],[73.93942,18.5003],[73.93943,18.50014],[73.93948,18.49989],[73.93957,18.49968],[73.9396,18.49964],[73.9397,18.49955]]}},{"type":"Feature","properties":{"name":"Shree Sant Dnyaneshwar Maharaj and Shree Sant Tukaram Maharaj Flyover","highway":"trunk","policy":""},"geometry":{"type":"LineString","coordinates":[[73.94075,18.49865],[73.94081,18.4986],[73.94084,18.49857]]}},{"type":"Feature","properties":{"name":"Shree Sant Dnyaneshwar Maharaj and Shree Sant Tukaram Maharaj Flyover","highway":"trunk","policy":""},"geometry":{"type":"LineString","coordinates":[[73.9397,18.49955],[73.93983,18.49944],[73.94075,18.49865]]}},{"type":"Feature","properties":{"name":"Shree Sant Dnyaneshwar Maharaj and Shree Sant Tukaram Maharaj Flyover","highway":"trunk","policy":""},"geometry":{"type":"LineString","coordinates":[[73.93649,18.50105],[73.93652,18.50107],[73.93657,18.5011],[73.93669,18.50113]]}},{"type":"Feature","properties":{"name":"Late Keshavrao Jedhe Flyover","highway":"trunk","policy":""},"geometry":{"type":"LineString","coordinates":[[73.85838,18.49999],[73.85844,18.50011],[73.85849,18.50018],[73.85855,18.50026],[73.85861,18.50032],[73.85866,18.50037],[73.85872,18.50041],[73.8588,18.50046],[73.85889,18.50049],[73.85898,18.50051],[73.85914,18.50053],[73.85928,18.50052],[73.86038,18.50043],[73.86068,18.50039],[73.86143,18.50024]]}},{"type":"Feature","properties":{"name":"Late Keshavrao Jedhe Flyover","highway":"trunk","policy":""},"geometry":{"type":"LineString","coordinates":[[73.85838,18.49999],[73.85836,18.50014],[73.85832,18.50025],[73.85828,18.50031],[73.85822,18.50038],[73.85815,18.50044],[73.85806,18.50049],[73.85792,18.50054],[73.85742,18.50063],[73.85692,18.50074],[73.85611,18.50094]]}},{"type":"Feature","properties":{"name":"freight corridor","highway":"trunk","policy":""},"geometry":{"type":"LineString","coordinates":[[73.8584,18.49935],[73.8582,18.49786],[73.85809,18.49728],[73.85803,18.49697],[73.85802,18.49684],[73.85805,18.49642],[73.85807,18.49621],[73.85799,18.4944]]}},{"type":"Feature","properties":{"name":"Late Keshavrao Jedhe Flyover","highway":"trunk","policy":""},"geometry":{"type":"LineString","coordinates":[[73.85784,18.49437],[73.85785,18.49484]]}},{"type":"Feature","properties":{"name":"Shivaji Road","highway":"trunk","policy":""},"geometry":{"type":"LineString","coordinates":[[73.85127,18.52742],[73.85134,18.52739],[73.85139,18.52736],[73.85142,18.52735],[73.85147,18.52731],[73.85153,18.52725],[73.85172,18.52714],[73.85192,18.52702],[73.8521,18.52693],[73.85224,18.52685],[73.85236,18.52676],[73.85244,18.52668],[73.85252,18.52661]]}},{"type":"Feature","properties":{"name":"Shivaji Road","highway":"trunk","policy":""},"geometry":{"type":"LineString","coordinates":[[73.85252,18.52661],[73.85261,18.52651],[73.85304,18.52607],[73.85314,18.52595],[73.85314,18.52595],[73.85328,18.52579]]}},{"type":"Feature","properties":{"name":"Shivaji Road","highway":"trunk","policy":""},"geometry":{"type":"LineString","coordinates":[[73.85255,18.52646],[73.85242,18.52656],[73.85235,18.5266],[73.85225,18.52668],[73.85205,18.52681],[73.85187,18.52691],[73.85177,18.52696],[73.85133,18.52719],[73.85129,18.52721],[73.85115,18.52729]]}},{"type":"Feature","properties":{"name":"Sadguru Shankar Maharaj Uddanpul","highway":"trunk","policy":""},"geometry":{"type":"LineString","coordinates":[[73.85647,18.47331],[73.85668,18.47253],[73.85679,18.47214],[73.85703,18.47122],[73.85709,18.47099],[73.85714,18.47074],[73.85753,18.46944],[73.85765,18.46887],[73.85773,18.46843],[73.85781,18.46795],[73.85788,18.46727],[73.85795,18.4666],[73.85811,18.46488],[73.85818,18.46408],[73.8582,18.46384],[73.85822,18.46358],[73.85824,18.46328],[73.85823,18.46295],[73.85821,18.46261]]}},{"type":"Feature","properties":{"name":"Sadguru Shankar Maharaj Uddanpul","highway":"trunk","policy":""},"geometry":{"type":"LineString","coordinates":[[73.85647,18.47356],[73.85647,18.47331]]}},{"type":"Feature","properties":{"name":"Sadguru Shankar Maharaj Uddanpul","highway":"trunk","policy":""},"geometry":{"type":"LineString","coordinates":[[73.85805,18.46242],[73.85806,18.46253]]}},{"type":"Feature","properties":{"name":"Sadguru Shankar Maharaj Uddanpul","highway":"trunk","policy":""},"geometry":{"type":"LineString","coordinates":[[73.85632,18.47327],[73.85626,18.47352]]}},{"type":"Feature","properties":{"name":"Satara Road","highway":"trunk","policy":""},"geometry":{"type":"LineString","coordinates":[[73.85805,18.46242],[73.85801,18.46255],[73.85803,18.46321],[73.85804,18.46341],[73.85805,18.46359],[73.85804,18.46375],[73.85801,18.46413],[73.85797,18.46455],[73.85787,18.46561],[73.85784,18.46594],[73.85779,18.46658],[73.85766,18.46754],[73.85761,18.46798],[73.85758,18.46827],[73.85756,18.46834]]}},{"type":"Feature","properties":{"name":"Satara Road","highway":"trunk","policy":""},"geometry":{"type":"LineString","coordinates":[[73.85647,18.47356],[73.85655,18.47334],[73.85673,18.47254],[73.85682,18.47218],[73.85686,18.47206],[73.85687,18.47202],[73.85711,18.47124],[73.85716,18.47104],[73.85717,18.47098],[73.8572,18.47076],[73.85739,18.47008],[73.85751,18.46974],[73.85757,18.46949],[73.8576,18.46938],[73.85762,18.46925],[73.85771,18.4688],[73.8578,18.4684],[73.85781,18.46831]]}},{"type":"Feature","properties":{"name":"Satara Road","highway":"trunk","policy":""},"geometry":{"type":"LineString","coordinates":[[73.85626,18.47352],[73.85626,18.47362],[73.85623,18.47388],[73.85621,18.47404],[73.8562,18.47427],[73.8562,18.47445],[73.85617,18.47472],[73.85615,18.47543],[73.85616,18.47571],[73.85618,18.4759],[73.85623,18.47611],[73.85628,18.47627],[73.85637,18.47642],[73.8565,18.4766],[73.85664,18.47678],[73.85672,18.47688],[73.85678,18.47695]]}},{"type":"Feature","properties":{"name":"Satara Road","highway":"trunk","policy":""},"geometry":{"type":"LineString","coordinates":[[73.85819,18.46214],[73.85817,18.46185],[73.85816,18.46159],[73.85811,18.46064],[73.85811,18.46027],[73.85811,18.45998],[73.8581,18.45975],[73.85809,18.45939],[73.85809,18.45931],[73.85809,18.45929],[73.85808,18.45921],[73.85808,18.45893],[73.85813,18.45861],[73.85826,18.45802],[73.85843,18.45729],[73.85848,18.45712],[73.85857,18.45674],[73.85862,18.4565],[73.85864,18.45633],[73.85866,18.45619],[73.85874,18.45562],[73.85876,18.45549],[73.85878,18.45516],[73.85877,18.45493],[73.85876,18.45479],[73.85873,18.45459],[73.8587,18.45444],[73.8587,18.4544],[73.85869,18.45435],[73.85867,18.45425],[73.85866,18.45414],[73.85865,18.45407],[73.8584,18.45288],[73.85831,18.45229],[73.8583,18.45221],[73.85822,18.45168],[73.85818,18.45115],[73.85819,18.45087],[73.85819,18.45078],[73.85819,18.45071],[73.85819,18.45066],[73.8582,18.45044],[73.85823,18.45019],[73.85826,18.45],[73.8583,18.4498],[73.8583,18.44977],[73.85834,18.44948],[73.85838,18.44913],[73.85841,18.44891],[73.85843,18.44879],[73.8585,18.44854],[73.85853,18.44839],[73.85858,18.44821]]}},{"type":"Feature","properties":{"name":"freight corridor","highway":"trunk","policy":""},"geometry":{"type":"LineString","coordinates":[[73.85799,18.4944],[73.85799,18.49406]]}},{"type":"Feature","properties":{"name":"Mokshagundam Vishweshvarayya Flyover","highway":"trunk","policy":""},"geometry":{"type":"LineString","coordinates":[[73.85565,18.53003],[73.85548,18.53011],[73.85533,18.53017],[73.85521,18.53028],[73.85489,18.53058],[73.85314,18.53234],[73.85294,18.53256],[73.85274,18.53279],[73.85238,18.53332]]}},{"type":"Feature","properties":{"name":"Mokshagundam Vishweshvarayya Flyover","highway":"trunk","policy":""},"geometry":{"type":"LineString","coordinates":[[73.85389,18.52996],[73.85374,18.52981],[73.85367,18.52974],[73.85361,18.52969]]}},{"type":"Feature","properties":{"name":"freight corridor","highway":"trunk","policy":""},"geometry":{"type":"LineString","coordinates":[[73.85845,18.49958],[73.8584,18.49935]]}},{"type":"Feature","properties":{"name":"Mokshagundam Vishweshvarayya Flyover","highway":"trunk","policy":""},"geometry":{"type":"LineString","coordinates":[[73.85361,18.52969],[73.85337,18.52953],[73.85319,18.52948]]}},{"type":"Feature","properties":{"name":"Dr. Rajendra Prasad Path","highway":"trunk","policy":""},"geometry":{"type":"LineString","coordinates":[[73.85127,18.52742],[73.85115,18.52729]]}},{"type":"Feature","properties":{"name":"NH548DD","highway":"trunk","policy":""},"geometry":{"type":"LineString","coordinates":[[73.91098,18.44995],[73.91112,18.44999],[73.91125,18.45004],[73.91131,18.45005],[73.91145,18.45008],[73.91155,18.45009],[73.91159,18.45009],[73.91172,18.4501],[73.91222,18.45011],[73.91265,18.4501],[73.91275,18.4501],[73.913,18.45009],[73.91326,18.45006],[73.91351,18.45005],[73.91369,18.45005],[73.91379,18.45007],[73.91391,18.45011],[73.91402,18.45015],[73.91428,18.45024],[73.91433,18.45026],[73.91499,18.4505],[73.91505,18.45049]]}},{"type":"Feature","properties":{"name":"Katraj Bypass Road | Katraj - Kondhwa Road","highway":"trunk","policy":""},"geometry":{"type":"LineString","coordinates":[[73.88409,18.45088],[73.88352,18.45081],[73.88296,18.45072],[73.88218,18.45061],[73.88197,18.45058],[73.88158,18.45054],[73.88133,18.45051],[73.88104,18.45048],[73.8803,18.45037],[73.88016,18.45035],[73.88009,18.45035],[73.87985,18.45032],[73.87941,18.45026],[73.87894,18.45025]]}},{"type":"Feature","properties":{"name":"Viman Nagar Road","highway":"trunk","policy":""},"geometry":{"type":"LineString","coordinates":[[73.91831,18.5609],[73.91834,18.56081]]}},{"type":"Feature","properties":{"name":"Mundhwa Road","highway":"trunk","policy":""},"geometry":{"type":"LineString","coordinates":[[73.93298,18.53299],[73.93301,18.53308]]}},{"type":"Feature","properties":{"name":"Satara Road","highway":"trunk","policy":""},"geometry":{"type":"LineString","coordinates":[[73.85843,18.50047],[73.85843,18.50056]]}},{"type":"Feature","properties":{"name":"Shankarshet Road Underpass","highway":"trunk","policy":""},"geometry":{"type":"LineString","coordinates":[[73.85613,18.50099],[73.85584,18.50106]]}},{"type":"Feature","properties":{"name":"Mumbai - Satara Highway","highway":"trunk","policy":""},"geometry":{"type":"LineString","coordinates":[[73.75816,18.58958],[73.75891,18.58761]]}},{"type":"Feature","properties":{"name":"Mumbai - Satara Highway","highway":"trunk","policy":""},"geometry":{"type":"LineString","coordinates":[[73.75805,18.58987],[73.75816,18.58958]]}},{"type":"Feature","properties":{"name":"Mumbai - Satara Highway","highway":"trunk","policy":""},"geometry":{"type":"LineString","coordinates":[[73.75698,18.59235],[73.75651,18.59358],[73.75607,18.59475]]}},{"type":"Feature","properties":{"name":"Mumbai - Satara Highway","highway":"trunk","policy":""},"geometry":{"type":"LineString","coordinates":[[73.75804,18.58954],[73.75793,18.58983]]}},{"type":"Feature","properties":{"name":"Mumbai - Satara Highway","highway":"trunk","policy":""},"geometry":{"type":"LineString","coordinates":[[73.75607,18.59475],[73.756,18.59495],[73.75594,18.5951]]}},{"type":"Feature","properties":{"name":"Mumbai - Satara Highway","highway":"trunk","policy":""},"geometry":{"type":"LineString","coordinates":[[73.75594,18.5951],[73.75337,18.60195]]}},{"type":"Feature","properties":{"name":"Mumbai - Satara Highway","highway":"trunk","policy":""},"geometry":{"type":"LineString","coordinates":[[73.75739,18.59164],[73.75805,18.58987]]}},{"type":"Feature","properties":{"name":"Mumbai - Satara Highway","highway":"trunk","policy":""},"geometry":{"type":"LineString","coordinates":[[73.75607,18.59515],[73.75613,18.59498],[73.7562,18.5948]]}},{"type":"Feature","properties":{"name":"Shankarshet Road Underpass","highway":"trunk","policy":""},"geometry":{"type":"LineString","coordinates":[[73.8611,18.50021],[73.86082,18.50028],[73.86057,18.50033],[73.86019,18.50037],[73.85886,18.50054]]}},{"type":"Feature","properties":{"name":"Shankarshet Road Underpass","highway":"trunk","policy":""},"geometry":{"type":"LineString","coordinates":[[73.85886,18.50054],[73.85799,18.50062]]}},{"type":"Feature","properties":{"name":"Shankarshet Road Underpass","highway":"trunk","policy":""},"geometry":{"type":"LineString","coordinates":[[73.85799,18.50062],[73.85743,18.50073],[73.85691,18.50083],[73.85613,18.50099]]}},{"type":"Feature","properties":{"name":"Late Keshavrao Jedhe Flyover","highway":"trunk","policy":""},"geometry":{"type":"LineString","coordinates":[[73.85785,18.49484],[73.85792,18.49613],[73.85791,18.49665],[73.85791,18.4969],[73.85793,18.49701],[73.85794,18.49716],[73.858,18.49753],[73.85838,18.49999]]}},{"type":"Feature","properties":{"name":"Katraj - Dehu Road Bypass","highway":"trunk","policy":""},"geometry":{"type":"LineString","coordinates":[[73.78928,18.49209],[73.78874,18.49277],[73.78847,18.49315],[73.78821,18.49354],[73.78801,18.494],[73.78787,18.4944],[73.78777,18.49494],[73.78776,18.49522],[73.78777,18.49548],[73.78784,18.49602],[73.78788,18.49622],[73.78799,18.49652],[73.78827,18.49713],[73.78848,18.49745],[73.78879,18.49784],[73.78914,18.49825],[73.79,18.49926],[73.79022,18.49953]]}},{"type":"Feature","properties":{"name":"Bypass","highway":"trunk","policy":""},"geometry":{"type":"LineString","coordinates":[[73.78946,18.49184],[73.78928,18.49209]]}},{"type":"Feature","properties":{"name":"Bypass","highway":"trunk","policy":""},"geometry":{"type":"LineString","coordinates":[[73.7894,18.49215],[73.78958,18.49191]]}},{"type":"Feature","properties":{"name":"Katraj - Dehu Road Bypass","highway":"trunk","policy":""},"geometry":{"type":"LineString","coordinates":[[73.78958,18.49191],[73.78975,18.4917],[73.78995,18.49147],[73.79023,18.49123],[73.7909,18.49076],[73.79196,18.49002]]}},{"type":"Feature","properties":{"name":"Old Pune\u2013Mumbai Highway","highway":"trunk","policy":""},"geometry":{"type":"LineString","coordinates":[[73.85225,18.53346],[73.85217,18.53357],[73.85216,18.53358],[73.85185,18.53404],[73.8516,18.53442],[73.85134,18.53489],[73.85105,18.53549],[73.85099,18.53561],[73.8509,18.53581],[73.85085,18.53594],[73.85082,18.53607],[73.85066,18.53666],[73.8506,18.53689],[73.85057,18.53701],[73.85048,18.53734],[73.85046,18.53749],[73.85047,18.53765],[73.85049,18.53791],[73.8505,18.53802],[73.85052,18.53831],[73.85054,18.53839],[73.85056,18.5385],[73.8506,18.53869],[73.85062,18.53878],[73.85063,18.53883],[73.8508,18.5394],[73.85089,18.53967],[73.85094,18.53981],[73.85099,18.54007],[73.85136,18.54172],[73.8515,18.54255],[73.8515,18.54261]]}},{"type":"Feature","properties":{"name":"Balaji Vishwanath Path","highway":"trunk","policy":""},"geometry":{"type":"LineString","coordinates":[[73.85843,18.50047],[73.85835,18.50048],[73.8581,18.50053],[73.85796,18.50051],[73.85757,18.50055],[73.8574,18.50057],[73.85714,18.50062],[73.85687,18.50068],[73.8561,18.50085],[73.85588,18.50096],[73.85572,18.50109]]}},{"type":"Feature","properties":{"name":"Late Keshavrao Jedhe Flyover","highway":"trunk","policy":""},"geometry":{"type":"LineString","coordinates":[[73.86143,18.50024],[73.86167,18.5002]]}},{"type":"Feature","properties":{"name":"Balaji Vishwanath Path","highway":"trunk","policy":""},"geometry":{"type":"LineString","coordinates":[[73.85843,18.50056],[73.85837,18.50057],[73.8583,18.50061],[73.85821,18.50066]]}},{"type":"Feature","properties":{"name":"Late Keshavrao Jedhe Flyover","highway":"trunk","policy":""},"geometry":{"type":"LineString","coordinates":[[73.85611,18.50094],[73.85588,18.50096]]}},{"type":"Feature","properties":{"name":"Magarpatta Road","highway":"trunk","policy":""},"geometry":{"type":"LineString","coordinates":[[73.93301,18.53308],[73.93309,18.5334],[73.93314,18.5336]]}},{"type":"Feature","properties":{"name":"Magarpatta Road","highway":"trunk","policy":""},"geometry":{"type":"LineString","coordinates":[[73.93306,18.53297],[73.93291,18.53254],[73.93281,18.53234],[73.93271,18.53218],[73.93251,18.53193],[73.93238,18.53178],[73.9323,18.53167],[73.93228,18.53156],[73.93227,18.53148],[73.93231,18.53116],[73.93237,18.53066],[73.93239,18.53048],[73.93241,18.53031],[73.93244,18.53005],[73.93247,18.52979]]}},{"type":"Feature","properties":{"name":"Bund Garden Road","highway":"trunk","policy":""},"geometry":{"type":"LineString","coordinates":[[73.87964,18.53469],[73.87954,18.53452],[73.87928,18.53413],[73.87914,18.53394],[73.87905,18.5338],[73.87897,18.53369],[73.87889,18.53362]]}},{"type":"Feature","properties":{"name":"Nagar Road","highway":"trunk","policy":""},"geometry":{"type":"LineString","coordinates":[[73.92115,18.56162],[73.92098,18.56157]]}},{"type":"Feature","properties":{"name":"Katraj - Dehu Road Bypass","highway":"trunk","policy":""},"geometry":{"type":"LineString","coordinates":[[73.76885,18.51641],[73.76883,18.51655],[73.76881,18.51688],[73.76878,18.51724],[73.76877,18.51763],[73.76878,18.51804]]}},{"type":"Feature","properties":{"name":"Katraj - Dehu Road Bypass","highway":"trunk","policy":""},"geometry":{"type":"LineString","coordinates":[[73.76995,18.51341],[73.77016,18.51306]]}},{"type":"Feature","properties":{"name":"Katraj - Dehu Road Bypass","highway":"trunk","policy":""},"geometry":{"type":"LineString","coordinates":[[73.77016,18.51306],[73.77041,18.51266],[73.77057,18.51244],[73.77074,18.51222],[73.77092,18.51202],[73.77109,18.51184],[73.77128,18.51167],[73.77158,18.51142],[73.77192,18.51117],[73.7733,18.51007],[73.77355,18.5099],[73.77383,18.50972],[73.77416,18.50953],[73.77442,18.5094],[73.7747,18.50929],[73.77495,18.5092],[73.77521,18.50911],[73.77556,18.50903],[73.77779,18.50858],[73.77835,18.50846],[73.77838,18.50846],[73.7786,18.50841],[73.77903,18.50831],[73.78033,18.50803],[73.78046,18.508],[73.78052,18.50798],[73.78061,18.50796],[73.78078,18.50792],[73.78137,18.50779],[73.78194,18.50766],[73.78226,18.50759],[73.78285,18.50746],[73.78288,18.50745],[73.78337,18.50739],[73.7835,18.50738],[73.78375,18.50736],[73.7839,18.50735],[73.78438,18.50733],[73.78449,18.50733],[73.78502,18.50734],[73.78555,18.50737],[73.78634,18.50742],[73.78674,18.50744],[73.78699,18.50746]]}},{"type":"Feature","properties":{"name":"Katraj - Dehu Road Bypass","highway":"trunk","policy":""},"geometry":{"type":"LineString","coordinates":[[73.77005,18.513],[73.76984,18.51336]]}},{"type":"Feature","properties":{"name":"Katraj - Dehu Road Bypass","highway":"trunk","policy":""},"geometry":{"type":"LineString","coordinates":[[73.76653,18.56731],[73.76766,18.56424],[73.76875,18.5612]]}},{"type":"Feature","properties":{"name":"Mundhwa Road","highway":"trunk","policy":""},"geometry":{"type":"LineString","coordinates":[[73.93225,18.52355],[73.93223,18.52342],[73.93221,18.52315],[73.93218,18.5227],[73.93216,18.52223],[73.93213,18.52187],[73.93213,18.52169],[73.93213,18.52157],[73.93214,18.52147],[73.93216,18.52141],[73.93217,18.52135],[73.93233,18.52094],[73.9324,18.52073],[73.93244,18.52057],[73.93247,18.52049],[73.9325,18.52037],[73.93252,18.5202],[73.93254,18.52007]]}},{"type":"Feature","properties":{"name":"Viman Nagar Road","highway":"trunk","policy":""},"geometry":{"type":"LineString","coordinates":[[73.91828,18.56102],[73.91831,18.5609]]}},{"type":"Feature","properties":{"name":"Nagar Road","highway":"trunk","policy":""},"geometry":{"type":"LineString","coordinates":[[73.92117,18.56183],[73.92135,18.56188],[73.92153,18.56193],[73.92206,18.56206],[73.92212,18.56208],[73.92217,18.56209],[73.92234,18.56213],[73.92246,18.56216],[73.92352,18.56243],[73.92364,18.56246],[73.92423,18.56261],[73.92469,18.5627],[73.92519,18.56277],[73.92529,18.56277],[73.92587,18.56283],[73.92665,18.56289]]}},{"type":"Feature","properties":{"name":"Nagar Road","highway":"trunk","policy":""},"geometry":{"type":"LineString","coordinates":[[73.91819,18.56099],[73.91828,18.56102]]}},{"type":"Feature","properties":{"name":"Nagar Road","highway":"trunk","policy":""},"geometry":{"type":"LineString","coordinates":[[73.91834,18.56081],[73.91825,18.56079]]}},{"type":"Feature","properties":{"name":"Nagar Road","highway":"trunk","policy":""},"geometry":{"type":"LineString","coordinates":[[73.91825,18.56079],[73.918,18.56073],[73.91626,18.56018],[73.91586,18.56006],[73.91569,18.56],[73.91534,18.55987],[73.91526,18.55983],[73.91498,18.55973],[73.91497,18.55973],[73.91489,18.55969],[73.91399,18.55936],[73.91254,18.55887],[73.91174,18.5586],[73.9116,18.55855]]}},{"type":"Feature","properties":{"name":"Nagar Road","highway":"trunk","policy":""},"geometry":{"type":"LineString","coordinates":[[73.9116,18.55855],[73.91149,18.55851]]}},{"type":"Feature","properties":{"name":"Nagar Road","highway":"trunk","policy":""},"geometry":{"type":"LineString","coordinates":[[73.91149,18.55851],[73.91111,18.55837],[73.91072,18.55818],[73.91062,18.55813],[73.91029,18.55796],[73.91007,18.55785],[73.90969,18.55766],[73.90921,18.55736],[73.90904,18.55725],[73.90829,18.55676],[73.90797,18.55653],[73.9079,18.55649],[73.90786,18.55646],[73.90764,18.5563],[73.90743,18.55611]]}},{"type":"Feature","properties":{"name":"Nagar Road","highway":"trunk","policy":""},"geometry":{"type":"LineString","coordinates":[[73.91149,18.55872],[73.91161,18.55876]]}},{"type":"Feature","properties":{"name":"Nagar Road","highway":"trunk","policy":""},"geometry":{"type":"LineString","coordinates":[[73.91161,18.55876],[73.91167,18.55878],[73.91253,18.55906],[73.91268,18.55911],[73.91284,18.55916],[73.91315,18.55926],[73.91364,18.55943],[73.91392,18.55954],[73.91491,18.55991],[73.91518,18.56002],[73.91527,18.56005],[73.9158,18.56025],[73.91606,18.56033],[73.91619,18.56037],[73.91654,18.56048],[73.91682,18.56057],[73.91771,18.56084],[73.91794,18.56091],[73.91819,18.56099]]}},{"type":"Feature","properties":{"name":"Nagar Road","highway":"trunk","policy":""},"geometry":{"type":"LineString","coordinates":[[73.92785,18.56294],[73.92791,18.56294]]}},{"type":"Feature","properties":{"name":"Nagar Road","highway":"trunk","policy":""},"geometry":{"type":"LineString","coordinates":[[73.92786,18.56272],[73.92734,18.5627],[73.92719,18.56269],[73.92705,18.56268],[73.9269,18.56267],[73.92666,18.56266]]}},{"type":"Feature","properties":{"name":"Nagar Road","highway":"trunk","policy":""},"geometry":{"type":"LineString","coordinates":[[73.92794,18.56272],[73.92786,18.56272]]}},{"type":"Feature","properties":{"name":"Nagar Road","highway":"trunk","policy":""},"geometry":{"type":"LineString","coordinates":[[73.92791,18.56294],[73.93037,18.56317]]}},{"type":"Feature","properties":{"name":"Katraj - Dehu Road Bypass","highway":"trunk","policy":""},"geometry":{"type":"LineString","coordinates":[[73.76896,18.51955],[73.76903,18.51993],[73.7691,18.52027],[73.7692,18.52062],[73.76931,18.52104],[73.76944,18.52148],[73.76949,18.52163],[73.76955,18.52177],[73.76961,18.52189],[73.7697,18.52204],[73.7698,18.52219],[73.76994,18.52239],[73.77174,18.5247],[73.77195,18.52498],[73.77216,18.52522],[73.77237,18.52544],[73.77261,18.52567],[73.77274,18.52577]]}},{"type":"Feature","properties":{"name":"Katraj - Dehu Road Bypass","highway":"trunk","policy":""},"geometry":{"type":"LineString","coordinates":[[73.76908,18.51953],[73.76899,18.51901],[73.76895,18.51862],[73.76892,18.51825]]}},{"type":"Feature","properties":{"name":"Katraj - Dehu Road Bypass","highway":"trunk","policy":""},"geometry":{"type":"LineString","coordinates":[[73.76879,18.51825],[73.76882,18.51863],[73.76887,18.51903],[73.76896,18.51955]]}},{"type":"Feature","properties":{"name":"Katraj - Dehu Road Bypass","highway":"trunk","policy":""},"geometry":{"type":"LineString","coordinates":[[73.76892,18.51825],[73.7689,18.51798],[73.76889,18.51763],[73.7689,18.51724],[73.76893,18.51689],[73.76895,18.51656],[73.76897,18.51643]]}},{"type":"Feature","properties":{"name":"Magarpatta Road","highway":"trunk","policy":""},"geometry":{"type":"LineString","coordinates":[[73.93314,18.5336],[73.93324,18.53394],[73.93333,18.53425]]}},{"type":"Feature","properties":{"name":"Mundhwa Road","highway":"trunk","policy":""},"geometry":{"type":"LineString","coordinates":[[73.93416,18.53718],[73.93409,18.53689],[73.93398,18.5364],[73.93362,18.5348]]}},{"type":"Feature","properties":{"name":"Mundhwa Road","highway":"trunk","policy":""},"geometry":{"type":"LineString","coordinates":[[73.93333,18.53425],[73.93338,18.53442],[73.93343,18.53449],[73.93353,18.53482]]}},{"type":"Feature","properties":{"name":"Westerly Diversion","highway":"trunk","policy":""},"geometry":{"type":"LineString","coordinates":[[73.76868,18.56098],[73.76861,18.56115]]}},{"type":"Feature","properties":{"name":"Katraj - Dehu Road Bypass","highway":"trunk","policy":""},"geometry":{"type":"LineString","coordinates":[[73.77602,18.54351],[73.77686,18.54276],[73.7772,18.54246],[73.77751,18.54221],[73.77782,18.54197],[73.77817,18.54173],[73.77929,18.54096],[73.77966,18.5407],[73.77995,18.54049],[73.78019,18.5403],[73.78039,18.54011],[73.78059,18.53987],[73.78076,18.53964],[73.78093,18.53934],[73.78107,18.53905],[73.78118,18.53874],[73.78124,18.53846],[73.78129,18.53809],[73.7813,18.53777],[73.78128,18.53747],[73.78123,18.53718]]}},{"type":"Feature","properties":{"name":"Westerly Diversion","highway":"trunk","policy":""},"geometry":{"type":"LineString","coordinates":[[73.76875,18.5612],[73.76881,18.56103]]}},{"type":"Feature","properties":{"name":"Katraj - Dehu Road Bypass","highway":"trunk","policy":""},"geometry":{"type":"LineString","coordinates":[[73.76861,18.56115],[73.76793,18.56307],[73.76784,18.56333],[73.76753,18.5642],[73.76623,18.56752]]}},{"type":"Feature","properties":{"name":"Magarpatta Road","highway":"trunk","policy":""},"geometry":{"type":"LineString","coordinates":[[73.93323,18.53359],[73.93317,18.53338],[73.93309,18.53306]]}},{"type":"Feature","properties":{"name":"Old Pune\u2013Mumbai Highway","highway":"trunk","policy":""},"geometry":{"type":"LineString","coordinates":[[73.8497,18.55188],[73.84976,18.55178],[73.85029,18.55093],[73.8505,18.55056],[73.85103,18.54932]]}},{"type":"Feature","properties":{"name":"Old Pune\u2013Mumbai Highway","highway":"trunk","policy":""},"geometry":{"type":"LineString","coordinates":[[73.85348,18.53189],[73.85308,18.53229],[73.85288,18.53251],[73.85271,18.53271],[73.85268,18.53275],[73.85243,18.53312],[73.85231,18.53328],[73.85225,18.53346]]}},{"type":"Feature","properties":{"name":"Mokshagundam Vishweshvarayya Flyover","highway":"trunk","policy":""},"geometry":{"type":"LineString","coordinates":[[73.85238,18.53332],[73.85225,18.53346]]}},{"type":"Feature","properties":{"name":"Navale Flyover","highway":"trunk","policy":""},"geometry":{"type":"LineString","coordinates":[[73.82625,18.45609],[73.82523,18.4575],[73.82454,18.45848],[73.82415,18.45904]]}},{"type":"Feature","properties":{"name":"Navale Flyover","highway":"trunk","policy":""},"geometry":{"type":"LineString","coordinates":[[73.82336,18.46001],[73.82315,18.46017],[73.82221,18.4608],[73.82135,18.46142],[73.82092,18.46178]]}},{"type":"Feature","properties":{"name":"Katraj - Dehu Road Bypass","highway":"trunk","policy":""},"geometry":{"type":"LineString","coordinates":[[73.81215,18.4716],[73.81234,18.47139]]}},{"type":"Feature","properties":{"name":"Katraj - Dehu Road Bypass","highway":"trunk","policy":""},"geometry":{"type":"LineString","coordinates":[[73.81227,18.47133],[73.81207,18.47154]]}},{"type":"Feature","properties":{"name":"Katraj - Dehu Road Bypass","highway":"trunk","policy":""},"geometry":{"type":"LineString","coordinates":[[73.81293,18.47059],[73.81267,18.47089],[73.81227,18.47133]]}},{"type":"Feature","properties":{"name":"Katraj - Dehu Road Bypass","highway":"trunk","policy":""},"geometry":{"type":"LineString","coordinates":[[73.81234,18.47139],[73.81275,18.47096],[73.81303,18.47068]]}},{"type":"Feature","properties":{"name":"Solapur Road","highway":"trunk","policy":""},"geometry":{"type":"LineString","coordinates":[[73.97663,18.49547],[73.97627,18.49552],[73.97549,18.49563],[73.97513,18.49568],[73.97479,18.49572],[73.97461,18.49575],[73.9743,18.4958],[73.97323,18.49595],[73.97294,18.49599],[73.97266,18.49603],[73.972,18.49612],[73.97089,18.49628],[73.97043,18.49634],[73.97035,18.49636],[73.9702,18.49638],[73.96988,18.49642],[73.9686,18.49661],[73.96843,18.49663],[73.96818,18.49667],[73.96798,18.49669],[73.96787,18.49671],[73.96761,18.49675],[73.96728,18.49679],[73.96687,18.49685],[73.9666,18.49689],[73.96267,18.49745],[73.96227,18.49751],[73.96191,18.49756],[73.96153,18.49762],[73.96144,18.49764],[73.96129,18.49766],[73.96083,18.49772],[73.96063,18.49774],[73.96053,18.49775],[73.96,18.49783],[73.95989,18.49785],[73.95917,18.49794],[73.95895,18.49798],[73.95889,18.49799],[73.95832,18.49807],[73.95819,18.49809],[73.9581,18.49811],[73.95782,18.49814],[73.95747,18.49819],[73.95744,18.49819],[73.95708,18.49825],[73.95617,18.49837],[73.95594,18.49841],[73.95491,18.49855],[73.95408,18.49867],[73.95406,18.49868]]}},{"type":"Feature","properties":{"name":"Solapur Road","highway":"trunk","policy":""},"geometry":{"type":"LineString","coordinates":[[73.99144,18.49351],[73.99262,18.49333],[73.99308,18.49326]]}},{"type":"Feature","properties":{"name":"Solapur Road","highway":"trunk","policy":""},"geometry":{"type":"LineString","coordinates":[[73.99142,18.4934],[73.99119,18.49344]]}},{"type":"Feature","properties":{"name":"Solapur Road","highway":"trunk","policy":""},"geometry":{"type":"LineString","coordinates":[[73.99306,18.49314],[73.99292,18.49317],[73.9926,18.49322],[73.99142,18.4934]]}},{"type":"Feature","properties":{"name":"Solapur Road","highway":"trunk","policy":""},"geometry":{"type":"LineString","coordinates":[[73.99121,18.49354],[73.99144,18.49351]]}},{"type":"Feature","properties":{"name":"Solapur Road","highway":"trunk","policy":""},"geometry":{"type":"LineString","coordinates":[[73.97665,18.49558],[73.97683,18.49555]]}},{"type":"Feature","properties":{"name":"Solapur Road","highway":"trunk","policy":""},"geometry":{"type":"LineString","coordinates":[[73.97681,18.49544],[73.97663,18.49547]]}},{"type":"Feature","properties":{"name":"Solapur Road","highway":"trunk","policy":""},"geometry":{"type":"LineString","coordinates":[[73.99119,18.49344],[73.99046,18.49354],[73.98869,18.49378],[73.98793,18.49389],[73.98731,18.49397],[73.98413,18.49441],[73.98345,18.49451],[73.98273,18.49461],[73.98256,18.49464],[73.9819,18.49473],[73.98164,18.49477],[73.98145,18.4948],[73.97905,18.49513],[73.97883,18.49516],[73.97828,18.49524],[73.97764,18.49533],[73.97711,18.4954],[73.97681,18.49544]]}},{"type":"Feature","properties":{"name":"Solapur Road","highway":"trunk","policy":""},"geometry":{"type":"LineString","coordinates":[[73.97683,18.49555],[73.9769,18.49554],[73.97782,18.49541],[73.97806,18.49538],[73.97817,18.49536],[73.97853,18.49531],[73.97962,18.49516],[73.98003,18.4951],[73.98032,18.49506],[73.98056,18.49502],[73.98067,18.49501],[73.98094,18.49497],[73.98115,18.49494],[73.98137,18.49491],[73.98158,18.49488],[73.98183,18.49485],[73.98198,18.49483],[73.98215,18.4948],[73.98235,18.49478],[73.98271,18.49473],[73.98297,18.49469],[73.98314,18.49467],[73.9833,18.49464],[73.98347,18.49462],[73.99047,18.49365],[73.99121,18.49354]]}},{"type":"Feature","properties":{"name":"Solapur Road","highway":"trunk","policy":""},"geometry":{"type":"LineString","coordinates":[[73.95406,18.49868],[73.95388,18.4987]]}},{"type":"Feature","properties":{"name":"Solapur Road","highway":"trunk","policy":""},"geometry":{"type":"LineString","coordinates":[[73.95389,18.49881],[73.95407,18.49878]]}},{"type":"Feature","properties":{"name":"Solapur Road","highway":"trunk","policy":""},"geometry":{"type":"LineString","coordinates":[[73.94577,18.49991],[73.94729,18.49971],[73.94878,18.49951],[73.94907,18.49947],[73.95147,18.49915],[73.95387,18.49881],[73.95389,18.49881]]}},{"type":"Feature","properties":{"name":"Solapur Road","highway":"trunk","policy":""},"geometry":{"type":"LineString","coordinates":[[73.95388,18.4987],[73.95385,18.4987],[73.95254,18.49889],[73.9518,18.499],[73.95152,18.49904],[73.95145,18.49905],[73.9513,18.49907],[73.95067,18.49915],[73.95049,18.49917],[73.94998,18.49924],[73.94975,18.49927],[73.94959,18.49929],[73.94923,18.49934],[73.94868,18.49942],[73.94858,18.49943],[73.94783,18.49953],[73.94769,18.49955],[73.94697,18.49964],[73.9466,18.49969],[73.94617,18.49975],[73.94575,18.49981],[73.94562,18.49982],[73.94456,18.49996],[73.94409,18.50003]]}},{"type":"Feature","properties":{"name":"Katraj - Dehu Road Bypass","highway":"trunk","policy":""},"geometry":{"type":"LineString","coordinates":[[73.82574,18.4587],[73.82604,18.45856]]}},{"type":"Feature","properties":{"name":"Katraj - Dehu Road Bypass","highway":"trunk","policy":""},"geometry":{"type":"LineString","coordinates":[[73.81979,18.46309],[73.82015,18.46285],[73.82021,18.4628],[73.82044,18.46255],[73.82084,18.46218],[73.82131,18.46177],[73.82142,18.46167],[73.82149,18.46161],[73.82156,18.46156],[73.82208,18.46113],[73.82278,18.46069],[73.82297,18.46056],[73.82332,18.46033],[73.82367,18.46006],[73.82386,18.45987],[73.8239,18.45982],[73.82393,18.45977],[73.82398,18.4597],[73.82402,18.45964],[73.8241,18.45953]]}},{"type":"Feature","properties":{"name":"Katraj - Dehu Road Bypass","highway":"trunk","policy":""},"geometry":{"type":"LineString","coordinates":[[73.82596,18.45846],[73.82572,18.45858]]}},{"type":"Feature","properties":{"name":"Katraj - Dehu Road Bypass","highway":"trunk","policy":""},"geometry":{"type":"LineString","coordinates":[[73.82572,18.45858],[73.8255,18.45869],[73.82531,18.45879],[73.82516,18.45887],[73.8246,18.45918],[73.82428,18.45938],[73.8241,18.45953]]}},{"type":"Feature","properties":{"name":"Shivaji Road","highway":"trunk","policy":""},"geometry":{"type":"LineString","coordinates":[[73.84995,18.52896],[73.84988,18.5293],[73.84985,18.52963]]}},{"type":"Feature","properties":{"name":"Raja Bahadur Mill Marg","highway":"trunk","policy":""},"geometry":{"type":"LineString","coordinates":[[73.86392,18.52992],[73.86372,18.52989],[73.86358,18.52984],[73.86346,18.52979],[73.86339,18.52976],[73.86332,18.52973]]}},{"type":"Feature","properties":{"name":"Raja Bahadur Mill Marg","highway":"trunk","policy":""},"geometry":{"type":"LineString","coordinates":[[73.86321,18.52969],[73.86309,18.52968],[73.86301,18.52967],[73.86296,18.52967],[73.86293,18.52967],[73.86271,18.52967],[73.8626,18.52967],[73.86235,18.52966],[73.8622,18.52966],[73.86191,18.52964],[73.8617,18.52963]]}},{"type":"Feature","properties":{"name":"Raja Bahadur Mill Marg","highway":"trunk","policy":""},"geometry":{"type":"LineString","coordinates":[[73.8632,18.52981],[73.86331,18.52985],[73.86339,18.52987],[73.86355,18.52992],[73.86369,18.52997],[73.86391,18.53001]]}},{"type":"Feature","properties":{"name":"Raja Bahadur Mill Marg","highway":"trunk","policy":""},"geometry":{"type":"LineString","coordinates":[[73.86237,18.52978],[73.8626,18.52978],[73.86266,18.52978],[73.86309,18.52979],[73.86314,18.52979],[73.86318,18.5298],[73.8632,18.52981]]}},{"type":"Feature","properties":{"name":"Bund Garden Road","highway":"trunk","policy":""},"geometry":{"type":"LineString","coordinates":[[73.87567,18.53075],[73.87561,18.5307]]}},{"type":"Feature","properties":{"name":"Bund Garden Road","highway":"trunk","policy":""},"geometry":{"type":"LineString","coordinates":[[73.87684,18.53183],[73.87671,18.53173],[73.87665,18.53168],[73.87655,18.5316],[73.87651,18.53156],[73.87648,18.53153],[73.87616,18.53124],[73.87576,18.53083],[73.87567,18.53075]]}},{"type":"Feature","properties":{"name":"Bund Garden Road","highway":"trunk","policy":""},"geometry":{"type":"LineString","coordinates":[[73.87555,18.53078],[73.8756,18.53082],[73.87573,18.53095],[73.87574,18.53096],[73.87596,18.53117],[73.87609,18.53131],[73.87611,18.53132],[73.87649,18.53166],[73.87664,18.5318],[73.87681,18.53195]]}},{"type":"Feature","properties":{"name":"Old Pune\u2013Mumbai Highway","highway":"trunk","policy":""},"geometry":{"type":"LineString","coordinates":[[73.85514,18.53028],[73.85493,18.53049]]}},{"type":"Feature","properties":{"name":"Old Pune\u2013Mumbai Highway","highway":"trunk","policy":""},"geometry":{"type":"LineString","coordinates":[[73.85436,18.53106],[73.85395,18.53144]]}},{"type":"Feature","properties":{"name":"Old Pune\u2013Mumbai Highway","highway":"trunk","policy":""},"geometry":{"type":"LineString","coordinates":[[73.8547,18.53028],[73.85478,18.53028]]}},{"type":"Feature","properties":{"name":"Mokshagundam Vishweshvarayya Flyover","highway":"trunk","policy":""},"geometry":{"type":"LineString","coordinates":[[73.85252,18.5333],[73.85284,18.53279],[73.85305,18.53254],[73.85324,18.53234],[73.85365,18.53192]]}},{"type":"Feature","properties":{"name":"Dr. Rajendra Prasad Path","highway":"trunk","policy":""},"geometry":{"type":"LineString","coordinates":[[73.85269,18.52917],[73.85251,18.52898],[73.8525,18.52898]]}},{"type":"Feature","properties":{"name":"Old Pune\u2013Mumbai Highway","highway":"trunk","policy":""},"geometry":{"type":"LineString","coordinates":[[73.85493,18.53049],[73.85469,18.53073],[73.85436,18.53106]]}},{"type":"Feature","properties":{"name":"freight corridor","highway":"trunk","policy":""},"geometry":{"type":"LineString","coordinates":[[73.8551,18.53027],[73.85502,18.53021],[73.85471,18.5302]]}},{"type":"Feature","properties":{"name":"freight corridor","highway":"trunk","policy":""},"geometry":{"type":"LineString","coordinates":[[73.85471,18.5302],[73.85418,18.53017],[73.85409,18.53015],[73.85405,18.53014],[73.85388,18.53008],[73.85384,18.53006],[73.85376,18.53003]]}},{"type":"Feature","properties":{"name":"H. K. Firodia Bridge","highway":"trunk","policy":""},"geometry":{"type":"LineString","coordinates":[[73.85376,18.53003],[73.85355,18.52976]]}},{"type":"Feature","properties":{"name":"freight corridor","highway":"trunk","policy":""},"geometry":{"type":"LineString","coordinates":[[73.85355,18.52976],[73.85338,18.52965],[73.85319,18.52948]]}},{"type":"Feature","properties":{"name":"NH753F","highway":"trunk","policy":""},"geometry":{"type":"LineString","coordinates":[[73.85544,18.53026],[73.8555,18.53024],[73.85561,18.53022],[73.85579,18.53018],[73.85703,18.52991],[73.8572,18.52987],[73.85728,18.52985],[73.85738,18.52982],[73.85756,18.52977],[73.85773,18.52969],[73.85791,18.52964],[73.85813,18.52958],[73.8583,18.52955],[73.85847,18.52953],[73.85861,18.52954],[73.85876,18.52956],[73.85946,18.52973]]}},{"type":"Feature","properties":{"name":"Mokshagundam Vishweshvarayya Flyover","highway":"trunk","policy":""},"geometry":{"type":"LineString","coordinates":[[73.85789,18.52951],[73.85715,18.52974],[73.85663,18.52985],[73.85565,18.53003]]}},{"type":"Feature","properties":{"name":"freight corridor","highway":"trunk","policy":""},"geometry":{"type":"LineString","coordinates":[[73.85522,18.5302],[73.85514,18.53028]]}},{"type":"Feature","properties":{"name":"Chimaji Appa Peshwe Path","highway":"trunk","policy":""},"geometry":{"type":"LineString","coordinates":[[73.85362,18.50446],[73.85359,18.50494],[73.85358,18.50516],[73.85358,18.50522]]}},{"type":"Feature","properties":{"name":"Katraj - Dehu Road Bypass","highway":"trunk","policy":""},"geometry":{"type":"LineString","coordinates":[[73.79054,18.49973],[73.79032,18.49946]]}},{"type":"Feature","properties":{"name":"Katraj - Dehu Road Bypass","highway":"trunk","policy":""},"geometry":{"type":"LineString","coordinates":[[73.79258,18.50417],[73.79261,18.50402],[73.79263,18.50387],[73.79265,18.50369],[73.79264,18.50345],[73.79263,18.50325],[73.79259,18.50294],[73.79255,18.50276],[73.79253,18.50269],[73.79241,18.50229],[73.79225,18.50193],[73.79208,18.50164],[73.79184,18.50129],[73.79155,18.5009],[73.79054,18.49973]]}},{"type":"Feature","properties":{"name":"Katraj - Dehu Road Bypass","highway":"trunk","policy":""},"geometry":{"type":"LineString","coordinates":[[73.79045,18.49982],[73.791,18.50046],[73.79149,18.50104],[73.79178,18.50141],[73.79197,18.50171],[73.79203,18.50182],[73.79214,18.50202],[73.79226,18.50229],[73.79233,18.50252],[73.79244,18.50292],[73.79249,18.50317],[73.79251,18.50327],[73.79253,18.50358],[73.79248,18.50409],[73.79238,18.50455],[73.79232,18.50472]]}},{"type":"Feature","properties":{"name":"Katraj - Dehu Road Bypass","highway":"trunk","policy":""},"geometry":{"type":"LineString","coordinates":[[73.79022,18.49953],[73.79045,18.49982]]}},{"type":"Feature","properties":{"name":"Balaji Vishwanath Path","highway":"trunk","policy":""},"geometry":{"type":"LineString","coordinates":[[73.85465,18.50131],[73.85434,18.50128],[73.85425,18.50128],[73.85417,18.5013],[73.85411,18.50132],[73.85407,18.50134]]}},{"type":"Feature","properties":{"name":"Balaji Vishwanath Path","highway":"trunk","policy":""},"geometry":{"type":"LineString","coordinates":[[73.85406,18.50145],[73.85407,18.50142],[73.85408,18.50138],[73.85407,18.50134],[73.85404,18.50131]]}},{"type":"Feature","properties":{"name":"Gramdaivat Shree Dharmanath Maharaj Flyover","highway":"trunk","policy":""},"geometry":{"type":"LineString","coordinates":[[73.73559,18.64746],[73.73352,18.65257]]}},{"type":"Feature","properties":{"name":"Magarpatta Road","highway":"trunk","policy":""},"geometry":{"type":"LineString","coordinates":[[73.93362,18.5348],[73.93357,18.53465],[73.9335,18.53446],[73.93348,18.53436],[73.93343,18.53423],[73.93333,18.53396],[73.93327,18.53369],[73.93323,18.53359]]}},{"type":"Feature","properties":{"name":"Shivaji Road","highway":"trunk","policy":""},"geometry":{"type":"LineString","coordinates":[[73.85846,18.50112],[73.85849,18.50091]]}},{"type":"Feature","properties":{"name":"Nagar Road","highway":"trunk","policy":""},"geometry":{"type":"LineString","coordinates":[[73.88889,18.54574],[73.88877,18.54571]]}},{"type":"Feature","properties":{"name":"Nagar Road","highway":"trunk","policy":""},"geometry":{"type":"LineString","coordinates":[[73.88884,18.54593],[73.88896,18.54595],[73.88923,18.54603],[73.88927,18.54604],[73.88951,18.54613],[73.88969,18.54621],[73.88986,18.54632],[73.88993,18.54637],[73.89019,18.54655],[73.89028,18.54662],[73.89039,18.5467],[73.89049,18.54677],[73.89051,18.54678],[73.89061,18.54687],[73.89085,18.54711],[73.8909,18.54716],[73.89111,18.54735],[73.8912,18.54744],[73.8914,18.54762],[73.89158,18.54781],[73.89193,18.54819],[73.89244,18.54874],[73.89254,18.54884],[73.89259,18.5489],[73.89276,18.54912],[73.89284,18.54923],[73.89314,18.5496],[73.89327,18.54975],[73.89333,18.54982],[73.89347,18.54998],[73.89372,18.55023],[73.89383,18.55035],[73.89394,18.55045],[73.89512,18.55148],[73.89524,18.55158],[73.89532,18.55163],[73.89539,18.55168],[73.89563,18.55183],[73.89606,18.5521],[73.89615,18.55215],[73.89636,18.55226],[73.89639,18.55227],[73.89652,18.55233],[73.89669,18.55239],[73.89691,18.55246],[73.89753,18.55267],[73.89827,18.5529],[73.89866,18.55301],[73.89889,18.55308],[73.89913,18.55314],[73.89946,18.55323],[73.89955,18.55326],[73.90001,18.55341],[73.90061,18.55361],[73.90223,18.55414],[73.90294,18.55434],[73.9031,18.55439],[73.90315,18.5544]]}},{"type":"Feature","properties":{"name":"freight corridor","highway":"trunk","policy":""},"geometry":{"type":"LineString","coordinates":[[73.85785,18.49412],[73.85774,18.49449],[73.85775,18.49479],[73.85781,18.49545],[73.85784,18.49616],[73.85784,18.49627]]}},{"type":"Feature","properties":{"name":"freight corridor","highway":"trunk","policy":""},"geometry":{"type":"LineString","coordinates":[[73.93422,18.53718],[73.93404,18.53637],[73.9339,18.53572],[73.93371,18.53494],[73.93367,18.53477]]}},{"type":"Feature","properties":{"name":"freight corridor","highway":"trunk","policy":""},"geometry":{"type":"LineString","coordinates":[[73.93367,18.53477],[73.93356,18.53443],[73.93348,18.53436]]}},{"type":"Feature","properties":{"name":"freight corridor","highway":"trunk","policy":""},"geometry":{"type":"LineString","coordinates":[[73.93423,18.53736],[73.93425,18.5373],[73.93424,18.53722],[73.93422,18.53718]]}},{"type":"Feature","properties":{"name":"freight corridor","highway":"trunk","policy":""},"geometry":{"type":"LineString","coordinates":[[73.93404,18.53753],[73.9341,18.53773],[73.93412,18.53791],[73.93413,18.53799],[73.93417,18.53807]]}},{"type":"Feature","properties":{"name":"freight corridor","highway":"trunk","policy":""},"geometry":{"type":"LineString","coordinates":[[73.93338,18.53442],[73.93336,18.53451],[73.93345,18.53486]]}},{"type":"Feature","properties":{"name":"freight corridor","highway":"trunk","policy":""},"geometry":{"type":"LineString","coordinates":[[73.93345,18.53486],[73.93364,18.53569],[73.93378,18.5364],[73.93404,18.53753]]}},{"type":"Feature","properties":{"name":"Satara Road","highway":"trunk","policy":""},"geometry":{"type":"LineString","coordinates":[[73.85809,18.44864],[73.85816,18.44873],[73.8582,18.44881],[73.85825,18.44892]]}},{"type":"Feature","properties":{"name":"Katraj - Dehu Road Bypass","highway":"trunk","policy":""},"geometry":{"type":"LineString","coordinates":[[73.8241,18.45953],[73.82394,18.45945],[73.82375,18.45934]]}},{"type":"Feature","properties":{"name":"Katraj - Dehu Road Bypass","highway":"trunk","policy":""},"geometry":{"type":"LineString","coordinates":[[73.78699,18.50746],[73.78732,18.50748],[73.78753,18.5075]]}},{"type":"Feature","properties":{"name":"Katraj - Dehu Road Bypass","highway":"trunk","policy":""},"geometry":{"type":"LineString","coordinates":[[73.78756,18.50738],[73.78696,18.50733]]}},{"type":"Feature","properties":{"name":"Katraj - Dehu Road Bypass","highway":"trunk","policy":""},"geometry":{"type":"LineString","coordinates":[[73.76897,18.51643],[73.769,18.51625],[73.76905,18.51602],[73.76922,18.51519]]}},{"type":"Feature","properties":{"name":"Katraj - Dehu Road Bypass","highway":"trunk","policy":""},"geometry":{"type":"LineString","coordinates":[[73.7691,18.51517],[73.76892,18.516],[73.76888,18.51623],[73.76885,18.51641]]}},{"type":"Feature","properties":{"name":"Katraj - Dehu Road Bypass","highway":"trunk","policy":""},"geometry":{"type":"LineString","coordinates":[[73.76922,18.51519],[73.76927,18.51498],[73.76935,18.51473],[73.76941,18.51454],[73.7695,18.51432],[73.76958,18.51412],[73.76969,18.5139],[73.76989,18.51352],[73.76995,18.51341]]}},{"type":"Feature","properties":{"name":"Katraj - Dehu Road Bypass","highway":"trunk","policy":""},"geometry":{"type":"LineString","coordinates":[[73.76984,18.51336],[73.76958,18.51384],[73.76947,18.51407],[73.76938,18.51428],[73.7693,18.5145],[73.76923,18.5147],[73.76915,18.51495],[73.7691,18.51517]]}},{"type":"Feature","properties":{"name":"Katraj - Dehu Road Bypass","highway":"trunk","policy":""},"geometry":{"type":"LineString","coordinates":[[73.77038,18.55613],[73.76997,18.55729]]}},{"type":"Feature","properties":{"name":"Katraj - Dehu Road Bypass","highway":"trunk","policy":""},"geometry":{"type":"LineString","coordinates":[[73.7705,18.55621],[73.77057,18.55601]]}},{"type":"Feature","properties":{"name":"Katraj - Dehu Road Bypass","highway":"trunk","policy":""},"geometry":{"type":"LineString","coordinates":[[73.77057,18.55601],[73.77162,18.55302],[73.77184,18.5524]]}},{"type":"Feature","properties":{"name":"Katraj - Dehu Road Bypass","highway":"trunk","policy":""},"geometry":{"type":"LineString","coordinates":[[73.77046,18.55591],[73.77038,18.55613]]}},{"type":"Feature","properties":{"name":"Katraj - Dehu Road Bypass","highway":"trunk","policy":""},"geometry":{"type":"LineString","coordinates":[[73.78024,18.53424],[73.78037,18.53481]]}},{"type":"Feature","properties":{"name":"Katraj - Dehu Road Bypass","highway":"trunk","policy":""},"geometry":{"type":"LineString","coordinates":[[73.78051,18.53479],[73.78038,18.53421]]}},{"type":"Feature","properties":{"name":"Katraj - Dehu Road Bypass","highway":"trunk","policy":""},"geometry":{"type":"LineString","coordinates":[[73.77192,18.55176],[73.77171,18.55236]]}},{"type":"Feature","properties":{"name":"Katraj - Dehu Road Bypass","highway":"trunk","policy":""},"geometry":{"type":"LineString","coordinates":[[73.77171,18.55236],[73.77149,18.55298],[73.77046,18.55591]]}},{"type":"Feature","properties":{"name":"Katraj - Dehu Road Bypass","highway":"trunk","policy":""},"geometry":{"type":"LineString","coordinates":[[73.77184,18.5524],[73.77205,18.5518]]}},{"type":"Feature","properties":{"name":"Katraj - Dehu Road Bypass","highway":"trunk","policy":""},"geometry":{"type":"LineString","coordinates":[[73.77011,18.55733],[73.7705,18.55621]]}},{"type":"Feature","properties":{"name":"Katraj - Dehu Road Bypass","highway":"trunk","policy":""},"geometry":{"type":"LineString","coordinates":[[73.77964,18.53194],[73.77977,18.53225],[73.77988,18.53256],[73.77996,18.53293],[73.78024,18.53424]]}},{"type":"Feature","properties":{"name":"Katraj - Dehu Road Bypass","highway":"trunk","policy":""},"geometry":{"type":"LineString","coordinates":[[73.78038,18.53421],[73.7801,18.5329],[73.78002,18.53253],[73.77985,18.53209]]}},{"type":"Feature","properties":{"name":"Katraj - Dehu Road Bypass","highway":"trunk","policy":""},"geometry":{"type":"LineString","coordinates":[[73.77936,18.53126],[73.77953,18.53166]]}},{"type":"Feature","properties":{"name":"Katraj - Dehu Road Bypass","highway":"trunk","policy":""},"geometry":{"type":"LineString","coordinates":[[73.77966,18.53161],[73.77949,18.53121]]}},{"type":"Feature","properties":{"name":"Katraj - Dehu Road Bypass","highway":"trunk","policy":""},"geometry":{"type":"LineString","coordinates":[[73.76993,18.5574],[73.7693,18.55922]]}},{"type":"Feature","properties":{"name":"Westerly Diversion","highway":"trunk","policy":""},"geometry":{"type":"LineString","coordinates":[[73.76997,18.55729],[73.76993,18.5574]]}},{"type":"Feature","properties":{"name":"Westerly Diversion","highway":"trunk","policy":""},"geometry":{"type":"LineString","coordinates":[[73.77007,18.55744],[73.77011,18.55733]]}},{"type":"Feature","properties":{"name":"Katraj - Dehu Road Bypass","highway":"trunk","policy":""},"geometry":{"type":"LineString","coordinates":[[73.76881,18.56103],[73.76948,18.55912]]}},{"type":"Feature","properties":{"name":"Katraj - Dehu Road Bypass","highway":"trunk","policy":""},"geometry":{"type":"LineString","coordinates":[[73.74613,18.62092],[73.74607,18.62107]]}},{"type":"Feature","properties":{"name":"Katraj - Dehu Road Bypass","highway":"trunk","policy":""},"geometry":{"type":"LineString","coordinates":[[73.74617,18.62117],[73.74624,18.62101]]}},{"type":"Feature","properties":{"name":"Katraj - Dehu Road Bypass","highway":"trunk","policy":""},"geometry":{"type":"LineString","coordinates":[[73.7417,18.6324],[73.74187,18.63195],[73.74265,18.62998],[73.74278,18.62966],[73.74402,18.62644],[73.74438,18.62552],[73.74525,18.62341]]}},{"type":"Feature","properties":{"name":"Katraj - Dehu Road Bypass","highway":"trunk","policy":""},"geometry":{"type":"LineString","coordinates":[[73.74512,18.62336],[73.74486,18.624],[73.74425,18.62547],[73.74331,18.62791],[73.74309,18.6285],[73.74293,18.6289],[73.74265,18.62961],[73.74251,18.62998],[73.74158,18.63235]]}},{"type":"Feature","properties":{"name":"Katraj - Dehu Road Bypass","highway":"trunk","policy":""},"geometry":{"type":"LineString","coordinates":[[73.74094,18.63432],[73.74121,18.63365]]}},{"type":"Feature","properties":{"name":"Katraj - Dehu Road Bypass","highway":"trunk","policy":""},"geometry":{"type":"LineString","coordinates":[[73.74108,18.6336],[73.74084,18.63422]]}},{"type":"Feature","properties":{"name":"Katraj - Dehu Road Bypass","highway":"trunk","policy":""},"geometry":{"type":"LineString","coordinates":[[73.79232,18.50472],[73.79223,18.505],[73.79209,18.50531],[73.79195,18.50555],[73.79179,18.50583],[73.79163,18.50603],[73.79143,18.50624],[73.79121,18.50645],[73.79099,18.50662],[73.79073,18.5068],[73.79046,18.50696],[73.79017,18.50709],[73.78988,18.5072],[73.78959,18.50729],[73.78939,18.50734],[73.78931,18.50736],[73.78904,18.5074],[73.78873,18.50742],[73.78848,18.50743]]}},{"type":"Feature","properties":{"name":"Katraj - Dehu Road Bypass","highway":"trunk","policy":""},"geometry":{"type":"LineString","coordinates":[[73.78848,18.50752],[73.78874,18.50751],[73.78905,18.50749],[73.78933,18.50744],[73.78961,18.50738],[73.78992,18.50729],[73.79021,18.50718],[73.7905,18.50704],[73.79078,18.50688],[73.79105,18.5067],[73.79127,18.50651],[73.7915,18.50631],[73.7917,18.50608],[73.79187,18.50588],[73.79204,18.5056],[73.79218,18.50537],[73.79233,18.50503],[73.79243,18.50475],[73.79251,18.50449],[73.79258,18.50417]]}},{"type":"Feature","properties":{"name":"Old Pune\u2013Mumbai Highway","highway":"trunk","policy":""},"geometry":{"type":"LineString","coordinates":[[73.85395,18.53144],[73.8539,18.53148],[73.85358,18.5318],[73.85354,18.53183],[73.85348,18.53189]]}},{"type":"Feature","properties":{"name":"freight corridor","highway":"trunk","policy":""},"geometry":{"type":"LineString","coordinates":[[73.85544,18.53026],[73.85542,18.53024],[73.85541,18.53023],[73.85535,18.53021],[73.85528,18.5302],[73.85522,18.5302]]}},{"type":"Feature","properties":{"name":"Old Pune\u2013Mumbai Highway","highway":"trunk","policy":""},"geometry":{"type":"LineString","coordinates":[[73.83665,18.57387],[73.8367,18.57372],[73.83679,18.57348],[73.83685,18.57329],[73.83713,18.57242],[73.8372,18.57218]]}},{"type":"Feature","properties":{"name":"Old Pune\u2013Mumbai Highway","highway":"trunk","policy":""},"geometry":{"type":"LineString","coordinates":[[73.83543,18.57667],[73.8353,18.57732]]}},{"type":"Feature","properties":{"name":"Old Pune\u2013Mumbai Highway","highway":"trunk","policy":""},"geometry":{"type":"LineString","coordinates":[[73.83457,18.58083],[73.83548,18.57716]]}},{"type":"Feature","properties":{"name":"Old Pune\u2013Mumbai Highway","highway":"trunk","policy":""},"geometry":{"type":"LineString","coordinates":[[73.83308,18.58665],[73.83347,18.58529],[73.83349,18.58521],[73.83416,18.5825],[73.83457,18.58083]]}},{"type":"Feature","properties":{"name":"Old Pune\u2013Mumbai Highway","highway":"trunk","policy":""},"geometry":{"type":"LineString","coordinates":[[73.8353,18.57732],[73.83519,18.57779],[73.83458,18.5802],[73.83444,18.5808]]}},{"type":"Feature","properties":{"name":"Old Pune\u2013Mumbai Highway","highway":"trunk","policy":""},"geometry":{"type":"LineString","coordinates":[[73.83298,18.58698],[73.83308,18.58665]]}},{"type":"Feature","properties":{"name":"Old Pune\u2013Mumbai Highway","highway":"trunk","policy":""},"geometry":{"type":"LineString","coordinates":[[73.83444,18.5808],[73.83432,18.58126],[73.83334,18.5852],[73.83332,18.58528],[73.83295,18.58653]]}},{"type":"Feature","properties":{"name":"Old Pune\u2013Mumbai Highway","highway":"trunk","policy":""},"geometry":{"type":"LineString","coordinates":[[73.83295,18.58653],[73.83269,18.58743]]}},{"type":"Feature","properties":{"name":"Harris Bridge","highway":"trunk","policy":""},"geometry":{"type":"LineString","coordinates":[[73.83582,18.57608],[73.83646,18.57434]]}},{"type":"Feature","properties":{"name":"NH60;NH65","highway":"trunk","policy":""},"geometry":{"type":"LineString","coordinates":[[73.83548,18.57716],[73.83557,18.57685]]}},{"type":"Feature","properties":{"name":"Old Pune\u2013Mumbai Highway","highway":"trunk","policy":""},"geometry":{"type":"LineString","coordinates":[[73.8415,18.56293],[73.84084,18.56389],[73.83994,18.56513],[73.83967,18.56551],[73.83952,18.56575]]}},{"type":"Feature","properties":{"name":"Old Pune\u2013Mumbai Highway","highway":"trunk","policy":""},"geometry":{"type":"LineString","coordinates":[[73.83952,18.56575],[73.83945,18.5659],[73.83919,18.56659],[73.83914,18.56673],[73.83909,18.56685],[73.83907,18.56692],[73.83872,18.56783],[73.83835,18.56882]]}},{"type":"Feature","properties":{"name":"Old Pune-Mumbai Highway","highway":"trunk","policy":""},"geometry":{"type":"LineString","coordinates":[[73.83747,18.57142],[73.83751,18.5713],[73.83776,18.5707],[73.8378,18.57061],[73.8379,18.57038],[73.83811,18.56985],[73.83818,18.56966],[73.83823,18.5695],[73.83829,18.56936],[73.83847,18.56885],[73.83848,18.56881],[73.83851,18.56874]]}},{"type":"Feature","properties":{"name":"Old Pune\u2013Mumbai Highway","highway":"trunk","policy":""},"geometry":{"type":"LineString","coordinates":[[73.83851,18.56874],[73.83862,18.56841],[73.83885,18.56782],[73.83923,18.5669]]}},{"type":"Feature","properties":{"name":"Balaji Vishwanath Path","highway":"trunk","policy":""},"geometry":{"type":"LineString","coordinates":[[73.85821,18.50066],[73.85812,18.50067],[73.85802,18.50069],[73.85744,18.50079],[73.85705,18.50087],[73.85693,18.50089],[73.85615,18.50105],[73.85603,18.50106],[73.85584,18.50106]]}},{"type":"Feature","properties":{"name":"Jagannath Shankarsheth Marg","highway":"trunk","policy":""},"geometry":{"type":"LineString","coordinates":[[73.85855,18.50046],[73.85843,18.50047]]}},{"type":"Feature","properties":{"name":"Satara Road","highway":"trunk","policy":""},"geometry":{"type":"LineString","coordinates":[[73.85844,18.49967],[73.85845,18.49958],[73.8585,18.49938],[73.85845,18.49895],[73.85841,18.49868]]}},{"type":"Feature","properties":{"name":"Shivaji Road","highway":"trunk","policy":""},"geometry":{"type":"LineString","coordinates":[[73.85629,18.51567],[73.85632,18.51533]]}},{"type":"Feature","properties":{"name":"Shivaji Road","highway":"trunk","policy":""},"geometry":{"type":"LineString","coordinates":[[73.85632,18.51533],[73.85638,18.51513],[73.85647,18.51496],[73.8566,18.51479],[73.85667,18.5147],[73.8569,18.51436],[73.85703,18.51411],[73.85715,18.5139],[73.85731,18.51351],[73.85741,18.51321],[73.85746,18.51309],[73.85751,18.51296],[73.85759,18.51273],[73.85761,18.51268],[73.85763,18.51264],[73.85764,18.51259],[73.85769,18.51248],[73.85779,18.51218],[73.85787,18.51186],[73.8579,18.51165],[73.85791,18.51157],[73.85791,18.51149],[73.85792,18.5107],[73.85792,18.51064],[73.85792,18.51059],[73.85793,18.50981],[73.85794,18.50956],[73.85796,18.50924],[73.858,18.5088],[73.85801,18.50871],[73.85801,18.50863],[73.85804,18.50762],[73.85804,18.50751],[73.85806,18.50672],[73.85806,18.50667],[73.85808,18.50661],[73.8581,18.50653],[73.85819,18.50638],[73.85831,18.5062],[73.85839,18.5061],[73.85854,18.50592],[73.85866,18.50568],[73.85874,18.50538],[73.85874,18.50536],[73.85895,18.50461],[73.85904,18.50439],[73.85904,18.50432],[73.85905,18.50419],[73.85903,18.50391],[73.85899,18.50366],[73.85877,18.50248],[73.85875,18.50238],[73.85874,18.5023],[73.85868,18.50196],[73.85863,18.50168],[73.85858,18.50147],[73.85852,18.5013],[73.8585,18.50123],[73.85846,18.50112]]}},{"type":"Feature","properties":{"name":"Bund Garden Road","highway":"trunk","policy":""},"geometry":{"type":"LineString","coordinates":[[73.87889,18.53362],[73.87879,18.53355]]}},{"type":"Feature","properties":{"name":"Bund Garden Road","highway":"trunk","policy":""},"geometry":{"type":"LineString","coordinates":[[73.87879,18.53355],[73.87863,18.5334],[73.87855,18.53334],[73.87844,18.53324],[73.87684,18.53183]]}},{"type":"Feature","properties":{"name":"Shivaji Road","highway":"trunk","policy":""},"geometry":{"type":"LineString","coordinates":[[73.85371,18.52473],[73.85368,18.52476],[73.85367,18.52478],[73.85364,18.52482],[73.85363,18.52485],[73.85359,18.52492],[73.85358,18.52494],[73.85356,18.52497]]}},{"type":"Feature","properties":{"name":"Shivaji Road","highway":"trunk","policy":""},"geometry":{"type":"LineString","coordinates":[[73.85369,18.52487],[73.8537,18.52484]]}},{"type":"Feature","properties":{"name":"Shivaji Road","highway":"trunk","policy":""},"geometry":{"type":"LineString","coordinates":[[73.8537,18.52484],[73.85371,18.52479],[73.85371,18.52478],[73.85371,18.52473]]}},{"type":"Feature","properties":{"name":"Shivaji Road","highway":"trunk","policy":""},"geometry":{"type":"LineString","coordinates":[[73.85356,18.52497],[73.85354,18.525],[73.85353,18.52505],[73.85326,18.52561],[73.85325,18.52564],[73.85323,18.52569],[73.85317,18.5258],[73.85308,18.5259],[73.85297,18.52602],[73.85255,18.52646]]}},{"type":"Feature","properties":{"name":"Solapur Road","highway":"trunk","policy":""},"geometry":{"type":"LineString","coordinates":[[73.88454,18.50655],[73.88449,18.50653],[73.88441,18.50653]]}},{"type":"Feature","properties":{"name":"Saswad Road","highway":"trunk","policy":""},"geometry":{"type":"LineString","coordinates":[[73.95313,18.48545],[73.95335,18.48491],[73.95363,18.48425],[73.95376,18.48393],[73.95382,18.48378],[73.95396,18.48344],[73.95405,18.48324],[73.95409,18.48313],[73.95426,18.48271],[73.95442,18.48233],[73.95446,18.48224],[73.9545,18.48215],[73.9546,18.4819],[73.95464,18.48181],[73.95486,18.48135],[73.95491,18.48122],[73.95504,18.48097]]}},{"type":"Feature","properties":{"name":"Nagar Road","highway":"trunk","policy":""},"geometry":{"type":"LineString","coordinates":[[73.88872,18.5459],[73.88884,18.54593]]}},{"type":"Feature","properties":{"name":"Solapur Road","highway":"trunk","policy":""},"geometry":{"type":"LineString","coordinates":[[73.92196,18.50397],[73.92204,18.50394],[73.92252,18.50381]]}},{"type":"Feature","properties":{"name":"Solapur Road","highway":"trunk","policy":""},"geometry":{"type":"LineString","coordinates":[[73.92167,18.50404],[73.92196,18.50397]]}},{"type":"Feature","properties":{"name":"Bankimchandra Chatopadhyay Path","highway":"trunk","policy":""},"geometry":{"type":"LineString","coordinates":[[73.85141,18.52983],[73.85179,18.52971],[73.85233,18.52956],[73.85255,18.52951],[73.85261,18.5295],[73.85274,18.52948],[73.85282,18.52948],[73.85293,18.52948],[73.85301,18.52951]]}},{"type":"Feature","properties":{"name":"NH60;NH65","highway":"trunk","policy":""},"geometry":{"type":"LineString","coordinates":[[73.85129,18.5298],[73.85141,18.52983]]}},{"type":"Feature","properties":{"name":"NH60;NH65","highway":"trunk","policy":""},"geometry":{"type":"LineString","coordinates":[[73.85129,18.5298],[73.85138,18.5297]]}},{"type":"Feature","properties":{"name":"Ganeshkhind Road","highway":"trunk","policy":""},"geometry":{"type":"LineString","coordinates":[[73.84979,18.53025],[73.84991,18.53022],[73.85021,18.53013],[73.85048,18.53004],[73.85054,18.53003]]}},{"type":"Feature","properties":{"name":"NH60;NH65","highway":"trunk","policy":""},"geometry":{"type":"LineString","coordinates":[[73.85054,18.53003],[73.85099,18.52989],[73.85106,18.52987],[73.85123,18.52982],[73.85129,18.5298]]}},{"type":"Feature","properties":{"name":"Shivaji Road","highway":"trunk","policy":""},"geometry":{"type":"LineString","coordinates":[[73.84985,18.52963],[73.84979,18.52984]]}},{"type":"Feature","properties":{"name":"NH965","highway":"trunk","policy":""},"geometry":{"type":"LineString","coordinates":[[73.98284,18.42324],[73.98291,18.42309],[73.98308,18.42256],[73.98327,18.42201],[73.9833,18.42196],[73.98333,18.42192],[73.98341,18.42184],[73.98352,18.42176],[73.98365,18.4217],[73.98375,18.42167],[73.98383,18.42164],[73.98391,18.42162],[73.98409,18.42159],[73.98426,18.42157],[73.98433,18.42158],[73.98438,18.42159],[73.98442,18.42161],[73.98447,18.42163],[73.98452,18.42166],[73.98456,18.4217],[73.98481,18.42205],[73.98494,18.42219],[73.98498,18.42223],[73.98507,18.4223],[73.9851,18.42232],[73.98514,18.42234],[73.98519,18.42236],[73.98544,18.42246],[73.98572,18.42255],[73.98594,18.4226],[73.98616,18.42264],[73.98657,18.42271],[73.98664,18.42272],[73.98676,18.42272],[73.9869,18.42271],[73.98696,18.42269],[73.98703,18.42267],[73.98744,18.42251],[73.98751,18.42249],[73.98761,18.42244],[73.98798,18.42228],[73.98813,18.42221],[73.98818,18.42218],[73.98823,18.42214],[73.98828,18.42209],[73.98847,18.42185],[73.98851,18.42179],[73.98873,18.42142],[73.98882,18.42128],[73.98886,18.42122],[73.98892,18.42117],[73.98902,18.42106],[73.98913,18.42094],[73.98915,18.42092],[73.98916,18.4209],[73.98917,18.42088],[73.98921,18.42081],[73.98927,18.42066],[73.98931,18.42053],[73.98932,18.42047],[73.98933,18.42042],[73.98937,18.42006],[73.98937,18.41998],[73.98937,18.41993],[73.98936,18.41984],[73.98935,18.41971],[73.98932,18.4196],[73.98931,18.41956],[73.98929,18.41952],[73.98917,18.41927],[73.98912,18.41915],[73.98911,18.4191],[73.9891,18.41906],[73.98908,18.4189],[73.98907,18.41881],[73.98908,18.41876],[73.9891,18.4187],[73.98934,18.41829],[73.98936,18.41825],[73.98938,18.41819],[73.98939,18.41811],[73.98939,18.41802],[73.98938,18.41787],[73.98936,18.41775],[73.98936,18.41767],[73.98938,18.4176],[73.98949,18.41742],[73.98953,18.41733],[73.98955,18.41723],[73.98955,18.41716],[73.98954,18.41706],[73.98953,18.41702],[73.98952,18.41698],[73.98949,18.41695]]}},{"type":"Feature","properties":{"name":"Saswad Road","highway":"trunk","policy":""},"geometry":{"type":"LineString","coordinates":[[73.98308,18.42236],[73.98298,18.42265],[73.98286,18.42309],[73.98284,18.42324]]}},{"type":"Feature","properties":{"name":"Dive Ghat","highway":"trunk","policy":""},"geometry":{"type":"LineString","coordinates":[[73.98949,18.41695],[73.98948,18.41698],[73.98949,18.41701],[73.9895,18.41706],[73.98951,18.41711],[73.98951,18.41716],[73.9895,18.41721],[73.9895,18.41725],[73.98949,18.41728],[73.98944,18.4174],[73.98937,18.4175],[73.98934,18.41755],[73.98932,18.4176],[73.98931,18.41764],[73.98931,18.41771],[73.98931,18.41779],[73.98934,18.41794],[73.98935,18.41801],[73.98935,18.41807],[73.98934,18.41813],[73.98932,18.4182],[73.9893,18.41824],[73.98928,18.41829],[73.98925,18.41835],[73.98919,18.41843],[73.98909,18.41857],[73.98903,18.41868],[73.98902,18.41873],[73.98901,18.41877],[73.98901,18.41884],[73.98902,18.4189],[73.98904,18.41905],[73.98909,18.41922],[73.98916,18.41937],[73.98926,18.41956],[73.98929,18.41962],[73.9893,18.41969],[73.98931,18.41976],[73.98932,18.41983],[73.98932,18.41988],[73.98932,18.42016],[73.98929,18.42042],[73.98927,18.4205],[73.98923,18.42064],[73.98917,18.4208],[73.98913,18.42087],[73.98909,18.42092],[73.98894,18.42109],[73.9888,18.42123],[73.98875,18.4213],[73.98865,18.42146],[73.98859,18.42158],[73.98852,18.4217],[73.98839,18.42189],[73.98826,18.42204],[73.9882,18.4221],[73.98811,18.42217],[73.98804,18.42221],[73.98799,18.42223],[73.98793,18.42226],[73.98757,18.42242]]}},{"type":"Feature","properties":{"name":"Dive Ghat","highway":"trunk","policy":""},"geometry":{"type":"LineString","coordinates":[[73.98949,18.41695],[73.98946,18.41687],[73.98945,18.41676],[73.98946,18.41667],[73.98949,18.4166],[73.98956,18.41649],[73.98964,18.41635],[73.98968,18.41624],[73.98968,18.41616],[73.98967,18.41604],[73.9896,18.41586],[73.98953,18.41567],[73.98949,18.41546],[73.98946,18.41524],[73.98946,18.41502],[73.98948,18.41464],[73.98953,18.41455],[73.98959,18.41446],[73.98968,18.41438],[73.98975,18.41436],[73.98986,18.41436],[73.98998,18.41437],[73.99028,18.41448],[73.99045,18.41458],[73.99052,18.41464],[73.9906,18.4147],[73.99069,18.41473],[73.99083,18.41478],[73.99102,18.41484],[73.99123,18.41493],[73.99145,18.41499],[73.99158,18.41503],[73.99167,18.41509],[73.99174,18.41518],[73.9918,18.41535],[73.99198,18.41575],[73.99215,18.41598],[73.99249,18.4163],[73.99265,18.41639],[73.99276,18.41643],[73.9929,18.41643],[73.99307,18.41639],[73.99327,18.41631],[73.99409,18.41601],[73.99419,18.41594],[73.99424,18.41589],[73.99431,18.41581],[73.9944,18.41565],[73.99445,18.41557],[73.9945,18.41544],[73.99459,18.41514],[73.99471,18.41495],[73.99482,18.41476],[73.99491,18.41456],[73.995,18.41442],[73.99505,18.41437],[73.99513,18.41433],[73.99523,18.41432],[73.99535,18.41434],[73.99553,18.4144],[73.99566,18.41441],[73.99579,18.41439],[73.99592,18.41432],[73.99599,18.41423],[73.9961,18.41409],[73.99617,18.41404],[73.99626,18.414],[73.99636,18.41398],[73.99652,18.41397],[73.9968,18.41394],[73.99707,18.4139],[73.99716,18.41389],[73.99725,18.4139],[73.99738,18.41394],[73.99751,18.41401],[73.99761,18.41407],[73.99779,18.41411],[73.99796,18.41409],[73.99818,18.41402],[73.9983,18.41393],[73.99845,18.41384],[73.99863,18.41377],[73.99888,18.41375],[73.99952,18.41373],[73.99965,18.41376],[73.99977,18.41382],[73.99988,18.41391],[74.00002,18.41407],[74.00017,18.41417],[74.00032,18.41419],[74.00047,18.41419],[74.00063,18.41413],[74.00081,18.41406],[74.00096,18.41401],[74.0012,18.41397],[74.0018,18.41394],[74.00221,18.41394],[74.00248,18.41397],[74.00263,18.41402],[74.00272,18.41409],[74.00278,18.41419],[74.00283,18.41431],[74.0029,18.41446],[74.00302,18.41472],[74.00312,18.41485],[74.00329,18.41512],[74.00338,18.41533],[74.00344,18.41557],[74.00348,18.41569],[74.00352,18.41577],[74.00361,18.41583],[74.00374,18.41589],[74.00406,18.41595],[74.00426,18.41597],[74.00447,18.41595],[74.00466,18.41588],[74.00496,18.41574],[74.00521,18.41554],[74.0055,18.41529],[74.00566,18.41516]]}},{"type":"Feature","properties":{"name":"Kharadi Bypass","highway":"trunk","policy":""},"geometry":{"type":"LineString","coordinates":[[73.93423,18.53736],[73.93419,18.5373],[73.93416,18.53718]]}},{"type":"Feature","properties":{"name":"Kharadi Bypass","highway":"trunk","policy":""},"geometry":{"type":"LineString","coordinates":[[73.93417,18.53807],[73.93418,18.53814],[73.9342,18.53821],[73.93421,18.53831],[73.93433,18.53893],[73.93438,18.53917],[73.93439,18.53926],[73.93446,18.53958],[73.93451,18.5398],[73.93468,18.54064],[73.93488,18.54164],[73.93501,18.54229],[73.93521,18.54316],[73.9354,18.54402],[73.93546,18.54425],[73.93563,18.54494],[73.93566,18.54507],[73.93572,18.54526],[73.93612,18.54684],[73.93618,18.54709],[73.93625,18.54741],[73.93638,18.54802],[73.93649,18.54848],[73.93674,18.54958],[73.93684,18.55006],[73.93698,18.55066],[73.937,18.55077],[73.93705,18.55097],[73.93709,18.55113],[73.93713,18.55132],[73.93715,18.5515],[73.93717,18.55167],[73.93718,18.55174],[73.93729,18.55261],[73.93737,18.55339],[73.9374,18.5537],[73.93743,18.554],[73.93746,18.55426],[73.93749,18.55457],[73.93758,18.55515],[73.93768,18.5559],[73.93772,18.55622],[73.93777,18.55655],[73.93781,18.5568],[73.93782,18.55687],[73.93783,18.55693],[73.93793,18.55759],[73.93795,18.55773],[73.93796,18.55781],[73.93807,18.55837],[73.93811,18.55854],[73.93812,18.55858],[73.93815,18.55879],[73.93816,18.55891],[73.9382,18.55926],[73.93822,18.55937],[73.93827,18.5598],[73.93833,18.56023],[73.93844,18.56131],[73.93849,18.56175],[73.93852,18.56211]]}},{"type":"Feature","properties":{"name":"Mundhwa Road","highway":"trunk","policy":""},"geometry":{"type":"LineString","coordinates":[[73.93309,18.53306],[73.93306,18.53297]]}},{"type":"Feature","properties":{"name":"NH548DD","highway":"trunk","policy":""},"geometry":{"type":"LineString","coordinates":[[73.96069,18.46558],[73.9606,18.46561],[73.96055,18.46563],[73.96051,18.46565],[73.96017,18.4658],[73.95995,18.4659],[73.95969,18.46601],[73.95951,18.46609],[73.9594,18.46613],[73.95933,18.46615],[73.95922,18.46617],[73.95916,18.46618],[73.9591,18.46619],[73.95861,18.46624],[73.95843,18.46625],[73.95827,18.46627],[73.95812,18.46628],[73.95743,18.46634],[73.95655,18.46642],[73.95652,18.46643],[73.9565,18.46643]]}},{"type":"Feature","properties":{"name":"NH548DD","highway":"trunk","policy":""},"geometry":{"type":"LineString","coordinates":[[73.95643,18.4665],[73.95652,18.4665],[73.95741,18.4664],[73.95754,18.46639],[73.95812,18.46634],[73.95861,18.4663],[73.95897,18.46626],[73.95916,18.46624],[73.95917,18.46624],[73.95929,18.46622],[73.95934,18.4662],[73.95941,18.46618],[73.95958,18.46612],[73.95997,18.46595],[73.96055,18.46571],[73.96061,18.46569],[73.96066,18.46567],[73.96086,18.46559],[73.96098,18.46554],[73.96134,18.46539],[73.96146,18.46533],[73.96153,18.46531],[73.96158,18.46529],[73.96165,18.46528],[73.96187,18.46524],[73.96193,18.46523],[73.96226,18.46524],[73.96249,18.46532]]}},{"type":"Feature","properties":{"name":"NH548DD","highway":"trunk","policy":""},"geometry":{"type":"LineString","coordinates":[[73.96252,18.46525],[73.9622,18.46515],[73.96196,18.46516],[73.96184,18.46517],[73.96175,18.46518],[73.96164,18.4652],[73.96151,18.46523],[73.96085,18.46552],[73.96069,18.46558]]}},{"type":"Feature","properties":{"name":"NH548DD","highway":"trunk","policy":""},"geometry":{"type":"LineString","coordinates":[[73.9565,18.46643],[73.95638,18.46644],[73.95629,18.46645],[73.95624,18.46646],[73.95601,18.46645],[73.95583,18.46642],[73.95564,18.46636],[73.95547,18.46628],[73.95524,18.46616],[73.95503,18.46604],[73.95452,18.46574],[73.95423,18.46558],[73.95402,18.46543],[73.95379,18.46522],[73.95358,18.46501],[73.95324,18.46464],[73.95275,18.46411],[73.95236,18.46369],[73.95199,18.46328],[73.95169,18.46296],[73.95144,18.46269],[73.95137,18.46261],[73.95102,18.46224],[73.95099,18.46221],[73.95079,18.46201],[73.95035,18.46155],[73.94971,18.46089],[73.94914,18.46033],[73.94865,18.45976],[73.94849,18.45956],[73.94821,18.4592],[73.94739,18.45833],[73.94716,18.45813],[73.94689,18.45792],[73.94666,18.45778],[73.94637,18.45762],[73.94598,18.45746],[73.94586,18.45741],[73.94562,18.45732],[73.94547,18.45727],[73.94528,18.45721],[73.94499,18.45716],[73.94465,18.45712],[73.94428,18.45709],[73.94368,18.45708],[73.94286,18.45708],[73.94269,18.45709],[73.94256,18.4571],[73.94242,18.45712],[73.9412,18.45729],[73.94032,18.4574],[73.93997,18.45744],[73.93987,18.45745],[73.93958,18.45742],[73.9395,18.45742],[73.93893,18.45734],[73.93858,18.45727],[73.93797,18.4571],[73.93774,18.45703],[73.93715,18.45687],[73.93695,18.45681],[73.93568,18.45644],[73.93494,18.45621],[73.93465,18.45611],[73.9338,18.45577],[73.93341,18.45562],[73.93331,18.45557],[73.93315,18.45551],[73.93301,18.45546]]}},{"type":"Feature","properties":{"name":"NH548DD","highway":"trunk","policy":""},"geometry":{"type":"LineString","coordinates":[[73.95367,18.46521],[73.95392,18.46545],[73.95406,18.46557],[73.95422,18.46567],[73.95453,18.46584],[73.9552,18.46622],[73.95529,18.46627],[73.95554,18.46639],[73.95571,18.46645],[73.95584,18.46648],[73.95594,18.4665],[73.9561,18.46651],[73.95629,18.46651],[73.95637,18.46651],[73.95643,18.4665]]}},{"type":"Feature","properties":{"name":"NH548DD","highway":"trunk","policy":""},"geometry":{"type":"LineString","coordinates":[[73.93085,18.45454],[73.93137,18.45484],[73.9321,18.45517],[73.93211,18.45518],[73.93249,18.45532],[73.9326,18.45537],[73.93268,18.45541],[73.93279,18.45545],[73.93289,18.45548],[73.93305,18.45555],[73.93313,18.45557],[73.93327,18.45563],[73.93384,18.45587],[73.93404,18.45595],[73.93428,18.45605],[73.93471,18.45621],[73.93492,18.45628],[73.93497,18.4563],[73.93546,18.45645],[73.93552,18.45647],[73.93611,18.45664],[73.93665,18.45679],[73.93694,18.45687],[73.93734,18.45699],[73.93774,18.4571],[73.93844,18.4573],[73.93871,18.45737],[73.93896,18.45741],[73.93958,18.45749],[73.93971,18.4575],[73.93987,18.45751],[73.93988,18.45751],[73.93999,18.4575],[73.94017,18.45748],[73.94033,18.45746],[73.94047,18.45744],[73.94067,18.45741],[73.94111,18.45736],[73.94178,18.45728],[73.94204,18.45724],[73.94256,18.45715],[73.94269,18.45713],[73.94288,18.45713],[73.94415,18.45716],[73.94461,18.45719],[73.94518,18.45726],[73.94527,18.45728],[73.94536,18.45731],[73.94558,18.45737],[73.94576,18.45744],[73.94594,18.4575],[73.94636,18.45769],[73.94688,18.45799],[73.94726,18.45831],[73.94774,18.45879],[73.94901,18.46029],[73.94909,18.46036],[73.94996,18.46125],[73.95074,18.46205],[73.95096,18.46228],[73.95131,18.46264],[73.95165,18.463],[73.95178,18.46314],[73.95231,18.46371],[73.95231,18.46372],[73.95253,18.46398],[73.9527,18.46416],[73.9528,18.46427],[73.95318,18.46469],[73.95349,18.46504],[73.95367,18.46521]]}},{"type":"Feature","properties":{"name":"NH548DD","highway":"trunk","policy":""},"geometry":{"type":"LineString","coordinates":[[73.92789,18.45335],[73.92756,18.45329],[73.92734,18.45326],[73.92689,18.45321],[73.92683,18.4532],[73.92676,18.45319],[73.92645,18.45318],[73.92581,18.45314],[73.9256,18.45312],[73.92545,18.45311],[73.92506,18.45308],[73.92496,18.45306],[73.92485,18.45304],[73.9246,18.45296],[73.92437,18.45289]]}},{"type":"Feature","properties":{"name":"NH548DD","highway":"trunk","policy":""},"geometry":{"type":"LineString","coordinates":[[73.9184,18.45082],[73.9187,18.45087],[73.91875,18.45088],[73.91888,18.45091],[73.9191,18.45099],[73.91933,18.45108],[73.91943,18.45112],[73.91945,18.45113],[73.91986,18.45132],[73.92062,18.45161],[73.92072,18.45165],[73.92094,18.45173],[73.92124,18.45185],[73.92153,18.45196],[73.92202,18.45215],[73.92205,18.45216],[73.92222,18.45223],[73.9227,18.45242],[73.9229,18.4525],[73.92297,18.45252]]}},{"type":"Feature","properties":{"name":"NH548DD","highway":"trunk","policy":""},"geometry":{"type":"LineString","coordinates":[[73.9271,18.45331],[73.92733,18.45334],[73.92737,18.45334],[73.92788,18.45341],[73.92829,18.45348],[73.92862,18.45356],[73.92876,18.45361],[73.92888,18.45365],[73.92912,18.45372],[73.92922,18.45376],[73.92944,18.45383]]}},{"type":"Feature","properties":{"name":"Mumbai Pune Bypass Road","highway":"trunk","policy":""},"geometry":{"type":"LineString","coordinates":[[73.83335,18.44876],[73.83317,18.44895]]}},{"type":"Feature","properties":{"name":"Katraj - Dehu Road Bypass","highway":"trunk","policy":""},"geometry":{"type":"LineString","coordinates":[[73.83317,18.44895],[73.83283,18.44926],[73.83241,18.44958],[73.83149,18.4502],[73.83127,18.45036],[73.83091,18.45061],[73.83083,18.45068],[73.83047,18.45101],[73.82995,18.45154],[73.82859,18.45315],[73.82777,18.45413],[73.82709,18.45498],[73.8266,18.45559],[73.82634,18.45597]]}},{"type":"Feature","properties":{"name":"Mumbai Pune Bypass Road","highway":"trunk","policy":""},"geometry":{"type":"LineString","coordinates":[[73.83326,18.44906],[73.83347,18.44886]]}},{"type":"Feature","properties":{"name":"Katraj - Dehu Road Bypass","highway":"trunk","policy":""},"geometry":{"type":"LineString","coordinates":[[73.82757,18.45462],[73.82782,18.4543],[73.82789,18.45422],[73.83006,18.45164],[73.83057,18.45111],[73.83088,18.45084],[73.83101,18.45072],[73.83158,18.45032],[73.8325,18.44969],[73.83293,18.44937],[73.83326,18.44906]]}},{"type":"Feature","properties":{"name":"Katraj - Dehu Road Bypass","highway":"trunk","policy":""},"geometry":{"type":"LineString","coordinates":[[73.79994,18.48431],[73.79919,18.48484]]}},{"type":"Feature","properties":{"name":"Katraj - Dehu Road Bypass","highway":"trunk","policy":""},"geometry":{"type":"LineString","coordinates":[[73.79919,18.48484],[73.79895,18.48499],[73.79754,18.48596],[73.7961,18.48696],[73.79572,18.48721]]}},{"type":"Feature","properties":{"name":"Katraj - Dehu Road Bypass","highway":"trunk","policy":""},"geometry":{"type":"LineString","coordinates":[[73.79928,18.48491],[73.80001,18.48438]]}},{"type":"Feature","properties":{"name":"Mumbai Pune Bypass Road * Katraj-Dehu Rd Bypass","highway":"trunk","policy":""},"geometry":{"type":"LineString","coordinates":[[73.79196,18.49002],[73.79251,18.48963]]}},{"type":"Feature","properties":{"name":"Solapur Road","highway":"trunk","policy":""},"geometry":{"type":"LineString","coordinates":[[73.88431,18.50651],[73.88441,18.50653]]}},{"type":"Feature","properties":{"name":"NH60","highway":"trunk","policy":""},"geometry":{"type":"LineString","coordinates":[[73.85928,18.44449],[73.85927,18.44457],[73.85928,18.44471],[73.85929,18.44486],[73.85929,18.445],[73.85928,18.44519],[73.85924,18.44551],[73.85915,18.44584],[73.85908,18.4461],[73.85906,18.44617],[73.85901,18.44639],[73.85899,18.44646]]}},{"type":"Feature","properties":{"name":"Satara Road","highway":"trunk","policy":""},"geometry":{"type":"LineString","coordinates":[[73.85908,18.44652],[73.85911,18.44642],[73.85916,18.44619],[73.85923,18.44583],[73.8593,18.44552],[73.85932,18.44529],[73.85933,18.44521],[73.85934,18.44507],[73.85935,18.44493],[73.85933,18.4447],[73.85932,18.44463],[73.85931,18.44457],[73.85928,18.44449]]}},{"type":"Feature","properties":{"name":"NH548DD","highway":"trunk","policy":""},"geometry":{"type":"LineString","coordinates":[[73.91082,18.44988],[73.91098,18.44995]]}},{"type":"Feature","properties":{"name":"NH548DD","highway":"trunk","policy":""},"geometry":{"type":"LineString","coordinates":[[73.91505,18.45049],[73.91502,18.45044],[73.91467,18.4503],[73.9143,18.45015],[73.91403,18.45007]]}},{"type":"Feature","properties":{"name":"NH548DD","highway":"trunk","policy":""},"geometry":{"type":"LineString","coordinates":[[73.91403,18.45007],[73.91393,18.45004],[73.91385,18.45002],[73.91376,18.45],[73.91369,18.44999],[73.91349,18.44999],[73.91341,18.44999],[73.91295,18.45001],[73.91281,18.45002],[73.91274,18.45002],[73.91254,18.45003],[73.91215,18.45004],[73.91175,18.45004],[73.91162,18.45003],[73.91156,18.45002],[73.91146,18.45001],[73.9114,18.45],[73.91134,18.44998],[73.91132,18.44998],[73.91116,18.44993],[73.91095,18.44986],[73.91081,18.4498]]}},{"type":"Feature","properties":{"name":"Bund Garden Bridge","highway":"trunk","policy":""},"geometry":{"type":"LineString","coordinates":[[73.8848,18.54466],[73.88483,18.54453]]}},{"type":"Feature","properties":{"name":"Solapur Road","highway":"trunk","policy":""},"geometry":{"type":"LineString","coordinates":[[73.8793,18.50701],[73.87923,18.50699]]}},{"type":"Feature","properties":{"name":"Old Pune\u2013Mumbai Highway","highway":"trunk","policy":""},"geometry":{"type":"LineString","coordinates":[[73.85514,18.53028],[73.85534,18.53035]]}},{"type":"Feature","properties":{"name":"Katraj Kondhwa Road","highway":"trunk","policy":""},"geometry":{"type":"LineString","coordinates":[[73.85941,18.44731],[73.85899,18.44728],[73.8589,18.44727]]}},{"type":"Feature","properties":{"name":"Katraj Kondhwa Road","highway":"trunk","policy":""},"geometry":{"type":"LineString","coordinates":[[73.8595,18.44775],[73.85948,18.44753],[73.85947,18.44742],[73.85944,18.44734],[73.85941,18.44731]]}},{"type":"Feature","properties":{"name":"Katraj Flyover","highway":"trunk","policy":""},"geometry":{"type":"LineString","coordinates":[[73.85966,18.44772],[73.8595,18.44775]]}},{"type":"Feature","properties":{"name":"Satara Road","highway":"trunk","policy":""},"geometry":{"type":"LineString","coordinates":[[73.85783,18.49662],[73.85783,18.49671],[73.85783,18.49681],[73.85784,18.49686],[73.85784,18.49702],[73.85802,18.49809]]}},{"type":"Feature","properties":{"name":"Satara Road","highway":"trunk","policy":""},"geometry":{"type":"LineString","coordinates":[[73.85855,18.50046],[73.85852,18.50024],[73.85848,18.50002]]}},{"type":"Feature","properties":{"name":"Satara Road","highway":"trunk","policy":""},"geometry":{"type":"LineString","coordinates":[[73.85848,18.50002],[73.85846,18.49986],[73.85844,18.49967]]}},{"type":"Feature","properties":{"name":"freight corridor","highway":"trunk","policy":""},"geometry":{"type":"LineString","coordinates":[[73.852,18.45007],[73.85202,18.45018]]}},{"type":"Feature","properties":{"name":"freight corridor","highway":"trunk","policy":""},"geometry":{"type":"LineString","coordinates":[[73.93946,18.49996],[73.93932,18.49995],[73.93923,18.49998],[73.93905,18.50014],[73.93889,18.50029],[73.93869,18.50049],[73.93857,18.50059]]}},{"type":"Feature","properties":{"name":"freight corridor","highway":"trunk","policy":""},"geometry":{"type":"LineString","coordinates":[[73.93857,18.50059],[73.9385,18.50065],[73.93843,18.50071]]}},{"type":"Feature","properties":{"name":"freight corridor","highway":"trunk","policy":""},"geometry":{"type":"LineString","coordinates":[[73.93843,18.50071],[73.9387,18.50067]]}},{"type":"Feature","properties":{"name":"freight corridor","highway":"trunk","policy":""},"geometry":{"type":"LineString","coordinates":[[73.93843,18.50071],[73.93847,18.50093]]}},{"type":"Feature","properties":{"name":"Solapur Road","highway":"trunk","policy":""},"geometry":{"type":"LineString","coordinates":[[73.99308,18.49326],[73.99382,18.49314],[73.99395,18.49312],[73.99413,18.49309],[73.9951,18.49295],[73.99584,18.49285],[73.99624,18.49279],[73.99644,18.49277],[73.99694,18.4927],[73.99736,18.49264],[73.99768,18.4926],[73.99867,18.49246],[74.00024,18.49224]]}},{"type":"Feature","properties":{"name":"Solapur Road","highway":"trunk","policy":""},"geometry":{"type":"LineString","coordinates":[[74.00022,18.49214],[73.99963,18.49222],[73.99919,18.49228],[73.99838,18.49239],[73.99822,18.49242],[73.99753,18.49251],[73.99715,18.49256],[73.99697,18.49259],[73.99611,18.49271],[73.9959,18.49274],[73.99562,18.49278],[73.99516,18.49284],[73.99412,18.49298],[73.99394,18.49301],[73.99379,18.49303],[73.99369,18.49305],[73.99306,18.49314]]}},{"type":"Feature","properties":{"name":"Saswad Road","highway":"trunk","policy":""},"geometry":{"type":"LineString","coordinates":[[73.97485,18.44094],[73.97493,18.44078],[73.97498,18.44071],[73.97515,18.44039],[73.97536,18.44003],[73.97544,18.43988],[73.97563,18.43953],[73.97583,18.43915],[73.97589,18.43904],[73.97648,18.438],[73.97668,18.43761],[73.97677,18.43747],[73.97707,18.43692],[73.97724,18.43663],[73.97752,18.43609],[73.97787,18.43546],[73.97834,18.43461],[73.97867,18.43398],[73.97895,18.43348],[73.97908,18.43325],[73.97914,18.43314],[73.97919,18.43303],[73.97924,18.43292],[73.97931,18.43275],[73.97936,18.43263],[73.97952,18.43218],[73.97962,18.43191],[73.97979,18.43146],[73.97981,18.43142],[73.97983,18.43137],[73.97986,18.43128],[73.97999,18.43096],[73.98026,18.43027],[73.98043,18.42985],[73.98062,18.42935],[73.98069,18.42913],[73.98088,18.42866],[73.98109,18.42814],[73.9816,18.42685],[73.98174,18.42648],[73.98212,18.42538],[73.98224,18.42505],[73.98244,18.4245],[73.98247,18.42442],[73.98263,18.42393],[73.98274,18.42357],[73.98284,18.42324]]}},{"type":"Feature","properties":{"name":"Sadguru Shankar Maharaj Uddanpul","highway":"trunk","policy":""},"geometry":{"type":"LineString","coordinates":[[73.85821,18.46261],[73.85819,18.46214]]}},{"type":"Feature","properties":{"name":"Late Keshavrao Jedhe Flyover","highway":"trunk","policy":""},"geometry":{"type":"LineString","coordinates":[[73.85785,18.49412],[73.85784,18.49437]]}},{"type":"Feature","properties":{"name":"Katraj Kondhwa Road","highway":"trunk","policy":""},"geometry":{"type":"LineString","coordinates":[[73.8595,18.44781],[73.8595,18.44775]]}},{"type":"Feature","properties":{"name":"Balaji Vishwanath Path","highway":"trunk","policy":""},"geometry":{"type":"LineString","coordinates":[[73.85465,18.50131],[73.85442,18.50139],[73.85429,18.50143],[73.8542,18.50145]]}},{"type":"Feature","properties":{"name":"Balaji Vishwanath Path","highway":"trunk","policy":""},"geometry":{"type":"LineString","coordinates":[[73.85404,18.50131],[73.85401,18.50129],[73.85397,18.50128],[73.85393,18.50128],[73.85389,18.5013],[73.85387,18.50133],[73.85386,18.50136],[73.85385,18.50138],[73.85385,18.50141],[73.85386,18.50143],[73.85388,18.50146]]}},{"type":"Feature","properties":{"name":"Balaji Vishwanath Path","highway":"trunk","policy":""},"geometry":{"type":"LineString","coordinates":[[73.85388,18.50146],[73.85391,18.50148],[73.85395,18.50149],[73.85399,18.50149],[73.85401,18.50149],[73.85404,18.50147],[73.85406,18.50145]]}},{"type":"Feature","properties":{"name":"Balaji Vishwanath Path","highway":"trunk","policy":""},"geometry":{"type":"LineString","coordinates":[[73.85843,18.50056],[73.85854,18.50055]]}},{"type":"Feature","properties":{"name":"Shivaji Road","highway":"trunk","policy":""},"geometry":{"type":"LineString","coordinates":[[73.85849,18.50091],[73.85845,18.5008],[73.85841,18.50076],[73.85835,18.50071],[73.85831,18.50069],[73.85828,18.50067],[73.85821,18.50066]]}},{"type":"Feature","properties":{"name":"Shivaji Road","highway":"trunk","policy":""},"geometry":{"type":"LineString","coordinates":[[73.85849,18.50091],[73.85853,18.50065],[73.85854,18.50055]]}},{"type":"Feature","properties":{"name":"NH548DD","highway":"trunk","policy":""},"geometry":{"type":"LineString","coordinates":[[73.85863,18.44808],[73.85845,18.44809]]}},{"type":"Feature","properties":{"name":"Satara Road","highway":"trunk","policy":""},"geometry":{"type":"LineString","coordinates":[[73.85858,18.44821],[73.85861,18.44814],[73.85863,18.44808]]}},{"type":"Feature","properties":{"name":"NH548DD","highway":"trunk","policy":""},"geometry":{"type":"LineString","coordinates":[[73.85849,18.44826],[73.85858,18.44821]]}},{"type":"Feature","properties":{"name":"Satara Road","highway":"trunk","policy":""},"geometry":{"type":"LineString","coordinates":[[73.85825,18.44892],[73.85821,18.44905],[73.85815,18.44962],[73.85813,18.44975],[73.85812,18.44978],[73.85803,18.45042],[73.85801,18.45066],[73.85801,18.45071],[73.858,18.45077],[73.858,18.45081],[73.85801,18.45093],[73.85801,18.45095],[73.85801,18.45111],[73.85801,18.45115],[73.85813,18.45219],[73.85814,18.45221],[73.85814,18.45224],[73.85819,18.45259],[73.85822,18.4528],[73.85823,18.4529],[73.85832,18.45335],[73.85846,18.45416],[73.85847,18.45418],[73.85849,18.45428],[73.8585,18.45432],[73.8585,18.45437],[73.85852,18.45444],[73.85856,18.45472],[73.85857,18.45478],[73.85858,18.45508],[73.85858,18.45535],[73.85848,18.45614],[73.85844,18.45644],[73.85838,18.45672],[73.8583,18.457],[73.85818,18.45749],[73.85814,18.45771],[73.85813,18.45775]]}},{"type":"Feature","properties":{"name":"Satara Road","highway":"trunk","policy":""},"geometry":{"type":"LineString","coordinates":[[73.8589,18.44727],[73.85891,18.4472],[73.859,18.44686],[73.85908,18.44652]]}},{"type":"Feature","properties":{"name":"Satara Road","highway":"trunk","policy":""},"geometry":{"type":"LineString","coordinates":[[73.85877,18.44724],[73.85874,18.44732],[73.85871,18.4474],[73.85856,18.44782],[73.85852,18.44792],[73.85845,18.44809]]}},{"type":"Feature","properties":{"name":"freight corridor","highway":"trunk","policy":""},"geometry":{"type":"LineString","coordinates":[[73.95069,18.48932],[73.95082,18.48914],[73.95101,18.4889],[73.95209,18.48747],[73.95215,18.4874],[73.95231,18.48716],[73.95242,18.48701]]}},{"type":"Feature","properties":{"name":"Saswad Road","highway":"trunk","policy":""},"geometry":{"type":"LineString","coordinates":[[73.95243,18.4869],[73.95254,18.4867],[73.95258,18.48659],[73.95274,18.4863],[73.95288,18.48604],[73.95296,18.48586],[73.9531,18.48553],[73.95313,18.48545]]}},{"type":"Feature","properties":{"name":"Chimaji Appa Peshwe Path","highway":"trunk","policy":""},"geometry":{"type":"LineString","coordinates":[[73.85358,18.50522],[73.85363,18.5053],[73.85365,18.50543]]}},{"type":"Feature","properties":{"name":"Chimaji Appa Peshwe Path","highway":"trunk","policy":""},"geometry":{"type":"LineString","coordinates":[[73.85358,18.50522],[73.85355,18.5053],[73.85356,18.50539],[73.85358,18.50549]]}},{"type":"Feature","properties":{"name":"Kharadi Bypass","highway":"trunk","policy":""},"geometry":{"type":"LineString","coordinates":[[73.92767,18.50525],[73.92767,18.50554]]}},{"type":"Feature","properties":{"name":"Old Pune-Mumbai Highway","highway":"trunk","policy":""},"geometry":{"type":"LineString","coordinates":[[73.8372,18.57218],[73.83724,18.57207],[73.8373,18.57188]]}},{"type":"Feature","properties":{"name":"Old Pune-Mumbai Highway","highway":"trunk","policy":""},"geometry":{"type":"LineString","coordinates":[[73.8373,18.57188],[73.83733,18.57182]]}},{"type":"Feature","properties":{"name":"Katraj Kondhwa Road","highway":"trunk","policy":""},"geometry":{"type":"LineString","coordinates":[[73.89111,18.45228],[73.89122,18.45231]]}},{"type":"Feature","properties":{"name":"freight corridor","highway":"trunk","policy":""},"geometry":{"type":"LineString","coordinates":[[73.9387,18.50067],[73.9389,18.50064],[73.93949,18.50057],[73.93978,18.50052]]}},{"type":"Feature","properties":{"name":"Bajirao Road","highway":"trunk","policy":""},"geometry":{"type":"LineString","coordinates":[[73.8551,18.52149],[73.85507,18.52156],[73.85505,18.5216],[73.85504,18.52163],[73.85503,18.52167],[73.85504,18.52171]]}},{"type":"Feature","properties":{"name":"Shivaji Road","highway":"trunk","policy":""},"geometry":{"type":"LineString","coordinates":[[73.85528,18.52135],[73.85536,18.52117],[73.85542,18.52105],[73.85543,18.52101]]}},{"type":"Feature","properties":{"name":"Shivaji Road","highway":"trunk","policy":""},"geometry":{"type":"LineString","coordinates":[[73.85518,18.52153],[73.85525,18.5214],[73.85528,18.52135]]}},{"type":"Feature","properties":{"name":"freight corridor","highway":"trunk","policy":""},"geometry":{"type":"LineString","coordinates":[[73.78189,18.50772],[73.78201,18.5077],[73.78211,18.50767],[73.78214,18.50767],[73.78277,18.50753],[73.78293,18.5075],[73.78302,18.50749],[73.78325,18.50745],[73.7833,18.50743],[73.78334,18.50741],[73.78337,18.50739]]}},{"type":"Feature","properties":{"name":"Old Pune\u2013Mumbai Highway","highway":"trunk","policy":""},"geometry":{"type":"LineString","coordinates":[[73.8308,18.59202],[73.8309,18.5918],[73.83142,18.59068]]}},{"type":"Feature","properties":{"name":"Old Mumbai Pune Highway","highway":"trunk","policy":""},"geometry":{"type":"LineString","coordinates":[[73.83077,18.5921],[73.8308,18.59202]]}},{"type":"Feature","properties":{"name":"Old Pune\u2013Mumbai Highway","highway":"trunk","policy":""},"geometry":{"type":"LineString","coordinates":[[73.83133,18.59064],[73.83112,18.59109],[73.83073,18.59194]]}},{"type":"Feature","properties":{"name":"Old Mumbai Pune Highway","highway":"trunk","policy":""},"geometry":{"type":"LineString","coordinates":[[73.83073,18.59194],[73.83069,18.59202]]}},{"type":"Feature","properties":{"name":"Ganeshkhind Road","highway":"trunk","policy":""},"geometry":{"type":"LineString","coordinates":[[73.84979,18.52984],[73.84971,18.53002],[73.84969,18.53005],[73.84964,18.53017]]}},{"type":"Feature","properties":{"name":"Solapur Road","highway":"trunk","policy":""},"geometry":{"type":"LineString","coordinates":[[73.94243,18.50023],[73.94212,18.50027],[73.94173,18.50033],[73.94129,18.50039]]}},{"type":"Feature","properties":{"name":"Shivaji Road","highway":"trunk","policy":""},"geometry":{"type":"LineString","coordinates":[[73.84979,18.52984],[73.84979,18.53001],[73.84979,18.53008],[73.84979,18.53013]]}},{"type":"Feature","properties":{"name":"freight corridor","highway":"trunk","policy":""},"geometry":{"type":"LineString","coordinates":[[73.84979,18.53013],[73.84964,18.53017]]}},{"type":"Feature","properties":{"name":"Old Pune\u2013Mumbai Highway","highway":"trunk","policy":""},"geometry":{"type":"LineString","coordinates":[[73.8515,18.54261],[73.85154,18.54297],[73.85159,18.54379],[73.8516,18.54412],[73.85161,18.5443],[73.85162,18.54433],[73.85177,18.54652],[73.85176,18.54671],[73.85173,18.54707],[73.85171,18.54722],[73.85166,18.54751],[73.85161,18.54764],[73.85151,18.54792],[73.85147,18.548],[73.85115,18.54887],[73.85107,18.54902]]}},{"type":"Feature","properties":{"name":"Old Pune\u2013Mumbai Highway","highway":"trunk","policy":""},"geometry":{"type":"LineString","coordinates":[[73.85162,18.5426],[73.85162,18.54253],[73.8516,18.54244]]}},{"type":"Feature","properties":{"name":"Old Pune\u2013Mumbai Highway","highway":"trunk","policy":""},"geometry":{"type":"LineString","coordinates":[[73.8516,18.54244],[73.8515,18.54182],[73.85148,18.5417],[73.85139,18.54132],[73.8512,18.54044],[73.85114,18.54018],[73.85105,18.53978],[73.85092,18.53937],[73.85089,18.53929],[73.85081,18.53903],[73.85077,18.53891],[73.85074,18.53881],[73.85067,18.53846],[73.85064,18.53829],[73.85063,18.53821],[73.8506,18.53805],[73.85058,18.53797],[73.85055,18.53778],[73.85054,18.5376],[73.85053,18.53749],[73.85055,18.53737],[73.85071,18.53677],[73.85082,18.53638],[73.85091,18.53604],[73.85092,18.53602],[73.85096,18.53593],[73.85099,18.53585],[73.85111,18.53564],[73.85116,18.53553],[73.85134,18.53516],[73.85136,18.53511],[73.85137,18.5351],[73.85139,18.53504],[73.85144,18.53494],[73.85167,18.53455],[73.85169,18.53451],[73.8517,18.53448],[73.85195,18.5341],[73.85201,18.53401],[73.85237,18.53353]]}},{"type":"Feature","properties":{"name":"Nagar Road","highway":"trunk","policy":""},"geometry":{"type":"LineString","coordinates":[[73.95062,18.56911],[73.95084,18.56922],[73.95092,18.56926],[73.95106,18.56934],[73.95136,18.56952],[73.95199,18.56989],[73.9523,18.57009],[73.9528,18.57046],[73.95353,18.57099],[73.95362,18.57105]]}},{"type":"Feature","properties":{"name":"Nagar Road","highway":"trunk","policy":""},"geometry":{"type":"LineString","coordinates":[[73.95362,18.57105],[73.95367,18.57109]]}},{"type":"Feature","properties":{"name":"Katraj - Dehu Road Bypass","highway":"trunk","policy":""},"geometry":{"type":"LineString","coordinates":[[73.84557,18.42233],[73.84551,18.42241],[73.84543,18.42251],[73.84531,18.42267],[73.84501,18.42301],[73.84396,18.42406],[73.84375,18.42432],[73.84355,18.4246],[73.84341,18.4248],[73.84244,18.42647],[73.84226,18.42679],[73.84214,18.42703],[73.84201,18.42731],[73.84194,18.42751],[73.84189,18.42771],[73.84172,18.42857],[73.84166,18.42885],[73.84163,18.42901],[73.84155,18.42928],[73.84146,18.42951],[73.84128,18.4298],[73.84111,18.43002],[73.84083,18.43034]]}},{"type":"Feature","properties":{"name":"Mumbai Pune Bypass Road","highway":"trunk","policy":""},"geometry":{"type":"LineString","coordinates":[[73.84571,18.42212],[73.84568,18.42217],[73.84557,18.42233]]}},{"type":"Feature","properties":{"name":"Katraj - Dehu Road Bypass","highway":"trunk","policy":""},"geometry":{"type":"LineString","coordinates":[[73.84091,18.43047],[73.84123,18.43012],[73.84141,18.42986],[73.84158,18.42954],[73.84169,18.42933],[73.84178,18.42904],[73.84181,18.42887],[73.84187,18.4286],[73.84204,18.42774],[73.84209,18.42755],[73.84215,18.42736],[73.84227,18.42709],[73.8424,18.42685],[73.84257,18.42654],[73.84282,18.42612],[73.84308,18.42566],[73.84354,18.42487],[73.84368,18.42468],[73.84387,18.4244],[73.84407,18.42416],[73.84512,18.4231],[73.84542,18.42276],[73.84548,18.4227],[73.84563,18.4225],[73.8457,18.4224]]}},{"type":"Feature","properties":{"name":"Mumbai Pune Bypass Road","highway":"trunk","policy":""},"geometry":{"type":"LineString","coordinates":[[73.8457,18.4224],[73.84581,18.42224],[73.84585,18.42219]]}},{"type":"Feature","properties":{"name":"Nagar Road","highway":"trunk","policy":""},"geometry":{"type":"LineString","coordinates":[[73.9621,18.57541],[73.96179,18.57527],[73.96133,18.57509],[73.96063,18.57483],[73.96056,18.57481],[73.96029,18.57471],[73.95989,18.57456],[73.95961,18.57445],[73.95939,18.57434],[73.95909,18.5742],[73.95843,18.5739],[73.95786,18.57363],[73.95772,18.57357],[73.95741,18.57343],[73.95714,18.5733],[73.95709,18.57327],[73.95681,18.57312],[73.95669,18.57305],[73.95645,18.57291],[73.95633,18.57282],[73.95608,18.57265],[73.95582,18.57248],[73.95537,18.57218],[73.95513,18.57202],[73.95505,18.57197],[73.95431,18.57146],[73.9541,18.57131],[73.95235,18.57003],[73.95222,18.56995],[73.95204,18.56983],[73.95109,18.56925],[73.95089,18.56913],[73.9506,18.56895]]}},{"type":"Feature","properties":{"name":"Old Pune-Mumbai Highway","highway":"trunk","policy":""},"geometry":{"type":"LineString","coordinates":[[73.83733,18.57182],[73.83747,18.57142]]}},{"type":"Feature","properties":{"name":"Nagar Road","highway":"trunk","policy":""},"geometry":{"type":"LineString","coordinates":[[73.95367,18.57109],[73.95386,18.57123],[73.95406,18.57138],[73.95426,18.57152],[73.95439,18.57161],[73.95458,18.57174],[73.95483,18.57191],[73.9551,18.57209]]}},{"type":"Feature","properties":{"name":"Katraj - Dehu Road Bypass","highway":"trunk","policy":""},"geometry":{"type":"LineString","coordinates":[[73.79251,18.48963],[73.79579,18.48734]]}},{"type":"Feature","properties":{"name":"Mumbai Pune Bypass Road * Katraj-Dehu Rd Bypass","highway":"trunk","policy":""},"geometry":{"type":"LineString","coordinates":[[73.79238,18.48954],[73.79187,18.48989]]}},{"type":"Feature","properties":{"name":"Katraj - Dehu Road Bypass","highway":"trunk","policy":""},"geometry":{"type":"LineString","coordinates":[[73.79579,18.48734],[73.79928,18.48491]]}},{"type":"Feature","properties":{"name":"Katraj - Dehu Road Bypass","highway":"trunk","policy":""},"geometry":{"type":"LineString","coordinates":[[73.79572,18.48721],[73.79529,18.4875],[73.79359,18.4887],[73.79312,18.48902],[73.79238,18.48954]]}},{"type":"Feature","properties":{"name":"Katraj - Dehu Road Bypass","highway":"trunk","policy":""},"geometry":{"type":"LineString","coordinates":[[73.77958,18.53178],[73.77964,18.53194]]}},{"type":"Feature","properties":{"name":"Katraj - Dehu Road Bypass","highway":"trunk","policy":""},"geometry":{"type":"LineString","coordinates":[[73.77981,18.53199],[73.77966,18.53161]]}},{"type":"Feature","properties":{"name":"Katraj - Dehu Road Bypass","highway":"trunk","policy":""},"geometry":{"type":"LineString","coordinates":[[73.77124,18.51154],[73.77119,18.51159],[73.77101,18.51176],[73.77083,18.51195],[73.77065,18.51215],[73.77047,18.51237],[73.7703,18.5126],[73.77005,18.513]]}},{"type":"Feature","properties":{"name":"Nagar Road","highway":"trunk","policy":""},"geometry":{"type":"LineString","coordinates":[[73.92155,18.56173],[73.92115,18.56162]]}},{"type":"Feature","properties":{"name":"Nagar Road","highway":"trunk","policy":""},"geometry":{"type":"LineString","coordinates":[[73.91828,18.56102],[73.9185,18.56108],[73.91865,18.56112],[73.91906,18.56124],[73.91934,18.56133],[73.91948,18.56136],[73.91974,18.56144],[73.91996,18.5615],[73.92011,18.56154],[73.92074,18.56171],[73.92109,18.56181]]}},{"type":"Feature","properties":{"name":"Nagar Road","highway":"trunk","policy":""},"geometry":{"type":"LineString","coordinates":[[73.92109,18.56181],[73.92117,18.56183]]}},{"type":"Feature","properties":{"name":"Nagar Road","highway":"trunk","policy":""},"geometry":{"type":"LineString","coordinates":[[73.92098,18.56157],[73.92078,18.56151],[73.92048,18.56141],[73.92007,18.56128],[73.92001,18.56127],[73.9196,18.56114],[73.91954,18.56113],[73.91906,18.561],[73.91869,18.5609],[73.91859,18.56087],[73.91834,18.56081]]}},{"type":"Feature","properties":{"name":"Old Pune\u2013Mumbai Highway","highway":"trunk","policy":""},"geometry":{"type":"LineString","coordinates":[[73.83923,18.5669],[73.83933,18.56664],[73.83945,18.56633],[73.83961,18.56595],[73.83966,18.56584]]}},{"type":"Feature","properties":{"name":"Satara Road","highway":"trunk","policy":""},"geometry":{"type":"LineString","coordinates":[[73.85711,18.48131],[73.85714,18.48183],[73.85715,18.48214],[73.85715,18.48222],[73.85717,18.48245],[73.85723,18.48283],[73.85728,18.48308],[73.85732,18.48331],[73.85739,18.48371],[73.85746,18.48428],[73.85746,18.4843],[73.8575,18.48492],[73.85751,18.48501],[73.85752,18.48518],[73.8575,18.48561],[73.85749,18.48589],[73.85747,18.48614],[73.85744,18.4864],[73.85742,18.48658],[73.8574,18.48679],[73.85738,18.48692]]}},{"type":"Feature","properties":{"name":"Satara Road","highway":"trunk","policy":""},"geometry":{"type":"LineString","coordinates":[[73.85738,18.48692],[73.85739,18.48703]]}},{"type":"Feature","properties":{"name":"Bajirao Road","highway":"trunk","policy":""},"geometry":{"type":"LineString","coordinates":[[73.85382,18.51056],[73.85379,18.51124]]}},{"type":"Feature","properties":{"name":"Bajirao Road","highway":"trunk","policy":""},"geometry":{"type":"LineString","coordinates":[[73.85369,18.5067],[73.85369,18.50676],[73.85369,18.50738],[73.85369,18.50743],[73.8537,18.50769],[73.8537,18.50785],[73.8537,18.5081],[73.8537,18.50855],[73.85372,18.50903],[73.85375,18.5096],[73.85376,18.50976],[73.85376,18.50995],[73.85379,18.51028],[73.85382,18.51056]]}},{"type":"Feature","properties":{"name":"Chimaji Appa Peshwe Path","highway":"trunk","policy":""},"geometry":{"type":"LineString","coordinates":[[73.85371,18.50412],[73.85369,18.50434],[73.85362,18.50446]]}},{"type":"Feature","properties":{"name":"Satara Road","highway":"trunk","policy":""},"geometry":{"type":"LineString","coordinates":[[73.85761,18.49242],[73.85762,18.49256],[73.85768,18.49306],[73.8577,18.49328],[73.85774,18.49345],[73.85775,18.4935],[73.85777,18.49366],[73.85781,18.49386],[73.85785,18.49412]]}},{"type":"Feature","properties":{"name":"Satara Road","highway":"trunk","policy":""},"geometry":{"type":"LineString","coordinates":[[73.85831,18.49803],[73.8583,18.49801],[73.85812,18.49702],[73.85811,18.49685],[73.8581,18.49679],[73.8581,18.49669],[73.85811,18.4966],[73.85812,18.49652],[73.85812,18.49648],[73.85813,18.49625],[73.85813,18.49621],[73.85813,18.4959],[73.85813,18.49587],[73.85813,18.49561],[73.85812,18.49553],[73.8581,18.49498],[73.85809,18.49471],[73.85808,18.49443],[73.85803,18.49421],[73.85799,18.49406],[73.85797,18.49393],[73.85793,18.49366],[73.85791,18.49347],[73.85788,18.49326],[73.85787,18.49319],[73.85786,18.49307],[73.85781,18.49255],[73.8578,18.49241]]}},{"type":"Feature","properties":{"name":"Satara Road","highway":"trunk","policy":""},"geometry":{"type":"LineString","coordinates":[[73.8578,18.49241],[73.8578,18.49234],[73.85779,18.49195]]}},{"type":"Feature","properties":{"name":"Satara Road","highway":"trunk","policy":""},"geometry":{"type":"LineString","coordinates":[[73.85758,18.49195],[73.85761,18.49242]]}},{"type":"Feature","properties":{"name":"Bajirao Road","highway":"trunk","policy":""},"geometry":{"type":"LineString","coordinates":[[73.85379,18.51124],[73.85381,18.51186],[73.85383,18.5125],[73.85384,18.51303],[73.85385,18.51334]]}},{"type":"Feature","properties":{"name":"Katraj - Dehu Road Bypass","highway":"trunk","policy":""},"geometry":{"type":"LineString","coordinates":[[73.83618,18.4548],[73.83615,18.45482],[73.83447,18.45534],[73.83335,18.45572],[73.8316,18.45631],[73.8311,18.45648],[73.82984,18.45691],[73.82976,18.45694],[73.82943,18.45705],[73.82936,18.45707],[73.82919,18.45713],[73.82849,18.45739],[73.82686,18.45807],[73.82596,18.45846]]}},{"type":"Feature","properties":{"name":"Katraj Kondhwa Road","highway":"trunk","policy":""},"geometry":{"type":"LineString","coordinates":[[73.85883,18.44813],[73.85914,18.44804],[73.85925,18.448],[73.85933,18.44796],[73.85941,18.4479]]}},{"type":"Feature","properties":{"name":"Satara Road","highway":"trunk","policy":""},"geometry":{"type":"LineString","coordinates":[[73.85779,18.49195],[73.85779,18.49172],[73.85778,18.4915],[73.85777,18.49127],[73.85776,18.49121],[73.85774,18.49092],[73.85774,18.49082],[73.85773,18.49074],[73.85772,18.49051],[73.85769,18.49019],[73.85766,18.48996],[73.8576,18.48948],[73.85758,18.48937],[73.85757,18.48927],[73.85755,18.48912],[73.85753,18.48887],[73.85753,18.48817],[73.85753,18.48812],[73.85754,18.4879],[73.85759,18.4875],[73.85761,18.4871],[73.85761,18.48704]]}},{"type":"Feature","properties":{"name":"Satara Road","highway":"trunk","policy":""},"geometry":{"type":"LineString","coordinates":[[73.85762,18.48693],[73.85762,18.48685],[73.85765,18.48635],[73.85768,18.48602],[73.85768,18.48591],[73.85769,18.48581],[73.85771,18.48529],[73.8577,18.48513],[73.8577,18.48499],[73.85768,18.4848],[73.85765,18.48437],[73.85762,18.48416],[73.85762,18.48415],[73.85758,18.48385],[73.85756,18.48371],[73.85753,18.48355],[73.85749,18.48333],[73.85742,18.48292],[73.8574,18.48285],[73.85739,18.48274],[73.85737,18.48256],[73.85736,18.48249],[73.85733,18.48218],[73.85733,18.48188],[73.85732,18.48167],[73.85731,18.48131]]}},{"type":"Feature","properties":{"name":"Katraj-Kondhwa Road","highway":"trunk","policy":""},"geometry":{"type":"LineString","coordinates":[[73.87581,18.45002],[73.87595,18.45012],[73.87619,18.45019],[73.8764,18.45025],[73.87644,18.45026],[73.87667,18.45032],[73.87678,18.45034],[73.87686,18.45036],[73.87711,18.45043],[73.87733,18.45049],[73.87786,18.45063],[73.87818,18.45068],[73.87871,18.45072],[73.87921,18.45076],[73.87931,18.45077],[73.87963,18.45082]]}},{"type":"Feature","properties":{"name":"Katraj-Kondhwa Road","highway":"trunk","policy":""},"geometry":{"type":"LineString","coordinates":[[73.87963,18.45082],[73.88,18.45088],[73.88017,18.45093],[73.88023,18.45095],[73.88078,18.45115],[73.8809,18.45121],[73.88092,18.45122],[73.88121,18.45135],[73.88124,18.45137],[73.88144,18.45147],[73.88182,18.45167],[73.88198,18.45176],[73.88203,18.45178],[73.88243,18.45198],[73.88284,18.45219],[73.88307,18.45233],[73.8832,18.45244],[73.8834,18.45265],[73.88363,18.45281],[73.88381,18.45292],[73.88421,18.45316],[73.88426,18.45319],[73.88479,18.45356],[73.88491,18.45365],[73.88507,18.45376],[73.88519,18.45382],[73.88536,18.45386],[73.88557,18.45388],[73.88577,18.45388],[73.88607,18.45387],[73.88661,18.45387],[73.8867,18.45387],[73.88701,18.45392],[73.88713,18.45392]]}},{"type":"Feature","properties":{"name":"NH65","highway":"trunk","policy":""},"geometry":{"type":"LineString","coordinates":[[73.8839,18.50641],[73.88358,18.50597]]}},{"type":"Feature","properties":{"name":"Navale Flyover","highway":"trunk","policy":""},"geometry":{"type":"LineString","coordinates":[[73.82634,18.45597],[73.82625,18.45609]]}},{"type":"Feature","properties":{"name":"Katraj - Dehu Road Bypass","highway":"trunk","policy":""},"geometry":{"type":"LineString","coordinates":[[73.77205,18.5518],[73.77322,18.54853]]}},{"type":"Feature","properties":{"name":"Nagar Road","highway":"trunk","policy":""},"geometry":{"type":"LineString","coordinates":[[73.94328,18.5648],[73.94338,18.5649],[73.94358,18.56514],[73.94378,18.56538],[73.94408,18.56574],[73.94429,18.56598],[73.94444,18.56614],[73.94452,18.56621],[73.94478,18.5664],[73.9451,18.56658],[73.94541,18.56669],[73.94812,18.5677],[73.94824,18.56776],[73.9483,18.56779],[73.94871,18.568],[73.94884,18.56808],[73.94964,18.56855],[73.95058,18.56908],[73.95062,18.56911]]}},{"type":"Feature","properties":{"name":"Nagar Road","highway":"trunk","policy":""},"geometry":{"type":"LineString","coordinates":[[73.94324,18.56476],[73.94328,18.5648]]}},{"type":"Feature","properties":{"name":"Nagar Road","highway":"trunk","policy":""},"geometry":{"type":"LineString","coordinates":[[73.9506,18.56895],[73.95024,18.56873],[73.94915,18.5681],[73.94878,18.56787],[73.94866,18.56779],[73.94841,18.56764],[73.94834,18.5676],[73.94795,18.56744],[73.94783,18.56739],[73.94742,18.56723],[73.94549,18.56651],[73.94519,18.5664],[73.94506,18.56632],[73.94489,18.56624],[73.94466,18.56606],[73.94445,18.56585],[73.94438,18.56577],[73.94424,18.56561],[73.9442,18.56557],[73.94397,18.56529],[73.94394,18.56526],[73.9439,18.56521],[73.9437,18.56498],[73.94362,18.56487]]}},{"type":"Feature","properties":{"name":"Nagar Road","highway":"trunk","policy":""},"geometry":{"type":"LineString","coordinates":[[73.94338,18.56461],[73.94334,18.56458]]}},{"type":"Feature","properties":{"name":"freight corridor","highway":"trunk","policy":""},"geometry":{"type":"LineString","coordinates":[[73.85784,18.49627],[73.85783,18.49653],[73.85783,18.49662]]}},{"type":"Feature","properties":{"name":"Old Pune\u2013Mumbai Highway","highway":"trunk","policy":""},"geometry":{"type":"LineString","coordinates":[[73.85093,18.54928],[73.85057,18.55015]]}},{"type":"Feature","properties":{"name":"Pune Nashik Road","highway":"trunk","policy":""},"geometry":{"type":"LineString","coordinates":[[73.82255,18.60732],[73.82253,18.60727],[73.82251,18.60721]]}},{"type":"Feature","properties":{"name":"NH548DD","highway":"trunk","policy":""},"geometry":{"type":"LineString","coordinates":[[73.89552,18.45118],[73.89492,18.45123],[73.89437,18.45127],[73.89398,18.45133],[73.89393,18.45134]]}},{"type":"Feature","properties":{"name":"Undri Pisoli Road","highway":"trunk","policy":""},"geometry":{"type":"LineString","coordinates":[[73.89393,18.45134],[73.89373,18.45142],[73.89351,18.45151],[73.89316,18.45158],[73.89258,18.45165],[73.89256,18.45165],[73.89197,18.45175],[73.89156,18.45182]]}},{"type":"Feature","properties":{"name":"Undri Pisoli Road","highway":"trunk","policy":""},"geometry":{"type":"LineString","coordinates":[[73.89395,18.45143],[73.8941,18.45139],[73.89434,18.45136],[73.89492,18.4513],[73.89551,18.45125],[73.89562,18.45124],[73.89585,18.4512],[73.89601,18.45118],[73.89636,18.45112],[73.8964,18.45112],[73.89654,18.45111],[73.89695,18.4511],[73.89717,18.45111],[73.89731,18.45109]]}},{"type":"Feature","properties":{"name":"freight corridor","highway":"trunk","policy":""},"geometry":{"type":"LineString","coordinates":[[73.95242,18.48701],[73.95243,18.4869]]}},{"type":"Feature","properties":{"name":"NH548DD","highway":"trunk","policy":""},"geometry":{"type":"LineString","coordinates":[[73.89731,18.45109],[73.89719,18.45105],[73.89683,18.45103],[73.8964,18.45106],[73.89585,18.45113],[73.89552,18.45118]]}},{"type":"Feature","properties":{"name":"Solapur Road","highway":"trunk","policy":""},"geometry":{"type":"LineString","coordinates":[[73.9441,18.50013],[73.9449,18.50003],[73.94494,18.50002],[73.94577,18.49991]]}},{"type":"Feature","properties":{"name":"Katraj-Kondhwa Road","highway":"trunk","policy":""},"geometry":{"type":"LineString","coordinates":[[73.87151,18.44959],[73.8712,18.44952],[73.87086,18.44938],[73.87052,18.44923],[73.87007,18.44903],[73.8692,18.44865],[73.86878,18.44848],[73.86864,18.44843],[73.86846,18.44837],[73.86821,18.44831],[73.86797,18.44826],[73.86776,18.44823],[73.86766,18.44821],[73.86748,18.44819],[73.86723,18.44819],[73.86711,18.4482],[73.86681,18.44824],[73.86666,18.44828],[73.86649,18.44832],[73.86634,18.44833],[73.86615,18.44835],[73.86577,18.44836],[73.86535,18.44839],[73.86511,18.44842],[73.86466,18.44849],[73.86452,18.44848],[73.86438,18.44844],[73.86425,18.44837],[73.86398,18.44823]]}},{"type":"Feature","properties":{"name":"Katraj - Dehu Road Bypass","highway":"trunk","policy":""},"geometry":{"type":"LineString","coordinates":[[73.78118,18.537],[73.78112,18.53677],[73.7807,18.53543],[73.78056,18.53498],[73.78051,18.53479]]}},{"type":"Feature","properties":{"name":"Katraj - Dehu Road Bypass","highway":"trunk","policy":""},"geometry":{"type":"LineString","coordinates":[[73.78037,18.53481],[73.78042,18.53501],[73.78056,18.53547],[73.78098,18.53681],[73.78109,18.53721]]}},{"type":"Feature","properties":{"name":"Katraj - Dehu Road Bypass","highway":"trunk","policy":""},"geometry":{"type":"LineString","coordinates":[[73.77319,18.5482],[73.77307,18.5485],[73.77192,18.55176]]}},{"type":"Feature","properties":{"name":"NH60;NH65","highway":"trunk","policy":""},"geometry":{"type":"LineString","coordinates":[[73.82217,18.60724],[73.82225,18.60715],[73.82243,18.60694]]}},{"type":"Feature","properties":{"name":"Pune Nashik Road","highway":"trunk","policy":""},"geometry":{"type":"LineString","coordinates":[[73.82201,18.60702],[73.82209,18.60711]]}},{"type":"Feature","properties":{"name":"freight corridor","highway":"trunk","policy":""},"geometry":{"type":"LineString","coordinates":[[73.82251,18.60721],[73.82248,18.60711],[73.82243,18.60694]]}},{"type":"Feature","properties":{"name":"NH548DD","highway":"trunk","policy":""},"geometry":{"type":"LineString","coordinates":[[73.91607,18.4507],[73.91577,18.45065],[73.91532,18.45055],[73.91505,18.45049]]}},{"type":"Feature","properties":{"name":"Katraj Bypass Road","highway":"trunk","policy":""},"geometry":{"type":"LineString","coordinates":[[73.9098,18.44981],[73.90988,18.44981],[73.90997,18.44978],[73.9102,18.44971],[73.91037,18.4497],[73.91053,18.44975],[73.91063,18.44979],[73.91082,18.44988]]}},{"type":"Feature","properties":{"name":"NH548DD","highway":"trunk","policy":""},"geometry":{"type":"LineString","coordinates":[[73.90718,18.4492],[73.90713,18.44917],[73.90693,18.44917],[73.90689,18.44917],[73.90673,18.44917],[73.9066,18.44917],[73.90624,18.44916],[73.90606,18.44913],[73.90581,18.44907],[73.90574,18.44906],[73.90547,18.44898],[73.90535,18.44895],[73.90527,18.44894],[73.90522,18.44895],[73.90499,18.44895]]}},{"type":"Feature","properties":{"name":"Undri Pisoli Road","highway":"trunk","policy":""},"geometry":{"type":"LineString","coordinates":[[73.90361,18.44938],[73.90369,18.44939],[73.90384,18.44935],[73.90388,18.44934],[73.90414,18.44924],[73.90434,18.44917],[73.90451,18.44911],[73.90461,18.44908],[73.90475,18.44905],[73.90492,18.44902]]}},{"type":"Feature","properties":{"name":"NH548DD","highway":"trunk","policy":""},"geometry":{"type":"LineString","coordinates":[[73.90718,18.4492],[73.90723,18.4492],[73.90729,18.4492],[73.90752,18.44918],[73.9077,18.44918],[73.90777,18.44919],[73.90779,18.4492],[73.90784,18.44923]]}},{"type":"Feature","properties":{"name":"NH548DD","highway":"trunk","policy":""},"geometry":{"type":"LineString","coordinates":[[73.90492,18.44896],[73.90488,18.44897],[73.9046,18.44903],[73.90433,18.44912],[73.90413,18.44919],[73.90397,18.44925],[73.90384,18.44929],[73.90367,18.44934],[73.90361,18.44938]]}},{"type":"Feature","properties":{"name":"NH548DD","highway":"trunk","policy":""},"geometry":{"type":"LineString","coordinates":[[73.90499,18.44895],[73.90492,18.44896]]}},{"type":"Feature","properties":{"name":"Old Pune\u2013Mumbai Highway","highway":"trunk","policy":""},"geometry":{"type":"LineString","coordinates":[[73.83966,18.56584],[73.83972,18.56572],[73.84097,18.56397],[73.84178,18.56284],[73.84194,18.56263],[73.84212,18.56237],[73.84243,18.56195],[73.84259,18.56172]]}},{"type":"Feature","properties":{"name":"freight corridor","highway":"trunk","policy":""},"geometry":{"type":"LineString","coordinates":[[73.82054,18.46193],[73.82016,18.46241],[73.82003,18.46263]]}},{"type":"Feature","properties":{"name":"Undri Pisoli Road","highway":"trunk","policy":""},"geometry":{"type":"LineString","coordinates":[[73.89156,18.45189],[73.89237,18.45173],[73.89302,18.45166],[73.89317,18.45164],[73.89334,18.4516],[73.89368,18.45151],[73.89395,18.45143]]}},{"type":"Feature","properties":{"name":"Undri Pisoli Road","highway":"trunk","policy":""},"geometry":{"type":"LineString","coordinates":[[73.89122,18.45193],[73.89133,18.45194],[73.89156,18.45189]]}},{"type":"Feature","properties":{"name":"Undri Pisoli Road","highway":"trunk","policy":""},"geometry":{"type":"LineString","coordinates":[[73.89156,18.45182],[73.89135,18.45185],[73.89125,18.45184]]}},{"type":"Feature","properties":{"name":"Katraj Bypass Road | Katraj - Kondhwa Road","highway":"trunk","policy":""},"geometry":{"type":"LineString","coordinates":[[73.89128,18.45208],[73.89118,18.45205],[73.89089,18.45192],[73.89078,18.45189],[73.89061,18.45188],[73.89026,18.45184],[73.88997,18.45179],[73.88869,18.45157],[73.88637,18.45118],[73.88409,18.45088]]}},{"type":"Feature","properties":{"name":"Pune Nashik Road","highway":"trunk","policy":""},"geometry":{"type":"LineString","coordinates":[[73.85073,18.64765],[73.85072,18.64759],[73.85071,18.6475],[73.85071,18.64749]]}},{"type":"Feature","properties":{"name":"Satara Road","highway":"trunk","policy":""},"geometry":{"type":"LineString","coordinates":[[73.85813,18.45775],[73.85813,18.45784]]}},{"type":"Feature","properties":{"name":"Satara Road","highway":"trunk","policy":""},"geometry":{"type":"LineString","coordinates":[[73.85813,18.45784],[73.8581,18.45799],[73.85798,18.45858],[73.85793,18.45892],[73.85793,18.45895],[73.85793,18.45898],[73.85792,18.4592],[73.85795,18.45998],[73.85796,18.46017],[73.85795,18.46032],[73.85796,18.46055],[73.85797,18.46064],[73.85799,18.46111],[73.85802,18.46159],[73.85805,18.46242]]}},{"type":"Feature","properties":{"name":"Katraj - Dehu Road Bypass","highway":"trunk","policy":""},"geometry":{"type":"LineString","coordinates":[[73.85845,18.44809],[73.85828,18.44812],[73.85801,18.44818],[73.85791,18.44815],[73.85781,18.44818],[73.85757,18.44823],[73.85723,18.44834],[73.85668,18.44851],[73.85648,18.44858],[73.85621,18.44867],[73.85593,18.44877],[73.85577,18.44884],[73.85567,18.44893],[73.85559,18.44899],[73.85535,18.44907],[73.85473,18.44925],[73.85434,18.44936],[73.85411,18.44944],[73.85354,18.4496],[73.85271,18.44986],[73.852,18.45007],[73.85191,18.45009]]}},{"type":"Feature","properties":{"name":"Katraj - Dehu Road Bypass","highway":"trunk","policy":""},"geometry":{"type":"LineString","coordinates":[[73.84648,18.45167],[73.84479,18.45218],[73.84458,18.45224]]}},{"type":"Feature","properties":{"name":"Katraj - Dehu Road Bypass","highway":"trunk","policy":""},"geometry":{"type":"LineString","coordinates":[[73.85416,18.44958],[73.8543,18.44964],[73.85436,18.44965],[73.85524,18.44941],[73.85595,18.44921],[73.85636,18.44908],[73.85659,18.44901],[73.8567,18.44897],[73.85711,18.44883],[73.85773,18.44862],[73.85797,18.44854]]}},{"type":"Feature","properties":{"name":"Katraj - Dehu Road Bypass","highway":"trunk","policy":""},"geometry":{"type":"LineString","coordinates":[[73.84461,18.45236],[73.84552,18.45209],[73.84651,18.4518]]}},{"type":"Feature","properties":{"name":"Katraj - Dehu Road Bypass","highway":"trunk","policy":""},"geometry":{"type":"LineString","coordinates":[[73.84651,18.4518],[73.84723,18.4516],[73.84792,18.45138],[73.84882,18.4511],[73.84964,18.45086],[73.85062,18.45058]]}},{"type":"Feature","properties":{"name":"Katraj - Dehu Road Bypass","highway":"trunk","policy":""},"geometry":{"type":"LineString","coordinates":[[73.85062,18.45058],[73.85194,18.4502]]}},{"type":"Feature","properties":{"name":"Katraj - Dehu Road Bypass","highway":"trunk","policy":""},"geometry":{"type":"LineString","coordinates":[[73.85059,18.45047],[73.84906,18.4509],[73.84754,18.45136],[73.84648,18.45167]]}},{"type":"Feature","properties":{"name":"Katraj - Dehu Road Bypass","highway":"trunk","policy":""},"geometry":{"type":"LineString","coordinates":[[73.85191,18.45009],[73.85059,18.45047]]}},{"type":"Feature","properties":{"name":"Pune Nashik Road","highway":"trunk","policy":""},"geometry":{"type":"LineString","coordinates":[[73.82223,18.60746],[73.8226,18.60854],[73.82296,18.6096],[73.82376,18.61204],[73.82378,18.61219],[73.82376,18.61229]]}},{"type":"Feature","properties":{"name":"Katraj - Dehu Road Bypass","highway":"trunk","policy":""},"geometry":{"type":"LineString","coordinates":[[73.76926,18.55932],[73.76868,18.56098]]}},{"type":"Feature","properties":{"name":"Katraj - Dehu Road Bypass","highway":"trunk","policy":""},"geometry":{"type":"LineString","coordinates":[[73.7693,18.55922],[73.76928,18.55927],[73.76926,18.55932]]}},{"type":"Feature","properties":{"name":"Katraj - Dehu Road Bypass","highway":"trunk","policy":""},"geometry":{"type":"LineString","coordinates":[[73.76951,18.55902],[73.77007,18.55744]]}},{"type":"Feature","properties":{"name":"Bankimchandra Chatopadhyay Path","highway":"trunk","policy":""},"geometry":{"type":"LineString","coordinates":[[73.85254,18.5292],[73.8525,18.52898]]}},{"type":"Feature","properties":{"name":"NH60;NH65","highway":"trunk","policy":""},"geometry":{"type":"LineString","coordinates":[[73.84998,18.53005],[73.85021,18.53013]]}},{"type":"Feature","properties":{"name":"Old Pune\u2013Mumbai Highway","highway":"trunk","policy":""},"geometry":{"type":"LineString","coordinates":[[73.85107,18.54902],[73.85102,18.54909]]}},{"type":"Feature","properties":{"name":"Bund Garden Road","highway":"trunk","policy":""},"geometry":{"type":"LineString","coordinates":[[73.88433,18.54112],[73.88459,18.54117],[73.88469,18.54119],[73.88505,18.54126]]}},{"type":"Feature","properties":{"name":"freight corridor","highway":"trunk","policy":""},"geometry":{"type":"LineString","coordinates":[[73.84054,18.45329],[73.84057,18.45342]]}},{"type":"Feature","properties":{"name":"Katraj - Dehu Road Bypass","highway":"trunk","policy":""},"geometry":{"type":"LineString","coordinates":[[73.83633,18.45487],[73.83649,18.45482],[73.83951,18.45385],[73.83956,18.45384],[73.83967,18.4538],[73.84069,18.45352],[73.8416,18.45326],[73.84187,18.45318],[73.84302,18.45285],[73.84324,18.45278],[73.84339,18.45274],[73.84406,18.45253],[73.84417,18.4525],[73.84461,18.45236]]}},{"type":"Feature","properties":{"name":"Katraj - Dehu Road Bypass","highway":"trunk","policy":""},"geometry":{"type":"LineString","coordinates":[[73.83622,18.45491],[73.83633,18.45487]]}},{"type":"Feature","properties":{"name":"Katraj - Dehu Road Bypass","highway":"trunk","policy":""},"geometry":{"type":"LineString","coordinates":[[73.84458,18.45224],[73.84433,18.45231],[73.84057,18.45342],[73.83865,18.45398],[73.83679,18.4546],[73.83629,18.45477]]}},{"type":"Feature","properties":{"name":"Katraj - Dehu Road Bypass","highway":"trunk","policy":""},"geometry":{"type":"LineString","coordinates":[[73.83629,18.45477],[73.83618,18.4548]]}},{"type":"Feature","properties":{"name":"Solapur Road","highway":"trunk","policy":""},"geometry":{"type":"LineString","coordinates":[[73.87923,18.50699],[73.87918,18.50696]]}},{"type":"Feature","properties":{"name":"Solapur Road","highway":"trunk","policy":""},"geometry":{"type":"LineString","coordinates":[[73.87933,18.50701],[73.8793,18.50701]]}},{"type":"Feature","properties":{"name":"Saswad Road","highway":"trunk","policy":""},"geometry":{"type":"LineString","coordinates":[[73.96249,18.46532],[73.96252,18.46525]]}},{"type":"Feature","properties":{"name":"Saswad Road","highway":"trunk","policy":""},"geometry":{"type":"LineString","coordinates":[[73.94084,18.49857],[73.94085,18.49856],[73.94085,18.49856]]}},{"type":"Feature","properties":{"name":"Magarpatta Road Flyover","highway":"trunk","policy":""},"geometry":{"type":"LineString","coordinates":[[73.92767,18.50517],[73.92767,18.50525]]}},{"type":"Feature","properties":{"name":"Mundhwa Road Railway Flyover","highway":"trunk","policy":""},"geometry":{"type":"LineString","coordinates":[[73.93231,18.52407],[73.93229,18.52393]]}},{"type":"Feature","properties":{"name":"Mundhwa Road Railway Flyover","highway":"trunk","policy":""},"geometry":{"type":"LineString","coordinates":[[73.9322,18.5239],[73.93222,18.52408]]}},{"type":"Feature","properties":{"name":"Mundhwa Road Railway Flyover","highway":"trunk","policy":""},"geometry":{"type":"LineString","coordinates":[[73.93247,18.52979],[73.93247,18.52968],[73.93248,18.52965]]}},{"type":"Feature","properties":{"name":"Mundhwa Road Railway Flyover","highway":"trunk","policy":""},"geometry":{"type":"LineString","coordinates":[[73.93238,18.52965],[73.93238,18.52975]]}},{"type":"Feature","properties":{"name":"Balaji Vishwanath Path","highway":"trunk","policy":""},"geometry":{"type":"LineString","coordinates":[[73.85584,18.50106],[73.85572,18.50109]]}},{"type":"Feature","properties":{"name":"Katraj Kondhwa Road","highway":"trunk","policy":""},"geometry":{"type":"LineString","coordinates":[[73.86398,18.44823],[73.86392,18.44818]]}},{"type":"Feature","properties":{"name":"Katraj Kondhwa Road","highway":"trunk","policy":""},"geometry":{"type":"LineString","coordinates":[[73.86386,18.44825],[73.86392,18.4483]]}},{"type":"Feature","properties":{"name":"Katraj - Dehu Road Bypass","highway":"trunk","policy":""},"geometry":{"type":"LineString","coordinates":[[73.82638,18.45617],[73.82673,18.45568],[73.82688,18.45548]]}},{"type":"Feature","properties":{"name":"Katraj - Dehu Road Bypass","highway":"trunk","policy":""},"geometry":{"type":"LineString","coordinates":[[73.82688,18.45548],[73.82746,18.45476],[73.82757,18.45462]]}},{"type":"Feature","properties":{"name":"Navale Flyover","highway":"trunk","policy":""},"geometry":{"type":"LineString","coordinates":[[73.82092,18.46178],[73.82021,18.46244],[73.82003,18.46263]]}},{"type":"Feature","properties":{"name":"Katraj - Dehu Road Bypass","highway":"trunk","policy":""},"geometry":{"type":"LineString","coordinates":[[73.76878,18.51804],[73.76879,18.51825]]}},{"type":"Feature","properties":{"name":"Katraj - Dehu Road Bypass","highway":"trunk","policy":""},"geometry":{"type":"LineString","coordinates":[[73.77274,18.52577],[73.77289,18.52588],[73.77316,18.52607],[73.77347,18.52625],[73.77378,18.5264],[73.77419,18.52656],[73.77604,18.52725],[73.77627,18.52735]]}},{"type":"Feature","properties":{"name":"Katraj - Dehu Road Bypass","highway":"trunk","policy":""},"geometry":{"type":"LineString","coordinates":[[73.77985,18.53209],[73.77981,18.53199]]}},{"type":"Feature","properties":{"name":"Katraj - Dehu Road Bypass","highway":"trunk","policy":""},"geometry":{"type":"LineString","coordinates":[[73.77953,18.53166],[73.77958,18.53178]]}},{"type":"Feature","properties":{"name":"Katraj - Dehu Road Bypass","highway":"trunk","policy":""},"geometry":{"type":"LineString","coordinates":[[73.78123,18.53718],[73.78118,18.537]]}},{"type":"Feature","properties":{"name":"Katraj - Dehu Road Bypass","highway":"trunk","policy":""},"geometry":{"type":"LineString","coordinates":[[73.78109,18.53721],[73.78114,18.53749],[73.78114,18.53749],[73.78116,18.53777],[73.78115,18.53808],[73.7811,18.53844],[73.78104,18.5387],[73.78094,18.539],[73.7808,18.53928],[73.78064,18.53956],[73.78048,18.53979],[73.78037,18.53992]]}},{"type":"Feature","properties":{"name":"Katraj - Dehu Road Bypass","highway":"trunk","policy":""},"geometry":{"type":"LineString","coordinates":[[73.77327,18.5484],[73.77341,18.54799],[73.7735,18.54775],[73.77408,18.54612],[73.7742,18.54578],[73.77432,18.54548],[73.77439,18.54533],[73.77446,18.5452],[73.77456,18.54502],[73.77466,18.54486]]}},{"type":"Feature","properties":{"name":"Katraj - Dehu Road Bypass","highway":"trunk","policy":""},"geometry":{"type":"LineString","coordinates":[[73.7756,18.54365],[73.77531,18.54394],[73.77506,18.54418],[73.77478,18.54447],[73.77456,18.54475],[73.77444,18.54495],[73.77433,18.54514],[73.77426,18.54528],[73.77419,18.54543],[73.77407,18.54574],[73.77395,18.54608],[73.77322,18.54809]]}},{"type":"Feature","properties":{"name":"Katraj - Dehu Road Bypass","highway":"trunk","policy":""},"geometry":{"type":"LineString","coordinates":[[73.77513,18.54431],[73.77602,18.54351]]}},{"type":"Feature","properties":{"name":"Katraj - Dehu Road Bypass","highway":"trunk","policy":""},"geometry":{"type":"LineString","coordinates":[[73.77466,18.54486],[73.77468,18.54482],[73.77489,18.54456],[73.77513,18.54431]]}},{"type":"Feature","properties":{"name":"Katraj - Dehu Road Bypass","highway":"trunk","policy":""},"geometry":{"type":"LineString","coordinates":[[73.77322,18.54809],[73.77319,18.5482]]}},{"type":"Feature","properties":{"name":"Katraj - Dehu Road Bypass","highway":"trunk","policy":""},"geometry":{"type":"LineString","coordinates":[[73.76948,18.55912],[73.7695,18.55907],[73.76951,18.55902]]}},{"type":"Feature","properties":{"name":"Solapur Road Flyover","highway":"trunk","policy":""},"geometry":{"type":"LineString","coordinates":[[73.91954,18.50448],[73.91949,18.5045]]}},{"type":"Feature","properties":{"name":"Solapur Road","highway":"trunk","policy":""},"geometry":{"type":"LineString","coordinates":[[73.92097,18.50424],[73.92117,18.50418],[73.92148,18.50409]]}},{"type":"Feature","properties":{"name":"Solapur Road Flyover","highway":"trunk","policy":""},"geometry":{"type":"LineString","coordinates":[[73.91327,18.50629],[73.91379,18.50622]]}},{"type":"Feature","properties":{"name":"Solapur Road Flyover","highway":"trunk","policy":""},"geometry":{"type":"LineString","coordinates":[[73.91377,18.50608],[73.91358,18.50609]]}},{"type":"Feature","properties":{"name":"Solapur Road Flyover","highway":"trunk","policy":""},"geometry":{"type":"LineString","coordinates":[[73.94129,18.50039],[73.94103,18.50043]]}},{"type":"Feature","properties":{"name":"Solapur Road Flyover","highway":"trunk","policy":""},"geometry":{"type":"LineString","coordinates":[[73.94103,18.50051],[73.94131,18.50047]]}},{"type":"Feature","properties":{"name":"Solapur Road Flyover","highway":"trunk","policy":""},"geometry":{"type":"LineString","coordinates":[[73.93134,18.50158],[73.93094,18.5016]]}},{"type":"Feature","properties":{"name":"Solapur Road Flyover","highway":"trunk","policy":""},"geometry":{"type":"LineString","coordinates":[[73.93094,18.50172],[73.93136,18.50166]]}},{"type":"Feature","properties":{"name":"Old Pune\u2013Mumbai Highway","highway":"trunk","policy":""},"geometry":{"type":"LineString","coordinates":[[73.82545,18.60311],[73.82539,18.60317]]}},{"type":"Feature","properties":{"name":"Pune Nashik Road","highway":"trunk","policy":""},"geometry":{"type":"LineString","coordinates":[[73.82342,18.61026],[73.8234,18.61],[73.82331,18.60961],[73.8227,18.60777],[73.82255,18.60732]]}},{"type":"Feature","properties":{"name":"Bharatratna J.R.D Tata Flyover","highway":"trunk","policy":""},"geometry":{"type":"LineString","coordinates":[[73.82366,18.61204],[73.82376,18.61229]]}},{"type":"Feature","properties":{"name":"Katraj - Dehu Road Bypass","highway":"trunk","policy":""},"geometry":{"type":"LineString","coordinates":[[73.73657,18.64509],[73.73642,18.64544],[73.73607,18.64628],[73.73571,18.64715]]}},{"type":"Feature","properties":{"name":"Katraj - Dehu Road Bypass","highway":"trunk","policy":""},"geometry":{"type":"LineString","coordinates":[[73.73586,18.64725],[73.73657,18.64548],[73.73671,18.64514]]}},{"type":"Feature","properties":{"name":"Gramdaivat Shree Dharmanath Maharaj Flyover","highway":"trunk","policy":""},"geometry":{"type":"LineString","coordinates":[[73.73575,18.64752],[73.73586,18.64725]]}},{"type":"Feature","properties":{"name":"Gramdaivat Shree Dharmanath Maharaj Flyover","highway":"trunk","policy":""},"geometry":{"type":"LineString","coordinates":[[73.73571,18.64715],[73.73559,18.64746]]}},{"type":"Feature","properties":{"name":"Old Pune\u2013Mumbai Highway","highway":"trunk","policy":""},"geometry":{"type":"LineString","coordinates":[[73.8551,18.53027],[73.85514,18.53028]]}},{"type":"Feature","properties":{"name":"Old Pune\u2013Mumbai Highway","highway":"trunk","policy":""},"geometry":{"type":"LineString","coordinates":[[73.78771,18.64732],[73.78746,18.64761]]}},{"type":"Feature","properties":{"name":"Old Pune\u2013Mumbai Highway","highway":"trunk","policy":""},"geometry":{"type":"LineString","coordinates":[[73.78757,18.64763],[73.78766,18.64753],[73.78786,18.64729]]}},{"type":"Feature","properties":{"name":"Old Pune\u2013Mumbai Highway","highway":"trunk","policy":""},"geometry":{"type":"LineString","coordinates":[[73.79093,18.64358],[73.7907,18.64385]]}},{"type":"Feature","properties":{"name":"Chatrapati Shivaji Maharaj Chowk Underpass","highway":"trunk","policy":""},"geometry":{"type":"LineString","coordinates":[[73.79431,18.63961],[73.79391,18.64008]]}},{"type":"Feature","properties":{"name":"Chatrapati Shivaji Maharaj Chowk Underpass","highway":"trunk","policy":""},"geometry":{"type":"LineString","coordinates":[[73.79399,18.64012],[73.79437,18.63967]]}},{"type":"Feature","properties":{"name":"Punyashlok Ahilyabai Holkar Underpass","highway":"trunk","policy":""},"geometry":{"type":"LineString","coordinates":[[73.80399,18.62818],[73.80295,18.6294]]}},{"type":"Feature","properties":{"name":"Punyashlok Ahilyabai Holkar Underpass","highway":"trunk","policy":""},"geometry":{"type":"LineString","coordinates":[[73.80302,18.62946],[73.80388,18.62845],[73.80406,18.62824]]}},{"type":"Feature","properties":{"name":"Raja Bahadur Mill Marg","highway":"trunk","policy":""},"geometry":{"type":"LineString","coordinates":[[73.86332,18.52973],[73.86321,18.52969]]}},{"type":"Feature","properties":{"name":"Solapur Road","highway":"trunk","policy":""},"geometry":{"type":"LineString","coordinates":[[73.90105,18.5065],[73.90081,18.5065],[73.90009,18.50651],[73.89972,18.50652]]}},{"type":"Feature","properties":{"name":"Solapur Road","highway":"trunk","policy":""},"geometry":{"type":"LineString","coordinates":[[73.90111,18.50649],[73.90105,18.5065]]}},{"type":"Feature","properties":{"name":"Solapur Road","highway":"trunk","policy":""},"geometry":{"type":"LineString","coordinates":[[73.89853,18.50656],[73.89849,18.50656],[73.89843,18.50657]]}},{"type":"Feature","properties":{"name":"freight corridor","highway":"trunk","policy":""},"geometry":{"type":"LineString","coordinates":[[73.83489,18.45551],[73.83487,18.45546],[73.83484,18.45537]]}},{"type":"Feature","properties":{"name":"freight corridor","highway":"trunk","policy":""},"geometry":{"type":"LineString","coordinates":[[73.8851,18.54138],[73.88475,18.54127],[73.88452,18.54121],[73.88429,18.54121],[73.88421,18.54124],[73.88414,18.54131],[73.88407,18.5414]]}},{"type":"Feature","properties":{"name":"freight corridor","highway":"trunk","policy":""},"geometry":{"type":"LineString","coordinates":[[73.88505,18.54126],[73.8853,18.54134]]}},{"type":"Feature","properties":{"name":"freight corridor","highway":"trunk","policy":""},"geometry":{"type":"LineString","coordinates":[[73.8853,18.54134],[73.88541,18.54136]]}},{"type":"Feature","properties":{"name":"Katraj Flyover","highway":"trunk","policy":""},"geometry":{"type":"LineString","coordinates":[[73.8595,18.44781],[73.85967,18.44778]]}},{"type":"Feature","properties":{"name":"NH548DD","highway":"trunk","policy":""},"geometry":{"type":"LineString","coordinates":[[73.85941,18.4479],[73.8595,18.44781]]}},{"type":"Feature","properties":{"name":"NH548DD","highway":"trunk","policy":""},"geometry":{"type":"LineString","coordinates":[[73.91081,18.4498],[73.91074,18.44977],[73.91057,18.44968],[73.91041,18.44964],[73.91031,18.44964],[73.91017,18.44967],[73.90988,18.44974],[73.90985,18.44975],[73.9098,18.44981]]}},{"type":"Feature","properties":{"name":"Pune Nashik Road","highway":"trunk","policy":""},"geometry":{"type":"LineString","coordinates":[[73.82221,18.60738],[73.82223,18.60746]]}},{"type":"Feature","properties":{"name":"Undri Pisoli Road","highway":"trunk","policy":""},"geometry":{"type":"LineString","coordinates":[[73.89731,18.45109],[73.89742,18.4511],[73.8977,18.45111],[73.89772,18.45111],[73.89789,18.45112],[73.89801,18.45112],[73.89812,18.45112],[73.89835,18.4511],[73.89855,18.45107],[73.89885,18.45101]]}},{"type":"Feature","properties":{"name":"Undri Pisoli Road","highway":"trunk","policy":""},"geometry":{"type":"LineString","coordinates":[[73.89885,18.45101],[73.89895,18.451],[73.89913,18.45095]]}},{"type":"Feature","properties":{"name":"Solapur Road","highway":"trunk","policy":""},"geometry":{"type":"LineString","coordinates":[[73.92747,18.50232],[73.92736,18.50236]]}},{"type":"Feature","properties":{"name":"Solapur Road","highway":"trunk","policy":""},"geometry":{"type":"LineString","coordinates":[[73.9277,18.50224],[73.92752,18.5023],[73.92747,18.50232]]}},{"type":"Feature","properties":{"name":"Solapur Road","highway":"trunk","policy":""},"geometry":{"type":"LineString","coordinates":[[73.9277,18.50245],[73.92888,18.50211],[73.92959,18.50192],[73.93004,18.50184],[73.93048,18.50178],[73.93094,18.50172]]}},{"type":"Feature","properties":{"name":"Solapur Road","highway":"trunk","policy":""},"geometry":{"type":"LineString","coordinates":[[73.92736,18.50236],[73.92716,18.50244],[73.92704,18.50249],[73.92666,18.5026],[73.92639,18.50267],[73.92573,18.50285],[73.92552,18.50283]]}},{"type":"Feature","properties":{"name":"Mundhwa Road","highway":"trunk","policy":""},"geometry":{"type":"LineString","coordinates":[[73.93254,18.52007],[73.93256,18.5199]]}},{"type":"Feature","properties":{"name":"Mundhwa Road","highway":"trunk","policy":""},"geometry":{"type":"LineString","coordinates":[[73.93245,18.52006],[73.93244,18.52019],[73.93242,18.52027],[73.93239,18.52046],[73.93238,18.52049],[73.93236,18.52056],[73.93232,18.52071],[73.93225,18.52092],[73.93221,18.52098],[73.93209,18.52133],[73.93208,18.52139],[73.93206,18.52145],[73.93205,18.52156],[73.93204,18.52169],[73.93205,18.52188],[73.93206,18.522],[73.93208,18.52243],[73.9321,18.52262],[73.93213,18.52312],[73.93215,18.52342],[73.93216,18.52353],[73.93216,18.52358],[73.9322,18.5239]]}},{"type":"Feature","properties":{"name":"Mundhwa Road","highway":"trunk","policy":""},"geometry":{"type":"LineString","coordinates":[[73.93256,18.5199],[73.93261,18.51952],[73.93263,18.51936],[73.93266,18.51913],[73.93271,18.51879]]}},{"type":"Feature","properties":{"name":"Mundhwa Road","highway":"trunk","policy":""},"geometry":{"type":"LineString","coordinates":[[73.93262,18.51878],[73.93245,18.52006]]}},{"type":"Feature","properties":{"name":"Mundhwa Road","highway":"trunk","policy":""},"geometry":{"type":"LineString","coordinates":[[73.93296,18.51684],[73.93297,18.51675]]}},{"type":"Feature","properties":{"name":"NH548DD","highway":"trunk","policy":""},"geometry":{"type":"LineString","coordinates":[[73.91756,18.45067],[73.91815,18.45078],[73.9184,18.45082]]}},{"type":"Feature","properties":{"name":"Katraj - Dehu Road Bypass","highway":"trunk","policy":""},"geometry":{"type":"LineString","coordinates":[[73.85797,18.44854],[73.85805,18.44845]]}},{"type":"Feature","properties":{"name":"freight corridor","highway":"trunk","policy":""},"geometry":{"type":"LineString","coordinates":[[73.8579,18.44821],[73.85768,18.44828],[73.85753,18.44832],[73.85657,18.44862],[73.85586,18.44887],[73.85559,18.44899]]}},{"type":"Feature","properties":{"name":"freight corridor","highway":"trunk","policy":""},"geometry":{"type":"LineString","coordinates":[[73.85801,18.44818],[73.8579,18.44821]]}},{"type":"Feature","properties":{"name":"freight corridor","highway":"trunk","policy":""},"geometry":{"type":"LineString","coordinates":[[73.85416,18.44958],[73.85432,18.44959],[73.85437,18.44959],[73.85486,18.44944],[73.85543,18.44929],[73.85607,18.4491],[73.85671,18.4489],[73.85743,18.44865],[73.85777,18.44854]]}},{"type":"Feature","properties":{"name":"Satara Road","highway":"trunk","policy":""},"geometry":{"type":"LineString","coordinates":[[73.85839,18.44832],[73.85834,18.4485],[73.8583,18.44867]]}},{"type":"Feature","properties":{"name":"Satara Road","highway":"trunk","policy":""},"geometry":{"type":"LineString","coordinates":[[73.8583,18.44867],[73.85826,18.44885],[73.85825,18.44892]]}},{"type":"Feature","properties":{"name":"Nagar Road","highway":"trunk","policy":""},"geometry":{"type":"LineString","coordinates":[[73.94362,18.56487],[73.94354,18.56477],[73.94338,18.56461]]}},{"type":"Feature","properties":{"name":"Mumbai - Satara Highway","highway":"trunk","policy":""},"geometry":{"type":"LineString","coordinates":[[73.7562,18.5948],[73.75664,18.59362],[73.7571,18.59239]]}},{"type":"Feature","properties":{"name":"Mumbai - Satara Highway","highway":"trunk","policy":""},"geometry":{"type":"LineString","coordinates":[[73.7571,18.59239],[73.75715,18.59226],[73.75721,18.59213],[73.75732,18.59181],[73.75736,18.59172],[73.75739,18.59164]]}},{"type":"Feature","properties":{"name":"Mumbai - Satara Highway","highway":"trunk","policy":""},"geometry":{"type":"LineString","coordinates":[[73.75793,18.58983],[73.7573,18.5915],[73.75729,18.59153]]}},{"type":"Feature","properties":{"name":"Mumbai - Satara Highway","highway":"trunk","policy":""},"geometry":{"type":"LineString","coordinates":[[73.75729,18.59153],[73.75725,18.59163],[73.75715,18.5919],[73.75698,18.59235]]}},{"type":"Feature","properties":{"name":"Bund Garden Road","highway":"trunk","policy":""},"geometry":{"type":"LineString","coordinates":[[73.87954,18.53469],[73.87957,18.53474]]}},{"type":"Feature","properties":{"name":"Bund Garden Road","highway":"trunk","policy":""},"geometry":{"type":"LineString","coordinates":[[73.87968,18.53475],[73.87964,18.53469]]}},{"type":"Feature","properties":{"name":"Bund Garden Road","highway":"trunk","policy":""},"geometry":{"type":"LineString","coordinates":[[73.87964,18.53483],[73.87971,18.53493],[73.87989,18.53519],[73.88013,18.53553],[73.88044,18.53602],[73.8805,18.53612],[73.88072,18.53642],[73.88077,18.53651],[73.88119,18.5372],[73.88124,18.53729],[73.8813,18.53736],[73.88149,18.53767],[73.88154,18.53776],[73.88182,18.53819],[73.88199,18.53845],[73.88211,18.53861],[73.8822,18.53876],[73.88296,18.53994],[73.88352,18.54075],[73.88357,18.54083],[73.88366,18.54096],[73.88374,18.54105],[73.88383,18.54109],[73.88389,18.54114],[73.88393,18.54117],[73.88397,18.54122],[73.88401,18.54127],[73.88404,18.54131],[73.88407,18.5414]]}},{"type":"Feature","properties":{"name":"Bund Garden Road","highway":"trunk","policy":""},"geometry":{"type":"LineString","coordinates":[[73.87948,18.53459],[73.87954,18.53469]]}},{"type":"Feature","properties":{"name":"Katraj - Dehu Road Bypass","highway":"trunk","policy":""},"geometry":{"type":"LineString","coordinates":[[73.82365,18.45947],[73.82402,18.45964],[73.8241,18.45963],[73.82418,18.4596],[73.82456,18.45936],[73.82471,18.45927],[73.82477,18.45924],[73.82527,18.45895],[73.82548,18.45882],[73.82561,18.45876],[73.82574,18.4587]]}},{"type":"Feature","properties":{"name":"Jagannath Shankarsheth Marg","highway":"trunk","policy":""},"geometry":{"type":"LineString","coordinates":[[73.87877,18.50284],[73.87871,18.50281],[73.87858,18.50276],[73.87844,18.50273]]}},{"type":"Feature","properties":{"name":"Bund Garden Road","highway":"trunk","policy":""},"geometry":{"type":"LineString","coordinates":[[73.884,18.54105],[73.88422,18.5411],[73.88433,18.54112]]}},{"type":"Feature","properties":{"name":"Nagar Road","highway":"trunk","policy":""},"geometry":{"type":"LineString","coordinates":[[73.96846,18.577],[73.96829,18.57698],[73.96806,18.57696],[73.9676,18.5769],[73.9672,18.57686],[73.96677,18.57678],[73.96629,18.57667],[73.96617,18.57664],[73.96613,18.57663],[73.96583,18.57655],[73.96557,18.57649],[73.96546,18.57646],[73.96455,18.57622],[73.96416,18.57611],[73.96333,18.57586],[73.96286,18.57571],[73.9625,18.57558],[73.96221,18.57545],[73.9621,18.57541]]}},{"type":"Feature","properties":{"name":"freight corridor","highway":"trunk","policy":""},"geometry":{"type":"LineString","coordinates":[[73.85522,18.5302],[73.85502,18.53021]]}},{"type":"Feature","properties":{"name":"freight corridor","highway":"trunk","policy":""},"geometry":{"type":"LineString","coordinates":[[73.85777,18.44854],[73.85805,18.44845]]}},{"type":"Feature","properties":{"name":"Katraj - Dehu Road Bypass","highway":"trunk","policy":""},"geometry":{"type":"LineString","coordinates":[[73.85805,18.44845],[73.85809,18.44844],[73.85839,18.44832]]}},{"type":"Feature","properties":{"name":"Katraj - Dehu Road Bypass","highway":"trunk","policy":""},"geometry":{"type":"LineString","coordinates":[[73.85194,18.4502],[73.85202,18.45018],[73.85248,18.45005],[73.85249,18.45004],[73.85359,18.44974],[73.85378,18.44969],[73.85416,18.44958]]}},{"type":"Feature","properties":{"name":"Solapur Road","highway":"trunk","policy":""},"geometry":{"type":"LineString","coordinates":[[73.96763,18.49685],[73.96837,18.49675],[73.96884,18.49668],[73.96948,18.49659],[73.96989,18.49653],[73.97034,18.49647],[73.97067,18.49642],[73.97087,18.49639],[73.97102,18.49637],[73.97168,18.49628],[73.972,18.49623],[73.97232,18.49619],[73.97241,18.49617],[73.97266,18.49614],[73.97288,18.49611],[73.97317,18.49607],[73.97348,18.49602],[73.97478,18.49584],[73.97636,18.49562],[73.97665,18.49558]]}},{"type":"Feature","properties":{"name":"Mundhwa Road","highway":"trunk","policy":""},"geometry":{"type":"LineString","coordinates":[[73.93252,18.51471],[73.93286,18.51591],[73.93289,18.51603],[73.9329,18.51616],[73.93291,18.51626],[73.93291,18.51641],[73.93291,18.51656],[73.93289,18.51675]]}},{"type":"Feature","properties":{"name":"Nagar Road","highway":"trunk","policy":""},"geometry":{"type":"LineString","coordinates":[[73.92666,18.56266],[73.92655,18.56265],[73.92606,18.56262],[73.92531,18.56257]]}},{"type":"Feature","properties":{"name":"Katraj-Kondhwa Road","highway":"trunk","policy":""},"geometry":{"type":"LineString","coordinates":[[73.8715,18.44964],[73.87179,18.44968],[73.87199,18.44968],[73.87207,18.44968],[73.87243,18.44966],[73.87253,18.44965],[73.87303,18.44962],[73.87337,18.44961],[73.87353,18.44961],[73.87371,18.44963],[73.87381,18.44963],[73.87392,18.44965],[73.874,18.44967],[73.87411,18.44969],[73.8743,18.44973],[73.87453,18.44976],[73.8756,18.44995],[73.87581,18.45002]]}},{"type":"Feature","properties":{"name":"Katraj Kondhwa Road","highway":"trunk","policy":""},"geometry":{"type":"LineString","coordinates":[[73.87304,18.44958],[73.87267,18.44959],[73.87244,18.4496],[73.87224,18.44961],[73.87191,18.44963],[73.87151,18.44959]]}},{"type":"Feature","properties":{"name":"Katraj - Dehu Road Bypass","highway":"trunk","policy":""},"geometry":{"type":"LineString","coordinates":[[73.77322,18.54853],[73.77325,18.54846],[73.77327,18.5484]]}},{"type":"Feature","properties":{"name":"Katraj - Dehu Road Bypass","highway":"trunk","policy":""},"geometry":{"type":"LineString","coordinates":[[73.80645,18.47785],[73.8058,18.47856]]}},{"type":"Feature","properties":{"name":"Katraj - Dehu Road Bypass","highway":"trunk","policy":""},"geometry":{"type":"LineString","coordinates":[[73.80716,18.47705],[73.80695,18.47728]]}},{"type":"Feature","properties":{"name":"Katraj - Dehu Road Bypass","highway":"trunk","policy":""},"geometry":{"type":"LineString","coordinates":[[73.80589,18.47863],[73.80654,18.47791]]}},{"type":"Feature","properties":{"name":"Katraj - Dehu Road Bypass","highway":"trunk","policy":""},"geometry":{"type":"LineString","coordinates":[[73.80706,18.47733],[73.8073,18.47707]]}},{"type":"Feature","properties":{"name":"Castellino Marg","highway":"trunk","policy":""},"geometry":{"type":"LineString","coordinates":[[73.87873,18.50288],[73.8787,18.50307]]}},{"type":"Feature","properties":{"name":"Castellino Marg","highway":"trunk","policy":""},"geometry":{"type":"LineString","coordinates":[[73.87877,18.50284],[73.87873,18.50288]]}},{"type":"Feature","properties":{"name":"Jagannath Shankarsheth Marg","highway":"trunk","policy":""},"geometry":{"type":"LineString","coordinates":[[73.87844,18.50273],[73.87848,18.50276],[73.87856,18.50279],[73.87859,18.50281],[73.87864,18.50283],[73.87866,18.50286],[73.87868,18.5029],[73.87869,18.50296],[73.8787,18.50307]]}},{"type":"Feature","properties":{"name":"Castellino Marg","highway":"trunk","policy":""},"geometry":{"type":"LineString","coordinates":[[73.87871,18.50281],[73.87873,18.50288]]}},{"type":"Feature","properties":{"name":"Solapur Road","highway":"trunk","policy":""},"geometry":{"type":"LineString","coordinates":[[73.88431,18.50651],[73.88423,18.50649]]}},{"type":"Feature","properties":{"name":"Kharadi Bypass","highway":"trunk","policy":""},"geometry":{"type":"LineString","coordinates":[[73.93852,18.56211],[73.93852,18.56215],[73.93852,18.56222]]}},{"type":"Feature","properties":{"name":"Chimaji Appa Peshwe Path","highway":"trunk","policy":""},"geometry":{"type":"LineString","coordinates":[[73.85369,18.50377],[73.85363,18.50388],[73.85362,18.50401]]}},{"type":"Feature","properties":{"name":"Balaji Vishwanath Path","highway":"trunk","policy":""},"geometry":{"type":"LineString","coordinates":[[73.85401,18.50149],[73.85397,18.50169]]}},{"type":"Feature","properties":{"name":"Balaji Vishwanath Path","highway":"trunk","policy":""},"geometry":{"type":"LineString","coordinates":[[73.8542,18.50145],[73.85413,18.50146],[73.85406,18.50145]]}},{"type":"Feature","properties":{"name":"Jagannath Shankarsheth Marg","highway":"trunk","policy":""},"geometry":{"type":"LineString","coordinates":[[73.8594,18.5004],[73.859,18.50043],[73.85862,18.50045],[73.85855,18.50046]]}},{"type":"Feature","properties":{"name":"Katraj - Dehu Road Bypass","highway":"trunk","policy":""},"geometry":{"type":"LineString","coordinates":[[73.78225,18.50748],[73.77857,18.5083],[73.77601,18.50881],[73.77597,18.50882],[73.77553,18.50891],[73.77517,18.509],[73.7749,18.50909],[73.77466,18.50918],[73.77437,18.50929],[73.7741,18.50943],[73.77395,18.50951],[73.77376,18.50962],[73.77348,18.5098],[73.77322,18.50998],[73.7715,18.51133],[73.77124,18.51154]]}},{"type":"Feature","properties":{"name":"Solapur Road","highway":"trunk","policy":""},"geometry":{"type":"LineString","coordinates":[[73.92148,18.50409],[73.92167,18.50404]]}},{"type":"Feature","properties":{"name":"Solapur Road","highway":"trunk","policy":""},"geometry":{"type":"LineString","coordinates":[[73.92143,18.50393],[73.9211,18.50402]]}},{"type":"Feature","properties":{"name":"Solapur Road","highway":"trunk","policy":""},"geometry":{"type":"LineString","coordinates":[[73.92156,18.5039],[73.92143,18.50393]]}},{"type":"Feature","properties":{"name":"Katraj - Dehu Road Bypass","highway":"trunk","policy":""},"geometry":{"type":"LineString","coordinates":[[73.76547,18.5697],[73.76466,18.57188]]}},{"type":"Feature","properties":{"name":"Katraj - Dehu Road Bypass","highway":"trunk","policy":""},"geometry":{"type":"LineString","coordinates":[[73.75953,18.58559],[73.75925,18.58632]]}},{"type":"Feature","properties":{"name":"Mumbai - Satara Highway","highway":"trunk","policy":""},"geometry":{"type":"LineString","coordinates":[[73.75891,18.58761],[73.75893,18.58756]]}},{"type":"Feature","properties":{"name":"Katraj - Dehu Road Bypass","highway":"trunk","policy":""},"geometry":{"type":"LineString","coordinates":[[73.76487,18.57173],[73.7656,18.56974]]}},{"type":"Feature","properties":{"name":"Katraj - Dehu Road Bypass","highway":"trunk","policy":""},"geometry":{"type":"LineString","coordinates":[[73.80695,18.47728],[73.80682,18.47743],[73.80676,18.4775],[73.80645,18.47785]]}},{"type":"Feature","properties":{"name":"Katraj - Dehu Road Bypass","highway":"trunk","policy":""},"geometry":{"type":"LineString","coordinates":[[73.80654,18.47791],[73.80691,18.4775],[73.80706,18.47733]]}},{"type":"Feature","properties":{"name":"Mumbai - Satara Highway","highway":"trunk","policy":""},"geometry":{"type":"LineString","coordinates":[[73.75308,18.60277],[73.75298,18.60304],[73.75249,18.60428],[73.75214,18.60528]]}},{"type":"Feature","properties":{"name":"Mumbai - Satara Highway","highway":"trunk","policy":""},"geometry":{"type":"LineString","coordinates":[[73.75226,18.60537],[73.75262,18.60432],[73.75311,18.60308],[73.75321,18.60281]]}},{"type":"Feature","properties":{"name":"Mumbai - Satara Highway","highway":"trunk","policy":""},"geometry":{"type":"LineString","coordinates":[[73.75337,18.60195],[73.75322,18.60236],[73.7532,18.60244],[73.75308,18.60277]]}},{"type":"Feature","properties":{"name":"Mumbai - Satara Highway","highway":"trunk","policy":""},"geometry":{"type":"LineString","coordinates":[[73.75321,18.60281],[73.75331,18.60255],[73.75337,18.60239],[73.75351,18.60199]]}},{"type":"Feature","properties":{"name":"Katraj - Dehu Road Bypass","highway":"trunk","policy":""},"geometry":{"type":"LineString","coordinates":[[73.75207,18.6055],[73.75147,18.60714]]}},{"type":"Feature","properties":{"name":"Katraj - Dehu Road Bypass","highway":"trunk","policy":""},"geometry":{"type":"LineString","coordinates":[[73.7516,18.60718],[73.75217,18.60559]]}},{"type":"Feature","properties":{"name":"Katraj - Dehu Road Bypass","highway":"trunk","policy":""},"geometry":{"type":"LineString","coordinates":[[73.74704,18.6187],[73.74613,18.62092]]}},{"type":"Feature","properties":{"name":"Katraj - Dehu Road Bypass","highway":"trunk","policy":""},"geometry":{"type":"LineString","coordinates":[[73.74624,18.62101],[73.74717,18.61873]]}},{"type":"Feature","properties":{"name":"Katraj - Dehu Road Bypass","highway":"trunk","policy":""},"geometry":{"type":"LineString","coordinates":[[73.74607,18.62107],[73.74512,18.62336]]}},{"type":"Feature","properties":{"name":"Katraj - Dehu Road Bypass","highway":"trunk","policy":""},"geometry":{"type":"LineString","coordinates":[[73.74525,18.62341],[73.74617,18.62117]]}},{"type":"Feature","properties":{"name":"Katraj - Dehu Road Bypass","highway":"trunk","policy":""},"geometry":{"type":"LineString","coordinates":[[73.74121,18.63365],[73.7417,18.6324]]}},{"type":"Feature","properties":{"name":"Katraj - Dehu Road Bypass","highway":"trunk","policy":""},"geometry":{"type":"LineString","coordinates":[[73.74158,18.63235],[73.74108,18.6336]]}},{"type":"Feature","properties":{"name":"Katraj - Dehu Road Bypass","highway":"trunk","policy":""},"geometry":{"type":"LineString","coordinates":[[73.74077,18.6344],[73.73996,18.63644]]}},{"type":"Feature","properties":{"name":"Katraj - Dehu Road Bypass","highway":"trunk","policy":""},"geometry":{"type":"LineString","coordinates":[[73.74009,18.63648],[73.74087,18.63449]]}},{"type":"Feature","properties":{"name":"Solapur Road","highway":"trunk","policy":""},"geometry":{"type":"LineString","coordinates":[[73.92162,18.50388],[73.92156,18.5039]]}},{"type":"Feature","properties":{"name":"Magarpatta Road Flyover","highway":"trunk","policy":""},"geometry":{"type":"LineString","coordinates":[[73.92754,18.50239],[73.92737,18.50244]]}},{"type":"Feature","properties":{"name":"Magarpatta Road Flyover","highway":"trunk","policy":""},"geometry":{"type":"LineString","coordinates":[[73.92951,18.50184],[73.92869,18.50205]]}},{"type":"Feature","properties":{"name":"Magarpatta Road Flyover","highway":"trunk","policy":""},"geometry":{"type":"LineString","coordinates":[[73.92636,18.5026],[73.92573,18.50277]]}},{"type":"Feature","properties":{"name":"Magarpatta Road Flyover","highway":"trunk","policy":""},"geometry":{"type":"LineString","coordinates":[[73.92754,18.50239],[73.92751,18.50243],[73.92749,18.50247],[73.92747,18.50251],[73.92746,18.50255],[73.92745,18.50259],[73.92745,18.50263],[73.92745,18.50267],[73.92755,18.50371]]}},{"type":"Feature","properties":{"name":"Magarpatta Road Flyover","highway":"trunk","policy":""},"geometry":{"type":"LineString","coordinates":[[73.92762,18.50371],[73.92754,18.50266],[73.92752,18.50259],[73.92751,18.50256],[73.9275,18.50253],[73.92747,18.50251],[73.92745,18.50249],[73.92741,18.50246],[73.92737,18.50244]]}},{"type":"Feature","properties":{"name":"Solapur Road Flyover","highway":"trunk","policy":""},"geometry":{"type":"LineString","coordinates":[[73.93271,18.50149],[73.93134,18.50158]]}},{"type":"Feature","properties":{"name":"Solapur Road Flyover","highway":"trunk","policy":""},"geometry":{"type":"LineString","coordinates":[[73.93136,18.50166],[73.93271,18.50157]]}},{"type":"Feature","properties":{"name":"Katraj - Dehu Road Bypass","highway":"trunk","policy":""},"geometry":{"type":"LineString","coordinates":[[73.76593,18.56888],[73.76653,18.56731]]}},{"type":"Feature","properties":{"name":"Katraj - Dehu Road Bypass","highway":"trunk","policy":""},"geometry":{"type":"LineString","coordinates":[[73.76623,18.56752],[73.7658,18.56884]]}},{"type":"Feature","properties":{"name":"NH548DD","highway":"trunk","policy":""},"geometry":{"type":"LineString","coordinates":[[73.91682,18.45053],[73.91695,18.45057],[73.917,18.45058],[73.91706,18.45059],[73.91756,18.45067]]}},{"type":"Feature","properties":{"name":"NH548DD","highway":"trunk","policy":""},"geometry":{"type":"LineString","coordinates":[[73.92063,18.45154],[73.92054,18.4515],[73.92043,18.45146],[73.92024,18.45139],[73.92005,18.45131],[73.91987,18.45124],[73.91981,18.45122],[73.9197,18.45117],[73.91963,18.45114],[73.91946,18.45105],[73.91934,18.45099],[73.91917,18.45092],[73.91912,18.4509],[73.91901,18.45086],[73.91871,18.45079],[73.91821,18.45072],[73.91757,18.45061],[73.91739,18.45057],[73.91707,18.45052],[73.91701,18.45052],[73.91682,18.45053]]}},{"type":"Feature","properties":{"name":"NH548DD","highway":"trunk","policy":""},"geometry":{"type":"LineString","coordinates":[[73.92297,18.45252],[73.92436,18.45296],[73.92439,18.45297],[73.92464,18.45305],[73.92479,18.45309],[73.92499,18.45312],[73.92545,18.45316],[73.9256,18.45318]]}},{"type":"Feature","properties":{"name":"NH548DD","highway":"trunk","policy":""},"geometry":{"type":"LineString","coordinates":[[73.92437,18.45289],[73.92425,18.45285],[73.92337,18.45258],[73.923,18.45247],[73.92277,18.45238],[73.92221,18.45214],[73.92208,18.45209],[73.92192,18.45202],[73.92186,18.452],[73.92151,18.45187],[73.92145,18.45185],[73.92109,18.45171],[73.92075,18.45158],[73.92063,18.45154]]}},{"type":"Feature","properties":{"name":"NH548DD","highway":"trunk","policy":""},"geometry":{"type":"LineString","coordinates":[[73.9256,18.45318],[73.92644,18.45325],[73.92646,18.45325],[73.92676,18.45328],[73.92682,18.45328],[73.92691,18.4533],[73.9271,18.45331]]}},{"type":"Feature","properties":{"name":"NH548DD","highway":"trunk","policy":""},"geometry":{"type":"LineString","coordinates":[[73.93211,18.4551],[73.93191,18.45502],[73.93178,18.45495],[73.93126,18.45469],[73.93091,18.45448],[73.93067,18.45434],[73.93023,18.4541],[73.93019,18.45407],[73.93016,18.45405],[73.9298,18.45389],[73.92966,18.45385]]}},{"type":"Feature","properties":{"name":"NH548DD","highway":"trunk","policy":""},"geometry":{"type":"LineString","coordinates":[[73.93301,18.45546],[73.93277,18.45537],[73.9327,18.45534],[73.93263,18.45531],[73.93211,18.4551]]}},{"type":"Feature","properties":{"name":"NH548DD","highway":"trunk","policy":""},"geometry":{"type":"LineString","coordinates":[[73.92944,18.45383],[73.92961,18.4539],[73.92972,18.45393],[73.92985,18.45399],[73.92999,18.45405],[73.93018,18.45413]]}},{"type":"Feature","properties":{"name":"NH548DD","highway":"trunk","policy":""},"geometry":{"type":"LineString","coordinates":[[73.93018,18.45413],[73.93085,18.45454]]}},{"type":"Feature","properties":{"name":"NH548DD","highway":"trunk","policy":""},"geometry":{"type":"LineString","coordinates":[[73.92966,18.45385],[73.9293,18.4537],[73.92925,18.45369],[73.92924,18.45368],[73.92917,18.45366],[73.92903,18.45361],[73.92889,18.45357],[73.92876,18.45353],[73.92809,18.45338],[73.92789,18.45335]]}},{"type":"Feature","properties":{"name":"NH60","highway":"trunk","policy":""},"geometry":{"type":"LineString","coordinates":[[73.85928,18.44449],[73.85925,18.44423],[73.85923,18.44396],[73.85925,18.44376],[73.85929,18.44356],[73.85931,18.44349],[73.8594,18.44317],[73.85943,18.44306],[73.85949,18.44287],[73.85951,18.44278],[73.85966,18.44229],[73.85978,18.44188],[73.85981,18.44176],[73.85986,18.44154],[73.8599,18.44135],[73.85993,18.44125],[73.86005,18.44071],[73.86007,18.44063],[73.86022,18.44009],[73.86026,18.43992],[73.86042,18.43926],[73.86045,18.43908],[73.86046,18.43898],[73.86047,18.43882],[73.8605,18.43843]]}},{"type":"Feature","properties":{"name":"NH60","highway":"trunk","policy":""},"geometry":{"type":"LineString","coordinates":[[73.8605,18.43843],[73.86052,18.43816]]}},{"type":"Feature","properties":{"name":"Nagar Road","highway":"trunk","policy":""},"geometry":{"type":"LineString","coordinates":[[73.93052,18.56318],[73.9309,18.56321],[73.93221,18.56334]]}},{"type":"Feature","properties":{"name":"Nagar Road","highway":"trunk","policy":""},"geometry":{"type":"LineString","coordinates":[[73.93037,18.56317],[73.93052,18.56318]]}},{"type":"Feature","properties":{"name":"Nagar Road","highway":"trunk","policy":""},"geometry":{"type":"LineString","coordinates":[[73.93223,18.56312],[73.93181,18.56309],[73.93093,18.56298],[73.93053,18.56294]]}},{"type":"Feature","properties":{"name":"Nagar Road","highway":"trunk","policy":""},"geometry":{"type":"LineString","coordinates":[[73.93053,18.56294],[73.93039,18.56293]]}},{"type":"Feature","properties":{"name":"Katraj Kondhwa Road","highway":"trunk","policy":""},"geometry":{"type":"LineString","coordinates":[[73.87894,18.45025],[73.87872,18.45025],[73.87849,18.45025],[73.87819,18.45022],[73.87795,18.45018],[73.87753,18.45007],[73.87722,18.45005],[73.87684,18.45004],[73.87671,18.45004],[73.87662,18.45003],[73.87625,18.45001],[73.87582,18.44994],[73.8754,18.44986],[73.87518,18.44982],[73.87481,18.44976],[73.87441,18.44969],[73.8743,18.44967],[73.8741,18.44963],[73.87403,18.44962],[73.87382,18.44958],[73.87357,18.44957],[73.87333,18.44956],[73.87304,18.44958]]}},{"type":"Feature","properties":{"name":"Kharadi Bypass","highway":"trunk","policy":""},"geometry":{"type":"LineString","coordinates":[[73.93868,18.56221],[73.93868,18.56212]]}},{"type":"Feature","properties":{"name":"Nagar Road","highway":"trunk","policy":""},"geometry":{"type":"LineString","coordinates":[[73.88901,18.54576],[73.88889,18.54574]]}},{"type":"Feature","properties":{"name":"Mundhwa Road","highway":"trunk","policy":""},"geometry":{"type":"LineString","coordinates":[[73.93271,18.51879],[73.93273,18.51867],[73.93282,18.51798],[73.93294,18.51703]]}},{"type":"Feature","properties":{"name":"Mundhwa Road","highway":"trunk","policy":""},"geometry":{"type":"LineString","coordinates":[[73.93294,18.51703],[73.93295,18.5169],[73.93296,18.51684]]}},{"type":"Feature","properties":{"name":"Mundhwa Road","highway":"trunk","policy":""},"geometry":{"type":"LineString","coordinates":[[73.93285,18.51702],[73.93265,18.51853],[73.93264,18.51866],[73.93262,18.51878]]}},{"type":"Feature","properties":{"name":"Mundhwa Road","highway":"trunk","policy":""},"geometry":{"type":"LineString","coordinates":[[73.93288,18.51683],[73.93287,18.51689],[73.93285,18.51702]]}},{"type":"Feature","properties":{"name":"Mundhwa Road","highway":"trunk","policy":""},"geometry":{"type":"LineString","coordinates":[[73.93297,18.51675],[73.93298,18.51671]]}},{"type":"Feature","properties":{"name":"Bund Garden Road","highway":"trunk","policy":""},"geometry":{"type":"LineString","coordinates":[[73.87957,18.53474],[73.87962,18.5348],[73.87964,18.53483]]}},{"type":"Feature","properties":{"name":"Saswad Road","highway":"trunk","policy":""},"geometry":{"type":"LineString","coordinates":[[73.94091,18.49838],[73.94089,18.4984]]}},{"type":"Feature","properties":{"name":"Jagannath Shankarsheth Marg","highway":"trunk","policy":""},"geometry":{"type":"LineString","coordinates":[[73.8611,18.50021],[73.86079,18.50023],[73.86072,18.50024],[73.86058,18.50026],[73.8603,18.5003],[73.85983,18.50036],[73.85979,18.50036],[73.8594,18.5004]]}},{"type":"Feature","properties":{"name":"Old Pune\u2013Mumbai Highway","highway":"trunk","policy":""},"geometry":{"type":"LineString","coordinates":[[73.79836,18.6348],[73.79737,18.63598]]}},{"type":"Feature","properties":{"name":"Old Pune\u2013Mumbai Highway","highway":"trunk","policy":""},"geometry":{"type":"LineString","coordinates":[[73.79858,18.63454],[73.79836,18.6348]]}},{"type":"Feature","properties":{"name":"Old Pune\u2013Mumbai Highway","highway":"trunk","policy":""},"geometry":{"type":"LineString","coordinates":[[73.79776,18.63566],[73.7984,18.6349]]}},{"type":"Feature","properties":{"name":"Old Pune\u2013Mumbai Highway","highway":"trunk","policy":""},"geometry":{"type":"LineString","coordinates":[[73.7984,18.6349],[73.79862,18.63464]]}},{"type":"Feature","properties":{"name":"Mundhwa Road","highway":"trunk","policy":""},"geometry":{"type":"LineString","coordinates":[[73.93289,18.51675],[73.93288,18.51683]]}},{"type":"Feature","properties":{"name":"Mundhwa Road","highway":"trunk","policy":""},"geometry":{"type":"LineString","coordinates":[[73.93298,18.51671],[73.93299,18.51656],[73.933,18.51642],[73.933,18.51626],[73.93299,18.51615],[73.93297,18.51602],[73.93294,18.51589],[73.93286,18.51559],[73.93273,18.51515],[73.93263,18.51479],[73.93261,18.5147],[73.93257,18.51451],[73.93255,18.51432],[73.93254,18.51414],[73.93247,18.51228],[73.93246,18.51193],[73.93243,18.51167],[73.9324,18.51153],[73.93236,18.51137],[73.9323,18.51123],[73.93221,18.51111],[73.93212,18.511],[73.93202,18.51086],[73.93124,18.51],[73.93079,18.5095],[73.92979,18.50843],[73.92972,18.50834],[73.92971,18.50833],[73.92965,18.50826],[73.92955,18.50813],[73.92934,18.50787],[73.92911,18.5076],[73.92855,18.50697],[73.9281,18.50647],[73.92807,18.50645],[73.928,18.50637],[73.92794,18.5063],[73.92793,18.50628],[73.92789,18.50622],[73.92784,18.50612],[73.92781,18.50602],[73.92778,18.50591],[73.92777,18.50582],[73.92775,18.50554]]}},{"type":"Feature","properties":{"name":"Nagar Road","highway":"trunk","policy":""},"geometry":{"type":"LineString","coordinates":[[73.90258,18.55403],[73.9023,18.55395],[73.90203,18.55387],[73.90052,18.55337],[73.90028,18.5533],[73.90008,18.55323],[73.89952,18.55305],[73.89939,18.55301],[73.89872,18.55282],[73.89859,18.55279],[73.89833,18.55271],[73.89821,18.55267],[73.89784,18.55256],[73.8976,18.55248],[73.89716,18.55234],[73.89709,18.55231],[73.89695,18.55227],[73.89676,18.5522],[73.89669,18.55217],[73.89659,18.55214],[73.89652,18.55211],[73.89645,18.55208],[73.89625,18.55198],[73.89586,18.55173],[73.89551,18.55152],[73.89536,18.55142],[73.89525,18.55133],[73.89425,18.55045],[73.89409,18.55031],[73.89402,18.55025],[73.89387,18.5501],[73.89376,18.54999],[73.89363,18.54985],[73.89343,18.54963],[73.89308,18.54919],[73.89293,18.549],[73.89275,18.54877],[73.8926,18.54861],[73.89173,18.54768],[73.89155,18.54748],[73.89105,18.54702],[73.89076,18.54673],[73.89064,18.54663],[73.89062,18.54661],[73.89021,18.54633],[73.89001,18.54618],[73.88998,18.54616],[73.8898,18.54604],[73.88967,18.54598],[73.88959,18.54595],[73.88934,18.54585],[73.88918,18.54581]]}},{"type":"Feature","properties":{"name":"NH548DD","highway":"trunk","policy":""},"geometry":{"type":"LineString","coordinates":[[73.91666,18.45053],[73.91682,18.45053]]}}]}