{"type":"FeatureCollection","features":[{"type":"Feature","properties":{"ward_id":"7874891","name":"Ward 196"},"geometry":{"type":"Polygon","coordinates":[[[80.2416,12.92357],[80.24258,12.92017],[80.24338,12.91863],[80.24336,12.91706],[80.2434,12.91557],[80.24345,12.9142],[80.24362,12.91386],[80.24362,12.91331],[80.24357,12.91252],[80.24353,12.91195],[80.24344,12.91149],[80.24259,12.90757],[80.2436,12.90647],[80.24384,12.90644],[80.24495,12.90531],[80.25213,12.90481],[80.25588,12.90427],[80.2579,12.92041],[80.25989,12.93817],[80.25576,12.93969],[80.253,12.94031],[80.25006,12.94051],[80.24979,12.93936],[80.24957,12.93775],[80.24559,12.93054],[80.24425,12.92803],[80.24179,12.92359],[80.2416,12.92357]]]}},{"type":"Feature","properties":{"ward_id":"7874892","name":"Ward 198"},"geometry":{"type":"Polygon","coordinates":[[[80.21294,12.8913],[80.22727,12.8897],[80.22844,12.88937],[80.2297,12.88934],[80.23036,12.88972],[80.23124,12.88981],[80.23216,12.89028],[80.2395,12.89125],[80.23958,12.89159],[80.23909,12.89508],[80.23875,12.8963],[80.23918,12.90017],[80.24018,12.9056],[80.24062,12.90793],[80.24259,12.90757],[80.2436,12.90647],[80.24384,12.90644],[80.24495,12.90531],[80.25213,12.90481],[80.25588,12.90427],[80.25267,12.87878],[80.24542,12.88027],[80.24368,12.88059],[80.24296,12.88062],[80.23947,12.88131],[80.23871,12.87797],[80.24049,12.87426],[80.21294,12.8913]]]}},{"type":"Feature","properties":{"ward_id":"7874893","name":"Ward 197"},"geometry":{"type":"Polygon","coordinates":[[[80.21405,12.90934],[80.21527,12.91087],[80.21791,12.91372],[80.21939,12.91548],[80.22626,12.9137],[80.22694,12.91794],[80.22751,12.92153],[80.22786,12.92378],[80.22908,12.92366],[80.23179,12.92243],[80.23191,12.92199],[80.23187,12.92099],[80.23225,12.9206],[80.23383,12.91968],[80.23448,12.91949],[80.23515,12.9194],[80.23648,12.91943],[80.23689,12.91958],[80.23786,12.91994],[80.23847,12.92052],[80.23925,12.92192],[80.2399,12.92341],[80.2416,12.92357],[80.24258,12.92017],[80.24338,12.91863],[80.24336,12.91706],[80.2434,12.91557],[80.24345,12.9142],[80.24362,12.91386],[80.24362,12.91331],[80.24357,12.91252],[80.24353,12.91195],[80.24344,12.91149],[80.24259,12.90757],[80.24062,12.90793],[80.24018,12.9056],[80.23918,12.90017],[80.23875,12.8963],[80.23909,12.89508],[80.23958,12.89159],[80.2395,12.89125],[80.23216,12.89028],[80.23124,12.88981],[80.23036,12.88972],[80.2297,12.88934],[80.22844,12.88937],[80.22727,12.8897],[80.21294,12.8913],[80.21345,12.90364],[80.21392,12.90814],[80.21405,12.90934]]]}},{"type":"Feature","properties":{"ward_id":"7874894","name":"Ward 199"},"geometry":{"type":"Polygon","coordinates":[[[80.25267,12.87878],[80.24542,12.88027],[80.24368,12.88059],[80.24296,12.88062],[80.23947,12.88131],[80.23871,12.87797],[80.24049,12.87426],[80.24064,12.87256],[80.24245,12.87221],[80.24307,12.87209],[80.2432,12.87147],[80.24326,12.8709],[80.24338,12.86987],[80.24323,12.86776],[80.24301,12.86743],[80.24243,12.86703],[80.24146,12.86687],[80.23907,12.86679],[80.23687,12.86713],[80.23642,12.86729],[80.23632,12.86726],[80.23613,12.86664],[80.23591,12.86592],[80.23436,12.86516],[80.23434,12.8636],[80.23488,12.86191],[80.236,12.85898],[80.23998,12.85816],[80.23999,12.85797],[80.24139,12.85801],[80.24206,12.85802],[80.24926,12.85675],[80.25234,12.87613],[80.25267,12.87878]]]}},{"type":"Feature","properties":{"ward_id":"7874895","name":"Ward 200"},"geometry":{"type":"Polygon","coordinates":[[[80.24049,12.87426],[80.24064,12.87256],[80.24245,12.87221],[80.24307,12.87209],[80.2432,12.87147],[80.24326,12.8709],[80.24338,12.86987],[80.24323,12.86776],[80.24301,12.86743],[80.24243,12.86703],[80.24146,12.86687],[80.23907,12.86679],[80.23687,12.86713],[80.23642,12.86729],[80.23632,12.86726],[80.23613,12.86664],[80.23591,12.86592],[80.23436,12.86516],[80.23434,12.8636],[80.23488,12.86191],[80.236,12.85898],[80.23321,12.85432],[80.23209,12.85198],[80.22854,12.85228],[80.22403,12.85242],[80.21818,12.8526],[80.21661,12.85395],[80.21727,12.85636],[80.21651,12.85705],[80.21565,12.85783],[80.21368,12.86003],[80.21191,12.86358],[80.20825,12.87392],[80.20771,12.8754],[80.20776,12.87549],[80.21014,12.87945],[80.21294,12.8913],[80.24049,12.87426]]]}},{"type":"Feature","properties":{"ward_id":"7876670","name":"Ward 183"},"geometry":{"type":"Polygon","coordinates":[[[80.26631,12.97357],[80.26361,12.97399],[80.2607,12.97422],[80.25992,12.97433],[80.25959,12.97454],[80.25934,12.97483],[80.25938,12.97512],[80.25921,12.97528],[80.25893,12.97528],[80.25864,12.9749],[80.25852,12.97461],[80.25807,12.97457],[80.25738,12.97457],[80.25676,12.97485],[80.25639,12.97526],[80.25589,12.97551],[80.25536,12.97538],[80.25462,12.97538],[80.25393,12.97545],[80.25372,12.9757],[80.25371,12.97628],[80.25407,12.97793],[80.25406,12.97917],[80.25388,12.98098],[80.25361,12.98188],[80.25305,12.98172],[80.25269,12.98151],[80.2527,12.9804],[80.25262,12.9799],[80.25241,12.97982],[80.25093,12.98043],[80.24917,12.98067],[80.24782,12.98078],[80.24509,12.98114],[80.24419,12.98125],[80.24374,12.98125],[80.24329,12.98108],[80.24321,12.98063],[80.2433,12.97943],[80.24334,12.97906],[80.24314,12.97877],[80.24292,12.97774],[80.24265,12.97701],[80.24268,12.97668],[80.24291,12.97647],[80.24499,12.97578],[80.24572,12.97534],[80.24591,12.97487],[80.24621,12.97287],[80.24642,12.9725],[80.24712,12.97225],[80.24782,12.97198],[80.24785,12.97194],[80.24792,12.97185],[80.24787,12.97133],[80.24774,12.97082],[80.24772,12.96995],[80.24763,12.96943],[80.24764,12.96894],[80.24768,12.96736],[80.24751,12.96732],[80.24752,12.96682],[80.2478,12.9668],[80.24801,12.96661],[80.24754,12.96511],[80.24771,12.96506],[80.24814,12.9649],[80.24925,12.96815],[80.25082,12.9679],[80.25227,12.96772],[80.25278,12.9674],[80.25309,12.96735],[80.25339,12.96731],[80.25404,12.96743],[80.25439,12.96733],[80.25533,12.96699],[80.25766,12.96649],[80.26156,12.96592],[80.26475,12.96526],[80.26631,12.97357]]]}},{"type":"Feature","properties":{"ward_id":"7876671","name":"Ward 189"},"geometry":{"type":"Polygon","coordinates":[[[80.23083,12.95988],[80.23085,12.95982],[80.23198,12.95589],[80.2324,12.95474],[80.23315,12.95328],[80.23327,12.95304],[80.23345,12.95263],[80.23319,12.94849],[80.233,12.94554],[80.23279,12.94408],[80.23273,12.94342],[80.23222,12.94244],[80.23159,12.94112],[80.23115,12.94043],[80.23089,12.94016],[80.23057,12.93966],[80.22987,12.93822],[80.22968,12.9367],[80.22926,12.93316],[80.22924,12.93298],[80.22809,12.92822],[80.22777,12.92656],[80.2273,12.92413],[80.22739,12.92387],[80.22786,12.92378],[80.22751,12.92153],[80.21806,12.92261],[80.21795,12.92301],[80.21787,12.92365],[80.2168,12.92368],[80.21681,12.9243],[80.21561,12.92436],[80.21551,12.92486],[80.21039,12.92674],[80.21018,12.92694],[80.21044,12.92826],[80.21071,12.92843],[80.21104,12.9284],[80.21134,12.92833],[80.2114,12.92863],[80.21156,12.92961],[80.21165,12.93102],[80.20363,12.93218],[80.20489,12.93734],[80.20526,12.93887],[80.20618,12.94104],[80.20674,12.94202],[80.20734,12.94256],[80.20791,12.94292],[80.20827,12.94329],[80.20868,12.94465],[80.20928,12.94588],[80.21019,12.94823],[80.21127,12.951],[80.21232,12.95413],[80.21389,12.95777],[80.21543,12.96156],[80.21634,12.96408],[80.21711,12.9656],[80.21763,12.96774],[80.21827,12.96746],[80.21958,12.96726],[80.2213,12.96735],[80.22278,12.96757],[80.22445,12.96824],[80.22543,12.96928],[80.22714,12.97108],[80.22864,12.97268],[80.22971,12.96834],[80.23089,12.96824],[80.23051,12.96464],[80.23035,12.96185],[80.23036,12.96115],[80.23054,12.96085],[80.23083,12.95988]]]}},{"type":"Feature","properties":{"ward_id":"7876672","name":"Ward 184"},"geometry":{"type":"Polygon","coordinates":[[[80.23083,12.95988],[80.23054,12.96085],[80.23036,12.96115],[80.23035,12.96185],[80.23051,12.96464],[80.23089,12.96824],[80.22971,12.96834],[80.22864,12.97268],[80.22889,12.97295],[80.23263,12.97615],[80.23292,12.97656],[80.23303,12.97706],[80.23314,12.97875],[80.2333,12.97921],[80.23388,12.97942],[80.23543,12.97943],[80.24269,12.97873],[80.24314,12.97877],[80.24292,12.97774],[80.24265,12.97701],[80.24268,12.97668],[80.24291,12.97647],[80.24499,12.97578],[80.24572,12.97534],[80.24591,12.97487],[80.24621,12.97287],[80.24642,12.9725],[80.24712,12.97225],[80.24782,12.97198],[80.24785,12.97194],[80.24792,12.97185],[80.24787,12.97133],[80.24774,12.97082],[80.24772,12.96995],[80.24763,12.96943],[80.24764,12.96894],[80.24768,12.96736],[80.24751,12.96732],[80.24752,12.96682],[80.2478,12.9668],[80.24801,12.96661],[80.24754,12.96511],[80.24771,12.96506],[80.24712,12.96391],[80.24692,12.9639],[80.24589,12.96386],[80.24566,12.96332],[80.24419,12.96359],[80.24419,12.96358],[80.2439,12.96238],[80.24224,12.96276],[80.24018,12.96337],[80.23981,12.96341],[80.23952,12.96321],[80.23935,12.96311],[80.23895,12.96263],[80.23855,12.96264],[80.23847,12.9628],[80.2386,12.96303],[80.23893,12.96326],[80.23958,12.96354],[80.23967,12.96453],[80.23961,12.96494],[80.23935,12.96532],[80.23904,12.96567],[80.23827,12.96603],[80.23325,12.96798],[80.23322,12.96691],[80.23313,12.96645],[80.23327,12.96606],[80.23431,12.96388],[80.23448,12.96351],[80.2339,12.95957],[80.23377,12.95938],[80.23356,12.95934],[80.23083,12.95988]]]}},{"type":"Feature","properties":{"ward_id":"7876673","name":"Ward 185"},"geometry":{"type":"Polygon","coordinates":[[[80.2497,12.95731],[80.25017,12.95773],[80.25233,12.95778],[80.2526,12.95751],[80.25296,12.95722],[80.25432,12.95696],[80.25908,12.95642],[80.2625,12.95627],[80.26388,12.96136],[80.26475,12.96526],[80.26156,12.96592],[80.25766,12.96649],[80.25533,12.96699],[80.25439,12.96733],[80.25404,12.96743],[80.25339,12.96731],[80.25309,12.96735],[80.25278,12.9674],[80.25227,12.96772],[80.25082,12.9679],[80.24925,12.96815],[80.24814,12.9649],[80.24771,12.96506],[80.24712,12.96391],[80.24692,12.9639],[80.24589,12.96386],[80.24566,12.96332],[80.24419,12.96359],[80.24419,12.96358],[80.2439,12.96238],[80.24333,12.96006],[80.24339,12.96005],[80.24356,12.95999],[80.24593,12.95922],[80.24593,12.95872],[80.2497,12.95731]]]}},{"type":"Feature","properties":{"ward_id":"7876674","name":"Ward 186"},"geometry":{"type":"Polygon","coordinates":[[[80.2439,12.96238],[80.24224,12.96276],[80.24018,12.96337],[80.23981,12.96341],[80.23952,12.96321],[80.23935,12.96311],[80.23895,12.96263],[80.23855,12.96264],[80.23847,12.9628],[80.2386,12.96303],[80.23893,12.96326],[80.23958,12.96354],[80.23967,12.96453],[80.23961,12.96494],[80.23935,12.96532],[80.23904,12.96567],[80.23827,12.96603],[80.23325,12.96798],[80.23322,12.96691],[80.23313,12.96645],[80.23327,12.96606],[80.23431,12.96388],[80.23448,12.96351],[80.2339,12.95957],[80.23377,12.95938],[80.23356,12.95934],[80.23083,12.95988],[80.23085,12.95982],[80.23198,12.95589],[80.2324,12.95474],[80.23315,12.95328],[80.23456,12.95359],[80.2361,12.95357],[80.23882,12.95332],[80.24052,12.95252],[80.24176,12.95205],[80.24191,12.95191],[80.24197,12.95167],[80.24203,12.95146],[80.24227,12.95125],[80.24381,12.95082],[80.24628,12.94979],[80.24657,12.94976],[80.24672,12.94991],[80.24669,12.95036],[80.24601,12.95268],[80.246,12.95296],[80.24587,12.95544],[80.24593,12.95872],[80.24593,12.95922],[80.24356,12.95999],[80.24339,12.96005],[80.24333,12.96006],[80.2439,12.96238]]]}},{"type":"Feature","properties":{"ward_id":"7876676","name":"Ward 192"},"geometry":{"type":"Polygon","coordinates":[[[80.25006,12.94051],[80.24818,12.94479],[80.2478,12.9461],[80.24776,12.94705],[80.24887,12.95276],[80.2497,12.95731],[80.25017,12.95773],[80.25233,12.95778],[80.2526,12.95751],[80.25296,12.95722],[80.25432,12.95696],[80.25908,12.95642],[80.2625,12.95627],[80.26284,12.95516],[80.26082,12.94351],[80.25989,12.93817],[80.25576,12.93969],[80.253,12.94031],[80.25006,12.94051]]]}},{"type":"Feature","properties":{"ward_id":"7876677","name":"Ward 193"},"geometry":{"type":"Polygon","coordinates":[[[80.2497,12.95731],[80.24887,12.95276],[80.24776,12.94705],[80.2478,12.9461],[80.24818,12.94479],[80.25006,12.94051],[80.24979,12.93936],[80.24957,12.93775],[80.24559,12.93054],[80.24502,12.93059],[80.24479,12.9308],[80.24495,12.93265],[80.24496,12.93274],[80.24536,12.9346],[80.24541,12.93481],[80.24534,12.93777],[80.24518,12.93863],[80.24513,12.94037],[80.24503,12.94107],[80.24477,12.94192],[80.24441,12.94225],[80.24387,12.94253],[80.24176,12.94283],[80.24021,12.94309],[80.23869,12.94354],[80.23778,12.94382],[80.23755,12.94393],[80.23749,12.9439],[80.23712,12.94394],[80.2361,12.94354],[80.23502,12.9433],[80.23495,12.94326],[80.23446,12.94304],[80.23362,12.94225],[80.23357,12.94225],[80.23328,12.94223],[80.23321,12.94225],[80.23222,12.94244],[80.23273,12.94342],[80.23279,12.94408],[80.233,12.94554],[80.23319,12.94849],[80.23345,12.95263],[80.23327,12.95304],[80.23315,12.95328],[80.23456,12.95359],[80.2361,12.95357],[80.23882,12.95332],[80.24052,12.95252],[80.24176,12.95205],[80.24191,12.95191],[80.24197,12.95167],[80.24203,12.95146],[80.24227,12.95125],[80.24381,12.95082],[80.24628,12.94979],[80.24657,12.94976],[80.24672,12.94991],[80.24669,12.95036],[80.24601,12.95268],[80.246,12.95296],[80.24587,12.95544],[80.24593,12.95872],[80.2497,12.95731]]]}},{"type":"Feature","properties":{"ward_id":"7876678","name":"Ward194"},"geometry":{"type":"Polygon","coordinates":[[[80.22926,12.93316],[80.22968,12.9367],[80.22987,12.93822],[80.23057,12.93966],[80.23089,12.94016],[80.23115,12.94043],[80.23159,12.94112],[80.23222,12.94244],[80.23321,12.94225],[80.23328,12.94223],[80.23357,12.94225],[80.23362,12.94225],[80.23446,12.94304],[80.23495,12.94326],[80.23502,12.9433],[80.2361,12.94354],[80.23712,12.94394],[80.23749,12.9439],[80.23755,12.94393],[80.23778,12.94382],[80.23869,12.94354],[80.24021,12.94309],[80.24176,12.94283],[80.24387,12.94253],[80.24441,12.94225],[80.24477,12.94192],[80.24503,12.94107],[80.24513,12.94037],[80.24518,12.93863],[80.24534,12.93777],[80.24541,12.93481],[80.24536,12.9346],[80.24496,12.93274],[80.24495,12.93265],[80.24479,12.9308],[80.24502,12.93059],[80.24559,12.93054],[80.24425,12.92803],[80.24372,12.92839],[80.24337,12.92873],[80.24308,12.92926],[80.24125,12.93101],[80.24082,12.93159],[80.24049,12.93181],[80.2402,12.93197],[80.23924,12.93206],[80.23858,12.93204],[80.23786,12.93171],[80.23674,12.93041],[80.23649,12.93021],[80.2362,12.9302],[80.23574,12.9303],[80.23375,12.93093],[80.23137,12.93128],[80.2305,12.93173],[80.23019,12.93221],[80.22976,12.93249],[80.22926,12.93316]]]}},{"type":"Feature","properties":{"ward_id":"7876679","name":"Ward 195"},"geometry":{"type":"Polygon","coordinates":[[[80.24425,12.92803],[80.24372,12.92839],[80.24337,12.92873],[80.24308,12.92926],[80.24125,12.93101],[80.24082,12.93159],[80.24049,12.93181],[80.2402,12.93197],[80.23924,12.93206],[80.23858,12.93204],[80.23786,12.93171],[80.23674,12.93041],[80.23649,12.93021],[80.2362,12.9302],[80.23574,12.9303],[80.23375,12.93093],[80.23137,12.93128],[80.2305,12.93173],[80.23019,12.93221],[80.22976,12.93249],[80.22926,12.93316],[80.22924,12.93298],[80.22809,12.92822],[80.22777,12.92656],[80.2273,12.92413],[80.22739,12.92387],[80.22786,12.92378],[80.22908,12.92366],[80.23179,12.92243],[80.23191,12.92199],[80.23187,12.92099],[80.23225,12.9206],[80.23383,12.91968],[80.23448,12.91949],[80.23515,12.9194],[80.23648,12.91943],[80.23689,12.91958],[80.23786,12.91994],[80.23847,12.92052],[80.23925,12.92192],[80.2399,12.92341],[80.2416,12.92357],[80.24179,12.92359],[80.24425,12.92803]]]}},{"type":"Feature","properties":{"ward_id":"7877686","name":"Ward 187"},"geometry":{"type":"Polygon","coordinates":[[[80.19369,12.96804],[80.19117,12.96857],[80.19076,12.96738],[80.19017,12.96699],[80.18991,12.96591],[80.19009,12.96574],[80.19042,12.96565],[80.19056,12.96543],[80.18939,12.95942],[80.18894,12.95904],[80.18877,12.95838],[80.18782,12.95863],[80.18769,12.95826],[80.19031,12.95745],[80.19225,12.95747],[80.19216,12.95721],[80.19353,12.95719],[80.19361,12.95678],[80.1956,12.95714],[80.19563,12.95832],[80.19615,12.95829],[80.19637,12.95843],[80.19649,12.95881],[80.19683,12.96241],[80.19815,12.96246],[80.19814,12.96479],[80.19667,12.96481],[80.19637,12.96481],[80.19613,12.96482],[80.19612,12.96521],[80.19612,12.96562],[80.19629,12.96562],[80.19626,12.96595],[80.19587,12.96601],[80.19586,12.96625],[80.19597,12.96657],[80.19606,12.96703],[80.19608,12.96722],[80.19599,12.96735],[80.19549,12.96737],[80.19541,12.96737],[80.1944,12.96747],[80.19442,12.96775],[80.19446,12.96786],[80.19369,12.96804]]]}},{"type":"Feature","properties":{"ward_id":"7877687","name":"Ward 188"},"geometry":{"type":"Polygon","coordinates":[[[80.20526,12.93887],[80.20618,12.94104],[80.20674,12.94202],[80.20734,12.94256],[80.20791,12.94292],[80.20827,12.94329],[80.20868,12.94465],[80.20928,12.94588],[80.21019,12.94823],[80.21127,12.951],[80.21232,12.95413],[80.21389,12.95777],[80.21543,12.96156],[80.21634,12.96408],[80.21711,12.9656],[80.21763,12.96774],[80.21613,12.96839],[80.21594,12.96855],[80.21371,12.96292],[80.21139,12.96323],[80.21132,12.96367],[80.21143,12.96398],[80.21144,12.96456],[80.21004,12.9647],[80.20923,12.96481],[80.20851,12.96491],[80.20407,12.96584],[80.20241,12.96589],[80.20212,12.96585],[80.20173,12.96536],[80.20149,12.96533],[80.20155,12.96631],[80.20157,12.96679],[80.19955,12.96715],[80.19924,12.96715],[80.19907,12.967],[80.19894,12.96693],[80.19874,12.9671],[80.19841,12.96741],[80.19821,12.96745],[80.19795,12.96723],[80.19786,12.96708],[80.1976,12.9671],[80.19668,12.96729],[80.19658,12.96676],[80.19637,12.96481],[80.19667,12.96481],[80.19814,12.96479],[80.19815,12.96246],[80.19683,12.96241],[80.19649,12.95881],[80.19637,12.95843],[80.19615,12.95829],[80.19563,12.95832],[80.1956,12.95714],[80.19361,12.95678],[80.19353,12.95719],[80.19216,12.95721],[80.19188,12.95647],[80.19074,12.95628],[80.19051,12.95447],[80.19067,12.95422],[80.19205,12.95405],[80.19221,12.95383],[80.19241,12.95298],[80.19246,12.95202],[80.19265,12.95174],[80.19323,12.95154],[80.19353,12.95153],[80.1937,12.95164],[80.19359,12.95253],[80.19377,12.95297],[80.19474,12.9533],[80.19738,12.95352],[80.19929,12.95349],[80.20074,12.95312],[80.2013,12.95276],[80.2017,12.95213],[80.20195,12.95145],[80.202,12.95069],[80.20149,12.94896],[80.199,12.94797],[80.20039,12.94365],[80.19977,12.94172],[80.1996,12.94127],[80.19935,12.94086],[80.20526,12.93887]]]}},{"type":"Feature","properties":{"ward_id":"7877688","name":"Ward 190"},"geometry":{"type":"Polygon","coordinates":[[[80.21405,12.90934],[80.20883,12.90955],[80.20923,12.91212],[80.20937,12.91356],[80.20943,12.9142],[80.20899,12.91425],[80.20878,12.91432],[80.20845,12.91435],[80.20835,12.91426],[80.20835,12.91411],[80.20826,12.91406],[80.20823,12.91406],[80.20807,12.91418],[80.20771,12.91424],[80.20713,12.91422],[80.20704,12.91429],[80.20711,12.91473],[80.20724,12.91525],[80.2077,12.91586],[80.20806,12.91619],[80.20835,12.91655],[80.2085,12.91669],[80.2086,12.91694],[80.20863,12.91735],[80.20878,12.91779],[80.20894,12.91796],[80.20916,12.91812],[80.20928,12.91838],[80.20926,12.91862],[80.20909,12.91881],[80.20893,12.91905],[80.20891,12.9193],[80.20903,12.9198],[80.20917,12.92062],[80.20949,12.92138],[80.20983,12.92244],[80.20996,12.92275],[80.20991,12.92294],[80.20974,12.92306],[80.20958,12.92319],[80.20962,12.92334],[80.20973,12.9235],[80.20999,12.92383],[80.2102,12.92385],[80.21021,12.92395],[80.21011,12.92409],[80.2099,12.92418],[80.20959,12.92416],[80.20938,12.92424],[80.20914,12.92428],[80.20899,12.92417],[80.20808,12.92415],[80.2078,12.92402],[80.20703,12.924],[80.20693,12.92386],[80.20677,12.92331],[80.20654,12.92296],[80.20636,12.92199],[80.20629,12.9216],[80.206,12.9215],[80.2054,12.92155],[80.20453,12.92173],[80.20445,12.92184],[80.20442,12.92246],[80.20447,12.92276],[80.20488,12.92304],[80.20498,12.92323],[80.20505,12.92375],[80.20513,12.92411],[80.20499,12.92448],[80.20482,12.92482],[80.20493,12.9252],[80.20508,12.92564],[80.20512,12.92574],[80.20383,12.92576],[80.20311,12.92593],[80.20306,12.92811],[80.20245,12.92813],[80.20217,12.92822],[80.20014,12.92611],[80.199,12.92474],[80.19742,12.92188],[80.19756,12.92369],[80.19678,12.9239],[80.19596,12.92414],[80.19557,12.92436],[80.19526,12.92456],[80.19491,12.92571],[80.19504,12.92699],[80.19517,12.92821],[80.19546,12.9294],[80.19548,12.92956],[80.19558,12.93063],[80.1957,12.93069],[80.19432,12.93077],[80.19432,12.93088],[80.19404,12.93086],[80.19409,12.93161],[80.19567,12.93157],[80.1957,12.93244],[80.1957,12.9326],[80.1957,12.93283],[80.19568,12.93333],[80.19568,12.93403],[80.19472,12.93419],[80.19394,12.93432],[80.19336,12.93449],[80.19276,12.93471],[80.19285,12.93521],[80.19353,12.93595],[80.19391,12.936],[80.19417,12.93613],[80.19436,12.93656],[80.19439,12.93663],[80.19517,12.93674],[80.19612,12.93659],[80.19596,12.93744],[80.19679,12.93804],[80.19699,12.9384],[80.19701,12.93874],[80.19737,12.93908],[80.19782,12.93926],[80.19849,12.93969],[80.19935,12.94086],[80.20526,12.93887],[80.20489,12.93734],[80.20363,12.93218],[80.21165,12.93102],[80.21156,12.92961],[80.2114,12.92863],[80.21134,12.92833],[80.21104,12.9284],[80.21071,12.92843],[80.21044,12.92826],[80.21018,12.92694],[80.21039,12.92674],[80.21551,12.92486],[80.21561,12.92436],[80.21681,12.9243],[80.2168,12.92368],[80.21787,12.92365],[80.21795,12.92301],[80.21806,12.92261],[80.22751,12.92153],[80.22694,12.91794],[80.22626,12.9137],[80.21939,12.91548],[80.21791,12.91372],[80.21527,12.91087],[80.21405,12.90934]]]}},{"type":"Feature","properties":{"ward_id":"7877689","name":"Ward 191"},"geometry":{"type":"Polygon","coordinates":[[[80.19742,12.92188],[80.199,12.92474],[80.20014,12.92611],[80.20217,12.92822],[80.20245,12.92813],[80.20306,12.92811],[80.20311,12.92593],[80.20383,12.92576],[80.20512,12.92574],[80.20508,12.92564],[80.20493,12.9252],[80.20482,12.92482],[80.20499,12.92448],[80.20513,12.92411],[80.20505,12.92375],[80.20498,12.92323],[80.20488,12.92304],[80.20447,12.92276],[80.20442,12.92246],[80.20445,12.92184],[80.20453,12.92173],[80.2054,12.92155],[80.206,12.9215],[80.20629,12.9216],[80.20636,12.92199],[80.20654,12.92296],[80.20677,12.92331],[80.20693,12.92386],[80.20703,12.924],[80.2078,12.92402],[80.20808,12.92415],[80.20899,12.92417],[80.20914,12.92428],[80.20938,12.92424],[80.20959,12.92416],[80.2099,12.92418],[80.21011,12.92409],[80.21021,12.92395],[80.2102,12.92385],[80.20999,12.92383],[80.20973,12.9235],[80.20962,12.92334],[80.20958,12.92319],[80.20974,12.92306],[80.20991,12.92294],[80.20996,12.92275],[80.20983,12.92244],[80.20949,12.92138],[80.20917,12.92062],[80.20903,12.9198],[80.20891,12.9193],[80.20893,12.91905],[80.20909,12.91881],[80.20926,12.91862],[80.20928,12.91838],[80.20916,12.91812],[80.20894,12.91796],[80.20878,12.91779],[80.20863,12.91735],[80.2086,12.91694],[80.2085,12.91669],[80.20835,12.91655],[80.20806,12.91619],[80.2077,12.91586],[80.20724,12.91525],[80.20711,12.91473],[80.20704,12.91429],[80.20713,12.91422],[80.20771,12.91424],[80.20807,12.91418],[80.20823,12.91406],[80.20826,12.91406],[80.20835,12.91411],[80.20835,12.91426],[80.20845,12.91435],[80.20878,12.91432],[80.20899,12.91425],[80.20943,12.9142],[80.20937,12.91356],[80.20923,12.91212],[80.20883,12.90955],[80.20484,12.90931],[80.20333,12.90937],[80.19583,12.9102],[80.1945,12.90985],[80.1949,12.91285],[80.19579,12.9144],[80.19664,12.91574],[80.19713,12.91736],[80.19638,12.91886],[80.19631,12.919],[80.1969,12.92091],[80.197,12.9211],[80.19737,12.92179],[80.19742,12.92188]]]}},{"type":"Feature","properties":{"ward_id":"7879837","name":"Ward 168"},"geometry":{"type":"Polygon","coordinates":[[[80.19211,12.98232],[80.19173,12.98236],[80.19129,12.98227],[80.19102,12.98208],[80.19068,12.98196],[80.18999,12.98182],[80.1898,12.98151],[80.18969,12.98089],[80.18974,12.98071],[80.18979,12.98055],[80.18985,12.98022],[80.1899,12.97798],[80.18997,12.97766],[80.19023,12.97745],[80.19058,12.97728],[80.19069,12.9771],[80.19059,12.97681],[80.19051,12.976],[80.19046,12.97557],[80.19053,12.97518],[80.19057,12.97494],[80.19076,12.97453],[80.19117,12.97455],[80.19157,12.97447],[80.19205,12.97461],[80.19249,12.97458],[80.19233,12.97433],[80.19203,12.97373],[80.19231,12.97365],[80.19274,12.97345],[80.19295,12.97353],[80.19301,12.97404],[80.19325,12.97406],[80.19331,12.97346],[80.19332,12.97335],[80.19358,12.97325],[80.19384,12.9734],[80.19453,12.97348],[80.19535,12.97349],[80.19581,12.97365],[80.19721,12.97372],[80.19737,12.97404],[80.19756,12.97436],[80.19746,12.97491],[80.19746,12.97533],[80.19751,12.97557],[80.19789,12.97572],[80.20087,12.97624],[80.20106,12.9771],[80.2013,12.97753],[80.20133,12.97825],[80.20133,12.97833],[80.2014,12.9785],[80.20145,12.97872],[80.20138,12.97903],[80.20107,12.97921],[80.20049,12.97933],[80.20019,12.97947],[80.19979,12.97979],[80.19942,12.9798],[80.19904,12.9797],[80.19881,12.97973],[80.19823,12.97978],[80.19779,12.97983],[80.19746,12.98001],[80.1971,12.98011],[80.19661,12.9802],[80.19629,12.9804],[80.1958,12.98098],[80.19411,12.98194],[80.19345,12.98218],[80.19262,12.98228],[80.19211,12.98232]]]}},{"type":"Feature","properties":{"ward_id":"7879838","name":"Ward 169"},"geometry":{"type":"Polygon","coordinates":[[[80.20925,12.97772],[80.20896,12.97784],[80.20826,12.97796],[80.20761,12.97808],[80.20732,12.9782],[80.20719,12.97862],[80.2074,12.97963],[80.20663,12.97854],[80.20647,12.97847],[80.20631,12.97853],[80.20602,12.9787],[80.20592,12.97869],[80.2058,12.97849],[80.20508,12.97653],[80.20483,12.97628],[80.20472,12.97628],[80.20468,12.97648],[80.20465,12.97674],[80.20454,12.97685],[80.20432,12.9769],[80.20352,12.97708],[80.20237,12.97731],[80.20221,12.97746],[80.20222,12.97759],[80.20227,12.9779],[80.20212,12.97816],[80.20183,12.97814],[80.2015,12.97831],[80.2014,12.9785],[80.20133,12.97833],[80.20133,12.97825],[80.2013,12.97753],[80.20106,12.9771],[80.20087,12.97624],[80.19789,12.97572],[80.19751,12.97557],[80.19746,12.97533],[80.19746,12.97491],[80.19756,12.97436],[80.19737,12.97404],[80.19721,12.97372],[80.19581,12.97365],[80.19535,12.97349],[80.19453,12.97348],[80.19384,12.9734],[80.19358,12.97325],[80.19332,12.97335],[80.19331,12.97346],[80.19325,12.97406],[80.19301,12.97404],[80.19295,12.97353],[80.19274,12.97345],[80.19231,12.97365],[80.19203,12.97373],[80.19233,12.97433],[80.19249,12.97458],[80.19205,12.97461],[80.19157,12.97447],[80.19117,12.97455],[80.19076,12.97453],[80.19064,12.97436],[80.19005,12.97396],[80.18965,12.97377],[80.18956,12.9737],[80.18945,12.97327],[80.18914,12.97096],[80.18926,12.97067],[80.19049,12.97009],[80.19197,12.9698],[80.19228,12.96954],[80.19356,12.96941],[80.19386,12.96926],[80.19395,12.96921],[80.1939,12.96849],[80.19383,12.96815],[80.19369,12.96804],[80.19446,12.96786],[80.19442,12.96775],[80.1944,12.96747],[80.19541,12.96737],[80.19549,12.96737],[80.19599,12.96735],[80.19608,12.96722],[80.19606,12.96703],[80.19597,12.96657],[80.19586,12.96625],[80.19587,12.96601],[80.19626,12.96595],[80.19629,12.96562],[80.19612,12.96562],[80.19612,12.96521],[80.19613,12.96482],[80.19637,12.96481],[80.19658,12.96676],[80.19668,12.96729],[80.1976,12.9671],[80.19786,12.96708],[80.19795,12.96723],[80.19821,12.96745],[80.19841,12.96741],[80.19874,12.9671],[80.19894,12.96693],[80.19907,12.967],[80.19924,12.96715],[80.19955,12.96715],[80.20157,12.96679],[80.20155,12.96631],[80.20149,12.96533],[80.20173,12.96536],[80.20212,12.96585],[80.20241,12.96589],[80.20407,12.96584],[80.20851,12.96491],[80.20923,12.96481],[80.21004,12.9647],[80.21144,12.96456],[80.21143,12.96398],[80.21132,12.96367],[80.21139,12.96323],[80.21371,12.96292],[80.21594,12.96855],[80.21498,12.96934],[80.21209,12.97163],[80.21126,12.97286],[80.21121,12.97394],[80.21108,12.97455],[80.21095,12.97484],[80.21071,12.97492],[80.21009,12.97492],[80.20968,12.97512],[80.20939,12.97533],[80.20931,12.97566],[80.20959,12.97595],[80.20996,12.9762],[80.21,12.97649],[80.20959,12.97673],[80.20938,12.97698],[80.20925,12.97739],[80.20925,12.97772]]]}},{"type":"Feature","properties":{"ward_id":"7879911","name":"Ward 174"},"geometry":{"type":"Polygon","coordinates":[[[80.23461,12.98283],[80.23242,12.98318],[80.23157,12.98348],[80.23219,12.98491],[80.23256,12.98634],[80.23262,12.98664],[80.23254,12.98676],[80.23241,12.98684],[80.23177,12.98698],[80.23017,12.98709],[80.22702,12.9873],[80.22403,12.98744],[80.22324,12.98724],[80.22299,12.9872],[80.22282,12.98717],[80.22239,12.98733],[80.22221,12.98753],[80.22221,12.98772],[80.2221,12.98794],[80.22152,12.98826],[80.22109,12.98846],[80.22074,12.98879],[80.22054,12.98876],[80.22042,12.98862],[80.22033,12.98823],[80.22029,12.98822],[80.22014,12.98817],[80.21992,12.98827],[80.21927,12.98845],[80.21885,12.98855],[80.21867,12.98849],[80.21848,12.98822],[80.21829,12.98754],[80.21746,12.98773],[80.21606,12.98837],[80.21547,12.98879],[80.21531,12.98918],[80.2156,12.99075],[80.21622,12.99187],[80.21619,12.99209],[80.21554,12.9925],[80.2152,12.99268],[80.21518,12.9929],[80.21567,12.994],[80.2148,12.99457],[80.21445,12.99473],[80.21449,12.99491],[80.21459,12.99499],[80.21465,12.99518],[80.21449,12.99542],[80.21388,12.99554],[80.21311,12.99574],[80.21277,12.99573],[80.21273,12.99573],[80.21253,12.99549],[80.21243,12.99541],[80.21219,12.9954],[80.21051,12.99586],[80.2103,12.99594],[80.21032,12.99619],[80.2104,12.99633],[80.21032,12.99641],[80.21004,12.99647],[80.2084,12.9967],[80.20708,12.99676],[80.20758,12.99901],[80.20791,13.00051],[80.20831,13.00138],[80.2098,13.0044],[80.21175,13.00728],[80.21353,13.00886],[80.2152,13.01007],[80.22122,13.01223],[80.22375,13.01111],[80.22495,13.01071],[80.22821,13.00915],[80.23171,13.00851],[80.23521,13.00777],[80.2354,13.00703],[80.23741,13.00616],[80.23865,13.00599],[80.23912,13.0061],[80.23934,13.00643],[80.23952,13.00676],[80.24043,13.00684],[80.2413,13.00659],[80.24352,13.00648],[80.24283,13.00424],[80.24382,13.00419],[80.24356,13.00154],[80.24354,13.00043],[80.24352,12.99949],[80.24332,12.99865],[80.24315,12.99767],[80.24316,12.99758],[80.24315,12.99545],[80.24127,12.99579],[80.24125,12.9952],[80.2414,12.99468],[80.24153,12.9935],[80.24137,12.99244],[80.24057,12.98719],[80.24058,12.98711],[80.24065,12.98665],[80.241,12.9862],[80.24098,12.98578],[80.2407,12.98547],[80.23963,12.98445],[80.23891,12.98435],[80.23797,12.98399],[80.23732,12.98382],[80.23692,12.98398],[80.23659,12.98412],[80.23628,12.98398],[80.23601,12.9836],[80.23559,12.98265],[80.23508,12.98267],[80.23461,12.98283]]]}},{"type":"Feature","properties":{"ward_id":"7879912","name":"Ward 177"},"geometry":{"type":"Polygon","coordinates":[[[80.2074,12.97963],[80.20747,12.97994],[80.20747,12.98027],[80.2071,12.98031],[80.20681,12.98039],[80.2068,12.98113],[80.20668,12.98134],[80.20639,12.98142],[80.2052,12.98157],[80.20487,12.98186],[80.2047,12.98231],[80.20478,12.98318],[80.20453,12.98355],[80.204,12.98371],[80.20354,12.98379],[80.20342,12.98396],[80.20337,12.98441],[80.20353,12.98513],[80.20377,12.98559],[80.20372,12.9867],[80.20363,12.98769],[80.20363,12.98811],[80.20379,12.98831],[80.20433,12.98823],[80.20465,12.98828],[80.2049,12.98844],[80.20497,12.98874],[80.20506,12.9891],[80.20586,12.99192],[80.20653,12.99427],[80.20708,12.99676],[80.2084,12.9967],[80.21004,12.99647],[80.21032,12.99641],[80.2104,12.99633],[80.21032,12.99619],[80.2103,12.99594],[80.21051,12.99586],[80.21219,12.9954],[80.21243,12.99541],[80.21253,12.99549],[80.21273,12.99573],[80.21277,12.99573],[80.21311,12.99574],[80.21388,12.99554],[80.21449,12.99542],[80.21465,12.99518],[80.21459,12.99499],[80.21449,12.99491],[80.21445,12.99473],[80.2148,12.99457],[80.21567,12.994],[80.21518,12.9929],[80.2152,12.99268],[80.21554,12.9925],[80.21619,12.99209],[80.21622,12.99187],[80.2156,12.99075],[80.21531,12.98918],[80.21547,12.98879],[80.21606,12.98837],[80.21746,12.98773],[80.21829,12.98754],[80.21819,12.9869],[80.21793,12.98565],[80.21798,12.98244],[80.21816,12.98142],[80.21883,12.97968],[80.21883,12.97939],[80.21862,12.97931],[80.21803,12.97931],[80.21756,12.97928],[80.21699,12.97923],[80.21614,12.979],[80.21597,12.97897],[80.21092,12.97797],[80.20925,12.97772],[80.20896,12.97784],[80.20826,12.97796],[80.20761,12.97808],[80.20732,12.9782],[80.20719,12.97862],[80.2074,12.97963]]]}},{"type":"Feature","properties":{"ward_id":"7879913","name":"Ward 179"},"geometry":{"type":"Polygon","coordinates":[[[80.22299,12.9872],[80.22324,12.98724],[80.22403,12.98744],[80.22702,12.9873],[80.23017,12.98709],[80.23177,12.98698],[80.23241,12.98684],[80.23254,12.98676],[80.23262,12.98664],[80.23256,12.98634],[80.23219,12.98491],[80.23157,12.98348],[80.23242,12.98318],[80.23461,12.98283],[80.23457,12.98266],[80.23427,12.98138],[80.2341,12.98128],[80.23371,12.98152],[80.2332,12.9817],[80.23306,12.98166],[80.23319,12.98138],[80.2333,12.97921],[80.23314,12.97875],[80.23303,12.97706],[80.23292,12.97656],[80.23263,12.97615],[80.22889,12.97295],[80.22864,12.97268],[80.22714,12.97108],[80.22543,12.96928],[80.22445,12.96824],[80.22278,12.96757],[80.2213,12.96735],[80.21958,12.96726],[80.21827,12.96746],[80.21763,12.96774],[80.21919,12.97155],[80.22005,12.97378],[80.22066,12.9753],[80.22072,12.97545],[80.22127,12.976],[80.22125,12.97891],[80.22112,12.97925],[80.22115,12.98129],[80.22185,12.98244],[80.22201,12.98308],[80.22251,12.9838],[80.22252,12.98382],[80.22276,12.98416],[80.22297,12.98468],[80.22324,12.985],[80.22326,12.98524],[80.22321,12.98561],[80.22303,12.98608],[80.22299,12.9872]]]}},{"type":"Feature","properties":{"ward_id":"7879914","name":"Ward 178"},"geometry":{"type":"Polygon","coordinates":[[[80.22299,12.9872],[80.22282,12.98717],[80.22239,12.98733],[80.22221,12.98753],[80.22221,12.98772],[80.2221,12.98794],[80.22152,12.98826],[80.22109,12.98846],[80.22074,12.98879],[80.22054,12.98876],[80.22042,12.98862],[80.22033,12.98823],[80.22029,12.98822],[80.22014,12.98817],[80.21992,12.98827],[80.21927,12.98845],[80.21885,12.98855],[80.21867,12.98849],[80.21848,12.98822],[80.21829,12.98754],[80.21819,12.9869],[80.21793,12.98565],[80.21798,12.98244],[80.21816,12.98142],[80.21883,12.97968],[80.21883,12.97939],[80.21862,12.97931],[80.21803,12.97931],[80.21756,12.97928],[80.21699,12.97923],[80.21614,12.979],[80.21597,12.97897],[80.21092,12.97797],[80.20925,12.97772],[80.20925,12.97739],[80.20938,12.97698],[80.20959,12.97673],[80.21,12.97649],[80.20996,12.9762],[80.20959,12.97595],[80.20931,12.97566],[80.20939,12.97533],[80.20968,12.97512],[80.21009,12.97492],[80.21071,12.97492],[80.21095,12.97484],[80.21108,12.97455],[80.21121,12.97394],[80.21126,12.97286],[80.21209,12.97163],[80.21498,12.96934],[80.21594,12.96855],[80.21613,12.96839],[80.21763,12.96774],[80.21919,12.97155],[80.22005,12.97378],[80.22066,12.9753],[80.22072,12.97545],[80.22127,12.976],[80.22125,12.97891],[80.22112,12.97925],[80.22115,12.98129],[80.22185,12.98244],[80.22201,12.98308],[80.22251,12.9838],[80.22252,12.98382],[80.22276,12.98416],[80.22297,12.98468],[80.22324,12.985],[80.22326,12.98524],[80.22321,12.98561],[80.22303,12.98608],[80.22299,12.9872]]]}},{"type":"Feature","properties":{"ward_id":"7879915","name":"Ward 175"},"geometry":{"type":"Polygon","coordinates":[[[80.24962,12.99486],[80.24977,12.99434],[80.25047,12.99452],[80.25068,12.99457],[80.25169,12.99047],[80.25181,12.99028],[80.25222,12.99014],[80.25303,12.99012],[80.25342,12.99002],[80.25379,12.99006],[80.25404,12.99018],[80.25422,12.99015],[80.2544,12.98979],[80.2545,12.98962],[80.2554,12.99017],[80.25566,12.9903],[80.25597,12.99034],[80.25601,12.99034],[80.25601,12.9908],[80.25602,12.99367],[80.25599,12.99424],[80.25592,12.99686],[80.25591,12.99689],[80.25618,12.99932],[80.25649,13.00104],[80.25657,13.00169],[80.25678,13.00291],[80.25697,13.00408],[80.25766,13.00672],[80.25862,13.00755],[80.25939,13.01036],[80.25933,13.01319],[80.25421,13.01385],[80.2513,13.015],[80.24953,13.0177],[80.24856,13.01653],[80.24819,13.01542],[80.24817,13.01339],[80.24833,13.0119],[80.24828,13.0108],[80.24743,13.00487],[80.24962,12.99486]]]}},{"type":"Feature","properties":{"ward_id":"7879916","name":"Ward 176"},"geometry":{"type":"Polygon","coordinates":[[[80.27673,13.01262],[80.25933,13.01319],[80.25939,13.01036],[80.25862,13.00755],[80.25766,13.00672],[80.25697,13.00408],[80.25678,13.00291],[80.25657,13.00169],[80.25649,13.00104],[80.25618,12.99932],[80.25591,12.99689],[80.26984,12.9954],[80.27034,12.99549],[80.27058,12.99575],[80.27082,12.99597],[80.27098,12.99617],[80.27084,12.99636],[80.27096,12.99653],[80.27122,12.99651],[80.27197,12.9962],[80.27221,12.99737],[80.27096,12.99772],[80.27133,13.00067],[80.27242,13.00234],[80.27371,13.00234],[80.27673,13.01262]]]}},{"type":"Feature","properties":{"ward_id":"7879917","name":"Ward 180"},"geometry":{"type":"Polygon","coordinates":[[[80.25361,12.98188],[80.25426,12.98209],[80.2546,12.98265],[80.25553,12.98634],[80.25586,12.98758],[80.25585,12.98761],[80.25588,12.98768],[80.25592,12.98794],[80.25591,12.98832],[80.25595,12.98906],[80.25601,12.99034],[80.25597,12.99034],[80.25566,12.9903],[80.2554,12.99017],[80.2545,12.98962],[80.2544,12.98979],[80.25422,12.99015],[80.25404,12.99018],[80.25379,12.99006],[80.25342,12.99002],[80.25303,12.99012],[80.25222,12.99014],[80.25181,12.99028],[80.25169,12.99047],[80.25068,12.99457],[80.25047,12.99452],[80.24977,12.99434],[80.24962,12.99486],[80.2489,12.99486],[80.24618,12.99487],[80.24604,12.99489],[80.24556,12.99494],[80.2447,12.99503],[80.24315,12.99545],[80.24127,12.99579],[80.24125,12.9952],[80.2414,12.99468],[80.24153,12.9935],[80.24137,12.99244],[80.24057,12.98719],[80.24058,12.98711],[80.24065,12.98665],[80.241,12.9862],[80.24098,12.98578],[80.2407,12.98547],[80.23963,12.98445],[80.23891,12.98435],[80.23797,12.98399],[80.23732,12.98382],[80.23692,12.98398],[80.23659,12.98412],[80.23628,12.98398],[80.23601,12.9836],[80.23559,12.98265],[80.23508,12.98267],[80.23461,12.98283],[80.23457,12.98266],[80.23427,12.98138],[80.2341,12.98128],[80.23371,12.98152],[80.2332,12.9817],[80.23306,12.98166],[80.23319,12.98138],[80.2333,12.97921],[80.23388,12.97942],[80.23543,12.97943],[80.24269,12.97873],[80.24314,12.97877],[80.24334,12.97906],[80.2433,12.97943],[80.24321,12.98063],[80.24329,12.98108],[80.24374,12.98125],[80.24419,12.98125],[80.24509,12.98114],[80.24782,12.98078],[80.24917,12.98067],[80.25093,12.98043],[80.25241,12.97982],[80.25262,12.9799],[80.2527,12.9804],[80.25269,12.98151],[80.25305,12.98172],[80.25361,12.98188]]]}},{"type":"Feature","properties":{"ward_id":"7879918","name":"Ward 181"},"geometry":{"type":"Polygon","coordinates":[[[80.27197,12.9962],[80.27023,12.9895],[80.26988,12.98826],[80.26839,12.98305],[80.26654,12.98391],[80.26453,12.98447],[80.26297,12.98468],[80.26209,12.98475],[80.26206,12.98477],[80.26189,12.98501],[80.26198,12.98576],[80.26196,12.98602],[80.26177,12.98614],[80.26014,12.98627],[80.25983,12.98632],[80.25971,12.98656],[80.2598,12.98697],[80.25975,12.98731],[80.25884,12.98745],[80.25807,12.98749],[80.25585,12.98761],[80.25588,12.98768],[80.25592,12.98794],[80.25591,12.98832],[80.25595,12.98906],[80.25601,12.99034],[80.25601,12.9908],[80.25602,12.99367],[80.25599,12.99424],[80.25592,12.99686],[80.25591,12.99689],[80.26984,12.9954],[80.27034,12.99549],[80.27058,12.99575],[80.27082,12.99597],[80.27098,12.99617],[80.27084,12.99636],[80.27096,12.99653],[80.27122,12.99651],[80.27197,12.9962]]]}},{"type":"Feature","properties":{"ward_id":"7879919","name":"Ward 182"},"geometry":{"type":"Polygon","coordinates":[[[80.26839,12.98305],[80.26631,12.97357],[80.26361,12.97399],[80.2607,12.97422],[80.25992,12.97433],[80.25959,12.97454],[80.25934,12.97483],[80.25938,12.97512],[80.25921,12.97528],[80.25893,12.97528],[80.25864,12.9749],[80.25852,12.97461],[80.25807,12.97457],[80.25738,12.97457],[80.25676,12.97485],[80.25639,12.97526],[80.25589,12.97551],[80.25536,12.97538],[80.25462,12.97538],[80.25393,12.97545],[80.25372,12.9757],[80.25371,12.97628],[80.25407,12.97793],[80.25406,12.97917],[80.25388,12.98098],[80.25361,12.98188],[80.25426,12.98209],[80.2546,12.98265],[80.25553,12.98634],[80.25586,12.98758],[80.25585,12.98761],[80.25807,12.98749],[80.25884,12.98745],[80.25975,12.98731],[80.2598,12.98697],[80.25971,12.98656],[80.25983,12.98632],[80.26014,12.98627],[80.26177,12.98614],[80.26196,12.98602],[80.26198,12.98576],[80.26189,12.98501],[80.26206,12.98477],[80.26209,12.98475],[80.26297,12.98468],[80.26453,12.98447],[80.26654,12.98391],[80.26839,12.98305]]]}},{"type":"Feature","properties":{"ward_id":"7879969","name":"Ward 172"},"geometry":{"type":"Polygon","coordinates":[[[80.24043,13.00684],[80.2413,13.00659],[80.24352,13.00648],[80.24283,13.00424],[80.24382,13.00419],[80.24356,13.00154],[80.24354,13.00043],[80.24352,12.99949],[80.24332,12.99865],[80.24315,12.99767],[80.24316,12.99758],[80.24315,12.99545],[80.2447,12.99503],[80.24556,12.99494],[80.24604,12.99489],[80.24618,12.99487],[80.2489,12.99486],[80.24962,12.99486],[80.24743,13.00487],[80.24828,13.0108],[80.24833,13.0119],[80.24817,13.01339],[80.24819,13.01542],[80.24856,13.01653],[80.24953,13.0177],[80.24777,13.02159],[80.24643,13.02286],[80.24452,13.02461],[80.24442,13.02469],[80.24359,13.02541],[80.23932,13.0268],[80.23834,13.02444],[80.23795,13.02295],[80.23772,13.02149],[80.23779,13.02115],[80.23796,13.02096],[80.23842,13.02079],[80.23851,13.02063],[80.23826,13.01998],[80.2384,13.01981],[80.23888,13.01938],[80.23905,13.01917],[80.239,13.01897],[80.23881,13.01888],[80.23879,13.01871],[80.23896,13.01871],[80.23941,13.01871],[80.2401,13.01864],[80.24089,13.01834],[80.2412,13.01815],[80.24118,13.01784],[80.24084,13.01654],[80.2406,13.01527],[80.24058,13.01499],[80.24045,13.00816],[80.24043,13.00684]]]}},{"type":"Feature","properties":{"ward_id":"7879970","name":"Ward 122"},"geometry":{"type":"Polygon","coordinates":[[[80.24953,13.0177],[80.25058,13.019],[80.25139,13.01993],[80.25286,13.02272],[80.25279,13.02303],[80.25276,13.02461],[80.25362,13.02683],[80.2538,13.02721],[80.25154,13.02779],[80.24977,13.02883],[80.24986,13.02897],[80.25006,13.02927],[80.25442,13.03506],[80.25082,13.03531],[80.24944,13.03536],[80.24835,13.03542],[80.24773,13.03547],[80.24759,13.03547],[80.24658,13.03555],[80.24615,13.03558],[80.24694,13.03915],[80.24585,13.03942],[80.24579,13.03932],[80.24478,13.03702],[80.24465,13.03637],[80.2445,13.03594],[80.24408,13.03533],[80.24339,13.03481],[80.243,13.03434],[80.24203,13.03303],[80.24117,13.03247],[80.23914,13.03198],[80.23921,13.03188],[80.23968,13.03109],[80.23977,13.03069],[80.23969,13.02992],[80.23934,13.02723],[80.23932,13.0268],[80.24359,13.02541],[80.24442,13.02469],[80.24452,13.02461],[80.24643,13.02286],[80.24777,13.02159],[80.24953,13.0177]]]}},{"type":"Feature","properties":{"ward_id":"7879971","name":"Ward 171"},"geometry":{"type":"Polygon","coordinates":[[[80.23932,13.0268],[80.23934,13.02723],[80.23969,13.02992],[80.23977,13.03069],[80.23968,13.03109],[80.23921,13.03188],[80.23886,13.03176],[80.23826,13.03164],[80.23753,13.03124],[80.23704,13.03099],[80.23671,13.03067],[80.23543,13.02943],[80.23415,13.02828],[80.23388,13.02797],[80.23373,13.02741],[80.23315,13.0271],[80.23303,13.02685],[80.23266,13.02654],[80.23184,13.02623],[80.23141,13.02613],[80.23122,13.02632],[80.23099,13.02823],[80.23069,13.03042],[80.23057,13.03073],[80.23033,13.0307],[80.23002,13.03054],[80.22944,13.03035],[80.22901,13.03032],[80.22834,13.03035],[80.22619,13.03058],[80.22583,13.03064],[80.2257,13.03067],[80.22549,13.03061],[80.22537,13.03027],[80.22505,13.029],[80.22494,13.02866],[80.22475,13.02853],[80.22429,13.02856],[80.22414,13.0285],[80.22402,13.02825],[80.22415,13.02745],[80.22428,13.02584],[80.22429,13.0255],[80.22444,13.02532],[80.22503,13.02529],[80.22601,13.02536],[80.22785,13.02519],[80.22871,13.02498],[80.22895,13.02482],[80.22871,13.02467],[80.22792,13.02411],[80.22628,13.02218],[80.22467,13.02004],[80.22434,13.01951],[80.2244,13.01911],[80.22459,13.01856],[80.225,13.01729],[80.22541,13.01644],[80.22528,13.01576],[80.22527,13.0157],[80.22506,13.01526],[80.22292,13.01356],[80.2222,13.01301],[80.22122,13.01223],[80.22375,13.01111],[80.22495,13.01071],[80.22821,13.00915],[80.23171,13.00851],[80.23521,13.00777],[80.2354,13.00703],[80.23741,13.00616],[80.23865,13.00599],[80.23912,13.0061],[80.23934,13.00643],[80.23952,13.00676],[80.24043,13.00684],[80.24045,13.00816],[80.24058,13.01499],[80.2406,13.01527],[80.24084,13.01654],[80.24118,13.01784],[80.2412,13.01815],[80.24089,13.01834],[80.2401,13.01864],[80.23941,13.01871],[80.23896,13.01871],[80.23879,13.01871],[80.23881,13.01888],[80.239,13.01897],[80.23905,13.01917],[80.23888,13.01938],[80.2384,13.01981],[80.23826,13.01998],[80.23851,13.02063],[80.23842,13.02079],[80.23796,13.02096],[80.23779,13.02115],[80.23772,13.02149],[80.23795,13.02295],[80.23834,13.02444],[80.23932,13.0268]]]}},{"type":"Feature","properties":{"ward_id":"7880000","name":"Ward 126"},"geometry":{"type":"Polygon","coordinates":[[[80.25874,13.02529],[80.25971,13.02635],[80.26027,13.02791],[80.26073,13.02934],[80.26112,13.02917],[80.26133,13.02922],[80.26145,13.02957],[80.26167,13.0297],[80.26221,13.02977],[80.26257,13.0297],[80.26321,13.02957],[80.26411,13.02935],[80.26663,13.02912],[80.26821,13.02914],[80.27049,13.02931],[80.27161,13.02927],[80.27255,13.02861],[80.27347,13.02861],[80.27461,13.02899],[80.27505,13.02892],[80.27557,13.02885],[80.27639,13.02864],[80.27644,13.0286],[80.27706,13.02848],[80.27713,13.02827],[80.27698,13.02817],[80.27701,13.02801],[80.27722,13.02795],[80.27909,13.02782],[80.2783,13.02206],[80.27752,13.0223],[80.27693,13.02247],[80.27389,13.02402],[80.27335,13.02419],[80.27305,13.02421],[80.27287,13.02425],[80.27245,13.02435],[80.27197,13.02479],[80.27007,13.02518],[80.26922,13.0252],[80.26818,13.02507],[80.26816,13.02507],[80.26784,13.02511],[80.26677,13.02575],[80.26633,13.02525],[80.26616,13.02536],[80.26647,13.02589],[80.26596,13.02624],[80.26452,13.02415],[80.26444,13.02415],[80.26253,13.02454],[80.25934,13.02556],[80.25874,13.02529]]]}},{"type":"Feature","properties":{"ward_id":"7880001","name":"Ward 173"},"geometry":{"type":"Polygon","coordinates":[[[80.2783,13.02206],[80.27805,13.0206],[80.27795,13.01995],[80.27794,13.0199],[80.2779,13.01966],[80.27787,13.0195],[80.27787,13.01947],[80.27784,13.01928],[80.27783,13.01922],[80.27775,13.01876],[80.27774,13.01871],[80.27758,13.01774],[80.27673,13.01262],[80.25933,13.01319],[80.25421,13.01385],[80.2513,13.015],[80.24953,13.0177],[80.25058,13.019],[80.25139,13.01993],[80.25286,13.02272],[80.25336,13.02283],[80.25465,13.02329],[80.25533,13.02347],[80.2579,13.02484],[80.25799,13.02495],[80.25874,13.02529],[80.25934,13.02556],[80.26253,13.02454],[80.26444,13.02415],[80.26452,13.02415],[80.26596,13.02624],[80.26647,13.02589],[80.26616,13.02536],[80.26633,13.02525],[80.26677,13.02575],[80.26784,13.02511],[80.26816,13.02507],[80.26818,13.02507],[80.26922,13.0252],[80.27007,13.02518],[80.27197,13.02479],[80.27245,13.02435],[80.27287,13.02425],[80.27305,13.02421],[80.27335,13.02419],[80.27389,13.02402],[80.27693,13.02247],[80.27752,13.0223],[80.2783,13.02206]]]}},{"type":"Feature","properties":{"ward_id":"7880363","name":"Ward 119"},"geometry":{"type":"Polygon","coordinates":[[[80.25701,13.03877],[80.2581,13.04039],[80.25929,13.04253],[80.25964,13.0442],[80.25971,13.04455],[80.25989,13.04541],[80.26011,13.04589],[80.26088,13.04703],[80.26097,13.04717],[80.25836,13.04765],[80.25868,13.04913],[80.26177,13.04868],[80.26246,13.05091],[80.26377,13.05232],[80.26397,13.05397],[80.26952,13.05347],[80.27129,13.05326],[80.27127,13.05129],[80.27095,13.04741],[80.27063,13.04744],[80.27047,13.04416],[80.27011,13.04423],[80.26888,13.04447],[80.26858,13.04453],[80.26348,13.04464],[80.26328,13.04317],[80.26316,13.04262],[80.26479,13.04159],[80.26605,13.0391],[80.265,13.03969],[80.26464,13.03968],[80.26356,13.03967],[80.25993,13.03868],[80.25863,13.03868],[80.25701,13.03877]]]}},{"type":"Feature","properties":{"ward_id":"7880364","name":"Ward 115"},"geometry":{"type":"Polygon","coordinates":[[[80.26397,13.05397],[80.26952,13.05347],[80.27129,13.05326],[80.27378,13.05276],[80.27387,13.05526],[80.27392,13.05634],[80.27424,13.0589],[80.27168,13.05929],[80.27085,13.059],[80.2704,13.05887],[80.26823,13.05838],[80.26755,13.05824],[80.26536,13.05826],[80.26492,13.0581],[80.26413,13.05796],[80.26404,13.05796],[80.2627,13.05785],[80.26093,13.0575],[80.25798,13.05668],[80.25787,13.05645],[80.25768,13.05584],[80.2579,13.05456],[80.258,13.05455],[80.2627,13.05409],[80.26397,13.05397]]]}},{"type":"Feature","properties":{"ward_id":"7880365","name":"Ward 116"},"geometry":{"type":"Polygon","coordinates":[[[80.28137,13.05032],[80.28065,13.0504],[80.28027,13.05051],[80.2797,13.05068],[80.27838,13.05107],[80.27378,13.05276],[80.27387,13.05526],[80.27392,13.05634],[80.27424,13.0589],[80.27573,13.05872],[80.27724,13.05817],[80.27795,13.05808],[80.27829,13.05804],[80.28248,13.05757],[80.28137,13.05032]]]}},{"type":"Feature","properties":{"ward_id":"7880366","name":"Ward 120"},"geometry":{"type":"Polygon","coordinates":[[[80.28087,13.04628],[80.28081,13.04694],[80.28137,13.05032],[80.28065,13.0504],[80.28027,13.05051],[80.2797,13.05068],[80.27838,13.05107],[80.27378,13.05276],[80.27129,13.05326],[80.27127,13.05129],[80.27095,13.04741],[80.27275,13.04725],[80.27284,13.04877],[80.27462,13.04853],[80.27459,13.04693],[80.28087,13.04628]]]}},{"type":"Feature","properties":{"ward_id":"7880367","name":"Ward 121"},"geometry":{"type":"Polygon","coordinates":[[[80.28087,13.04628],[80.281,13.04594],[80.28097,13.04518],[80.28075,13.04323],[80.28035,13.04327],[80.27975,13.04332],[80.27797,13.04333],[80.27473,13.04335],[80.27418,13.04341],[80.2742,13.0426],[80.27345,13.04271],[80.27325,13.04275],[80.2722,13.04297],[80.27153,13.04303],[80.27154,13.04233],[80.27185,13.04237],[80.27176,13.04216],[80.27067,13.04163],[80.26971,13.04052],[80.26933,13.03931],[80.26853,13.03956],[80.26778,13.03961],[80.26767,13.03914],[80.2669,13.03937],[80.26663,13.03908],[80.26605,13.0391],[80.26479,13.04159],[80.26316,13.04262],[80.26328,13.04317],[80.26348,13.04464],[80.26858,13.04453],[80.26888,13.04447],[80.27011,13.04423],[80.27047,13.04416],[80.27063,13.04744],[80.27095,13.04741],[80.27275,13.04725],[80.27284,13.04877],[80.27462,13.04853],[80.27459,13.04693],[80.28087,13.04628]]]}},{"type":"Feature","properties":{"ward_id":"7880368","name":"Ward 123"},"geometry":{"type":"Polygon","coordinates":[[[80.25652,13.03797],[80.247,13.03938],[80.24694,13.03915],[80.24615,13.03558],[80.24658,13.03555],[80.24759,13.03547],[80.24773,13.03547],[80.24835,13.03542],[80.24944,13.03536],[80.25082,13.03531],[80.25442,13.03506],[80.25006,13.02927],[80.24986,13.02897],[80.24977,13.02883],[80.25154,13.02779],[80.2538,13.02721],[80.25362,13.02683],[80.25276,13.02461],[80.25279,13.02303],[80.25286,13.02272],[80.25336,13.02283],[80.25465,13.02329],[80.25533,13.02347],[80.2579,13.02484],[80.25799,13.02495],[80.25874,13.02529],[80.25971,13.02635],[80.26027,13.02791],[80.26073,13.02934],[80.26138,13.03077],[80.26245,13.03203],[80.26367,13.03306],[80.26457,13.03382],[80.26529,13.03424],[80.26602,13.03448],[80.26606,13.03447],[80.26664,13.03484],[80.2675,13.03592],[80.26777,13.03607],[80.26762,13.03682],[80.2676,13.0369],[80.26765,13.03763],[80.26767,13.03914],[80.2669,13.03937],[80.26663,13.03908],[80.26605,13.0391],[80.265,13.03969],[80.26464,13.03968],[80.26356,13.03967],[80.25993,13.03868],[80.25863,13.03868],[80.25701,13.03877],[80.25652,13.03797]]]}},{"type":"Feature","properties":{"ward_id":"7880369","name":"Ward 125"},"geometry":{"type":"Polygon","coordinates":[[[80.27071,13.0351],[80.27122,13.03645],[80.27378,13.03619],[80.27397,13.03757],[80.274,13.03886],[80.27442,13.0402],[80.2745,13.04229],[80.27402,13.04232],[80.27325,13.04244],[80.27253,13.04229],[80.27185,13.04237],[80.27154,13.04233],[80.27153,13.04303],[80.2722,13.04297],[80.27325,13.04275],[80.27345,13.04271],[80.2742,13.0426],[80.27418,13.04341],[80.27473,13.04335],[80.27797,13.04333],[80.27975,13.04332],[80.28035,13.04327],[80.28075,13.04323],[80.28007,13.03512],[80.27909,13.02782],[80.27722,13.02795],[80.27701,13.02801],[80.27698,13.02817],[80.27713,13.02827],[80.27706,13.02848],[80.27644,13.0286],[80.27639,13.02864],[80.27557,13.02885],[80.27505,13.02892],[80.27461,13.02899],[80.27416,13.03157],[80.27329,13.03159],[80.27186,13.03152],[80.27097,13.03196],[80.27152,13.03477],[80.27071,13.0351]]]}},{"type":"Feature","properties":{"ward_id":"7880370","name":"Ward 124"},"geometry":{"type":"Polygon","coordinates":[[[80.26073,13.02934],[80.26112,13.02917],[80.26133,13.02922],[80.26145,13.02957],[80.26167,13.0297],[80.26221,13.02977],[80.26257,13.0297],[80.26321,13.02957],[80.26411,13.02935],[80.26663,13.02912],[80.26821,13.02914],[80.27049,13.02931],[80.27161,13.02927],[80.27255,13.02861],[80.27347,13.02861],[80.27461,13.02899],[80.27416,13.03157],[80.27329,13.03159],[80.27186,13.03152],[80.27097,13.03196],[80.27152,13.03477],[80.27071,13.0351],[80.27122,13.03645],[80.27378,13.03619],[80.27397,13.03757],[80.274,13.03886],[80.27442,13.0402],[80.2745,13.04229],[80.27402,13.04232],[80.27325,13.04244],[80.27253,13.04229],[80.27185,13.04237],[80.27176,13.04216],[80.27067,13.04163],[80.26971,13.04052],[80.26933,13.03931],[80.26853,13.03956],[80.26778,13.03961],[80.26767,13.03914],[80.26765,13.03763],[80.2676,13.0369],[80.26762,13.03682],[80.26777,13.03607],[80.2675,13.03592],[80.26664,13.03484],[80.26606,13.03447],[80.26602,13.03448],[80.26529,13.03424],[80.26457,13.03382],[80.26367,13.03306],[80.26245,13.03203],[80.26138,13.03077],[80.26073,13.02934]]]}},{"type":"Feature","properties":{"ward_id":"7880574","name":"Ward 113"},"geometry":{"type":"Polygon","coordinates":[[[80.25029,13.05178],[80.25099,13.05231],[80.25011,13.05401],[80.24923,13.05556],[80.24758,13.06037],[80.24707,13.06123],[80.24677,13.06154],[80.24635,13.06185],[80.24545,13.06201],[80.24543,13.06169],[80.24324,13.06181],[80.24278,13.06055],[80.24022,13.06062],[80.23936,13.06056],[80.239,13.06054],[80.23828,13.06049],[80.24011,13.05913],[80.24139,13.05766],[80.24283,13.05688],[80.24235,13.0557],[80.24235,13.0551],[80.24247,13.05475],[80.2423,13.05387],[80.2417,13.05268],[80.24099,13.05236],[80.23655,13.0533],[80.23475,13.05363],[80.23189,13.05408],[80.23116,13.05155],[80.23193,13.05137],[80.23212,13.05132],[80.23384,13.05093],[80.23398,13.0509],[80.23524,13.05067],[80.2353,13.05066],[80.2374,13.05028],[80.24031,13.04974],[80.24035,13.04998],[80.24414,13.04919],[80.24433,13.04915],[80.24534,13.04879],[80.24552,13.04868],[80.24589,13.04824],[80.24746,13.04948],[80.24882,13.0506],[80.24902,13.05081],[80.25029,13.05178]]]}},{"type":"Feature","properties":{"ward_id":"7880575","name":"Ward 117"},"geometry":{"type":"Polygon","coordinates":[[[80.24694,13.03915],[80.247,13.03938],[80.24853,13.04712],[80.24947,13.04813],[80.24972,13.04865],[80.24981,13.04939],[80.25029,13.05178],[80.24902,13.05081],[80.24882,13.0506],[80.24746,13.04948],[80.24589,13.04824],[80.24552,13.04868],[80.24534,13.04879],[80.24433,13.04915],[80.24414,13.04919],[80.24035,13.04998],[80.24031,13.04974],[80.2374,13.05028],[80.2353,13.05066],[80.23524,13.05067],[80.23398,13.0509],[80.23384,13.05093],[80.23212,13.05132],[80.23193,13.05137],[80.23116,13.05155],[80.23189,13.05408],[80.23134,13.05411],[80.23071,13.05412],[80.2303,13.05187],[80.23032,13.05182],[80.23004,13.04972],[80.23006,13.04818],[80.23035,13.04786],[80.23062,13.04771],[80.23306,13.04739],[80.23508,13.04715],[80.23578,13.04702],[80.23692,13.04683],[80.23828,13.04653],[80.23897,13.0464],[80.23914,13.04632],[80.23959,13.04622],[80.2403,13.04505],[80.24086,13.04415],[80.24099,13.04394],[80.2417,13.04382],[80.24239,13.04371],[80.24463,13.04335],[80.24416,13.04106],[80.24394,13.03993],[80.23996,13.04042],[80.23932,13.03551],[80.23919,13.03542],[80.2382,13.03481],[80.23776,13.03454],[80.23762,13.03445],[80.23914,13.03198],[80.24117,13.03247],[80.24203,13.03303],[80.243,13.03434],[80.24339,13.03481],[80.24408,13.03533],[80.2445,13.03594],[80.24465,13.03637],[80.24478,13.03702],[80.24579,13.03932],[80.24585,13.03942],[80.24694,13.03915]]]}},{"type":"Feature","properties":{"ward_id":"7880576","name":"Ward 110"},"geometry":{"type":"Polygon","coordinates":[[[80.23189,13.05408],[80.23134,13.05411],[80.23197,13.05843],[80.23301,13.06625],[80.23321,13.06775],[80.23174,13.06823],[80.23185,13.06878],[80.23218,13.06892],[80.23235,13.06913],[80.23242,13.0697],[80.23232,13.07002],[80.23245,13.07035],[80.23341,13.06996],[80.23424,13.0696],[80.23512,13.06929],[80.23571,13.06929],[80.23621,13.0693],[80.23694,13.06935],[80.23705,13.06936],[80.23731,13.06937],[80.23798,13.06936],[80.24081,13.06931],[80.24235,13.06927],[80.24271,13.06814],[80.24292,13.06751],[80.24319,13.06686],[80.24342,13.06634],[80.24347,13.06613],[80.24351,13.06356],[80.24457,13.06307],[80.24503,13.06234],[80.2452,13.06215],[80.24545,13.06201],[80.24543,13.06169],[80.24324,13.06181],[80.24278,13.06055],[80.24022,13.06062],[80.23936,13.06056],[80.239,13.06054],[80.23828,13.06049],[80.24011,13.05913],[80.24139,13.05766],[80.24283,13.05688],[80.24235,13.0557],[80.24235,13.0551],[80.24247,13.05475],[80.2423,13.05387],[80.2417,13.05268],[80.24099,13.05236],[80.23655,13.0533],[80.23475,13.05363],[80.23189,13.05408]]]}},{"type":"Feature","properties":{"ward_id":"7880577","name":"Ward 111"},"geometry":{"type":"Polygon","coordinates":[[[80.258,13.05455],[80.25754,13.04955],[80.25715,13.04751],[80.25703,13.04593],[80.25486,13.04671],[80.25414,13.04763],[80.25431,13.04928],[80.25499,13.04918],[80.25536,13.051],[80.25391,13.05279],[80.25169,13.05157],[80.25099,13.05231],[80.25011,13.05401],[80.24923,13.05556],[80.24758,13.06037],[80.24707,13.06123],[80.24677,13.06154],[80.24635,13.06185],[80.24545,13.06201],[80.2452,13.06215],[80.24503,13.06234],[80.24457,13.06307],[80.24351,13.06356],[80.24347,13.06613],[80.24342,13.06634],[80.24319,13.06686],[80.24292,13.06751],[80.24271,13.06814],[80.24365,13.06852],[80.24474,13.06908],[80.24696,13.07025],[80.24754,13.07055],[80.24801,13.07079],[80.24863,13.07096],[80.24919,13.07111],[80.24977,13.071],[80.25035,13.07079],[80.25126,13.07025],[80.25226,13.06956],[80.2529,13.06898],[80.25415,13.06757],[80.25468,13.067],[80.25477,13.06689],[80.25528,13.06615],[80.25544,13.06584],[80.2556,13.06552],[80.25558,13.06514],[80.25568,13.06483],[80.25565,13.06389],[80.25571,13.06289],[80.25595,13.06228],[80.25597,13.06224],[80.25637,13.06159],[80.2568,13.06118],[80.2573,13.06099],[80.25811,13.06103],[80.25877,13.06136],[80.25963,13.06214],[80.26033,13.06295],[80.26058,13.06386],[80.26192,13.0634],[80.26213,13.06316],[80.26306,13.06207],[80.26374,13.06263],[80.26512,13.06096],[80.2655,13.05983],[80.26536,13.05826],[80.26492,13.0581],[80.26413,13.05796],[80.26404,13.05796],[80.2627,13.05785],[80.26093,13.0575],[80.25798,13.05668],[80.25787,13.05645],[80.25768,13.05584],[80.2579,13.05456],[80.258,13.05455]]]}},{"type":"Feature","properties":{"ward_id":"7880578","name":"Ward 118"},"geometry":{"type":"Polygon","coordinates":[[[80.25029,13.05178],[80.24981,13.04939],[80.24972,13.04865],[80.24947,13.04813],[80.24853,13.04712],[80.247,13.03938],[80.25652,13.03797],[80.25701,13.03877],[80.2581,13.04039],[80.25929,13.04253],[80.25964,13.0442],[80.25971,13.04455],[80.25989,13.04541],[80.26011,13.04589],[80.26088,13.04703],[80.26097,13.04717],[80.25836,13.04765],[80.25868,13.04913],[80.26177,13.04868],[80.26246,13.05091],[80.26377,13.05232],[80.26397,13.05397],[80.2627,13.05409],[80.258,13.05455],[80.25754,13.04955],[80.25715,13.04751],[80.25703,13.04593],[80.25486,13.04671],[80.25414,13.04763],[80.25431,13.04928],[80.25499,13.04918],[80.25536,13.051],[80.25391,13.05279],[80.25169,13.05157],[80.25099,13.05231],[80.25029,13.05178]]]}},{"type":"Feature","properties":{"ward_id":"7880579","name":"Ward 59"},"geometry":{"type":"Polygon","coordinates":[[[80.27064,13.0795],[80.27089,13.08085],[80.27313,13.0814],[80.27462,13.08159],[80.27431,13.08276],[80.27454,13.08306],[80.27457,13.08359],[80.2738,13.09085],[80.27499,13.09061],[80.275,13.08921],[80.27539,13.08923],[80.2754,13.08949],[80.2766,13.08941],[80.27689,13.08985],[80.27731,13.08947],[80.27764,13.08939],[80.27811,13.08947],[80.27828,13.08995],[80.2789,13.08944],[80.27969,13.0892],[80.28078,13.08878],[80.28243,13.08845],[80.28262,13.08841],[80.28533,13.08843],[80.28465,13.0856],[80.28333,13.08471],[80.28173,13.08228],[80.28104,13.08146],[80.28085,13.08124],[80.28078,13.08044],[80.28207,13.07892],[80.27506,13.07235],[80.27523,13.07221],[80.27672,13.07098],[80.27906,13.0694],[80.28063,13.06869],[80.27952,13.06447],[80.27834,13.06481],[80.27626,13.06566],[80.27461,13.0664],[80.2737,13.06681],[80.27399,13.06449],[80.27271,13.06456],[80.27166,13.06462],[80.27084,13.06466],[80.27093,13.06646],[80.271,13.06696],[80.27127,13.068],[80.27198,13.06866],[80.27242,13.06943],[80.27405,13.07075],[80.27438,13.07159],[80.27475,13.07256],[80.27469,13.0732],[80.27444,13.07413],[80.27418,13.07531],[80.27382,13.07708],[80.27311,13.07812],[80.27276,13.07847],[80.272,13.07888],[80.27118,13.07924],[80.27064,13.0795]]]}},{"type":"Feature","properties":{"ward_id":"7880580","name":"Ward 114"},"geometry":{"type":"Polygon","coordinates":[[[80.28063,13.06869],[80.27952,13.06447],[80.27834,13.06481],[80.27626,13.06566],[80.27461,13.0664],[80.2737,13.06681],[80.27399,13.06449],[80.27271,13.06456],[80.27166,13.06462],[80.27161,13.06412],[80.27152,13.06372],[80.2714,13.06357],[80.27111,13.06358],[80.27051,13.06383],[80.27043,13.06375],[80.2704,13.06337],[80.2703,13.06284],[80.27028,13.06155],[80.27018,13.06137],[80.26982,13.06126],[80.26975,13.06117],[80.26977,13.0605],[80.26987,13.0603],[80.27007,13.06024],[80.27119,13.06067],[80.27132,13.06068],[80.27144,13.06047],[80.27142,13.05996],[80.27116,13.05986],[80.27083,13.05983],[80.27051,13.05955],[80.27018,13.0595],[80.27018,13.05933],[80.27028,13.0592],[80.27078,13.05913],[80.27085,13.059],[80.27168,13.05929],[80.27424,13.0589],[80.27573,13.05872],[80.27724,13.05817],[80.27795,13.05808],[80.27829,13.05804],[80.28248,13.05757],[80.2859,13.05722],[80.28603,13.05745],[80.28738,13.06232],[80.28953,13.06722],[80.28401,13.06892],[80.28174,13.0686],[80.28063,13.06869]]]}},{"type":"Feature","properties":{"ward_id":"7880734","name":"Ward 112"},"geometry":{"type":"Polygon","coordinates":[[[80.23071,13.05412],[80.22857,13.05404],[80.22555,13.05365],[80.21887,13.05253],[80.21678,13.05126],[80.21677,13.05284],[80.21689,13.05295],[80.21777,13.05308],[80.21794,13.05323],[80.218,13.05406],[80.21811,13.05429],[80.21834,13.05432],[80.21836,13.05449],[80.21844,13.0557],[80.21848,13.05616],[80.21826,13.05628],[80.21796,13.05628],[80.21783,13.05641],[80.21776,13.05667],[80.21778,13.05697],[80.2178,13.05756],[80.21801,13.05831],[80.21805,13.0587],[80.21822,13.05873],[80.21879,13.05878],[80.2191,13.05883],[80.21947,13.05905],[80.21967,13.05934],[80.21991,13.05943],[80.2207,13.05964],[80.22137,13.06038],[80.2225,13.05991],[80.22261,13.05976],[80.22258,13.05954],[80.22222,13.05825],[80.22385,13.05847],[80.22475,13.05869],[80.22788,13.05871],[80.22853,13.05829],[80.22858,13.05825],[80.22943,13.05766],[80.22957,13.05765],[80.22969,13.05774],[80.22999,13.05834],[80.23002,13.05903],[80.2302,13.06013],[80.23018,13.06099],[80.2303,13.06126],[80.23028,13.06149],[80.23025,13.06172],[80.23053,13.06311],[80.23139,13.06653],[80.23301,13.06625],[80.23197,13.05843],[80.23134,13.05411],[80.23071,13.05412]]]}},{"type":"Feature","properties":{"ward_id":"7880735","name":"Ward 109"},"geometry":{"type":"Polygon","coordinates":[[[80.22797,13.06761],[80.22766,13.06751],[80.22755,13.06751],[80.22689,13.06781],[80.22664,13.06806],[80.2264,13.06799],[80.22566,13.06721],[80.2256,13.06698],[80.22538,13.06692],[80.22498,13.06702],[80.22348,13.0675],[80.2232,13.06759],[80.22308,13.06728],[80.22303,13.06712],[80.22298,13.06677],[80.22276,13.06597],[80.22213,13.06259],[80.22155,13.06075],[80.22137,13.06038],[80.2225,13.05991],[80.22261,13.05976],[80.22258,13.05954],[80.22222,13.05825],[80.22385,13.05847],[80.22475,13.05869],[80.22788,13.05871],[80.22853,13.05829],[80.22858,13.05825],[80.22943,13.05766],[80.22957,13.05765],[80.22969,13.05774],[80.22999,13.05834],[80.23002,13.05903],[80.2302,13.06013],[80.23018,13.06099],[80.2303,13.06126],[80.23028,13.06149],[80.23025,13.06172],[80.23053,13.06311],[80.23139,13.06653],[80.23301,13.06625],[80.23321,13.06775],[80.23174,13.06823],[80.23124,13.06818],[80.22882,13.0678],[80.22825,13.06771],[80.22797,13.06761]]]}},{"type":"Feature","properties":{"ward_id":"7880737","name":"Ward 170"},"geometry":{"type":"Polygon","coordinates":[[[80.22122,13.01223],[80.2152,13.01007],[80.21465,13.01008],[80.21022,13.00835],[80.20809,13.00776],[80.20449,13.00707],[80.20404,13.00707],[80.20371,13.00732],[80.2036,13.01107],[80.20392,13.01215],[80.20396,13.01252],[80.20367,13.01268],[80.20313,13.01284],[80.20272,13.01309],[80.20247,13.01346],[80.20206,13.0137],[80.19919,13.01443],[80.19845,13.01471],[80.19824,13.015],[80.19823,13.01587],[80.19843,13.01711],[80.20022,13.02744],[80.20046,13.0283],[80.2005,13.02868],[80.20668,13.02736],[80.20778,13.02701],[80.20917,13.02618],[80.21003,13.02566],[80.2104,13.02523],[80.21078,13.02363],[80.2111,13.02271],[80.2116,13.02126],[80.21185,13.02027],[80.21195,13.02012],[80.21228,13.02021],[80.21344,13.02071],[80.21449,13.0206],[80.21771,13.01969],[80.21903,13.01954],[80.21952,13.01948],[80.21971,13.01936],[80.21968,13.01902],[80.21947,13.01868],[80.21924,13.01744],[80.21903,13.01667],[80.21909,13.01642],[80.21949,13.01633],[80.22311,13.01571],[80.22372,13.0159],[80.22443,13.01621],[80.22479,13.01661],[80.225,13.01729],[80.22541,13.01644],[80.22528,13.01576],[80.22527,13.0157],[80.22506,13.01526],[80.22292,13.01356],[80.2222,13.01301],[80.22122,13.01223]]]}},{"type":"Feature","properties":{"ward_id":"7882950","name":"Ward 58"},"geometry":{"type":"Polygon","coordinates":[[[80.25459,13.07891],[80.25567,13.0791],[80.25569,13.0791],[80.25578,13.07912],[80.25579,13.07912],[80.25597,13.07915],[80.2652,13.08072],[80.26559,13.07736],[80.26541,13.07645],[80.26593,13.07632],[80.26626,13.07786],[80.26683,13.07878],[80.26739,13.0794],[80.26857,13.07984],[80.2697,13.07991],[80.27064,13.0795],[80.27089,13.08085],[80.27313,13.0814],[80.27462,13.08159],[80.27431,13.08276],[80.27454,13.08306],[80.27457,13.08359],[80.2738,13.09085],[80.27062,13.09241],[80.26959,13.09226],[80.26944,13.09072],[80.26648,13.09042],[80.26627,13.0904],[80.26535,13.09015],[80.26477,13.09015],[80.26414,13.09017],[80.26067,13.09049],[80.25868,13.0904],[80.2587,13.09085],[80.25701,13.09078],[80.25703,13.09048],[80.25757,13.08868],[80.25656,13.08841],[80.25705,13.08656],[80.25591,13.08612],[80.25659,13.08382],[80.25614,13.08361],[80.25607,13.08318],[80.25604,13.08298],[80.256,13.08277],[80.25597,13.08258],[80.25577,13.08141],[80.25521,13.0815],[80.25496,13.08154],[80.25486,13.08148],[80.25453,13.07951],[80.25459,13.07891]]]}},{"type":"Feature","properties":{"ward_id":"7882951","name":"Ward 78"},"geometry":{"type":"Polygon","coordinates":[[[80.26279,13.09349],[80.26401,13.09339],[80.26402,13.09317],[80.2648,13.0931],[80.26491,13.09415],[80.26675,13.09393],[80.26663,13.09292],[80.2692,13.09257],[80.26959,13.09226],[80.26944,13.09072],[80.26648,13.09042],[80.26627,13.0904],[80.26535,13.09015],[80.26477,13.09015],[80.26414,13.09017],[80.26067,13.09049],[80.25868,13.0904],[80.2587,13.09085],[80.25701,13.09078],[80.25703,13.09048],[80.25757,13.08868],[80.25656,13.08841],[80.25705,13.08656],[80.25591,13.08612],[80.25555,13.08599],[80.25424,13.09118],[80.25466,13.09118],[80.25474,13.09175],[80.25414,13.09395],[80.25455,13.0941],[80.25614,13.09455],[80.25618,13.09456],[80.2562,13.09435],[80.25621,13.09433],[80.25648,13.09319],[80.25696,13.09334],[80.26279,13.09349]]]}},{"type":"Feature","properties":{"ward_id":"7882952","name":"Ward 76"},"geometry":{"type":"Polygon","coordinates":[[[80.25455,13.0941],[80.2541,13.09569],[80.25431,13.09614],[80.25434,13.09769],[80.25723,13.09749],[80.25726,13.09879],[80.25951,13.09865],[80.2598,13.09986],[80.26048,13.09979],[80.26021,13.09847],[80.26321,13.09674],[80.26281,13.09505],[80.26267,13.0949],[80.26279,13.09349],[80.25696,13.09334],[80.25648,13.09319],[80.25621,13.09433],[80.2562,13.09435],[80.25618,13.09456],[80.25614,13.09455],[80.25455,13.0941]]]}},{"type":"Feature","properties":{"ward_id":"7882953","name":"Ward 75"},"geometry":{"type":"Polygon","coordinates":[[[80.25113,13.09812],[80.25036,13.09598],[80.24987,13.09412],[80.24899,13.09106],[80.2511,13.09097],[80.25109,13.09135],[80.25304,13.09139],[80.25385,13.09155],[80.2542,13.09145],[80.25424,13.09118],[80.25466,13.09118],[80.25474,13.09175],[80.25414,13.09395],[80.25455,13.0941],[80.2541,13.09569],[80.25431,13.09614],[80.25434,13.09769],[80.2515,13.09788],[80.25113,13.09812]]]}},{"type":"Feature","properties":{"ward_id":"7882954","name":"Ward 60"},"geometry":{"type":"Polygon","coordinates":[[[80.29754,13.1021],[80.29744,13.10153],[80.29751,13.10106],[80.29813,13.10029],[80.30318,13.0984],[80.30358,13.09792],[80.3037,13.09662],[80.30234,13.09308],[80.30112,13.09047],[80.29469,13.07954],[80.28953,13.06722],[80.28401,13.06892],[80.28174,13.0686],[80.28063,13.06869],[80.27906,13.0694],[80.27672,13.07098],[80.27523,13.07221],[80.27506,13.07235],[80.28207,13.07892],[80.28078,13.08044],[80.28085,13.08124],[80.28104,13.08146],[80.28173,13.08228],[80.28333,13.08471],[80.28465,13.0856],[80.28533,13.08843],[80.28536,13.08967],[80.28623,13.09397],[80.28653,13.09682],[80.29066,13.09613],[80.2912,13.09874],[80.28996,13.09894],[80.2906,13.1027],[80.29427,13.10257],[80.29496,13.1025],[80.29548,13.10258],[80.29587,13.10246],[80.29754,13.1021]]]}},{"type":"Feature","properties":{"ward_id":"7882961","name":"Ward 63"},"geometry":{"type":"Polygon","coordinates":[[[80.26058,13.06386],[80.26081,13.06463],[80.26119,13.06549],[80.2617,13.06592],[80.26332,13.06672],[80.26477,13.06695],[80.26472,13.06902],[80.26492,13.07096],[80.26577,13.07092],[80.26578,13.07191],[80.26699,13.072],[80.2672,13.07206],[80.26719,13.07207],[80.26622,13.07312],[80.26561,13.07394],[80.26542,13.07471],[80.26531,13.07573],[80.26541,13.07645],[80.26593,13.07632],[80.26576,13.07475],[80.26609,13.07392],[80.26774,13.07218],[80.26848,13.07145],[80.26885,13.07061],[80.27142,13.06986],[80.27242,13.06943],[80.27198,13.06866],[80.27127,13.068],[80.271,13.06696],[80.27093,13.06646],[80.27084,13.06466],[80.27166,13.06462],[80.27161,13.06412],[80.27152,13.06372],[80.2714,13.06357],[80.27111,13.06358],[80.27051,13.06383],[80.27043,13.06375],[80.2704,13.06337],[80.2703,13.06284],[80.27028,13.06155],[80.27018,13.06137],[80.26982,13.06126],[80.26975,13.06117],[80.26977,13.0605],[80.26987,13.0603],[80.27007,13.06024],[80.27119,13.06067],[80.27132,13.06068],[80.27144,13.06047],[80.27142,13.05996],[80.27116,13.05986],[80.27083,13.05983],[80.27051,13.05955],[80.27018,13.0595],[80.27018,13.05933],[80.27028,13.0592],[80.27078,13.05913],[80.27085,13.059],[80.2704,13.05887],[80.26823,13.05838],[80.26755,13.05824],[80.26536,13.05826],[80.2655,13.05983],[80.26512,13.06096],[80.26374,13.06263],[80.26306,13.06207],[80.26213,13.06316],[80.26192,13.0634],[80.26058,13.06386]]]}},{"type":"Feature","properties":{"ward_id":"7882962","name":"Ward 62"},"geometry":{"type":"Polygon","coordinates":[[[80.26593,13.07632],[80.26576,13.07475],[80.26609,13.07392],[80.26774,13.07218],[80.26848,13.07145],[80.26885,13.07061],[80.27142,13.06986],[80.27242,13.06943],[80.27405,13.07075],[80.27438,13.07159],[80.27475,13.07256],[80.27469,13.0732],[80.27444,13.07413],[80.27418,13.07531],[80.27382,13.07708],[80.27311,13.07812],[80.27276,13.07847],[80.272,13.07888],[80.27118,13.07924],[80.27064,13.0795],[80.2697,13.07991],[80.26857,13.07984],[80.26739,13.0794],[80.26683,13.07878],[80.26626,13.07786],[80.26593,13.07632]]]}},{"type":"Feature","properties":{"ward_id":"7882978","name":"Ward 77"},"geometry":{"type":"Polygon","coordinates":[[[80.26959,13.09226],[80.27062,13.09241],[80.2738,13.09085],[80.27402,13.09325],[80.27402,13.09353],[80.27401,13.09448],[80.27391,13.0946],[80.27379,13.0947],[80.27371,13.09504],[80.27371,13.09577],[80.2725,13.09583],[80.27103,13.09593],[80.26864,13.09564],[80.26864,13.09587],[80.26863,13.09617],[80.26863,13.09642],[80.26863,13.09667],[80.26863,13.09673],[80.26862,13.09678],[80.26853,13.09758],[80.26842,13.09813],[80.26661,13.09853],[80.26529,13.09884],[80.26214,13.09926],[80.26182,13.09962],[80.26122,13.09972],[80.26048,13.09979],[80.26021,13.09847],[80.26321,13.09674],[80.26281,13.09505],[80.26267,13.0949],[80.26279,13.09349],[80.26401,13.09339],[80.26402,13.09317],[80.2648,13.0931],[80.26491,13.09415],[80.26675,13.09393],[80.26663,13.09292],[80.2692,13.09257],[80.26959,13.09226]]]}},{"type":"Feature","properties":{"ward_id":"7882979","name":"Ward 54"},"geometry":{"type":"Polygon","coordinates":[[[80.27982,13.09515],[80.27962,13.09433],[80.27894,13.09451],[80.27834,13.09468],[80.27593,13.09533],[80.27497,13.09577],[80.27455,13.09574],[80.27433,13.09473],[80.27401,13.09448],[80.27391,13.0946],[80.27379,13.0947],[80.27371,13.09504],[80.27371,13.09577],[80.27371,13.09737],[80.27512,13.0974],[80.27502,13.0999],[80.27461,13.10115],[80.27454,13.10138],[80.27469,13.10146],[80.27524,13.10132],[80.27623,13.10124],[80.27625,13.10216],[80.27667,13.10216],[80.27677,13.10226],[80.27681,13.1028],[80.27668,13.10323],[80.27667,13.10399],[80.27678,13.10414],[80.27834,13.10489],[80.27962,13.10542],[80.28003,13.10553],[80.28,13.10341],[80.28,13.10071],[80.2801,13.09862],[80.28005,13.09828],[80.27982,13.09515]]]}},{"type":"Feature","properties":{"ward_id":"7882980","name":"Ward 55"},"geometry":{"type":"Polygon","coordinates":[[[80.28003,13.10553],[80.28068,13.10551],[80.28192,13.1054],[80.28284,13.10524],[80.28468,13.10497],[80.28415,13.10245],[80.2837,13.10025],[80.28363,13.0994],[80.28347,13.09832],[80.2834,13.09793],[80.28384,13.09777],[80.2845,13.09764],[80.28479,13.09765],[80.28486,13.09774],[80.28543,13.09774],[80.28657,13.09759],[80.28653,13.09682],[80.28623,13.09397],[80.28214,13.09475],[80.28215,13.09479],[80.28241,13.09646],[80.28078,13.09666],[80.2806,13.09563],[80.2805,13.09505],[80.27982,13.09515],[80.28005,13.09828],[80.2801,13.09862],[80.28,13.10071],[80.28,13.10341],[80.28003,13.10553]]]}},{"type":"Feature","properties":{"ward_id":"7882981","name":"Ward 56"},"geometry":{"type":"Polygon","coordinates":[[[80.28468,13.10497],[80.28415,13.10245],[80.2837,13.10025],[80.28363,13.0994],[80.28347,13.09832],[80.2834,13.09793],[80.28384,13.09777],[80.2845,13.09764],[80.28479,13.09765],[80.28486,13.09774],[80.28543,13.09774],[80.28657,13.09759],[80.28653,13.09682],[80.29066,13.09613],[80.2912,13.09874],[80.28996,13.09894],[80.2906,13.1027],[80.2877,13.10402],[80.28568,13.10477],[80.28468,13.10497]]]}},{"type":"Feature","properties":{"ward_id":"7882990","name":"Ward 48"},"geometry":{"type":"Polygon","coordinates":[[[80.28153,13.11213],[80.28069,13.11217],[80.27898,13.11244],[80.27896,13.11237],[80.27788,13.11249],[80.278,13.11317],[80.27811,13.11379],[80.2781,13.11408],[80.27837,13.11413],[80.27871,13.11422],[80.27894,13.11447],[80.27931,13.11485],[80.27995,13.11711],[80.28011,13.11762],[80.28035,13.11781],[80.28049,13.11794],[80.28048,13.11808],[80.28041,13.11823],[80.2811,13.11789],[80.28133,13.1178],[80.28149,13.11774],[80.28162,13.11774],[80.28178,13.11793],[80.28189,13.11874],[80.28269,13.11872],[80.28267,13.11859],[80.28363,13.11858],[80.28366,13.11778],[80.28383,13.11678],[80.2839,13.11671],[80.284,13.11682],[80.28443,13.11771],[80.2846,13.1178],[80.28488,13.11776],[80.28503,13.11768],[80.28525,13.11775],[80.28535,13.11809],[80.28548,13.11834],[80.28647,13.11801],[80.28689,13.11784],[80.28635,13.11646],[80.28585,13.11506],[80.28532,13.11324],[80.28488,13.11147],[80.28449,13.11154],[80.28432,13.11157],[80.28413,13.11164],[80.28373,13.11176],[80.28261,13.11216],[80.28153,13.11213]]]}},{"type":"Feature","properties":{"ward_id":"7882991","name":"Ward 51"},"geometry":{"type":"Polygon","coordinates":[[[80.28133,13.11043],[80.28138,13.11081],[80.28149,13.11172],[80.28153,13.11213],[80.28261,13.11216],[80.28373,13.11176],[80.28413,13.11164],[80.28432,13.11157],[80.28449,13.11154],[80.28488,13.11147],[80.28532,13.11324],[80.28585,13.11506],[80.28635,13.11646],[80.28699,13.11631],[80.28737,13.11612],[80.28747,13.11594],[80.28735,13.11554],[80.28709,13.11493],[80.28699,13.11464],[80.28707,13.11454],[80.28872,13.11403],[80.28857,13.11304],[80.28842,13.11241],[80.28812,13.11173],[80.28767,13.11081],[80.28653,13.10901],[80.28631,13.10907],[80.28133,13.11043]]]}},{"type":"Feature","properties":{"ward_id":"7882992","name":"Ward 49"},"geometry":{"type":"Polygon","coordinates":[[[80.29215,13.11182],[80.29258,13.11456],[80.29231,13.11473],[80.29205,13.11489],[80.29196,13.11504],[80.29209,13.11512],[80.29243,13.11508],[80.2938,13.1214],[80.29388,13.12175],[80.29274,13.12206],[80.29241,13.12237],[80.29178,13.12265],[80.29089,13.12284],[80.28977,13.12283],[80.28897,13.12288],[80.288,13.12322],[80.2877,13.12337],[80.28749,13.12329],[80.28717,13.12291],[80.28686,13.12222],[80.2863,13.12092],[80.28534,13.11911],[80.28519,13.11863],[80.28525,13.11846],[80.28548,13.11834],[80.28647,13.11801],[80.28689,13.11784],[80.28635,13.11646],[80.28699,13.11631],[80.28737,13.11612],[80.28747,13.11594],[80.28735,13.11554],[80.28709,13.11493],[80.28699,13.11464],[80.28707,13.11454],[80.28872,13.11403],[80.28857,13.11304],[80.28842,13.11241],[80.28812,13.11173],[80.28844,13.11169],[80.28875,13.1122],[80.28909,13.11221],[80.29215,13.11182]]]}},{"type":"Feature","properties":{"ward_id":"7882993","name":"Ward 50"},"geometry":{"type":"Polygon","coordinates":[[[80.29844,13.10419],[80.29843,13.10418],[80.29586,13.10494],[80.29304,13.10613],[80.29389,13.1087],[80.29199,13.1092],[80.29177,13.10916],[80.29159,13.10902],[80.29146,13.10906],[80.2914,13.1093],[80.29215,13.11182],[80.29258,13.11456],[80.29231,13.11473],[80.29205,13.11489],[80.29196,13.11504],[80.29209,13.11512],[80.29243,13.11508],[80.2938,13.1214],[80.29403,13.12135],[80.29441,13.12128],[80.29548,13.12103],[80.29618,13.12103],[80.29703,13.12119],[80.29794,13.12116],[80.29802,13.12115],[80.29879,13.12103],[80.29938,13.12102],[80.30003,13.12105],[80.30006,13.12113],[80.30156,13.11779],[80.30205,13.11672],[80.30149,13.11396],[80.29844,13.10419]]]}},{"type":"Feature","properties":{"ward_id":"7882994","name":"Ward 52"},"geometry":{"type":"Polygon","coordinates":[[[80.29754,13.1021],[80.29587,13.10246],[80.29548,13.10258],[80.29496,13.1025],[80.29427,13.10257],[80.2906,13.1027],[80.2877,13.10402],[80.28568,13.10477],[80.28468,13.10497],[80.28284,13.10524],[80.28192,13.1054],[80.28068,13.10551],[80.28003,13.10553],[80.27989,13.10602],[80.2802,13.10675],[80.28127,13.10647],[80.28148,13.10648],[80.2816,13.10666],[80.28217,13.10782],[80.28171,13.10799],[80.2807,13.10839],[80.28066,13.10925],[80.28057,13.10936],[80.28052,13.10948],[80.28041,13.10956],[80.28048,13.10962],[80.28057,13.10956],[80.28069,13.10942],[80.28083,13.10947],[80.28107,13.10991],[80.28133,13.11043],[80.28631,13.10907],[80.28653,13.10901],[80.28767,13.11081],[80.28812,13.11173],[80.28844,13.11169],[80.28875,13.1122],[80.28909,13.11221],[80.29215,13.11182],[80.2914,13.1093],[80.29146,13.10906],[80.29159,13.10902],[80.29177,13.10916],[80.29199,13.1092],[80.29389,13.1087],[80.29304,13.10613],[80.29586,13.10494],[80.29843,13.10418],[80.29844,13.10419],[80.298,13.10258],[80.29754,13.1021]]]}},{"type":"Feature","properties":{"ward_id":"7883005","name":"Ward 40"},"geometry":{"type":"Polygon","coordinates":[[[80.28498,13.12838],[80.285,13.12848],[80.28567,13.13277],[80.28615,13.13475],[80.28624,13.13494],[80.28665,13.13506],[80.28698,13.1352],[80.28714,13.13553],[80.28742,13.1374],[80.28833,13.13971],[80.28954,13.13948],[80.28968,13.13938],[80.29025,13.13909],[80.29162,13.13906],[80.29354,13.13884],[80.29342,13.13822],[80.29273,13.13459],[80.29268,13.13397],[80.2927,13.13374],[80.29255,13.1333],[80.29221,13.13236],[80.29143,13.13033],[80.29009,13.12712],[80.2888,13.12759],[80.28518,13.12856],[80.28498,13.12838]]]}},{"type":"Feature","properties":{"ward_id":"7883006","name":"Ward 42"},"geometry":{"type":"Polygon","coordinates":[[[80.29009,13.12712],[80.28903,13.12493],[80.28825,13.12387],[80.2877,13.12337],[80.28749,13.12329],[80.28717,13.12291],[80.28686,13.12222],[80.2863,13.12092],[80.28534,13.11911],[80.28519,13.11863],[80.28525,13.11846],[80.28548,13.11834],[80.28535,13.11809],[80.28525,13.11775],[80.28503,13.11768],[80.28488,13.11776],[80.2846,13.1178],[80.28443,13.11771],[80.284,13.11682],[80.2839,13.11671],[80.28383,13.11678],[80.28366,13.11778],[80.28363,13.11858],[80.28267,13.11859],[80.28269,13.11872],[80.28189,13.11874],[80.28178,13.11793],[80.28162,13.11774],[80.28149,13.11774],[80.28133,13.1178],[80.2811,13.11789],[80.28041,13.11823],[80.28075,13.11984],[80.28175,13.12171],[80.28211,13.12225],[80.28225,13.12246],[80.2831,13.12354],[80.28382,13.12409],[80.2841,13.12451],[80.28429,13.12532],[80.28498,13.12838],[80.28518,13.12856],[80.2888,13.12759],[80.29009,13.12712]]]}},{"type":"Feature","properties":{"ward_id":"7883007","name":"Ward 43"},"geometry":{"type":"Polygon","coordinates":[[[80.29009,13.12712],[80.28903,13.12493],[80.28825,13.12387],[80.2877,13.12337],[80.288,13.12322],[80.28897,13.12288],[80.28977,13.12283],[80.29089,13.12284],[80.29178,13.12265],[80.29241,13.12237],[80.29274,13.12206],[80.29388,13.12175],[80.2938,13.1214],[80.29403,13.12135],[80.29441,13.12128],[80.29548,13.12103],[80.29618,13.12103],[80.29703,13.12119],[80.29794,13.12116],[80.29802,13.12115],[80.29879,13.12103],[80.29938,13.12102],[80.30003,13.12105],[80.30006,13.12113],[80.29927,13.12297],[80.29751,13.1236],[80.29684,13.12441],[80.29774,13.12673],[80.29851,13.12936],[80.29763,13.1301],[80.29753,13.13161],[80.29651,13.13177],[80.29221,13.13236],[80.29143,13.13033],[80.29009,13.12712]]]}},{"type":"Feature","properties":{"ward_id":"7883008","name":"Ward 57"},"geometry":{"type":"Polygon","coordinates":[[[80.27401,13.09448],[80.27402,13.09353],[80.27402,13.09325],[80.2738,13.09085],[80.27499,13.09061],[80.275,13.08921],[80.27539,13.08923],[80.2754,13.08949],[80.2766,13.08941],[80.27689,13.08985],[80.27731,13.08947],[80.27764,13.08939],[80.27811,13.08947],[80.27828,13.08995],[80.2789,13.08944],[80.27969,13.0892],[80.28078,13.08878],[80.28243,13.08845],[80.28262,13.08841],[80.28533,13.08843],[80.28536,13.08967],[80.28623,13.09397],[80.28214,13.09475],[80.28215,13.09479],[80.28241,13.09646],[80.28078,13.09666],[80.2806,13.09563],[80.2805,13.09505],[80.27982,13.09515],[80.27962,13.09433],[80.27894,13.09451],[80.27834,13.09468],[80.27593,13.09533],[80.27497,13.09577],[80.27455,13.09574],[80.27433,13.09473],[80.27401,13.09448]]]}},{"type":"Feature","properties":{"ward_id":"7883025","name":"Ward 39"},"geometry":{"type":"Polygon","coordinates":[[[80.28833,13.13971],[80.2898,13.14471],[80.29051,13.14448],[80.2914,13.1443],[80.29233,13.14424],[80.29297,13.14415],[80.29311,13.14461],[80.29511,13.14445],[80.29575,13.1444],[80.29691,13.14433],[80.29672,13.14398],[80.29978,13.14315],[80.30021,13.14307],[80.29967,13.14096],[80.29886,13.13743],[80.29753,13.13161],[80.29651,13.13177],[80.29221,13.13236],[80.29255,13.1333],[80.2927,13.13374],[80.29268,13.13397],[80.29273,13.13459],[80.29342,13.13822],[80.29354,13.13884],[80.29162,13.13906],[80.29025,13.13909],[80.28968,13.13938],[80.28954,13.13948],[80.28833,13.13971]]]}},{"type":"Feature","properties":{"ward_id":"7883876","name":"Ward 47"},"geometry":{"type":"Polygon","coordinates":[[[80.26987,13.11039],[80.27043,13.11053],[80.27193,13.11061],[80.27308,13.11044],[80.27357,13.11033],[80.27372,13.11042],[80.27385,13.11071],[80.27467,13.11285],[80.27497,13.11347],[80.27525,13.11463],[80.27562,13.1153],[80.27572,13.11536],[80.27583,13.11525],[80.2769,13.11438],[80.27711,13.11436],[80.2773,13.11451],[80.27749,13.11449],[80.27762,13.11428],[80.27761,13.11403],[80.2781,13.11408],[80.27837,13.11413],[80.27871,13.11422],[80.27894,13.11447],[80.27931,13.11485],[80.27995,13.11711],[80.28011,13.11762],[80.28035,13.11781],[80.28049,13.11794],[80.28048,13.11808],[80.28041,13.11823],[80.28075,13.11984],[80.27972,13.12027],[80.27866,13.12067],[80.27823,13.11941],[80.27803,13.11897],[80.27768,13.11886],[80.27741,13.11891],[80.2764,13.11928],[80.2749,13.11977],[80.27443,13.11986],[80.27405,13.11991],[80.27335,13.11996],[80.27288,13.12015],[80.27234,13.12014],[80.27068,13.11465],[80.26987,13.11039]]]}},{"type":"Feature","properties":{"ward_id":"7883877","name":"Ward 72"},"geometry":{"type":"Polygon","coordinates":[[[80.26842,13.09813],[80.26811,13.09874],[80.26771,13.09971],[80.26733,13.10027],[80.26553,13.10032],[80.26555,13.10054],[80.26571,13.10129],[80.26577,13.10157],[80.26567,13.10167],[80.26531,13.10167],[80.2649,13.1015],[80.26444,13.10145],[80.26435,13.10215],[80.26351,13.10233],[80.2618,13.10249],[80.26054,13.10261],[80.26057,13.10277],[80.26074,13.10332],[80.26093,13.10396],[80.261,13.10424],[80.26103,13.10447],[80.26091,13.1054],[80.26079,13.10621],[80.26069,13.10688],[80.26059,13.10754],[80.26045,13.10793],[80.26022,13.10838],[80.25983,13.10895],[80.25979,13.10906],[80.25977,13.10931],[80.25997,13.10916],[80.26028,13.10914],[80.26094,13.10928],[80.26397,13.10956],[80.2647,13.10968],[80.26505,13.10979],[80.26518,13.11004],[80.26518,13.11039],[80.26533,13.11055],[80.26564,13.1107],[80.26629,13.11002],[80.268,13.10819],[80.26845,13.1077],[80.26958,13.10657],[80.27025,13.10604],[80.27121,13.10454],[80.27133,13.10427],[80.27126,13.10312],[80.27116,13.10275],[80.27111,13.10209],[80.27117,13.0997],[80.27098,13.09804],[80.27109,13.09727],[80.27123,13.09719],[80.27147,13.09722],[80.27371,13.09737],[80.27371,13.09577],[80.2725,13.09583],[80.27103,13.09593],[80.26864,13.09564],[80.26864,13.09587],[80.26863,13.09617],[80.26863,13.09642],[80.26863,13.09667],[80.26863,13.09673],[80.26862,13.09678],[80.26853,13.09758],[80.26842,13.09813]]]}},{"type":"Feature","properties":{"ward_id":"7883878","name":"Ward 53"},"geometry":{"type":"Polygon","coordinates":[[[80.28153,13.11213],[80.28149,13.11172],[80.28138,13.11081],[80.28133,13.11043],[80.28107,13.10991],[80.28083,13.10947],[80.28069,13.10942],[80.28057,13.10956],[80.28048,13.10962],[80.28041,13.10956],[80.28052,13.10948],[80.28057,13.10936],[80.28066,13.10925],[80.2807,13.10839],[80.28171,13.10799],[80.28217,13.10782],[80.2816,13.10666],[80.28148,13.10648],[80.28127,13.10647],[80.2802,13.10675],[80.27989,13.10602],[80.28003,13.10553],[80.27962,13.10542],[80.27834,13.10489],[80.27678,13.10414],[80.27667,13.10399],[80.27668,13.10323],[80.27681,13.1028],[80.27677,13.10226],[80.27667,13.10216],[80.27625,13.10216],[80.27623,13.10124],[80.27524,13.10132],[80.27469,13.10146],[80.27454,13.10138],[80.27461,13.10115],[80.27502,13.0999],[80.27512,13.0974],[80.27371,13.09737],[80.27147,13.09722],[80.27123,13.09719],[80.27109,13.09727],[80.27098,13.09804],[80.27117,13.0997],[80.27111,13.10209],[80.27116,13.10275],[80.27126,13.10312],[80.27133,13.10427],[80.27121,13.10454],[80.27125,13.10481],[80.27045,13.10785],[80.26993,13.10969],[80.26987,13.11039],[80.27043,13.11053],[80.27193,13.11061],[80.27308,13.11044],[80.27357,13.11033],[80.27372,13.11042],[80.27385,13.11071],[80.27467,13.11285],[80.27497,13.11347],[80.27525,13.11463],[80.27562,13.1153],[80.27572,13.11536],[80.27583,13.11525],[80.2769,13.11438],[80.27711,13.11436],[80.2773,13.11451],[80.27749,13.11449],[80.27762,13.11428],[80.27761,13.11403],[80.2781,13.11408],[80.27811,13.11379],[80.278,13.11317],[80.27788,13.11249],[80.27896,13.11237],[80.27898,13.11244],[80.28069,13.11217],[80.28153,13.11213]]]}},{"type":"Feature","properties":{"ward_id":"7883879","name":"Ward 46"},"geometry":{"type":"Polygon","coordinates":[[[80.27121,13.10454],[80.27025,13.10604],[80.26958,13.10657],[80.26845,13.1077],[80.268,13.10819],[80.26629,13.11002],[80.26564,13.1107],[80.26385,13.11313],[80.2636,13.11379],[80.26348,13.11417],[80.26296,13.11425],[80.26197,13.11426],[80.2615,13.11412],[80.26136,13.11422],[80.26144,13.11448],[80.26204,13.11643],[80.26204,13.11735],[80.26194,13.11767],[80.26171,13.11786],[80.26154,13.11795],[80.26142,13.11799],[80.26169,13.1196],[80.26456,13.11959],[80.265,13.11946],[80.2682,13.11953],[80.27106,13.11995],[80.27234,13.12014],[80.27068,13.11465],[80.26987,13.11039],[80.26993,13.10969],[80.27045,13.10785],[80.27125,13.10481],[80.27121,13.10454]]]}},{"type":"Feature","properties":{"ward_id":"7883880","name":"Ward 41"},"geometry":{"type":"Polygon","coordinates":[[[80.27866,13.12067],[80.27823,13.11941],[80.27803,13.11897],[80.27768,13.11886],[80.27741,13.11891],[80.2764,13.11928],[80.2749,13.11977],[80.27443,13.11986],[80.27405,13.11991],[80.27335,13.11996],[80.27288,13.12015],[80.27234,13.12014],[80.27356,13.12514],[80.27209,13.12625],[80.27172,13.12586],[80.27131,13.12617],[80.27087,13.12644],[80.2696,13.12694],[80.27175,13.13069],[80.27416,13.13073],[80.27493,13.13057],[80.27353,13.12642],[80.27397,13.12631],[80.27597,13.12623],[80.27722,13.12596],[80.27714,13.12516],[80.27703,13.12453],[80.27721,13.12425],[80.27747,13.12432],[80.27768,13.1246],[80.27781,13.12526],[80.27843,13.12818],[80.27864,13.12846],[80.27915,13.12854],[80.28216,13.12811],[80.27866,13.12067]]]}},{"type":"Feature","properties":{"ward_id":"7883881","name":"Ward 38"},"geometry":{"type":"Polygon","coordinates":[[[80.27493,13.13057],[80.27613,13.13508],[80.2771,13.13847],[80.27853,13.14218],[80.27912,13.14236],[80.2826,13.1445],[80.28405,13.14559],[80.2849,13.14595],[80.28594,13.14621],[80.28676,13.14625],[80.28754,13.14593],[80.2898,13.14471],[80.28833,13.13971],[80.28742,13.1374],[80.28714,13.13553],[80.28698,13.1352],[80.28665,13.13506],[80.28624,13.13494],[80.28615,13.13475],[80.28567,13.13277],[80.285,13.12848],[80.28498,13.12838],[80.28429,13.12532],[80.2841,13.12451],[80.28382,13.12409],[80.2831,13.12354],[80.28225,13.12246],[80.28211,13.12225],[80.28175,13.12171],[80.28075,13.11984],[80.27972,13.12027],[80.27866,13.12067],[80.28216,13.12811],[80.27915,13.12854],[80.27864,13.12846],[80.27843,13.12818],[80.27781,13.12526],[80.27768,13.1246],[80.27747,13.12432],[80.27721,13.12425],[80.27703,13.12453],[80.27714,13.12516],[80.27722,13.12596],[80.27597,13.12623],[80.27397,13.12631],[80.27353,13.12642],[80.27493,13.13057]]]}},{"type":"Feature","properties":{"ward_id":"7883922","name":"Ward 37"},"geometry":{"type":"Polygon","coordinates":[[[80.25881,13.13138],[80.25908,13.12662],[80.2591,13.12613],[80.25934,13.12215],[80.25944,13.11842],[80.25944,13.11828],[80.26054,13.11814],[80.26089,13.11808],[80.26142,13.11799],[80.26169,13.1196],[80.26456,13.11959],[80.265,13.11946],[80.2682,13.11953],[80.27106,13.11995],[80.27234,13.12014],[80.27356,13.12514],[80.27209,13.12625],[80.27172,13.12586],[80.27131,13.12617],[80.27087,13.12644],[80.2696,13.12694],[80.27175,13.13069],[80.27416,13.13073],[80.27493,13.13057],[80.27613,13.13508],[80.2771,13.13847],[80.27853,13.14218],[80.26504,13.14154],[80.26566,13.14541],[80.26043,13.14591],[80.25809,13.13632],[80.25869,13.13604],[80.25881,13.13138]]]}},{"type":"Feature","properties":{"ward_id":"7883923","name":"Ward 34"},"geometry":{"type":"Polygon","coordinates":[[[80.24174,13.12971],[80.24222,13.13122],[80.24245,13.13369],[80.24248,13.1353],[80.24219,13.13567],[80.24124,13.13583],[80.23951,13.13587],[80.23912,13.13615],[80.23904,13.13712],[80.23975,13.14093],[80.23989,13.14169],[80.24024,13.14216],[80.24038,13.14252],[80.24031,13.14284],[80.23948,13.14359],[80.2393,13.14391],[80.23947,13.14449],[80.23975,13.14557],[80.24017,13.14575],[80.24067,13.14572],[80.24228,13.14547],[80.24296,13.14555],[80.24331,13.1458],[80.24385,13.14581],[80.2447,13.14563],[80.24535,13.14546],[80.24578,13.14553],[80.24613,13.14597],[80.24634,13.14625],[80.24677,13.14618],[80.24723,13.14597],[80.24759,13.14597],[80.24791,13.14619],[80.24815,13.14684],[80.24826,13.14724],[80.24847,13.14774],[80.24911,13.14789],[80.25125,13.14801],[80.25535,13.14743],[80.25814,13.14704],[80.25939,13.14648],[80.26025,13.14594],[80.26043,13.14591],[80.25809,13.13632],[80.2568,13.13664],[80.25591,13.13671],[80.25538,13.13655],[80.25468,13.13652],[80.25251,13.13677],[80.24999,13.13689],[80.24892,13.13718],[80.24588,13.13833],[80.24349,13.1385],[80.24262,13.13083],[80.24174,13.12971]]]}},{"type":"Feature","properties":{"ward_id":"7883924","name":"Ward 35"},"geometry":{"type":"Polygon","coordinates":[[[80.24833,13.12192],[80.24839,13.12246],[80.24873,13.12257],[80.24895,13.12292],[80.24896,13.12311],[80.24866,13.12348],[80.24838,13.12371],[80.24838,13.12404],[80.24984,13.12858],[80.24979,13.12979],[80.2499,13.13003],[80.25101,13.13064],[80.25249,13.1316],[80.25283,13.13163],[80.2536,13.13152],[80.25763,13.13153],[80.25795,13.13144],[80.25881,13.13138],[80.25869,13.13604],[80.25809,13.13632],[80.2568,13.13664],[80.25591,13.13671],[80.25538,13.13655],[80.25468,13.13652],[80.25251,13.13677],[80.24999,13.13689],[80.24892,13.13718],[80.24588,13.13833],[80.24349,13.1385],[80.24262,13.13083],[80.24174,13.12971],[80.24149,13.12895],[80.24154,13.12686],[80.24242,13.12701],[80.24255,13.12716],[80.24273,13.12723],[80.24279,13.12781],[80.2429,13.12781],[80.24293,13.12717],[80.24306,13.12721],[80.2433,13.12728],[80.24348,13.12728],[80.24357,13.12695],[80.24499,13.12331],[80.24563,13.12307],[80.24568,13.12272],[80.2457,13.12245],[80.24592,13.12236],[80.2463,13.12227],[80.24652,13.12219],[80.24669,13.12227],[80.2468,13.12247],[80.24699,13.12245],[80.24833,13.12192]]]}},{"type":"Feature","properties":{"ward_id":"7883925","name":"Ward 36"},"geometry":{"type":"Polygon","coordinates":[[[80.24833,13.12192],[80.24839,13.12246],[80.24873,13.12257],[80.24895,13.12292],[80.24896,13.12311],[80.24866,13.12348],[80.24838,13.12371],[80.24838,13.12404],[80.24984,13.12858],[80.24979,13.12979],[80.2499,13.13003],[80.25101,13.13064],[80.25249,13.1316],[80.25283,13.13163],[80.2536,13.13152],[80.25763,13.13153],[80.25795,13.13144],[80.25881,13.13138],[80.25908,13.12662],[80.2591,13.12613],[80.25934,13.12215],[80.25944,13.11842],[80.25944,13.11828],[80.25756,13.11878],[80.25724,13.11881],[80.25708,13.11876],[80.25685,13.11831],[80.25663,13.11805],[80.25617,13.11785],[80.25592,13.11762],[80.25588,13.1167],[80.2542,13.11654],[80.25278,13.11637],[80.25279,13.11722],[80.25278,13.11742],[80.25278,13.11748],[80.25281,13.11889],[80.25285,13.11935],[80.25295,13.11963],[80.25285,13.11983],[80.25207,13.12029],[80.25122,13.12056],[80.25154,13.12199],[80.25145,13.12202],[80.25114,13.12069],[80.25105,13.12061],[80.25054,13.1209],[80.25027,13.12096],[80.25015,13.12083],[80.24987,13.12066],[80.24978,13.12067],[80.24974,13.12081],[80.24978,13.12114],[80.24972,13.12118],[80.2496,13.12116],[80.2496,13.12104],[80.24965,13.12097],[80.24966,13.12077],[80.24956,13.12072],[80.24949,13.12073],[80.24921,13.12092],[80.24916,13.12119],[80.24927,13.12133],[80.24932,13.12148],[80.24924,13.12155],[80.24906,13.12158],[80.2487,13.12183],[80.24833,13.12192]]]}},{"type":"Feature","properties":{"ward_id":"7883926","name":"Ward 44"},"geometry":{"type":"Polygon","coordinates":[[[80.25248,13.11462],[80.25142,13.1153],[80.25095,13.11547],[80.24984,13.11542],[80.24951,13.1154],[80.24795,13.1153],[80.24793,13.11432],[80.24785,13.11385],[80.24792,13.11352],[80.24832,13.11334],[80.24841,13.11306],[80.24837,13.11298],[80.24828,13.11279],[80.24806,13.11283],[80.24761,13.11296],[80.24682,13.11309],[80.24422,13.11305],[80.24382,13.11316],[80.24366,13.11338],[80.24376,13.11432],[80.2443,13.11594],[80.24438,13.11696],[80.24481,13.11897],[80.24498,13.11915],[80.24514,13.11912],[80.24531,13.11906],[80.2454,13.11904],[80.24553,13.11902],[80.24584,13.11917],[80.24604,13.11933],[80.24612,13.11953],[80.24595,13.11975],[80.24533,13.11988],[80.24515,13.12008],[80.24526,13.1205],[80.2459,13.12216],[80.24592,13.12236],[80.2463,13.12227],[80.24652,13.12219],[80.24669,13.12227],[80.2468,13.12247],[80.24699,13.12245],[80.24833,13.12192],[80.2487,13.12183],[80.24906,13.12158],[80.24924,13.12155],[80.24932,13.12148],[80.24927,13.12133],[80.24916,13.12119],[80.24921,13.12092],[80.24949,13.12073],[80.24956,13.12072],[80.24966,13.12077],[80.24965,13.12097],[80.2496,13.12104],[80.2496,13.12116],[80.24972,13.12118],[80.24978,13.12114],[80.24974,13.12081],[80.24978,13.12067],[80.24987,13.12066],[80.25015,13.12083],[80.25027,13.12096],[80.25054,13.1209],[80.25105,13.12061],[80.25114,13.12069],[80.25145,13.12202],[80.25154,13.12199],[80.25122,13.12056],[80.25207,13.12029],[80.25285,13.11983],[80.25295,13.11963],[80.25285,13.11935],[80.25281,13.11889],[80.25278,13.11748],[80.25278,13.11742],[80.25279,13.11722],[80.25192,13.11707],[80.2517,13.11698],[80.25153,13.11679],[80.25147,13.11643],[80.25152,13.11622],[80.25181,13.11609],[80.25195,13.11575],[80.25248,13.11462]]]}},{"type":"Feature","properties":{"ward_id":"7883927","name":"Ward 45"},"geometry":{"type":"Polygon","coordinates":[[[80.25977,13.10931],[80.25977,13.10954],[80.2597,13.10978],[80.25953,13.10982],[80.25884,13.10975],[80.25792,13.10966],[80.25737,13.10954],[80.25706,13.10932],[80.25598,13.10911],[80.25331,13.10883],[80.25254,13.10874],[80.25243,13.1088],[80.25253,13.11007],[80.2527,13.11318],[80.25266,13.11433],[80.25248,13.11462],[80.25195,13.11575],[80.25181,13.11609],[80.25152,13.11622],[80.25147,13.11643],[80.25153,13.11679],[80.2517,13.11698],[80.25192,13.11707],[80.25279,13.11722],[80.25278,13.11637],[80.2542,13.11654],[80.25588,13.1167],[80.25592,13.11762],[80.25617,13.11785],[80.25663,13.11805],[80.25685,13.11831],[80.25708,13.11876],[80.25724,13.11881],[80.25756,13.11878],[80.25944,13.11828],[80.26054,13.11814],[80.26089,13.11808],[80.26142,13.11799],[80.26154,13.11795],[80.26171,13.11786],[80.26194,13.11767],[80.26204,13.11735],[80.26204,13.11643],[80.26144,13.11448],[80.26136,13.11422],[80.2615,13.11412],[80.26197,13.11426],[80.26296,13.11425],[80.26348,13.11417],[80.2636,13.11379],[80.26385,13.11313],[80.26564,13.1107],[80.26533,13.11055],[80.26518,13.11039],[80.26518,13.11004],[80.26505,13.10979],[80.2647,13.10968],[80.26397,13.10956],[80.26094,13.10928],[80.26028,13.10914],[80.25997,13.10916],[80.25977,13.10931]]]}},{"type":"Feature","properties":{"ward_id":"7883986","name":"Ward 61"},"geometry":{"type":"Polygon","coordinates":[[[80.26058,13.06386],[80.26033,13.06295],[80.25963,13.06214],[80.25877,13.06136],[80.25811,13.06103],[80.2573,13.06099],[80.2568,13.06118],[80.25637,13.06159],[80.25597,13.06224],[80.25595,13.06228],[80.25571,13.06289],[80.25565,13.06389],[80.25568,13.06483],[80.25558,13.06514],[80.2556,13.06552],[80.25544,13.06584],[80.25528,13.06615],[80.25477,13.06689],[80.25468,13.067],[80.25415,13.06757],[80.2529,13.06898],[80.25226,13.06956],[80.25126,13.07025],[80.25035,13.07079],[80.24977,13.071],[80.24919,13.07111],[80.24897,13.07154],[80.25062,13.07191],[80.25032,13.0739],[80.25232,13.07417],[80.2521,13.07655],[80.25335,13.07676],[80.25297,13.07875],[80.25459,13.07891],[80.25567,13.0791],[80.25569,13.0791],[80.25578,13.07912],[80.25579,13.07912],[80.25597,13.07915],[80.2652,13.08072],[80.26559,13.07736],[80.26541,13.07645],[80.26531,13.07573],[80.26542,13.07471],[80.26561,13.07394],[80.26622,13.07312],[80.26719,13.07207],[80.2672,13.07206],[80.26699,13.072],[80.26578,13.07191],[80.26577,13.07092],[80.26492,13.07096],[80.26472,13.06902],[80.26477,13.06695],[80.26332,13.06672],[80.2617,13.06592],[80.26119,13.06549],[80.26081,13.06463],[80.26058,13.06386]]]}},{"type":"Feature","properties":{"ward_id":"7884393","name":"Ward 4"},"geometry":{"type":"Polygon","coordinates":[[[80.30908,13.18703],[80.3038,13.17564],[80.29978,13.17685],[80.30058,13.17898],[80.29928,13.17938],[80.30168,13.18305],[80.30327,13.18228],[80.30345,13.18284],[80.30347,13.18376],[80.29725,13.18583],[80.29861,13.18788],[80.29949,13.18769],[80.30023,13.18983],[80.3024,13.19196],[80.30244,13.19327],[80.3033,13.19544],[80.31172,13.19299],[80.30908,13.18703]]]}},{"type":"Feature","properties":{"ward_id":"7884394","name":"Ward 15"},"geometry":{"type":"Polygon","coordinates":[[[80.26989,13.20358],[80.27083,13.20946],[80.27235,13.21578],[80.27039,13.22041],[80.26714,13.22284],[80.26686,13.22376],[80.2686,13.22474],[80.27008,13.22471],[80.27354,13.22672],[80.27629,13.22648],[80.28394,13.22744],[80.28545,13.22645],[80.28824,13.22206],[80.28901,13.22111],[80.29247,13.22042],[80.29368,13.22035],[80.29772,13.2172],[80.29827,13.21382],[80.30008,13.2127],[80.3008,13.21107],[80.30444,13.21104],[80.30629,13.21146],[80.30784,13.21337],[80.31304,13.22015],[80.31087,13.21611],[80.30809,13.21083],[80.30878,13.20718],[80.30677,13.20307],[80.30501,13.19977],[80.30418,13.19797],[80.30369,13.19793],[80.30174,13.19845],[80.28917,13.2013],[80.28477,13.20231],[80.28093,13.20336],[80.27716,13.20437],[80.27576,13.20445],[80.27358,13.20433],[80.27191,13.20415],[80.27075,13.20374],[80.26989,13.20358]]]}},{"type":"Feature","properties":{"ward_id":"7884395","name":"Ward 16"},"geometry":{"type":"Polygon","coordinates":[[[80.30418,13.19797],[80.30474,13.19773],[80.30387,13.19706],[80.3033,13.19544],[80.30244,13.19327],[80.3024,13.19196],[80.30023,13.18983],[80.29949,13.18769],[80.29861,13.18788],[80.29725,13.18583],[80.29556,13.18341],[80.2939,13.1805],[80.2909,13.18156],[80.28616,13.182],[80.28313,13.18281],[80.28063,13.18364],[80.28008,13.18375],[80.27981,13.18375],[80.27872,13.18289],[80.27843,13.18273],[80.27617,13.1828],[80.27427,13.18284],[80.27362,13.18283],[80.27343,13.18302],[80.27316,13.18352],[80.27245,13.18373],[80.27216,13.18383],[80.27208,13.1841],[80.27213,13.18436],[80.27301,13.18606],[80.27298,13.18627],[80.27272,13.18643],[80.27127,13.18661],[80.27051,13.18679],[80.26969,13.1871],[80.26906,13.18723],[80.26892,13.18744],[80.26907,13.18829],[80.26932,13.18972],[80.26931,13.19186],[80.26909,13.19215],[80.26865,13.19226],[80.26794,13.19228],[80.26649,13.19246],[80.26462,13.1925],[80.26186,13.19272],[80.26131,13.19272],[80.26055,13.19231],[80.25847,13.19188],[80.25491,13.19174],[80.25433,13.19426],[80.25415,13.19452],[80.25361,13.19484],[80.24951,13.19657],[80.24928,13.19673],[80.24928,13.19692],[80.24951,13.19868],[80.24986,13.20608],[80.25384,13.20588],[80.25634,13.20576],[80.2664,13.20362],[80.26831,13.20371],[80.26989,13.20358],[80.27075,13.20374],[80.27191,13.20415],[80.27358,13.20433],[80.27576,13.20445],[80.27716,13.20437],[80.28093,13.20336],[80.28477,13.20231],[80.28917,13.2013],[80.30174,13.19845],[80.30369,13.19793],[80.30418,13.19797]]]}},{"type":"Feature","properties":{"ward_id":"7884396","name":"Ward 3"},"geometry":{"type":"Polygon","coordinates":[[[80.3187,13.18874],[80.31347,13.18989],[80.31264,13.1864],[80.31131,13.18664],[80.30908,13.18703],[80.31172,13.19299],[80.3033,13.19544],[80.30387,13.19706],[80.30474,13.19773],[80.30418,13.19797],[80.30501,13.19977],[80.30677,13.20307],[80.30878,13.20718],[80.31102,13.20754],[80.31202,13.20746],[80.31762,13.20587],[80.32028,13.20526],[80.32223,13.20478],[80.32273,13.20466],[80.3187,13.18874]]]}},{"type":"Feature","properties":{"ward_id":"7884397","name":"Ward 2"},"geometry":{"type":"Polygon","coordinates":[[[80.32273,13.20466],[80.32223,13.20478],[80.32028,13.20526],[80.31762,13.20587],[80.31202,13.20746],[80.31102,13.20754],[80.30878,13.20718],[80.30809,13.21083],[80.31087,13.21611],[80.31304,13.22015],[80.31608,13.22658],[80.31905,13.22244],[80.31918,13.22238],[80.31933,13.22255],[80.31939,13.22266],[80.31956,13.2226],[80.32039,13.22186],[80.32106,13.22171],[80.32277,13.22155],[80.32299,13.22119],[80.32331,13.22086],[80.32312,13.21986],[80.323,13.21907],[80.32316,13.21839],[80.32343,13.2182],[80.32476,13.21806],[80.32685,13.21799],[80.32273,13.20466]]]}},{"type":"Feature","properties":{"ward_id":"7884398","name":"Ward 1"},"geometry":{"type":"Polygon","coordinates":[[[80.32685,13.21799],[80.32476,13.21806],[80.32343,13.2182],[80.32316,13.21839],[80.323,13.21907],[80.32312,13.21986],[80.32331,13.22086],[80.32299,13.22119],[80.32277,13.22155],[80.32106,13.22171],[80.32039,13.22186],[80.31956,13.2226],[80.31939,13.22266],[80.31933,13.22255],[80.31918,13.22238],[80.31905,13.22244],[80.31608,13.22658],[80.3175,13.22971],[80.31756,13.23119],[80.32353,13.23255],[80.32707,13.23516],[80.33044,13.23426],[80.3324,13.23461],[80.3329,13.23475],[80.32685,13.21799]]]}},{"type":"Feature","properties":{"ward_id":"7884399","name":"Ward 7"},"geometry":{"type":"Polygon","coordinates":[[[80.27853,13.14218],[80.26504,13.14154],[80.26566,13.14541],[80.26651,13.14543],[80.2666,13.14556],[80.26648,13.14583],[80.26645,13.14615],[80.26655,13.14629],[80.26672,13.14629],[80.26718,13.1463],[80.26733,13.14649],[80.26778,13.14714],[80.26793,13.14787],[80.26797,13.14814],[80.26814,13.14832],[80.26831,13.14844],[80.2684,13.14896],[80.2683,13.14925],[80.26821,13.14932],[80.26626,13.14931],[80.26616,13.14946],[80.26625,13.14975],[80.26747,13.1529],[80.26765,13.15386],[80.26769,13.15561],[80.26787,13.15676],[80.26847,13.16136],[80.26916,13.16131],[80.26998,13.16134],[80.27755,13.15996],[80.27762,13.16036],[80.27887,13.16034],[80.2795,13.16069],[80.2826,13.16372],[80.28469,13.16849],[80.28664,13.17302],[80.28681,13.17349],[80.28687,13.1743],[80.28677,13.17459],[80.28674,13.17511],[80.2906,13.17493],[80.29028,13.17323],[80.30155,13.17083],[80.30113,13.16983],[80.2996,13.16646],[80.29826,13.16351],[80.29602,13.15839],[80.29467,13.15558],[80.29291,13.15137],[80.29112,13.14779],[80.29045,13.14564],[80.2898,13.14471],[80.28754,13.14593],[80.28676,13.14625],[80.28594,13.14621],[80.2849,13.14595],[80.28405,13.14559],[80.2826,13.1445],[80.27912,13.14236],[80.27853,13.14218]]]}},{"type":"Feature","properties":{"ward_id":"7885950","name":"Ward 6"},"geometry":{"type":"Polygon","coordinates":[[[80.30155,13.17083],[80.3038,13.17564],[80.29978,13.17685],[80.30058,13.17898],[80.29928,13.17938],[80.30168,13.18305],[80.30327,13.18228],[80.30345,13.18284],[80.30347,13.18376],[80.29725,13.18583],[80.29556,13.18341],[80.2939,13.1805],[80.2909,13.18156],[80.28616,13.182],[80.28674,13.17511],[80.2906,13.17493],[80.29028,13.17323],[80.30155,13.17083]]]}},{"type":"Feature","properties":{"ward_id":"7885951","name":"Ward 5"},"geometry":{"type":"Polygon","coordinates":[[[80.30155,13.17083],[80.30113,13.16983],[80.30173,13.16958],[80.30311,13.16941],[80.30316,13.16744],[80.30421,13.1672],[80.30457,13.1681],[80.30761,13.167],[80.30832,13.16822],[80.31271,13.16737],[80.31569,13.17425],[80.3187,13.18874],[80.31347,13.18989],[80.31264,13.1864],[80.31131,13.18664],[80.30908,13.18703],[80.3038,13.17564],[80.30155,13.17083]]]}},{"type":"Feature","properties":{"ward_id":"7885952","name":"Ward 10"},"geometry":{"type":"Polygon","coordinates":[[[80.30113,13.16983],[80.2996,13.16646],[80.29826,13.16351],[80.29602,13.15839],[80.29803,13.15795],[80.29794,13.15726],[80.30005,13.15654],[80.3004,13.15821],[80.30169,13.15775],[80.30181,13.15775],[80.30186,13.15785],[80.3026,13.16063],[80.303,13.16168],[80.30108,13.16215],[80.30154,13.16434],[80.30065,13.16562],[80.30067,13.16628],[80.30143,13.16823],[80.30173,13.16958],[80.30113,13.16983]]]}},{"type":"Feature","properties":{"ward_id":"7885953","name":"Ward 8"},"geometry":{"type":"Polygon","coordinates":[[[80.30067,13.16628],[80.30143,13.16823],[80.30173,13.16958],[80.30311,13.16941],[80.30316,13.16744],[80.30421,13.1672],[80.30457,13.1681],[80.30761,13.167],[80.30832,13.16822],[80.31271,13.16737],[80.31171,13.16319],[80.30472,13.16516],[80.30413,13.16466],[80.30364,13.16435],[80.30342,13.16444],[80.30298,13.16456],[80.30274,13.16513],[80.30271,13.16575],[80.30067,13.16628]]]}},{"type":"Feature","properties":{"ward_id":"7885954","name":"Ward 9"},"geometry":{"type":"Polygon","coordinates":[[[80.31171,13.16319],[80.30472,13.16516],[80.30413,13.16466],[80.30364,13.16435],[80.30342,13.16444],[80.30298,13.16456],[80.30274,13.16513],[80.30271,13.16575],[80.30067,13.16628],[80.30065,13.16562],[80.30154,13.16434],[80.30108,13.16215],[80.303,13.16168],[80.3026,13.16063],[80.30757,13.15991],[80.31065,13.15946],[80.31171,13.16319]]]}},{"type":"Feature","properties":{"ward_id":"7885955","name":"Ward 11"},"geometry":{"type":"Polygon","coordinates":[[[80.29602,13.15839],[80.29803,13.15795],[80.29794,13.15726],[80.30005,13.15654],[80.3004,13.15821],[80.30169,13.15775],[80.30181,13.15775],[80.30186,13.15785],[80.3026,13.16063],[80.30757,13.15991],[80.31065,13.15946],[80.30743,13.14908],[80.30299,13.15061],[80.30313,13.15145],[80.3004,13.15227],[80.29813,13.15295],[80.29863,13.15494],[80.29467,13.15558],[80.29602,13.15839]]]}},{"type":"Feature","properties":{"ward_id":"7886091","name":"Ward 19"},"geometry":{"type":"Polygon","coordinates":[[[80.25057,13.16678],[80.24962,13.16687],[80.24666,13.16694],[80.24495,13.16697],[80.24422,13.1667],[80.24281,13.16633],[80.24148,13.16615],[80.24114,13.166],[80.24041,13.1655],[80.23969,13.16528],[80.23915,13.16525],[80.23798,13.16539],[80.2327,13.16678],[80.23236,13.1668],[80.23214,13.16665],[80.23213,13.16641],[80.23189,13.16619],[80.23165,13.16594],[80.23137,13.16479],[80.23094,13.1642],[80.23021,13.16407],[80.22934,13.16377],[80.22902,13.16352],[80.22876,13.1633],[80.22841,13.16352],[80.22827,13.16357],[80.228,13.16349],[80.227,13.16354],[80.22567,13.16363],[80.2255,13.16375],[80.22552,13.16407],[80.22563,13.1646],[80.22565,13.16483],[80.22568,13.16512],[80.22577,13.16539],[80.22577,13.16855],[80.22584,13.16877],[80.22661,13.16941],[80.22681,13.16961],[80.227,13.17037],[80.22689,13.17117],[80.22679,13.17139],[80.22856,13.17221],[80.22879,13.17263],[80.22888,13.17312],[80.22883,13.17331],[80.22892,13.17354],[80.22913,13.17371],[80.22926,13.17394],[80.22925,13.17537],[80.2295,13.17558],[80.23096,13.17633],[80.23121,13.17671],[80.23133,13.17692],[80.23169,13.17716],[80.23197,13.17737],[80.23222,13.17786],[80.23259,13.17814],[80.2327,13.17852],[80.23252,13.17889],[80.23272,13.1792],[80.23316,13.17932],[80.2336,13.17934],[80.23377,13.17925],[80.23381,13.17902],[80.23389,13.17864],[80.2341,13.17846],[80.23563,13.17767],[80.23633,13.17761],[80.2367,13.17772],[80.23751,13.17845],[80.23836,13.17869],[80.24015,13.17931],[80.24142,13.17986],[80.24218,13.18059],[80.24254,13.18117],[80.24282,13.18164],[80.24305,13.18183],[80.24342,13.18188],[80.24507,13.18182],[80.24562,13.18166],[80.24618,13.18154],[80.2475,13.18162],[80.24778,13.18183],[80.24792,13.18198],[80.24824,13.18207],[80.2494,13.18269],[80.24952,13.18239],[80.24965,13.1823],[80.25001,13.18223],[80.2513,13.1824],[80.25178,13.18237],[80.25202,13.18221],[80.2531,13.18101],[80.25331,13.18073],[80.25336,13.1802],[80.25293,13.17853],[80.25282,13.17757],[80.25276,13.17374],[80.25189,13.1706],[80.25057,13.16678]]]}},{"type":"Feature","properties":{"ward_id":"7886092","name":"Ward 21"},"geometry":{"type":"Polygon","coordinates":[[[80.28469,13.16849],[80.27841,13.16905],[80.27231,13.16906],[80.2691,13.16643],[80.26558,13.1658],[80.26496,13.16572],[80.26447,13.16574],[80.264,13.16592],[80.26379,13.16586],[80.26374,13.16566],[80.26367,13.16529],[80.2636,13.16504],[80.26346,13.16511],[80.26343,13.16602],[80.26359,13.16648],[80.26356,13.16711],[80.26257,13.16712],[80.26256,13.16712],[80.26137,13.16717],[80.26138,13.1675],[80.25999,13.16761],[80.25936,13.16765],[80.25829,13.16797],[80.25855,13.16597],[80.25715,13.16596],[80.25713,13.16559],[80.2565,13.16559],[80.25592,13.16565],[80.25562,13.16425],[80.25654,13.16388],[80.25862,13.16351],[80.26105,13.16269],[80.26847,13.16136],[80.26916,13.16131],[80.26998,13.16134],[80.27755,13.15996],[80.27762,13.16036],[80.27887,13.16034],[80.2795,13.16069],[80.2826,13.16372],[80.28469,13.16849]]]}},{"type":"Feature","properties":{"ward_id":"7886093","name":"Ward 18"},"geometry":{"type":"Polygon","coordinates":[[[80.28616,13.182],[80.28674,13.17511],[80.28677,13.17459],[80.28687,13.1743],[80.28681,13.17349],[80.28664,13.17302],[80.28469,13.16849],[80.27841,13.16905],[80.27231,13.16906],[80.2691,13.16643],[80.26558,13.1658],[80.26496,13.16572],[80.26447,13.16574],[80.264,13.16592],[80.26379,13.16586],[80.26374,13.16566],[80.26367,13.16529],[80.2636,13.16504],[80.26346,13.16511],[80.26343,13.16602],[80.26359,13.16648],[80.26356,13.16711],[80.26257,13.16712],[80.26256,13.16712],[80.26137,13.16717],[80.26138,13.1675],[80.25999,13.16761],[80.25936,13.16765],[80.25829,13.16797],[80.25811,13.1684],[80.25774,13.16928],[80.2572,13.17049],[80.25692,13.1707],[80.25598,13.17117],[80.25548,13.17133],[80.25502,13.17203],[80.25474,13.17219],[80.25441,13.17237],[80.25356,13.17274],[80.25313,13.17333],[80.25276,13.17374],[80.25282,13.17757],[80.25293,13.17853],[80.25336,13.1802],[80.25331,13.18073],[80.2531,13.18101],[80.25202,13.18221],[80.25178,13.18237],[80.2513,13.1824],[80.25001,13.18223],[80.24965,13.1823],[80.24952,13.18239],[80.2494,13.18269],[80.2491,13.18444],[80.24898,13.18516],[80.24907,13.18591],[80.2495,13.18715],[80.24979,13.18881],[80.25001,13.19012],[80.25051,13.19061],[80.25148,13.19113],[80.25261,13.19126],[80.25491,13.19174],[80.25847,13.19188],[80.26055,13.19231],[80.26131,13.19272],[80.26186,13.19272],[80.26462,13.1925],[80.26649,13.19246],[80.26794,13.19228],[80.26865,13.19226],[80.26909,13.19215],[80.26931,13.19186],[80.26932,13.18972],[80.26907,13.18829],[80.26892,13.18744],[80.26906,13.18723],[80.26969,13.1871],[80.27051,13.18679],[80.27127,13.18661],[80.27272,13.18643],[80.27298,13.18627],[80.27301,13.18606],[80.27213,13.18436],[80.27208,13.1841],[80.27216,13.18383],[80.27245,13.18373],[80.27316,13.18352],[80.27343,13.18302],[80.27362,13.18283],[80.27427,13.18284],[80.27617,13.1828],[80.27843,13.18273],[80.27872,13.18289],[80.27981,13.18375],[80.28008,13.18375],[80.28063,13.18364],[80.28313,13.18281],[80.28616,13.182]]]}},{"type":"Feature","properties":{"ward_id":"7886094","name":"Ward 17"},"geometry":{"type":"Polygon","coordinates":[[[80.20882,13.17472],[80.21045,13.17519],[80.21092,13.17995],[80.21155,13.18025],[80.21352,13.18038],[80.21344,13.17782],[80.21448,13.17732],[80.21759,13.17867],[80.22318,13.17709],[80.22345,13.18027],[80.22004,13.18087],[80.21989,13.18191],[80.22162,13.18451],[80.22195,13.18603],[80.22611,13.18512],[80.22794,13.18461],[80.22871,13.18515],[80.22996,13.18426],[80.23148,13.18492],[80.23155,13.18703],[80.23164,13.18955],[80.23043,13.19215],[80.22959,13.19571],[80.22837,13.19737],[80.23867,13.19618],[80.23917,13.19913],[80.24951,13.19868],[80.24928,13.19692],[80.24928,13.19673],[80.24951,13.19657],[80.25361,13.19484],[80.25415,13.19452],[80.25433,13.19426],[80.25491,13.19174],[80.25261,13.19126],[80.25148,13.19113],[80.25051,13.19061],[80.25001,13.19012],[80.24979,13.18881],[80.2495,13.18715],[80.24907,13.18591],[80.24898,13.18516],[80.2491,13.18444],[80.2494,13.18269],[80.24824,13.18207],[80.24792,13.18198],[80.24778,13.18183],[80.2475,13.18162],[80.24618,13.18154],[80.24562,13.18166],[80.24507,13.18182],[80.24342,13.18188],[80.24305,13.18183],[80.24282,13.18164],[80.24254,13.18117],[80.24218,13.18059],[80.24142,13.17986],[80.24015,13.17931],[80.23836,13.17869],[80.23751,13.17845],[80.2367,13.17772],[80.23633,13.17761],[80.23563,13.17767],[80.2341,13.17846],[80.23389,13.17864],[80.23381,13.17902],[80.23377,13.17925],[80.2336,13.17934],[80.23316,13.17932],[80.23272,13.1792],[80.23252,13.17889],[80.2327,13.17852],[80.23259,13.17814],[80.23222,13.17786],[80.23197,13.17737],[80.23169,13.17716],[80.23133,13.17692],[80.23121,13.17671],[80.23096,13.17633],[80.2295,13.17558],[80.22925,13.17537],[80.22926,13.17394],[80.22913,13.17371],[80.22892,13.17354],[80.22883,13.17331],[80.22888,13.17312],[80.22879,13.17263],[80.22856,13.17221],[80.22679,13.17139],[80.22667,13.17142],[80.2265,13.17132],[80.22631,13.17132],[80.22604,13.17146],[80.22545,13.17178],[80.22511,13.1718],[80.2246,13.17153],[80.22397,13.17108],[80.22351,13.17086],[80.22325,13.17074],[80.22306,13.17059],[80.22289,13.17029],[80.22282,13.1701],[80.2227,13.17],[80.22129,13.16996],[80.22061,13.16974],[80.22032,13.16944],[80.22032,13.16915],[80.22032,13.16891],[80.22015,13.16881],[80.21989,13.16868],[80.21969,13.16868],[80.21923,13.16895],[80.21813,13.16968],[80.21793,13.16994],[80.21777,13.17119],[80.2176,13.17193],[80.2174,13.17219],[80.21721,13.17229],[80.21696,13.17234],[80.21674,13.17229],[80.21672,13.17212],[80.2165,13.17204],[80.21611,13.17216],[80.21524,13.1723],[80.21512,13.17228],[80.21475,13.17232],[80.21336,13.17295],[80.21062,13.174],[80.20938,13.17429],[80.20882,13.17472]]]}},{"type":"Feature","properties":{"ward_id":"7886095","name":"Ward 20"},"geometry":{"type":"Polygon","coordinates":[[[80.25829,13.16797],[80.25855,13.16597],[80.25715,13.16596],[80.25713,13.16559],[80.2565,13.16559],[80.25592,13.16565],[80.25562,13.16425],[80.25142,13.16649],[80.25057,13.16678],[80.25189,13.1706],[80.25276,13.17374],[80.25313,13.17333],[80.25356,13.17274],[80.25441,13.17237],[80.25474,13.17219],[80.25502,13.17203],[80.25548,13.17133],[80.25598,13.17117],[80.25692,13.1707],[80.2572,13.17049],[80.25774,13.16928],[80.25811,13.1684],[80.25829,13.16797]]]}},{"type":"Feature","properties":{"ward_id":"7886121","name":"Ward 28"},"geometry":{"type":"Polygon","coordinates":[[[80.24296,13.14555],[80.24331,13.1458],[80.24385,13.14581],[80.2447,13.14563],[80.24535,13.14546],[80.24578,13.14553],[80.24613,13.14597],[80.24634,13.14625],[80.24677,13.14618],[80.24723,13.14597],[80.24759,13.14597],[80.24791,13.14619],[80.24815,13.14684],[80.24826,13.14724],[80.24847,13.14774],[80.24911,13.14789],[80.25125,13.14801],[80.25535,13.14743],[80.25589,13.14958],[80.25635,13.15054],[80.25688,13.15275],[80.25716,13.15544],[80.25719,13.15565],[80.25732,13.15709],[80.25775,13.15798],[80.25789,13.15897],[80.25781,13.15974],[80.25718,13.16073],[80.25681,13.16121],[80.25681,13.16165],[80.25644,13.16183],[80.25615,13.16212],[80.25607,13.16264],[80.25654,13.16388],[80.25562,13.16425],[80.25142,13.16649],[80.25057,13.16678],[80.24962,13.16687],[80.24666,13.16694],[80.24651,13.16389],[80.24105,13.15341],[80.24008,13.14964],[80.23956,13.14664],[80.24296,13.14555]]]}},{"type":"Feature","properties":{"ward_id":"7886122","name":"Ward 27"},"geometry":{"type":"Polygon","coordinates":[[[80.22321,13.16061],[80.22771,13.15124],[80.22992,13.15138],[80.2322,13.15142],[80.23245,13.15028],[80.23418,13.15032],[80.23535,13.15042],[80.23609,13.15054],[80.2372,13.15028],[80.24008,13.14964],[80.24105,13.15341],[80.24651,13.16389],[80.24666,13.16694],[80.24495,13.16697],[80.24422,13.1667],[80.24281,13.16633],[80.24148,13.16615],[80.24114,13.166],[80.24041,13.1655],[80.23969,13.16528],[80.23915,13.16525],[80.23798,13.16539],[80.2327,13.16678],[80.23236,13.1668],[80.23214,13.16665],[80.23213,13.16641],[80.23189,13.16619],[80.23165,13.16594],[80.23137,13.16479],[80.23094,13.1642],[80.23021,13.16407],[80.22934,13.16377],[80.22902,13.16352],[80.22876,13.1633],[80.22841,13.16352],[80.22827,13.16357],[80.228,13.16349],[80.227,13.16354],[80.22567,13.16363],[80.22557,13.1626],[80.2255,13.16222],[80.22553,13.162],[80.2254,13.16173],[80.22522,13.16155],[80.22525,13.16135],[80.22518,13.16102],[80.22505,13.16089],[80.22431,13.16066],[80.22321,13.16061]]]}},{"type":"Feature","properties":{"ward_id":"7886123","name":"Ward 29"},"geometry":{"type":"Polygon","coordinates":[[[80.25535,13.14743],[80.25589,13.14958],[80.25635,13.15054],[80.25688,13.15275],[80.25716,13.15544],[80.25719,13.15565],[80.25732,13.15709],[80.25775,13.15798],[80.25789,13.15897],[80.25781,13.15974],[80.25718,13.16073],[80.25681,13.16121],[80.25681,13.16165],[80.25644,13.16183],[80.25615,13.16212],[80.25607,13.16264],[80.25654,13.16388],[80.25862,13.16351],[80.26105,13.16269],[80.26847,13.16136],[80.26787,13.15676],[80.26769,13.15561],[80.26765,13.15386],[80.26747,13.1529],[80.26625,13.14975],[80.26616,13.14946],[80.26626,13.14931],[80.26821,13.14932],[80.2683,13.14925],[80.2684,13.14896],[80.26831,13.14844],[80.26814,13.14832],[80.26797,13.14814],[80.26793,13.14787],[80.26778,13.14714],[80.26733,13.14649],[80.26718,13.1463],[80.26672,13.14629],[80.26655,13.14629],[80.26645,13.14615],[80.26648,13.14583],[80.2666,13.14556],[80.26651,13.14543],[80.26566,13.14541],[80.26043,13.14591],[80.26025,13.14594],[80.25939,13.14648],[80.25814,13.14704],[80.25535,13.14743]]]}},{"type":"Feature","properties":{"ward_id":"7886219","name":"Ward 32"},"geometry":{"type":"Polygon","coordinates":[[[80.20162,13.12882],[80.20192,13.12878],[80.20203,13.12877],[80.20411,13.12841],[80.20589,13.12835],[80.20719,13.12869],[80.20867,13.12882],[80.2103,13.12949],[80.21108,13.12966],[80.21137,13.12964],[80.21154,13.13028],[80.21166,13.13054],[80.21188,13.13066],[80.21226,13.13081],[80.21268,13.13081],[80.21328,13.13054],[80.21365,13.13025],[80.21392,13.13027],[80.21419,13.13101],[80.21436,13.13197],[80.21439,13.13224],[80.21193,13.13234],[80.21058,13.13394],[80.21011,13.1345],[80.20858,13.13633],[80.20767,13.1363],[80.20733,13.13641],[80.20579,13.13642],[80.20578,13.13599],[80.20564,13.13553],[80.2055,13.13511],[80.20517,13.13498],[80.20472,13.13472],[80.20464,13.13459],[80.20442,13.13411],[80.20413,13.13361],[80.20326,13.13313],[80.20281,13.13302],[80.20226,13.13311],[80.20201,13.13307],[80.20183,13.13287],[80.2014,13.13206],[80.20101,13.13046],[80.20034,13.12913],[80.20057,13.12908],[80.20088,13.12899],[80.20111,13.12894],[80.20162,13.12882]]]}},{"type":"Feature","properties":{"ward_id":"7886221","name":"Ward 24"},"geometry":{"type":"Polygon","coordinates":[[[80.17696,13.13773],[80.17838,13.13941],[80.17717,13.14273],[80.17694,13.14632],[80.17757,13.14616],[80.17681,13.14744],[80.17684,13.14881],[80.17738,13.1491],[80.17885,13.14814],[80.1796,13.14865],[80.18329,13.14663],[80.18532,13.14764],[80.19119,13.15299],[80.19308,13.1547],[80.19627,13.1549],[80.19653,13.15493],[80.1974,13.15464],[80.19962,13.15433],[80.20007,13.15386],[80.2,13.15033],[80.1999,13.15007],[80.19979,13.14994],[80.19958,13.14991],[80.19787,13.14999],[80.19775,13.14991],[80.19755,13.14962],[80.19721,13.1493],[80.19631,13.14837],[80.19585,13.14725],[80.19536,13.14611],[80.19446,13.1444],[80.19419,13.14384],[80.19407,13.14352],[80.19384,13.14335],[80.19359,13.14335],[80.19355,13.14319],[80.19373,13.14297],[80.19478,13.14226],[80.19516,13.1419],[80.19525,13.14174],[80.19557,13.14167],[80.19737,13.1413],[80.19997,13.14095],[80.20143,13.14078],[80.2024,13.14044],[80.20387,13.13998],[80.20452,13.13995],[80.20542,13.13981],[80.20598,13.13902],[80.206,13.1385],[80.20582,13.13721],[80.20579,13.13642],[80.20578,13.13599],[80.20564,13.13553],[80.2055,13.13511],[80.20517,13.13498],[80.20472,13.13472],[80.20464,13.13459],[80.20442,13.13411],[80.20413,13.13361],[80.20326,13.13313],[80.20281,13.13302],[80.20226,13.13311],[80.20201,13.13307],[80.20183,13.13287],[80.2014,13.13206],[80.20101,13.13046],[80.20034,13.12913],[80.2,13.12905],[80.19951,13.129],[80.19924,13.12889],[80.19901,13.12856],[80.19862,13.12847],[80.19785,13.12843],[80.19747,13.12855],[80.19727,13.12859],[80.19708,13.12844],[80.1969,13.12819],[80.19667,13.12818],[80.19636,13.12827],[80.19591,13.1284],[80.19551,13.12847],[80.19519,13.12836],[80.19492,13.12834],[80.19467,13.12848],[80.19463,13.12866],[80.19479,13.12908],[80.1948,13.12993],[80.19471,13.13014],[80.19457,13.13014],[80.19412,13.13007],[80.19369,13.13047],[80.19297,13.13283],[80.19291,13.13357],[80.19187,13.13468],[80.19145,13.13531],[80.19118,13.13534],[80.19018,13.13531],[80.18991,13.13522],[80.1897,13.13522],[80.18953,13.13529],[80.18921,13.13531],[80.18887,13.13538],[80.18885,13.13556],[80.18888,13.13583],[80.18906,13.13623],[80.18934,13.13675],[80.18941,13.13713],[80.18934,13.13747],[80.18908,13.13787],[80.1885,13.13845],[80.18834,13.13891],[80.18823,13.13908],[80.18796,13.13916],[80.18772,13.1392],[80.18547,13.13808],[80.18282,13.13541],[80.18262,13.13526],[80.1823,13.1353],[80.17696,13.13773]]]}},{"type":"Feature","properties":{"ward_id":"7886222","name":"Ward 23"},"geometry":{"type":"Polygon","coordinates":[[[80.21795,13.16049],[80.22012,13.16064],[80.22125,13.16051],[80.22215,13.1606],[80.22321,13.16061],[80.22431,13.16066],[80.22505,13.16089],[80.22518,13.16102],[80.22525,13.16135],[80.22522,13.16155],[80.2254,13.16173],[80.22553,13.162],[80.2255,13.16222],[80.22557,13.1626],[80.22567,13.16363],[80.2255,13.16375],[80.22552,13.16407],[80.22563,13.1646],[80.22565,13.16483],[80.21811,13.16484],[80.21792,13.16783],[80.21418,13.16719],[80.21081,13.1655],[80.20934,13.16484],[80.20804,13.16467],[80.2067,13.16458],[80.20623,13.16455],[80.20538,13.1644],[80.20499,13.16437],[80.20454,13.16448],[80.20407,13.16462],[80.20374,13.16447],[80.20316,13.16411],[80.20305,13.16383],[80.20337,13.16207],[80.20332,13.16182],[80.19686,13.16074],[80.19186,13.15902],[80.19435,13.15852],[80.19482,13.15629],[80.19378,13.15534],[80.19308,13.1547],[80.19627,13.1549],[80.19653,13.15493],[80.1974,13.15464],[80.19962,13.15433],[80.20007,13.15386],[80.2,13.15033],[80.20104,13.15182],[80.20192,13.15272],[80.20275,13.15326],[80.20422,13.15363],[80.2058,13.15398],[80.20688,13.15393],[80.20732,13.15382],[80.20805,13.15315],[80.20836,13.1531],[80.20899,13.15335],[80.21021,13.15459],[80.21051,13.15506],[80.21072,13.15599],[80.2115,13.15726],[80.21176,13.15808],[80.21173,13.15888],[80.21168,13.15943],[80.21184,13.15957],[80.21243,13.15961],[80.21393,13.15945],[80.21527,13.15923],[80.21593,13.15915],[80.21672,13.15924],[80.21721,13.15955],[80.21744,13.16],[80.21744,13.16009],[80.21746,13.16035],[80.21755,13.16049],[80.21795,13.16049]]]}},{"type":"Feature","properties":{"ward_id":"7886223","name":"Ward 22"},"geometry":{"type":"Polygon","coordinates":[[[80.20882,13.17472],[80.20938,13.17429],[80.21062,13.174],[80.21336,13.17295],[80.21475,13.17232],[80.21512,13.17228],[80.21524,13.1723],[80.21611,13.17216],[80.2165,13.17204],[80.21672,13.17212],[80.21674,13.17229],[80.21696,13.17234],[80.21721,13.17229],[80.2174,13.17219],[80.2176,13.17193],[80.21777,13.17119],[80.21793,13.16994],[80.21813,13.16968],[80.21923,13.16895],[80.21969,13.16868],[80.21989,13.16868],[80.22015,13.16881],[80.22032,13.16891],[80.22032,13.16915],[80.22032,13.16944],[80.22061,13.16974],[80.22129,13.16996],[80.2227,13.17],[80.22282,13.1701],[80.22289,13.17029],[80.22306,13.17059],[80.22325,13.17074],[80.22351,13.17086],[80.22397,13.17108],[80.2246,13.17153],[80.22511,13.1718],[80.22545,13.17178],[80.22604,13.17146],[80.22631,13.17132],[80.2265,13.17132],[80.22667,13.17142],[80.22679,13.17139],[80.22689,13.17117],[80.227,13.17037],[80.22681,13.16961],[80.22661,13.16941],[80.22584,13.16877],[80.22577,13.16855],[80.22577,13.16539],[80.22568,13.16512],[80.22565,13.16483],[80.21811,13.16484],[80.21792,13.16783],[80.21418,13.16719],[80.21081,13.1655],[80.20934,13.16484],[80.20804,13.16467],[80.2067,13.16458],[80.20623,13.16455],[80.20538,13.1644],[80.20499,13.16437],[80.20454,13.16448],[80.20407,13.16462],[80.20374,13.16447],[80.20316,13.16411],[80.20305,13.16383],[80.20337,13.16207],[80.20332,13.16182],[80.19686,13.16074],[80.19186,13.15902],[80.19202,13.16398],[80.19352,13.16489],[80.19082,13.16666],[80.1903,13.16783],[80.19171,13.1754],[80.19438,13.17578],[80.1973,13.17414],[80.19808,13.17394],[80.19925,13.17462],[80.1989,13.17556],[80.19898,13.17588],[80.19985,13.17655],[80.19993,13.177],[80.20012,13.17731],[80.20031,13.17917],[80.2007,13.17941],[80.20153,13.17889],[80.2018,13.17827],[80.20153,13.17686],[80.20254,13.17622],[80.20424,13.1756],[80.20515,13.17527],[80.20642,13.17448],[80.20687,13.17443],[80.20882,13.17472]]]}},{"type":"Feature","properties":{"ward_id":"7886224","name":"Ward 25"},"geometry":{"type":"Polygon","coordinates":[[[80.20542,13.13981],[80.20452,13.13995],[80.20387,13.13998],[80.2024,13.14044],[80.20143,13.14078],[80.19997,13.14095],[80.19737,13.1413],[80.19557,13.14167],[80.19525,13.14174],[80.19516,13.1419],[80.19478,13.14226],[80.19373,13.14297],[80.19355,13.14319],[80.19359,13.14335],[80.19384,13.14335],[80.19407,13.14352],[80.19419,13.14384],[80.19446,13.1444],[80.19536,13.14611],[80.19585,13.14725],[80.19631,13.14837],[80.19721,13.1493],[80.19755,13.14962],[80.19775,13.14991],[80.19787,13.14999],[80.19958,13.14991],[80.19979,13.14994],[80.1999,13.15007],[80.2,13.15033],[80.20104,13.15182],[80.20192,13.15272],[80.20275,13.15326],[80.20422,13.15363],[80.2058,13.15398],[80.20688,13.15393],[80.20732,13.15382],[80.20805,13.15315],[80.20836,13.1531],[80.20899,13.15335],[80.21021,13.15459],[80.21051,13.15506],[80.21072,13.15599],[80.2115,13.15726],[80.21176,13.15808],[80.21173,13.15888],[80.21168,13.15943],[80.21184,13.15957],[80.21243,13.15961],[80.21393,13.15945],[80.21527,13.15923],[80.21593,13.15915],[80.21672,13.15924],[80.21721,13.15955],[80.21744,13.16],[80.21744,13.16009],[80.21746,13.16035],[80.21755,13.16049],[80.21795,13.16049],[80.21684,13.15076],[80.21665,13.14948],[80.21648,13.14913],[80.21526,13.14852],[80.21363,13.14848],[80.21293,13.14863],[80.20876,13.14865],[80.20671,13.14879],[80.20634,13.14866],[80.20629,13.14854],[80.20631,13.14828],[80.20646,13.14813],[80.20662,13.14793],[80.20713,13.14633],[80.20736,13.14547],[80.20731,13.14512],[80.207,13.14441],[80.20611,13.14229],[80.20542,13.14123],[80.20542,13.13981]]]}},{"type":"Feature","properties":{"ward_id":"7886225","name":"Ward 31"},"geometry":{"type":"Polygon","coordinates":[[[80.22399,13.14175],[80.22429,13.1422],[80.22687,13.14385],[80.22842,13.14494],[80.22979,13.14719],[80.23143,13.14409],[80.23445,13.14267],[80.23617,13.14205],[80.23646,13.14344],[80.23678,13.14376],[80.23702,13.14383],[80.2393,13.14391],[80.23948,13.14359],[80.24031,13.14284],[80.24038,13.14252],[80.24024,13.14216],[80.23989,13.14169],[80.23975,13.14093],[80.23904,13.13712],[80.23912,13.13615],[80.23951,13.13587],[80.24124,13.13583],[80.24219,13.13567],[80.24248,13.1353],[80.24245,13.13369],[80.24222,13.13122],[80.24174,13.12971],[80.24149,13.12895],[80.23617,13.13283],[80.23407,13.13434],[80.23269,13.13535],[80.22399,13.14175]]]}},{"type":"Feature","properties":{"ward_id":"7886226","name":"Ward 30"},"geometry":{"type":"Polygon","coordinates":[[[80.2393,13.14391],[80.23702,13.14383],[80.23678,13.14376],[80.23646,13.14344],[80.23617,13.14205],[80.23445,13.14267],[80.23143,13.14409],[80.22979,13.14719],[80.22871,13.1493],[80.22771,13.15124],[80.22992,13.15138],[80.2322,13.15142],[80.23245,13.15028],[80.23418,13.15032],[80.23535,13.15042],[80.23609,13.15054],[80.2372,13.15028],[80.24008,13.14964],[80.23956,13.14664],[80.24296,13.14555],[80.24228,13.14547],[80.24067,13.14572],[80.24017,13.14575],[80.23975,13.14557],[80.23947,13.14449],[80.2393,13.14391]]]}},{"type":"Feature","properties":{"ward_id":"7886227","name":"Ward 26"},"geometry":{"type":"Polygon","coordinates":[[[80.22979,13.14719],[80.22871,13.1493],[80.22771,13.15124],[80.22321,13.16061],[80.22215,13.1606],[80.22125,13.16051],[80.22012,13.16064],[80.21795,13.16049],[80.21684,13.15076],[80.21665,13.14948],[80.21648,13.14913],[80.21526,13.14852],[80.21363,13.14848],[80.21293,13.14863],[80.20876,13.14865],[80.20671,13.14879],[80.20634,13.14866],[80.20629,13.14854],[80.20631,13.14828],[80.20646,13.14813],[80.20662,13.14793],[80.20713,13.14633],[80.20736,13.14547],[80.20731,13.14512],[80.207,13.14441],[80.20611,13.14229],[80.20542,13.14123],[80.20542,13.13981],[80.20598,13.13902],[80.206,13.1385],[80.20582,13.13721],[80.20579,13.13642],[80.20733,13.13641],[80.20767,13.1363],[80.20858,13.13633],[80.21011,13.1345],[80.21058,13.13394],[80.21193,13.13234],[80.21439,13.13224],[80.21436,13.13197],[80.21419,13.13101],[80.21392,13.13027],[80.21455,13.13072],[80.21533,13.13097],[80.21619,13.13097],[80.21804,13.13033],[80.21882,13.13008],[80.22025,13.13001],[80.22061,13.13],[80.2207,13.13321],[80.22128,13.13345],[80.22194,13.13357],[80.2222,13.13384],[80.22269,13.13571],[80.22303,13.13704],[80.2217,13.13797],[80.22346,13.14102],[80.22399,13.14175],[80.22429,13.1422],[80.22687,13.14385],[80.22842,13.14494],[80.22979,13.14719]]]}},{"type":"Feature","properties":{"ward_id":"7886228","name":"Ward 33"},"geometry":{"type":"Polygon","coordinates":[[[80.24154,13.12686],[80.24153,13.12647],[80.24212,13.1237],[80.24243,13.12249],[80.24197,13.1223],[80.24099,13.12238],[80.23625,13.12288],[80.23412,13.12291],[80.2333,13.12303],[80.23285,13.12336],[80.23272,13.12389],[80.2334,13.126],[80.23331,13.12633],[80.2329,13.12654],[80.23258,13.12653],[80.23143,13.1264],[80.2293,13.12631],[80.22651,13.12608],[80.22578,13.12608],[80.2252,13.12641],[80.22491,13.12686],[80.22486,13.12826],[80.22485,13.12913],[80.22452,13.12958],[80.22329,13.12994],[80.22061,13.13],[80.2207,13.13321],[80.22128,13.13345],[80.22194,13.13357],[80.2222,13.13384],[80.22269,13.13571],[80.22303,13.13704],[80.2217,13.13797],[80.22346,13.14102],[80.22399,13.14175],[80.23269,13.13535],[80.23407,13.13434],[80.23617,13.13283],[80.24149,13.12895],[80.24154,13.12686]]]}},{"type":"Feature","properties":{"ward_id":"7886261","name":"Ward 64"},"geometry":{"type":"Polygon","coordinates":[[[80.21955,13.11806],[80.22063,13.11802],[80.22312,13.11686],[80.22393,13.11869],[80.22387,13.11965],[80.22396,13.12066],[80.22404,13.12116],[80.22395,13.12152],[80.22419,13.12157],[80.22438,13.12334],[80.22463,13.12438],[80.22486,13.12472],[80.22506,13.12514],[80.22491,13.12686],[80.22486,13.12826],[80.22485,13.12913],[80.22452,13.12958],[80.22329,13.12994],[80.22061,13.13],[80.22025,13.13001],[80.21882,13.13008],[80.21804,13.13033],[80.21619,13.13097],[80.21533,13.13097],[80.21455,13.13072],[80.21392,13.13027],[80.2131,13.12964],[80.20679,13.12606],[80.20683,13.12456],[80.20693,13.12217],[80.2086,13.12213],[80.2085,13.11914],[80.20842,13.11888],[80.20866,13.11862],[80.20962,13.11808],[80.21029,13.11788],[80.21081,13.11741],[80.21123,13.11695],[80.21154,13.11672],[80.21182,13.11677],[80.21314,13.11688],[80.21316,13.11688],[80.21362,13.11712],[80.21432,13.11728],[80.21465,13.11741],[80.21504,13.11728],[80.21545,13.11731],[80.21574,13.11736],[80.21614,13.11743],[80.21618,13.11744],[80.21656,13.1175],[80.21759,13.11748],[80.21844,13.11756],[80.21849,13.11793],[80.21883,13.11806],[80.21955,13.11806]]]}},{"type":"Feature","properties":{"ward_id":"7886262","name":"Ward 66"},"geometry":{"type":"Polygon","coordinates":[[[80.21955,13.11806],[80.22063,13.11802],[80.22312,13.11686],[80.22393,13.11869],[80.22387,13.11965],[80.22396,13.12066],[80.22404,13.12116],[80.22395,13.12152],[80.22419,13.12157],[80.22438,13.12334],[80.22463,13.12438],[80.22486,13.12472],[80.22506,13.12514],[80.22491,13.12686],[80.2252,13.12641],[80.22578,13.12608],[80.22651,13.12608],[80.2293,13.12631],[80.23143,13.1264],[80.23258,13.12653],[80.2329,13.12654],[80.23263,13.12619],[80.23238,13.12588],[80.23205,13.12588],[80.23209,13.12427],[80.23217,13.12397],[80.23258,13.12339],[80.23284,13.12278],[80.23282,13.12209],[80.23236,13.11995],[80.23167,13.11603],[80.23107,13.11635],[80.23083,13.11658],[80.23062,13.11555],[80.23069,13.11509],[80.23101,13.11439],[80.23098,13.11408],[80.23089,13.11376],[80.231,13.11346],[80.23085,13.11281],[80.23099,13.11252],[80.23114,13.11221],[80.23097,13.11119],[80.2309,13.11091],[80.23104,13.11072],[80.23137,13.11051],[80.23144,13.11034],[80.23141,13.11015],[80.23127,13.11012],[80.23037,13.11022],[80.22951,13.11035],[80.22711,13.11092],[80.22621,13.11134],[80.22373,13.11223],[80.21967,13.11376],[80.2195,13.11395],[80.21951,13.11427],[80.21948,13.11598],[80.2194,13.11644],[80.21947,13.11749],[80.21955,13.11806]]]}},{"type":"Feature","properties":{"ward_id":"7886263","name":"Ward 65"},"geometry":{"type":"Polygon","coordinates":[[[80.20209,13.12052],[80.20212,13.11994],[80.20248,13.11922],[80.20282,13.11913],[80.20274,13.11872],[80.20348,13.11861],[80.20357,13.1186],[80.20411,13.1186],[80.20514,13.11859],[80.20583,13.11875],[80.20653,13.1188],[80.20653,13.11834],[80.20643,13.11779],[80.20635,13.11653],[80.20676,13.11563],[80.20681,13.114],[80.20681,13.11378],[80.20683,13.11332],[80.20682,13.11251],[80.20682,13.11202],[80.2067,13.11116],[80.2066,13.11004],[80.20782,13.10992],[80.2104,13.10962],[80.21072,13.10979],[80.21214,13.11005],[80.21323,13.11021],[80.21361,13.11014],[80.21385,13.11162],[80.21567,13.11136],[80.21651,13.11112],[80.21698,13.11113],[80.21728,13.11117],[80.21761,13.11134],[80.21814,13.11125],[80.21868,13.11114],[80.21892,13.11121],[80.21905,13.11142],[80.21928,13.11333],[80.21933,13.11346],[80.21961,13.11352],[80.21967,13.11376],[80.2195,13.11395],[80.21951,13.11427],[80.21948,13.11598],[80.2194,13.11644],[80.21947,13.11749],[80.21955,13.11806],[80.21883,13.11806],[80.21849,13.11793],[80.21844,13.11756],[80.21759,13.11748],[80.21656,13.1175],[80.21618,13.11744],[80.21614,13.11743],[80.21574,13.11736],[80.21545,13.11731],[80.21504,13.11728],[80.21465,13.11741],[80.21432,13.11728],[80.21362,13.11712],[80.21316,13.11688],[80.21314,13.11688],[80.21182,13.11677],[80.21154,13.11672],[80.21123,13.11695],[80.21081,13.11741],[80.21029,13.11788],[80.20962,13.11808],[80.20866,13.11862],[80.20842,13.11888],[80.2085,13.11914],[80.2086,13.12213],[80.20693,13.12217],[80.20683,13.12456],[80.20679,13.12606],[80.2131,13.12964],[80.21392,13.13027],[80.21365,13.13025],[80.21328,13.13054],[80.21268,13.13081],[80.21226,13.13081],[80.21188,13.13066],[80.21166,13.13054],[80.21154,13.13028],[80.21137,13.12964],[80.21108,13.12966],[80.2103,13.12949],[80.20867,13.12882],[80.20719,13.12869],[80.20589,13.12835],[80.20411,13.12841],[80.20203,13.12877],[80.20192,13.12878],[80.20162,13.12882],[80.20161,13.12857],[80.2016,13.12795],[80.20155,13.12435],[80.20158,13.12314],[80.2017,13.12258],[80.20179,13.12218],[80.20186,13.12188],[80.20189,13.12173],[80.20198,13.12134],[80.20209,13.12087],[80.20209,13.12052]]]}},{"type":"Feature","properties":{"ward_id":"7887511","name":"Ward 69"},"geometry":{"type":"Polygon","coordinates":[[[80.238,13.11226],[80.23794,13.11174],[80.23782,13.11141],[80.23766,13.11133],[80.23713,13.11158],[80.23688,13.11159],[80.23674,13.11131],[80.23677,13.11096],[80.23674,13.11048],[80.23648,13.10966],[80.23633,13.10921],[80.23631,13.10902],[80.23644,13.10888],[80.23714,13.10869],[80.23722,13.10855],[80.23711,13.10812],[80.23701,13.10778],[80.2373,13.10743],[80.23746,13.10693],[80.23732,13.10452],[80.23717,13.10367],[80.23719,13.10209],[80.23713,13.10158],[80.23701,13.10114],[80.23676,13.10095],[80.23635,13.10094],[80.2361,13.10094],[80.23588,13.10053],[80.23576,13.09945],[80.23558,13.09892],[80.23561,13.09863],[80.2359,13.09851],[80.23836,13.098],[80.2386,13.09795],[80.23967,13.09786],[80.2414,13.09772],[80.242,13.09763],[80.24213,13.09734],[80.2424,13.0983],[80.2424,13.09833],[80.24241,13.09839],[80.24249,13.09858],[80.24325,13.10111],[80.24328,13.10208],[80.24313,13.10262],[80.24306,13.10365],[80.24301,13.10533],[80.24273,13.1054],[80.24265,13.10527],[80.24228,13.10525],[80.24207,13.10535],[80.24208,13.10669],[80.24197,13.10678],[80.24197,13.10692],[80.24203,13.10703],[80.242,13.10863],[80.24192,13.10974],[80.24216,13.10966],[80.2423,13.10958],[80.24246,13.10962],[80.24284,13.10971],[80.24375,13.10968],[80.24397,13.10969],[80.24398,13.10984],[80.2436,13.11039],[80.24356,13.11079],[80.24352,13.11297],[80.24366,13.11338],[80.24376,13.11432],[80.2443,13.11594],[80.24438,13.11696],[80.24481,13.11897],[80.24498,13.11915],[80.24514,13.11912],[80.24531,13.11906],[80.2454,13.11904],[80.24553,13.11902],[80.24584,13.11917],[80.24604,13.11933],[80.24612,13.11953],[80.24595,13.11975],[80.24533,13.11988],[80.24515,13.12008],[80.24526,13.1205],[80.2459,13.12216],[80.24592,13.12236],[80.2457,13.12245],[80.24568,13.12272],[80.24563,13.12307],[80.24499,13.12331],[80.24357,13.12695],[80.24348,13.12728],[80.2433,13.12728],[80.24306,13.12721],[80.24293,13.12717],[80.2429,13.12781],[80.24279,13.12781],[80.24273,13.12723],[80.24255,13.12716],[80.24242,13.12701],[80.24154,13.12686],[80.24153,13.12647],[80.24212,13.1237],[80.24243,13.12249],[80.24267,13.12153],[80.24262,13.12144],[80.2424,13.12143],[80.24157,13.1217],[80.24058,13.12185],[80.24017,13.12183],[80.23997,13.12165],[80.23991,13.12108],[80.2396,13.12036],[80.23926,13.1187],[80.23922,13.11832],[80.23933,13.11823],[80.24036,13.11803],[80.24036,13.11778],[80.24066,13.1177],[80.2409,13.11774],[80.24129,13.1177],[80.2414,13.1175],[80.24122,13.11716],[80.24134,13.11691],[80.24241,13.11685],[80.24255,13.1166],[80.24258,13.11624],[80.24235,13.11613],[80.24215,13.11606],[80.24195,13.1159],[80.2417,13.11585],[80.24119,13.11596],[80.2404,13.11593],[80.2402,13.11582],[80.24018,13.11568],[80.24052,13.11535],[80.23882,13.11524],[80.238,13.11226]]]}},{"type":"Feature","properties":{"ward_id":"7887512","name":"Ward 70"},"geometry":{"type":"Polygon","coordinates":[[[80.242,13.10863],[80.24192,13.10974],[80.24216,13.10966],[80.2423,13.10958],[80.24246,13.10962],[80.24284,13.10971],[80.24375,13.10968],[80.24397,13.10969],[80.24398,13.10984],[80.2436,13.11039],[80.24356,13.11079],[80.24352,13.11297],[80.24366,13.11338],[80.24382,13.11316],[80.24422,13.11305],[80.24682,13.11309],[80.24761,13.11296],[80.24806,13.11283],[80.24828,13.11279],[80.24837,13.11298],[80.24841,13.11306],[80.24832,13.11334],[80.24792,13.11352],[80.24785,13.11385],[80.24793,13.11432],[80.24795,13.1153],[80.24951,13.1154],[80.24984,13.11542],[80.25095,13.11547],[80.25142,13.1153],[80.25248,13.11462],[80.25266,13.11433],[80.2527,13.11318],[80.25253,13.11007],[80.25243,13.1088],[80.25254,13.10874],[80.25331,13.10883],[80.25598,13.10911],[80.25706,13.10932],[80.25737,13.10954],[80.25792,13.10966],[80.25884,13.10975],[80.25953,13.10982],[80.2597,13.10978],[80.25977,13.10954],[80.25977,13.10931],[80.25979,13.10906],[80.25983,13.10895],[80.26022,13.10838],[80.26045,13.10793],[80.26059,13.10754],[80.26069,13.10688],[80.26079,13.10621],[80.26091,13.1054],[80.26103,13.10447],[80.261,13.10424],[80.26093,13.10396],[80.26074,13.10332],[80.26057,13.10277],[80.26054,13.10261],[80.26042,13.10216],[80.25918,13.10295],[80.25778,13.10382],[80.2574,13.10384],[80.25676,13.10373],[80.25343,13.10487],[80.25285,13.10307],[80.25076,13.10353],[80.25059,13.10366],[80.25053,13.10385],[80.25065,13.10414],[80.25067,13.10441],[80.25054,13.1045],[80.24985,13.10464],[80.24887,13.10484],[80.24824,13.10484],[80.24752,13.10475],[80.2471,13.10485],[80.2463,13.10527],[80.24618,13.10537],[80.24628,13.10554],[80.24655,13.10586],[80.24654,13.10609],[80.2468,13.10742],[80.2467,13.10771],[80.24636,13.10794],[80.24588,13.10795],[80.24574,13.10796],[80.24478,13.10805],[80.24408,13.10841],[80.242,13.10863]]]}},{"type":"Feature","properties":{"ward_id":"7887513","name":"Ward 71"},"geometry":{"type":"Polygon","coordinates":[[[80.25285,13.10307],[80.25281,13.10289],[80.25203,13.10105],[80.25123,13.09906],[80.25113,13.09812],[80.24689,13.09702],[80.246,13.09689],[80.24465,13.097],[80.24213,13.09734],[80.2424,13.0983],[80.2424,13.09833],[80.24241,13.09839],[80.24249,13.09858],[80.24325,13.10111],[80.24328,13.10208],[80.24313,13.10262],[80.24306,13.10365],[80.24301,13.10533],[80.24273,13.1054],[80.24265,13.10527],[80.24228,13.10525],[80.24207,13.10535],[80.24208,13.10669],[80.24197,13.10678],[80.24197,13.10692],[80.24203,13.10703],[80.242,13.10863],[80.24408,13.10841],[80.24478,13.10805],[80.24574,13.10796],[80.24588,13.10795],[80.24636,13.10794],[80.2467,13.10771],[80.2468,13.10742],[80.24654,13.10609],[80.24655,13.10586],[80.24628,13.10554],[80.24618,13.10537],[80.2463,13.10527],[80.2471,13.10485],[80.24752,13.10475],[80.24824,13.10484],[80.24887,13.10484],[80.24985,13.10464],[80.25054,13.1045],[80.25067,13.10441],[80.25065,13.10414],[80.25053,13.10385],[80.25059,13.10366],[80.25076,13.10353],[80.25285,13.10307]]]}},{"type":"Feature","properties":{"ward_id":"7887514","name":"Ward 96"},"geometry":{"type":"Polygon","coordinates":[[[80.21396,13.09853],[80.21477,13.09818],[80.21705,13.09722],[80.21912,13.09645],[80.22137,13.09571],[80.22147,13.09637],[80.22168,13.09654],[80.22189,13.09658],[80.22211,13.09648],[80.22273,13.09639],[80.22313,13.09733],[80.22387,13.09743],[80.2247,13.09758],[80.22473,13.09866],[80.22508,13.09873],[80.22517,13.09886],[80.22874,13.09883],[80.22877,13.09867],[80.22867,13.0984],[80.22871,13.09824],[80.22887,13.09818],[80.22936,13.09819],[80.22955,13.09807],[80.23061,13.09792],[80.23068,13.09743],[80.23188,13.09739],[80.23263,13.09717],[80.23343,13.09699],[80.23468,13.09682],[80.23487,13.09673],[80.23504,13.09687],[80.23549,13.0968],[80.24159,13.09576],[80.24191,13.09674],[80.24213,13.09734],[80.242,13.09763],[80.2414,13.09772],[80.23967,13.09786],[80.2386,13.09795],[80.23836,13.098],[80.2359,13.09851],[80.23561,13.09863],[80.23558,13.09892],[80.23576,13.09945],[80.23588,13.10053],[80.2361,13.10094],[80.23635,13.10094],[80.23676,13.10095],[80.23701,13.10114],[80.23713,13.10158],[80.23719,13.10209],[80.23717,13.10367],[80.23732,13.10452],[80.23746,13.10693],[80.2373,13.10743],[80.23701,13.10778],[80.23664,13.1079],[80.23572,13.10793],[80.234,13.10805],[80.23019,13.10828],[80.22692,13.10867],[80.22622,13.10873],[80.22553,13.10913],[80.22487,13.10916],[80.22434,13.10913],[80.22352,13.109],[80.22286,13.10899],[80.22164,13.10914],[80.21915,13.10957],[80.21758,13.10965],[80.21721,13.1097],[80.21708,13.10927],[80.21614,13.10755],[80.21593,13.10548],[80.21562,13.10381],[80.21468,13.1006],[80.21396,13.09853]]]}},{"type":"Feature","properties":{"ward_id":"7887515","name":"Ward 68"},"geometry":{"type":"Polygon","coordinates":[[[80.24243,13.12249],[80.24197,13.1223],[80.24099,13.12238],[80.23625,13.12288],[80.23412,13.12291],[80.2333,13.12303],[80.23285,13.12336],[80.23272,13.12389],[80.2334,13.126],[80.23331,13.12633],[80.2329,13.12654],[80.23263,13.12619],[80.23238,13.12588],[80.23205,13.12588],[80.23209,13.12427],[80.23217,13.12397],[80.23258,13.12339],[80.23284,13.12278],[80.23282,13.12209],[80.23236,13.11995],[80.23167,13.11603],[80.23179,13.11595],[80.23244,13.11563],[80.23312,13.11477],[80.23364,13.11438],[80.23452,13.11438],[80.23503,13.11415],[80.23552,13.11379],[80.2354,13.11329],[80.23518,13.11253],[80.23537,13.11256],[80.23565,13.11358],[80.23603,13.11336],[80.238,13.11226],[80.23882,13.11524],[80.24052,13.11535],[80.24018,13.11568],[80.2402,13.11582],[80.2404,13.11593],[80.24119,13.11596],[80.2417,13.11585],[80.24195,13.1159],[80.24215,13.11606],[80.24235,13.11613],[80.24258,13.11624],[80.24255,13.1166],[80.24241,13.11685],[80.24134,13.11691],[80.24122,13.11716],[80.2414,13.1175],[80.24129,13.1177],[80.2409,13.11774],[80.24066,13.1177],[80.24036,13.11778],[80.24036,13.11803],[80.23933,13.11823],[80.23922,13.11832],[80.23926,13.1187],[80.2396,13.12036],[80.23991,13.12108],[80.23997,13.12165],[80.24017,13.12183],[80.24058,13.12185],[80.24157,13.1217],[80.2424,13.12143],[80.24262,13.12144],[80.24267,13.12153],[80.24243,13.12249]]]}},{"type":"Feature","properties":{"ward_id":"7887516","name":"Ward 67"},"geometry":{"type":"Polygon","coordinates":[[[80.23167,13.11603],[80.23179,13.11595],[80.23244,13.11563],[80.23312,13.11477],[80.23364,13.11438],[80.23452,13.11438],[80.23503,13.11415],[80.23552,13.11379],[80.2354,13.11329],[80.23518,13.11253],[80.23537,13.11256],[80.23565,13.11358],[80.23603,13.11336],[80.238,13.11226],[80.23794,13.11174],[80.23782,13.11141],[80.23766,13.11133],[80.23713,13.11158],[80.23688,13.11159],[80.23674,13.11131],[80.23677,13.11096],[80.23674,13.11048],[80.23648,13.10966],[80.23633,13.10921],[80.23631,13.10902],[80.23644,13.10888],[80.23714,13.10869],[80.23722,13.10855],[80.23711,13.10812],[80.23701,13.10778],[80.23664,13.1079],[80.23572,13.10793],[80.234,13.10805],[80.23019,13.10828],[80.22692,13.10867],[80.22622,13.10873],[80.22553,13.10913],[80.22487,13.10916],[80.22434,13.10913],[80.22352,13.109],[80.22286,13.10899],[80.22164,13.10914],[80.21915,13.10957],[80.21758,13.10965],[80.21721,13.1097],[80.21569,13.10986],[80.21387,13.11007],[80.21361,13.11014],[80.21385,13.11162],[80.21567,13.11136],[80.21651,13.11112],[80.21698,13.11113],[80.21728,13.11117],[80.21761,13.11134],[80.21814,13.11125],[80.21868,13.11114],[80.21892,13.11121],[80.21905,13.11142],[80.21928,13.11333],[80.21933,13.11346],[80.21961,13.11352],[80.21967,13.11376],[80.22373,13.11223],[80.22621,13.11134],[80.22711,13.11092],[80.22951,13.11035],[80.23037,13.11022],[80.23127,13.11012],[80.23141,13.11015],[80.23144,13.11034],[80.23137,13.11051],[80.23104,13.11072],[80.2309,13.11091],[80.23097,13.11119],[80.23114,13.11221],[80.23099,13.11252],[80.23085,13.11281],[80.231,13.11346],[80.23089,13.11376],[80.23098,13.11408],[80.23101,13.11439],[80.23069,13.11509],[80.23062,13.11555],[80.23083,13.11658],[80.23107,13.11635],[80.23167,13.11603]]]}},{"type":"Feature","properties":{"ward_id":"7887531","name":"Ward 74"},"geometry":{"type":"Polygon","coordinates":[[[80.24899,13.09106],[80.2482,13.08984],[80.24781,13.08945],[80.24746,13.0891],[80.2469,13.08793],[80.24625,13.08723],[80.24525,13.08665],[80.2448,13.08663],[80.24446,13.08662],[80.24351,13.08762],[80.24307,13.08781],[80.24241,13.08793],[80.24206,13.08809],[80.2419,13.08841],[80.24114,13.08951],[80.24075,13.09055],[80.24087,13.09166],[80.24101,13.09365],[80.24159,13.09576],[80.24191,13.09674],[80.24213,13.09734],[80.24465,13.097],[80.246,13.09689],[80.24689,13.09702],[80.25113,13.09812],[80.25036,13.09598],[80.24987,13.09412],[80.24899,13.09106]]]}},{"type":"Feature","properties":{"ward_id":"7887546","name":"Ward 73"},"geometry":{"type":"Polygon","coordinates":[[[80.25113,13.09812],[80.2515,13.09788],[80.25434,13.09769],[80.25723,13.09749],[80.25726,13.09879],[80.25951,13.09865],[80.2598,13.09986],[80.26048,13.09979],[80.26122,13.09972],[80.26182,13.09962],[80.26214,13.09926],[80.26529,13.09884],[80.26661,13.09853],[80.26842,13.09813],[80.26811,13.09874],[80.26771,13.09971],[80.26733,13.10027],[80.26553,13.10032],[80.26555,13.10054],[80.26571,13.10129],[80.26577,13.10157],[80.26567,13.10167],[80.26531,13.10167],[80.2649,13.1015],[80.26444,13.10145],[80.26435,13.10215],[80.26351,13.10233],[80.2618,13.10249],[80.26054,13.10261],[80.26042,13.10216],[80.25918,13.10295],[80.25778,13.10382],[80.2574,13.10384],[80.25676,13.10373],[80.25343,13.10487],[80.25285,13.10307],[80.25281,13.10289],[80.25203,13.10105],[80.25123,13.09906],[80.25113,13.09812]]]}},{"type":"Feature","properties":{"ward_id":"7887547","name":"Ward 14"},"geometry":{"type":"Polygon","coordinates":[[[80.29511,13.14445],[80.29575,13.1444],[80.29691,13.14433],[80.29672,13.14398],[80.29978,13.14315],[80.30021,13.14307],[80.30456,13.1422],[80.30743,13.14908],[80.30299,13.15061],[80.30313,13.15145],[80.3004,13.15227],[80.29972,13.14983],[80.29955,13.14937],[80.29801,13.14785],[80.29764,13.14714],[80.29749,13.14657],[80.29684,13.14524],[80.29537,13.14554],[80.29511,13.14445]]]}},{"type":"Feature","properties":{"ward_id":"7887548","name":"Ward 13"},"geometry":{"type":"Polygon","coordinates":[[[80.29764,13.14714],[80.29749,13.14657],[80.29684,13.14524],[80.29537,13.14554],[80.29511,13.14445],[80.29311,13.14461],[80.29297,13.14415],[80.29233,13.14424],[80.2914,13.1443],[80.29051,13.14448],[80.2898,13.14471],[80.29045,13.14564],[80.29112,13.14779],[80.29291,13.15137],[80.29429,13.1511],[80.29571,13.15103],[80.2969,13.1505],[80.29751,13.15027],[80.29764,13.15017],[80.29772,13.14997],[80.29732,13.14882],[80.29707,13.14843],[80.29669,13.14833],[80.29616,13.14845],[80.29596,13.14827],[80.29583,13.14784],[80.29594,13.14764],[80.29612,13.14746],[80.29764,13.14714]]]}},{"type":"Feature","properties":{"ward_id":"7887549","name":"Ward 12"},"geometry":{"type":"Polygon","coordinates":[[[80.3004,13.15227],[80.29972,13.14983],[80.29955,13.14937],[80.29801,13.14785],[80.29764,13.14714],[80.29612,13.14746],[80.29594,13.14764],[80.29583,13.14784],[80.29596,13.14827],[80.29616,13.14845],[80.29669,13.14833],[80.29707,13.14843],[80.29732,13.14882],[80.29772,13.14997],[80.29764,13.15017],[80.29751,13.15027],[80.2969,13.1505],[80.29571,13.15103],[80.29429,13.1511],[80.29291,13.15137],[80.29467,13.15558],[80.29863,13.15494],[80.29813,13.15295],[80.3004,13.15227]]]}},{"type":"Feature","properties":{"ward_id":"7887618","name":"Ward 98"},"geometry":{"type":"Polygon","coordinates":[[[80.23139,13.08856],[80.23266,13.08819],[80.23398,13.088],[80.23458,13.08786],[80.23479,13.08788],[80.23478,13.08674],[80.23486,13.08658],[80.23511,13.08658],[80.23556,13.08671],[80.23609,13.08663],[80.23772,13.08575],[80.23869,13.08538],[80.2405,13.08523],[80.242,13.08546],[80.24484,13.08602],[80.2448,13.08663],[80.24446,13.08662],[80.24351,13.08762],[80.24307,13.08781],[80.24241,13.08793],[80.24206,13.08809],[80.2419,13.08841],[80.24114,13.08951],[80.24075,13.09055],[80.24087,13.09166],[80.24101,13.09365],[80.24159,13.09576],[80.23549,13.0968],[80.23504,13.09687],[80.23487,13.09673],[80.23468,13.09682],[80.23343,13.09699],[80.23343,13.09699],[80.23317,13.09549],[80.23297,13.09563],[80.23277,13.09565],[80.2325,13.09541],[80.23229,13.09514],[80.23226,13.09493],[80.2322,13.09454],[80.23215,13.09426],[80.23212,13.09397],[80.23223,13.09385],[80.2328,13.09383],[80.23295,13.09371],[80.23295,13.09331],[80.23288,13.09305],[80.23249,13.09292],[80.23202,13.09268],[80.23135,13.09261],[80.23131,13.09108],[80.23146,13.0909],[80.23173,13.09076],[80.23159,13.09033],[80.23139,13.08856]]]}},{"type":"Feature","properties":{"ward_id":"7887619","name":"Ward 97"},"geometry":{"type":"Polygon","coordinates":[[[80.23343,13.09699],[80.23343,13.09699],[80.23317,13.09549],[80.23297,13.09563],[80.23277,13.09565],[80.2325,13.09541],[80.23229,13.09514],[80.23226,13.09493],[80.2322,13.09454],[80.23215,13.09426],[80.23212,13.09397],[80.23223,13.09385],[80.2328,13.09383],[80.23295,13.09371],[80.23295,13.09331],[80.23288,13.09305],[80.23249,13.09292],[80.23202,13.09268],[80.23135,13.09261],[80.23131,13.09108],[80.23146,13.0909],[80.23173,13.09076],[80.23159,13.09033],[80.23139,13.08856],[80.22923,13.08966],[80.22617,13.09262],[80.22511,13.09357],[80.22327,13.09496],[80.22137,13.09571],[80.22147,13.09637],[80.22168,13.09654],[80.22189,13.09658],[80.22211,13.09648],[80.22273,13.09639],[80.22313,13.09733],[80.22387,13.09743],[80.2247,13.09758],[80.22473,13.09866],[80.22508,13.09873],[80.22517,13.09886],[80.22874,13.09883],[80.22877,13.09867],[80.22867,13.0984],[80.22871,13.09824],[80.22887,13.09818],[80.22936,13.09819],[80.22955,13.09807],[80.23061,13.09792],[80.23068,13.09743],[80.23188,13.09739],[80.23263,13.09717],[80.23343,13.09699]]]}},{"type":"Feature","properties":{"ward_id":"7887620","name":"Ward 100"},"geometry":{"type":"Polygon","coordinates":[[[80.21795,13.07501],[80.21603,13.07516],[80.21478,13.07536],[80.21372,13.07581],[80.21191,13.07696],[80.21146,13.07708],[80.20933,13.07718],[80.20741,13.07704],[80.20586,13.07691],[80.20391,13.07648],[80.20329,13.07637],[80.2031,13.07636],[80.2031,13.07642],[80.20271,13.07789],[80.20252,13.07813],[80.20162,13.07826],[80.20113,13.07845],[80.20059,13.07918],[80.2005,13.07992],[80.20036,13.08],[80.20045,13.08011],[80.20166,13.08003],[80.2019,13.07995],[80.20295,13.08],[80.20304,13.08061],[80.20312,13.08287],[80.20501,13.08284],[80.20517,13.08276],[80.20565,13.08276],[80.20568,13.08498],[80.20879,13.08502],[80.20913,13.08488],[80.21022,13.0849],[80.21021,13.08567],[80.21034,13.08595],[80.21039,13.08888],[80.21046,13.08915],[80.21047,13.09211],[80.21059,13.09235],[80.21062,13.09255],[80.20943,13.09256],[80.20916,13.09258],[80.2088,13.0926],[80.20868,13.09307],[80.2084,13.09333],[80.2078,13.0934],[80.20784,13.09457],[80.20793,13.09558],[80.20749,13.09594],[80.20566,13.0966],[80.20313,13.09778],[80.20206,13.09789],[80.20186,13.09806],[80.20188,13.09911],[80.20197,13.09933],[80.20216,13.09945],[80.20252,13.09931],[80.20311,13.09936],[80.20664,13.10111],[80.20671,13.10168],[80.20685,13.10183],[80.20718,13.10168],[80.21135,13.0997],[80.21396,13.09853],[80.21477,13.09818],[80.21705,13.09722],[80.21912,13.09645],[80.21895,13.09596],[80.21846,13.09454],[80.21806,13.09428],[80.21797,13.0942],[80.21731,13.09403],[80.21702,13.09384],[80.21631,13.0936],[80.21578,13.09344],[80.21564,13.08975],[80.21559,13.08852],[80.21543,13.08474],[80.21792,13.08464],[80.21794,13.08427],[80.21788,13.08217],[80.21786,13.0813],[80.21787,13.08041],[80.21781,13.08005],[80.2178,13.07967],[80.21778,13.07894],[80.21778,13.07838],[80.21798,13.07743],[80.21806,13.07691],[80.21806,13.07639],[80.21803,13.07589],[80.21795,13.07501]]]}},{"type":"Feature","properties":{"ward_id":"7887621","name":"Ward 101"},"geometry":{"type":"Polygon","coordinates":[[[80.22183,13.0743],[80.22052,13.07454],[80.21854,13.0749],[80.21795,13.07501],[80.21803,13.07589],[80.21806,13.07639],[80.21806,13.07691],[80.21798,13.07743],[80.21778,13.07838],[80.21778,13.07894],[80.2178,13.07967],[80.21781,13.08005],[80.21787,13.08041],[80.21786,13.0813],[80.21788,13.08217],[80.21794,13.08427],[80.21792,13.08464],[80.21543,13.08474],[80.21559,13.08852],[80.21564,13.08975],[80.21578,13.09344],[80.21631,13.0936],[80.21702,13.09384],[80.21731,13.09403],[80.21797,13.0942],[80.21806,13.09428],[80.21846,13.09454],[80.21895,13.09596],[80.21912,13.09645],[80.22137,13.09571],[80.22327,13.09496],[80.22511,13.09357],[80.22442,13.09293],[80.22365,13.09207],[80.22356,13.09025],[80.22351,13.08848],[80.22339,13.08636],[80.22399,13.0852],[80.22549,13.08324],[80.22545,13.08161],[80.22533,13.08101],[80.22529,13.08001],[80.22517,13.07987],[80.22478,13.07974],[80.22447,13.07951],[80.22423,13.07909],[80.22426,13.07828],[80.22443,13.07787],[80.22432,13.07766],[80.224,13.07749],[80.22383,13.07753],[80.22344,13.07776],[80.22275,13.07786],[80.22213,13.07804],[80.22197,13.078],[80.22193,13.07781],[80.22189,13.07762],[80.22179,13.0775],[80.22183,13.0743]]]}},{"type":"Feature","properties":{"ward_id":"7887622","name":"Ward 102"},"geometry":{"type":"Polygon","coordinates":[[[80.23045,13.07471],[80.23019,13.07461],[80.22915,13.07419],[80.22765,13.07402],[80.22632,13.07386],[80.22475,13.07398],[80.22183,13.0743],[80.22179,13.0775],[80.22189,13.07762],[80.22193,13.07781],[80.22197,13.078],[80.22213,13.07804],[80.22275,13.07786],[80.22344,13.07776],[80.22383,13.07753],[80.224,13.07749],[80.22432,13.07766],[80.22443,13.07787],[80.22426,13.07828],[80.22423,13.07909],[80.22447,13.07951],[80.22478,13.07974],[80.22517,13.07987],[80.22529,13.08001],[80.22533,13.08101],[80.22545,13.08161],[80.22549,13.08324],[80.22399,13.0852],[80.22339,13.08636],[80.22351,13.08848],[80.22356,13.09025],[80.22365,13.09207],[80.22442,13.09293],[80.22511,13.09357],[80.22617,13.09262],[80.22923,13.08966],[80.23139,13.08856],[80.23266,13.08819],[80.23398,13.088],[80.23458,13.08786],[80.23455,13.0866],[80.23431,13.08566],[80.23404,13.08438],[80.23382,13.08369],[80.23372,13.08355],[80.23367,13.08352],[80.23359,13.08349],[80.23316,13.08344],[80.23259,13.08325],[80.23101,13.08318],[80.23078,13.0831],[80.23072,13.08295],[80.23063,13.08128],[80.23041,13.07856],[80.23029,13.07769],[80.23019,13.07732],[80.23017,13.07711],[80.2302,13.07686],[80.23033,13.07587],[80.23039,13.07544],[80.23045,13.07471]]]}},{"type":"Feature","properties":{"ward_id":"7887623","name":"Ward 103"},"geometry":{"type":"Polygon","coordinates":[[[80.24076,13.0772],[80.23887,13.07674],[80.23411,13.0758],[80.23226,13.07535],[80.23045,13.07471],[80.23039,13.07544],[80.23033,13.07587],[80.2302,13.07686],[80.23017,13.07711],[80.23019,13.07732],[80.23029,13.07769],[80.23041,13.07856],[80.23063,13.08128],[80.23072,13.08295],[80.23078,13.0831],[80.23101,13.08318],[80.23259,13.08325],[80.23316,13.08344],[80.23359,13.08349],[80.23367,13.08352],[80.23372,13.08355],[80.23382,13.08369],[80.23404,13.08438],[80.23431,13.08566],[80.23455,13.0866],[80.23458,13.08786],[80.23479,13.08788],[80.23478,13.08674],[80.23486,13.08658],[80.23511,13.08658],[80.23556,13.08671],[80.23609,13.08663],[80.23772,13.08575],[80.23869,13.08538],[80.2405,13.08523],[80.242,13.08546],[80.24484,13.08602],[80.2448,13.08663],[80.24525,13.08665],[80.24625,13.08723],[80.2469,13.08793],[80.24746,13.0891],[80.24781,13.08945],[80.24824,13.08911],[80.2489,13.08815],[80.24929,13.08687],[80.24941,13.08604],[80.25049,13.08604],[80.24988,13.0828],[80.24969,13.08171],[80.24972,13.08147],[80.24972,13.08145],[80.25002,13.08112],[80.25009,13.0795],[80.25017,13.07917],[80.25022,13.07889],[80.25019,13.07886],[80.25004,13.07871],[80.24876,13.07843],[80.24655,13.07806],[80.24076,13.0772]]]}},{"type":"Feature","properties":{"ward_id":"7887624","name":"Ward 104"},"geometry":{"type":"Polygon","coordinates":[[[80.2521,13.07655],[80.24983,13.076],[80.24638,13.0751],[80.24065,13.07344],[80.24063,13.07666],[80.24076,13.0772],[80.24655,13.07806],[80.24876,13.07843],[80.25004,13.07871],[80.25019,13.07886],[80.25022,13.07889],[80.25017,13.07917],[80.25009,13.0795],[80.25002,13.08112],[80.24972,13.08145],[80.24972,13.08147],[80.24969,13.08171],[80.24988,13.0828],[80.25049,13.08604],[80.24941,13.08604],[80.24929,13.08687],[80.2489,13.08815],[80.24824,13.08911],[80.24781,13.08945],[80.2482,13.08984],[80.24899,13.09106],[80.2511,13.09097],[80.25109,13.09135],[80.25304,13.09139],[80.25385,13.09155],[80.2542,13.09145],[80.25424,13.09118],[80.25555,13.08599],[80.25591,13.08612],[80.25659,13.08382],[80.25614,13.08361],[80.25607,13.08318],[80.25604,13.08298],[80.256,13.08277],[80.25597,13.08258],[80.25577,13.08141],[80.25521,13.0815],[80.25496,13.08154],[80.25486,13.08148],[80.25453,13.07951],[80.25459,13.07891],[80.25297,13.07875],[80.25335,13.07676],[80.2521,13.07655]]]}},{"type":"Feature","properties":{"ward_id":"7887652","name":"Ward 127"},"geometry":{"type":"Polygon","coordinates":[[[80.2031,13.07636],[80.20314,13.07547],[80.20317,13.07456],[80.20339,13.07394],[80.20391,13.07375],[80.20616,13.07346],[80.21006,13.07253],[80.21031,13.07243],[80.21036,13.07224],[80.21026,13.07204],[80.20993,13.07202],[80.20974,13.07191],[80.20961,13.0716],[80.20959,13.07117],[80.20924,13.07016],[80.20898,13.06967],[80.20877,13.06797],[80.20886,13.06718],[80.2093,13.0664],[80.20939,13.06574],[80.20903,13.064],[80.20892,13.06329],[80.2089,13.0629],[80.20742,13.06134],[80.2073,13.0611],[80.20369,13.0618],[80.20271,13.06175],[80.20152,13.06153],[80.20025,13.06097],[80.20019,13.06063],[80.20035,13.0599],[80.20037,13.05928],[80.20033,13.05898],[80.2003,13.05858],[80.19941,13.05846],[80.19935,13.05714],[80.19919,13.05641],[80.19879,13.05633],[80.19884,13.05537],[80.19866,13.05505],[80.19708,13.05504],[80.19722,13.05622],[80.19671,13.05627],[80.19667,13.0568],[80.19687,13.05698],[80.19683,13.05717],[80.19618,13.05714],[80.19572,13.05704],[80.19538,13.05689],[80.19453,13.05687],[80.19431,13.05687],[80.19427,13.05685],[80.19409,13.05674],[80.19346,13.05546],[80.19328,13.05528],[80.18961,13.05528],[80.18968,13.05543],[80.18959,13.05659],[80.18965,13.05813],[80.18966,13.05836],[80.18969,13.05894],[80.19002,13.05927],[80.1903,13.05973],[80.19034,13.06039],[80.19062,13.06109],[80.1909,13.06155],[80.1911,13.06205],[80.1913,13.06234],[80.19146,13.06275],[80.19126,13.06312],[80.19027,13.06386],[80.18985,13.06447],[80.18984,13.06522],[80.18996,13.06575],[80.19029,13.06596],[80.19111,13.06601],[80.19143,13.06634],[80.19163,13.06733],[80.19144,13.06993],[80.19093,13.07203],[80.19064,13.07304],[80.19067,13.07383],[80.19079,13.07393],[80.19124,13.07424],[80.19222,13.0745],[80.19251,13.07491],[80.19258,13.07553],[80.19303,13.07582],[80.19389,13.07591],[80.19455,13.07587],[80.19476,13.0755],[80.1948,13.07501],[80.19521,13.07497],[80.19586,13.0753],[80.19725,13.07572],[80.1977,13.07589],[80.19786,13.07626],[80.19789,13.0765],[80.19824,13.07925],[80.19904,13.0792],[80.19926,13.07942],[80.19961,13.07983],[80.20015,13.07997],[80.20036,13.08],[80.2005,13.07992],[80.20059,13.07918],[80.20113,13.07845],[80.20162,13.07826],[80.20252,13.07813],[80.20271,13.07789],[80.2031,13.07642],[80.2031,13.07636]]]}},{"type":"Feature","properties":{"ward_id":"7887653","name":"Ward 108"},"geometry":{"type":"Polygon","coordinates":[[[80.21805,13.0587],[80.21789,13.05872],[80.21731,13.05865],[80.21607,13.05851],[80.21601,13.05852],[80.21423,13.05849],[80.21386,13.05851],[80.21323,13.05831],[80.213,13.05828],[80.21257,13.05837],[80.21153,13.05871],[80.21161,13.06105],[80.21168,13.06247],[80.21256,13.06248],[80.21382,13.06203],[80.21408,13.06183],[80.21428,13.06183],[80.21447,13.06201],[80.21469,13.06207],[80.21484,13.06216],[80.21499,13.06247],[80.21494,13.0628],[80.21448,13.06277],[80.21443,13.06875],[80.21457,13.06882],[80.21516,13.06879],[80.21528,13.06882],[80.21655,13.06879],[80.21695,13.06878],[80.2175,13.06877],[80.2175,13.06861],[80.21787,13.06861],[80.21924,13.06862],[80.21982,13.06858],[80.2201,13.06851],[80.2202,13.06842],[80.22021,13.06823],[80.22011,13.06805],[80.21997,13.06784],[80.22198,13.06748],[80.22289,13.06714],[80.22303,13.06712],[80.22298,13.06677],[80.22276,13.06597],[80.22213,13.06259],[80.22155,13.06075],[80.22137,13.06038],[80.2207,13.05964],[80.21991,13.05943],[80.21967,13.05934],[80.21947,13.05905],[80.2191,13.05883],[80.21879,13.05878],[80.21822,13.05873],[80.21805,13.0587]]]}},{"type":"Feature","properties":{"ward_id":"7887654","name":"Ward 107"},"geometry":{"type":"Polygon","coordinates":[[[80.22797,13.06761],[80.22825,13.06771],[80.22882,13.0678],[80.23124,13.06818],[80.23174,13.06823],[80.23185,13.06878],[80.23218,13.06892],[80.23235,13.06913],[80.23242,13.0697],[80.23232,13.07002],[80.23245,13.07035],[80.23341,13.06996],[80.23424,13.0696],[80.23512,13.06929],[80.23571,13.06929],[80.23621,13.0693],[80.23694,13.06935],[80.23705,13.06936],[80.23731,13.06937],[80.23798,13.06936],[80.24081,13.06931],[80.24235,13.06927],[80.24271,13.06814],[80.24365,13.06852],[80.24474,13.06908],[80.24696,13.07025],[80.24754,13.07055],[80.24801,13.07079],[80.24863,13.07096],[80.24919,13.07111],[80.24897,13.07154],[80.25062,13.07191],[80.25032,13.0739],[80.25232,13.07417],[80.2521,13.07655],[80.24983,13.076],[80.24638,13.0751],[80.24065,13.07344],[80.24063,13.07666],[80.24076,13.0772],[80.23887,13.07674],[80.23411,13.0758],[80.23226,13.07535],[80.23045,13.07471],[80.23019,13.07461],[80.23018,13.07393],[80.22992,13.07345],[80.22962,13.07243],[80.22917,13.06976],[80.22873,13.06864],[80.22797,13.06761]]]}},{"type":"Feature","properties":{"ward_id":"7887655","name":"Ward 106"},"geometry":{"type":"Polygon","coordinates":[[[80.22303,13.06712],[80.22289,13.06714],[80.22198,13.06748],[80.21997,13.06784],[80.22011,13.06805],[80.22021,13.06823],[80.2202,13.06842],[80.2201,13.06851],[80.21982,13.06858],[80.21924,13.06862],[80.21787,13.06861],[80.2175,13.06861],[80.2175,13.06877],[80.21695,13.06878],[80.21655,13.06879],[80.21528,13.06882],[80.21542,13.07002],[80.21543,13.07007],[80.21544,13.07013],[80.21561,13.07158],[80.21576,13.07339],[80.21588,13.07416],[80.21603,13.07516],[80.21795,13.07501],[80.21854,13.0749],[80.22052,13.07454],[80.22183,13.0743],[80.22475,13.07398],[80.22632,13.07386],[80.22765,13.07402],[80.22915,13.07419],[80.23019,13.07461],[80.23018,13.07393],[80.22992,13.07345],[80.22962,13.07243],[80.22917,13.06976],[80.22873,13.06864],[80.22797,13.06761],[80.22766,13.06751],[80.22755,13.06751],[80.22689,13.06781],[80.22664,13.06806],[80.2264,13.06799],[80.22566,13.06721],[80.2256,13.06698],[80.22538,13.06692],[80.22498,13.06702],[80.22348,13.0675],[80.2232,13.06759],[80.22308,13.06728],[80.22303,13.06712]]]}},{"type":"Feature","properties":{"ward_id":"7887659","name":"Ward 105"},"geometry":{"type":"Polygon","coordinates":[[[80.2073,13.0611],[80.20937,13.06026],[80.20954,13.05999],[80.21063,13.05998],[80.21091,13.05987],[80.21122,13.0594],[80.21153,13.05871],[80.21161,13.06105],[80.21168,13.06247],[80.21256,13.06248],[80.21382,13.06203],[80.21408,13.06183],[80.21428,13.06183],[80.21447,13.06201],[80.21469,13.06207],[80.21484,13.06216],[80.21499,13.06247],[80.21494,13.0628],[80.21448,13.06277],[80.21443,13.06875],[80.21457,13.06882],[80.21516,13.06879],[80.21528,13.06882],[80.21542,13.07002],[80.21543,13.07007],[80.21544,13.07013],[80.21561,13.07158],[80.21576,13.07339],[80.21588,13.07416],[80.21603,13.07516],[80.21478,13.07536],[80.21372,13.07581],[80.21191,13.07696],[80.21146,13.07708],[80.20933,13.07718],[80.20741,13.07704],[80.20586,13.07691],[80.20391,13.07648],[80.20329,13.07637],[80.2031,13.07636],[80.20314,13.07547],[80.20317,13.07456],[80.20339,13.07394],[80.20391,13.07375],[80.20616,13.07346],[80.21006,13.07253],[80.21031,13.07243],[80.21036,13.07224],[80.21026,13.07204],[80.20993,13.07202],[80.20974,13.07191],[80.20961,13.0716],[80.20959,13.07117],[80.20924,13.07016],[80.20898,13.06967],[80.20877,13.06797],[80.20886,13.06718],[80.2093,13.0664],[80.20939,13.06574],[80.20903,13.064],[80.20892,13.06329],[80.2089,13.0629],[80.20742,13.06134],[80.2073,13.0611]]]}},{"type":"Feature","properties":{"ward_id":"7887660","name":"Ward 130"},"geometry":{"type":"Polygon","coordinates":[[[80.20954,13.04698],[80.20845,13.047],[80.20845,13.04761],[80.20866,13.04826],[80.20868,13.04889],[80.20858,13.04925],[80.20849,13.04934],[80.20817,13.04939],[80.20788,13.04921],[80.20762,13.04907],[80.20749,13.04909],[80.20749,13.04931],[80.20755,13.04967],[80.2076,13.05],[80.20765,13.05231],[80.20774,13.05245],[80.20774,13.05503],[80.20866,13.05502],[80.20929,13.05493],[80.20934,13.05577],[80.20904,13.05577],[80.20909,13.05649],[80.20931,13.05653],[80.20936,13.05686],[80.20937,13.06026],[80.20954,13.05999],[80.21063,13.05998],[80.21091,13.05987],[80.21122,13.0594],[80.21153,13.05871],[80.21257,13.05837],[80.213,13.05828],[80.21323,13.05831],[80.21386,13.05851],[80.21423,13.05849],[80.21601,13.05852],[80.21607,13.05851],[80.21731,13.05865],[80.21789,13.05872],[80.21805,13.0587],[80.21801,13.05831],[80.2178,13.05756],[80.21778,13.05697],[80.21776,13.05667],[80.21783,13.05641],[80.21796,13.05628],[80.21826,13.05628],[80.21848,13.05616],[80.21844,13.0557],[80.21836,13.05449],[80.21834,13.05432],[80.21811,13.05429],[80.218,13.05406],[80.21794,13.05323],[80.21777,13.05308],[80.21689,13.05295],[80.21677,13.05284],[80.21678,13.05126],[80.21464,13.05051],[80.21469,13.04945],[80.21469,13.04932],[80.21469,13.04929],[80.21462,13.04889],[80.21448,13.04817],[80.21445,13.04801],[80.21444,13.048],[80.21445,13.04786],[80.21447,13.04727],[80.21197,13.04708],[80.20954,13.04698]]]}},{"type":"Feature","properties":{"ward_id":"7887661","name":"Ward 129"},"geometry":{"type":"Polygon","coordinates":[[[80.2073,13.0611],[80.20937,13.06026],[80.20936,13.05686],[80.20931,13.05653],[80.20909,13.05649],[80.20904,13.05577],[80.20934,13.05577],[80.20929,13.05493],[80.20866,13.05502],[80.20774,13.05503],[80.20774,13.05245],[80.20765,13.05231],[80.2076,13.05],[80.20755,13.04967],[80.20749,13.04931],[80.20749,13.04909],[80.20762,13.04907],[80.20788,13.04921],[80.20817,13.04939],[80.20849,13.04934],[80.20858,13.04925],[80.20868,13.04889],[80.20866,13.04826],[80.20845,13.04761],[80.20845,13.047],[80.20954,13.04698],[80.20938,13.04641],[80.20905,13.04645],[80.20807,13.04612],[80.20606,13.04523],[80.20543,13.04431],[80.20498,13.04409],[80.20359,13.04403],[80.20367,13.04528],[80.20375,13.04776],[80.2033,13.04773],[80.20246,13.04753],[80.20184,13.04734],[80.1971,13.04736],[80.1971,13.0483],[80.19712,13.04874],[80.19713,13.04918],[80.19751,13.0492],[80.19756,13.05007],[80.19762,13.05185],[80.197,13.05196],[80.19708,13.05504],[80.19866,13.05505],[80.19884,13.05537],[80.19879,13.05633],[80.19919,13.05641],[80.19935,13.05714],[80.19941,13.05846],[80.2003,13.05858],[80.20033,13.05898],[80.20037,13.05928],[80.20035,13.0599],[80.20019,13.06063],[80.20025,13.06097],[80.20152,13.06153],[80.20271,13.06175],[80.20369,13.0618],[80.2073,13.0611]]]}},{"type":"Feature","properties":{"ward_id":"7887723","name":"Ward 95"},"geometry":{"type":"Polygon","coordinates":[[[80.2088,13.0926],[80.20868,13.09307],[80.2084,13.09333],[80.2078,13.0934],[80.20784,13.09457],[80.20793,13.09558],[80.20749,13.09594],[80.20566,13.0966],[80.20313,13.09778],[80.20206,13.09789],[80.20186,13.09806],[80.20188,13.09911],[80.20197,13.09933],[80.20216,13.09945],[80.20252,13.09931],[80.20311,13.09936],[80.20664,13.10111],[80.20671,13.10168],[80.20685,13.10183],[80.20718,13.10168],[80.21135,13.0997],[80.21396,13.09853],[80.21468,13.1006],[80.21562,13.10381],[80.21593,13.10548],[80.21614,13.10755],[80.21708,13.10927],[80.21721,13.1097],[80.21569,13.10986],[80.21387,13.11007],[80.21361,13.11014],[80.21323,13.11021],[80.21214,13.11005],[80.21072,13.10979],[80.2104,13.10962],[80.21046,13.10952],[80.2105,13.10916],[80.2103,13.10885],[80.21036,13.10832],[80.21036,13.10831],[80.21013,13.10737],[80.21008,13.10658],[80.21007,13.10654],[80.20993,13.10554],[80.20997,13.10553],[80.2082,13.10568],[80.20778,13.10343],[80.2076,13.1033],[80.20732,13.10338],[80.20634,13.10384],[80.20549,13.10399],[80.2037,13.10372],[80.20047,13.10334],[80.19825,13.10301],[80.19763,13.10282],[80.19587,13.10226],[80.19488,13.10199],[80.19426,13.10198],[80.19441,13.10107],[80.19479,13.10005],[80.19542,13.09935],[80.19537,13.09672],[80.19537,13.09656],[80.19528,13.09361],[80.19559,13.09319],[80.20076,13.09296],[80.20206,13.0929],[80.20269,13.09272],[80.20317,13.09263],[80.20322,13.09292],[80.20375,13.09292],[80.20398,13.09292],[80.20464,13.09283],[80.20647,13.0927],[80.20653,13.0927],[80.2088,13.0926]]]}},{"type":"Feature","properties":{"ward_id":"7887724","name":"Ward 94"},"geometry":{"type":"Polygon","coordinates":[[[80.20411,13.1186],[80.20514,13.11859],[80.20583,13.11875],[80.20653,13.1188],[80.20653,13.11834],[80.20643,13.11779],[80.20635,13.11653],[80.20676,13.11563],[80.20681,13.114],[80.20681,13.11378],[80.20683,13.11332],[80.20682,13.11251],[80.20682,13.11202],[80.2067,13.11116],[80.2066,13.11004],[80.20782,13.10992],[80.2104,13.10962],[80.21046,13.10952],[80.2105,13.10916],[80.2103,13.10885],[80.21036,13.10832],[80.21036,13.10831],[80.21013,13.10737],[80.21008,13.10658],[80.21007,13.10654],[80.20993,13.10554],[80.20997,13.10553],[80.2082,13.10568],[80.20778,13.10343],[80.2076,13.1033],[80.20732,13.10338],[80.20634,13.10384],[80.20549,13.10399],[80.2037,13.10372],[80.20047,13.10334],[80.19825,13.10301],[80.19763,13.10282],[80.19587,13.10226],[80.19488,13.10199],[80.19426,13.10198],[80.1944,13.10292],[80.1945,13.10329],[80.19515,13.10592],[80.19572,13.10733],[80.19606,13.10793],[80.19713,13.10981],[80.19737,13.1108],[80.19744,13.11192],[80.1976,13.11217],[80.19842,13.11205],[80.19904,13.11218],[80.1994,13.11263],[80.20045,13.11433],[80.20262,13.11849],[80.20274,13.11872],[80.20348,13.11861],[80.20357,13.1186],[80.20411,13.1186]]]}},{"type":"Feature","properties":{"ward_id":"7887725","name":"Ward 99"},"geometry":{"type":"Polygon","coordinates":[[[80.19824,13.07925],[80.19825,13.07932],[80.19868,13.0818],[80.19868,13.08207],[80.19867,13.0825],[80.19859,13.08283],[80.1983,13.08299],[80.1974,13.08303],[80.19723,13.08332],[80.19719,13.08379],[80.19729,13.0859],[80.1972,13.0866],[80.19696,13.08676],[80.19663,13.08692],[80.19662,13.0873],[80.19699,13.08746],[80.19756,13.08747],[80.19835,13.08718],[80.19867,13.08747],[80.19872,13.09064],[80.19872,13.09082],[80.1984,13.09102],[80.19659,13.09126],[80.19618,13.09138],[80.19605,13.09163],[80.19605,13.0927],[80.1958,13.09303],[80.19559,13.09319],[80.20076,13.09296],[80.20206,13.0929],[80.20269,13.09272],[80.20317,13.09263],[80.20322,13.09292],[80.20375,13.09292],[80.20398,13.09292],[80.20464,13.09283],[80.20647,13.0927],[80.20653,13.0927],[80.2088,13.0926],[80.20916,13.09258],[80.20943,13.09256],[80.21062,13.09255],[80.21059,13.09235],[80.21047,13.09211],[80.21046,13.08915],[80.21039,13.08888],[80.21034,13.08595],[80.21021,13.08567],[80.21022,13.0849],[80.20913,13.08488],[80.20879,13.08502],[80.20568,13.08498],[80.20565,13.08276],[80.20517,13.08276],[80.20501,13.08284],[80.20312,13.08287],[80.20304,13.08061],[80.20295,13.08],[80.2019,13.07995],[80.20166,13.08003],[80.20045,13.08011],[80.20036,13.08],[80.20015,13.07997],[80.19961,13.07983],[80.19926,13.07942],[80.19904,13.0792],[80.19824,13.07925]]]}},{"type":"Feature","properties":{"ward_id":"7888170","name":"Ward 90"},"geometry":{"type":"Polygon","coordinates":[[[80.19824,13.07925],[80.19825,13.07932],[80.19868,13.0818],[80.19868,13.08207],[80.19867,13.0825],[80.19859,13.08283],[80.1983,13.08299],[80.1974,13.08303],[80.19723,13.08332],[80.19719,13.08379],[80.19729,13.0859],[80.1972,13.0866],[80.19696,13.08676],[80.19663,13.08692],[80.19662,13.0873],[80.19699,13.08746],[80.19756,13.08747],[80.19835,13.08718],[80.19867,13.08747],[80.19872,13.09064],[80.19872,13.09082],[80.1984,13.09102],[80.19659,13.09126],[80.19618,13.09138],[80.19605,13.09163],[80.19605,13.0927],[80.1958,13.09303],[80.19559,13.09319],[80.19528,13.09361],[80.19537,13.09656],[80.19537,13.09672],[80.19341,13.09674],[80.19335,13.09533],[80.19327,13.09518],[80.19314,13.09518],[80.19293,13.09528],[80.19258,13.09529],[80.19257,13.09373],[80.19253,13.09279],[80.19243,13.09234],[80.19239,13.08953],[80.19205,13.08766],[80.19192,13.08715],[80.19169,13.08698],[80.19133,13.08697],[80.19102,13.08708],[80.18896,13.0871],[80.18909,13.08661],[80.18915,13.08618],[80.18921,13.08596],[80.18912,13.08586],[80.18899,13.08567],[80.18895,13.0855],[80.18899,13.08533],[80.18916,13.08522],[80.18924,13.08499],[80.18914,13.08469],[80.1886,13.0828],[80.18859,13.08194],[80.18854,13.08143],[80.18844,13.08131],[80.18841,13.08113],[80.18854,13.08094],[80.18865,13.08079],[80.1887,13.07994],[80.18885,13.07994],[80.18894,13.08003],[80.18919,13.08006],[80.1893,13.07999],[80.18943,13.07975],[80.18963,13.07955],[80.19326,13.07823],[80.19789,13.0765],[80.19824,13.07925]]]}},{"type":"Feature","properties":{"ward_id":"7888171","name":"Ward 93"},"geometry":{"type":"Polygon","coordinates":[[[80.1816,13.07269],[80.1815,13.07315],[80.18147,13.07393],[80.18156,13.07447],[80.18168,13.07503],[80.18185,13.07573],[80.18174,13.07645],[80.18163,13.07709],[80.1816,13.07725],[80.18161,13.07764],[80.18423,13.07769],[80.18526,13.07801],[80.18566,13.07811],[80.18581,13.07819],[80.18582,13.0783],[80.18565,13.07836],[80.18548,13.07854],[80.18534,13.07928],[80.18521,13.08034],[80.18514,13.08107],[80.18499,13.08123],[80.18476,13.08126],[80.18454,13.08107],[80.18426,13.08111],[80.18416,13.08117],[80.18409,13.08156],[80.1839,13.08349],[80.18371,13.08452],[80.18373,13.08492],[80.1843,13.08501],[80.18496,13.08508],[80.18519,13.08516],[80.18528,13.08527],[80.18529,13.08547],[80.18517,13.08589],[80.18519,13.08724],[80.18787,13.08723],[80.18829,13.0871],[80.18896,13.0871],[80.18909,13.08661],[80.18915,13.08618],[80.18921,13.08596],[80.18912,13.08586],[80.18899,13.08567],[80.18895,13.0855],[80.18899,13.08533],[80.18916,13.08522],[80.18924,13.08499],[80.18914,13.08469],[80.1886,13.0828],[80.18859,13.08194],[80.18854,13.08143],[80.18844,13.08131],[80.18841,13.08113],[80.18854,13.08094],[80.18865,13.08079],[80.1887,13.07994],[80.18885,13.07994],[80.18894,13.08003],[80.18919,13.08006],[80.1893,13.07999],[80.18943,13.07975],[80.18963,13.07955],[80.19326,13.07823],[80.19789,13.0765],[80.19786,13.07626],[80.1977,13.07589],[80.19725,13.07572],[80.19586,13.0753],[80.19521,13.07497],[80.1948,13.07501],[80.19476,13.0755],[80.19455,13.07587],[80.19389,13.07591],[80.19303,13.07582],[80.19258,13.07553],[80.19251,13.07491],[80.19222,13.0745],[80.19124,13.07424],[80.19079,13.07393],[80.19067,13.07383],[80.18972,13.07364],[80.18926,13.07365],[80.18884,13.07379],[80.18842,13.07374],[80.18706,13.07308],[80.18628,13.07291],[80.18519,13.07302],[80.18191,13.07275],[80.1816,13.07269]]]}},{"type":"Feature","properties":{"ward_id":"7888172","name":"Ward 84"},"geometry":{"type":"Polygon","coordinates":[[[80.17296,13.10331],[80.17288,13.10264],[80.17273,13.10162],[80.17265,13.10134],[80.17311,13.10123],[80.17398,13.10114],[80.17468,13.101],[80.17715,13.09986],[80.17896,13.09927],[80.17968,13.09903],[80.18039,13.09874],[80.18092,13.0986],[80.18097,13.09851],[80.18109,13.09831],[80.18144,13.0984],[80.18312,13.09881],[80.18532,13.09948],[80.18653,13.09973],[80.18796,13.10012],[80.18883,13.10059],[80.18942,13.10095],[80.18985,13.10121],[80.19076,13.10149],[80.1919,13.10169],[80.19328,13.1019],[80.19426,13.10198],[80.1944,13.10292],[80.1945,13.10329],[80.19515,13.10592],[80.19572,13.10733],[80.19606,13.10793],[80.18749,13.10815],[80.18289,13.10846],[80.18045,13.10865],[80.18039,13.10836],[80.17987,13.1084],[80.17988,13.11381],[80.17989,13.11419],[80.17988,13.11424],[80.17799,13.11442],[80.17483,13.1146],[80.17432,13.11444],[80.17283,13.11456],[80.17013,13.11461],[80.16913,13.11476],[80.16557,13.11474],[80.16488,13.11468],[80.16406,13.11458],[80.16401,13.11419],[80.164,13.11413],[80.16395,13.11355],[80.1636,13.11052],[80.16315,13.10656],[80.16324,13.10636],[80.16356,13.10622],[80.16428,13.10607],[80.17427,13.10552],[80.1742,13.10336],[80.17296,13.10331]]]}},{"type":"Feature","properties":{"ward_id":"7888173","name":"Ward 87"},"geometry":{"type":"Polygon","coordinates":[[[80.18109,13.09831],[80.18144,13.0984],[80.18312,13.09881],[80.18532,13.09948],[80.18534,13.09897],[80.18516,13.09799],[80.1852,13.09786],[80.18536,13.09782],[80.18666,13.09751],[80.18691,13.09752],[80.18704,13.09767],[80.18708,13.09878],[80.18771,13.09871],[80.18816,13.09861],[80.18849,13.09859],[80.18853,13.09811],[80.18796,13.09809],[80.18793,13.09797],[80.18843,13.09793],[80.18846,13.09779],[80.18842,13.09752],[80.18836,13.09679],[80.18826,13.09637],[80.18828,13.09611],[80.18904,13.09608],[80.18906,13.09533],[80.1881,13.09529],[80.18749,13.09542],[80.18697,13.09545],[80.1867,13.09546],[80.18663,13.09454],[80.18688,13.09449],[80.18773,13.09448],[80.18762,13.09413],[80.18735,13.09256],[80.18735,13.09223],[80.18744,13.09188],[80.18736,13.09144],[80.18717,13.09037],[80.186,13.09038],[80.18576,13.09032],[80.18567,13.09025],[80.18559,13.09025],[80.18528,13.09033],[80.18467,13.09053],[80.18408,13.09063],[80.18408,13.09107],[80.18396,13.09115],[80.18287,13.09116],[80.18288,13.09216],[80.18314,13.09225],[80.18317,13.09244],[80.18303,13.09274],[80.183,13.0943],[80.18206,13.09434],[80.18154,13.0942],[80.18173,13.09275],[80.18181,13.0925],[80.17999,13.09249],[80.17985,13.09289],[80.1796,13.09361],[80.17848,13.09357],[80.17841,13.09248],[80.1771,13.09251],[80.1771,13.09288],[80.17654,13.09434],[80.17645,13.09548],[80.17645,13.09685],[80.1783,13.0969],[80.17831,13.09779],[80.1797,13.09797],[80.18075,13.09824],[80.18109,13.09831]]]}},{"type":"Feature","properties":{"ward_id":"7888174","name":"Ward 88"},"geometry":{"type":"Polygon","coordinates":[[[80.18717,13.09037],[80.18736,13.09144],[80.18744,13.09188],[80.18735,13.09223],[80.18735,13.09256],[80.18762,13.09413],[80.18773,13.09448],[80.18688,13.09449],[80.18663,13.09454],[80.1867,13.09546],[80.18697,13.09545],[80.18749,13.09542],[80.1881,13.09529],[80.18906,13.09533],[80.18904,13.09608],[80.18828,13.09611],[80.18826,13.09637],[80.18836,13.09679],[80.18842,13.09752],[80.18846,13.09779],[80.18843,13.09793],[80.18793,13.09797],[80.18796,13.09809],[80.18853,13.09811],[80.18849,13.09859],[80.18816,13.09861],[80.18771,13.09871],[80.18708,13.09878],[80.18704,13.09767],[80.18691,13.09752],[80.18666,13.09751],[80.18536,13.09782],[80.1852,13.09786],[80.18516,13.09799],[80.18534,13.09897],[80.18532,13.09948],[80.18653,13.09973],[80.18796,13.10012],[80.18883,13.10059],[80.18942,13.10095],[80.18985,13.10121],[80.19076,13.10149],[80.1919,13.10169],[80.19328,13.1019],[80.19426,13.10198],[80.19441,13.10107],[80.19479,13.10005],[80.19542,13.09935],[80.19537,13.09672],[80.19341,13.09674],[80.19335,13.09533],[80.19327,13.09518],[80.19314,13.09518],[80.19293,13.09528],[80.19258,13.09529],[80.19137,13.09527],[80.19127,13.09506],[80.19108,13.09372],[80.19079,13.09106],[80.19071,13.09026],[80.19017,13.09026],[80.19014,13.09159],[80.18881,13.09159],[80.18873,13.0911],[80.18862,13.09045],[80.18863,13.09028],[80.18843,13.09023],[80.18808,13.09035],[80.18717,13.09037]]]}},{"type":"Feature","properties":{"ward_id":"7888175","name":"Ward 89"},"geometry":{"type":"Polygon","coordinates":[[[80.18519,13.08724],[80.18787,13.08723],[80.18829,13.0871],[80.18896,13.0871],[80.19102,13.08708],[80.19133,13.08697],[80.19169,13.08698],[80.19192,13.08715],[80.19205,13.08766],[80.19239,13.08953],[80.19243,13.09234],[80.19253,13.09279],[80.19257,13.09373],[80.19258,13.09529],[80.19137,13.09527],[80.19127,13.09506],[80.19108,13.09372],[80.19079,13.09106],[80.19071,13.09026],[80.19017,13.09026],[80.19014,13.09159],[80.18881,13.09159],[80.18873,13.0911],[80.18862,13.09045],[80.18863,13.09028],[80.18843,13.09023],[80.18808,13.09035],[80.18717,13.09037],[80.186,13.09038],[80.18576,13.09032],[80.18567,13.09025],[80.18559,13.09025],[80.18528,13.09033],[80.18467,13.09053],[80.18408,13.09063],[80.18408,13.09107],[80.18396,13.09115],[80.18287,13.09116],[80.18288,13.09216],[80.18314,13.09225],[80.18317,13.09244],[80.18303,13.09274],[80.183,13.0943],[80.18206,13.09434],[80.18154,13.0942],[80.18173,13.09275],[80.18181,13.0925],[80.17999,13.09249],[80.17985,13.09289],[80.1796,13.09361],[80.17848,13.09357],[80.17841,13.09248],[80.1771,13.09251],[80.17711,13.08821],[80.17791,13.08821],[80.17795,13.08747],[80.18053,13.08744],[80.18085,13.08731],[80.18345,13.08737],[80.18389,13.08725],[80.18519,13.08724]]]}},{"type":"Feature","properties":{"ward_id":"7888176","name":"Ward 143"},"geometry":{"type":"Polygon","coordinates":[[[80.16281,13.06384],[80.16319,13.06426],[80.16311,13.06689],[80.16288,13.06732],[80.16207,13.06722],[80.16214,13.06821],[80.16238,13.06846],[80.16273,13.06867],[80.16305,13.06943],[80.16306,13.07035],[80.16269,13.07171],[80.16207,13.07213],[80.16222,13.07245],[80.16194,13.07271],[80.16068,13.07296],[80.16037,13.07346],[80.1603,13.07888],[80.16044,13.07911],[80.16133,13.07924],[80.16135,13.07971],[80.16143,13.08188],[80.16211,13.08301],[80.16261,13.08328],[80.16301,13.0835],[80.16373,13.08353],[80.16438,13.08304],[80.165,13.08267],[80.16517,13.08235],[80.16549,13.08231],[80.16591,13.08247],[80.16609,13.0824],[80.16647,13.08213],[80.16725,13.0819],[80.16836,13.08183],[80.16924,13.08189],[80.16965,13.08221],[80.17053,13.08222],[80.1725,13.08177],[80.17361,13.08117],[80.17385,13.0807],[80.17391,13.07893],[80.17422,13.07824],[80.17432,13.07749],[80.17449,13.07659],[80.1745,13.07648],[80.17458,13.07598],[80.175,13.0755],[80.17614,13.07462],[80.17647,13.07402],[80.17659,13.07374],[80.17687,13.07348],[80.17736,13.07318],[80.17742,13.07275],[80.17743,13.07265],[80.17745,13.07201],[80.1766,13.07167],[80.17569,13.07115],[80.17469,13.07034],[80.17428,13.06861],[80.17383,13.06787],[80.17343,13.06719],[80.17206,13.06636],[80.16928,13.06604],[80.16777,13.06582],[80.1657,13.06514],[80.16281,13.06384]]]}},{"type":"Feature","properties":{"ward_id":"7888177","name":"Ward 86"},"geometry":{"type":"Polygon","coordinates":[[[80.17296,13.10331],[80.17288,13.10264],[80.17273,13.10162],[80.17265,13.10134],[80.17311,13.10123],[80.17398,13.10114],[80.17468,13.101],[80.17715,13.09986],[80.17896,13.09927],[80.17968,13.09903],[80.18039,13.09874],[80.18092,13.0986],[80.18097,13.09851],[80.18109,13.09831],[80.18075,13.09824],[80.1797,13.09797],[80.17831,13.09779],[80.1783,13.0969],[80.17645,13.09685],[80.17645,13.09548],[80.17654,13.09434],[80.1771,13.09288],[80.1771,13.09251],[80.17711,13.08821],[80.17631,13.08822],[80.17386,13.08838],[80.17189,13.08857],[80.16953,13.08873],[80.16142,13.08916],[80.16131,13.08771],[80.16157,13.08511],[80.16143,13.08188],[80.16135,13.07971],[80.15978,13.08052],[80.15664,13.08128],[80.15411,13.08219],[80.15305,13.08324],[80.15119,13.08446],[80.15148,13.08499],[80.15034,13.08636],[80.14964,13.08655],[80.14743,13.08627],[80.14701,13.08674],[80.14612,13.08709],[80.14601,13.08743],[80.14604,13.08776],[80.14627,13.08791],[80.14633,13.08813],[80.14613,13.08844],[80.14555,13.0896],[80.14447,13.09016],[80.14494,13.09259],[80.14359,13.09556],[80.1404,13.09789],[80.14352,13.09746],[80.14453,13.09734],[80.14602,13.09763],[80.14689,13.09781],[80.14748,13.09821],[80.14821,13.09883],[80.14882,13.09985],[80.14936,13.10069],[80.14991,13.10203],[80.15006,13.10281],[80.15023,13.1032],[80.15038,13.10338],[80.15056,13.10327],[80.15069,13.1031],[80.15099,13.10125],[80.15121,13.10088],[80.15152,13.10077],[80.15578,13.10082],[80.15589,13.10119],[80.15636,13.1041],[80.15785,13.10369],[80.15834,13.10352],[80.15882,13.10308],[80.15962,13.10203],[80.16019,13.10177],[80.16042,13.10169],[80.16339,13.10173],[80.16486,13.10123],[80.16643,13.1008],[80.16702,13.10047],[80.16774,13.10042],[80.16858,13.10043],[80.16924,13.10024],[80.16984,13.10005],[80.17003,13.10005],[80.17015,13.10039],[80.17016,13.10155],[80.17109,13.10343],[80.1713,13.10358],[80.172,13.10361],[80.17237,13.10353],[80.17268,13.10346],[80.17282,13.10331],[80.17296,13.10331]]]}},{"type":"Feature","properties":{"ward_id":"7888178","name":"Ward 85"},"geometry":{"type":"Polygon","coordinates":[[[80.1404,13.09789],[80.14019,13.10571],[80.14122,13.10872],[80.14179,13.11503],[80.14441,13.11483],[80.14649,13.11474],[80.14936,13.11449],[80.15091,13.1143],[80.15474,13.11428],[80.15491,13.11428],[80.15949,13.11428],[80.16025,13.11443],[80.16209,13.11462],[80.16406,13.11458],[80.16401,13.11419],[80.164,13.11413],[80.16395,13.11355],[80.1636,13.11052],[80.16315,13.10656],[80.16324,13.10636],[80.16356,13.10622],[80.16428,13.10607],[80.17427,13.10552],[80.1742,13.10336],[80.17296,13.10331],[80.17282,13.10331],[80.17268,13.10346],[80.17237,13.10353],[80.172,13.10361],[80.1713,13.10358],[80.17109,13.10343],[80.17016,13.10155],[80.17015,13.10039],[80.17003,13.10005],[80.16984,13.10005],[80.16924,13.10024],[80.16858,13.10043],[80.16774,13.10042],[80.16702,13.10047],[80.16643,13.1008],[80.16486,13.10123],[80.16339,13.10173],[80.16042,13.10169],[80.16019,13.10177],[80.15962,13.10203],[80.15882,13.10308],[80.15834,13.10352],[80.15785,13.10369],[80.15636,13.1041],[80.15589,13.10119],[80.15578,13.10082],[80.15152,13.10077],[80.15121,13.10088],[80.15099,13.10125],[80.15069,13.1031],[80.15056,13.10327],[80.15038,13.10338],[80.15023,13.1032],[80.15006,13.10281],[80.14991,13.10203],[80.14936,13.10069],[80.14882,13.09985],[80.14821,13.09883],[80.14748,13.09821],[80.14689,13.09781],[80.14602,13.09763],[80.14453,13.09734],[80.14352,13.09746],[80.1404,13.09789]]]}},{"type":"Feature","properties":{"ward_id":"7888179","name":"Ward 80"},"geometry":{"type":"Polygon","coordinates":[[[80.16459,13.13474],[80.16399,13.13482],[80.1636,13.13504],[80.16187,13.13944],[80.16121,13.14017],[80.16025,13.14034],[80.1603,13.13965],[80.16011,13.13853],[80.15993,13.13788],[80.15923,13.13792],[80.15921,13.13619],[80.15846,13.13617],[80.15841,13.13489],[80.15766,13.13483],[80.15741,13.13471],[80.1567,13.13466],[80.15649,13.13445],[80.15657,13.13366],[80.15678,13.13362],[80.15682,13.13331],[80.15788,13.13324],[80.15789,13.13277],[80.15799,13.13236],[80.15799,13.13159],[80.15813,13.13109],[80.15816,13.13052],[80.15795,13.13042],[80.15552,13.1287],[80.15442,13.12792],[80.15398,13.12755],[80.15372,13.12706],[80.153,13.1258],[80.15248,13.12499],[80.15221,13.12415],[80.15212,13.12398],[80.15212,13.1238],[80.15217,13.12368],[80.1522,13.12368],[80.15272,13.1236],[80.1536,13.1235],[80.15381,13.12336],[80.15395,13.12319],[80.15402,13.12269],[80.15417,13.12262],[80.15561,13.1224],[80.15573,13.12238],[80.15666,13.1224],[80.1576,13.12253],[80.15855,13.12263],[80.15933,13.12284],[80.15979,13.12295],[80.16099,13.12367],[80.16122,13.12385],[80.16125,13.12395],[80.16135,13.12407],[80.16164,13.12412],[80.1631,13.12383],[80.16319,13.12435],[80.1633,13.12572],[80.16331,13.12667],[80.16357,13.12696],[80.16379,13.12761],[80.1641,13.12885],[80.16528,13.12885],[80.16556,13.12877],[80.16594,13.12877],[80.16609,13.12884],[80.16605,13.12929],[80.16613,13.12948],[80.16622,13.12961],[80.16615,13.12973],[80.16457,13.1301],[80.16447,13.13022],[80.1645,13.13047],[80.16515,13.13186],[80.16515,13.13218],[80.16507,13.13231],[80.16477,13.13231],[80.1644,13.13217],[80.16425,13.1322],[80.16424,13.13239],[80.16459,13.13316],[80.16459,13.13474]]]}},{"type":"Feature","properties":{"ward_id":"7888180","name":"Ward 82"},"geometry":{"type":"Polygon","coordinates":[[[80.17483,13.1146],[80.17432,13.11444],[80.17283,13.11456],[80.17013,13.11461],[80.16913,13.11476],[80.16557,13.11474],[80.16488,13.11468],[80.16406,13.11458],[80.16209,13.11462],[80.16025,13.11443],[80.15949,13.11428],[80.15491,13.11428],[80.15474,13.11428],[80.15505,13.11501],[80.1555,13.11567],[80.15565,13.11615],[80.15627,13.11694],[80.15667,13.11728],[80.1569,13.11731],[80.15823,13.11677],[80.15893,13.1166],[80.15906,13.1166],[80.15911,13.11669],[80.15941,13.11825],[80.16069,13.1181],[80.16109,13.11804],[80.16116,13.11856],[80.1612,13.11883],[80.16115,13.11908],[80.16113,13.11933],[80.16119,13.11946],[80.16122,13.11955],[80.16076,13.11984],[80.16027,13.11998],[80.16018,13.12016],[80.16018,13.12026],[80.1602,13.12059],[80.16037,13.12095],[80.16028,13.12142],[80.15979,13.12295],[80.16099,13.12367],[80.16122,13.12385],[80.16125,13.12395],[80.16135,13.12407],[80.16164,13.12412],[80.1631,13.12383],[80.16319,13.12435],[80.1633,13.12572],[80.16331,13.12667],[80.16357,13.12696],[80.16379,13.12761],[80.1641,13.12885],[80.16528,13.12885],[80.16556,13.12877],[80.16594,13.12877],[80.16609,13.12884],[80.16605,13.12929],[80.16613,13.12948],[80.16622,13.12961],[80.16615,13.12973],[80.16457,13.1301],[80.16447,13.13022],[80.1645,13.13047],[80.16515,13.13186],[80.16515,13.13218],[80.16507,13.13231],[80.16477,13.13231],[80.1644,13.13217],[80.16425,13.1322],[80.16424,13.13239],[80.16459,13.13316],[80.16459,13.13474],[80.16511,13.13468],[80.16636,13.13592],[80.16749,13.13992],[80.16843,13.14137],[80.16889,13.14214],[80.16948,13.14238],[80.1704,13.14237],[80.17199,13.14113],[80.17696,13.13773],[80.1823,13.1353],[80.18262,13.13526],[80.18279,13.1334],[80.18291,13.13285],[80.18294,13.12918],[80.18305,13.12886],[80.18306,13.12697],[80.18245,13.12692],[80.18172,13.12699],[80.18097,13.12719],[80.18016,13.12757],[80.17999,13.128],[80.17986,13.12853],[80.17949,13.12872],[80.17859,13.12883],[80.17811,13.12875],[80.1774,13.12836],[80.17728,13.12816],[80.17712,13.12819],[80.17707,13.1284],[80.17686,13.1286],[80.17658,13.12877],[80.17639,13.12872],[80.17541,13.12785],[80.17507,13.12762],[80.17476,13.12747],[80.17472,13.12716],[80.17483,13.12667],[80.17498,13.12607],[80.17496,13.12565],[80.17476,13.12503],[80.17473,13.12406],[80.17474,13.12251],[80.17485,13.12208],[80.17492,13.12189],[80.17553,13.12148],[80.17603,13.12108],[80.17696,13.12089],[80.17774,13.12053],[80.17826,13.11975],[80.17844,13.11946],[80.17847,13.11932],[80.17833,13.11924],[80.1778,13.11896],[80.17735,13.11864],[80.17703,13.1186],[80.17669,13.11857],[80.17656,13.1185],[80.17636,13.1182],[80.176,13.11789],[80.1753,13.11739],[80.17448,13.11736],[80.17446,13.11645],[80.17418,13.11592],[80.17405,13.11571],[80.1742,13.11556],[80.17448,13.11534],[80.1746,13.11501],[80.17463,13.11472],[80.17483,13.1146]]]}},{"type":"Feature","properties":{"ward_id":"7888181","name":"Ward 79"},"geometry":{"type":"Polygon","coordinates":[[[80.16025,13.14034],[80.1603,13.13965],[80.16011,13.13853],[80.15993,13.13788],[80.15923,13.13792],[80.15921,13.13619],[80.15846,13.13617],[80.15841,13.13489],[80.15766,13.13483],[80.15741,13.13471],[80.1567,13.13466],[80.15649,13.13445],[80.15657,13.13366],[80.15678,13.13362],[80.15682,13.13331],[80.15788,13.13324],[80.15789,13.13277],[80.15799,13.13236],[80.15799,13.13159],[80.15813,13.13109],[80.15816,13.13052],[80.15795,13.13042],[80.15552,13.1287],[80.15442,13.12792],[80.15398,13.12755],[80.15372,13.12706],[80.153,13.1258],[80.15248,13.12499],[80.14882,13.12288],[80.14811,13.1226],[80.14753,13.12247],[80.14679,13.12256],[80.14375,13.12443],[80.14632,13.12623],[80.14773,13.12763],[80.14719,13.13298],[80.14539,13.13657],[80.14544,13.13859],[80.14951,13.13792],[80.15018,13.13971],[80.15209,13.14087],[80.15399,13.14165],[80.1561,13.1413],[80.15745,13.14092],[80.15853,13.14065],[80.16025,13.14034]]]}},{"type":"Feature","properties":{"ward_id":"7888182","name":"Ward 81"},"geometry":{"type":"Polygon","coordinates":[[[80.14375,13.12443],[80.14679,13.12256],[80.14753,13.12247],[80.14811,13.1226],[80.14882,13.12288],[80.15248,13.12499],[80.15221,13.12415],[80.15212,13.12398],[80.15212,13.1238],[80.15217,13.12368],[80.1522,13.12368],[80.15272,13.1236],[80.1536,13.1235],[80.15381,13.12336],[80.15395,13.12319],[80.15402,13.12269],[80.15417,13.12262],[80.15561,13.1224],[80.15573,13.12238],[80.15666,13.1224],[80.1576,13.12253],[80.15855,13.12263],[80.15933,13.12284],[80.15979,13.12295],[80.16028,13.12142],[80.16037,13.12095],[80.1602,13.12059],[80.16018,13.12026],[80.16018,13.12016],[80.16027,13.11998],[80.16076,13.11984],[80.16122,13.11955],[80.16119,13.11946],[80.16113,13.11933],[80.16115,13.11908],[80.1612,13.11883],[80.16116,13.11856],[80.16109,13.11804],[80.16069,13.1181],[80.15941,13.11825],[80.15911,13.11669],[80.15906,13.1166],[80.15893,13.1166],[80.15823,13.11677],[80.1569,13.11731],[80.15667,13.11728],[80.15627,13.11694],[80.15565,13.11615],[80.1555,13.11567],[80.15505,13.11501],[80.15474,13.11428],[80.15091,13.1143],[80.14936,13.11449],[80.14649,13.11474],[80.14441,13.11483],[80.14179,13.11503],[80.14246,13.11557],[80.14262,13.11671],[80.14283,13.11816],[80.14321,13.11934],[80.14354,13.122],[80.14336,13.12369],[80.14336,13.12372],[80.14336,13.12407],[80.14375,13.12443]]]}},{"type":"Feature","properties":{"ward_id":"7888183","name":"Ward 83"},"geometry":{"type":"Polygon","coordinates":[[[80.19606,13.10793],[80.18749,13.10815],[80.18289,13.10846],[80.18045,13.10865],[80.18039,13.10836],[80.17987,13.1084],[80.17988,13.11381],[80.17989,13.11419],[80.17988,13.11424],[80.17799,13.11442],[80.17483,13.1146],[80.17463,13.11472],[80.1746,13.11501],[80.17448,13.11534],[80.1742,13.11556],[80.17405,13.11571],[80.17418,13.11592],[80.17446,13.11645],[80.17448,13.11736],[80.1753,13.11739],[80.176,13.11789],[80.17636,13.1182],[80.17656,13.1185],[80.17669,13.11857],[80.17703,13.1186],[80.17735,13.11864],[80.1778,13.11896],[80.17833,13.11924],[80.17847,13.11932],[80.17844,13.11946],[80.17826,13.11975],[80.17774,13.12053],[80.17696,13.12089],[80.17603,13.12108],[80.17553,13.12148],[80.17492,13.12189],[80.17485,13.12208],[80.17474,13.12251],[80.17473,13.12406],[80.17476,13.12503],[80.17496,13.12565],[80.17498,13.12607],[80.17483,13.12667],[80.17472,13.12716],[80.17476,13.12747],[80.17507,13.12762],[80.17541,13.12785],[80.17639,13.12872],[80.17658,13.12877],[80.17686,13.1286],[80.17707,13.1284],[80.17712,13.12819],[80.17728,13.12816],[80.1774,13.12836],[80.17811,13.12875],[80.17859,13.12883],[80.17949,13.12872],[80.17986,13.12853],[80.17999,13.128],[80.18016,13.12757],[80.18097,13.12719],[80.18172,13.12699],[80.18245,13.12692],[80.18306,13.12697],[80.18305,13.12886],[80.18294,13.12918],[80.18291,13.13285],[80.18279,13.1334],[80.18262,13.13526],[80.18282,13.13541],[80.18547,13.13808],[80.18772,13.1392],[80.18796,13.13916],[80.18823,13.13908],[80.18834,13.13891],[80.1885,13.13845],[80.18908,13.13787],[80.18934,13.13747],[80.18941,13.13713],[80.18934,13.13675],[80.18906,13.13623],[80.18888,13.13583],[80.18885,13.13556],[80.18887,13.13538],[80.18921,13.13531],[80.18953,13.13529],[80.1897,13.13522],[80.18991,13.13522],[80.19018,13.13531],[80.19118,13.13534],[80.19145,13.13531],[80.19187,13.13468],[80.19291,13.13357],[80.19297,13.13283],[80.19369,13.13047],[80.19412,13.13007],[80.19457,13.13014],[80.19471,13.13014],[80.1948,13.12993],[80.19479,13.12908],[80.19463,13.12866],[80.19467,13.12848],[80.19492,13.12834],[80.19519,13.12836],[80.19551,13.12847],[80.19591,13.1284],[80.19636,13.12827],[80.19667,13.12818],[80.1969,13.12819],[80.19708,13.12844],[80.19727,13.12859],[80.19747,13.12855],[80.19785,13.12843],[80.19862,13.12847],[80.19901,13.12856],[80.19924,13.12889],[80.19951,13.129],[80.2,13.12905],[80.20034,13.12913],[80.20057,13.12908],[80.20088,13.12899],[80.20111,13.12894],[80.20162,13.12882],[80.20161,13.12857],[80.2016,13.12795],[80.20155,13.12435],[80.20158,13.12314],[80.2017,13.12258],[80.20179,13.12218],[80.20186,13.12188],[80.20189,13.12173],[80.20198,13.12134],[80.20209,13.12087],[80.20209,13.12052],[80.20212,13.11994],[80.20248,13.11922],[80.20282,13.11913],[80.20274,13.11872],[80.20262,13.11849],[80.20045,13.11433],[80.1994,13.11263],[80.19904,13.11218],[80.19842,13.11205],[80.1976,13.11217],[80.19744,13.11192],[80.19737,13.1108],[80.19713,13.10981],[80.19606,13.10793]]]}},{"type":"Feature","properties":{"ward_id":"7888247","name":"Ward 92"},"geometry":{"type":"Polygon","coordinates":[[[80.17745,13.07201],[80.17983,13.07235],[80.18143,13.07266],[80.1816,13.07269],[80.1815,13.07315],[80.18147,13.07393],[80.18156,13.07447],[80.18168,13.07503],[80.18185,13.07573],[80.18174,13.07645],[80.18163,13.07709],[80.1816,13.07725],[80.18161,13.07764],[80.18423,13.07769],[80.18526,13.07801],[80.18566,13.07811],[80.18581,13.07819],[80.18582,13.0783],[80.18565,13.07836],[80.18548,13.07854],[80.18534,13.07928],[80.18521,13.08034],[80.18514,13.08107],[80.18499,13.08123],[80.18476,13.08126],[80.18454,13.08107],[80.18426,13.08111],[80.18416,13.08117],[80.18409,13.08156],[80.1839,13.08349],[80.18371,13.08452],[80.18373,13.08492],[80.1843,13.08501],[80.18496,13.08508],[80.18519,13.08516],[80.18528,13.08527],[80.18529,13.08547],[80.18517,13.08589],[80.18519,13.08724],[80.18389,13.08725],[80.18345,13.08737],[80.18085,13.08731],[80.18053,13.08744],[80.17795,13.08747],[80.17791,13.08821],[80.17711,13.08821],[80.17631,13.08822],[80.17386,13.08838],[80.17189,13.08857],[80.17187,13.08811],[80.17173,13.08792],[80.17169,13.08739],[80.17215,13.08738],[80.1721,13.08672],[80.172,13.08639],[80.172,13.08549],[80.17213,13.08503],[80.17215,13.08481],[80.1723,13.08474],[80.17337,13.08484],[80.17452,13.085],[80.17466,13.08495],[80.17482,13.08468],[80.17534,13.08345],[80.17618,13.08198],[80.1768,13.08152],[80.17729,13.08124],[80.1783,13.08105],[80.17898,13.0808],[80.17935,13.08048],[80.17954,13.08041],[80.18011,13.08047],[80.18025,13.08052],[80.18037,13.08044],[80.18041,13.08028],[80.18077,13.07902],[80.18128,13.07799],[80.18139,13.07754],[80.18147,13.07728],[80.18147,13.07719],[80.18131,13.07712],[80.18111,13.07701],[80.18106,13.0767],[80.1811,13.07616],[80.1812,13.07554],[80.18162,13.07548],[80.18155,13.0753],[80.18147,13.07499],[80.18137,13.07418],[80.18132,13.07348],[80.18011,13.07352],[80.17864,13.07427],[80.17849,13.07439],[80.17834,13.07439],[80.17823,13.07433],[80.17813,13.07417],[80.17801,13.07415],[80.1779,13.07437],[80.1777,13.07448],[80.17701,13.07456],[80.17685,13.07467],[80.17672,13.07498],[80.17556,13.07595],[80.1745,13.07648],[80.17458,13.07598],[80.175,13.0755],[80.17614,13.07462],[80.17647,13.07402],[80.17659,13.07374],[80.17687,13.07348],[80.17736,13.07318],[80.17742,13.07275],[80.17743,13.07265],[80.17745,13.07201]]]}},{"type":"Feature","properties":{"ward_id":"7888248","name":"Ward 91"},"geometry":{"type":"Polygon","coordinates":[[[80.17189,13.08857],[80.17187,13.08811],[80.17173,13.08792],[80.17169,13.08739],[80.17215,13.08738],[80.1721,13.08672],[80.172,13.08639],[80.172,13.08549],[80.17213,13.08503],[80.17215,13.08481],[80.1723,13.08474],[80.17337,13.08484],[80.17452,13.085],[80.17466,13.08495],[80.17482,13.08468],[80.17534,13.08345],[80.17618,13.08198],[80.1768,13.08152],[80.17729,13.08124],[80.1783,13.08105],[80.17898,13.0808],[80.17935,13.08048],[80.17954,13.08041],[80.18011,13.08047],[80.18025,13.08052],[80.18037,13.08044],[80.18041,13.08028],[80.18077,13.07902],[80.18128,13.07799],[80.18139,13.07754],[80.18147,13.07728],[80.18147,13.07719],[80.18131,13.07712],[80.18111,13.07701],[80.18106,13.0767],[80.1811,13.07616],[80.1812,13.07554],[80.18162,13.07548],[80.18155,13.0753],[80.18147,13.07499],[80.18137,13.07418],[80.18132,13.07348],[80.18011,13.07352],[80.17864,13.07427],[80.17849,13.07439],[80.17834,13.07439],[80.17823,13.07433],[80.17813,13.07417],[80.17801,13.07415],[80.1779,13.07437],[80.1777,13.07448],[80.17701,13.07456],[80.17685,13.07467],[80.17672,13.07498],[80.17556,13.07595],[80.1745,13.07648],[80.17449,13.07659],[80.17432,13.07749],[80.17422,13.07824],[80.17391,13.07893],[80.17385,13.0807],[80.17361,13.08117],[80.1725,13.08177],[80.17053,13.08222],[80.16965,13.08221],[80.16924,13.08189],[80.16836,13.08183],[80.16725,13.0819],[80.16647,13.08213],[80.16609,13.0824],[80.16591,13.08247],[80.16549,13.08231],[80.16517,13.08235],[80.165,13.08267],[80.16438,13.08304],[80.16373,13.08353],[80.16301,13.0835],[80.16261,13.08328],[80.16211,13.08301],[80.16143,13.08188],[80.16157,13.08511],[80.16131,13.08771],[80.16142,13.08916],[80.16953,13.08873],[80.17189,13.08857]]]}},{"type":"Feature","properties":{"ward_id":"7888279","name":"Ward 136"},"geometry":{"type":"Polygon","coordinates":[[[80.22701,13.03535],[80.22732,13.0353],[80.22757,13.03527],[80.22776,13.03524],[80.22807,13.0352],[80.22838,13.03521],[80.22911,13.03523],[80.2292,13.03524],[80.22954,13.03517],[80.22963,13.03515],[80.23011,13.03503],[80.23017,13.03502],[80.23041,13.03503],[80.23078,13.03493],[80.23104,13.0349],[80.2322,13.03476],[80.23698,13.03418],[80.23762,13.03445],[80.23776,13.03454],[80.2382,13.03481],[80.23919,13.03542],[80.23932,13.03551],[80.23996,13.04042],[80.24394,13.03993],[80.24416,13.04106],[80.24463,13.04335],[80.24239,13.04371],[80.2417,13.04382],[80.24099,13.04394],[80.24086,13.04415],[80.2403,13.04505],[80.23959,13.04622],[80.23914,13.04632],[80.23897,13.0464],[80.23828,13.04653],[80.23692,13.04683],[80.23578,13.04702],[80.23508,13.04715],[80.23306,13.04739],[80.23062,13.04771],[80.23025,13.04759],[80.22991,13.04733],[80.22969,13.04564],[80.22927,13.04383],[80.22897,13.0426],[80.22858,13.04128],[80.22773,13.04036],[80.22787,13.04026],[80.22798,13.04017],[80.22807,13.03995],[80.22785,13.03954],[80.22764,13.03874],[80.22701,13.03535]]]}},{"type":"Feature","properties":{"ward_id":"7888280","name":"Ward 141"},"geometry":{"type":"Polygon","coordinates":[[[80.23104,13.0349],[80.2322,13.03476],[80.23698,13.03418],[80.23762,13.03445],[80.23914,13.03198],[80.23921,13.03188],[80.23886,13.03176],[80.23826,13.03164],[80.23753,13.03124],[80.23704,13.03099],[80.23671,13.03067],[80.23543,13.02943],[80.23415,13.02828],[80.23388,13.02797],[80.23373,13.02741],[80.23315,13.0271],[80.23303,13.02685],[80.23266,13.02654],[80.23184,13.02623],[80.23141,13.02613],[80.23122,13.02632],[80.23099,13.02823],[80.23069,13.03042],[80.23057,13.03073],[80.23033,13.0307],[80.23002,13.03054],[80.22944,13.03035],[80.22901,13.03032],[80.22834,13.03035],[80.22619,13.03058],[80.22583,13.03064],[80.2255,13.03124],[80.22594,13.03407],[80.22612,13.0355],[80.22701,13.03535],[80.22732,13.0353],[80.22757,13.03527],[80.22776,13.03524],[80.22807,13.0352],[80.22838,13.03521],[80.22911,13.03523],[80.2292,13.03524],[80.22954,13.03517],[80.22963,13.03515],[80.23011,13.03503],[80.23017,13.03502],[80.23041,13.03503],[80.23078,13.03493],[80.23104,13.0349]]]}},{"type":"Feature","properties":{"ward_id":"7888281","name":"Ward 135"},"geometry":{"type":"Polygon","coordinates":[[[80.22927,13.04383],[80.22897,13.0426],[80.22858,13.04128],[80.22773,13.04036],[80.22787,13.04026],[80.22798,13.04017],[80.22807,13.03995],[80.22785,13.03954],[80.22764,13.03874],[80.22701,13.03535],[80.22612,13.0355],[80.22579,13.03555],[80.22527,13.03564],[80.22505,13.03558],[80.22493,13.03535],[80.22487,13.03495],[80.22472,13.03469],[80.22453,13.03472],[80.22424,13.03486],[80.22319,13.03484],[80.22194,13.03504],[80.22089,13.03508],[80.22078,13.03447],[80.22075,13.0343],[80.21885,13.03459],[80.21874,13.03567],[80.21888,13.03593],[80.21886,13.03599],[80.21912,13.03759],[80.21921,13.03795],[80.2192,13.03882],[80.21933,13.03901],[80.21935,13.03924],[80.21917,13.03928],[80.21923,13.03978],[80.21957,13.04135],[80.22164,13.04101],[80.22216,13.04314],[80.22255,13.04563],[80.22927,13.04383]]]}},{"type":"Feature","properties":{"ward_id":"7888282","name":"Ward 134"},"geometry":{"type":"Polygon","coordinates":[[[80.23062,13.04771],[80.23025,13.04759],[80.22991,13.04733],[80.22969,13.04564],[80.22927,13.04383],[80.22255,13.04563],[80.22263,13.04653],[80.22272,13.04701],[80.22286,13.04747],[80.22152,13.04781],[80.22146,13.04708],[80.22027,13.04723],[80.21988,13.04728],[80.21897,13.04741],[80.21883,13.04674],[80.21835,13.04679],[80.21852,13.04782],[80.21861,13.04831],[80.21869,13.0488],[80.21879,13.04981],[80.21888,13.05078],[80.21891,13.05087],[80.21898,13.05126],[80.21887,13.05253],[80.22555,13.05365],[80.22857,13.05404],[80.23071,13.05412],[80.2303,13.05187],[80.23032,13.05182],[80.23004,13.04972],[80.23006,13.04818],[80.23035,13.04786],[80.23062,13.04771]]]}},{"type":"Feature","properties":{"ward_id":"7888379","name":"Ward 133"},"geometry":{"type":"Polygon","coordinates":[[[80.21704,13.03148],[80.21831,13.03157],[80.21846,13.03178],[80.21857,13.03216],[80.22005,13.03219],[80.21989,13.03304],[80.21986,13.03313],[80.21988,13.03341],[80.2206,13.0334],[80.22069,13.0337],[80.22075,13.0343],[80.21885,13.03459],[80.21874,13.03567],[80.21888,13.03593],[80.21886,13.03599],[80.21912,13.03759],[80.21921,13.03795],[80.2192,13.03882],[80.21933,13.03901],[80.21935,13.03924],[80.21917,13.03928],[80.21923,13.03978],[80.21957,13.04135],[80.22164,13.04101],[80.22216,13.04314],[80.22255,13.04563],[80.22263,13.04653],[80.22272,13.04701],[80.22286,13.04747],[80.22152,13.04781],[80.22146,13.04708],[80.22027,13.04723],[80.21988,13.04728],[80.21897,13.04741],[80.21883,13.04674],[80.21835,13.04679],[80.21852,13.04782],[80.21861,13.04831],[80.21869,13.0488],[80.21879,13.04981],[80.21888,13.05078],[80.21891,13.05087],[80.21898,13.05126],[80.21887,13.05253],[80.21678,13.05126],[80.21464,13.05051],[80.21469,13.04945],[80.21469,13.04932],[80.21469,13.04929],[80.21462,13.04889],[80.21448,13.04817],[80.21445,13.04801],[80.21444,13.048],[80.21445,13.04786],[80.21447,13.04727],[80.21472,13.04514],[80.2148,13.04453],[80.21545,13.0445],[80.21605,13.04439],[80.21686,13.04408],[80.21701,13.04398],[80.2174,13.04371],[80.21658,13.0425],[80.21592,13.04158],[80.21627,13.04126],[80.21656,13.04084],[80.21675,13.04023],[80.21671,13.03947],[80.21665,13.03929],[80.21653,13.03804],[80.21632,13.03613],[80.21617,13.03417],[80.21593,13.03134],[80.21704,13.03148]]]}},{"type":"Feature","properties":{"ward_id":"7888380","name":"Ward 132"},"geometry":{"type":"Polygon","coordinates":[[[80.21695,13.03041],[80.21607,13.03037],[80.21467,13.03029],[80.21366,13.0305],[80.20941,13.03115],[80.20961,13.03223],[80.20982,13.03386],[80.21,13.03497],[80.20982,13.03517],[80.20802,13.03545],[80.20833,13.0374],[80.20903,13.04157],[80.20911,13.04262],[80.20933,13.04479],[80.20934,13.04505],[80.20938,13.04641],[80.20954,13.04698],[80.21197,13.04708],[80.21447,13.04727],[80.21472,13.04514],[80.2148,13.04453],[80.21545,13.0445],[80.21605,13.04439],[80.21686,13.04408],[80.21701,13.04398],[80.2174,13.04371],[80.21658,13.0425],[80.21592,13.04158],[80.21627,13.04126],[80.21656,13.04084],[80.21675,13.04023],[80.21671,13.03947],[80.21665,13.03929],[80.21653,13.03804],[80.21632,13.03613],[80.21617,13.03417],[80.21593,13.03134],[80.21704,13.03148],[80.21695,13.03041]]]}},{"type":"Feature","properties":{"ward_id":"7888381","name":"Ward 140"},"geometry":{"type":"Polygon","coordinates":[[[80.22444,13.02532],[80.22416,13.02529],[80.22314,13.0252],[80.22305,13.02519],[80.22297,13.02518],[80.22115,13.02494],[80.2198,13.02488],[80.21977,13.02754],[80.21991,13.02841],[80.21994,13.02876],[80.2201,13.0294],[80.21933,13.02944],[80.2171,13.02978],[80.21689,13.02977],[80.21695,13.03041],[80.21704,13.03148],[80.21831,13.03157],[80.21846,13.03178],[80.21857,13.03216],[80.22005,13.03219],[80.21989,13.03304],[80.21986,13.03313],[80.21988,13.03341],[80.2206,13.0334],[80.22069,13.0337],[80.22075,13.0343],[80.22078,13.03447],[80.22089,13.03508],[80.22194,13.03504],[80.22319,13.03484],[80.22424,13.03486],[80.22453,13.03472],[80.22472,13.03469],[80.22487,13.03495],[80.22493,13.03535],[80.22505,13.03558],[80.22527,13.03564],[80.22579,13.03555],[80.22612,13.0355],[80.22594,13.03407],[80.2255,13.03124],[80.22583,13.03064],[80.2257,13.03067],[80.22549,13.03061],[80.22537,13.03027],[80.22505,13.029],[80.22494,13.02866],[80.22475,13.02853],[80.22429,13.02856],[80.22414,13.0285],[80.22402,13.02825],[80.22415,13.02745],[80.22428,13.02584],[80.22429,13.0255],[80.22444,13.02532]]]}},{"type":"Feature","properties":{"ward_id":"7888503","name":"Ward 128"},"geometry":{"type":"Polygon","coordinates":[[[80.187,13.04556],[80.18711,13.04533],[80.18756,13.04469],[80.18777,13.04391],[80.18803,13.04271],[80.18849,13.04111],[80.18873,13.038],[80.18882,13.03639],[80.18893,13.03485],[80.18894,13.03465],[80.19082,13.03413],[80.1921,13.034],[80.19317,13.03415],[80.19322,13.03448],[80.19338,13.03456],[80.19366,13.03465],[80.19382,13.03443],[80.19399,13.03448],[80.19438,13.03694],[80.19453,13.0374],[80.19422,13.03744],[80.19301,13.03761],[80.19286,13.03773],[80.19278,13.03799],[80.19306,13.03979],[80.19352,13.04268],[80.19355,13.04295],[80.19366,13.0436],[80.19368,13.04371],[80.19378,13.04427],[80.19356,13.04444],[80.19291,13.0445],[80.19262,13.04609],[80.19258,13.04659],[80.19415,13.04674],[80.19487,13.0473],[80.19524,13.04736],[80.1959,13.04741],[80.1971,13.04736],[80.1971,13.0483],[80.19712,13.04874],[80.19713,13.04918],[80.19751,13.0492],[80.19756,13.05007],[80.19762,13.05185],[80.197,13.05196],[80.19708,13.05504],[80.19722,13.05622],[80.19671,13.05627],[80.19667,13.0568],[80.19687,13.05698],[80.19683,13.05717],[80.19618,13.05714],[80.19572,13.05704],[80.19538,13.05689],[80.19453,13.05687],[80.19431,13.05687],[80.19427,13.05685],[80.19409,13.05674],[80.19346,13.05546],[80.19328,13.05528],[80.18961,13.05528],[80.18952,13.0551],[80.18928,13.05498],[80.1885,13.05514],[80.18776,13.05518],[80.1869,13.05484],[80.1867,13.05447],[80.18654,13.05368],[80.18602,13.05252],[80.18583,13.05148],[80.18579,13.05124],[80.18584,13.05007],[80.1861,13.048],[80.18635,13.0473],[80.18685,13.04669],[80.187,13.04556]]]}},{"type":"Feature","properties":{"ward_id":"7888504","name":"Ward 155"},"geometry":{"type":"Polygon","coordinates":[[[80.18944,13.02308],[80.18887,13.02257],[80.1883,13.02232],[80.18786,13.02219],[80.18758,13.02237],[80.18701,13.02282],[80.18653,13.02291],[80.18613,13.02311],[80.18586,13.02366],[80.18578,13.02414],[80.18565,13.02429],[80.18549,13.02426],[80.18538,13.02406],[80.1852,13.02387],[80.18498,13.0239],[80.18466,13.02429],[80.1843,13.02471],[80.18399,13.0248],[80.18376,13.02472],[80.18335,13.02436],[80.18319,13.02413],[80.18291,13.02457],[80.18293,13.02691],[80.17969,13.02693],[80.17809,13.0279],[80.17803,13.02975],[80.17855,13.03166],[80.17853,13.03192],[80.17803,13.03199],[80.17708,13.03221],[80.17692,13.0324],[80.17684,13.03262],[80.17755,13.03267],[80.17785,13.03281],[80.17799,13.03295],[80.17903,13.03554],[80.18001,13.0362],[80.18088,13.03648],[80.18198,13.03689],[80.18267,13.03729],[80.18377,13.0375],[80.18689,13.03777],[80.18784,13.0379],[80.18873,13.038],[80.18882,13.03639],[80.18893,13.03485],[80.18894,13.03465],[80.18905,13.03294],[80.18906,13.03232],[80.18881,13.03191],[80.18878,13.0312],[80.18854,13.02596],[80.18851,13.02468],[80.18888,13.02444],[80.19013,13.0242],[80.18988,13.02388],[80.18944,13.02308]]]}},{"type":"Feature","properties":{"ward_id":"7888505","name":"Ward 148"},"geometry":{"type":"Polygon","coordinates":[[[80.17811,13.05287],[80.17817,13.05406],[80.17829,13.05468],[80.1784,13.05504],[80.17836,13.05658],[80.17836,13.05841],[80.17851,13.05877],[80.17847,13.05896],[80.17839,13.05926],[80.1784,13.05966],[80.1785,13.05985],[80.17854,13.06207],[80.17862,13.06215],[80.17877,13.0623],[80.18046,13.06227],[80.18055,13.06112],[80.18199,13.06108],[80.18214,13.06124],[80.1827,13.06122],[80.18268,13.06071],[80.18248,13.05999],[80.18243,13.05923],[80.18248,13.05871],[80.18261,13.05828],[80.18566,13.05831],[80.18569,13.05873],[80.18743,13.05871],[80.18741,13.05792],[80.18844,13.05794],[80.1887,13.05805],[80.18965,13.05813],[80.18959,13.05659],[80.18968,13.05543],[80.18961,13.05528],[80.18952,13.0551],[80.18928,13.05498],[80.1885,13.05514],[80.18776,13.05518],[80.1869,13.05484],[80.1867,13.05447],[80.18654,13.05368],[80.18602,13.05252],[80.18583,13.05148],[80.18457,13.05162],[80.18355,13.05179],[80.18302,13.05181],[80.18263,13.05169],[80.18139,13.05168],[80.18137,13.05207],[80.18122,13.05221],[80.18075,13.05225],[80.18018,13.052],[80.17984,13.05188],[80.17967,13.05198],[80.17941,13.05185],[80.17857,13.05179],[80.17854,13.05285],[80.17811,13.05287]]]}},{"type":"Feature","properties":{"ward_id":"7888506","name":"Ward 149"},"geometry":{"type":"Polygon","coordinates":[[[80.1702,13.04296],[80.17038,13.04351],[80.17072,13.04432],[80.1708,13.04454],[80.17108,13.04471],[80.17126,13.04498],[80.17154,13.04566],[80.17177,13.04739],[80.17193,13.0479],[80.17197,13.04827],[80.17217,13.04856],[80.17233,13.04924],[80.17261,13.04965],[80.17294,13.0497],[80.17337,13.04949],[80.17382,13.04941],[80.1742,13.04958],[80.17436,13.05016],[80.17458,13.05125],[80.17474,13.0516],[80.17479,13.05297],[80.17532,13.05304],[80.17583,13.0531],[80.17693,13.05282],[80.17746,13.05276],[80.17791,13.05285],[80.17811,13.05287],[80.17854,13.05285],[80.17857,13.05179],[80.17941,13.05185],[80.17967,13.05198],[80.17984,13.05188],[80.18018,13.052],[80.18075,13.05225],[80.18122,13.05221],[80.18137,13.05207],[80.18139,13.05168],[80.18263,13.05169],[80.18302,13.05181],[80.18355,13.05179],[80.18457,13.05162],[80.18583,13.05148],[80.18579,13.05124],[80.18584,13.05007],[80.1861,13.048],[80.18635,13.0473],[80.18685,13.04669],[80.187,13.04556],[80.18602,13.04483],[80.18456,13.04414],[80.18374,13.04378],[80.18226,13.04313],[80.18171,13.04257],[80.18067,13.04224],[80.18023,13.04212],[80.17956,13.04196],[80.17888,13.0419],[80.17694,13.04194],[80.17518,13.04148],[80.17439,13.04124],[80.17417,13.04138],[80.17364,13.04208],[80.1733,13.04236],[80.17295,13.04237],[80.17204,13.04239],[80.1715,13.0424],[80.17127,13.04258],[80.17086,13.04277],[80.1702,13.04296]]]}},{"type":"Feature","properties":{"ward_id":"7888507","name":"Ward 152"},"geometry":{"type":"Polygon","coordinates":[[[80.1702,13.04296],[80.17086,13.04277],[80.17127,13.04258],[80.1715,13.0424],[80.17204,13.04239],[80.17295,13.04237],[80.1733,13.04236],[80.17364,13.04208],[80.17417,13.04138],[80.17439,13.04124],[80.17518,13.04148],[80.17694,13.04194],[80.17888,13.0419],[80.17956,13.04196],[80.18023,13.04212],[80.18067,13.04224],[80.18171,13.04257],[80.18226,13.04313],[80.18374,13.04378],[80.18456,13.04414],[80.18602,13.04483],[80.187,13.04556],[80.18711,13.04533],[80.18756,13.04469],[80.18777,13.04391],[80.18803,13.04271],[80.18849,13.04111],[80.18873,13.038],[80.18784,13.0379],[80.18689,13.03777],[80.18377,13.0375],[80.18267,13.03729],[80.18198,13.03689],[80.18088,13.03648],[80.18001,13.0362],[80.17903,13.03554],[80.17883,13.03582],[80.17863,13.03603],[80.17857,13.03604],[80.17818,13.03605],[80.1778,13.03619],[80.17695,13.03618],[80.17642,13.03612],[80.17621,13.03602],[80.17378,13.03602],[80.17373,13.03602],[80.17315,13.03602],[80.17273,13.03614],[80.172,13.03617],[80.17202,13.03653],[80.17211,13.03685],[80.17207,13.03703],[80.17191,13.03715],[80.17009,13.03743],[80.16985,13.03757],[80.16973,13.03779],[80.16963,13.03838],[80.16951,13.03907],[80.1697,13.0394],[80.16984,13.03961],[80.16967,13.04022],[80.1699,13.04144],[80.17014,13.04279],[80.1702,13.04296]]]}},{"type":"Feature","properties":{"ward_id":"7888508","name":"Ward 158"},"geometry":{"type":"Polygon","coordinates":[[[80.18203,13.00504],[80.18014,13.00643],[80.18109,13.009],[80.18158,13.01025],[80.18188,13.01168],[80.18206,13.01303],[80.18243,13.01661],[80.18245,13.01701],[80.18261,13.01744],[80.18314,13.01798],[80.18444,13.01854],[80.1849,13.01871],[80.1851,13.01881],[80.18559,13.01805],[80.18575,13.018],[80.18587,13.01827],[80.18621,13.0185],[80.18716,13.01899],[80.18736,13.01919],[80.18764,13.01964],[80.18876,13.02106],[80.18917,13.02198],[80.18941,13.02258],[80.18944,13.02308],[80.18988,13.02388],[80.19013,13.0242],[80.19052,13.02471],[80.19178,13.02596],[80.19396,13.02776],[80.19436,13.02742],[80.19452,13.02729],[80.19468,13.02705],[80.19476,13.02698],[80.1944,13.02414],[80.19383,13.01826],[80.19357,13.01608],[80.19375,13.01495],[80.19438,13.0138],[80.19436,13.01218],[80.19404,13.01071],[80.19371,13.0091],[80.19358,13.00876],[80.19341,13.00867],[80.19186,13.00906],[80.18961,13.0095],[80.18911,13.00955],[80.18863,13.00941],[80.18682,13.00818],[80.18657,13.00818],[80.1864,13.00832],[80.18603,13.00835],[80.18564,13.00809],[80.18539,13.00769],[80.18486,13.00749],[80.18363,13.007],[80.18249,13.00558],[80.18218,13.00519],[80.18203,13.00504]]]}},{"type":"Feature","properties":{"ward_id":"7888509","name":"Ward 131"},"geometry":{"type":"Polygon","coordinates":[[[80.20802,13.03545],[80.20833,13.0374],[80.20903,13.04157],[80.20911,13.04262],[80.20933,13.04479],[80.20934,13.04505],[80.20938,13.04641],[80.20905,13.04645],[80.20807,13.04612],[80.20606,13.04523],[80.20543,13.04431],[80.20498,13.04409],[80.20359,13.04403],[80.20367,13.04528],[80.20375,13.04776],[80.2033,13.04773],[80.20246,13.04753],[80.20184,13.04734],[80.1971,13.04736],[80.19715,13.04708],[80.19604,13.04577],[80.19642,13.04515],[80.19645,13.04396],[80.19852,13.04366],[80.19858,13.04365],[80.20251,13.04307],[80.20208,13.04062],[80.20208,13.04057],[80.20074,13.04076],[80.20044,13.03876],[80.20012,13.03659],[80.1978,13.03695],[80.19724,13.03455],[80.19789,13.03448],[80.198,13.03528],[80.20049,13.03529],[80.20064,13.03518],[80.20119,13.03511],[80.20123,13.03534],[80.20142,13.03642],[80.20802,13.03545]]]}},{"type":"Feature","properties":{"ward_id":"7888510","name":"Ward 137"},"geometry":{"type":"Polygon","coordinates":[[[80.19396,13.02776],[80.19178,13.02596],[80.19052,13.02471],[80.19013,13.0242],[80.18888,13.02444],[80.18851,13.02468],[80.18854,13.02596],[80.18878,13.0312],[80.18881,13.03191],[80.18906,13.03232],[80.18905,13.03294],[80.18894,13.03465],[80.19082,13.03413],[80.1921,13.034],[80.19317,13.03415],[80.19322,13.03448],[80.19338,13.03456],[80.19366,13.03465],[80.19382,13.03443],[80.19399,13.03448],[80.19438,13.03694],[80.19453,13.0374],[80.19422,13.03744],[80.19301,13.03761],[80.19286,13.03773],[80.19278,13.03799],[80.19306,13.03979],[80.19352,13.04268],[80.19355,13.04295],[80.19366,13.0436],[80.19368,13.04371],[80.19378,13.04427],[80.19356,13.04444],[80.19291,13.0445],[80.19262,13.04609],[80.19258,13.04659],[80.19415,13.04674],[80.19487,13.0473],[80.19524,13.04736],[80.1959,13.04741],[80.1971,13.04736],[80.19715,13.04708],[80.19604,13.04577],[80.19642,13.04515],[80.19645,13.04396],[80.19852,13.04366],[80.19858,13.04365],[80.20251,13.04307],[80.20208,13.04062],[80.20208,13.04057],[80.20074,13.04076],[80.20044,13.03876],[80.20012,13.03659],[80.1978,13.03695],[80.19724,13.03455],[80.19705,13.03262],[80.19693,13.03234],[80.19703,13.03206],[80.19701,13.03112],[80.19757,13.03098],[80.19776,13.03025],[80.19792,13.02887],[80.19749,13.02888],[80.19622,13.02873],[80.19498,13.02834],[80.19396,13.02776]]]}},{"type":"Feature","properties":{"ward_id":"7888511","name":"Ward 139"},"geometry":{"type":"Polygon","coordinates":[[[80.2111,13.02271],[80.21266,13.02282],[80.21443,13.02283],[80.21564,13.02274],[80.21639,13.02275],[80.2166,13.02344],[80.21656,13.02412],[80.21666,13.02426],[80.21665,13.02446],[80.21655,13.0247],[80.21649,13.02561],[80.21636,13.02597],[80.21647,13.02719],[80.21663,13.02737],[80.21681,13.02755],[80.21977,13.02754],[80.21991,13.02841],[80.21994,13.02876],[80.2201,13.0294],[80.21933,13.02944],[80.2171,13.02978],[80.21689,13.02977],[80.21695,13.03041],[80.21607,13.03037],[80.21467,13.03029],[80.21366,13.0305],[80.20941,13.03115],[80.20912,13.03019],[80.21087,13.02972],[80.21075,13.02911],[80.21048,13.02871],[80.2102,13.02862],[80.20919,13.02676],[80.20917,13.02618],[80.21003,13.02566],[80.2104,13.02523],[80.21078,13.02363],[80.2111,13.02271]]]}},{"type":"Feature","properties":{"ward_id":"7888512","name":"Ward 142"},"geometry":{"type":"Polygon","coordinates":[[[80.2111,13.02271],[80.21266,13.02282],[80.21443,13.02283],[80.21564,13.02274],[80.21639,13.02275],[80.2166,13.02344],[80.21656,13.02412],[80.21666,13.02426],[80.21665,13.02446],[80.21655,13.0247],[80.21649,13.02561],[80.21636,13.02597],[80.21647,13.02719],[80.21663,13.02737],[80.21681,13.02755],[80.21977,13.02754],[80.2198,13.02488],[80.22115,13.02494],[80.22297,13.02518],[80.22305,13.02519],[80.22314,13.0252],[80.22416,13.02529],[80.22444,13.02532],[80.22503,13.02529],[80.22601,13.02536],[80.22785,13.02519],[80.22871,13.02498],[80.22895,13.02482],[80.22871,13.02467],[80.22792,13.02411],[80.22628,13.02218],[80.22467,13.02004],[80.22434,13.01951],[80.2244,13.01911],[80.22459,13.01856],[80.225,13.01729],[80.22479,13.01661],[80.22443,13.01621],[80.22372,13.0159],[80.22311,13.01571],[80.21949,13.01633],[80.21909,13.01642],[80.21903,13.01667],[80.21924,13.01744],[80.21947,13.01868],[80.21968,13.01902],[80.21971,13.01936],[80.21952,13.01948],[80.21903,13.01954],[80.21771,13.01969],[80.21449,13.0206],[80.21344,13.02071],[80.21228,13.02021],[80.21195,13.02012],[80.21185,13.02027],[80.2116,13.02126],[80.2111,13.02271]]]}},{"type":"Feature","properties":{"ward_id":"7888513","name":"Ward 138"},"geometry":{"type":"Polygon","coordinates":[[[80.19792,13.02887],[80.19776,13.03025],[80.19757,13.03098],[80.19701,13.03112],[80.19703,13.03206],[80.19693,13.03234],[80.19705,13.03262],[80.19724,13.03455],[80.19789,13.03448],[80.198,13.03528],[80.20049,13.03529],[80.20064,13.03518],[80.20119,13.03511],[80.20123,13.03534],[80.20142,13.03642],[80.20802,13.03545],[80.20982,13.03517],[80.21,13.03497],[80.20982,13.03386],[80.20961,13.03223],[80.20941,13.03115],[80.20912,13.03019],[80.21087,13.02972],[80.21075,13.02911],[80.21048,13.02871],[80.2102,13.02862],[80.20919,13.02676],[80.20917,13.02618],[80.20778,13.02701],[80.20668,13.02736],[80.2005,13.02868],[80.20008,13.02874],[80.19928,13.02884],[80.19792,13.02887]]]}},{"type":"Feature","properties":{"ward_id":"7888798","name":"Ward 163"},"geometry":{"type":"Polygon","coordinates":[[[80.20497,12.98874],[80.20506,12.9891],[80.20586,12.99192],[80.2051,12.99203],[80.20481,12.9921],[80.20427,12.99213],[80.20384,12.992],[80.20346,12.992],[80.20342,12.99263],[80.20278,12.99267],[80.20278,12.99583],[80.20254,12.99577],[80.20209,12.99551],[80.20177,12.9952],[80.20076,12.99509],[80.20051,12.99509],[80.2004,12.99496],[80.20026,12.99427],[80.19984,12.99354],[80.19879,12.99202],[80.19845,12.99073],[80.19796,12.98896],[80.19759,12.98752],[80.19736,12.98611],[80.1971,12.98564],[80.19736,12.98563],[80.19748,12.98592],[80.19768,12.98685],[80.19773,12.98715],[80.198,12.98725],[80.19832,12.98709],[80.19846,12.98689],[80.19843,12.98652],[80.19831,12.9861],[80.1984,12.98598],[80.19865,12.98598],[80.1989,12.98618],[80.19905,12.98634],[80.19941,12.98641],[80.20102,12.98614],[80.20163,12.98591],[80.20188,12.98584],[80.20198,12.98597],[80.20226,12.98865],[80.20224,12.98918],[80.20224,12.9894],[80.20242,12.98945],[80.20497,12.98874]]]}},{"type":"Feature","properties":{"ward_id":"7888799","name":"Ward 165"},"geometry":{"type":"Polygon","coordinates":[[[80.19211,12.98232],[80.1932,12.9873],[80.1955,12.98596],[80.19661,12.98575],[80.1971,12.98564],[80.19736,12.98563],[80.19748,12.98592],[80.19768,12.98685],[80.19773,12.98715],[80.198,12.98725],[80.19832,12.98709],[80.19846,12.98689],[80.19843,12.98652],[80.19831,12.9861],[80.1984,12.98598],[80.19865,12.98598],[80.1989,12.98618],[80.19905,12.98634],[80.19941,12.98641],[80.20102,12.98614],[80.20163,12.98591],[80.20188,12.98584],[80.20198,12.98597],[80.20226,12.98865],[80.20224,12.98918],[80.20224,12.9894],[80.20242,12.98945],[80.20497,12.98874],[80.2049,12.98844],[80.20465,12.98828],[80.20433,12.98823],[80.20379,12.98831],[80.20363,12.98811],[80.20363,12.98769],[80.20372,12.9867],[80.20377,12.98559],[80.20353,12.98513],[80.20337,12.98441],[80.20342,12.98396],[80.20354,12.98379],[80.204,12.98371],[80.20453,12.98355],[80.20478,12.98318],[80.2047,12.98231],[80.20487,12.98186],[80.2052,12.98157],[80.20639,12.98142],[80.20668,12.98134],[80.2068,12.98113],[80.20681,12.98039],[80.2071,12.98031],[80.20747,12.98027],[80.20747,12.97994],[80.2074,12.97963],[80.20663,12.97854],[80.20647,12.97847],[80.20631,12.97853],[80.20602,12.9787],[80.20592,12.97869],[80.2058,12.97849],[80.20508,12.97653],[80.20483,12.97628],[80.20472,12.97628],[80.20468,12.97648],[80.20465,12.97674],[80.20454,12.97685],[80.20432,12.9769],[80.20352,12.97708],[80.20237,12.97731],[80.20221,12.97746],[80.20222,12.97759],[80.20227,12.9779],[80.20212,12.97816],[80.20183,12.97814],[80.2015,12.97831],[80.2014,12.9785],[80.20145,12.97872],[80.20138,12.97903],[80.20107,12.97921],[80.20049,12.97933],[80.20019,12.97947],[80.19979,12.97979],[80.19942,12.9798],[80.19904,12.9797],[80.19881,12.97973],[80.19823,12.97978],[80.19779,12.97983],[80.19746,12.98001],[80.1971,12.98011],[80.19661,12.9802],[80.19629,12.9804],[80.1958,12.98098],[80.19411,12.98194],[80.19345,12.98218],[80.19262,12.98228],[80.19211,12.98232]]]}},{"type":"Feature","properties":{"ward_id":"7888800","name":"Ward 164"},"geometry":{"type":"Polygon","coordinates":[[[80.1932,12.9873],[80.19306,12.98758],[80.19252,12.98771],[80.19138,12.98803],[80.19025,12.98837],[80.18976,12.98834],[80.18971,12.9881],[80.18979,12.98794],[80.1898,12.98747],[80.18958,12.98715],[80.18834,12.98706],[80.18818,12.98757],[80.18804,12.98768],[80.1871,12.98776],[80.18675,12.98786],[80.18556,12.98829],[80.18539,12.98851],[80.18544,12.98881],[80.18563,12.98943],[80.18568,12.98976],[80.18568,12.99006],[80.18551,12.99046],[80.18537,12.99079],[80.18545,12.99114],[80.1855,12.99177],[80.18563,12.99231],[80.18584,12.99272],[80.186,12.99348],[80.18609,12.99409],[80.18596,12.99404],[80.18565,12.99362],[80.18554,12.99294],[80.18505,12.99133],[80.18506,12.99062],[80.18526,12.98997],[80.18532,12.98958],[80.1851,12.98938],[80.18454,12.98892],[80.18429,12.98861],[80.18342,12.98821],[80.18121,12.98732],[80.18129,12.98707],[80.18139,12.98691],[80.18144,12.98673],[80.18122,12.98644],[80.18075,12.9858],[80.18081,12.98569],[80.18102,12.98559],[80.18113,12.98579],[80.18149,12.9863],[80.18168,12.98632],[80.18221,12.98624],[80.18464,12.98625],[80.1846,12.98558],[80.18428,12.98382],[80.18425,12.98348],[80.18399,12.98342],[80.18347,12.98354],[80.18283,12.9836],[80.18275,12.98352],[80.18273,12.98314],[80.18302,12.98242],[80.18304,12.98234],[80.18321,12.98169],[80.18347,12.98146],[80.18388,12.98134],[80.18504,12.98127],[80.18543,12.9813],[80.18565,12.98151],[80.18575,12.98201],[80.1857,12.98247],[80.18582,12.98295],[80.18595,12.98484],[80.18586,12.98583],[80.18586,12.98615],[80.18599,12.98626],[80.18634,12.98636],[80.18657,12.98636],[80.18667,12.98614],[80.18664,12.98556],[80.18676,12.98544],[80.18704,12.9855],[80.18753,12.98555],[80.18855,12.98556],[80.18854,12.98294],[80.18837,12.9821],[80.18838,12.98129],[80.1883,12.98113],[80.18827,12.98095],[80.18845,12.98084],[80.18974,12.98071],[80.18969,12.98089],[80.1898,12.98151],[80.18999,12.98182],[80.19068,12.98196],[80.19102,12.98208],[80.19129,12.98227],[80.19173,12.98236],[80.19211,12.98232],[80.1932,12.9873]]]}},{"type":"Feature","properties":{"ward_id":"7888801","name":"Ward 162"},"geometry":{"type":"Polygon","coordinates":[[[80.19845,12.99073],[80.19796,12.98896],[80.19759,12.98752],[80.19736,12.98611],[80.1971,12.98564],[80.19661,12.98575],[80.1955,12.98596],[80.1932,12.9873],[80.19306,12.98758],[80.19252,12.98771],[80.19138,12.98803],[80.19025,12.98837],[80.18976,12.98834],[80.18971,12.9881],[80.18979,12.98794],[80.1898,12.98747],[80.18958,12.98715],[80.18834,12.98706],[80.18818,12.98757],[80.18804,12.98768],[80.1871,12.98776],[80.18675,12.98786],[80.18556,12.98829],[80.18539,12.98851],[80.18544,12.98881],[80.18563,12.98943],[80.18568,12.98976],[80.18568,12.99006],[80.18551,12.99046],[80.18537,12.99079],[80.18545,12.99114],[80.1855,12.99177],[80.18563,12.99231],[80.18584,12.99272],[80.186,12.99348],[80.18609,12.99409],[80.18674,12.9943],[80.1892,12.99565],[80.19093,12.99617],[80.19354,12.99675],[80.19727,12.99717],[80.19868,12.99716],[80.19841,12.99596],[80.19836,12.99569],[80.19847,12.99536],[80.19849,12.995],[80.19831,12.99478],[80.19709,12.99441],[80.19696,12.99423],[80.1969,12.99274],[80.19686,12.99203],[80.19679,12.99143],[80.19674,12.99118],[80.19677,12.99105],[80.19706,12.99094],[80.19797,12.99086],[80.19845,12.99073]]]}},{"type":"Feature","properties":{"ward_id":"7888802","name":"Ward 166"},"geometry":{"type":"Polygon","coordinates":[[[80.18196,12.96801],[80.18169,12.96815],[80.17645,12.97108],[80.17684,12.97246],[80.17638,12.97551],[80.1763,12.97775],[80.17552,12.9786],[80.17546,12.97948],[80.17514,12.97968],[80.17425,12.97993],[80.17368,12.97999],[80.17425,12.98222],[80.17451,12.98234],[80.17511,12.98222],[80.17623,12.98223],[80.17653,12.98244],[80.17687,12.98346],[80.17727,12.98557],[80.1775,12.98632],[80.17756,12.98643],[80.17799,12.98719],[80.17863,12.98867],[80.17888,12.98804],[80.17922,12.9875],[80.17961,12.98742],[80.18121,12.98732],[80.18129,12.98707],[80.18139,12.98691],[80.18144,12.98673],[80.18122,12.98644],[80.18075,12.9858],[80.18081,12.98569],[80.18102,12.98559],[80.18113,12.98579],[80.18149,12.9863],[80.18168,12.98632],[80.18221,12.98624],[80.18464,12.98625],[80.1846,12.98558],[80.18428,12.98382],[80.18425,12.98348],[80.18399,12.98342],[80.18347,12.98354],[80.18283,12.9836],[80.18275,12.98352],[80.18273,12.98314],[80.18302,12.98242],[80.18304,12.98234],[80.18173,12.98242],[80.18136,12.98267],[80.18089,12.98278],[80.17986,12.9828],[80.1793,12.98301],[80.17914,12.98299],[80.17868,12.98222],[80.1787,12.98201],[80.17937,12.98146],[80.18033,12.98053],[80.18074,12.97974],[80.181,12.97896],[80.18136,12.97783],[80.18161,12.97698],[80.18183,12.97624],[80.18295,12.97507],[80.18297,12.97487],[80.18305,12.97466],[80.1833,12.97417],[80.18356,12.97378],[80.18356,12.97349],[80.18332,12.97278],[80.18333,12.97272],[80.18281,12.96995],[80.1827,12.96948],[80.18256,12.96942],[80.18233,12.96952],[80.1821,12.96969],[80.18198,12.96967],[80.18194,12.9695],[80.1821,12.9694],[80.18212,12.96928],[80.18198,12.96885],[80.18196,12.96801]]]}},{"type":"Feature","properties":{"ward_id":"7888803","name":"Ward 160"},"geometry":{"type":"Polygon","coordinates":[[[80.20758,12.99901],[80.20791,13.00051],[80.20831,13.00138],[80.2098,13.0044],[80.21175,13.00728],[80.21353,13.00886],[80.2152,13.01007],[80.21465,13.01008],[80.21022,13.00835],[80.20809,13.00776],[80.20449,13.00707],[80.20404,13.00707],[80.20404,13.00642],[80.20378,13.00624],[80.2023,13.00557],[80.20212,13.0054],[80.20221,13.00467],[80.20244,13.00465],[80.20252,13.00351],[80.20288,13.00351],[80.20303,13.0034],[80.20297,13.00314],[80.20279,13.00299],[80.20206,13.00291],[80.20208,13.00098],[80.20171,13.00094],[80.20166,13.00041],[80.2011,13.00032],[80.201,12.99966],[80.20099,12.99932],[80.20097,12.99866],[80.20106,12.99843],[80.20127,12.99843],[80.20167,12.99858],[80.20222,12.99907],[80.20297,12.99985],[80.20332,13.00027],[80.20441,13.00117],[80.20542,13.00169],[80.20645,13.00263],[80.20664,13.00268],[80.20689,13.00258],[80.20713,13.00224],[80.20716,13.00205],[80.20697,13.00164],[80.20632,13.00011],[80.20634,12.99984],[80.20656,12.99948],[80.20699,12.99925],[80.20758,12.99901]]]}},{"type":"Feature","properties":{"ward_id":"7888804","name":"Ward 161"},"geometry":{"type":"Polygon","coordinates":[[[80.20586,12.99192],[80.2051,12.99203],[80.20481,12.9921],[80.20427,12.99213],[80.20384,12.992],[80.20346,12.992],[80.20342,12.99263],[80.20278,12.99267],[80.20278,12.99583],[80.20254,12.99577],[80.20209,12.99551],[80.20177,12.9952],[80.20076,12.99509],[80.20051,12.99509],[80.2004,12.99496],[80.20026,12.99427],[80.19984,12.99354],[80.19879,12.99202],[80.19845,12.99073],[80.19797,12.99086],[80.19706,12.99094],[80.19677,12.99105],[80.19674,12.99118],[80.19679,12.99143],[80.19686,12.99203],[80.1969,12.99274],[80.19696,12.99423],[80.19709,12.99441],[80.19831,12.99478],[80.19849,12.995],[80.19847,12.99536],[80.19836,12.99569],[80.19841,12.99596],[80.19868,12.99716],[80.19871,12.9985],[80.19944,12.99868],[80.19996,12.9987],[80.20054,12.99859],[80.2007,12.99861],[80.20078,12.99883],[80.20068,12.99898],[80.20056,13.00012],[80.20063,13.00028],[80.20097,13.0003],[80.2011,13.00032],[80.201,12.99966],[80.20099,12.99932],[80.20097,12.99866],[80.20106,12.99843],[80.20127,12.99843],[80.20167,12.99858],[80.20222,12.99907],[80.20297,12.99985],[80.20332,13.00027],[80.20441,13.00117],[80.20542,13.00169],[80.20645,13.00263],[80.20664,13.00268],[80.20689,13.00258],[80.20713,13.00224],[80.20716,13.00205],[80.20697,13.00164],[80.20632,13.00011],[80.20634,12.99984],[80.20656,12.99948],[80.20699,12.99925],[80.20758,12.99901],[80.20708,12.99676],[80.20653,12.99427],[80.20586,12.99192]]]}},{"type":"Feature","properties":{"ward_id":"7888807","name":"Mugalivakkam"},"geometry":{"type":"Polygon","coordinates":[[[80.14528,13.02457],[80.14593,13.02484],[80.14651,13.02493],[80.14669,13.02482],[80.14705,13.02447],[80.14772,13.02436],[80.14825,13.02441],[80.14916,13.0252],[80.14955,13.02547],[80.14984,13.02554],[80.15033,13.02534],[80.15076,13.02525],[80.15111,13.02532],[80.15138,13.02572],[80.15166,13.02584],[80.15198,13.02577],[80.15396,13.02511],[80.15463,13.02503],[80.15523,13.02508],[80.15585,13.02506],[80.15661,13.02477],[80.15759,13.02449],[80.15799,13.02442],[80.15826,13.02444],[80.15868,13.02438],[80.15902,13.02436],[80.15933,13.02443],[80.15955,13.02454],[80.15971,13.02457],[80.15984,13.02441],[80.15982,13.0241],[80.15983,13.02362],[80.16007,13.02334],[80.1607,13.02316],[80.16137,13.0231],[80.16183,13.0231],[80.16219,13.02315],[80.16247,13.02353],[80.16262,13.02411],[80.16262,13.02449],[80.16287,13.02461],[80.16327,13.02454],[80.1642,13.02459],[80.16476,13.02439],[80.16523,13.02433],[80.1654,13.02422],[80.16543,13.02397],[80.16534,13.02339],[80.1653,13.02301],[80.16553,13.02252],[80.16567,13.02216],[80.16551,13.022],[80.16551,13.02173],[80.16587,13.0216],[80.16623,13.02154],[80.16638,13.02176],[80.16655,13.02246],[80.16684,13.023],[80.16726,13.02345],[80.1675,13.02385],[80.1675,13.02437],[80.16751,13.02506],[80.16753,13.02531],[80.16773,13.02544],[80.16831,13.02524],[80.16858,13.02522],[80.16916,13.02518],[80.17038,13.02481],[80.17068,13.02478],[80.17176,13.02468],[80.17334,13.0246],[80.17423,13.02492],[80.17474,13.02493],[80.17503,13.02486],[80.17537,13.02444],[80.17575,13.02399],[80.17638,13.02375],[80.17682,13.02357],[80.17709,13.02386],[80.17677,13.02313],[80.17591,13.01989],[80.17568,13.01916],[80.17534,13.01884],[80.17507,13.01849],[80.17457,13.01768],[80.17452,13.01743],[80.17421,13.01737],[80.17395,13.0171],[80.17359,13.01689],[80.17314,13.01677],[80.17246,13.01665],[80.17243,13.01597],[80.17235,13.01579],[80.17207,13.01581],[80.17116,13.01601],[80.17017,13.01614],[80.16959,13.01591],[80.16887,13.01564],[80.1688,13.01541],[80.16865,13.01533],[80.16825,13.01544],[80.16798,13.01539],[80.16791,13.01519],[80.16772,13.01496],[80.16742,13.01491],[80.1671,13.015],[80.16679,13.01513],[80.16666,13.01528],[80.16649,13.01538],[80.16501,13.01529],[80.16488,13.01516],[80.16469,13.01491],[80.16433,13.01487],[80.16414,13.0149],[80.1639,13.01507],[80.16354,13.01503],[80.16339,13.0149],[80.16322,13.01454],[80.16309,13.01429],[80.16281,13.0141],[80.16243,13.01413],[80.16226,13.01423],[80.16214,13.01442],[80.16205,13.01453],[80.16186,13.01453],[80.16174,13.01447],[80.16157,13.01422],[80.16115,13.01467],[80.16008,13.01462],[80.15969,13.01504],[80.15933,13.01514],[80.15876,13.01503],[80.15825,13.01436],[80.15788,13.01371],[80.15654,13.01314],[80.15587,13.01317],[80.15575,13.01319],[80.15509,13.01329],[80.15489,13.01333],[80.15469,13.01356],[80.15444,13.01376],[80.15424,13.01392],[80.15398,13.01419],[80.15349,13.01443],[80.15322,13.01494],[80.15322,13.01496],[80.15301,13.01514],[80.1529,13.01549],[80.1528,13.01582],[80.15269,13.01609],[80.15172,13.01661],[80.15153,13.01699],[80.15021,13.01739],[80.14931,13.01752],[80.149,13.01743],[80.14877,13.01694],[80.14797,13.01694],[80.14764,13.01707],[80.14754,13.01731],[80.14748,13.01843],[80.14738,13.02085],[80.1464,13.02131],[80.14516,13.02139],[80.14486,13.02152],[80.14487,13.02186],[80.14503,13.02306],[80.14544,13.02368],[80.14546,13.02409],[80.14528,13.02457]]]}},{"type":"Feature","properties":{"ward_id":"7888808","name":"Ward 157"},"geometry":{"type":"Polygon","coordinates":[[[80.16365,13.00394],[80.16356,13.00606],[80.16342,13.00632],[80.15906,13.00679],[80.15895,13.00748],[80.15944,13.01063],[80.16032,13.01063],[80.16036,13.01156],[80.16142,13.0116],[80.16117,13.01291],[80.16157,13.01422],[80.16174,13.01447],[80.16186,13.01453],[80.16205,13.01453],[80.16214,13.01442],[80.16226,13.01423],[80.16243,13.01413],[80.16281,13.0141],[80.16309,13.01429],[80.16322,13.01454],[80.16339,13.0149],[80.16354,13.01503],[80.1639,13.01507],[80.16414,13.0149],[80.16433,13.01487],[80.16469,13.01491],[80.16488,13.01516],[80.16501,13.01529],[80.16649,13.01538],[80.16666,13.01528],[80.16679,13.01513],[80.1671,13.015],[80.16742,13.01491],[80.16772,13.01496],[80.16791,13.01519],[80.16798,13.01539],[80.16825,13.01544],[80.16865,13.01533],[80.1688,13.01541],[80.16887,13.01564],[80.16959,13.01591],[80.17017,13.01614],[80.17116,13.01601],[80.17207,13.01581],[80.17235,13.01579],[80.17243,13.01597],[80.17246,13.01665],[80.17314,13.01677],[80.17359,13.01689],[80.17395,13.0171],[80.17421,13.01737],[80.17452,13.01743],[80.17457,13.01768],[80.17507,13.01849],[80.17534,13.01884],[80.17568,13.01916],[80.17591,13.01989],[80.17677,13.02313],[80.17709,13.02386],[80.17728,13.02427],[80.17746,13.02443],[80.17775,13.02436],[80.1782,13.02421],[80.17909,13.02432],[80.17957,13.02433],[80.18017,13.02447],[80.18066,13.02454],[80.18151,13.02441],[80.18267,13.02399],[80.18291,13.02393],[80.18319,13.02413],[80.18335,13.02436],[80.18376,13.02472],[80.18399,13.0248],[80.1843,13.02471],[80.18466,13.02429],[80.18498,13.0239],[80.1852,13.02387],[80.18538,13.02406],[80.18549,13.02426],[80.18565,13.02429],[80.18578,13.02414],[80.18586,13.02366],[80.18613,13.02311],[80.18653,13.02291],[80.18701,13.02282],[80.18758,13.02237],[80.18786,13.02219],[80.1883,13.02232],[80.18887,13.02257],[80.18944,13.02308],[80.18941,13.02258],[80.18917,13.02198],[80.18876,13.02106],[80.18764,13.01964],[80.18736,13.01919],[80.18716,13.01899],[80.18621,13.0185],[80.18587,13.01827],[80.18575,13.018],[80.18559,13.01805],[80.1851,13.01881],[80.1849,13.01871],[80.18444,13.01854],[80.18314,13.01798],[80.18261,13.01744],[80.18245,13.01701],[80.18243,13.01661],[80.18206,13.01303],[80.18188,13.01168],[80.18158,13.01025],[80.18109,13.009],[80.18014,13.00643],[80.18203,13.00504],[80.18104,13.00405],[80.18065,13.00382],[80.17749,13.00097],[80.17569,13.0016],[80.17427,13.00172],[80.17237,13.0018],[80.17066,13.00194],[80.17021,13.00207],[80.16989,13.00224],[80.16914,13.00313],[80.16835,13.00437],[80.1678,13.00503],[80.1674,13.00533],[80.1667,13.00563],[80.16617,13.00563],[80.16566,13.00547],[80.16495,13.00504],[80.16365,13.00394]]]}},{"type":"Feature","properties":{"ward_id":"7888809","name":"Ward 154"},"geometry":{"type":"Polygon","coordinates":[[[80.18319,13.02413],[80.18291,13.02393],[80.18267,13.02399],[80.18151,13.02441],[80.18066,13.02454],[80.18017,13.02447],[80.17957,13.02433],[80.17909,13.02432],[80.1782,13.02421],[80.17775,13.02436],[80.17746,13.02443],[80.17728,13.02427],[80.17709,13.02386],[80.17682,13.02357],[80.17638,13.02375],[80.17575,13.02399],[80.17537,13.02444],[80.17503,13.02486],[80.17474,13.02493],[80.17423,13.02492],[80.17334,13.0246],[80.17176,13.02468],[80.17068,13.02478],[80.17112,13.02673],[80.17176,13.02935],[80.17224,13.03097],[80.17265,13.03178],[80.17296,13.03231],[80.17303,13.03268],[80.17286,13.03282],[80.17254,13.03302],[80.17252,13.03522],[80.17284,13.03517],[80.17306,13.03505],[80.17333,13.03508],[80.1736,13.0355],[80.17373,13.03602],[80.17378,13.03602],[80.17621,13.03602],[80.17642,13.03612],[80.17695,13.03618],[80.1778,13.03619],[80.17818,13.03605],[80.17857,13.03604],[80.17863,13.03603],[80.17883,13.03582],[80.17903,13.03554],[80.17799,13.03295],[80.17785,13.03281],[80.17755,13.03267],[80.17684,13.03262],[80.17692,13.0324],[80.17708,13.03221],[80.17803,13.03199],[80.17853,13.03192],[80.17855,13.03166],[80.17803,13.02975],[80.17809,13.0279],[80.17969,13.02693],[80.18293,13.02691],[80.18291,13.02457],[80.18319,13.02413]]]}},{"type":"Feature","properties":{"ward_id":"7888810","name":"Ward 150"},"geometry":{"type":"Polygon","coordinates":[[[80.156,13.03472],[80.1557,13.03431],[80.15504,13.03442],[80.15331,13.03449],[80.1509,13.03429],[80.14791,13.03392],[80.14721,13.03393],[80.14655,13.03364],[80.14619,13.034],[80.1462,13.03443],[80.1465,13.0362],[80.14651,13.03963],[80.14651,13.0397],[80.14651,13.04126],[80.14864,13.0413],[80.14967,13.04085],[80.14963,13.03988],[80.1503,13.03974],[80.15062,13.04102],[80.15853,13.0411],[80.16075,13.04107],[80.16083,13.04009],[80.161,13.03953],[80.16095,13.03866],[80.1609,13.03773],[80.16017,13.0376],[80.15922,13.03736],[80.1579,13.03682],[80.15749,13.03654],[80.1573,13.03639],[80.15677,13.03577],[80.15635,13.03519],[80.156,13.03472]]]}},{"type":"Feature","properties":{"ward_id":"7888811","name":"Ward 147"},"geometry":{"type":"Polygon","coordinates":[[[80.16951,13.03907],[80.1697,13.0394],[80.16984,13.03961],[80.16967,13.04022],[80.1699,13.04144],[80.17014,13.04279],[80.1702,13.04296],[80.17038,13.04351],[80.17072,13.04432],[80.1708,13.04454],[80.17108,13.04471],[80.17126,13.04498],[80.17154,13.04566],[80.17177,13.04739],[80.17193,13.0479],[80.17197,13.04827],[80.17217,13.04856],[80.17233,13.04924],[80.17261,13.04965],[80.17294,13.0497],[80.17337,13.04949],[80.17382,13.04941],[80.1742,13.04958],[80.17436,13.05016],[80.17458,13.05125],[80.17474,13.0516],[80.17479,13.05297],[80.17532,13.05304],[80.17583,13.0531],[80.17693,13.05282],[80.17746,13.05276],[80.17791,13.05285],[80.17811,13.05287],[80.17817,13.05406],[80.17829,13.05468],[80.1784,13.05504],[80.17836,13.05658],[80.17647,13.05658],[80.17618,13.05645],[80.17427,13.05653],[80.1742,13.05751],[80.17287,13.05754],[80.17287,13.05958],[80.17354,13.05968],[80.17433,13.0598],[80.17437,13.06032],[80.17455,13.06091],[80.17488,13.06227],[80.17506,13.06339],[80.17489,13.06378],[80.17475,13.06433],[80.17468,13.06515],[80.1733,13.0653],[80.17294,13.06535],[80.17195,13.0646],[80.17086,13.06413],[80.16888,13.06413],[80.16821,13.06397],[80.16751,13.06339],[80.16624,13.06235],[80.16568,13.06184],[80.16497,13.06143],[80.16389,13.06128],[80.16387,13.06084],[80.16393,13.06036],[80.16414,13.06007],[80.16468,13.05989],[80.16574,13.05977],[80.16608,13.05944],[80.16636,13.05879],[80.16636,13.05619],[80.16651,13.05454],[80.16649,13.05308],[80.16649,13.05249],[80.16646,13.04958],[80.16595,13.04898],[80.16533,13.04799],[80.16509,13.04678],[80.165,13.04578],[80.16484,13.045],[80.16471,13.04373],[80.16444,13.04337],[80.16375,13.04274],[80.16355,13.04213],[80.16336,13.04061],[80.16329,13.03995],[80.16314,13.0398],[80.16346,13.03809],[80.16405,13.03819],[80.16554,13.03822],[80.16736,13.03853],[80.16877,13.03881],[80.16951,13.03907]]]}},{"type":"Feature","properties":{"ward_id":"7888812","name":"Ward 152"},"geometry":{"type":"Polygon","coordinates":[[[80.17373,13.03602],[80.1736,13.0355],[80.17333,13.03508],[80.17306,13.03505],[80.17284,13.03517],[80.17252,13.03522],[80.17254,13.03302],[80.17286,13.03282],[80.17303,13.03268],[80.17296,13.03231],[80.17265,13.03178],[80.17224,13.03097],[80.17176,13.02935],[80.17112,13.02673],[80.17068,13.02478],[80.17038,13.02481],[80.16916,13.02518],[80.16858,13.02522],[80.16831,13.02524],[80.16773,13.02544],[80.16753,13.02531],[80.16751,13.02506],[80.1675,13.02437],[80.1659,13.02521],[80.16555,13.02536],[80.16558,13.0258],[80.16567,13.02652],[80.16575,13.02821],[80.16581,13.03001],[80.1659,13.0309],[80.16592,13.0312],[80.16565,13.0314],[80.16526,13.03171],[80.16439,13.03217],[80.16247,13.03318],[80.16042,13.03431],[80.16013,13.03431],[80.15971,13.0344],[80.15902,13.03445],[80.15804,13.03427],[80.15688,13.03426],[80.156,13.03472],[80.15635,13.03519],[80.15677,13.03577],[80.1573,13.03639],[80.15749,13.03654],[80.1579,13.03682],[80.15922,13.03736],[80.16017,13.0376],[80.1609,13.03773],[80.16095,13.03866],[80.16123,13.03869],[80.16154,13.0388],[80.16297,13.03878],[80.16307,13.03837],[80.16309,13.03809],[80.16321,13.03805],[80.16346,13.03809],[80.16405,13.03819],[80.16554,13.03822],[80.16736,13.03853],[80.16877,13.03881],[80.16951,13.03907],[80.16963,13.03838],[80.16973,13.03779],[80.16985,13.03757],[80.17009,13.03743],[80.17191,13.03715],[80.17207,13.03703],[80.17211,13.03685],[80.17202,13.03653],[80.172,13.03617],[80.17273,13.03614],[80.17315,13.03602],[80.17373,13.03602]]]}},{"type":"Feature","properties":{"ward_id":"7888813","name":"Ward 146"},"geometry":{"type":"Polygon","coordinates":[[[80.16821,13.06397],[80.16751,13.06339],[80.16624,13.06235],[80.16568,13.06184],[80.16497,13.06143],[80.16389,13.06128],[80.16387,13.06084],[80.16393,13.06036],[80.16414,13.06007],[80.16468,13.05989],[80.16574,13.05977],[80.16608,13.05944],[80.16636,13.05879],[80.16636,13.05619],[80.16651,13.05454],[80.16649,13.05308],[80.16649,13.05249],[80.16646,13.04958],[80.16595,13.04898],[80.16533,13.04799],[80.16509,13.04678],[80.165,13.04578],[80.16484,13.045],[80.16471,13.04373],[80.16444,13.04337],[80.16375,13.04274],[80.16355,13.04213],[80.16336,13.04061],[80.16329,13.03995],[80.16314,13.0398],[80.16346,13.03809],[80.16321,13.03805],[80.16309,13.03809],[80.16307,13.03837],[80.16297,13.03878],[80.16154,13.0388],[80.16123,13.03869],[80.16095,13.03866],[80.161,13.03953],[80.16083,13.04009],[80.16075,13.04107],[80.16094,13.04107],[80.16135,13.04277],[80.16131,13.04559],[80.1616,13.04607],[80.16217,13.04629],[80.16244,13.04661],[80.16261,13.0475],[80.16242,13.04869],[80.16206,13.0502],[80.1615,13.05069],[80.16152,13.05582],[80.16169,13.06041],[80.16176,13.06123],[80.16174,13.06296],[80.16189,13.06353],[80.16281,13.06384],[80.1657,13.06514],[80.16777,13.06582],[80.16821,13.06397]]]}},{"type":"Feature","properties":{"ward_id":"7888814","name":"Ward 144"},"geometry":{"type":"Polygon","coordinates":[[[80.17836,13.05658],[80.17647,13.05658],[80.17618,13.05645],[80.17427,13.05653],[80.1742,13.05751],[80.17287,13.05754],[80.17287,13.05958],[80.17354,13.05968],[80.17433,13.0598],[80.17437,13.06032],[80.17455,13.06091],[80.17488,13.06227],[80.17506,13.06339],[80.17489,13.06378],[80.17475,13.06433],[80.17468,13.06515],[80.1733,13.0653],[80.17294,13.06535],[80.17195,13.0646],[80.17086,13.06413],[80.16888,13.06413],[80.16821,13.06397],[80.16777,13.06582],[80.16928,13.06604],[80.17206,13.06636],[80.17343,13.06719],[80.17383,13.06787],[80.17428,13.06861],[80.17469,13.07034],[80.17569,13.07115],[80.1766,13.07167],[80.17745,13.07201],[80.17983,13.07235],[80.18143,13.07266],[80.18134,13.07205],[80.18128,13.07102],[80.18113,13.07025],[80.18075,13.0698],[80.18058,13.06937],[80.1806,13.06906],[80.18039,13.06839],[80.18019,13.06753],[80.17993,13.06704],[80.17973,13.06645],[80.17972,13.06582],[80.17983,13.0654],[80.17977,13.06497],[80.17967,13.06414],[80.17956,13.0636],[80.17929,13.06353],[80.17885,13.06333],[80.17876,13.06322],[80.17865,13.06288],[80.17862,13.06215],[80.17854,13.06207],[80.1785,13.05985],[80.1784,13.05966],[80.17839,13.05926],[80.17847,13.05896],[80.17851,13.05877],[80.17836,13.05841],[80.17836,13.05658]]]}},{"type":"Feature","properties":{"ward_id":"7888843","name":"Ward 167"},"geometry":{"type":"Polygon","coordinates":[[[80.19117,12.96857],[80.19369,12.96804],[80.19383,12.96815],[80.1939,12.96849],[80.19395,12.96921],[80.19386,12.96926],[80.19356,12.96941],[80.19228,12.96954],[80.19197,12.9698],[80.19049,12.97009],[80.18926,12.97067],[80.18914,12.97096],[80.18945,12.97327],[80.18956,12.9737],[80.18965,12.97377],[80.19005,12.97396],[80.19064,12.97436],[80.19076,12.97453],[80.19057,12.97494],[80.19053,12.97518],[80.19046,12.97557],[80.19051,12.976],[80.19059,12.97681],[80.19069,12.9771],[80.19058,12.97728],[80.19023,12.97745],[80.18997,12.97766],[80.1899,12.97798],[80.18985,12.98022],[80.18979,12.98055],[80.18974,12.98071],[80.18845,12.98084],[80.18827,12.98095],[80.1883,12.98113],[80.18838,12.98129],[80.18837,12.9821],[80.18854,12.98294],[80.18855,12.98556],[80.18753,12.98555],[80.18704,12.9855],[80.18676,12.98544],[80.18664,12.98556],[80.18667,12.98614],[80.18657,12.98636],[80.18634,12.98636],[80.18599,12.98626],[80.18586,12.98615],[80.18586,12.98583],[80.18595,12.98484],[80.18582,12.98295],[80.1857,12.98247],[80.18575,12.98201],[80.18565,12.98151],[80.18543,12.9813],[80.18504,12.98127],[80.18388,12.98134],[80.18347,12.98146],[80.18321,12.98169],[80.18304,12.98234],[80.18173,12.98242],[80.18136,12.98267],[80.18089,12.98278],[80.17986,12.9828],[80.1793,12.98301],[80.17914,12.98299],[80.17868,12.98222],[80.1787,12.98201],[80.17937,12.98146],[80.18033,12.98053],[80.18074,12.97974],[80.181,12.97896],[80.18136,12.97783],[80.18161,12.97698],[80.18183,12.97624],[80.18295,12.97507],[80.18297,12.97487],[80.18305,12.97466],[80.1833,12.97417],[80.18356,12.97378],[80.18356,12.97349],[80.18332,12.97278],[80.18333,12.97272],[80.18281,12.96995],[80.1827,12.96948],[80.18256,12.96942],[80.18233,12.96952],[80.1821,12.96969],[80.18198,12.96967],[80.18194,12.9695],[80.1821,12.9694],[80.18212,12.96928],[80.18198,12.96885],[80.18196,12.96801],[80.18309,12.96828],[80.18444,12.96896],[80.1857,12.96915],[80.18605,12.96948],[80.18622,12.96952],[80.18733,12.96952],[80.18772,12.96963],[80.18844,12.96959],[80.18876,12.96956],[80.18982,12.96921],[80.19117,12.96857]]]}},{"type":"Feature","properties":{"ward_id":"7888844","name":"Ward 159"},"geometry":{"type":"Polygon","coordinates":[[[80.17368,12.97999],[80.17272,12.97979],[80.1654,12.98117],[80.16625,12.98401],[80.16455,12.98838],[80.16051,12.99876],[80.16274,13.00266],[80.16365,13.00394],[80.16495,13.00504],[80.16566,13.00547],[80.16617,13.00563],[80.1667,13.00563],[80.1674,13.00533],[80.1678,13.00503],[80.16835,13.00437],[80.16914,13.00313],[80.16989,13.00224],[80.17021,13.00207],[80.17066,13.00194],[80.17237,13.0018],[80.17427,13.00172],[80.17569,13.0016],[80.17749,13.00097],[80.17625,12.99964],[80.17747,12.99532],[80.17575,12.9933],[80.1743,12.99137],[80.17735,12.98927],[80.17794,12.98899],[80.17836,12.98902],[80.17853,12.98891],[80.17863,12.98867],[80.17799,12.98719],[80.17756,12.98643],[80.1775,12.98632],[80.17727,12.98557],[80.17687,12.98346],[80.17653,12.98244],[80.17623,12.98223],[80.17511,12.98222],[80.17451,12.98234],[80.17425,12.98222],[80.17368,12.97999]]]}},{"type":"Feature","properties":{"ward_id":"7888845","name":"Ward 153"},"geometry":{"type":"Polygon","coordinates":[[[80.14528,13.02457],[80.14593,13.02484],[80.14651,13.02493],[80.14669,13.02482],[80.14705,13.02447],[80.14772,13.02436],[80.14825,13.02441],[80.14916,13.0252],[80.14955,13.02547],[80.14984,13.02554],[80.15033,13.02534],[80.15076,13.02525],[80.15111,13.02532],[80.15138,13.02572],[80.15166,13.02584],[80.15198,13.02577],[80.15396,13.02511],[80.15463,13.02503],[80.15523,13.02508],[80.15585,13.02506],[80.15661,13.02477],[80.15759,13.02449],[80.15799,13.02442],[80.15826,13.02444],[80.15868,13.02438],[80.15902,13.02436],[80.15933,13.02443],[80.15955,13.02454],[80.15971,13.02457],[80.15984,13.02441],[80.15982,13.0241],[80.15983,13.02362],[80.16007,13.02334],[80.1607,13.02316],[80.16137,13.0231],[80.16183,13.0231],[80.16219,13.02315],[80.16247,13.02353],[80.16262,13.02411],[80.16262,13.02449],[80.16287,13.02461],[80.16327,13.02454],[80.1642,13.02459],[80.16476,13.02439],[80.16523,13.02433],[80.1654,13.02422],[80.16543,13.02397],[80.16534,13.02339],[80.1653,13.02301],[80.16553,13.02252],[80.16567,13.02216],[80.16551,13.022],[80.16551,13.02173],[80.16587,13.0216],[80.16623,13.02154],[80.16638,13.02176],[80.16655,13.02246],[80.16684,13.023],[80.16726,13.02345],[80.1675,13.02385],[80.1675,13.02437],[80.1659,13.02521],[80.16555,13.02536],[80.16558,13.0258],[80.16567,13.02652],[80.16575,13.02821],[80.16581,13.03001],[80.1659,13.0309],[80.16592,13.0312],[80.16565,13.0314],[80.16526,13.03171],[80.16439,13.03217],[80.16247,13.03318],[80.16042,13.03431],[80.16013,13.03431],[80.15971,13.0344],[80.15902,13.03445],[80.15804,13.03427],[80.15688,13.03426],[80.156,13.03472],[80.1557,13.03431],[80.15504,13.03442],[80.15331,13.03449],[80.1509,13.03429],[80.14791,13.03392],[80.14786,13.03322],[80.14735,13.03176],[80.14538,13.03157],[80.14515,13.02754],[80.14528,13.02457]]]}},{"type":"Feature","properties":{"ward_id":"7888875","name":"Ward 145"},"geometry":{"type":"Polygon","coordinates":[[[80.18143,13.07266],[80.18134,13.07205],[80.18128,13.07102],[80.18113,13.07025],[80.18075,13.0698],[80.18058,13.06937],[80.1806,13.06906],[80.18039,13.06839],[80.18019,13.06753],[80.17993,13.06704],[80.17973,13.06645],[80.17972,13.06582],[80.17983,13.0654],[80.17977,13.06497],[80.17967,13.06414],[80.17956,13.0636],[80.17929,13.06353],[80.17885,13.06333],[80.17876,13.06322],[80.17865,13.06288],[80.17862,13.06215],[80.17877,13.0623],[80.18046,13.06227],[80.18055,13.06112],[80.18199,13.06108],[80.18214,13.06124],[80.1827,13.06122],[80.18268,13.06071],[80.18248,13.05999],[80.18243,13.05923],[80.18248,13.05871],[80.18261,13.05828],[80.18566,13.05831],[80.18569,13.05873],[80.18743,13.05871],[80.18741,13.05792],[80.18844,13.05794],[80.1887,13.05805],[80.18965,13.05813],[80.18966,13.05836],[80.18969,13.05894],[80.19002,13.05927],[80.1903,13.05973],[80.19034,13.06039],[80.19062,13.06109],[80.1909,13.06155],[80.1911,13.06205],[80.1913,13.06234],[80.19146,13.06275],[80.19126,13.06312],[80.19027,13.06386],[80.18985,13.06447],[80.18984,13.06522],[80.18996,13.06575],[80.19029,13.06596],[80.19111,13.06601],[80.19143,13.06634],[80.19163,13.06733],[80.19144,13.06993],[80.19093,13.07203],[80.19064,13.07304],[80.19067,13.07383],[80.18972,13.07364],[80.18926,13.07365],[80.18884,13.07379],[80.18842,13.07374],[80.18706,13.07308],[80.18628,13.07291],[80.18519,13.07302],[80.18191,13.07275],[80.1816,13.07269],[80.18143,13.07266]]]}}],"meta":{"source":"OSM administrative boundaries (admin_level=10, ODbL)"}}