{"type":"FeatureCollection","features":[{"type":"Feature","properties":{"ward_id":"7848799","name":"Ward 91 Khairatabad"},"geometry":{"type":"Polygon","coordinates":[[[78.44971,17.41493],[78.44901,17.41558],[78.44901,17.41756],[78.44882,17.41818],[78.44847,17.41889],[78.44802,17.41947],[78.44867,17.42101],[78.4489,17.4215],[78.44939,17.42255],[78.44891,17.42331],[78.44815,17.424],[78.44859,17.42523],[78.45009,17.426],[78.45192,17.42665],[78.45243,17.42676],[78.45292,17.42751],[78.45324,17.42826],[78.45357,17.42847],[78.45466,17.42878],[78.45539,17.42865],[78.45605,17.42853],[78.45714,17.42775],[78.45754,17.42709],[78.45755,17.42639],[78.45722,17.42516],[78.4578,17.42398],[78.46237,17.42276],[78.46274,17.42207],[78.46222,17.41999],[78.46533,17.4187],[78.4651,17.42225],[78.46461,17.42335],[78.4635,17.42378],[78.46276,17.42524],[78.46228,17.42616],[78.46207,17.42753],[78.46208,17.42866],[78.463,17.43024],[78.46398,17.43193],[78.46608,17.43541],[78.46699,17.43655],[78.46798,17.43704],[78.4703,17.43751],[78.4712,17.43768],[78.47195,17.43759],[78.47268,17.43736],[78.47355,17.43683],[78.47434,17.43608],[78.4743,17.43603],[78.47282,17.43433],[78.47325,17.4331],[78.47235,17.43115],[78.47238,17.42857],[78.47396,17.42849],[78.47593,17.4294],[78.47727,17.43002],[78.47753,17.43014],[78.47735,17.43081],[78.47872,17.43176],[78.47872,17.43211],[78.47794,17.43336],[78.47839,17.43434],[78.47932,17.43416],[78.47941,17.43414],[78.48259,17.43331],[78.48292,17.43322],[78.48543,17.43192],[78.48643,17.43067],[78.48665,17.42946],[78.4865,17.42883],[78.48627,17.42851],[78.4856,17.42755],[78.4853,17.42761],[78.48461,17.42768],[78.4842,17.42677],[78.48359,17.42661],[78.48364,17.42602],[78.48417,17.426],[78.48465,17.42563],[78.4844,17.42535],[78.48424,17.42496],[78.48433,17.42483],[78.48475,17.42556],[78.48509,17.42537],[78.48514,17.42522],[78.4855,17.42506],[78.48599,17.42507],[78.48604,17.42486],[78.48585,17.42394],[78.48341,17.42072],[78.47982,17.416],[78.47549,17.40871],[78.47415,17.4083],[78.47356,17.40821],[78.47129,17.40788],[78.46842,17.40781],[78.46793,17.40737],[78.46761,17.40709],[78.46752,17.40691],[78.46734,17.40645],[78.46728,17.406],[78.46739,17.4052],[78.46784,17.40354],[78.46807,17.40271],[78.46652,17.40284],[78.4663,17.40295],[78.46529,17.40349],[78.46433,17.40422],[78.46299,17.40312],[78.46142,17.40264],[78.46014,17.40312],[78.46013,17.40312],[78.45901,17.40291],[78.45867,17.40566],[78.45852,17.40722],[78.45827,17.40899],[78.45781,17.4092],[78.45865,17.41121],[78.46055,17.41212],[78.46011,17.41307],[78.4564,17.41131],[78.4553,17.41106],[78.45403,17.41129],[78.45376,17.4128],[78.45345,17.41326],[78.45273,17.41281],[78.45143,17.41298],[78.45015,17.41314],[78.45065,17.41406],[78.44971,17.41493]]]}},{"type":"Feature","properties":{"ward_id":"7848824","name":"Ward 105 Gachibowli"},"geometry":{"type":"Polygon","coordinates":[[[78.29774,17.47802],[78.29937,17.47862],[78.30165,17.47946],[78.30428,17.48032],[78.30721,17.48075],[78.30762,17.48074],[78.31014,17.48069],[78.31058,17.48029],[78.31078,17.48009],[78.31157,17.48004],[78.31175,17.48002],[78.31189,17.48002],[78.3125,17.47997],[78.31256,17.47995],[78.31315,17.4799],[78.31962,17.47938],[78.31969,17.47854],[78.31992,17.4777],[78.32042,17.47764],[78.32137,17.47752],[78.32143,17.47752],[78.3225,17.47827],[78.32288,17.47825],[78.32333,17.47806],[78.32375,17.47778],[78.32449,17.47673],[78.32515,17.47568],[78.32666,17.47338],[78.32962,17.47117],[78.32991,17.4706],[78.33043,17.46904],[78.33177,17.46729],[78.33274,17.46615],[78.33354,17.46517],[78.33443,17.4638],[78.33547,17.46185],[78.33684,17.46054],[78.33904,17.45753],[78.33969,17.45665],[78.34117,17.45522],[78.34205,17.45431],[78.34368,17.45237],[78.3446,17.45154],[78.34537,17.45113],[78.34652,17.45053],[78.34702,17.45019],[78.3509,17.44646],[78.35206,17.44535],[78.3521,17.44531],[78.35449,17.44343],[78.35918,17.44135],[78.36321,17.43881],[78.36371,17.43849],[78.36406,17.43818],[78.3643,17.43797],[78.36806,17.43463],[78.36924,17.43348],[78.36926,17.43346],[78.36929,17.43344],[78.3693,17.43342],[78.3693,17.43342],[78.36932,17.4334],[78.36933,17.4334],[78.36935,17.43338],[78.36935,17.43337],[78.37052,17.43223],[78.37153,17.4314],[78.37291,17.43028],[78.37439,17.42881],[78.37623,17.42715],[78.37725,17.4263],[78.3783,17.42537],[78.3817,17.42255],[78.38347,17.42164],[78.3862,17.41962],[78.38742,17.41866],[78.38874,17.4178],[78.39152,17.41623],[78.39275,17.41497],[78.3941,17.41395],[78.39474,17.41309],[78.39495,17.41286],[78.39492,17.41236],[78.39484,17.41074],[78.39482,17.41028],[78.39342,17.41033],[78.39313,17.41034],[78.39284,17.41035],[78.39257,17.41036],[78.39242,17.41036],[78.39149,17.41039],[78.3911,17.40955],[78.39044,17.40959],[78.29774,17.47802]]]}},{"type":"Feature","properties":{"ward_id":"7848829","name":"Ward 113 Patancheruvu"},"geometry":{"type":"Polygon","coordinates":[[[78.28136,17.51536],[78.27999,17.51499],[78.27789,17.5183],[78.27158,17.52023],[78.26918,17.5228],[78.26712,17.52334],[78.26497,17.51978],[78.26381,17.51949],[78.26315,17.51771],[78.26293,17.51787],[78.26172,17.51293],[78.2618,17.5118],[78.26161,17.51196],[78.26164,17.51116],[78.26119,17.51062],[78.26128,17.51011],[78.26098,17.50828],[78.25737,17.50742],[78.25175,17.51118],[78.25167,17.51196],[78.25283,17.51274],[78.25218,17.51437],[78.25257,17.51556],[78.25171,17.51658],[78.25085,17.5165],[78.25081,17.51695],[78.2518,17.51699],[78.2518,17.51732],[78.2524,17.51843],[78.25119,17.5199],[78.25244,17.52137],[78.25175,17.52346],[78.25192,17.52587],[78.24952,17.52653],[78.24647,17.52608],[78.24613,17.52698],[78.24566,17.52718],[78.24506,17.5262],[78.24484,17.52718],[78.24471,17.52567],[78.2436,17.52624],[78.24484,17.52948],[78.24368,17.53005],[78.24227,17.52943],[78.23926,17.53475],[78.23871,17.54097],[78.24665,17.53897],[78.24914,17.53946],[78.24926,17.54126],[78.24948,17.54061],[78.25059,17.54318],[78.25124,17.54327],[78.25119,17.544],[78.25197,17.54552],[78.25145,17.54809],[78.24905,17.54928],[78.24926,17.55141],[78.25081,17.55153],[78.25175,17.54998],[78.25356,17.54953],[78.25733,17.55006],[78.25879,17.5521],[78.26218,17.55235],[78.26265,17.55157],[78.26214,17.54899],[78.26416,17.54756],[78.2654,17.5483],[78.26613,17.54994],[78.26853,17.55129],[78.27338,17.55194],[78.27785,17.55415],[78.27961,17.55415],[78.28008,17.55325],[78.28115,17.55124],[78.28109,17.55094],[78.28046,17.54793],[78.28016,17.54875],[78.28038,17.53897],[78.28275,17.53771],[78.2852,17.53641],[78.28531,17.53635],[78.28544,17.53394],[78.2858,17.5335],[78.28612,17.53313],[78.28845,17.53033],[78.28747,17.52832],[78.28694,17.52722],[78.28733,17.52436],[78.28591,17.52395],[78.28117,17.51718],[78.28136,17.51536]]]}},{"type":"Feature","properties":{"ward_id":"7848844","name":"Ward 60 Rajendra Nagar"},"geometry":{"type":"Polygon","coordinates":[[[78.40831,17.30135],[78.40718,17.30125],[78.39946,17.30057],[78.39633,17.30029],[78.39648,17.3033],[78.39543,17.30416],[78.37591,17.31299],[78.37586,17.3143],[78.37565,17.31944],[78.37559,17.32114],[78.37595,17.32424],[78.37516,17.32795],[78.37626,17.32801],[78.38109,17.32828],[78.38136,17.32829],[78.38171,17.32839],[78.38239,17.32858],[78.38252,17.32946],[78.38612,17.32979],[78.389,17.33122],[78.39346,17.33111],[78.39509,17.3311],[78.39664,17.33212],[78.39667,17.33224],[78.39906,17.34272],[78.39928,17.34368],[78.39928,17.34371],[78.39966,17.3449],[78.39995,17.34552],[78.40068,17.34708],[78.40068,17.34744],[78.40074,17.34817],[78.4008,17.34899],[78.40093,17.34952],[78.40049,17.34966],[78.39953,17.35003],[78.39799,17.35061],[78.39808,17.35132],[78.39811,17.35169],[78.39837,17.352],[78.39837,17.3529],[78.39838,17.35403],[78.40074,17.35481],[78.40128,17.35699],[78.40151,17.35733],[78.40427,17.35812],[78.4071,17.35734],[78.40894,17.35814],[78.40887,17.35838],[78.40932,17.35867],[78.40921,17.35892],[78.4099,17.35936],[78.41001,17.36083],[78.40945,17.36131],[78.40895,17.36175],[78.40755,17.36297],[78.40743,17.36602],[78.40769,17.36782],[78.41015,17.37208],[78.41221,17.37149],[78.41284,17.36835],[78.41273,17.36794],[78.41226,17.36618],[78.42011,17.36473],[78.4208,17.36502],[78.42191,17.36416],[78.4232,17.35957],[78.42472,17.35867],[78.4208,17.35482],[78.41745,17.35158],[78.41673,17.34926],[78.41646,17.34839],[78.41569,17.3454],[78.4157,17.34538],[78.41728,17.34363],[78.42307,17.34204],[78.42508,17.33899],[78.42547,17.33839],[78.42573,17.33782],[78.4274,17.33758],[78.43234,17.33273],[78.43195,17.33167],[78.43452,17.33071],[78.43593,17.32996],[78.43631,17.32963],[78.43581,17.32903],[78.43305,17.32301],[78.43206,17.32153],[78.43061,17.32266],[78.42972,17.32334],[78.42552,17.32659],[78.42421,17.32688],[78.42157,17.32729],[78.41962,17.32698],[78.41711,17.32917],[78.41419,17.32956],[78.41417,17.32766],[78.41678,17.32428],[78.41408,17.32184],[78.41584,17.31969],[78.4157,17.31915],[78.41567,17.31903],[78.41532,17.31813],[78.41492,17.31727],[78.4147,17.31627],[78.41419,17.31166],[78.41485,17.31063],[78.41554,17.30984],[78.41505,17.30926],[78.41427,17.30877],[78.41397,17.3082],[78.41054,17.30867],[78.40908,17.31059],[78.40799,17.31256],[78.40713,17.31293],[78.40601,17.30977],[78.4085,17.30269],[78.40831,17.30135]]]}},{"type":"Feature","properties":{"ward_id":"7848845","name":"Ward 3 Cherlapally"},"geometry":{"type":"Polygon","coordinates":[[[78.57789,17.46102],[78.57606,17.46372],[78.57522,17.46496],[78.57082,17.47147],[78.57022,17.47231],[78.57067,17.47305],[78.5703,17.47417],[78.57082,17.47596],[78.57338,17.47597],[78.57435,17.47685],[78.57089,17.47834],[78.5717,17.48382],[78.57425,17.48339],[78.57539,17.48495],[78.57505,17.48647],[78.57708,17.48637],[78.57761,17.48831],[78.58281,17.48684],[78.58316,17.48813],[78.58493,17.48814],[78.58501,17.49077],[78.58642,17.49142],[78.58811,17.49122],[78.58819,17.48775],[78.58742,17.48658],[78.58847,17.48463],[78.58827,17.48145],[78.58957,17.4788],[78.59191,17.47785],[78.59373,17.47712],[78.59799,17.4782],[78.5985,17.47833],[78.59886,17.47817],[78.60354,17.47613],[78.60485,17.47827],[78.618,17.47639],[78.6182,17.47439],[78.61701,17.47207],[78.61607,17.47024],[78.61598,17.46688],[78.61484,17.46582],[78.61518,17.46433],[78.61511,17.46398],[78.61565,17.46351],[78.61633,17.46292],[78.61589,17.4608],[78.61466,17.45878],[78.61441,17.45885],[78.61315,17.45921],[78.6121,17.45847],[78.61202,17.45462],[78.61095,17.45462],[78.61095,17.45356],[78.61077,17.45457],[78.61087,17.45173],[78.61068,17.44881],[78.6106,17.4487],[78.60847,17.44545],[78.59515,17.44534],[78.59037,17.44853],[78.59005,17.44874],[78.59018,17.44909],[78.58948,17.45252],[78.58993,17.45289],[78.59014,17.45306],[78.59044,17.4533],[78.59047,17.4537],[78.59048,17.45562],[78.59049,17.45674],[78.59078,17.45942],[78.58364,17.46026],[78.58375,17.4626],[78.58016,17.46298],[78.57939,17.46151],[78.57789,17.46102]]]}},{"type":"Feature","properties":{"ward_id":"7848859","name":"Ward 95 Jubilee Hills"},"geometry":{"type":"Polygon","coordinates":[[[78.41913,17.40841],[78.41782,17.40748],[78.41736,17.40715],[78.41486,17.40703],[78.41407,17.4083],[78.40744,17.4093],[78.40692,17.40965],[78.40665,17.41016],[78.40199,17.41158],[78.40229,17.41303],[78.40234,17.41325],[78.40023,17.41384],[78.39908,17.41342],[78.39822,17.4152],[78.39767,17.41758],[78.39844,17.41821],[78.39898,17.4181],[78.39855,17.41927],[78.39828,17.42471],[78.39632,17.42632],[78.3944,17.42675],[78.39519,17.42859],[78.39335,17.42967],[78.39335,17.43047],[78.39396,17.43051],[78.39583,17.43062],[78.39629,17.43065],[78.39876,17.43119],[78.39912,17.43187],[78.39925,17.43213],[78.39792,17.43354],[78.39862,17.43468],[78.39728,17.43713],[78.39708,17.43712],[78.39538,17.43707],[78.39572,17.43794],[78.39615,17.43947],[78.39649,17.43925],[78.39733,17.43871],[78.39843,17.4386],[78.39923,17.43852],[78.39951,17.43882],[78.40005,17.43937],[78.40212,17.4405],[78.40215,17.44051],[78.40658,17.44206],[78.4066,17.44232],[78.40669,17.44342],[78.40583,17.4446],[78.40546,17.44511],[78.40573,17.44536],[78.40617,17.44578],[78.41206,17.44586],[78.41564,17.44241],[78.41594,17.44117],[78.41618,17.44015],[78.41567,17.43899],[78.41546,17.43853],[78.41647,17.43792],[78.41598,17.43608],[78.41583,17.43551],[78.41586,17.43428],[78.41722,17.43282],[78.41862,17.43195],[78.42032,17.43186],[78.4204,17.43114],[78.41958,17.43075],[78.42094,17.43101],[78.42228,17.43137],[78.42579,17.42985],[78.42602,17.42984],[78.42891,17.42979],[78.43087,17.42976],[78.43182,17.42969],[78.43243,17.42973],[78.43332,17.42979],[78.43423,17.43019],[78.43691,17.43014],[78.43647,17.42948],[78.43634,17.42907],[78.43724,17.42893],[78.43798,17.42882],[78.43786,17.42816],[78.44001,17.42724],[78.43241,17.42495],[78.43119,17.42459],[78.42621,17.4231],[78.41734,17.42631],[78.41652,17.42647],[78.41592,17.42648],[78.4155,17.42635],[78.41504,17.42595],[78.41337,17.42331],[78.41151,17.42277],[78.41098,17.42031],[78.41204,17.41996],[78.4132,17.41767],[78.4152,17.41701],[78.42156,17.41493],[78.42096,17.4128],[78.42104,17.41246],[78.42006,17.41192],[78.42042,17.41087],[78.42059,17.40946],[78.41913,17.40841]]]}},{"type":"Feature","properties":{"ward_id":"7848886","name":"Ward 13 Hayath Nagar"},"geometry":{"type":"Polygon","coordinates":[[[78.57368,17.33675],[78.584,17.33532],[78.59413,17.32989],[78.59419,17.32991],[78.6003,17.32821],[78.60647,17.32653],[78.60907,17.32442],[78.61194,17.32831],[78.60759,17.33026],[78.60819,17.33139],[78.611,17.33245],[78.61422,17.33603],[78.62123,17.33851],[78.62237,17.33891],[78.62239,17.33892],[78.62239,17.33891],[78.62074,17.33593],[78.61984,17.33366],[78.61686,17.33009],[78.61668,17.32446],[78.61896,17.32356],[78.61881,17.32008],[78.61938,17.32],[78.61997,17.31991],[78.62145,17.31567],[78.6208,17.31151],[78.6172,17.31147],[78.61316,17.30879],[78.60587,17.30671],[78.60578,17.30668],[78.60556,17.30654],[78.60181,17.30422],[78.59312,17.30257],[78.59304,17.3028],[78.59312,17.307],[78.59312,17.30703],[78.58871,17.32063],[78.58864,17.32145],[78.58879,17.32204],[78.58647,17.32227],[78.58267,17.32204],[78.58164,17.32249],[78.58144,17.32243],[78.58098,17.32231],[78.5797,17.32267],[78.57937,17.32503],[78.57788,17.32488],[78.57735,17.3251],[78.576,17.32501],[78.57458,17.32674],[78.57531,17.32835],[78.57532,17.32859],[78.57538,17.3319],[78.57473,17.33435],[78.57368,17.33675]]]}},{"type":"Feature","properties":{"ward_id":"7849315","name":"Ward 6 Nacharam"},"geometry":{"type":"Polygon","coordinates":[[[78.56969,17.42687],[78.56909,17.42698],[78.56763,17.42725],[78.56626,17.42669],[78.56611,17.42661],[78.56499,17.42601],[78.56192,17.42509],[78.5625,17.42389],[78.5581,17.4216],[78.55777,17.41941],[78.55582,17.41651],[78.55413,17.41669],[78.55352,17.41766],[78.55089,17.41705],[78.54866,17.4151],[78.54691,17.4159],[78.54549,17.41545],[78.53925,17.42147],[78.53757,17.42309],[78.53587,17.42472],[78.53819,17.42669],[78.54083,17.42419],[78.54195,17.42528],[78.54197,17.4253],[78.54379,17.42732],[78.54381,17.42735],[78.54407,17.42736],[78.54465,17.42741],[78.54494,17.42839],[78.54518,17.42923],[78.54587,17.43158],[78.54714,17.43126],[78.54682,17.43263],[78.54681,17.43294],[78.5468,17.43396],[78.54856,17.4345],[78.5486,17.43451],[78.5518,17.43367],[78.55248,17.43519],[78.55461,17.43422],[78.5548,17.43525],[78.55553,17.43686],[78.55582,17.437],[78.5563,17.43724],[78.55745,17.43779],[78.56136,17.43968],[78.56518,17.44153],[78.5657,17.4392],[78.56632,17.43959],[78.56772,17.43375],[78.56838,17.43404],[78.56955,17.42763],[78.56969,17.42687]]]}},{"type":"Feature","properties":{"ward_id":"7849316","name":"Ward 11 Nagole"},"geometry":{"type":"Polygon","coordinates":[[[78.58194,17.38944],[78.58511,17.38795],[78.58757,17.38678],[78.58794,17.38556],[78.58763,17.38373],[78.58419,17.38293],[78.58096,17.38218],[78.58111,17.3782],[78.58541,17.37628],[78.58555,17.37622],[78.58433,17.37312],[78.58413,17.37298],[78.58166,17.37134],[78.58106,17.36978],[78.57999,17.36958],[78.57964,17.36835],[78.58087,17.36669],[78.57785,17.36614],[78.57731,17.36551],[78.57924,17.36146],[78.57988,17.3601],[78.58519,17.35679],[78.58581,17.35434],[78.58583,17.35045],[78.57624,17.34886],[78.57186,17.35011],[78.56613,17.35041],[78.5664,17.35124],[78.56645,17.35502],[78.56587,17.3557],[78.56325,17.35461],[78.56265,17.35281],[78.55986,17.35267],[78.55898,17.35351],[78.55884,17.35349],[78.55637,17.35315],[78.5557,17.35306],[78.55767,17.35971],[78.55733,17.36241],[78.55722,17.36327],[78.55721,17.36345],[78.55705,17.36555],[78.55832,17.38314],[78.56115,17.38487],[78.563,17.38601],[78.56701,17.38623],[78.57074,17.38736],[78.57544,17.38846],[78.57857,17.38959],[78.58025,17.38967],[78.58194,17.38944]]]}},{"type":"Feature","properties":{"ward_id":"7849357","name":"Ward 59 Mailardevpally"},"geometry":{"type":"Polygon","coordinates":[[[78.43206,17.32153],[78.43306,17.32085],[78.43885,17.32425],[78.44138,17.3247],[78.45417,17.32032],[78.45344,17.31641],[78.45636,17.31553],[78.45638,17.31481],[78.45643,17.31325],[78.45636,17.30835],[78.45559,17.30487],[78.45435,17.30416],[78.45417,17.30405],[78.45141,17.30418],[78.45117,17.30221],[78.44889,17.3009],[78.44842,17.30063],[78.44797,17.30067],[78.4402,17.30129],[78.43986,17.30248],[78.43683,17.30242],[78.43319,17.30235],[78.43246,17.29879],[78.42963,17.29164],[78.42257,17.29426],[78.40831,17.30135],[78.4085,17.30269],[78.40601,17.30977],[78.40713,17.31293],[78.40799,17.31256],[78.40908,17.31059],[78.41054,17.30867],[78.41397,17.3082],[78.41427,17.30877],[78.41505,17.30926],[78.41554,17.30984],[78.41485,17.31063],[78.41419,17.31166],[78.4147,17.31627],[78.41492,17.31727],[78.41532,17.31813],[78.41567,17.31903],[78.4157,17.31915],[78.41584,17.31969],[78.41408,17.32184],[78.41678,17.32428],[78.41417,17.32766],[78.41419,17.32956],[78.41711,17.32917],[78.41962,17.32698],[78.42157,17.32729],[78.42421,17.32688],[78.42552,17.32659],[78.42972,17.32334],[78.43061,17.32266],[78.43206,17.32153]]]}},{"type":"Feature","properties":{"ward_id":"7849439","name":"Ward 133 Macha Bolarum"},"geometry":{"type":"Polygon","coordinates":[[[78.51447,17.50796],[78.51009,17.50886],[78.50986,17.51057],[78.50753,17.5093],[78.5055,17.50911],[78.50322,17.50881],[78.50178,17.50825],[78.4989,17.50688],[78.49805,17.50669],[78.49731,17.50653],[78.49288,17.50655],[78.4899,17.50574],[78.48748,17.50486],[78.48439,17.50278],[78.48404,17.50255],[78.48226,17.50165],[78.48346,17.50492],[78.48378,17.50579],[78.4839,17.5061],[78.48391,17.50613],[78.4852,17.50944],[78.48489,17.51407],[78.48471,17.51436],[78.48461,17.5145],[78.48468,17.51496],[78.48476,17.51557],[78.48511,17.51767],[78.48525,17.5185],[78.48535,17.51914],[78.48549,17.51995],[78.48534,17.52052],[78.48762,17.52084],[78.49393,17.52172],[78.4949,17.52322],[78.50062,17.52287],[78.50221,17.52587],[78.50055,17.52742],[78.50127,17.52858],[78.50181,17.52944],[78.50642,17.53683],[78.50643,17.53785],[78.50647,17.54199],[78.50651,17.54627],[78.51401,17.54406],[78.5156,17.54486],[78.51678,17.54416],[78.51781,17.54354],[78.51727,17.54256],[78.51798,17.54222],[78.51788,17.54188],[78.51614,17.54063],[78.51729,17.53892],[78.51711,17.53794],[78.5191,17.53786],[78.51912,17.53681],[78.52124,17.53701],[78.52196,17.53679],[78.52213,17.53604],[78.51639,17.52678],[78.51363,17.52739],[78.51343,17.52543],[78.51363,17.52412],[78.51383,17.52334],[78.51511,17.51945],[78.51572,17.51767],[78.51617,17.51585],[78.51619,17.51487],[78.51597,17.51302],[78.51517,17.51043],[78.51447,17.50796]]]}},{"type":"Feature","properties":{"ward_id":"7849497","name":"Ward 1 Kapra"},"geometry":{"type":"Polygon","coordinates":[[[78.5541,17.50733],[78.55634,17.50795],[78.55791,17.50776],[78.56235,17.50721],[78.56366,17.50666],[78.56375,17.50521],[78.56648,17.50445],[78.56861,17.50473],[78.56905,17.50562],[78.57081,17.50569],[78.57109,17.50702],[78.57434,17.5079],[78.5755,17.5071],[78.57586,17.50552],[78.57761,17.50552],[78.57847,17.50402],[78.57999,17.50332],[78.58219,17.50279],[78.58247,17.502],[78.58378,17.5019],[78.58619,17.50042],[78.58246,17.49866],[78.58156,17.49778],[78.5796,17.49588],[78.57647,17.49278],[78.57094,17.48935],[78.56924,17.48908],[78.56749,17.48807],[78.56703,17.48781],[78.56669,17.48706],[78.56667,17.48701],[78.56663,17.48691],[78.56661,17.48687],[78.56652,17.48666],[78.56651,17.48661],[78.56649,17.48652],[78.56501,17.48333],[78.56416,17.48151],[78.56366,17.47969],[78.56162,17.48032],[78.55744,17.48368],[78.55596,17.483],[78.55604,17.48482],[78.5551,17.48581],[78.55257,17.48482],[78.55248,17.4845],[78.55197,17.48255],[78.55195,17.48245],[78.55154,17.4817],[78.5506,17.48211],[78.54878,17.48317],[78.54731,17.48403],[78.54409,17.48603],[78.54182,17.4872],[78.54162,17.48764],[78.5412,17.48863],[78.54077,17.48904],[78.54006,17.48913],[78.53919,17.48923],[78.53885,17.49041],[78.53774,17.49134],[78.53671,17.49227],[78.53568,17.49338],[78.53414,17.49454],[78.53598,17.49511],[78.53605,17.49653],[78.53651,17.49826],[78.538,17.49795],[78.53902,17.49872],[78.53912,17.4988],[78.53904,17.4973],[78.539,17.49647],[78.54137,17.4955],[78.54179,17.49533],[78.54189,17.49581],[78.54346,17.49681],[78.54477,17.49542],[78.54558,17.49606],[78.54559,17.49636],[78.54584,17.49649],[78.54598,17.49696],[78.54644,17.49856],[78.54661,17.49909],[78.54736,17.49812],[78.54793,17.49737],[78.55052,17.49767],[78.55059,17.49768],[78.5517,17.49892],[78.55255,17.49989],[78.55322,17.50045],[78.55406,17.50117],[78.55536,17.50228],[78.55553,17.50243],[78.55592,17.50315],[78.55636,17.50382],[78.55645,17.50393],[78.55647,17.50414],[78.55655,17.50518],[78.55656,17.50531],[78.55668,17.50686],[78.5541,17.50733]]]}},{"type":"Feature","properties":{"ward_id":"7849498","name":"Ward 136 Neredmet"},"geometry":{"type":"Polygon","coordinates":[[[78.54559,17.51989],[78.54594,17.51893],[78.54497,17.51831],[78.54471,17.51672],[78.54576,17.51557],[78.5476,17.51523],[78.54807,17.50817],[78.5498,17.50791],[78.55107,17.50772],[78.55148,17.50722],[78.55334,17.50747],[78.5541,17.50733],[78.55668,17.50686],[78.55656,17.50531],[78.55655,17.50518],[78.55647,17.50414],[78.55645,17.50393],[78.55636,17.50382],[78.55592,17.50315],[78.55553,17.50243],[78.55536,17.50228],[78.55406,17.50117],[78.55322,17.50045],[78.55255,17.49989],[78.5517,17.49892],[78.55059,17.49768],[78.55052,17.49767],[78.54793,17.49737],[78.54736,17.49812],[78.54661,17.49909],[78.54644,17.49856],[78.54598,17.49696],[78.54584,17.49649],[78.54559,17.49636],[78.54558,17.49606],[78.54477,17.49542],[78.54346,17.49681],[78.54189,17.49581],[78.54179,17.49533],[78.54137,17.4955],[78.539,17.49647],[78.53904,17.4973],[78.53912,17.4988],[78.53902,17.49872],[78.538,17.49795],[78.53651,17.49826],[78.53563,17.49829],[78.53086,17.50163],[78.53081,17.50264],[78.53057,17.50712],[78.53128,17.50931],[78.53042,17.51047],[78.53172,17.51197],[78.53303,17.51118],[78.54038,17.51038],[78.53986,17.51465],[78.53975,17.51559],[78.54056,17.51826],[78.54398,17.51841],[78.54559,17.51989]]]}},{"type":"Feature","properties":{"ward_id":"7849545","name":"Ward 2 Dr A S Rao Nagar"},"geometry":{"type":"Polygon","coordinates":[[[78.58811,17.49122],[78.58642,17.49142],[78.58501,17.49077],[78.58493,17.48814],[78.58316,17.48813],[78.58281,17.48684],[78.57761,17.48831],[78.57708,17.48637],[78.57505,17.48647],[78.57539,17.48495],[78.57425,17.48339],[78.5717,17.48382],[78.57089,17.47834],[78.57435,17.47685],[78.57338,17.47597],[78.57082,17.47596],[78.5703,17.47417],[78.57067,17.47305],[78.57022,17.47231],[78.57082,17.47147],[78.57522,17.46496],[78.57606,17.46372],[78.57141,17.46116],[78.57055,17.46193],[78.56959,17.46115],[78.56609,17.46225],[78.56605,17.4629],[78.56564,17.46423],[78.56512,17.46429],[78.56476,17.46605],[78.56444,17.46763],[78.56476,17.46806],[78.56504,17.46843],[78.56587,17.46943],[78.56552,17.46965],[78.562,17.47191],[78.56178,17.47195],[78.56042,17.4718],[78.55974,17.47184],[78.55918,17.47187],[78.5568,17.4732],[78.55553,17.47475],[78.55539,17.47517],[78.55487,17.4768],[78.55389,17.47729],[78.55397,17.47764],[78.55423,17.47791],[78.55397,17.4787],[78.5545,17.48044],[78.55222,17.48141],[78.55154,17.4817],[78.55195,17.48245],[78.55197,17.48255],[78.55248,17.4845],[78.55257,17.48482],[78.5551,17.48581],[78.55604,17.48482],[78.55596,17.483],[78.55744,17.48368],[78.56162,17.48032],[78.56366,17.47969],[78.56416,17.48151],[78.56501,17.48333],[78.56649,17.48652],[78.56651,17.48661],[78.56652,17.48666],[78.56661,17.48687],[78.56663,17.48691],[78.56667,17.48701],[78.56669,17.48706],[78.56703,17.48781],[78.56749,17.48807],[78.56924,17.48908],[78.57094,17.48935],[78.57647,17.49278],[78.5796,17.49588],[78.58156,17.49778],[78.58246,17.49866],[78.58619,17.50042],[78.58775,17.49781],[78.58837,17.49677],[78.58822,17.49394],[78.58811,17.49122]]]}},{"type":"Feature","properties":{"ward_id":"7849614","name":"Ward 5 Mallapur"},"geometry":{"type":"Polygon","coordinates":[[[78.59515,17.44534],[78.584,17.44018],[78.58057,17.43652],[78.57893,17.43468],[78.57759,17.43318],[78.57772,17.43297],[78.57833,17.43202],[78.57836,17.43197],[78.57736,17.42983],[78.57594,17.42991],[78.57337,17.42745],[78.56969,17.42687],[78.56955,17.42763],[78.56838,17.43404],[78.56772,17.43375],[78.56632,17.43959],[78.5657,17.4392],[78.56518,17.44153],[78.56136,17.43968],[78.55745,17.43779],[78.5563,17.43724],[78.55582,17.437],[78.55553,17.43686],[78.5548,17.43525],[78.55461,17.43422],[78.55248,17.43519],[78.5518,17.43367],[78.5486,17.43451],[78.54862,17.43487],[78.54875,17.43764],[78.54998,17.43735],[78.55107,17.43857],[78.55379,17.43748],[78.5559,17.43855],[78.55608,17.43865],[78.55747,17.43866],[78.55746,17.43866],[78.5574,17.4387],[78.55309,17.44131],[78.55772,17.4443],[78.55735,17.44663],[78.55865,17.44729],[78.56024,17.4481],[78.56072,17.44835],[78.56338,17.44974],[78.56667,17.44968],[78.56742,17.44913],[78.5693,17.44886],[78.56928,17.44749],[78.57003,17.44745],[78.57465,17.44649],[78.57516,17.44735],[78.57555,17.44845],[78.57787,17.44851],[78.57993,17.44913],[78.58031,17.44927],[78.58149,17.45017],[78.58145,17.45545],[78.57907,17.45699],[78.57892,17.45881],[78.57789,17.46102],[78.57939,17.46151],[78.58016,17.46298],[78.58375,17.4626],[78.58364,17.46026],[78.59078,17.45942],[78.59049,17.45674],[78.59048,17.45562],[78.59047,17.4537],[78.59044,17.4533],[78.59014,17.45306],[78.58993,17.45289],[78.58948,17.45252],[78.59018,17.44909],[78.59005,17.44874],[78.59037,17.44853],[78.59515,17.44534]]]}},{"type":"Feature","properties":{"ward_id":"7850095","name":"Ward 7 Chilka Nagar"},"geometry":{"type":"Polygon","coordinates":[[[78.56012,17.4016],[78.55838,17.40276],[78.55335,17.40796],[78.55316,17.40788],[78.54549,17.41545],[78.54691,17.4159],[78.54866,17.4151],[78.55089,17.41705],[78.55352,17.41766],[78.55413,17.41669],[78.55582,17.41651],[78.55777,17.41941],[78.5581,17.4216],[78.5625,17.42389],[78.56373,17.42229],[78.5641,17.42145],[78.56516,17.4191],[78.56568,17.41838],[78.56602,17.41789],[78.56665,17.41638],[78.56705,17.41168],[78.56553,17.41166],[78.56441,17.41119],[78.56431,17.4098],[78.56436,17.40918],[78.56443,17.40843],[78.56446,17.40601],[78.56385,17.40593],[78.56232,17.40185],[78.56222,17.40159],[78.56218,17.40149],[78.56199,17.4015],[78.5612,17.40154],[78.56114,17.40155],[78.56012,17.4016]]]}},{"type":"Feature","properties":{"ward_id":"7850118","name":"Ward 10 Uppal"},"geometry":{"type":"Polygon","coordinates":[[[78.56012,17.4016],[78.55989,17.40159],[78.55345,17.4012],[78.55057,17.40116],[78.54843,17.40114],[78.54692,17.40118],[78.54549,17.40108],[78.54542,17.39811],[78.54536,17.39305],[78.5463,17.39055],[78.54315,17.39121],[78.54302,17.38865],[78.54274,17.38842],[78.54396,17.38752],[78.5432,17.38372],[78.54706,17.38281],[78.54895,17.38105],[78.55197,17.38044],[78.55832,17.38314],[78.56115,17.38487],[78.563,17.38601],[78.56701,17.38623],[78.57074,17.38736],[78.57544,17.38846],[78.57857,17.38959],[78.58025,17.38967],[78.58194,17.38944],[78.58026,17.39535],[78.58106,17.39956],[78.5819,17.40392],[78.58031,17.40432],[78.57768,17.40497],[78.57659,17.40558],[78.575,17.40648],[78.5745,17.40676],[78.57416,17.40695],[78.57384,17.40713],[78.5689,17.40991],[78.56705,17.41168],[78.56553,17.41166],[78.56441,17.41119],[78.56431,17.4098],[78.56436,17.40918],[78.56443,17.40843],[78.56446,17.40601],[78.56385,17.40593],[78.56232,17.40185],[78.56222,17.40159],[78.56218,17.40149],[78.56199,17.4015],[78.5612,17.40154],[78.56114,17.40155],[78.56012,17.4016]]]}},{"type":"Feature","properties":{"ward_id":"7850180","name":"Ward 12 Mansoorabad"},"geometry":{"type":"Polygon","coordinates":[[[78.58583,17.35045],[78.58589,17.34759],[78.58591,17.34675],[78.59827,17.34503],[78.60042,17.34573],[78.6025,17.34642],[78.61042,17.34658],[78.61552,17.34369],[78.6204,17.34093],[78.62123,17.33851],[78.61422,17.33603],[78.611,17.33245],[78.60819,17.33139],[78.60759,17.33026],[78.61194,17.32831],[78.60907,17.32442],[78.60647,17.32653],[78.6003,17.32821],[78.59419,17.32991],[78.59413,17.32989],[78.584,17.33532],[78.57368,17.33675],[78.57197,17.33728],[78.56828,17.33841],[78.56429,17.34047],[78.56182,17.34087],[78.55843,17.3414],[78.55512,17.34361],[78.55102,17.34652],[78.5541,17.35058],[78.5557,17.35306],[78.55637,17.35315],[78.55884,17.35349],[78.55898,17.35351],[78.55986,17.35267],[78.56265,17.35281],[78.56325,17.35461],[78.56587,17.3557],[78.56645,17.35502],[78.5664,17.35124],[78.56613,17.35041],[78.57186,17.35011],[78.57624,17.34886],[78.58583,17.35045]]]}},{"type":"Feature","properties":{"ward_id":"7850229","name":"Ward 16 Hasthinapuram"},"geometry":{"type":"Polygon","coordinates":[[[78.54665,17.34221],[78.54487,17.34065],[78.54273,17.33877],[78.54187,17.33833],[78.54083,17.33798],[78.53921,17.33781],[78.53612,17.33749],[78.53619,17.33698],[78.5363,17.33663],[78.5374,17.33483],[78.53459,17.33435],[78.53525,17.33282],[78.53527,17.33256],[78.53541,17.33016],[78.53436,17.3299],[78.53506,17.32683],[78.53401,17.32661],[78.53366,17.32654],[78.53341,17.32593],[78.53336,17.32523],[78.53332,17.3245],[78.53509,17.32478],[78.53517,17.32514],[78.53537,17.326],[78.53658,17.32617],[78.53711,17.32424],[78.53977,17.32257],[78.54231,17.32189],[78.54948,17.31694],[78.55201,17.32065],[78.55357,17.31979],[78.55433,17.32086],[78.55521,17.3207],[78.55622,17.32323],[78.55798,17.32258],[78.55845,17.3233],[78.55729,17.3252],[78.55556,17.32781],[78.55317,17.33016],[78.55283,17.33263],[78.55175,17.33577],[78.54894,17.33835],[78.54765,17.34173],[78.54665,17.34221]]]}},{"type":"Feature","properties":{"ward_id":"7850230","name":"Ward 14 BN Reddy Nagar"},"geometry":{"type":"Polygon","coordinates":[[[78.55729,17.3252],[78.55845,17.3233],[78.55798,17.32258],[78.55622,17.32323],[78.55521,17.3207],[78.55433,17.32086],[78.55357,17.31979],[78.55201,17.32065],[78.54948,17.31694],[78.55272,17.31438],[78.55798,17.3126],[78.55818,17.31056],[78.55819,17.31043],[78.56392,17.31011],[78.56557,17.31002],[78.56566,17.30992],[78.5708,17.30439],[78.57096,17.30422],[78.57568,17.30236],[78.59312,17.30257],[78.59304,17.3028],[78.59312,17.307],[78.59312,17.30703],[78.58871,17.32063],[78.58864,17.32145],[78.58879,17.32204],[78.58647,17.32227],[78.58267,17.32204],[78.58164,17.32249],[78.58144,17.32243],[78.58098,17.32231],[78.5797,17.32267],[78.57937,17.32503],[78.57788,17.32488],[78.57735,17.3251],[78.576,17.32501],[78.57458,17.32674],[78.57531,17.32835],[78.57532,17.32859],[78.56328,17.32964],[78.56195,17.32519],[78.55729,17.3252]]]}},{"type":"Feature","properties":{"ward_id":"7850268","name":"Ward 15 Vanasthalipuram"},"geometry":{"type":"Polygon","coordinates":[[[78.57532,17.32859],[78.57538,17.3319],[78.57473,17.33435],[78.57368,17.33675],[78.57197,17.33728],[78.56828,17.33841],[78.56429,17.34047],[78.56182,17.34087],[78.55843,17.3414],[78.55512,17.34361],[78.55102,17.34652],[78.54866,17.34423],[78.54822,17.34379],[78.54665,17.34221],[78.54765,17.34173],[78.54894,17.33835],[78.55175,17.33577],[78.55283,17.33263],[78.55317,17.33016],[78.55556,17.32781],[78.55729,17.3252],[78.56195,17.32519],[78.56328,17.32964],[78.57532,17.32859]]]}},{"type":"Feature","properties":{"ward_id":"7852319","name":"Ward 4 Meerpet H.B Colony"},"geometry":{"type":"Polygon","coordinates":[[[78.56024,17.4481],[78.56128,17.45269],[78.56148,17.45383],[78.56248,17.45875],[78.56309,17.46149],[78.56314,17.46164],[78.56315,17.4617],[78.56319,17.46178],[78.56383,17.4636],[78.56437,17.46423],[78.56512,17.46429],[78.56564,17.46423],[78.56605,17.4629],[78.56609,17.46225],[78.56959,17.46115],[78.57055,17.46193],[78.57141,17.46116],[78.57606,17.46372],[78.57789,17.46102],[78.57892,17.45881],[78.57907,17.45699],[78.58145,17.45545],[78.58149,17.45017],[78.58031,17.44927],[78.57993,17.44913],[78.57787,17.44851],[78.57555,17.44845],[78.57516,17.44735],[78.57465,17.44649],[78.57003,17.44745],[78.56928,17.44749],[78.5693,17.44886],[78.56742,17.44913],[78.56667,17.44968],[78.56338,17.44974],[78.56072,17.44835],[78.56024,17.4481]]]}},{"type":"Feature","properties":{"ward_id":"7852324","name":"Ward 139 East Anand Bagh"},"geometry":{"type":"Polygon","coordinates":[[[78.56024,17.4481],[78.56128,17.45269],[78.56148,17.45383],[78.56248,17.45875],[78.56309,17.46149],[78.56314,17.46164],[78.56315,17.4617],[78.56183,17.46227],[78.56146,17.46242],[78.56109,17.46258],[78.56075,17.46271],[78.55979,17.46204],[78.55973,17.462],[78.55964,17.46196],[78.55957,17.46194],[78.55847,17.46155],[78.55841,17.46153],[78.55952,17.46094],[78.55958,17.46091],[78.55948,17.46064],[78.55887,17.45893],[78.55841,17.4581],[78.55695,17.45823],[78.55496,17.45898],[78.55356,17.45968],[78.55183,17.45978],[78.55094,17.46026],[78.54913,17.46052],[78.5491,17.46092],[78.5484,17.46108],[78.54822,17.46099],[78.54727,17.46142],[78.54695,17.4616],[78.54696,17.46195],[78.54687,17.46242],[78.5473,17.46234],[78.54756,17.4627],[78.54768,17.46275],[78.54832,17.46273],[78.54848,17.46278],[78.54841,17.46331],[78.54835,17.46361],[78.54818,17.46379],[78.54752,17.46397],[78.54729,17.46403],[78.547,17.46375],[78.54679,17.46332],[78.54661,17.46295],[78.54639,17.46302],[78.54628,17.46297],[78.54597,17.463],[78.5457,17.46249],[78.54558,17.46227],[78.54561,17.46205],[78.54532,17.46134],[78.54511,17.46129],[78.54474,17.46084],[78.54461,17.4608],[78.54363,17.46137],[78.5432,17.46075],[78.54295,17.46078],[78.54272,17.46088],[78.54262,17.46079],[78.54251,17.46086],[78.54217,17.46035],[78.54256,17.46021],[78.54303,17.45997],[78.54312,17.45984],[78.54351,17.4596],[78.54328,17.45912],[78.54373,17.45833],[78.54303,17.4562],[78.54153,17.45488],[78.54514,17.45075],[78.54462,17.44906],[78.5454,17.44862],[78.54532,17.44747],[78.54541,17.4474],[78.54073,17.44757],[78.54021,17.44916],[78.53638,17.44837],[78.53553,17.44575],[78.53504,17.44551],[78.53381,17.44416],[78.53333,17.44292],[78.53246,17.44207],[78.53162,17.44197],[78.53125,17.4414],[78.5311,17.44115],[78.53545,17.44001],[78.53841,17.43928],[78.53846,17.44066],[78.53934,17.4412],[78.53941,17.44137],[78.53948,17.44153],[78.54002,17.44213],[78.54092,17.44253],[78.54123,17.44355],[78.5432,17.44301],[78.54327,17.4436],[78.54348,17.44477],[78.54416,17.44467],[78.54534,17.44435],[78.54722,17.44293],[78.5465,17.44094],[78.5462,17.44006],[78.54729,17.43955],[78.54758,17.44026],[78.54819,17.43907],[78.54863,17.43795],[78.54875,17.43764],[78.54998,17.43735],[78.55107,17.43857],[78.55379,17.43748],[78.5559,17.43855],[78.55608,17.43865],[78.55747,17.43866],[78.55746,17.43866],[78.5574,17.4387],[78.55309,17.44131],[78.55772,17.4443],[78.55735,17.44663],[78.55865,17.44729],[78.56024,17.4481]]]}},{"type":"Feature","properties":{"ward_id":"7852364","name":"Ward 20 RK Puram"},"geometry":{"type":"Polygon","coordinates":[[[78.5518,17.3524],[78.55062,17.35245],[78.55036,17.35142],[78.5483,17.3512],[78.547,17.35108],[78.54661,17.35164],[78.54632,17.35275],[78.54441,17.35989],[78.54379,17.36191],[78.54258,17.36522],[78.54256,17.36528],[78.54274,17.36544],[78.54319,17.36579],[78.54322,17.36582],[78.5438,17.36631],[78.54521,17.36687],[78.54569,17.36706],[78.5464,17.37257],[78.54641,17.37262],[78.5492,17.37364],[78.54939,17.3723],[78.54941,17.3721],[78.55359,17.36826],[78.55526,17.36684],[78.55583,17.3658],[78.5564,17.36501],[78.55686,17.36435],[78.55715,17.36243],[78.5572,17.36211],[78.55604,17.36145],[78.55295,17.35435],[78.55383,17.35283],[78.5518,17.3524]]]}},{"type":"Feature","properties":{"ward_id":"7852365","name":"Ward 21 Kothapet"},"geometry":{"type":"Polygon","coordinates":[[[78.5557,17.35306],[78.55767,17.35971],[78.55733,17.36241],[78.55722,17.36327],[78.55721,17.36345],[78.55705,17.36555],[78.55832,17.38314],[78.55197,17.38044],[78.54895,17.38105],[78.54706,17.38281],[78.5432,17.38372],[78.54315,17.38268],[78.54291,17.37789],[78.54287,17.37754],[78.54277,17.37654],[78.54264,17.37546],[78.54116,17.37553],[78.54034,17.37632],[78.53971,17.3766],[78.539,17.37656],[78.53917,17.37451],[78.53826,17.37455],[78.53878,17.3722],[78.53905,17.37096],[78.54007,17.3712],[78.54029,17.37125],[78.54031,17.37096],[78.54033,17.37049],[78.54323,17.37209],[78.54338,17.37214],[78.54602,17.37256],[78.54641,17.37262],[78.5492,17.37364],[78.54939,17.3723],[78.54941,17.3721],[78.55359,17.36826],[78.55526,17.36684],[78.55583,17.3658],[78.5564,17.36501],[78.55686,17.36435],[78.55715,17.36243],[78.5572,17.36211],[78.55604,17.36145],[78.55295,17.35435],[78.55383,17.35283],[78.5518,17.3524],[78.55255,17.35101],[78.5541,17.35058],[78.5557,17.35306]]]}},{"type":"Feature","properties":{"ward_id":"7852446","name":"Ward 8 Habsiguda"},"geometry":{"type":"Polygon","coordinates":[[[78.56012,17.4016],[78.55989,17.40159],[78.55345,17.4012],[78.55057,17.40116],[78.54843,17.40114],[78.54692,17.40118],[78.54549,17.40108],[78.5427,17.40067],[78.53931,17.40007],[78.53422,17.39839],[78.53285,17.3978],[78.53323,17.39362],[78.53276,17.39147],[78.53289,17.38932],[78.53283,17.38859],[78.53154,17.38871],[78.53049,17.38402],[78.53079,17.38273],[78.52892,17.38006],[78.52856,17.37954],[78.52691,17.37796],[78.52594,17.37704],[78.52518,17.37631],[78.52839,17.38096],[78.52812,17.38228],[78.5282,17.38299],[78.52712,17.38365],[78.52682,17.38633],[78.52737,17.38811],[78.52743,17.38847],[78.52747,17.38874],[78.52839,17.3949],[78.52944,17.39525],[78.5293,17.39549],[78.5289,17.39619],[78.52843,17.39699],[78.52821,17.39737],[78.5287,17.39757],[78.52998,17.39808],[78.53261,17.40108],[78.53299,17.40391],[78.53381,17.41001],[78.53394,17.41104],[78.53535,17.41598],[78.53455,17.41995],[78.53245,17.42145],[78.53253,17.42252],[78.53297,17.4232],[78.533,17.42363],[78.53317,17.42548],[78.53454,17.42504],[78.53587,17.42472],[78.53757,17.42309],[78.53925,17.42147],[78.54549,17.41545],[78.55316,17.40788],[78.55335,17.40796],[78.55838,17.40276],[78.56012,17.4016]]]}},{"type":"Feature","properties":{"ward_id":"7852447","name":"Ward 9 Ramanthapur"},"geometry":{"type":"Polygon","coordinates":[[[78.5432,17.38372],[78.53894,17.38299],[78.53484,17.37937],[78.53122,17.37734],[78.52819,17.37583],[78.52675,17.37606],[78.52557,17.37625],[78.52518,17.37631],[78.52594,17.37704],[78.52691,17.37796],[78.52856,17.37954],[78.52892,17.38006],[78.53079,17.38273],[78.53049,17.38402],[78.53154,17.38871],[78.53283,17.38859],[78.53289,17.38932],[78.53276,17.39147],[78.53323,17.39362],[78.53285,17.3978],[78.53422,17.39839],[78.53931,17.40007],[78.5427,17.40067],[78.54549,17.40108],[78.54542,17.39811],[78.54536,17.39305],[78.5463,17.39055],[78.54315,17.39121],[78.54302,17.38865],[78.54274,17.38842],[78.54396,17.38752],[78.5432,17.38372]]]}},{"type":"Feature","properties":{"ward_id":"7852804","name":"Ward 92 Venkateshwara Colony"},"geometry":{"type":"Polygon","coordinates":[[[78.45243,17.42676],[78.45062,17.42919],[78.4501,17.4299],[78.44891,17.42973],[78.44815,17.42966],[78.44708,17.42983],[78.44346,17.43013],[78.43691,17.43014],[78.43647,17.42948],[78.43634,17.42907],[78.43724,17.42893],[78.43798,17.42882],[78.43786,17.42816],[78.44001,17.42724],[78.43241,17.42495],[78.43119,17.42459],[78.42621,17.4231],[78.41734,17.42631],[78.41652,17.42647],[78.41592,17.42648],[78.4155,17.42635],[78.41504,17.42595],[78.41337,17.42331],[78.41151,17.42277],[78.41098,17.42031],[78.41204,17.41996],[78.4132,17.41767],[78.4152,17.41701],[78.42156,17.41493],[78.42295,17.4143],[78.42451,17.4142],[78.42523,17.41455],[78.42612,17.41555],[78.43857,17.41318],[78.44086,17.41275],[78.44182,17.41303],[78.4423,17.41542],[78.44398,17.41594],[78.44521,17.41556],[78.44606,17.41529],[78.44794,17.41499],[78.44971,17.41493],[78.44901,17.41558],[78.44901,17.41756],[78.44882,17.41818],[78.44847,17.41889],[78.44802,17.41947],[78.44867,17.42101],[78.4489,17.4215],[78.44939,17.42255],[78.44891,17.42331],[78.44815,17.424],[78.44859,17.42523],[78.45009,17.426],[78.45192,17.42665],[78.45243,17.42676]]]}},{"type":"Feature","properties":{"ward_id":"7852805","name":"Ward 93 Banjara Hills"},"geometry":{"type":"Polygon","coordinates":[[[78.45781,17.4092],[78.45673,17.4094],[78.4555,17.40919],[78.45482,17.40878],[78.45456,17.40861],[78.45369,17.40853],[78.45323,17.40849],[78.45311,17.4084],[78.45133,17.40718],[78.44848,17.40523],[78.44423,17.40512],[78.43884,17.40345],[78.43853,17.40354],[78.43553,17.40443],[78.4345,17.40663],[78.4335,17.40579],[78.43189,17.40672],[78.43296,17.40513],[78.43098,17.40502],[78.43048,17.40557],[78.42811,17.40544],[78.4273,17.4054],[78.42721,17.40627],[78.41913,17.40841],[78.42059,17.40946],[78.42042,17.41087],[78.42006,17.41192],[78.42104,17.41246],[78.42096,17.4128],[78.42156,17.41493],[78.42295,17.4143],[78.42451,17.4142],[78.42523,17.41455],[78.42612,17.41555],[78.43857,17.41318],[78.44086,17.41275],[78.44182,17.41303],[78.4423,17.41542],[78.44398,17.41594],[78.44521,17.41556],[78.44606,17.41529],[78.44794,17.41499],[78.44971,17.41493],[78.45065,17.41406],[78.45015,17.41314],[78.45143,17.41298],[78.45273,17.41281],[78.45345,17.41326],[78.45376,17.4128],[78.45403,17.41129],[78.4553,17.41106],[78.4564,17.41131],[78.46011,17.41307],[78.46055,17.41212],[78.45865,17.41121],[78.45781,17.4092]]]}},{"type":"Feature","properties":{"ward_id":"7852863","name":"Ward 126 Jagathgirigutta"},"geometry":{"type":"Polygon","coordinates":[[[78.43242,17.51257],[78.43191,17.51136],[78.43146,17.51],[78.43143,17.50869],[78.4318,17.50827],[78.43167,17.50803],[78.43135,17.5075],[78.43015,17.50352],[78.43029,17.50306],[78.43037,17.50274],[78.43055,17.50243],[78.43069,17.50192],[78.4325,17.49991],[78.43301,17.49777],[78.42914,17.49926],[78.42852,17.49907],[78.42748,17.49873],[78.42721,17.49899],[78.42721,17.50049],[78.4266,17.50137],[78.42223,17.50239],[78.42045,17.50274],[78.4195,17.50381],[78.41732,17.50427],[78.41743,17.50739],[78.41671,17.50819],[78.41275,17.50937],[78.41271,17.51069],[78.41282,17.511],[78.41291,17.51127],[78.41374,17.51357],[78.41666,17.51355],[78.41786,17.51354],[78.41963,17.51266],[78.42404,17.5146],[78.42555,17.514],[78.42634,17.51353],[78.42748,17.51284],[78.42889,17.51346],[78.42986,17.51284],[78.42995,17.51416],[78.43136,17.51469],[78.43242,17.51257]]]}},{"type":"Feature","properties":{"ward_id":"7852864","name":"Ward 124 Alwyn Colony"},"geometry":{"type":"Polygon","coordinates":[[[78.41374,17.51357],[78.41291,17.51127],[78.41282,17.511],[78.41271,17.51069],[78.41275,17.50937],[78.41671,17.50819],[78.41743,17.50739],[78.41732,17.50427],[78.4195,17.50381],[78.42045,17.50274],[78.41761,17.5011],[78.4164,17.50055],[78.41528,17.50007],[78.41457,17.49971],[78.41441,17.49964],[78.41393,17.49941],[78.41223,17.4988],[78.41174,17.49862],[78.41074,17.49826],[78.40993,17.49827],[78.40717,17.49716],[78.40643,17.49658],[78.40453,17.49579],[78.40268,17.49679],[78.40237,17.49724],[78.40197,17.49784],[78.40232,17.49873],[78.40172,17.49944],[78.40145,17.50208],[78.40161,17.50374],[78.40053,17.5063],[78.40022,17.50704],[78.40145,17.50817],[78.40328,17.51337],[78.404,17.51373],[78.4049,17.51376],[78.40671,17.51409],[78.40827,17.514],[78.40949,17.5139],[78.41044,17.51382],[78.41354,17.51357],[78.41374,17.51357]]]}},{"type":"Feature","properties":{"ward_id":"7852865","name":"Ward 128 Chintal"},"geometry":{"type":"Polygon","coordinates":[[[78.43735,17.51667],[78.43828,17.51612],[78.44178,17.51407],[78.44209,17.5129],[78.44256,17.51271],[78.44326,17.5124],[78.44566,17.51161],[78.44763,17.51106],[78.44784,17.51043],[78.45174,17.49872],[78.45217,17.49598],[78.45213,17.49514],[78.45208,17.49414],[78.45104,17.49049],[78.45022,17.48761],[78.44591,17.48872],[78.44579,17.49044],[78.44553,17.49429],[78.44514,17.4951],[78.4443,17.49503],[78.44346,17.49518],[78.44203,17.49626],[78.43804,17.49706],[78.4379,17.49702],[78.43559,17.49635],[78.43301,17.49777],[78.4325,17.49991],[78.43069,17.50192],[78.43055,17.50243],[78.43037,17.50274],[78.43029,17.50306],[78.43015,17.50352],[78.43135,17.5075],[78.43167,17.50803],[78.4318,17.50827],[78.43143,17.50869],[78.43146,17.51],[78.43191,17.51136],[78.43242,17.51257],[78.43665,17.51583],[78.43735,17.51667]]]}},{"type":"Feature","properties":{"ward_id":"7852866","name":"Ward 132 Jeedimetla"},"geometry":{"type":"Polygon","coordinates":[[[78.47026,17.49582],[78.4704,17.49583],[78.47086,17.49583],[78.47414,17.4959],[78.47874,17.49462],[78.47891,17.49457],[78.47907,17.49489],[78.48178,17.50071],[78.48226,17.50165],[78.48346,17.50492],[78.48378,17.50579],[78.4839,17.5061],[78.48391,17.50613],[78.4852,17.50944],[78.48489,17.51407],[78.48471,17.51436],[78.48461,17.5145],[78.48468,17.51496],[78.48476,17.51557],[78.48511,17.51767],[78.48525,17.5185],[78.48535,17.51914],[78.48549,17.51995],[78.48534,17.52052],[78.48762,17.52084],[78.49393,17.52172],[78.4949,17.52322],[78.50062,17.52287],[78.50221,17.52587],[78.50055,17.52742],[78.49901,17.52739],[78.49304,17.52726],[78.49278,17.52781],[78.49218,17.5291],[78.491,17.53162],[78.49084,17.53162],[78.48886,17.53161],[78.4841,17.52475],[78.47861,17.52476],[78.47296,17.52655],[78.46596,17.52876],[78.46511,17.52903],[78.46528,17.5227],[78.46693,17.52213],[78.46489,17.51611],[78.46533,17.51578],[78.4651,17.5154],[78.46547,17.51376],[78.46491,17.51175],[78.4656,17.51134],[78.4654,17.51101],[78.46697,17.50842],[78.46691,17.50761],[78.46774,17.50607],[78.46829,17.50558],[78.46785,17.50499],[78.4667,17.50636],[78.46581,17.50712],[78.46466,17.50782],[78.46323,17.50777],[78.46192,17.50773],[78.45971,17.50765],[78.45935,17.5084],[78.45764,17.51007],[78.45556,17.51159],[78.45533,17.511],[78.45458,17.50884],[78.45449,17.50774],[78.45647,17.50639],[78.45569,17.50574],[78.45527,17.50471],[78.45576,17.50305],[78.46128,17.50077],[78.46265,17.5018],[78.46504,17.50128],[78.46556,17.50069],[78.46434,17.49813],[78.46629,17.49735],[78.46798,17.49768],[78.47026,17.49582]]]}},{"type":"Feature","properties":{"ward_id":"7852867","name":"Ward 130 Subash Nagar"},"geometry":{"type":"Polygon","coordinates":[[[78.45458,17.50884],[78.45533,17.511],[78.45556,17.51159],[78.45764,17.51007],[78.45935,17.5084],[78.45971,17.50765],[78.46192,17.50773],[78.46323,17.50777],[78.46466,17.50782],[78.46581,17.50712],[78.4667,17.50636],[78.46785,17.50499],[78.46829,17.50558],[78.46774,17.50607],[78.46691,17.50761],[78.46697,17.50842],[78.4654,17.51101],[78.4656,17.51134],[78.46491,17.51175],[78.46547,17.51376],[78.4651,17.5154],[78.46533,17.51578],[78.46489,17.51611],[78.46693,17.52213],[78.46528,17.5227],[78.46511,17.52903],[78.46107,17.52923],[78.45852,17.53033],[78.45865,17.53045],[78.46041,17.53203],[78.45908,17.53283],[78.4565,17.53224],[78.44434,17.53461],[78.44362,17.54525],[78.44301,17.54997],[78.4422,17.55245],[78.43971,17.55347],[78.43934,17.55349],[78.43374,17.55368],[78.43369,17.55146],[78.43368,17.5513],[78.43647,17.54955],[78.43621,17.54382],[78.43577,17.54107],[78.43392,17.54086],[78.43439,17.53741],[78.43453,17.53587],[78.43862,17.52783],[78.44037,17.52664],[78.44147,17.52557],[78.44378,17.52253],[78.44609,17.51917],[78.44644,17.51778],[78.44678,17.51638],[78.44728,17.51313],[78.44762,17.51192],[78.44763,17.51106],[78.44985,17.51122],[78.45048,17.5109],[78.45458,17.50884]]]}},{"type":"Feature","properties":{"ward_id":"7852869","name":"Ward 125 Gajularamaram"},"geometry":{"type":"Polygon","coordinates":[[[78.43735,17.51667],[78.43665,17.51583],[78.43242,17.51257],[78.43136,17.51469],[78.42995,17.51416],[78.42986,17.51284],[78.42889,17.51346],[78.42748,17.51284],[78.42634,17.51353],[78.42555,17.514],[78.42404,17.5146],[78.41963,17.51266],[78.41786,17.51354],[78.41666,17.51355],[78.41374,17.51357],[78.41354,17.51357],[78.41044,17.51382],[78.40949,17.5139],[78.40827,17.514],[78.40075,17.51743],[78.39886,17.51735],[78.39863,17.51734],[78.39793,17.51954],[78.39775,17.51901],[78.39766,17.51972],[78.39643,17.5199],[78.3966,17.52263],[78.39519,17.5251],[78.39492,17.52642],[78.3943,17.53285],[78.39362,17.54068],[78.39534,17.54016],[78.39592,17.54055],[78.40066,17.54373],[78.40194,17.54494],[78.40232,17.54531],[78.40585,17.54583],[78.40837,17.54588],[78.40845,17.54555],[78.40887,17.54366],[78.41063,17.53974],[78.41221,17.53769],[78.4138,17.53753],[78.41439,17.53583],[78.4149,17.53441],[78.41617,17.53437],[78.41943,17.53449],[78.42194,17.53359],[78.42307,17.53632],[78.42639,17.53764],[78.42632,17.53418],[78.42639,17.53319],[78.42838,17.53225],[78.4283,17.52966],[78.4285,17.5296],[78.42916,17.52937],[78.42928,17.52844],[78.43203,17.52832],[78.43223,17.52632],[78.43229,17.52453],[78.43442,17.52423],[78.4342,17.52291],[78.43653,17.52122],[78.43477,17.5196],[78.43735,17.51667]]]}},{"type":"Feature","properties":{"ward_id":"7853538","name":"Ward 116 Allapur"},"geometry":{"type":"Polygon","coordinates":[[[78.3783,17.47689],[78.38397,17.47306],[78.38535,17.47033],[78.38658,17.4661],[78.3899,17.46401],[78.396,17.46413],[78.39959,17.46225],[78.40347,17.46012],[78.40402,17.46123],[78.40518,17.46323],[78.41055,17.46293],[78.41432,17.46271],[78.41574,17.46135],[78.41649,17.45933],[78.4164,17.4587],[78.41522,17.45851],[78.41496,17.45494],[78.41521,17.4552],[78.41629,17.45635],[78.41968,17.45457],[78.41983,17.45396],[78.41826,17.45388],[78.41747,17.45384],[78.41568,17.4542],[78.41487,17.45433],[78.41449,17.45439],[78.41055,17.45543],[78.40813,17.45316],[78.40527,17.45048],[78.40511,17.45049],[78.40423,17.45054],[78.40233,17.45065],[78.40101,17.45082],[78.40059,17.45279],[78.39919,17.45364],[78.3972,17.45436],[78.39306,17.45549],[78.38893,17.45981],[78.38267,17.46926],[78.37991,17.47138],[78.37641,17.4728],[78.37748,17.47485],[78.37814,17.47649],[78.3783,17.47689]]]}},{"type":"Feature","properties":{"ward_id":"7853539","name":"Ward 114 KPHB Colony"},"geometry":{"type":"Polygon","coordinates":[[[78.38535,17.47033],[78.38712,17.47132],[78.39147,17.46971],[78.39395,17.47409],[78.39558,17.47699],[78.39412,17.48203],[78.39342,17.48283],[78.39509,17.48704],[78.39334,17.48875],[78.39392,17.48992],[78.39446,17.49098],[78.39474,17.49158],[78.39456,17.49293],[78.39571,17.493],[78.39663,17.4944],[78.39727,17.49582],[78.39561,17.49623],[78.39432,17.49658],[78.39146,17.49814],[78.39122,17.49819],[78.391,17.49825],[78.39075,17.49831],[78.39011,17.49847],[78.38418,17.49918],[78.38245,17.49936],[78.37946,17.498],[78.378,17.49746],[78.37682,17.4972],[78.37381,17.49655],[78.37185,17.49389],[78.36978,17.49183],[78.36969,17.49163],[78.36883,17.48974],[78.3688,17.48968],[78.36791,17.4877],[78.36612,17.48375],[78.36568,17.48291],[78.36606,17.4825],[78.36731,17.48231],[78.36958,17.48196],[78.37219,17.48163],[78.3753,17.47909],[78.37702,17.48354],[78.37711,17.48751],[78.38011,17.49172],[78.38155,17.49136],[78.38239,17.49076],[78.38257,17.48958],[78.38124,17.48614],[78.37921,17.48085],[78.37878,17.48056],[78.3783,17.47689],[78.38397,17.47306],[78.38535,17.47033]]]}},{"type":"Feature","properties":{"ward_id":"7853540","name":"Ward 108 Miyapur"},"geometry":{"type":"Polygon","coordinates":[[[78.34789,17.49418],[78.34819,17.49412],[78.34915,17.49394],[78.34927,17.49392],[78.35186,17.49444],[78.35212,17.49449],[78.35226,17.49452],[78.35248,17.49456],[78.35254,17.49457],[78.35331,17.49473],[78.35811,17.49589],[78.35993,17.49644],[78.36111,17.49651],[78.36154,17.49654],[78.37381,17.49655],[78.37386,17.49713],[78.3739,17.49738],[78.37391,17.49751],[78.37452,17.50204],[78.37526,17.50696],[78.37326,17.50743],[78.37323,17.51293],[78.37217,17.5146],[78.37093,17.51469],[78.37093,17.51672],[78.37069,17.51893],[78.37067,17.5191],[78.36999,17.51902],[78.36883,17.51888],[78.36864,17.51886],[78.36602,17.51891],[78.36519,17.51952],[78.36444,17.52006],[78.36247,17.52113],[78.36113,17.52017],[78.36078,17.51991],[78.36026,17.51954],[78.35666,17.52025],[78.35135,17.52131],[78.351,17.52112],[78.35021,17.52069],[78.34642,17.52077],[78.34566,17.52079],[78.34553,17.52079],[78.34218,17.52086],[78.34156,17.51919],[78.34155,17.518],[78.34333,17.51742],[78.34608,17.51652],[78.34779,17.51499],[78.34906,17.51321],[78.34562,17.50884],[78.34218,17.50455],[78.34252,17.49915],[78.34846,17.49837],[78.34789,17.49418]]]}},{"type":"Feature","properties":{"ward_id":"7853541","name":"Ward 107 Madhapur"},"geometry":{"type":"Polygon","coordinates":[[[78.40527,17.45048],[78.40501,17.44997],[78.40474,17.44941],[78.4044,17.4484],[78.40517,17.44805],[78.4055,17.4479],[78.40617,17.44578],[78.40573,17.44536],[78.40546,17.44511],[78.40583,17.4446],[78.40669,17.44342],[78.4066,17.44232],[78.40658,17.44206],[78.40215,17.44051],[78.40212,17.4405],[78.40005,17.43937],[78.39951,17.43882],[78.39923,17.43852],[78.39843,17.4386],[78.39733,17.43871],[78.39649,17.43925],[78.39615,17.43947],[78.39509,17.44007],[78.39386,17.44095],[78.39359,17.44096],[78.38895,17.44144],[78.38805,17.44163],[78.38734,17.44354],[78.38619,17.44554],[78.38377,17.44864],[78.38134,17.45142],[78.38001,17.45288],[78.37906,17.45353],[78.37587,17.45727],[78.37256,17.45722],[78.36958,17.458],[78.3663,17.45866],[78.36591,17.45903],[78.36661,17.46235],[78.36688,17.46567],[78.36653,17.46776],[78.36558,17.46913],[78.36489,17.47099],[78.36291,17.475],[78.36299,17.47544],[78.36273,17.47606],[78.36119,17.47942],[78.36064,17.4824],[78.36043,17.48399],[78.36378,17.48329],[78.36352,17.48469],[78.36361,17.48585],[78.36238,17.48664],[78.3621,17.48805],[78.36105,17.48813],[78.36088,17.4893],[78.36045,17.48936],[78.35982,17.48946],[78.35986,17.49007],[78.36002,17.49206],[78.35959,17.49294],[78.35811,17.49589],[78.35993,17.49644],[78.36111,17.49651],[78.36154,17.49654],[78.37381,17.49655],[78.37185,17.49389],[78.36978,17.49183],[78.36969,17.49163],[78.36883,17.48974],[78.3688,17.48968],[78.36791,17.4877],[78.36612,17.48375],[78.36568,17.48291],[78.36606,17.4825],[78.36731,17.48231],[78.36958,17.48196],[78.37219,17.48163],[78.3753,17.47909],[78.37702,17.48354],[78.37711,17.48751],[78.38011,17.49172],[78.38155,17.49136],[78.38239,17.49076],[78.38257,17.48958],[78.38124,17.48614],[78.37921,17.48085],[78.37878,17.48056],[78.3783,17.47689],[78.37814,17.47649],[78.37748,17.47485],[78.37641,17.4728],[78.37991,17.47138],[78.38267,17.46926],[78.38893,17.45981],[78.39306,17.45549],[78.3972,17.45436],[78.39919,17.45364],[78.40059,17.45279],[78.40101,17.45082],[78.40233,17.45065],[78.40423,17.45054],[78.40511,17.45049],[78.40527,17.45048]]]}},{"type":"Feature","properties":{"ward_id":"7853542","name":"Ward 109 Hafeezpet"},"geometry":{"type":"Polygon","coordinates":[[[78.34789,17.49418],[78.34672,17.4944],[78.34553,17.49462],[78.3426,17.4951],[78.33982,17.49485],[78.3346,17.49522],[78.3308,17.49481],[78.32679,17.49498],[78.32623,17.49498],[78.32655,17.49451],[78.32561,17.49394],[78.32458,17.49384],[78.32457,17.49324],[78.32454,17.49141],[78.32762,17.49097],[78.32771,17.48693],[78.32815,17.4869],[78.32958,17.48666],[78.33085,17.48697],[78.33329,17.48777],[78.33495,17.48813],[78.33661,17.48858],[78.33862,17.48862],[78.33987,17.48856],[78.34083,17.488],[78.34543,17.48417],[78.34618,17.48343],[78.34738,17.48288],[78.34972,17.48231],[78.35038,17.48232],[78.36064,17.4824],[78.36043,17.48399],[78.36378,17.48329],[78.36352,17.48469],[78.36361,17.48585],[78.36238,17.48664],[78.3621,17.48805],[78.36105,17.48813],[78.36088,17.4893],[78.36045,17.48936],[78.35982,17.48946],[78.35986,17.49007],[78.36002,17.49206],[78.35959,17.49294],[78.35811,17.49589],[78.35331,17.49473],[78.35254,17.49457],[78.35248,17.49456],[78.35226,17.49452],[78.35212,17.49449],[78.35186,17.49444],[78.34927,17.49392],[78.34915,17.49394],[78.34819,17.49412],[78.34789,17.49418]]]}},{"type":"Feature","properties":{"ward_id":"7853543","name":"Ward 110 Chandanagar"},"geometry":{"type":"Polygon","coordinates":[[[78.31602,17.49328],[78.31662,17.4942],[78.3162,17.49185],[78.31683,17.49087],[78.3179,17.49026],[78.31848,17.49007],[78.31904,17.48977],[78.31943,17.4892],[78.31995,17.48854],[78.31998,17.48849],[78.32,17.48844],[78.32005,17.48834],[78.32011,17.4882],[78.32018,17.48804],[78.32019,17.48788],[78.32023,17.48754],[78.32023,17.4874],[78.32014,17.4871],[78.32007,17.48646],[78.31997,17.48543],[78.32017,17.48505],[78.32055,17.48468],[78.3228,17.48565],[78.32393,17.48628],[78.3253,17.48678],[78.32587,17.48718],[78.3267,17.48701],[78.32771,17.48693],[78.32762,17.49097],[78.32454,17.49141],[78.32457,17.49324],[78.32458,17.49384],[78.32561,17.49394],[78.32655,17.49451],[78.32623,17.49498],[78.32679,17.49498],[78.3308,17.49481],[78.3346,17.49522],[78.33982,17.49485],[78.3426,17.4951],[78.34553,17.49462],[78.34672,17.4944],[78.34789,17.49418],[78.34846,17.49837],[78.34252,17.49915],[78.34218,17.50455],[78.34562,17.50884],[78.34906,17.51321],[78.34779,17.51499],[78.34608,17.51652],[78.34333,17.51742],[78.34155,17.518],[78.33698,17.51822],[78.33673,17.51726],[78.33387,17.51707],[78.33711,17.51599],[78.33514,17.51259],[78.33415,17.51225],[78.33477,17.51139],[78.33476,17.51082],[78.33464,17.50711],[78.33312,17.50633],[78.33136,17.50542],[78.32804,17.50766],[78.32756,17.50799],[78.32419,17.5085],[78.32323,17.50846],[78.32258,17.50844],[78.32246,17.50711],[78.32258,17.50617],[78.32089,17.50592],[78.3166,17.50621],[78.31632,17.5084],[78.30814,17.50799],[78.30823,17.50789],[78.30896,17.50709],[78.3102,17.50594],[78.31025,17.50592],[78.31304,17.50484],[78.31413,17.50364],[78.31415,17.50361],[78.31424,17.50152],[78.31495,17.50091],[78.31561,17.50034],[78.3163,17.49948],[78.31643,17.4989],[78.31668,17.49778],[78.31696,17.49691],[78.31602,17.49328]]]}},{"type":"Feature","properties":{"ward_id":"7853544","name":"Ward 106 Serilingampally"},"geometry":{"type":"Polygon","coordinates":[[[78.32771,17.48693],[78.3267,17.48701],[78.32587,17.48718],[78.3253,17.48678],[78.32393,17.48628],[78.3228,17.48565],[78.32055,17.48468],[78.32017,17.48505],[78.31997,17.48543],[78.32007,17.48646],[78.32014,17.4871],[78.32023,17.4874],[78.32023,17.48754],[78.32019,17.48788],[78.32018,17.48804],[78.32011,17.4882],[78.32005,17.48834],[78.32,17.48844],[78.31998,17.48849],[78.31995,17.48854],[78.31943,17.4892],[78.31904,17.48977],[78.31848,17.49007],[78.3179,17.49026],[78.31683,17.49087],[78.3162,17.49185],[78.31662,17.4942],[78.31602,17.49328],[78.31517,17.49295],[78.31487,17.49232],[78.31439,17.49132],[78.31388,17.48935],[78.31349,17.48757],[78.31306,17.48615],[78.31284,17.48572],[78.31236,17.48463],[78.31133,17.48267],[78.31078,17.48009],[78.31157,17.48004],[78.31175,17.48002],[78.31189,17.48002],[78.3125,17.47997],[78.31256,17.47995],[78.31315,17.4799],[78.31962,17.47938],[78.31969,17.47854],[78.31992,17.4777],[78.32042,17.47764],[78.32137,17.47752],[78.32143,17.47752],[78.3225,17.47827],[78.32288,17.47825],[78.32333,17.47806],[78.32375,17.47778],[78.32449,17.47673],[78.32515,17.47568],[78.32666,17.47338],[78.32962,17.47117],[78.32991,17.4706],[78.33043,17.46904],[78.33177,17.46729],[78.33274,17.46615],[78.33354,17.46517],[78.33443,17.4638],[78.33547,17.46185],[78.33684,17.46054],[78.33904,17.45753],[78.33969,17.45665],[78.34117,17.45522],[78.34205,17.45431],[78.34368,17.45237],[78.3446,17.45154],[78.34537,17.45113],[78.34652,17.45053],[78.34702,17.45019],[78.3509,17.44646],[78.35206,17.44535],[78.3521,17.44531],[78.35449,17.44343],[78.35918,17.44135],[78.36321,17.43881],[78.36371,17.43849],[78.36351,17.44039],[78.36274,17.44171],[78.36295,17.44358],[78.36349,17.44663],[78.36389,17.44886],[78.3638,17.45209],[78.3638,17.45553],[78.36253,17.45618],[78.36207,17.45641],[78.34899,17.46305],[78.34744,17.46354],[78.34907,17.46806],[78.34914,17.47114],[78.34917,17.4722],[78.34925,17.47494],[78.34972,17.47805],[78.34979,17.47969],[78.34981,17.48014],[78.34972,17.48231],[78.34738,17.48288],[78.34618,17.48343],[78.34543,17.48417],[78.34083,17.488],[78.33987,17.48856],[78.33862,17.48862],[78.33661,17.48858],[78.33495,17.48813],[78.33329,17.48777],[78.33085,17.48697],[78.32958,17.48666],[78.32815,17.4869],[78.32771,17.48693]]]}},{"type":"Feature","properties":{"ward_id":"7853545","name":"Ward 104 Kondapur"},"geometry":{"type":"Polygon","coordinates":[[[78.39495,17.41286],[78.39474,17.41309],[78.3941,17.41395],[78.39275,17.41497],[78.39152,17.41623],[78.38874,17.4178],[78.38742,17.41866],[78.3862,17.41962],[78.38347,17.42164],[78.3817,17.42255],[78.3783,17.42537],[78.37725,17.4263],[78.37623,17.42715],[78.37439,17.42881],[78.37291,17.43028],[78.37153,17.4314],[78.37052,17.43223],[78.36935,17.43337],[78.36935,17.43338],[78.36933,17.4334],[78.36932,17.4334],[78.3693,17.43342],[78.3693,17.43342],[78.36929,17.43344],[78.36926,17.43346],[78.36924,17.43348],[78.36806,17.43463],[78.3643,17.43797],[78.36406,17.43818],[78.36371,17.43849],[78.36351,17.44039],[78.36274,17.44171],[78.36295,17.44358],[78.36349,17.44663],[78.36389,17.44886],[78.3638,17.45209],[78.3638,17.45553],[78.36253,17.45618],[78.36207,17.45641],[78.34899,17.46305],[78.34744,17.46354],[78.34907,17.46806],[78.34914,17.47114],[78.34917,17.4722],[78.34925,17.47494],[78.34972,17.47805],[78.34979,17.47969],[78.34981,17.48014],[78.34972,17.48231],[78.35038,17.48232],[78.36064,17.4824],[78.36119,17.47942],[78.36273,17.47606],[78.36299,17.47544],[78.36291,17.475],[78.36489,17.47099],[78.36558,17.46913],[78.36653,17.46776],[78.36688,17.46567],[78.36661,17.46235],[78.36591,17.45903],[78.3663,17.45866],[78.36958,17.458],[78.37256,17.45722],[78.37587,17.45727],[78.37906,17.45353],[78.38001,17.45288],[78.38134,17.45142],[78.38377,17.44864],[78.38619,17.44554],[78.38734,17.44354],[78.38805,17.44163],[78.38895,17.44144],[78.39359,17.44096],[78.39386,17.44095],[78.39509,17.44007],[78.39615,17.43947],[78.39572,17.43794],[78.39538,17.43707],[78.39708,17.43712],[78.39728,17.43713],[78.39862,17.43468],[78.39792,17.43354],[78.39925,17.43213],[78.39912,17.43187],[78.39876,17.43119],[78.39629,17.43065],[78.39583,17.43062],[78.39396,17.43051],[78.39335,17.43047],[78.39335,17.42967],[78.39519,17.42859],[78.3944,17.42675],[78.39632,17.42632],[78.39828,17.42471],[78.39855,17.41927],[78.39898,17.4181],[78.39844,17.41821],[78.39767,17.41758],[78.39822,17.4152],[78.39908,17.41342],[78.39834,17.41334],[78.39748,17.41176],[78.39718,17.41122],[78.39553,17.41243],[78.39495,17.41286]]]}},{"type":"Feature","properties":{"ward_id":"7854080","name":"Ward 78 Gunfoundry"},"geometry":{"type":"Polygon","coordinates":[[[78.48905,17.39072],[78.48721,17.39078],[78.48549,17.39024],[78.48326,17.39387],[78.48195,17.39356],[78.48008,17.39373],[78.48008,17.39394],[78.48006,17.39571],[78.47984,17.39628],[78.47912,17.39815],[78.47757,17.39968],[78.47553,17.40095],[78.4771,17.40626],[78.47714,17.40669],[78.47711,17.40678],[78.47679,17.40743],[78.47633,17.40798],[78.47579,17.40856],[78.47549,17.40871],[78.47415,17.4083],[78.47356,17.40821],[78.47129,17.40788],[78.46842,17.40781],[78.46793,17.40737],[78.46761,17.40709],[78.46752,17.40691],[78.46734,17.40645],[78.46728,17.406],[78.46739,17.4052],[78.46784,17.40354],[78.46807,17.40271],[78.4684,17.4024],[78.47015,17.40073],[78.47071,17.39975],[78.47092,17.39833],[78.47096,17.39596],[78.47041,17.39422],[78.47007,17.39214],[78.46993,17.39131],[78.47227,17.38983],[78.4742,17.38861],[78.47631,17.38858],[78.47639,17.38979],[78.48023,17.38998],[78.48079,17.38781],[78.47959,17.38572],[78.48446,17.38513],[78.48231,17.38272],[78.47935,17.37939],[78.48152,17.37868],[78.48416,17.38056],[78.48801,17.38074],[78.48802,17.37942],[78.49183,17.37986],[78.49166,17.3809],[78.49184,17.38384],[78.49109,17.38451],[78.48993,17.38435],[78.49004,17.38617],[78.48916,17.38758],[78.48865,17.38795],[78.48832,17.38936],[78.48905,17.39072]]]}},{"type":"Feature","properties":{"ward_id":"7854081","name":"Ward 79 Himayath Nagar"},"geometry":{"type":"Polygon","coordinates":[[[78.49455,17.3988],[78.48998,17.39493],[78.48939,17.39224],[78.48905,17.39072],[78.48721,17.39078],[78.48549,17.39024],[78.48326,17.39387],[78.48195,17.39356],[78.48008,17.39373],[78.48008,17.39394],[78.48006,17.39571],[78.47984,17.39628],[78.47912,17.39815],[78.47757,17.39968],[78.47553,17.40095],[78.4771,17.40626],[78.47714,17.40669],[78.47959,17.40658],[78.48139,17.40644],[78.48281,17.40591],[78.48789,17.40277],[78.49115,17.40285],[78.49229,17.40206],[78.49414,17.39915],[78.49455,17.3988]]]}},{"type":"Feature","properties":{"ward_id":"7854082","name":"Ward 84 Bagh Amberpet"},"geometry":{"type":"Polygon","coordinates":[[[78.5289,17.39619],[78.52835,17.39596],[78.52779,17.39572],[78.5203,17.39264],[78.51626,17.39206],[78.51545,17.39194],[78.51487,17.39186],[78.5109,17.39127],[78.51083,17.3938],[78.5109,17.39469],[78.51123,17.39556],[78.51166,17.39649],[78.51306,17.39969],[78.51386,17.40157],[78.51416,17.40228],[78.51491,17.40403],[78.51491,17.40404],[78.51503,17.4043],[78.51541,17.40528],[78.51635,17.40546],[78.52148,17.40343],[78.52188,17.40327],[78.52239,17.40178],[78.52259,17.40118],[78.52239,17.40036],[78.52152,17.39841],[78.52439,17.39719],[78.52521,17.39577],[78.52654,17.39667],[78.52768,17.39682],[78.52821,17.39737],[78.52843,17.39699],[78.5289,17.39619]]]}},{"type":"Feature","properties":{"ward_id":"7854083","name":"Ward 81 Nallakunta"},"geometry":{"type":"Polygon","coordinates":[[[78.50261,17.39918],[78.50308,17.39914],[78.50367,17.39911],[78.50397,17.39913],[78.50516,17.39932],[78.50562,17.39939],[78.50631,17.39952],[78.5064,17.3997],[78.50809,17.40074],[78.51025,17.40295],[78.51184,17.40456],[78.51331,17.40545],[78.51344,17.40552],[78.51355,17.4055],[78.51379,17.40545],[78.51428,17.40528],[78.51457,17.40523],[78.51541,17.40528],[78.51503,17.4043],[78.51491,17.40404],[78.51491,17.40403],[78.51416,17.40228],[78.51386,17.40157],[78.51306,17.39969],[78.51166,17.39649],[78.51123,17.39556],[78.5109,17.39469],[78.51083,17.3938],[78.5109,17.39127],[78.50603,17.39039],[78.50479,17.38944],[78.5047,17.38936],[78.50452,17.38996],[78.50466,17.39037],[78.50502,17.39147],[78.50448,17.39358],[78.50379,17.39378],[78.50357,17.39384],[78.49725,17.39561],[78.49918,17.39605],[78.50007,17.39747],[78.50082,17.39897],[78.50261,17.39918]]]}},{"type":"Feature","properties":{"ward_id":"7854084","name":"Ward 85 Adikmet"},"geometry":{"type":"Polygon","coordinates":[[[78.51786,17.41057],[78.51789,17.41013],[78.51688,17.40802],[78.51545,17.4065],[78.51344,17.40552],[78.51331,17.40545],[78.51184,17.40456],[78.51025,17.40295],[78.50809,17.40074],[78.5064,17.3997],[78.50631,17.39952],[78.50562,17.39939],[78.50516,17.39932],[78.50397,17.39913],[78.50367,17.39911],[78.50308,17.39914],[78.50261,17.39918],[78.5031,17.40045],[78.50424,17.40337],[78.50679,17.40991],[78.50719,17.41099],[78.50749,17.41069],[78.50793,17.41034],[78.50837,17.41112],[78.51137,17.41007],[78.51242,17.41154],[78.51394,17.41128],[78.51466,17.41118],[78.5158,17.41092],[78.5161,17.41092],[78.51709,17.41056],[78.51736,17.4107],[78.51786,17.41057]]]}},{"type":"Feature","properties":{"ward_id":"7854085","name":"Ward 87 Ramnagar"},"geometry":{"type":"Polygon","coordinates":[[[78.50719,17.41099],[78.50679,17.40991],[78.50424,17.40337],[78.5031,17.40045],[78.50261,17.39918],[78.50082,17.39897],[78.50007,17.39747],[78.49918,17.39605],[78.49725,17.39561],[78.49619,17.39632],[78.49538,17.39729],[78.49455,17.3988],[78.49493,17.40044],[78.49527,17.40346],[78.49525,17.40347],[78.49582,17.40504],[78.49641,17.40671],[78.49684,17.40708],[78.49753,17.40851],[78.49779,17.41019],[78.49764,17.41334],[78.49769,17.41401],[78.49828,17.41594],[78.50179,17.41465],[78.50228,17.41461],[78.50327,17.41457],[78.50364,17.41452],[78.50435,17.41442],[78.50475,17.4142],[78.50532,17.41354],[78.50675,17.41187],[78.50706,17.41124],[78.50719,17.41099]]]}},{"type":"Feature","properties":{"ward_id":"7854086","name":"Ward 89 Gandhinagar"},"geometry":{"type":"Polygon","coordinates":[[[78.48789,17.40277],[78.49115,17.40285],[78.49229,17.40206],[78.49414,17.39915],[78.49455,17.3988],[78.49493,17.40044],[78.49527,17.40346],[78.49525,17.40347],[78.49582,17.40504],[78.49641,17.40671],[78.49684,17.40708],[78.49753,17.40851],[78.49779,17.41019],[78.49764,17.41334],[78.49769,17.41401],[78.49598,17.41394],[78.49473,17.41429],[78.49487,17.41494],[78.49077,17.41535],[78.48876,17.41555],[78.4878,17.41272],[78.48772,17.41118],[78.48816,17.40876],[78.4872,17.40417],[78.48789,17.40277]]]}},{"type":"Feature","properties":{"ward_id":"7854087","name":"Ward 86 Musheerabad"},"geometry":{"type":"Polygon","coordinates":[[[78.50916,17.42049],[78.50974,17.418],[78.50988,17.41772],[78.51015,17.41604],[78.51007,17.41555],[78.51106,17.41516],[78.51174,17.41488],[78.51222,17.41443],[78.51269,17.4137],[78.51323,17.41255],[78.51346,17.412],[78.51405,17.41166],[78.51394,17.41128],[78.51242,17.41154],[78.51137,17.41007],[78.50837,17.41112],[78.50793,17.41034],[78.50749,17.41069],[78.50719,17.41099],[78.50706,17.41124],[78.50675,17.41187],[78.50532,17.41354],[78.50475,17.4142],[78.50435,17.41442],[78.50364,17.41452],[78.50327,17.41457],[78.50228,17.41461],[78.50179,17.41465],[78.50123,17.42044],[78.50137,17.4204],[78.5024,17.42073],[78.50425,17.42012],[78.50464,17.41999],[78.50503,17.41987],[78.50532,17.41977],[78.50545,17.41981],[78.50609,17.41997],[78.50712,17.42075],[78.50789,17.42114],[78.50879,17.42102],[78.50896,17.42081],[78.50916,17.42049]]]}},{"type":"Feature","properties":{"ward_id":"7854088","name":"Ward 146 Boudha Nagar"},"geometry":{"type":"Polygon","coordinates":[[[78.52013,17.41927],[78.51891,17.41465],[78.51786,17.41057],[78.51736,17.4107],[78.51709,17.41056],[78.5161,17.41092],[78.5158,17.41092],[78.51466,17.41118],[78.51394,17.41128],[78.51405,17.41166],[78.51346,17.412],[78.51323,17.41255],[78.51269,17.4137],[78.51222,17.41443],[78.51174,17.41488],[78.51106,17.41516],[78.51007,17.41555],[78.51015,17.41604],[78.50988,17.41772],[78.50974,17.418],[78.50916,17.42049],[78.5098,17.42038],[78.51076,17.42054],[78.5133,17.42017],[78.51489,17.41991],[78.51669,17.4198],[78.51812,17.41945],[78.5191,17.41938],[78.51976,17.41931],[78.52013,17.41927]]]}},{"type":"Feature","properties":{"ward_id":"7854089","name":"Ward 88 Bholakpur"},"geometry":{"type":"Polygon","coordinates":[[[78.50123,17.42044],[78.50179,17.41465],[78.49828,17.41594],[78.49769,17.41401],[78.49598,17.41394],[78.49473,17.41429],[78.49487,17.41494],[78.49077,17.41535],[78.48876,17.41555],[78.48873,17.41713],[78.48884,17.41738],[78.48894,17.41761],[78.4889,17.418],[78.48836,17.41967],[78.48809,17.42008],[78.48888,17.42058],[78.49179,17.41966],[78.49191,17.41963],[78.49159,17.422],[78.4933,17.4218],[78.49455,17.42337],[78.49571,17.42235],[78.49622,17.42207],[78.49693,17.42174],[78.49925,17.421],[78.50055,17.42059],[78.50123,17.42044]]]}},{"type":"Feature","properties":{"ward_id":"7854090","name":"Ward 145 Seethaphalmandi"},"geometry":{"type":"Polygon","coordinates":[[[78.50916,17.42049],[78.5098,17.42038],[78.51076,17.42054],[78.5133,17.42017],[78.51489,17.41991],[78.51669,17.4198],[78.51812,17.41945],[78.5191,17.41938],[78.51976,17.41931],[78.52013,17.41927],[78.52046,17.42065],[78.52073,17.42177],[78.52098,17.42272],[78.52104,17.42303],[78.52115,17.42355],[78.52124,17.42467],[78.52118,17.42519],[78.52114,17.42537],[78.52095,17.42611],[78.52067,17.42679],[78.51955,17.42701],[78.51845,17.42711],[78.51803,17.4272],[78.51675,17.42812],[78.51601,17.42867],[78.51595,17.42874],[78.51517,17.42953],[78.51281,17.42952],[78.51158,17.4302],[78.51077,17.43056],[78.51052,17.43007],[78.51044,17.42955],[78.51031,17.42905],[78.5103,17.42898],[78.51077,17.42884],[78.51109,17.42857],[78.51158,17.42839],[78.51126,17.42794],[78.51113,17.42669],[78.51088,17.42565],[78.51058,17.42403],[78.51051,17.42364],[78.51006,17.42323],[78.50985,17.42304],[78.50993,17.42235],[78.51,17.4218],[78.50959,17.42143],[78.50961,17.42129],[78.5093,17.42106],[78.50927,17.42104],[78.50902,17.42086],[78.50897,17.42082],[78.50896,17.42081],[78.50916,17.42049]]]}},{"type":"Feature","properties":{"ward_id":"7854091","name":"Ward 147 Bansilapet"},"geometry":{"type":"Polygon","coordinates":[[[78.50615,17.4331],[78.50622,17.43293],[78.50652,17.43169],[78.50656,17.43138],[78.50669,17.43042],[78.50661,17.4298],[78.50813,17.42958],[78.50854,17.42944],[78.50921,17.42923],[78.50946,17.42915],[78.5103,17.42898],[78.51077,17.42884],[78.51109,17.42857],[78.51158,17.42839],[78.51126,17.42794],[78.51113,17.42669],[78.51088,17.42565],[78.51058,17.42403],[78.51051,17.42364],[78.51006,17.42323],[78.50985,17.42304],[78.50993,17.42235],[78.51,17.4218],[78.50959,17.42143],[78.50961,17.42129],[78.5093,17.42106],[78.50927,17.42104],[78.50902,17.42086],[78.50897,17.42082],[78.50896,17.42081],[78.50879,17.42102],[78.50789,17.42114],[78.50712,17.42075],[78.50609,17.41997],[78.50545,17.41981],[78.50532,17.41977],[78.50503,17.41987],[78.50464,17.41999],[78.50425,17.42012],[78.5024,17.42073],[78.50137,17.4204],[78.50123,17.42044],[78.50055,17.42059],[78.49925,17.421],[78.49693,17.42174],[78.49622,17.42207],[78.49571,17.42235],[78.49455,17.42337],[78.4933,17.42382],[78.4922,17.42413],[78.49262,17.42519],[78.49287,17.42622],[78.49288,17.42627],[78.49289,17.42663],[78.49318,17.4273],[78.49319,17.42786],[78.49292,17.4283],[78.4928,17.42879],[78.49259,17.42982],[78.49258,17.43098],[78.49268,17.43129],[78.49342,17.43126],[78.49819,17.432],[78.49837,17.43196],[78.50042,17.43153],[78.50213,17.43143],[78.504,17.43168],[78.50482,17.43194],[78.50574,17.43264],[78.50589,17.43277],[78.50606,17.43298],[78.50615,17.4331]]]}},{"type":"Feature","properties":{"ward_id":"7856356","name":"Ward 40 Riyasat Nagar"},"geometry":{"type":"Polygon","coordinates":[[[78.49572,17.35041],[78.49634,17.34981],[78.49704,17.34912],[78.49836,17.34891],[78.50043,17.34726],[78.50172,17.34675],[78.50195,17.34417],[78.5019,17.34411],[78.50188,17.34408],[78.50167,17.34378],[78.50162,17.34372],[78.50082,17.34369],[78.50081,17.34369],[78.5008,17.34369],[78.50013,17.34367],[78.50013,17.34357],[78.50021,17.3424],[78.50019,17.34237],[78.49978,17.34147],[78.50043,17.34096],[78.50055,17.34063],[78.50065,17.34036],[78.50089,17.33974],[78.50053,17.33948],[78.5003,17.33931],[78.49905,17.33842],[78.49709,17.33702],[78.49694,17.33692],[78.49413,17.33488],[78.49303,17.33408],[78.49154,17.33505],[78.49174,17.33706],[78.49146,17.33743],[78.49084,17.33914],[78.49163,17.33914],[78.49121,17.34182],[78.49207,17.34215],[78.49413,17.34253],[78.49416,17.34466],[78.49498,17.34475],[78.49532,17.34787],[78.49562,17.34855],[78.49563,17.34928],[78.49565,17.34948],[78.49572,17.35041]]]}},{"type":"Feature","properties":{"ward_id":"7856357","name":"Ward 36 Lalithabagh"},"geometry":{"type":"Polygon","coordinates":[[[78.4836,17.3423],[78.48606,17.34552],[78.48655,17.34601],[78.48807,17.34747],[78.48843,17.348],[78.4888,17.34853],[78.48905,17.34894],[78.48973,17.35024],[78.49061,17.35416],[78.49186,17.35384],[78.49306,17.35316],[78.49329,17.35302],[78.49572,17.35041],[78.49565,17.34948],[78.49563,17.34928],[78.49562,17.34855],[78.49532,17.34787],[78.49498,17.34475],[78.49416,17.34466],[78.49413,17.34253],[78.49207,17.34215],[78.49121,17.34182],[78.49163,17.33914],[78.49084,17.33914],[78.48985,17.34109],[78.4859,17.3424],[78.4836,17.3423]]]}},{"type":"Feature","properties":{"ward_id":"7856358","name":"Ward 35 Gowlipura"},"geometry":{"type":"Polygon","coordinates":[[[78.47588,17.34595],[78.47702,17.34485],[78.4779,17.34364],[78.47823,17.34274],[78.47983,17.33971],[78.48057,17.33725],[78.48214,17.33784],[78.48257,17.33915],[78.48169,17.33882],[78.48079,17.33878],[78.4818,17.34011],[78.4836,17.3423],[78.48606,17.34552],[78.48655,17.34601],[78.48519,17.3476],[78.4838,17.34807],[78.48105,17.34856],[78.47893,17.34883],[78.47879,17.34885],[78.47845,17.34947],[78.47756,17.35014],[78.47736,17.35051],[78.47709,17.35046],[78.47698,17.35045],[78.47676,17.35044],[78.47546,17.3508],[78.47519,17.35079],[78.47294,17.3507],[78.4729,17.35071],[78.4725,17.35082],[78.4724,17.35041],[78.47213,17.34941],[78.47031,17.34694],[78.4701,17.34568],[78.47181,17.34627],[78.47376,17.34652],[78.4741,17.34656],[78.4753,17.34663],[78.47588,17.34595]]]}},{"type":"Feature","properties":{"ward_id":"7856359","name":"Ward 44 Uppuguda"},"geometry":{"type":"Polygon","coordinates":[[[78.47982,17.32788],[78.48013,17.33075],[78.48016,17.331],[78.48099,17.33359],[78.48107,17.33402],[78.4809,17.33473],[78.48057,17.33725],[78.48214,17.33784],[78.48257,17.33915],[78.48169,17.33882],[78.48079,17.33878],[78.4818,17.34011],[78.4836,17.3423],[78.4859,17.3424],[78.48985,17.34109],[78.49084,17.33914],[78.49146,17.33743],[78.49174,17.33706],[78.49154,17.33505],[78.49303,17.33408],[78.49145,17.33275],[78.49073,17.33215],[78.48626,17.33034],[78.48167,17.3285],[78.47982,17.32788]]]}},{"type":"Feature","properties":{"ward_id":"7856360","name":"Ward 45 Jangammet"},"geometry":{"type":"Polygon","coordinates":[[[78.47588,17.34595],[78.47702,17.34485],[78.4779,17.34364],[78.47823,17.34274],[78.47983,17.33971],[78.48057,17.33725],[78.4809,17.33473],[78.48107,17.33402],[78.48099,17.33359],[78.48016,17.331],[78.48013,17.33075],[78.47982,17.32788],[78.47757,17.32712],[78.47582,17.32652],[78.47573,17.32698],[78.47434,17.32787],[78.47283,17.32895],[78.47149,17.32956],[78.47089,17.32984],[78.47023,17.33073],[78.46962,17.33318],[78.46926,17.33347],[78.46897,17.33354],[78.46872,17.33375],[78.46861,17.33421],[78.46853,17.33499],[78.46825,17.33584],[78.46798,17.33666],[78.46861,17.33673],[78.47145,17.33703],[78.47179,17.33697],[78.47325,17.33677],[78.47363,17.33668],[78.47324,17.33905],[78.47456,17.33909],[78.47321,17.3423],[78.47415,17.34225],[78.47444,17.34471],[78.47545,17.34559],[78.47549,17.34563],[78.47588,17.34595]]]}},{"type":"Feature","properties":{"ward_id":"7856361","name":"Ward 48 Shah Ali Banda"},"geometry":{"type":"Polygon","coordinates":[[[78.46562,17.35414],[78.4652,17.35219],[78.46531,17.35168],[78.46571,17.34626],[78.46583,17.34451],[78.46589,17.34164],[78.4656,17.34103],[78.46468,17.34034],[78.46435,17.33964],[78.46427,17.33947],[78.46421,17.33884],[78.46458,17.33848],[78.46495,17.33845],[78.4663,17.33833],[78.46768,17.33755],[78.46798,17.33666],[78.46861,17.33673],[78.47145,17.33703],[78.47179,17.33697],[78.47325,17.33677],[78.47363,17.33668],[78.47324,17.33905],[78.47456,17.33909],[78.47321,17.3423],[78.47415,17.34225],[78.47444,17.34471],[78.47545,17.34559],[78.47549,17.34563],[78.47588,17.34595],[78.4753,17.34663],[78.4741,17.34656],[78.47376,17.34652],[78.47181,17.34627],[78.4701,17.34568],[78.47031,17.34694],[78.47213,17.34941],[78.4724,17.35041],[78.4725,17.35082],[78.47277,17.35293],[78.47297,17.35362],[78.47304,17.35388],[78.47261,17.35388],[78.46974,17.35386],[78.46971,17.3543],[78.46922,17.35459],[78.46914,17.35511],[78.46754,17.35541],[78.46695,17.35541],[78.46639,17.35502],[78.46562,17.35414]]]}},{"type":"Feature","properties":{"ward_id":"7856362","name":"Ward 43 Chandrayangutta"},"geometry":{"type":"Polygon","coordinates":[[[78.46627,17.31652],[78.46586,17.31735],[78.46646,17.32138],[78.46685,17.32201],[78.46698,17.32168],[78.46715,17.32142],[78.46738,17.32143],[78.4708,17.32341],[78.4734,17.32566],[78.47582,17.32652],[78.47757,17.32712],[78.47982,17.32788],[78.48167,17.3285],[78.48626,17.33034],[78.49073,17.33215],[78.49145,17.33275],[78.49208,17.33176],[78.4921,17.33042],[78.49215,17.32946],[78.49258,17.3287],[78.49254,17.32741],[78.49112,17.32547],[78.49124,17.32514],[78.49137,17.32303],[78.48882,17.32299],[78.48847,17.32321],[78.48833,17.32337],[78.48721,17.32463],[78.4868,17.32112],[78.48522,17.32129],[78.4865,17.31994],[78.48428,17.31993],[78.48425,17.31931],[78.48436,17.31895],[78.48458,17.31876],[78.48489,17.31831],[78.48568,17.31881],[78.48652,17.31856],[78.48661,17.31756],[78.48542,17.31734],[78.48538,17.31734],[78.48309,17.31692],[78.48277,17.31848],[78.48219,17.31856],[78.48093,17.31992],[78.48083,17.32074],[78.48092,17.32143],[78.48064,17.32144],[78.47997,17.32265],[78.47792,17.32283],[78.47584,17.322],[78.47343,17.32155],[78.47288,17.32075],[78.47004,17.32067],[78.46976,17.31977],[78.46704,17.32031],[78.46682,17.31854],[78.46824,17.31832],[78.46822,17.31614],[78.47056,17.31526],[78.47083,17.31424],[78.46879,17.31412],[78.46751,17.31402],[78.46627,17.31652]]]}},{"type":"Feature","properties":{"ward_id":"7856363","name":"Ward 46 Falaknuma"},"geometry":{"type":"Polygon","coordinates":[[[78.46861,17.33421],[78.46872,17.33375],[78.46897,17.33354],[78.46926,17.33347],[78.46962,17.33318],[78.47023,17.33073],[78.47089,17.32984],[78.47149,17.32956],[78.47283,17.32895],[78.47434,17.32787],[78.47573,17.32698],[78.47582,17.32652],[78.4734,17.32566],[78.4708,17.32341],[78.46738,17.32143],[78.46715,17.32142],[78.46698,17.32168],[78.46685,17.32201],[78.46647,17.32301],[78.4661,17.32397],[78.46559,17.32408],[78.46367,17.32248],[78.46189,17.32114],[78.46151,17.32086],[78.45931,17.31998],[78.45692,17.31984],[78.45697,17.32057],[78.45705,17.32188],[78.45769,17.32354],[78.4577,17.3249],[78.45781,17.32638],[78.45756,17.32882],[78.45945,17.32991],[78.4596,17.33],[78.46002,17.33024],[78.46019,17.33034],[78.4602,17.33037],[78.46029,17.3306],[78.4605,17.33114],[78.46051,17.33114],[78.46237,17.33129],[78.46293,17.33335],[78.46411,17.33412],[78.46472,17.33401],[78.46532,17.33352],[78.46622,17.3334],[78.46707,17.33421],[78.46744,17.33421],[78.46747,17.33421],[78.46861,17.33421]]]}},{"type":"Feature","properties":{"ward_id":"7856364","name":"Ward 47 Nawab Saheb Kunta"},"geometry":{"type":"Polygon","coordinates":[[[78.46468,17.34034],[78.46435,17.33964],[78.46427,17.33947],[78.46421,17.33884],[78.46458,17.33848],[78.46495,17.33845],[78.4663,17.33833],[78.46768,17.33755],[78.46798,17.33666],[78.46825,17.33584],[78.46853,17.33499],[78.46861,17.33421],[78.46747,17.33421],[78.46744,17.33421],[78.46707,17.33421],[78.46622,17.3334],[78.46532,17.33352],[78.46472,17.33401],[78.46411,17.33412],[78.46293,17.33335],[78.46237,17.33129],[78.46051,17.33114],[78.4605,17.33114],[78.46029,17.3306],[78.4602,17.33037],[78.46019,17.33034],[78.46002,17.33024],[78.4596,17.33],[78.45945,17.32991],[78.45756,17.32882],[78.45697,17.32895],[78.45473,17.32941],[78.45481,17.33005],[78.45477,17.33146],[78.45491,17.3329],[78.45567,17.33312],[78.45657,17.33337],[78.45659,17.33477],[78.45659,17.33479],[78.45663,17.33479],[78.45726,17.33485],[78.45749,17.33487],[78.45712,17.33614],[78.45828,17.3381],[78.45884,17.33956],[78.45925,17.34009],[78.46044,17.34014],[78.46375,17.34029],[78.46468,17.34034]]]}},{"type":"Feature","properties":{"ward_id":"7856365","name":"Ward 54 Jahanuma"},"geometry":{"type":"Polygon","coordinates":[[[78.46531,17.35168],[78.462,17.35211],[78.46161,17.34951],[78.4603,17.34761],[78.45923,17.34681],[78.45875,17.34466],[78.45811,17.34492],[78.45446,17.34163],[78.45262,17.34242],[78.45034,17.3413],[78.45059,17.33934],[78.45062,17.33853],[78.45049,17.33769],[78.44918,17.33667],[78.45063,17.33696],[78.45369,17.33644],[78.45386,17.33481],[78.45491,17.3329],[78.45567,17.33312],[78.45657,17.33337],[78.45659,17.33477],[78.45659,17.33479],[78.45663,17.33479],[78.45726,17.33485],[78.45749,17.33487],[78.45712,17.33614],[78.45828,17.3381],[78.45884,17.33956],[78.45925,17.34009],[78.46044,17.34014],[78.46375,17.34029],[78.46468,17.34034],[78.4656,17.34103],[78.46589,17.34164],[78.46583,17.34451],[78.46571,17.34626],[78.46531,17.35168]]]}},{"type":"Feature","properties":{"ward_id":"7856366","name":"Ward 55 Ramnaspura"},"geometry":{"type":"Polygon","coordinates":[[[78.45923,17.34681],[78.45875,17.34466],[78.45811,17.34492],[78.45446,17.34163],[78.45262,17.34242],[78.45034,17.3413],[78.45059,17.33934],[78.45062,17.33853],[78.45049,17.33769],[78.44918,17.33667],[78.44829,17.33599],[78.44803,17.3365],[78.44795,17.33672],[78.44799,17.33701],[78.44836,17.33727],[78.44841,17.3375],[78.44799,17.33777],[78.44839,17.33871],[78.4486,17.33919],[78.4487,17.33968],[78.44843,17.34018],[78.44809,17.34075],[78.44731,17.34172],[78.44699,17.34245],[78.44678,17.3427],[78.44601,17.34433],[78.44597,17.34467],[78.44581,17.34493],[78.44576,17.34555],[78.44575,17.34589],[78.44532,17.34643],[78.44479,17.34642],[78.44409,17.3464],[78.44255,17.34698],[78.44167,17.34753],[78.44046,17.3485],[78.43956,17.34982],[78.43912,17.35054],[78.43909,17.3511],[78.43886,17.35126],[78.43863,17.35157],[78.4383,17.35183],[78.43732,17.35224],[78.43843,17.35369],[78.43884,17.35596],[78.44101,17.35537],[78.44082,17.35426],[78.4418,17.35404],[78.44311,17.35437],[78.44361,17.35359],[78.44361,17.35267],[78.44382,17.3526],[78.44419,17.35357],[78.44483,17.3551],[78.44614,17.35533],[78.44564,17.35586],[78.44571,17.35652],[78.44586,17.35721],[78.4459,17.35775],[78.44524,17.35901],[78.4476,17.35895],[78.44882,17.35775],[78.45459,17.35617],[78.45446,17.35562],[78.45695,17.35484],[78.45976,17.35576],[78.45931,17.35451],[78.45869,17.3534],[78.45672,17.35213],[78.4573,17.34693],[78.4583,17.34697],[78.45923,17.34681]]]}},{"type":"Feature","properties":{"ward_id":"7856367","name":"Ward 53 Doodh Bowli"},"geometry":{"type":"Polygon","coordinates":[[[78.46562,17.35414],[78.4652,17.35219],[78.46531,17.35168],[78.462,17.35211],[78.46161,17.34951],[78.4603,17.34761],[78.45923,17.34681],[78.4583,17.34697],[78.4573,17.34693],[78.45672,17.35213],[78.45869,17.3534],[78.45931,17.35451],[78.45976,17.35576],[78.45695,17.35484],[78.45446,17.35562],[78.45459,17.35617],[78.45524,17.35899],[78.45593,17.36188],[78.45601,17.36222],[78.45502,17.36243],[78.45564,17.36373],[78.45714,17.36327],[78.45869,17.3628],[78.46058,17.36129],[78.46191,17.35957],[78.46314,17.3586],[78.46337,17.35842],[78.46468,17.35717],[78.46562,17.35414]]]}},{"type":"Feature","properties":{"ward_id":"7856368","name":"Ward 33 Moghalpura"},"geometry":{"type":"Polygon","coordinates":[[[78.4725,17.35082],[78.47277,17.35293],[78.47297,17.35362],[78.47304,17.35388],[78.4731,17.35414],[78.47334,17.35533],[78.47345,17.3559],[78.4738,17.35777],[78.47474,17.35757],[78.47886,17.3567],[78.47923,17.35852],[78.48033,17.35792],[78.48165,17.35704],[78.48092,17.35574],[78.4802,17.35349],[78.48024,17.35348],[78.4838,17.35255],[78.4838,17.3522],[78.4838,17.34807],[78.48105,17.34856],[78.47893,17.34883],[78.47879,17.34885],[78.47845,17.34947],[78.47756,17.35014],[78.47736,17.35051],[78.47709,17.35046],[78.47698,17.35045],[78.47676,17.35044],[78.47546,17.3508],[78.47519,17.35079],[78.47294,17.3507],[78.4729,17.35071],[78.4725,17.35082]]]}},{"type":"Feature","properties":{"ward_id":"7856369","name":"Ward 52 Puranapool"},"geometry":{"type":"Polygon","coordinates":[[[78.46754,17.35541],[78.46695,17.35541],[78.46639,17.35502],[78.46562,17.35414],[78.46468,17.35717],[78.46337,17.35842],[78.46314,17.3586],[78.46191,17.35957],[78.46058,17.36129],[78.45869,17.3628],[78.45714,17.36327],[78.45564,17.36373],[78.45648,17.3654],[78.45718,17.36639],[78.45825,17.36749],[78.45835,17.36738],[78.45964,17.36597],[78.46003,17.36554],[78.46158,17.36509],[78.46487,17.36405],[78.46534,17.3639],[78.4687,17.36281],[78.46806,17.35983],[78.46883,17.35976],[78.4684,17.35794],[78.46831,17.35758],[78.46754,17.35541]]]}},{"type":"Feature","properties":{"ward_id":"7856370","name":"Ward 32 Patthergatti"},"geometry":{"type":"Polygon","coordinates":[[[78.47635,17.37131],[78.4771,17.37153],[78.47787,17.37181],[78.47936,17.37232],[78.48028,17.37279],[78.48104,17.37314],[78.48124,17.37324],[78.48182,17.37369],[78.48238,17.37325],[78.48279,17.37302],[78.48262,17.37232],[78.48146,17.36839],[78.48126,17.36774],[78.48388,17.36721],[78.48371,17.3648],[78.48369,17.36444],[78.48457,17.36424],[78.4844,17.36192],[78.48347,17.36201],[78.4832,17.35904],[78.48433,17.3588],[78.48487,17.35869],[78.48974,17.35701],[78.48895,17.35574],[78.48827,17.35456],[78.48558,17.3551],[78.48326,17.35559],[78.48165,17.35704],[78.48033,17.35792],[78.47923,17.35852],[78.47886,17.3567],[78.47474,17.35757],[78.4738,17.35777],[78.4741,17.3592],[78.47617,17.36844],[78.47626,17.36871],[78.4767,17.3695],[78.47681,17.36971],[78.47635,17.37131]]]}},{"type":"Feature","properties":{"ward_id":"7856371","name":"Ward 49 Ghansi Bazar"},"geometry":{"type":"Polygon","coordinates":[[[78.4738,17.35777],[78.47345,17.3559],[78.47334,17.35533],[78.4731,17.35414],[78.47304,17.35388],[78.47261,17.35388],[78.46974,17.35386],[78.46971,17.3543],[78.46922,17.35459],[78.46914,17.35511],[78.46754,17.35541],[78.46831,17.35758],[78.4684,17.35794],[78.46883,17.35976],[78.46806,17.35983],[78.4687,17.36281],[78.46534,17.3639],[78.46487,17.36405],[78.46158,17.36509],[78.46003,17.36554],[78.45964,17.36597],[78.45835,17.36738],[78.45825,17.36749],[78.45837,17.36752],[78.46195,17.3684],[78.46808,17.36952],[78.46885,17.3697],[78.47122,17.37024],[78.47449,17.37086],[78.47635,17.37131],[78.47681,17.36971],[78.4767,17.3695],[78.47626,17.36871],[78.47617,17.36844],[78.4741,17.3592],[78.4738,17.35777]]]}},{"type":"Feature","properties":{"ward_id":"7857543","name":"Ward 94 Shaikpet"},"geometry":{"type":"Polygon","coordinates":[[[78.39908,17.41342],[78.40023,17.41384],[78.40234,17.41325],[78.40229,17.41303],[78.40199,17.41158],[78.40665,17.41016],[78.40692,17.40965],[78.40744,17.4093],[78.41407,17.4083],[78.41486,17.40703],[78.41736,17.40715],[78.41782,17.40748],[78.41693,17.40368],[78.41751,17.40148],[78.41697,17.40069],[78.41606,17.39939],[78.41552,17.3986],[78.41245,17.39862],[78.40805,17.39966],[78.40623,17.39864],[78.405,17.39801],[78.40063,17.39739],[78.40022,17.39428],[78.39982,17.39233],[78.39379,17.39256],[78.39281,17.39287],[78.39205,17.39228],[78.39103,17.39235],[78.39106,17.39321],[78.39234,17.3942],[78.3911,17.3962],[78.39118,17.39707],[78.39138,17.39931],[78.39162,17.40183],[78.39162,17.40199],[78.39164,17.40225],[78.39165,17.40231],[78.39043,17.40187],[78.3904,17.40186],[78.39057,17.40311],[78.39095,17.40304],[78.39063,17.40431],[78.38933,17.406],[78.38805,17.40655],[78.38725,17.40704],[78.38693,17.4079],[78.3899,17.40781],[78.39044,17.40959],[78.3911,17.40955],[78.39149,17.41039],[78.39242,17.41036],[78.39257,17.41036],[78.39284,17.41035],[78.39313,17.41034],[78.39342,17.41033],[78.39482,17.41028],[78.39484,17.41074],[78.39492,17.41236],[78.39495,17.41286],[78.39553,17.41243],[78.39718,17.41122],[78.39748,17.41176],[78.39834,17.41334],[78.39908,17.41342]]]}},{"type":"Feature","properties":{"ward_id":"7857544","name":"Ward 76 Mallepally"},"geometry":{"type":"Polygon","coordinates":[[[78.45558,17.38488],[78.45466,17.38582],[78.45405,17.38596],[78.45388,17.38599],[78.45326,17.38791],[78.45536,17.3884],[78.4565,17.3917],[78.45528,17.39319],[78.45652,17.39358],[78.45715,17.39291],[78.4597,17.39475],[78.46068,17.39456],[78.46076,17.39454],[78.46167,17.39436],[78.46356,17.39354],[78.46519,17.3918],[78.46577,17.39108],[78.46383,17.39066],[78.46172,17.38826],[78.46172,17.38728],[78.4635,17.38451],[78.46348,17.38408],[78.45991,17.38351],[78.45854,17.38461],[78.45793,17.3849],[78.45661,17.38554],[78.45558,17.38488]]]}},{"type":"Feature","properties":{"ward_id":"7857545","name":"Ward 63 Mangalhat"},"geometry":{"type":"Polygon","coordinates":[[[78.45558,17.38488],[78.45661,17.38554],[78.45793,17.3849],[78.45854,17.38461],[78.45991,17.38351],[78.46348,17.38408],[78.46354,17.38263],[78.46169,17.3824],[78.46178,17.38222],[78.46099,17.37868],[78.46006,17.37416],[78.45906,17.37177],[78.45775,17.36865],[78.45592,17.36898],[78.45481,17.36929],[78.45348,17.36927],[78.45309,17.36976],[78.45348,17.3705],[78.45363,17.37161],[78.45453,17.37095],[78.45494,17.37214],[78.4556,17.37255],[78.45616,17.37354],[78.45659,17.37372],[78.4571,17.37722],[78.45545,17.37736],[78.45451,17.37771],[78.4547,17.37947],[78.45386,17.37976],[78.45369,17.3815],[78.45438,17.3822],[78.45438,17.38326],[78.45558,17.38488]]]}},{"type":"Feature","properties":{"ward_id":"7857546","name":"Ward 64 Dattatreya Nagar"},"geometry":{"type":"Polygon","coordinates":[[[78.45369,17.3815],[78.45386,17.37976],[78.4547,17.37947],[78.45451,17.37771],[78.45545,17.37736],[78.4571,17.37722],[78.45659,17.37372],[78.45616,17.37354],[78.4556,17.37255],[78.45494,17.37214],[78.45453,17.37095],[78.45363,17.37161],[78.45232,17.37171],[78.45064,17.3721],[78.44921,17.37282],[78.44805,17.37354],[78.44822,17.3748],[78.4478,17.37765],[78.44763,17.3799],[78.44839,17.38078],[78.44848,17.38112],[78.44852,17.38126],[78.44861,17.3819],[78.44888,17.38156],[78.44917,17.3815],[78.44966,17.38155],[78.45005,17.38148],[78.45021,17.38061],[78.45067,17.38029],[78.45223,17.3808],[78.45369,17.3815]]]}},{"type":"Feature","properties":{"ward_id":"7857547","name":"Ward 73 Vijay Nagar Colony"},"geometry":{"type":"Polygon","coordinates":[[[78.44343,17.39822],[78.44532,17.39876],[78.44773,17.39905],[78.44968,17.39882],[78.44984,17.39884],[78.44995,17.39886],[78.44998,17.39879],[78.45079,17.39807],[78.45058,17.39657],[78.45401,17.3976],[78.45341,17.40218],[78.45333,17.40291],[78.45301,17.4034],[78.45365,17.40398],[78.45505,17.40403],[78.45556,17.40405],[78.45764,17.40263],[78.45824,17.40136],[78.45966,17.39885],[78.45723,17.39876],[78.45719,17.39809],[78.45682,17.39684],[78.45706,17.39612],[78.45749,17.39508],[78.45526,17.39532],[78.45388,17.39489],[78.45421,17.3945],[78.45528,17.39319],[78.4565,17.3917],[78.45536,17.3884],[78.45326,17.38791],[78.45388,17.38599],[78.45206,17.3864],[78.45089,17.38685],[78.45087,17.38708],[78.45019,17.38711],[78.44961,17.38712],[78.44962,17.38731],[78.44618,17.38736],[78.44599,17.38979],[78.44734,17.38996],[78.4474,17.39215],[78.44614,17.39273],[78.44465,17.39345],[78.44343,17.39375],[78.4423,17.39403],[78.44064,17.39438],[78.44011,17.39451],[78.43975,17.39465],[78.43968,17.3947],[78.43954,17.39477],[78.44194,17.3958],[78.4422,17.39595],[78.44233,17.39604],[78.44245,17.39617],[78.44256,17.39629],[78.44264,17.39643],[78.44275,17.39667],[78.44299,17.39749],[78.44304,17.39766],[78.44314,17.39786],[78.44326,17.39805],[78.44343,17.39822]]]}},{"type":"Feature","properties":{"ward_id":"7857548","name":"Ward 72 Asif Nagar"},"geometry":{"type":"Polygon","coordinates":[[[78.43657,17.3878],[78.43843,17.38781],[78.43869,17.3864],[78.44189,17.38699],[78.44275,17.38715],[78.44468,17.38738],[78.44618,17.38736],[78.44962,17.38731],[78.44961,17.38712],[78.45019,17.38711],[78.45087,17.38708],[78.45089,17.38685],[78.45206,17.3864],[78.45388,17.38599],[78.45405,17.38596],[78.45466,17.38582],[78.45558,17.38488],[78.45438,17.38326],[78.45438,17.3822],[78.45369,17.3815],[78.45223,17.3808],[78.45067,17.38029],[78.45021,17.38061],[78.45005,17.38148],[78.44966,17.38155],[78.44917,17.3815],[78.44888,17.38156],[78.44861,17.3819],[78.44852,17.38126],[78.44848,17.38112],[78.44839,17.38078],[78.44763,17.3799],[78.44515,17.38028],[78.4428,17.38041],[78.44301,17.3824],[78.43896,17.38242],[78.43849,17.38286],[78.43842,17.38293],[78.43843,17.38324],[78.43788,17.38344],[78.43712,17.38374],[78.4357,17.38398],[78.43516,17.38703],[78.43647,17.38711],[78.43657,17.3878]]]}},{"type":"Feature","properties":{"ward_id":"7857549","name":"Ward 70 Mehdipatnam"},"geometry":{"type":"Polygon","coordinates":[[[78.42683,17.39321],[78.4276,17.39575],[78.42861,17.39577],[78.43176,17.39581],[78.43584,17.39493],[78.43954,17.39477],[78.43968,17.3947],[78.43975,17.39465],[78.44011,17.39451],[78.44064,17.39438],[78.4423,17.39403],[78.44343,17.39375],[78.44465,17.39345],[78.44614,17.39273],[78.4474,17.39215],[78.44734,17.38996],[78.44599,17.38979],[78.44618,17.38736],[78.44468,17.38738],[78.44275,17.38715],[78.44189,17.38699],[78.43869,17.3864],[78.43843,17.38781],[78.43657,17.3878],[78.43665,17.38833],[78.43513,17.3899],[78.43264,17.39025],[78.43093,17.39044],[78.43111,17.39177],[78.4314,17.39376],[78.42955,17.3939],[78.42949,17.39323],[78.428,17.39322],[78.42683,17.39321]]]}},{"type":"Feature","properties":{"ward_id":"7857550","name":"Ward 71 Gudimalkapur"},"geometry":{"type":"Polygon","coordinates":[[[78.42572,17.38617],[78.42613,17.38602],[78.42936,17.3848],[78.42977,17.38734],[78.42745,17.39044],[78.42678,17.39133],[78.42683,17.39321],[78.428,17.39322],[78.42949,17.39323],[78.42955,17.3939],[78.4314,17.39376],[78.43111,17.39177],[78.43093,17.39044],[78.43264,17.39025],[78.43513,17.3899],[78.43665,17.38833],[78.43657,17.3878],[78.43647,17.38711],[78.43516,17.38703],[78.4357,17.38398],[78.43712,17.38374],[78.43788,17.38344],[78.43843,17.38324],[78.43842,17.38293],[78.43849,17.38286],[78.43896,17.38242],[78.44301,17.3824],[78.4428,17.38041],[78.44515,17.38028],[78.44763,17.3799],[78.4478,17.37765],[78.44496,17.37801],[78.44471,17.37703],[78.44179,17.37704],[78.44105,17.37576],[78.43949,17.37637],[78.43922,17.37748],[78.43826,17.37627],[78.43595,17.37671],[78.43575,17.37687],[78.43566,17.37755],[78.43611,17.37939],[78.43786,17.37862],[78.43786,17.37959],[78.43747,17.3811],[78.43639,17.38251],[78.43451,17.38319],[78.42979,17.38253],[78.42944,17.38094],[78.42751,17.38044],[78.42562,17.37994],[78.42554,17.38132],[78.42474,17.38212],[78.42572,17.38617]]]}},{"type":"Feature","properties":{"ward_id":"7857551","name":"Ward 69 Nanal Nagar"},"geometry":{"type":"Polygon","coordinates":[[[78.41913,17.40841],[78.42721,17.40627],[78.4273,17.4054],[78.42811,17.40544],[78.42762,17.40288],[78.43464,17.40097],[78.43481,17.40092],[78.43692,17.40035],[78.4374,17.40022],[78.43807,17.39895],[78.44343,17.39822],[78.44326,17.39805],[78.44314,17.39786],[78.44304,17.39766],[78.44299,17.39749],[78.44275,17.39667],[78.44264,17.39643],[78.44256,17.39629],[78.44245,17.39617],[78.44233,17.39604],[78.4422,17.39595],[78.44194,17.3958],[78.43954,17.39477],[78.43584,17.39493],[78.43176,17.39581],[78.42861,17.39577],[78.4276,17.39575],[78.42683,17.39321],[78.42678,17.39133],[78.42745,17.39044],[78.42977,17.38734],[78.42936,17.3848],[78.42613,17.38602],[78.42572,17.38617],[78.42579,17.38648],[78.4259,17.38695],[78.42307,17.3873],[78.42335,17.39182],[78.42123,17.39169],[78.41846,17.39135],[78.41953,17.39276],[78.4203,17.39428],[78.4188,17.39565],[78.41932,17.3978],[78.41854,17.39831],[78.41775,17.39837],[78.4162,17.3986],[78.41552,17.3986],[78.41606,17.39939],[78.41697,17.40069],[78.41751,17.40148],[78.41693,17.40368],[78.41782,17.40748],[78.41913,17.40841]]]}},{"type":"Feature","properties":{"ward_id":"7857552","name":"Ward 68 Tolichowki"},"geometry":{"type":"Polygon","coordinates":[[[78.39906,17.38812],[78.39651,17.38824],[78.39599,17.38996],[78.39605,17.38999],[78.39783,17.3911],[78.39982,17.39233],[78.40022,17.39428],[78.40063,17.39739],[78.405,17.39801],[78.40623,17.39864],[78.40805,17.39966],[78.41245,17.39862],[78.41552,17.3986],[78.4162,17.3986],[78.41775,17.39837],[78.41854,17.39831],[78.41932,17.3978],[78.4188,17.39565],[78.41747,17.39657],[78.41719,17.39473],[78.41479,17.39444],[78.41436,17.39371],[78.41472,17.3925],[78.41538,17.39194],[78.41633,17.39113],[78.41438,17.39084],[78.41635,17.3901],[78.41513,17.38683],[78.4117,17.38511],[78.40859,17.38842],[78.404,17.3899],[78.40419,17.38828],[78.4053,17.38716],[78.40284,17.38734],[78.40286,17.38627],[78.39964,17.38893],[78.39906,17.38812]]]}},{"type":"Feature","properties":{"ward_id":"7857553","name":"Ward 67 Golconda"},"geometry":{"type":"Polygon","coordinates":[[[78.39906,17.38812],[78.39964,17.38893],[78.40286,17.38627],[78.40284,17.38734],[78.4053,17.38716],[78.40419,17.38828],[78.404,17.3899],[78.40859,17.38842],[78.4117,17.38511],[78.41513,17.38683],[78.41635,17.3901],[78.41438,17.39084],[78.41633,17.39113],[78.41538,17.39194],[78.41472,17.3925],[78.41436,17.39371],[78.41479,17.39444],[78.41719,17.39473],[78.41747,17.39657],[78.4188,17.39565],[78.4203,17.39428],[78.41953,17.39276],[78.41846,17.39135],[78.42123,17.39169],[78.42335,17.39182],[78.42307,17.3873],[78.4259,17.38695],[78.42579,17.38648],[78.42572,17.38617],[78.42474,17.38212],[78.42554,17.38132],[78.42562,17.37994],[78.42571,17.37726],[78.42279,17.37792],[78.42035,17.37833],[78.41852,17.37849],[78.4162,17.37951],[78.41273,17.3794],[78.41239,17.37939],[78.40344,17.384],[78.40102,17.38661],[78.39906,17.38812]]]}},{"type":"Feature","properties":{"ward_id":"7857554","name":"Ward 66 Langar Houz"},"geometry":{"type":"Polygon","coordinates":[[[78.39982,17.39233],[78.39783,17.3911],[78.39605,17.38999],[78.39599,17.38996],[78.39651,17.38824],[78.39906,17.38812],[78.40102,17.38661],[78.40344,17.384],[78.41239,17.37939],[78.41273,17.3794],[78.4162,17.37951],[78.41852,17.37849],[78.42035,17.37833],[78.42279,17.37792],[78.42571,17.37726],[78.42618,17.37505],[78.42688,17.37296],[78.42704,17.37227],[78.42571,17.37188],[78.41929,17.37134],[78.41718,17.37117],[78.41221,17.37149],[78.41015,17.37208],[78.40811,17.3723],[78.4077,17.37235],[78.40314,17.37321],[78.40146,17.37319],[78.39844,17.37112],[78.38895,17.37108],[78.38861,17.37121],[78.38793,17.37148],[78.38744,17.37168],[78.38396,17.37305],[78.38267,17.37356],[78.38153,17.37401],[78.37535,17.37637],[78.37562,17.37725],[78.37789,17.3784],[78.37802,17.38025],[78.37807,17.38061],[78.37964,17.38202],[78.37886,17.38352],[78.37904,17.38397],[78.37974,17.38423],[78.38009,17.38529],[78.37975,17.38769],[78.38149,17.38744],[78.38275,17.39393],[78.38356,17.39245],[78.38337,17.39059],[78.38283,17.38846],[78.38468,17.38545],[78.38752,17.386],[78.38955,17.38829],[78.39299,17.39007],[78.39314,17.39054],[78.39379,17.39256],[78.39982,17.39233]]]}},{"type":"Feature","properties":{"ward_id":"7857793","name":"Ward 100 Sanath Nagar"},"geometry":{"type":"Polygon","coordinates":[[[78.43812,17.44787],[78.43757,17.44896],[78.43489,17.45433],[78.43482,17.45447],[78.43476,17.45459],[78.43281,17.45846],[78.43156,17.46149],[78.43125,17.46215],[78.43404,17.46193],[78.44161,17.46151],[78.44681,17.46113],[78.44912,17.45971],[78.44979,17.45779],[78.45031,17.45588],[78.45064,17.45349],[78.45104,17.45071],[78.45107,17.45012],[78.45108,17.44987],[78.45008,17.45024],[78.44968,17.44844],[78.44751,17.4488],[78.44717,17.44723],[78.44717,17.44719],[78.44677,17.44531],[78.44666,17.44533],[78.44633,17.44539],[78.44603,17.44544],[78.44383,17.44581],[78.44223,17.44672],[78.44142,17.44737],[78.44009,17.44768],[78.43986,17.44768],[78.4386,17.44766],[78.43827,17.44758],[78.43812,17.44787]]]}},{"type":"Feature","properties":{"ward_id":"7857794","name":"Ward 98 Ameerpet"},"geometry":{"type":"Polygon","coordinates":[[[78.463,17.43024],[78.46398,17.43193],[78.46463,17.43523],[78.46334,17.43648],[78.46256,17.43724],[78.46097,17.43814],[78.45774,17.4385],[78.4576,17.43851],[78.4556,17.43974],[78.4542,17.44148],[78.45385,17.44167],[78.45394,17.44199],[78.45341,17.44263],[78.4535,17.44298],[78.45226,17.44589],[78.452,17.44597],[78.45164,17.44747],[78.45108,17.44987],[78.45008,17.45024],[78.44968,17.44844],[78.44751,17.4488],[78.44717,17.44723],[78.44717,17.44719],[78.44677,17.44531],[78.44666,17.44533],[78.44633,17.44539],[78.44603,17.44544],[78.44383,17.44581],[78.44223,17.44672],[78.44142,17.44737],[78.44009,17.44768],[78.43986,17.44768],[78.4386,17.44766],[78.43827,17.44758],[78.43857,17.44702],[78.43974,17.4449],[78.44117,17.44236],[78.44138,17.44193],[78.44233,17.44024],[78.44281,17.43938],[78.44368,17.43735],[78.44429,17.43618],[78.44546,17.43445],[78.44567,17.43414],[78.44573,17.43405],[78.44586,17.43408],[78.44713,17.43437],[78.4477,17.4345],[78.44868,17.43457],[78.44967,17.43463],[78.45076,17.43505],[78.45103,17.43516],[78.45145,17.43533],[78.45231,17.43607],[78.45383,17.4358],[78.45541,17.43524],[78.45561,17.43351],[78.45561,17.4335],[78.45565,17.43341],[78.45622,17.43207],[78.45888,17.43189],[78.4594,17.43186],[78.463,17.43024]]]}},{"type":"Feature","properties":{"ward_id":"7857795","name":"Ward 97 Somajiguda"},"geometry":{"type":"Polygon","coordinates":[[[78.45243,17.42676],[78.45062,17.42919],[78.4501,17.4299],[78.44891,17.42973],[78.44815,17.42966],[78.44708,17.42983],[78.44346,17.43013],[78.43691,17.43014],[78.43423,17.43019],[78.43332,17.42979],[78.43243,17.42973],[78.43182,17.42969],[78.43184,17.4307],[78.43219,17.43161],[78.43263,17.43275],[78.43311,17.43369],[78.43385,17.43471],[78.43462,17.43486],[78.43667,17.43406],[78.43971,17.43326],[78.44061,17.43521],[78.44152,17.43742],[78.44125,17.43914],[78.44233,17.4393],[78.44281,17.43938],[78.44368,17.43735],[78.44429,17.43618],[78.44546,17.43445],[78.44567,17.43414],[78.44573,17.43405],[78.44586,17.43408],[78.44713,17.43437],[78.4477,17.4345],[78.44868,17.43457],[78.44967,17.43463],[78.45076,17.43505],[78.45103,17.43516],[78.45145,17.43533],[78.45231,17.43607],[78.45383,17.4358],[78.45541,17.43524],[78.45561,17.43351],[78.45561,17.4335],[78.45565,17.43341],[78.45622,17.43207],[78.45888,17.43189],[78.4594,17.43186],[78.463,17.43024],[78.46208,17.42866],[78.46207,17.42753],[78.46228,17.42616],[78.46276,17.42524],[78.4635,17.42378],[78.46461,17.42335],[78.4651,17.42225],[78.46533,17.4187],[78.46222,17.41999],[78.46274,17.42207],[78.46237,17.42276],[78.4578,17.42398],[78.45722,17.42516],[78.45755,17.42639],[78.45754,17.42709],[78.45714,17.42775],[78.45605,17.42853],[78.45539,17.42865],[78.45466,17.42878],[78.45357,17.42847],[78.45324,17.42826],[78.45292,17.42751],[78.45243,17.42676]]]}},{"type":"Feature","properties":{"ward_id":"7857796","name":"Ward 96 Yousufguda"},"geometry":{"type":"Polygon","coordinates":[[[78.42397,17.4393],[78.42346,17.43909],[78.42152,17.43893],[78.41905,17.44106],[78.41831,17.4427],[78.41742,17.44492],[78.41636,17.44514],[78.41478,17.44561],[78.41206,17.44586],[78.41564,17.44241],[78.41594,17.44117],[78.41618,17.44015],[78.41567,17.43899],[78.41546,17.43853],[78.41647,17.43792],[78.41598,17.43608],[78.41583,17.43551],[78.41586,17.43428],[78.41722,17.43282],[78.41862,17.43195],[78.42032,17.43186],[78.4204,17.43114],[78.41958,17.43075],[78.42094,17.43101],[78.42228,17.43137],[78.42579,17.42985],[78.42602,17.42984],[78.42891,17.42979],[78.43087,17.42976],[78.43182,17.42969],[78.43184,17.4307],[78.43219,17.43161],[78.43263,17.43275],[78.43311,17.43369],[78.43385,17.43471],[78.43462,17.43486],[78.43667,17.43406],[78.43971,17.43326],[78.44061,17.43521],[78.43757,17.43598],[78.43614,17.43605],[78.43476,17.43562],[78.43364,17.43654],[78.4329,17.43553],[78.43167,17.43498],[78.43149,17.43502],[78.42807,17.43621],[78.42852,17.43713],[78.42397,17.4393]]]}},{"type":"Feature","properties":{"ward_id":"7857797","name":"Ward 102 Rahmath Nagar"},"geometry":{"type":"Polygon","coordinates":[[[78.41844,17.45063],[78.41632,17.451],[78.416,17.4503],[78.41587,17.44973],[78.41387,17.44911],[78.41264,17.44816],[78.41206,17.44586],[78.41478,17.44561],[78.41636,17.44514],[78.41742,17.44492],[78.41831,17.4427],[78.41905,17.44106],[78.42152,17.43893],[78.42346,17.43909],[78.42397,17.4393],[78.42428,17.44178],[78.42447,17.44333],[78.42352,17.44597],[78.42477,17.44721],[78.42326,17.44734],[78.42316,17.44888],[78.42146,17.44892],[78.42043,17.45017],[78.41844,17.45063]]]}},{"type":"Feature","properties":{"ward_id":"7857798","name":"Ward 101 Erragadda"},"geometry":{"type":"Polygon","coordinates":[[[78.41983,17.45396],[78.42408,17.45451],[78.42443,17.45191],[78.42445,17.45182],[78.42469,17.45059],[78.42596,17.45052],[78.42609,17.45033],[78.4266,17.45031],[78.42662,17.45129],[78.42681,17.45285],[78.42544,17.45304],[78.42541,17.45372],[78.42535,17.4548],[78.42659,17.45473],[78.42703,17.45656],[78.42792,17.457],[78.42805,17.45836],[78.42845,17.4587],[78.42897,17.45914],[78.42879,17.45983],[78.42871,17.46132],[78.43156,17.46149],[78.43281,17.45846],[78.43476,17.45459],[78.43482,17.45447],[78.43489,17.45433],[78.43757,17.44896],[78.43812,17.44787],[78.43751,17.448],[78.43422,17.4487],[78.4305,17.44946],[78.43024,17.44995],[78.42618,17.45011],[78.42709,17.44821],[78.42711,17.44818],[78.42818,17.44593],[78.42352,17.44597],[78.42477,17.44721],[78.42326,17.44734],[78.42316,17.44888],[78.42146,17.44892],[78.42043,17.45017],[78.41844,17.45063],[78.4184,17.45124],[78.41826,17.45388],[78.41983,17.45396]]]}},{"type":"Feature","properties":{"ward_id":"7857799","name":"Ward 103 Borabanda"},"geometry":{"type":"Polygon","coordinates":[[[78.40527,17.45048],[78.40501,17.44997],[78.40474,17.44941],[78.4044,17.4484],[78.40517,17.44805],[78.4055,17.4479],[78.40617,17.44578],[78.41206,17.44586],[78.41264,17.44816],[78.41387,17.44911],[78.41587,17.44973],[78.416,17.4503],[78.41632,17.451],[78.41844,17.45063],[78.4184,17.45124],[78.41826,17.45388],[78.41747,17.45384],[78.41568,17.4542],[78.41487,17.45433],[78.41449,17.45439],[78.41055,17.45543],[78.40813,17.45316],[78.40527,17.45048]]]}},{"type":"Feature","properties":{"ward_id":"7857800","name":"Ward 99 Vengal Rao Nagar"},"geometry":{"type":"Polygon","coordinates":[[[78.42352,17.44597],[78.42818,17.44593],[78.42711,17.44818],[78.42709,17.44821],[78.42618,17.45011],[78.43024,17.44995],[78.4305,17.44946],[78.43422,17.4487],[78.43751,17.448],[78.43812,17.44787],[78.43827,17.44758],[78.43857,17.44702],[78.43974,17.4449],[78.44117,17.44236],[78.44138,17.44193],[78.44233,17.44024],[78.44281,17.43938],[78.44233,17.4393],[78.44125,17.43914],[78.44152,17.43742],[78.44061,17.43521],[78.43757,17.43598],[78.43614,17.43605],[78.43476,17.43562],[78.43364,17.43654],[78.4329,17.43553],[78.43167,17.43498],[78.43149,17.43502],[78.42807,17.43621],[78.42852,17.43713],[78.42397,17.4393],[78.42428,17.44178],[78.42447,17.44333],[78.42352,17.44597]]]}},{"type":"Feature","properties":{"ward_id":"7857838","name":"Ward 150 Monda Market"},"geometry":{"type":"Polygon","coordinates":[[[78.49537,17.44037],[78.49498,17.43845],[78.49477,17.43815],[78.49424,17.43761],[78.49408,17.43724],[78.49359,17.43545],[78.49335,17.43469],[78.49339,17.43392],[78.49268,17.43129],[78.49342,17.43126],[78.49819,17.432],[78.49837,17.43196],[78.50042,17.43153],[78.50213,17.43143],[78.504,17.43168],[78.50482,17.43194],[78.50574,17.43264],[78.50589,17.43277],[78.50606,17.43298],[78.50615,17.4331],[78.5061,17.43336],[78.50592,17.43386],[78.50579,17.43421],[78.50565,17.43488],[78.50537,17.43583],[78.50517,17.43652],[78.50465,17.43772],[78.50495,17.43934],[78.50603,17.43908],[78.50688,17.43853],[78.50764,17.43805],[78.50819,17.43811],[78.50929,17.4392],[78.5086,17.43961],[78.50879,17.44039],[78.50925,17.44148],[78.50942,17.44186],[78.5095,17.44183],[78.51047,17.44155],[78.51083,17.4426],[78.51125,17.44239],[78.51133,17.44235],[78.51208,17.44281],[78.51358,17.44221],[78.51495,17.44528],[78.51583,17.44462],[78.51714,17.44393],[78.51817,17.44567],[78.51318,17.44704],[78.51206,17.44735],[78.51077,17.44761],[78.50871,17.44808],[78.50687,17.45065],[78.5054,17.45103],[78.50427,17.44927],[78.50289,17.44786],[78.50201,17.44642],[78.50173,17.44618],[78.50136,17.44329],[78.50145,17.4428],[78.49841,17.44298],[78.49858,17.44163],[78.49646,17.44054],[78.49613,17.44037],[78.49537,17.44037]]]}},{"type":"Feature","properties":{"ward_id":"7857839","name":"Ward 148 Ramgopalpet"},"geometry":{"type":"Polygon","coordinates":[[[78.49268,17.43129],[78.49339,17.43392],[78.49335,17.43469],[78.49359,17.43545],[78.49408,17.43724],[78.49424,17.43761],[78.49477,17.43815],[78.49498,17.43845],[78.49537,17.44037],[78.49329,17.44086],[78.49301,17.43961],[78.4929,17.4394],[78.49237,17.43886],[78.49196,17.43848],[78.49154,17.43871],[78.49116,17.43878],[78.49034,17.43938],[78.48957,17.43937],[78.48834,17.43949],[78.48758,17.44188],[78.48744,17.44187],[78.48742,17.44138],[78.48714,17.44086],[78.48646,17.44046],[78.48595,17.44017],[78.48516,17.43992],[78.48436,17.43987],[78.48341,17.43986],[78.48219,17.44029],[78.48198,17.44027],[78.4812,17.44043],[78.48068,17.44041],[78.47931,17.44038],[78.47984,17.43957],[78.48049,17.43867],[78.48207,17.43686],[78.48458,17.43412],[78.48471,17.43403],[78.48507,17.43378],[78.48519,17.4337],[78.48511,17.43341],[78.48273,17.43412],[78.48259,17.43331],[78.48292,17.43322],[78.48543,17.43192],[78.48643,17.43067],[78.48665,17.42946],[78.4865,17.42883],[78.48627,17.42851],[78.4856,17.42755],[78.4853,17.42761],[78.48461,17.42768],[78.4842,17.42677],[78.48359,17.42661],[78.48364,17.42602],[78.48417,17.426],[78.48465,17.42563],[78.4844,17.42535],[78.48424,17.42496],[78.48433,17.42483],[78.48475,17.42556],[78.48509,17.42537],[78.48514,17.42522],[78.4855,17.42506],[78.48599,17.42507],[78.48604,17.42486],[78.48617,17.42488],[78.48634,17.42543],[78.48877,17.42499],[78.4922,17.42413],[78.49262,17.42519],[78.49287,17.42622],[78.49288,17.42627],[78.49289,17.42663],[78.49318,17.4273],[78.49319,17.42786],[78.49292,17.4283],[78.4928,17.42879],[78.49259,17.42982],[78.49258,17.43098],[78.49268,17.43129]]]}},{"type":"Feature","properties":{"ward_id":"7857840","name":"Ward 149 Begumpet"},"geometry":{"type":"Polygon","coordinates":[[[78.46398,17.43193],[78.46463,17.43523],[78.46334,17.43648],[78.46256,17.43724],[78.46097,17.43814],[78.45774,17.4385],[78.4576,17.43851],[78.4556,17.43974],[78.4542,17.44148],[78.45385,17.44167],[78.45394,17.44199],[78.45341,17.44263],[78.4535,17.44298],[78.45226,17.44589],[78.452,17.44597],[78.45164,17.44747],[78.45258,17.4491],[78.45294,17.44978],[78.4532,17.44996],[78.45352,17.45007],[78.45388,17.4505],[78.45408,17.4522],[78.45408,17.45314],[78.45382,17.45412],[78.45373,17.4548],[78.45431,17.45555],[78.45502,17.45633],[78.45504,17.45744],[78.45464,17.45875],[78.45468,17.45951],[78.45488,17.45966],[78.45503,17.45983],[78.45509,17.45993],[78.45594,17.45957],[78.45697,17.45916],[78.45963,17.45777],[78.46075,17.45748],[78.46458,17.45513],[78.4648,17.455],[78.4659,17.45433],[78.46813,17.45099],[78.46804,17.45044],[78.46858,17.44668],[78.4686,17.44668],[78.46999,17.44642],[78.47064,17.44436],[78.47075,17.44401],[78.47272,17.44401],[78.4751,17.44355],[78.47751,17.44333],[78.47762,17.44333],[78.49275,17.44307],[78.49514,17.44303],[78.49841,17.44298],[78.49858,17.44163],[78.49646,17.44054],[78.49613,17.44037],[78.49537,17.44037],[78.49329,17.44086],[78.49301,17.43961],[78.4929,17.4394],[78.49237,17.43886],[78.49196,17.43848],[78.49154,17.43871],[78.49116,17.43878],[78.49034,17.43938],[78.48957,17.43937],[78.48834,17.43949],[78.48758,17.44188],[78.48744,17.44187],[78.48742,17.44138],[78.48714,17.44086],[78.48646,17.44046],[78.48595,17.44017],[78.48516,17.43992],[78.48436,17.43987],[78.48341,17.43986],[78.48219,17.44029],[78.48198,17.44027],[78.4812,17.44043],[78.48068,17.44041],[78.47931,17.44038],[78.47984,17.43957],[78.48049,17.43867],[78.48207,17.43686],[78.48458,17.43412],[78.48471,17.43403],[78.48507,17.43378],[78.48519,17.4337],[78.48511,17.43341],[78.48273,17.43412],[78.48259,17.43331],[78.47941,17.43414],[78.47932,17.43416],[78.47839,17.43434],[78.47794,17.43336],[78.47872,17.43211],[78.47872,17.43176],[78.47735,17.43081],[78.47753,17.43014],[78.47727,17.43002],[78.47593,17.4294],[78.47396,17.42849],[78.47238,17.42857],[78.47235,17.43115],[78.47325,17.4331],[78.47282,17.43433],[78.4743,17.43603],[78.47434,17.43608],[78.47355,17.43683],[78.47268,17.43736],[78.47195,17.43759],[78.4712,17.43768],[78.4703,17.43751],[78.46798,17.43704],[78.46699,17.43655],[78.46608,17.43541],[78.46398,17.43193]]]}},{"type":"Feature","properties":{"ward_id":"7858226","name":"Ward 90 Kavadiguda"},"geometry":{"type":"Polygon","coordinates":[[[78.4922,17.42413],[78.48877,17.42499],[78.48634,17.42543],[78.48617,17.42488],[78.48604,17.42486],[78.48585,17.42394],[78.48341,17.42072],[78.47982,17.416],[78.47549,17.40871],[78.47579,17.40856],[78.47633,17.40798],[78.47679,17.40743],[78.47711,17.40678],[78.47714,17.40669],[78.47959,17.40658],[78.48139,17.40644],[78.48281,17.40591],[78.48789,17.40277],[78.4872,17.40417],[78.48816,17.40876],[78.48772,17.41118],[78.4878,17.41272],[78.48876,17.41555],[78.48873,17.41713],[78.48884,17.41738],[78.48894,17.41761],[78.4889,17.418],[78.48836,17.41967],[78.48809,17.42008],[78.48888,17.42058],[78.49179,17.41966],[78.49191,17.41963],[78.49159,17.422],[78.4933,17.4218],[78.49455,17.42337],[78.4933,17.42382],[78.4922,17.42413]]]}},{"type":"Feature","properties":{"ward_id":"7858244","name":"Ward 117 Moosapet"},"geometry":{"type":"Polygon","coordinates":[[[78.43156,17.46149],[78.42871,17.46132],[78.42879,17.45983],[78.42897,17.45914],[78.42845,17.4587],[78.42805,17.45836],[78.42792,17.457],[78.42703,17.45656],[78.42659,17.45473],[78.42535,17.4548],[78.42541,17.45372],[78.42544,17.45304],[78.42681,17.45285],[78.42662,17.45129],[78.4266,17.45031],[78.42609,17.45033],[78.42596,17.45052],[78.42469,17.45059],[78.42445,17.45182],[78.42443,17.45191],[78.42408,17.45451],[78.41983,17.45396],[78.41968,17.45457],[78.41629,17.45635],[78.41521,17.4552],[78.41496,17.45494],[78.41522,17.45851],[78.4164,17.4587],[78.41649,17.45933],[78.41668,17.45934],[78.41735,17.4594],[78.41725,17.46021],[78.41665,17.46539],[78.41752,17.46603],[78.41822,17.46715],[78.41823,17.46851],[78.42029,17.46877],[78.42317,17.46948],[78.42395,17.46955],[78.4256,17.46959],[78.42732,17.46964],[78.42757,17.46971],[78.42648,17.46826],[78.42568,17.46589],[78.4273,17.465],[78.42699,17.46378],[78.42738,17.46357],[78.42849,17.46312],[78.43015,17.46246],[78.43125,17.46215],[78.43156,17.46149]]]}},{"type":"Feature","properties":{"ward_id":"7858245","name":"Ward 118 Fateh Nagar"},"geometry":{"type":"Polygon","coordinates":[[[78.45164,17.44747],[78.45258,17.4491],[78.45294,17.44978],[78.4532,17.44996],[78.45352,17.45007],[78.45388,17.4505],[78.45408,17.4522],[78.45408,17.45314],[78.45382,17.45412],[78.45373,17.4548],[78.45431,17.45555],[78.45502,17.45633],[78.45504,17.45744],[78.45464,17.45875],[78.45468,17.45951],[78.45488,17.45966],[78.45503,17.45983],[78.45509,17.45993],[78.45594,17.45957],[78.45697,17.45916],[78.45963,17.45777],[78.45988,17.45804],[78.46259,17.4621],[78.46269,17.46225],[78.45929,17.46337],[78.45284,17.4637],[78.44579,17.46702],[78.44532,17.46723],[78.44359,17.46804],[78.44266,17.46836],[78.42818,17.4732],[78.42795,17.47332],[78.42673,17.47396],[78.42466,17.47514],[78.42437,17.4753],[78.42361,17.47571],[78.42757,17.46971],[78.42648,17.46826],[78.42568,17.46589],[78.4273,17.465],[78.42699,17.46378],[78.42738,17.46357],[78.42849,17.46312],[78.43015,17.46246],[78.43125,17.46215],[78.43404,17.46193],[78.44161,17.46151],[78.44681,17.46113],[78.44912,17.45971],[78.44979,17.45779],[78.45031,17.45588],[78.45064,17.45349],[78.45104,17.45071],[78.45107,17.45012],[78.45108,17.44987],[78.45164,17.44747]]]}},{"type":"Feature","properties":{"ward_id":"7858246","name":"Ward 127 Rangareddy Nagar"},"geometry":{"type":"Polygon","coordinates":[[[78.45022,17.48761],[78.44591,17.48872],[78.44579,17.49044],[78.44553,17.49429],[78.44514,17.4951],[78.4443,17.49503],[78.44346,17.49518],[78.44203,17.49626],[78.43804,17.49706],[78.4379,17.49702],[78.43559,17.49635],[78.43301,17.49777],[78.4322,17.49597],[78.43149,17.49432],[78.43016,17.49402],[78.42868,17.49457],[78.4267,17.49372],[78.42651,17.49273],[78.42625,17.49158],[78.4267,17.4909],[78.42852,17.49087],[78.42818,17.48967],[78.43437,17.48535],[78.43602,17.4831],[78.44451,17.48073],[78.44484,17.48075],[78.44528,17.48242],[78.44532,17.48245],[78.4459,17.48301],[78.44732,17.48302],[78.44803,17.48302],[78.44827,17.48283],[78.44919,17.48212],[78.44928,17.48262],[78.44931,17.48279],[78.44991,17.48588],[78.45022,17.48761]]]}},{"type":"Feature","properties":{"ward_id":"7858247","name":"Ward 120 Balanagar"},"geometry":{"type":"Polygon","coordinates":[[[78.46269,17.46225],[78.46338,17.46202],[78.46355,17.47535],[78.46329,17.47896],[78.46303,17.48011],[78.46496,17.4817],[78.46443,17.48611],[78.46105,17.48582],[78.46037,17.48577],[78.46022,17.48481],[78.46019,17.48461],[78.45927,17.48405],[78.45771,17.48308],[78.45763,17.48303],[78.45636,17.4831],[78.45623,17.48311],[78.4558,17.48206],[78.45015,17.48277],[78.44983,17.4827],[78.44971,17.48268],[78.44959,17.48256],[78.44919,17.48212],[78.44827,17.48283],[78.44803,17.48302],[78.44732,17.48302],[78.4459,17.48301],[78.44532,17.48245],[78.44528,17.48242],[78.44484,17.48075],[78.44451,17.48073],[78.43602,17.4831],[78.43437,17.48535],[78.42818,17.48967],[78.42852,17.49087],[78.4267,17.4909],[78.42597,17.48955],[78.42531,17.48821],[78.42598,17.48654],[78.42635,17.48575],[78.42748,17.48467],[78.42795,17.48351],[78.42785,17.48164],[78.42808,17.48106],[78.42935,17.48056],[78.42911,17.47973],[78.42879,17.47875],[78.42835,17.4775],[78.42833,17.47623],[78.42828,17.47578],[78.42826,17.47469],[78.42818,17.4732],[78.44266,17.46836],[78.44359,17.46804],[78.44532,17.46723],[78.44579,17.46702],[78.45284,17.4637],[78.45929,17.46337],[78.46269,17.46225]]]}},{"type":"Feature","properties":{"ward_id":"7858248","name":"Ward 121 Kukatpally"},"geometry":{"type":"Polygon","coordinates":[[[78.43301,17.49777],[78.4322,17.49597],[78.43149,17.49432],[78.43016,17.49402],[78.42868,17.49457],[78.4267,17.49372],[78.42651,17.49273],[78.42625,17.49158],[78.4267,17.4909],[78.42597,17.48955],[78.42531,17.48821],[78.42598,17.48654],[78.42635,17.48575],[78.42748,17.48467],[78.42795,17.48351],[78.42785,17.48164],[78.42808,17.48106],[78.42935,17.48056],[78.42911,17.47973],[78.42879,17.47875],[78.42835,17.4775],[78.42833,17.47623],[78.42828,17.47578],[78.42826,17.47469],[78.42818,17.4732],[78.42795,17.47332],[78.42673,17.47396],[78.42466,17.47514],[78.42437,17.4753],[78.42361,17.47571],[78.42191,17.47687],[78.42148,17.47716],[78.41696,17.4805],[78.41557,17.48152],[78.41259,17.48385],[78.41249,17.48397],[78.41262,17.48416],[78.41274,17.48451],[78.41308,17.48556],[78.41293,17.48602],[78.41284,17.48619],[78.41358,17.48734],[78.4138,17.48768],[78.41485,17.49493],[78.41688,17.49642],[78.41872,17.49644],[78.42042,17.49627],[78.42043,17.49776],[78.42156,17.49768],[78.42403,17.49943],[78.42687,17.49884],[78.42721,17.49899],[78.42748,17.49873],[78.42852,17.49907],[78.42914,17.49926],[78.43301,17.49777]]]}},{"type":"Feature","properties":{"ward_id":"7858249","name":"Ward 123 Hydernagar"},"geometry":{"type":"Polygon","coordinates":[[[78.40399,17.49274],[78.40071,17.49425],[78.39877,17.49514],[78.39727,17.49582],[78.39561,17.49623],[78.39432,17.49658],[78.39146,17.49814],[78.39122,17.49819],[78.391,17.49825],[78.39075,17.49831],[78.39011,17.49847],[78.38418,17.49918],[78.38245,17.49936],[78.37946,17.498],[78.378,17.49746],[78.37682,17.4972],[78.37381,17.49655],[78.37386,17.49713],[78.3739,17.49738],[78.37391,17.49751],[78.37452,17.50204],[78.37526,17.50696],[78.37649,17.50658],[78.37672,17.50749],[78.37676,17.50763],[78.37914,17.50755],[78.37923,17.50949],[78.38409,17.508],[78.38558,17.50755],[78.38619,17.50803],[78.3869,17.5086],[78.38814,17.51169],[78.389,17.51169],[78.38932,17.51169],[78.38937,17.51169],[78.3929,17.5086],[78.39615,17.50849],[78.39627,17.50848],[78.39637,17.50847],[78.39915,17.50764],[78.40022,17.50704],[78.40053,17.5063],[78.40161,17.50374],[78.40145,17.50208],[78.40172,17.49944],[78.40232,17.49873],[78.40197,17.49784],[78.40237,17.49724],[78.40268,17.49679],[78.40453,17.49579],[78.40492,17.49459],[78.40399,17.49274]]]}},{"type":"Feature","properties":{"ward_id":"7858250","name":"Ward 122 Vivekananda Nagar Colony"},"geometry":{"type":"Polygon","coordinates":[[[78.42721,17.49899],[78.42687,17.49884],[78.42403,17.49943],[78.42156,17.49768],[78.42043,17.49776],[78.42042,17.49627],[78.41872,17.49644],[78.41688,17.49642],[78.41485,17.49493],[78.4138,17.48768],[78.41358,17.48734],[78.41284,17.48619],[78.41293,17.48602],[78.41308,17.48556],[78.41274,17.48451],[78.41262,17.48416],[78.41249,17.48397],[78.40833,17.48939],[78.40665,17.49158],[78.40399,17.49274],[78.40492,17.49459],[78.40453,17.49579],[78.40643,17.49658],[78.40717,17.49716],[78.40993,17.49827],[78.41074,17.49826],[78.41174,17.49862],[78.41223,17.4988],[78.41393,17.49941],[78.41441,17.49964],[78.41457,17.49971],[78.41528,17.50007],[78.4164,17.50055],[78.41761,17.5011],[78.42045,17.50274],[78.42223,17.50239],[78.4266,17.50137],[78.42721,17.50049],[78.42721,17.49899]]]}},{"type":"Feature","properties":{"ward_id":"7858295","name":"Ward 135 Venkatapuram"},"geometry":{"type":"Polygon","coordinates":[[[78.50941,17.49166],[78.50925,17.49092],[78.50919,17.49066],[78.50879,17.48956],[78.5075,17.4899],[78.5071,17.49],[78.5057,17.48903],[78.50482,17.48843],[78.50437,17.48701],[78.50387,17.48541],[78.50171,17.48468],[78.49986,17.48313],[78.50185,17.48185],[78.50181,17.48181],[78.49973,17.47992],[78.49893,17.47985],[78.49813,17.4795],[78.49778,17.47826],[78.4976,17.47844],[78.49769,17.47791],[78.49752,17.47668],[78.49831,17.47632],[78.49857,17.47376],[78.50025,17.47173],[78.49981,17.47164],[78.49755,17.47285],[78.49566,17.47385],[78.49562,17.47415],[78.49526,17.47473],[78.49539,17.47502],[78.49631,17.47707],[78.49678,17.47789],[78.49687,17.47887],[78.4969,17.48007],[78.49691,17.48057],[78.49692,17.48119],[78.49697,17.48208],[78.49582,17.48177],[78.49571,17.48245],[78.49546,17.48326],[78.49541,17.48345],[78.49537,17.48358],[78.49467,17.48296],[78.49376,17.48046],[78.49356,17.47991],[78.49325,17.47983],[78.49313,17.47981],[78.49063,17.47922],[78.48804,17.47997],[78.48804,17.48074],[78.48738,17.48126],[78.48629,17.48211],[78.48598,17.48228],[78.48569,17.48248],[78.48536,17.48319],[78.48522,17.48349],[78.4848,17.48381],[78.48478,17.48477],[78.48475,17.48616],[78.48475,17.48646],[78.48475,17.48646],[78.48474,17.48687],[78.48483,17.48682],[78.48572,17.48632],[78.48615,17.48659],[78.4868,17.4878],[78.48848,17.48691],[78.49068,17.48612],[78.49071,17.48989],[78.49173,17.49219],[78.49224,17.49288],[78.49354,17.49273],[78.49345,17.49115],[78.49584,17.49027],[78.49742,17.49423],[78.49602,17.49634],[78.49592,17.50031],[78.49725,17.50057],[78.49813,17.49908],[78.50051,17.49873],[78.5021,17.50119],[78.50272,17.50022],[78.50616,17.49979],[78.50711,17.49689],[78.50518,17.49635],[78.5052,17.49573],[78.5066,17.49477],[78.50607,17.49299],[78.50775,17.49282],[78.50723,17.49188],[78.50941,17.49166]]]}},{"type":"Feature","properties":{"ward_id":"7858296","name":"Ward 134 Alwal"},"geometry":{"type":"Polygon","coordinates":[[[78.50941,17.49166],[78.51262,17.49132],[78.51253,17.49319],[78.51317,17.49771],[78.51405,17.50106],[78.51409,17.50234],[78.515,17.50371],[78.51447,17.50796],[78.51009,17.50886],[78.50986,17.51057],[78.50753,17.5093],[78.5055,17.50911],[78.50322,17.50881],[78.50178,17.50825],[78.4989,17.50688],[78.49805,17.50669],[78.49731,17.50653],[78.49288,17.50655],[78.4899,17.50574],[78.48748,17.50486],[78.48439,17.50278],[78.48404,17.50255],[78.48226,17.50165],[78.48178,17.50071],[78.48977,17.50453],[78.4919,17.50476],[78.49266,17.50252],[78.49284,17.50116],[78.49296,17.50026],[78.49328,17.49783],[78.49355,17.49695],[78.49304,17.4949],[78.49224,17.49288],[78.49354,17.49273],[78.49345,17.49115],[78.49584,17.49027],[78.49742,17.49423],[78.49602,17.49634],[78.49592,17.50031],[78.49725,17.50057],[78.49813,17.49908],[78.50051,17.49873],[78.5021,17.50119],[78.50272,17.50022],[78.50616,17.49979],[78.50711,17.49689],[78.50518,17.49635],[78.5052,17.49573],[78.5066,17.49477],[78.50607,17.49299],[78.50775,17.49282],[78.50723,17.49188],[78.50941,17.49166]]]}},{"type":"Feature","properties":{"ward_id":"7858403","name":"Ward 131 Quthbullapur"},"geometry":{"type":"Polygon","coordinates":[[[78.47026,17.49582],[78.46778,17.49322],[78.46769,17.49313],[78.4674,17.49272],[78.46496,17.4893],[78.46346,17.48814],[78.46175,17.48683],[78.46037,17.48577],[78.46022,17.48481],[78.46019,17.48461],[78.45927,17.48405],[78.45771,17.48308],[78.45763,17.48303],[78.45636,17.4831],[78.45623,17.48311],[78.4558,17.48206],[78.45015,17.48277],[78.44983,17.4827],[78.44971,17.48268],[78.44959,17.48256],[78.44919,17.48212],[78.44928,17.48262],[78.44931,17.48279],[78.44991,17.48588],[78.45022,17.48761],[78.45104,17.49049],[78.45208,17.49414],[78.45213,17.49514],[78.45217,17.49598],[78.45174,17.49872],[78.44784,17.51043],[78.44763,17.51106],[78.44985,17.51122],[78.45048,17.5109],[78.45458,17.50884],[78.45449,17.50774],[78.45647,17.50639],[78.45569,17.50574],[78.45527,17.50471],[78.45576,17.50305],[78.46128,17.50077],[78.46265,17.5018],[78.46504,17.50128],[78.46556,17.50069],[78.46434,17.49813],[78.46629,17.49735],[78.46798,17.49768],[78.47026,17.49582]]]}},{"type":"Feature","properties":{"ward_id":"7858404","name":"Ward 115 Balaji Nagar"},"geometry":{"type":"Polygon","coordinates":[[[78.41249,17.48397],[78.40833,17.48939],[78.40665,17.49158],[78.40399,17.49274],[78.40071,17.49425],[78.39877,17.49514],[78.39727,17.49582],[78.39663,17.4944],[78.39571,17.493],[78.39456,17.49293],[78.39474,17.49158],[78.39446,17.49098],[78.39392,17.48992],[78.39334,17.48875],[78.39509,17.48704],[78.39342,17.48283],[78.39412,17.48203],[78.39558,17.47699],[78.39395,17.47409],[78.39147,17.46971],[78.38712,17.47132],[78.38535,17.47033],[78.38658,17.4661],[78.3899,17.46401],[78.396,17.46413],[78.39959,17.46225],[78.40347,17.46012],[78.40402,17.46123],[78.40518,17.46323],[78.41055,17.46293],[78.41432,17.46271],[78.41574,17.46135],[78.41649,17.45933],[78.41668,17.45934],[78.41735,17.4594],[78.41725,17.46021],[78.41665,17.46539],[78.41752,17.46603],[78.41822,17.46715],[78.41823,17.46851],[78.42029,17.46877],[78.42317,17.46948],[78.42395,17.46955],[78.4256,17.46959],[78.42732,17.46964],[78.42757,17.46971],[78.42361,17.47571],[78.42191,17.47687],[78.42148,17.47716],[78.41696,17.4805],[78.41557,17.48152],[78.41259,17.48385],[78.41249,17.48397]]]}},{"type":"Feature","properties":{"ward_id":"7858671","name":"Ward 143 Tarnaka"},"geometry":{"type":"Polygon","coordinates":[[[78.53587,17.42472],[78.53454,17.42504],[78.53317,17.42548],[78.53249,17.42579],[78.53182,17.42617],[78.53108,17.42676],[78.53229,17.42793],[78.53506,17.4306],[78.53669,17.43252],[78.53804,17.43336],[78.53619,17.43345],[78.53581,17.43411],[78.53609,17.43453],[78.53646,17.43587],[78.53724,17.4357],[78.53735,17.43586],[78.53748,17.436],[78.53837,17.43707],[78.53851,17.43724],[78.53863,17.43739],[78.53834,17.43739],[78.53841,17.43928],[78.53846,17.44066],[78.53934,17.4412],[78.53941,17.44137],[78.53948,17.44153],[78.54002,17.44213],[78.54092,17.44253],[78.54123,17.44355],[78.5432,17.44301],[78.54327,17.4436],[78.54348,17.44477],[78.54416,17.44467],[78.54534,17.44435],[78.54722,17.44293],[78.5465,17.44094],[78.5462,17.44006],[78.54729,17.43955],[78.54758,17.44026],[78.54819,17.43907],[78.54863,17.43795],[78.54875,17.43764],[78.54862,17.43487],[78.5486,17.43451],[78.54856,17.4345],[78.5468,17.43396],[78.54681,17.43294],[78.54682,17.43263],[78.54714,17.43126],[78.54587,17.43158],[78.54518,17.42923],[78.54494,17.42839],[78.54465,17.42741],[78.54407,17.42736],[78.54381,17.42735],[78.54379,17.42732],[78.54197,17.4253],[78.54195,17.42528],[78.54083,17.42419],[78.53819,17.42669],[78.53587,17.42472]]]}},{"type":"Feature","properties":{"ward_id":"7858672","name":"Ward 144 Mettuguda"},"geometry":{"type":"Polygon","coordinates":[[[78.50579,17.43421],[78.50586,17.43423],[78.50673,17.43441],[78.50815,17.43453],[78.50927,17.43472],[78.51246,17.43549],[78.5136,17.43625],[78.51448,17.43711],[78.51639,17.43871],[78.51791,17.43901],[78.51924,17.43901],[78.52111,17.4394],[78.52227,17.43934],[78.52373,17.43895],[78.52412,17.43873],[78.52609,17.43785],[78.5281,17.43708],[78.52907,17.4367],[78.53004,17.43614],[78.53064,17.43541],[78.53522,17.43335],[78.53619,17.43345],[78.53804,17.43336],[78.53669,17.43252],[78.53506,17.4306],[78.53229,17.42793],[78.53108,17.42676],[78.52997,17.42581],[78.52806,17.42411],[78.52519,17.42522],[78.52431,17.42603],[78.52347,17.42614],[78.52248,17.42634],[78.52156,17.42669],[78.52067,17.42679],[78.51955,17.42701],[78.51845,17.42711],[78.51803,17.4272],[78.51675,17.42812],[78.51601,17.42867],[78.51595,17.42874],[78.51517,17.42953],[78.51281,17.42952],[78.51158,17.4302],[78.51077,17.43056],[78.51052,17.43007],[78.51044,17.42955],[78.51031,17.42905],[78.5103,17.42898],[78.50946,17.42915],[78.50921,17.42923],[78.50854,17.42944],[78.50813,17.42958],[78.50661,17.4298],[78.50669,17.43042],[78.50656,17.43138],[78.50652,17.43169],[78.50622,17.43293],[78.50615,17.4331],[78.5061,17.43336],[78.50592,17.43386],[78.50579,17.43421]]]}},{"type":"Feature","properties":{"ward_id":"7858673","name":"Ward 138 Moula Ali"},"geometry":{"type":"Polygon","coordinates":[[[78.56315,17.4617],[78.56319,17.46178],[78.56383,17.4636],[78.56437,17.46423],[78.56512,17.46429],[78.56476,17.46605],[78.56444,17.46763],[78.56476,17.46806],[78.56504,17.46843],[78.56587,17.46943],[78.56552,17.46965],[78.562,17.47191],[78.56178,17.47195],[78.56042,17.4718],[78.55974,17.47184],[78.55918,17.47187],[78.5568,17.4732],[78.55553,17.47475],[78.55539,17.47517],[78.55487,17.4768],[78.55389,17.47729],[78.55397,17.47764],[78.55423,17.47791],[78.55397,17.4787],[78.5545,17.48044],[78.55222,17.48141],[78.55154,17.4817],[78.5506,17.48211],[78.55047,17.48008],[78.55042,17.47921],[78.54885,17.47915],[78.54882,17.47874],[78.54931,17.47775],[78.54741,17.47702],[78.54735,17.47414],[78.54739,17.47373],[78.54743,17.47323],[78.54667,17.47091],[78.54592,17.46867],[78.54582,17.46771],[78.54377,17.46738],[78.54302,17.46528],[78.54528,17.46467],[78.54563,17.46377],[78.54679,17.46332],[78.547,17.46375],[78.54729,17.46403],[78.54752,17.46397],[78.54818,17.46379],[78.54835,17.46361],[78.54841,17.46331],[78.54848,17.46278],[78.54832,17.46273],[78.54768,17.46275],[78.54756,17.4627],[78.5473,17.46234],[78.54687,17.46242],[78.54696,17.46195],[78.54695,17.4616],[78.54727,17.46142],[78.54822,17.46099],[78.5484,17.46108],[78.5491,17.46092],[78.54913,17.46052],[78.55094,17.46026],[78.55183,17.45978],[78.55356,17.45968],[78.55496,17.45898],[78.55695,17.45823],[78.55841,17.4581],[78.55887,17.45893],[78.55948,17.46064],[78.55958,17.46091],[78.55952,17.46094],[78.55841,17.46153],[78.55847,17.46155],[78.55957,17.46194],[78.55964,17.46196],[78.55973,17.462],[78.55979,17.46204],[78.56075,17.46271],[78.56109,17.46258],[78.56146,17.46242],[78.56183,17.46227],[78.56315,17.4617]]]}},{"type":"Feature","properties":{"ward_id":"7858674","name":"Ward 142 Addagutta"},"geometry":{"type":"Polygon","coordinates":[[[78.53619,17.43345],[78.53522,17.43335],[78.53064,17.43541],[78.53004,17.43614],[78.52907,17.4367],[78.5281,17.43708],[78.52609,17.43785],[78.52412,17.43873],[78.52373,17.43895],[78.52227,17.43934],[78.52111,17.4394],[78.51924,17.43901],[78.51791,17.43901],[78.51639,17.43871],[78.51448,17.43711],[78.5136,17.43625],[78.51246,17.43549],[78.50927,17.43472],[78.50815,17.43453],[78.50673,17.43441],[78.50586,17.43423],[78.50579,17.43421],[78.50565,17.43488],[78.50537,17.43583],[78.50517,17.43652],[78.50465,17.43772],[78.50495,17.43934],[78.50603,17.43908],[78.50688,17.43853],[78.50764,17.43805],[78.50819,17.43811],[78.50929,17.4392],[78.5086,17.43961],[78.50879,17.44039],[78.50925,17.44148],[78.50942,17.44186],[78.5095,17.44183],[78.51047,17.44155],[78.51083,17.4426],[78.51125,17.44239],[78.51133,17.44235],[78.51208,17.44281],[78.51358,17.44221],[78.51495,17.44528],[78.51583,17.44462],[78.51714,17.44393],[78.51817,17.44567],[78.51841,17.44612],[78.51962,17.44567],[78.52077,17.4454],[78.52161,17.44512],[78.52144,17.44448],[78.52143,17.44343],[78.52123,17.44299],[78.52637,17.44148],[78.52934,17.44127],[78.5311,17.44115],[78.53545,17.44001],[78.53841,17.43928],[78.53834,17.43739],[78.53863,17.43739],[78.53851,17.43724],[78.53837,17.43707],[78.53748,17.436],[78.53735,17.43586],[78.53724,17.4357],[78.53646,17.43587],[78.53609,17.43453],[78.53581,17.43411],[78.53619,17.43345]]]}},{"type":"Feature","properties":{"ward_id":"7858675","name":"Ward 141 Gautham Nagar"},"geometry":{"type":"Polygon","coordinates":[[[78.5311,17.44115],[78.52934,17.44127],[78.52637,17.44148],[78.52123,17.44299],[78.52143,17.44343],[78.52144,17.44448],[78.52161,17.44512],[78.52077,17.4454],[78.51962,17.44567],[78.51998,17.44689],[78.5216,17.44651],[78.52186,17.44708],[78.52199,17.44741],[78.5223,17.44859],[78.52256,17.44913],[78.52291,17.44908],[78.52351,17.44933],[78.52389,17.45003],[78.52452,17.45195],[78.52489,17.45363],[78.52526,17.45519],[78.52725,17.45663],[78.52984,17.45918],[78.53212,17.46059],[78.53312,17.46224],[78.53307,17.4611],[78.53278,17.46015],[78.53239,17.45864],[78.53214,17.45716],[78.53247,17.45641],[78.53275,17.45599],[78.53364,17.45556],[78.53515,17.45472],[78.53444,17.45364],[78.53371,17.45239],[78.53305,17.45129],[78.53244,17.45026],[78.53361,17.4504],[78.53576,17.45002],[78.53655,17.44879],[78.53638,17.44837],[78.53553,17.44575],[78.53504,17.44551],[78.53381,17.44416],[78.53333,17.44292],[78.53246,17.44207],[78.53162,17.44197],[78.53125,17.4414],[78.5311,17.44115]]]}},{"type":"Feature","properties":{"ward_id":"7858676","name":"Ward 137 Vinayak Nagar"},"geometry":{"type":"Polygon","coordinates":[[[78.54153,17.45488],[78.54077,17.45775],[78.54027,17.4607],[78.53889,17.46147],[78.53843,17.46052],[78.53748,17.45861],[78.53651,17.45862],[78.53538,17.46041],[78.5354,17.46093],[78.53594,17.46145],[78.53677,17.46222],[78.53801,17.46389],[78.53859,17.46487],[78.53869,17.46546],[78.5388,17.46668],[78.5389,17.46711],[78.53889,17.46741],[78.53898,17.47076],[78.54065,17.47085],[78.5375,17.47531],[78.53693,17.4787],[78.544,17.47899],[78.54452,17.48276],[78.54753,17.48306],[78.54878,17.48317],[78.5506,17.48211],[78.55047,17.48008],[78.55042,17.47921],[78.54885,17.47915],[78.54882,17.47874],[78.54931,17.47775],[78.54741,17.47702],[78.54735,17.47414],[78.54739,17.47373],[78.54743,17.47323],[78.54667,17.47091],[78.54592,17.46867],[78.54582,17.46771],[78.54377,17.46738],[78.54302,17.46528],[78.54528,17.46467],[78.54563,17.46377],[78.54679,17.46332],[78.54661,17.46295],[78.54639,17.46302],[78.54628,17.46297],[78.54597,17.463],[78.5457,17.46249],[78.54558,17.46227],[78.54561,17.46205],[78.54532,17.46134],[78.54511,17.46129],[78.54474,17.46084],[78.54461,17.4608],[78.54363,17.46137],[78.5432,17.46075],[78.54295,17.46078],[78.54272,17.46088],[78.54262,17.46079],[78.54251,17.46086],[78.54217,17.46035],[78.54256,17.46021],[78.54303,17.45997],[78.54312,17.45984],[78.54351,17.4596],[78.54328,17.45912],[78.54373,17.45833],[78.54303,17.4562],[78.54153,17.45488]]]}},{"type":"Feature","properties":{"ward_id":"7858677","name":"Ward 140 Malkajgiri"},"geometry":{"type":"Polygon","coordinates":[[[78.53638,17.44837],[78.53655,17.44879],[78.53576,17.45002],[78.53361,17.4504],[78.53244,17.45026],[78.53305,17.45129],[78.53371,17.45239],[78.53444,17.45364],[78.53515,17.45472],[78.53364,17.45556],[78.53275,17.45599],[78.53247,17.45641],[78.53214,17.45716],[78.53239,17.45864],[78.53278,17.46015],[78.53307,17.4611],[78.53312,17.46224],[78.53314,17.46262],[78.53232,17.46547],[78.53115,17.47015],[78.53417,17.47026],[78.53483,17.47255],[78.53547,17.47251],[78.53525,17.47381],[78.53636,17.47464],[78.5375,17.47531],[78.54065,17.47085],[78.53898,17.47076],[78.53889,17.46741],[78.5389,17.46711],[78.5388,17.46668],[78.53869,17.46546],[78.53859,17.46487],[78.53801,17.46389],[78.53677,17.46222],[78.53594,17.46145],[78.5354,17.46093],[78.53538,17.46041],[78.53651,17.45862],[78.53748,17.45861],[78.53843,17.46052],[78.53889,17.46147],[78.54027,17.4607],[78.54077,17.45775],[78.54153,17.45488],[78.54514,17.45075],[78.54462,17.44906],[78.5454,17.44862],[78.54532,17.44747],[78.54541,17.4474],[78.54073,17.44757],[78.54021,17.44916],[78.53638,17.44837]]]}},{"type":"Feature","properties":{"ward_id":"7861517","name":"Ward 23 Gaddiannaram"},"geometry":{"type":"Polygon","coordinates":[[[78.52218,17.36203],[78.52332,17.36213],[78.52465,17.36528],[78.52396,17.36649],[78.52291,17.36682],[78.52298,17.36734],[78.52314,17.36858],[78.52449,17.36856],[78.52836,17.36847],[78.53293,17.36836],[78.53686,17.36828],[78.53808,17.36815],[78.53822,17.36811],[78.53818,17.36802],[78.53629,17.36421],[78.53613,17.36306],[78.53611,17.36186],[78.53414,17.36244],[78.53361,17.36176],[78.53332,17.36057],[78.53266,17.35873],[78.53046,17.35877],[78.53026,17.35657],[78.52759,17.35758],[78.52754,17.35761],[78.52453,17.35912],[78.52426,17.35946],[78.52396,17.36008],[78.52296,17.3609],[78.52218,17.36203]]]}},{"type":"Feature","properties":{"ward_id":"7861518","name":"Ward 22 Chaitanyapuri"},"geometry":{"type":"Polygon","coordinates":[[[78.52518,17.37631],[78.52557,17.37625],[78.52675,17.37606],[78.52819,17.37583],[78.53122,17.37734],[78.53484,17.37937],[78.53894,17.38299],[78.5432,17.38372],[78.54315,17.38268],[78.54291,17.37789],[78.54287,17.37754],[78.54277,17.37654],[78.54264,17.37546],[78.54116,17.37553],[78.54034,17.37632],[78.53971,17.3766],[78.539,17.37656],[78.53917,17.37451],[78.53826,17.37455],[78.53878,17.3722],[78.53905,17.37096],[78.54007,17.3712],[78.54029,17.37125],[78.54031,17.37096],[78.54033,17.37049],[78.54007,17.37031],[78.53855,17.36851],[78.53833,17.36825],[78.53822,17.36811],[78.53808,17.36815],[78.53686,17.36828],[78.53293,17.36836],[78.52836,17.36847],[78.52449,17.36856],[78.52474,17.36985],[78.52349,17.36983],[78.52462,17.37437],[78.5248,17.37525],[78.52485,17.37549],[78.52518,17.37631]]]}},{"type":"Feature","properties":{"ward_id":"7861519","name":"Ward 19 Saroornagar"},"geometry":{"type":"Polygon","coordinates":[[[78.54641,17.37262],[78.5464,17.37257],[78.54569,17.36706],[78.54521,17.36687],[78.5438,17.36631],[78.54322,17.36582],[78.54319,17.36579],[78.54274,17.36544],[78.54256,17.36528],[78.54258,17.36522],[78.54379,17.36191],[78.54441,17.35989],[78.54632,17.35275],[78.54411,17.35295],[78.54203,17.35303],[78.54066,17.35045],[78.53225,17.35441],[78.53053,17.35564],[78.53026,17.35657],[78.53046,17.35877],[78.53266,17.35873],[78.53332,17.36057],[78.53361,17.36176],[78.53414,17.36244],[78.53611,17.36186],[78.53613,17.36306],[78.53629,17.36421],[78.53818,17.36802],[78.53822,17.36811],[78.53833,17.36825],[78.53855,17.36851],[78.54007,17.37031],[78.54033,17.37049],[78.54323,17.37209],[78.54338,17.37214],[78.54602,17.37256],[78.54641,17.37262]]]}},{"type":"Feature","properties":{"ward_id":"7861520","name":"Ward 18 Lingojiguda"},"geometry":{"type":"Polygon","coordinates":[[[78.52536,17.34521],[78.53309,17.34413],[78.53371,17.34404],[78.53555,17.34378],[78.54073,17.34308],[78.54109,17.34309],[78.54142,17.34306],[78.54183,17.34305],[78.54442,17.34296],[78.54478,17.34295],[78.54665,17.34221],[78.54822,17.34379],[78.54866,17.34423],[78.55102,17.34652],[78.5541,17.35058],[78.55255,17.35101],[78.5518,17.3524],[78.55062,17.35245],[78.55036,17.35142],[78.5483,17.3512],[78.547,17.35108],[78.54661,17.35164],[78.54632,17.35275],[78.54411,17.35295],[78.54203,17.35303],[78.54066,17.35045],[78.53225,17.35441],[78.53053,17.35564],[78.53008,17.35291],[78.53085,17.35095],[78.53017,17.35111],[78.52905,17.35019],[78.52811,17.34894],[78.52761,17.34898],[78.52802,17.35176],[78.52658,17.35435],[78.52521,17.35414],[78.52487,17.34622],[78.52536,17.34521]]]}},{"type":"Feature","properties":{"ward_id":"7861521","name":"Ward 38 IS Sadan"},"geometry":{"type":"Polygon","coordinates":[[[78.52426,17.35946],[78.52446,17.3583],[78.52379,17.3575],[78.52336,17.35605],[78.52332,17.35418],[78.52521,17.35414],[78.52487,17.34622],[78.52536,17.34521],[78.52527,17.34466],[78.52628,17.34392],[78.51888,17.34381],[78.51856,17.34507],[78.51656,17.3465],[78.51663,17.3483],[78.5171,17.35034],[78.51459,17.35093],[78.51437,17.35098],[78.51423,17.35055],[78.51382,17.34925],[78.5121,17.34993],[78.51004,17.35074],[78.50988,17.34959],[78.50974,17.34854],[78.50856,17.34849],[78.50855,17.34896],[78.50823,17.34955],[78.50784,17.35027],[78.50666,17.35234],[78.50548,17.35651],[78.50628,17.35684],[78.5076,17.35697],[78.50918,17.35713],[78.51585,17.35799],[78.51892,17.3577],[78.51909,17.35811],[78.52081,17.35847],[78.52177,17.35866],[78.52426,17.35946]]]}},{"type":"Feature","properties":{"ward_id":"7861522","name":"Ward 17 Champapet"},"geometry":{"type":"Polygon","coordinates":[[[78.53612,17.33749],[78.53375,17.33714],[78.52992,17.33787],[78.52806,17.33823],[78.52379,17.3397],[78.51899,17.34134],[78.51846,17.34152],[78.51609,17.34234],[78.51596,17.34238],[78.51586,17.34239],[78.51521,17.34248],[78.51178,17.34281],[78.50695,17.34355],[78.50705,17.34365],[78.50758,17.34413],[78.50857,17.34799],[78.50856,17.34849],[78.50974,17.34854],[78.50988,17.34959],[78.51004,17.35074],[78.5121,17.34993],[78.51382,17.34925],[78.51423,17.35055],[78.51437,17.35098],[78.51459,17.35093],[78.5171,17.35034],[78.51663,17.3483],[78.51656,17.3465],[78.51856,17.34507],[78.51888,17.34381],[78.52628,17.34392],[78.52527,17.34466],[78.52536,17.34521],[78.53309,17.34413],[78.53371,17.34404],[78.53555,17.34378],[78.54073,17.34308],[78.54109,17.34309],[78.54142,17.34306],[78.54183,17.34305],[78.54442,17.34296],[78.54478,17.34295],[78.54665,17.34221],[78.54487,17.34065],[78.54273,17.33877],[78.54187,17.33833],[78.54083,17.33798],[78.53921,17.33781],[78.53612,17.33749]]]}},{"type":"Feature","properties":{"ward_id":"7861523","name":"Ward 27 Akbarbagh"},"geometry":{"type":"Polygon","coordinates":[[[78.51409,17.36998],[78.51059,17.37178],[78.51045,17.37186],[78.50817,17.37254],[78.50735,17.37278],[78.50083,17.37378],[78.4981,17.3753],[78.49761,17.37409],[78.49761,17.37298],[78.49684,17.3719],[78.4962,17.37083],[78.49853,17.36974],[78.49901,17.37048],[78.49895,17.37093],[78.49998,17.37138],[78.50137,17.36991],[78.50163,17.36868],[78.50171,17.36825],[78.50122,17.36434],[78.50374,17.36304],[78.50566,17.36186],[78.51,17.36229],[78.51,17.36233],[78.51001,17.36241],[78.5104,17.36534],[78.5118,17.36551],[78.51225,17.36557],[78.51191,17.36661],[78.51218,17.36844],[78.51362,17.36794],[78.51409,17.36998]]]}},{"type":"Feature","properties":{"ward_id":"7861524","name":"Ward 24 Saidabad"},"geometry":{"type":"Polygon","coordinates":[[[78.50399,17.36229],[78.50374,17.36304],[78.50566,17.36186],[78.51,17.36229],[78.51,17.36233],[78.51001,17.36241],[78.5104,17.36534],[78.5118,17.36551],[78.51225,17.36557],[78.51191,17.36661],[78.51218,17.36844],[78.51362,17.36794],[78.51409,17.36998],[78.51907,17.36887],[78.51994,17.36729],[78.52135,17.36561],[78.52178,17.36387],[78.52188,17.36256],[78.52218,17.36203],[78.52296,17.3609],[78.52396,17.36008],[78.52426,17.35946],[78.52177,17.35866],[78.52081,17.35847],[78.51909,17.35811],[78.51892,17.3577],[78.51585,17.35799],[78.50918,17.35713],[78.5076,17.35697],[78.50628,17.35684],[78.50548,17.35651],[78.50399,17.36229]]]}},{"type":"Feature","properties":{"ward_id":"7861525","name":"Ward 25 Moosarambagh"},"geometry":{"type":"Polygon","coordinates":[[[78.51409,17.36998],[78.51059,17.37178],[78.51045,17.37186],[78.50817,17.37254],[78.50735,17.37278],[78.50774,17.37487],[78.50816,17.37572],[78.50822,17.37583],[78.51055,17.37673],[78.51078,17.37712],[78.51118,17.37781],[78.51126,17.37851],[78.5112,17.37911],[78.51228,17.37953],[78.51287,17.37976],[78.51545,17.37822],[78.51558,17.37837],[78.51639,17.37921],[78.51656,17.37942],[78.51699,17.37999],[78.51737,17.37959],[78.51858,17.37865],[78.52177,17.37736],[78.52518,17.37631],[78.52485,17.37549],[78.5248,17.37525],[78.52462,17.37437],[78.52349,17.36983],[78.52474,17.36985],[78.52449,17.36856],[78.52314,17.36858],[78.52298,17.36734],[78.52291,17.36682],[78.52396,17.36649],[78.52465,17.36528],[78.52332,17.36213],[78.52218,17.36203],[78.52188,17.36256],[78.52178,17.36387],[78.52135,17.36561],[78.51994,17.36729],[78.51907,17.36887],[78.51409,17.36998]]]}},{"type":"Feature","properties":{"ward_id":"7861526","name":"Ward 26 Old Malakpet"},"geometry":{"type":"Polygon","coordinates":[[[78.50735,17.37278],[78.50083,17.37378],[78.4981,17.3753],[78.49652,17.37566],[78.49528,17.37728],[78.49495,17.38007],[78.49492,17.3803],[78.49485,17.38073],[78.49869,17.38376],[78.50025,17.38499],[78.50307,17.38603],[78.50645,17.38588],[78.50679,17.38587],[78.51091,17.38587],[78.51458,17.38249],[78.5156,17.38144],[78.51699,17.37999],[78.51656,17.37942],[78.51639,17.37921],[78.51558,17.37837],[78.51545,17.37822],[78.51287,17.37976],[78.51228,17.37953],[78.5112,17.37911],[78.51126,17.37851],[78.51118,17.37781],[78.51078,17.37712],[78.51055,17.37673],[78.50822,17.37583],[78.50816,17.37572],[78.50774,17.37487],[78.50735,17.37278]]]}},{"type":"Feature","properties":{"ward_id":"7861527","name":"Ward 28 Azampura"},"geometry":{"type":"Polygon","coordinates":[[[78.4981,17.3753],[78.49761,17.37409],[78.49761,17.37298],[78.49684,17.3719],[78.4962,17.37083],[78.49853,17.36974],[78.49817,17.36919],[78.49722,17.36818],[78.49691,17.36784],[78.49388,17.36713],[78.49349,17.36684],[78.49169,17.3671],[78.48989,17.36693],[78.48897,17.36698],[78.48708,17.36745],[78.48699,17.36846],[78.48817,17.37034],[78.48796,17.37147],[78.4879,17.37236],[78.48783,17.37351],[78.48824,17.37444],[78.48807,17.37597],[78.48796,17.37757],[78.48796,17.37757],[78.48802,17.37865],[78.48802,17.37942],[78.49183,17.37986],[78.49485,17.38073],[78.49492,17.3803],[78.49495,17.38007],[78.49528,17.37728],[78.49652,17.37566],[78.4981,17.3753]]]}},{"type":"Feature","properties":{"ward_id":"7861528","name":"Ward 29 Chawni"},"geometry":{"type":"Polygon","coordinates":[[[78.49575,17.35809],[78.49242,17.36115],[78.4923,17.36261],[78.48989,17.36693],[78.49169,17.3671],[78.49349,17.36684],[78.49388,17.36713],[78.49691,17.36784],[78.49722,17.36818],[78.49817,17.36919],[78.49853,17.36974],[78.49901,17.37048],[78.49895,17.37093],[78.49998,17.37138],[78.50137,17.36991],[78.50163,17.36868],[78.50171,17.36825],[78.50122,17.36434],[78.50374,17.36304],[78.50399,17.36229],[78.50091,17.36185],[78.49817,17.36159],[78.49755,17.36153],[78.49691,17.35942],[78.49645,17.35945],[78.49575,17.35809]]]}},{"type":"Feature","properties":{"ward_id":"7861529","name":"Ward 31 Rein Bazar"},"geometry":{"type":"Polygon","coordinates":[[[78.4844,17.36192],[78.48347,17.36201],[78.4832,17.35904],[78.48433,17.3588],[78.48487,17.35869],[78.48974,17.35701],[78.48895,17.35574],[78.48827,17.35456],[78.48925,17.35429],[78.49061,17.35416],[78.49186,17.35384],[78.49161,17.35531],[78.49347,17.35555],[78.49628,17.35614],[78.49599,17.35765],[78.49575,17.35809],[78.49242,17.36115],[78.49253,17.35985],[78.49107,17.35998],[78.49062,17.36082],[78.48866,17.36117],[78.48773,17.36149],[78.48735,17.36171],[78.4844,17.36192]]]}},{"type":"Feature","properties":{"ward_id":"7861530","name":"Ward 37 Kurmaguda"},"geometry":{"type":"Polygon","coordinates":[[[78.49306,17.35316],[78.49368,17.3538],[78.49461,17.35442],[78.49484,17.35473],[78.49502,17.35512],[78.49566,17.35506],[78.49644,17.35486],[78.49675,17.35487],[78.49711,17.35488],[78.4975,17.35489],[78.49811,17.35491],[78.49852,17.35492],[78.49899,17.355],[78.49895,17.35276],[78.50204,17.35281],[78.50205,17.35175],[78.50241,17.35073],[78.50237,17.35025],[78.50554,17.35202],[78.50666,17.35234],[78.50548,17.35651],[78.50399,17.36229],[78.50091,17.36185],[78.49817,17.36159],[78.49755,17.36153],[78.49691,17.35942],[78.49645,17.35945],[78.49575,17.35809],[78.49599,17.35765],[78.49628,17.35614],[78.49347,17.35555],[78.49161,17.35531],[78.49186,17.35384],[78.49306,17.35316]]]}},{"type":"Feature","properties":{"ward_id":"7861531","name":"Ward 39 Santhosh Nagar"},"geometry":{"type":"Polygon","coordinates":[[[78.50195,17.34417],[78.50172,17.34675],[78.50043,17.34726],[78.49836,17.34891],[78.49704,17.34912],[78.49634,17.34981],[78.49572,17.35041],[78.49329,17.35302],[78.49306,17.35316],[78.49368,17.3538],[78.49461,17.35442],[78.49484,17.35473],[78.49502,17.35512],[78.49566,17.35506],[78.49644,17.35486],[78.49675,17.35487],[78.49711,17.35488],[78.4975,17.35489],[78.49811,17.35491],[78.49852,17.35492],[78.49899,17.355],[78.49895,17.35276],[78.50204,17.35281],[78.50205,17.35175],[78.50241,17.35073],[78.50237,17.35025],[78.50554,17.35202],[78.50666,17.35234],[78.50784,17.35027],[78.50823,17.34955],[78.50855,17.34896],[78.50856,17.34849],[78.50857,17.34799],[78.50758,17.34413],[78.50705,17.34365],[78.50695,17.34355],[78.50656,17.34331],[78.50472,17.3422],[78.50408,17.34243],[78.50383,17.34328],[78.50195,17.34417]]]}},{"type":"Feature","properties":{"ward_id":"7861532","name":"Ward 41 Kanchanbagh"},"geometry":{"type":"Polygon","coordinates":[[[78.50817,17.31684],[78.50766,17.31877],[78.50661,17.31873],[78.5052,17.31868],[78.50532,17.31802],[78.50563,17.31625],[78.50607,17.31379],[78.50388,17.31371],[78.50058,17.31367],[78.49783,17.3134],[78.49624,17.31401],[78.49521,17.31582],[78.49494,17.31746],[78.49682,17.31694],[78.49663,17.31982],[78.49364,17.31886],[78.49371,17.31793],[78.49266,17.31803],[78.49237,17.31796],[78.48977,17.31733],[78.48979,17.31678],[78.48984,17.31551],[78.48976,17.31428],[78.48326,17.31252],[78.48316,17.31318],[78.48311,17.31577],[78.48309,17.31692],[78.48538,17.31734],[78.48542,17.31734],[78.48661,17.31756],[78.48652,17.31856],[78.48568,17.31881],[78.48489,17.31831],[78.48458,17.31876],[78.48436,17.31895],[78.48425,17.31931],[78.48428,17.31993],[78.4865,17.31994],[78.48522,17.32129],[78.4868,17.32112],[78.48721,17.32463],[78.48833,17.32337],[78.48847,17.32321],[78.48882,17.32299],[78.49137,17.32303],[78.49124,17.32514],[78.49112,17.32547],[78.49254,17.32741],[78.49258,17.3287],[78.49215,17.32946],[78.4921,17.33042],[78.49208,17.33176],[78.49145,17.33275],[78.49303,17.33408],[78.49413,17.33488],[78.49694,17.33692],[78.49709,17.33702],[78.49905,17.33842],[78.5003,17.33931],[78.50053,17.33948],[78.50089,17.33974],[78.50065,17.34036],[78.50055,17.34063],[78.50043,17.34096],[78.49978,17.34147],[78.50019,17.34237],[78.50021,17.3424],[78.50013,17.34357],[78.50013,17.34367],[78.5008,17.34369],[78.50081,17.34369],[78.50082,17.34369],[78.50162,17.34372],[78.50167,17.34378],[78.50188,17.34408],[78.5019,17.34411],[78.50195,17.34417],[78.50383,17.34328],[78.50408,17.34243],[78.50472,17.3422],[78.50555,17.34019],[78.50501,17.33642],[78.50668,17.33572],[78.50714,17.33493],[78.50721,17.33382],[78.50727,17.33302],[78.50822,17.32377],[78.5097,17.32224],[78.50978,17.31888],[78.50906,17.31683],[78.50817,17.31684]]]}},{"type":"Feature","properties":{"ward_id":"7865918","name":"Ward 75 Red Hills"},"geometry":{"type":"Polygon","coordinates":[[[78.47007,17.39214],[78.47041,17.39422],[78.47096,17.39596],[78.47092,17.39833],[78.47071,17.39975],[78.47015,17.40073],[78.4684,17.4024],[78.46807,17.40271],[78.46652,17.40284],[78.4663,17.40295],[78.46529,17.40349],[78.46433,17.40422],[78.46299,17.40312],[78.46142,17.40264],[78.46014,17.40312],[78.46013,17.40312],[78.45901,17.40291],[78.45867,17.40566],[78.45852,17.40722],[78.45827,17.40899],[78.45781,17.4092],[78.45673,17.4094],[78.4555,17.40919],[78.45482,17.40878],[78.45456,17.40861],[78.45369,17.40853],[78.45323,17.40849],[78.45311,17.4084],[78.45133,17.40718],[78.45165,17.40509],[78.45177,17.40453],[78.45224,17.404],[78.45301,17.4034],[78.45365,17.40398],[78.45505,17.40403],[78.45556,17.40405],[78.45764,17.40263],[78.45824,17.40136],[78.45966,17.39885],[78.45723,17.39876],[78.45719,17.39809],[78.45682,17.39684],[78.45706,17.39612],[78.45749,17.39508],[78.45526,17.39532],[78.45388,17.39489],[78.45421,17.3945],[78.45528,17.39319],[78.45652,17.39358],[78.45715,17.39291],[78.4597,17.39475],[78.46068,17.39456],[78.46076,17.39454],[78.46167,17.39436],[78.46356,17.39354],[78.46519,17.3918],[78.46577,17.39108],[78.46764,17.39084],[78.46839,17.39151],[78.4691,17.39225],[78.47007,17.39214]]]}},{"type":"Feature","properties":{"ward_id":"7865919","name":"Ward 77 Jambagh"},"geometry":{"type":"Polygon","coordinates":[[[78.47935,17.37939],[78.47847,17.37865],[78.4782,17.37974],[78.47772,17.37949],[78.47691,17.37956],[78.47496,17.3798],[78.47448,17.37987],[78.47191,17.38029],[78.46953,17.38103],[78.46807,17.38142],[78.46803,17.38151],[78.4678,17.38202],[78.46742,17.38285],[78.46692,17.38292],[78.46673,17.38294],[78.46594,17.38304],[78.46354,17.38263],[78.46348,17.38408],[78.4635,17.38451],[78.46172,17.38728],[78.46172,17.38826],[78.46383,17.39066],[78.46577,17.39108],[78.46764,17.39084],[78.46839,17.39151],[78.4691,17.39225],[78.47007,17.39214],[78.46993,17.39131],[78.47227,17.38983],[78.4742,17.38861],[78.47631,17.38858],[78.47639,17.38979],[78.48023,17.38998],[78.48079,17.38781],[78.47959,17.38572],[78.48446,17.38513],[78.48231,17.38272],[78.47935,17.37939]]]}},{"type":"Feature","properties":{"ward_id":"7865920","name":"Ward 50 Begum Bazar"},"geometry":{"type":"Polygon","coordinates":[[[78.47635,17.37131],[78.47449,17.37086],[78.47122,17.37024],[78.46885,17.3697],[78.46886,17.3702],[78.46878,17.37147],[78.46657,17.37119],[78.46598,17.37111],[78.46548,17.37105],[78.46236,17.37065],[78.46281,17.37497],[78.46328,17.3765],[78.46352,17.37718],[78.46502,17.37689],[78.46732,17.37642],[78.46936,17.37556],[78.47015,17.37661],[78.47135,17.37732],[78.47191,17.38029],[78.47448,17.37987],[78.47496,17.3798],[78.47691,17.37956],[78.47772,17.37949],[78.4782,17.37974],[78.47847,17.37865],[78.47935,17.37939],[78.48152,17.37868],[78.48079,17.37689],[78.48109,17.37636],[78.48071,17.37558],[78.48024,17.37495],[78.48151,17.37394],[78.48182,17.37369],[78.48124,17.37324],[78.48104,17.37314],[78.48028,17.37279],[78.47936,17.37232],[78.47787,17.37181],[78.4771,17.37153],[78.47635,17.37131]]]}},{"type":"Feature","properties":{"ward_id":"7865921","name":"Ward 51 Goshamahal"},"geometry":{"type":"Polygon","coordinates":[[[78.46354,17.38263],[78.46169,17.3824],[78.46178,17.38222],[78.46099,17.37868],[78.46006,17.37416],[78.45906,17.37177],[78.45775,17.36865],[78.45778,17.36857],[78.45825,17.36749],[78.45837,17.36752],[78.46195,17.3684],[78.46808,17.36952],[78.46885,17.3697],[78.46886,17.3702],[78.46878,17.37147],[78.46657,17.37119],[78.46598,17.37111],[78.46548,17.37105],[78.46236,17.37065],[78.46281,17.37497],[78.46328,17.3765],[78.46352,17.37718],[78.46502,17.37689],[78.46732,17.37642],[78.46936,17.37556],[78.47015,17.37661],[78.47135,17.37732],[78.47191,17.38029],[78.46953,17.38103],[78.46807,17.38142],[78.46803,17.38151],[78.4678,17.38202],[78.46742,17.38285],[78.46692,17.38292],[78.46673,17.38294],[78.46594,17.38304],[78.46354,17.38263]]]}},{"type":"Feature","properties":{"ward_id":"7865922","name":"Ward 62 Ziaguda"},"geometry":{"type":"Polygon","coordinates":[[[78.45775,17.36865],[78.45592,17.36898],[78.45481,17.36929],[78.45348,17.36927],[78.45108,17.36953],[78.4497,17.37092],[78.44848,17.3696],[78.44618,17.3697],[78.44636,17.37022],[78.44679,17.37068],[78.44695,17.3716],[78.44575,17.37245],[78.44305,17.37218],[78.44302,17.3726],[78.44234,17.37283],[78.44204,17.37266],[78.44091,17.37274],[78.44065,17.37218],[78.44047,17.37181],[78.44008,17.37121],[78.44012,17.36989],[78.44469,17.36491],[78.4491,17.3599],[78.45074,17.36013],[78.45223,17.36035],[78.45387,17.36132],[78.45502,17.36243],[78.45564,17.36373],[78.45648,17.3654],[78.45718,17.36639],[78.45825,17.36749],[78.45778,17.36857],[78.45775,17.36865]]]}},{"type":"Feature","properties":{"ward_id":"7865924","name":"Ward 65 Karwan"},"geometry":{"type":"Polygon","coordinates":[[[78.42704,17.37227],[78.42688,17.37296],[78.42618,17.37505],[78.42571,17.37726],[78.42562,17.37994],[78.42751,17.38044],[78.42944,17.38094],[78.42979,17.38253],[78.43451,17.38319],[78.43639,17.38251],[78.43747,17.3811],[78.43786,17.37959],[78.43786,17.37862],[78.43611,17.37939],[78.43566,17.37755],[78.43575,17.37687],[78.43595,17.37671],[78.43826,17.37627],[78.43922,17.37748],[78.43949,17.37637],[78.44105,17.37576],[78.44179,17.37704],[78.44471,17.37703],[78.44496,17.37801],[78.4478,17.37765],[78.44822,17.3748],[78.44805,17.37354],[78.44921,17.37282],[78.45064,17.3721],[78.45232,17.37171],[78.45363,17.37161],[78.45348,17.3705],[78.45309,17.36976],[78.45348,17.36927],[78.45108,17.36953],[78.4497,17.37092],[78.44848,17.3696],[78.44618,17.3697],[78.44636,17.37022],[78.44679,17.37068],[78.44695,17.3716],[78.44575,17.37245],[78.44305,17.37218],[78.44302,17.3726],[78.44234,17.37283],[78.44204,17.37266],[78.44091,17.37274],[78.44065,17.37218],[78.44047,17.37181],[78.44008,17.37121],[78.44012,17.36989],[78.43901,17.37112],[78.43671,17.37352],[78.4363,17.37374],[78.43497,17.37444],[78.43386,17.37478],[78.43244,17.3744],[78.43149,17.37402],[78.42704,17.37227]]]}},{"type":"Feature","properties":{"ward_id":"7865925","name":"Ward 34 Talab Chanchalam"},"geometry":{"type":"Polygon","coordinates":[[[78.48827,17.35456],[78.48558,17.3551],[78.48326,17.35559],[78.48165,17.35704],[78.48092,17.35574],[78.4802,17.35349],[78.48024,17.35348],[78.4838,17.35255],[78.4838,17.3522],[78.4838,17.34807],[78.48519,17.3476],[78.48655,17.34601],[78.48807,17.34747],[78.48843,17.348],[78.4888,17.34853],[78.48905,17.34894],[78.48973,17.35024],[78.49061,17.35416],[78.48925,17.35429],[78.48827,17.35456]]]}},{"type":"Feature","properties":{"ward_id":"7866626","name":"Ward 83 Amberpet"},"geometry":{"type":"Polygon","coordinates":[[[78.52518,17.37631],[78.52177,17.37736],[78.51858,17.37865],[78.51737,17.37959],[78.51699,17.37999],[78.5174,17.38051],[78.51824,17.38158],[78.51791,17.38306],[78.51765,17.38365],[78.51701,17.38506],[78.51639,17.38857],[78.51626,17.39206],[78.5203,17.39264],[78.52779,17.39572],[78.52835,17.39596],[78.5289,17.39619],[78.5293,17.39549],[78.52944,17.39525],[78.52839,17.3949],[78.52747,17.38874],[78.52743,17.38847],[78.52737,17.38811],[78.52682,17.38633],[78.52712,17.38365],[78.5282,17.38299],[78.52812,17.38228],[78.52839,17.38096],[78.52518,17.37631]]]}},{"type":"Feature","properties":{"ward_id":"7866627","name":"Ward 82 Golnaka"},"geometry":{"type":"Polygon","coordinates":[[[78.50379,17.39378],[78.50448,17.39358],[78.50502,17.39147],[78.50466,17.39037],[78.50452,17.38996],[78.5047,17.38936],[78.50479,17.38944],[78.50603,17.39039],[78.5109,17.39127],[78.51487,17.39186],[78.51545,17.39194],[78.51626,17.39206],[78.51639,17.38857],[78.51701,17.38506],[78.51765,17.38365],[78.51791,17.38306],[78.51824,17.38158],[78.5174,17.38051],[78.51699,17.37999],[78.5156,17.38144],[78.51458,17.38249],[78.51091,17.38587],[78.50679,17.38587],[78.50645,17.38588],[78.50307,17.38603],[78.50025,17.38499],[78.49869,17.38376],[78.49485,17.38073],[78.49183,17.37986],[78.49166,17.3809],[78.49232,17.38112],[78.49284,17.38146],[78.49311,17.38179],[78.49334,17.38246],[78.49356,17.38351],[78.49498,17.38361],[78.49677,17.38568],[78.49838,17.38754],[78.50284,17.39268],[78.50361,17.39356],[78.50379,17.39378]]]}},{"type":"Feature","properties":{"ward_id":"7866628","name":"Ward 80 Kachiguda"},"geometry":{"type":"Polygon","coordinates":[[[78.50379,17.39378],[78.50357,17.39384],[78.49725,17.39561],[78.49619,17.39632],[78.49538,17.39729],[78.49455,17.3988],[78.48998,17.39493],[78.48939,17.39224],[78.48905,17.39072],[78.48832,17.38936],[78.48865,17.38795],[78.48916,17.38758],[78.49004,17.38617],[78.48993,17.38435],[78.49109,17.38451],[78.49184,17.38384],[78.49166,17.3809],[78.49232,17.38112],[78.49284,17.38146],[78.49311,17.38179],[78.49334,17.38246],[78.49356,17.38351],[78.49498,17.38361],[78.49677,17.38568],[78.49838,17.38754],[78.50284,17.39268],[78.50361,17.39356],[78.50379,17.39378]]]}},{"type":"Feature","properties":{"ward_id":"7867246","name":"Ward 58 Shastripuram"},"geometry":{"type":"Polygon","coordinates":[[[78.44918,17.33667],[78.45063,17.33696],[78.45369,17.33644],[78.45386,17.33481],[78.45491,17.3329],[78.45477,17.33146],[78.45481,17.33005],[78.45473,17.32941],[78.45697,17.32895],[78.45756,17.32882],[78.45781,17.32638],[78.4577,17.3249],[78.45769,17.32354],[78.45705,17.32188],[78.45697,17.32057],[78.45692,17.31984],[78.45931,17.31998],[78.46151,17.32086],[78.46189,17.32114],[78.46367,17.32248],[78.46559,17.32408],[78.4661,17.32397],[78.46647,17.32301],[78.46685,17.32201],[78.46646,17.32138],[78.46586,17.31735],[78.46627,17.31652],[78.46593,17.31579],[78.46504,17.31506],[78.46313,17.31432],[78.46154,17.31453],[78.46234,17.30846],[78.45948,17.30885],[78.45916,17.30406],[78.45654,17.30221],[78.45633,17.30238],[78.45495,17.30345],[78.45434,17.30393],[78.45417,17.30405],[78.45435,17.30416],[78.45559,17.30487],[78.45636,17.30835],[78.45643,17.31325],[78.45638,17.31481],[78.45636,17.31553],[78.45344,17.31641],[78.45417,17.32032],[78.44138,17.3247],[78.43885,17.32425],[78.43306,17.32085],[78.43206,17.32153],[78.43305,17.32301],[78.43581,17.32903],[78.43631,17.32963],[78.44122,17.33456],[78.44327,17.335],[78.44335,17.33677],[78.44223,17.3379],[78.44151,17.33863],[78.43709,17.34063],[78.43971,17.34275],[78.43964,17.34456],[78.43981,17.34456],[78.43993,17.34452],[78.44004,17.34447],[78.4402,17.34418],[78.44026,17.34394],[78.44006,17.34258],[78.44011,17.34245],[78.44019,17.34235],[78.4403,17.34175],[78.44056,17.34101],[78.441,17.34074],[78.44197,17.34043],[78.44225,17.33998],[78.44234,17.33974],[78.44254,17.33947],[78.44289,17.33938],[78.44324,17.33939],[78.44336,17.33953],[78.44346,17.3397],[78.44355,17.33991],[78.44364,17.33999],[78.44376,17.34004],[78.44415,17.34003],[78.44468,17.33977],[78.44534,17.33882],[78.44605,17.33795],[78.44612,17.33724],[78.4462,17.33677],[78.44637,17.33644],[78.44715,17.33628],[78.44751,17.33633],[78.44803,17.3365],[78.44829,17.33599],[78.44918,17.33667]]]}},{"type":"Feature","properties":{"ward_id":"7867247","name":"Ward 57 Suleman Nagar"},"geometry":{"type":"Polygon","coordinates":[[[78.43248,17.35363],[78.43247,17.35358],[78.43238,17.35309],[78.43263,17.35299],[78.43268,17.35288],[78.43267,17.35275],[78.43234,17.35274],[78.43225,17.35264],[78.43222,17.35251],[78.43241,17.35244],[78.43246,17.3523],[78.43216,17.35126],[78.43145,17.35008],[78.43076,17.34948],[78.43084,17.34913],[78.43201,17.34845],[78.43297,17.34785],[78.43307,17.34745],[78.43296,17.3469],[78.43302,17.34659],[78.4329,17.34637],[78.43272,17.34624],[78.43253,17.34636],[78.43237,17.34651],[78.43215,17.34656],[78.43179,17.34641],[78.43169,17.34618],[78.43169,17.34593],[78.43182,17.34531],[78.43182,17.34498],[78.43174,17.34487],[78.43112,17.34512],[78.43071,17.34543],[78.43041,17.34541],[78.43017,17.34505],[78.43021,17.34364],[78.42968,17.34313],[78.42942,17.34257],[78.429,17.34225],[78.42767,17.342],[78.42742,17.34186],[78.4273,17.34167],[78.42736,17.34137],[78.42819,17.34132],[78.42895,17.34123],[78.4295,17.34109],[78.42969,17.341],[78.42968,17.34086],[78.42965,17.34016],[78.43004,17.34005],[78.43072,17.34001],[78.43126,17.3409],[78.43106,17.34144],[78.43122,17.34202],[78.43122,17.34205],[78.43144,17.3426],[78.43177,17.3431],[78.43212,17.3435],[78.43265,17.34351],[78.43315,17.34401],[78.43372,17.34405],[78.4343,17.34395],[78.43603,17.34402],[78.43641,17.34446],[78.43669,17.34523],[78.43755,17.34486],[78.43819,17.34444],[78.43869,17.34451],[78.43964,17.34456],[78.43971,17.34275],[78.43709,17.34063],[78.44151,17.33863],[78.44223,17.3379],[78.44335,17.33677],[78.44327,17.335],[78.44122,17.33456],[78.43631,17.32963],[78.43593,17.32996],[78.43452,17.33071],[78.43195,17.33167],[78.43234,17.33273],[78.4274,17.33758],[78.42573,17.33782],[78.42547,17.33839],[78.42508,17.33899],[78.42307,17.34204],[78.41728,17.34363],[78.4157,17.34538],[78.41569,17.3454],[78.41646,17.34839],[78.41673,17.34926],[78.41957,17.35148],[78.42287,17.3523],[78.42343,17.35231],[78.42629,17.35238],[78.42859,17.35183],[78.42969,17.35207],[78.43082,17.35232],[78.43102,17.35248],[78.43248,17.35363]]]}},{"type":"Feature","properties":{"ward_id":"7867248","name":"Ward 56 Kishanbagh"},"geometry":{"type":"Polygon","coordinates":[[[78.45459,17.35617],[78.44882,17.35775],[78.4476,17.35895],[78.44524,17.35901],[78.4459,17.35775],[78.44586,17.35721],[78.44571,17.35652],[78.44564,17.35586],[78.44614,17.35533],[78.44483,17.3551],[78.44419,17.35357],[78.44382,17.3526],[78.44361,17.35267],[78.44361,17.35359],[78.44311,17.35437],[78.4418,17.35404],[78.44082,17.35426],[78.44101,17.35537],[78.43884,17.35596],[78.43843,17.35369],[78.43732,17.35224],[78.43647,17.35268],[78.43646,17.35619],[78.43996,17.35693],[78.437,17.35998],[78.43812,17.36426],[78.43823,17.36467],[78.4388,17.36659],[78.43905,17.36723],[78.44012,17.36989],[78.44469,17.36491],[78.4491,17.3599],[78.45074,17.36013],[78.45223,17.36035],[78.45387,17.36132],[78.45502,17.36243],[78.45601,17.36222],[78.45593,17.36188],[78.45524,17.35899],[78.45459,17.35617]]]}},{"type":"Feature","properties":{"ward_id":"7867249","name":"Ward 61 Attapur"},"geometry":{"type":"Polygon","coordinates":[[[78.41221,17.37149],[78.41718,17.37117],[78.41929,17.37134],[78.42571,17.37188],[78.42704,17.37227],[78.43149,17.37402],[78.43244,17.3744],[78.43386,17.37478],[78.43497,17.37444],[78.4363,17.37374],[78.43671,17.37352],[78.43901,17.37112],[78.44012,17.36989],[78.43905,17.36723],[78.4388,17.36659],[78.43823,17.36467],[78.43812,17.36426],[78.437,17.35998],[78.43996,17.35693],[78.43646,17.35619],[78.43647,17.35268],[78.43611,17.35244],[78.43597,17.35219],[78.43582,17.35219],[78.43526,17.35277],[78.43496,17.35294],[78.43412,17.3529],[78.43364,17.35308],[78.43277,17.35375],[78.43251,17.35364],[78.43248,17.35363],[78.43102,17.35248],[78.43082,17.35232],[78.42969,17.35207],[78.42859,17.35183],[78.42629,17.35238],[78.42343,17.35231],[78.42287,17.3523],[78.41957,17.35148],[78.41673,17.34926],[78.41745,17.35158],[78.4208,17.35482],[78.42472,17.35867],[78.4232,17.35957],[78.42191,17.36416],[78.4208,17.36502],[78.42011,17.36473],[78.41226,17.36618],[78.41273,17.36794],[78.41284,17.36835],[78.41221,17.37149]]]}},{"type":"Feature","properties":{"ward_id":"7867250","name":"Ward 112 Ramachandrapuram"},"geometry":{"type":"Polygon","coordinates":[[[78.30814,17.50799],[78.30811,17.508],[78.30662,17.50828],[78.30592,17.51073],[78.30157,17.51048],[78.30138,17.51072],[78.2996,17.51298],[78.29385,17.51323],[78.29091,17.51432],[78.28986,17.51601],[78.29037,17.51738],[78.29048,17.51771],[78.2896,17.51956],[78.28846,17.51973],[78.28846,17.52036],[78.28793,17.52196],[78.28746,17.52229],[78.28748,17.52315],[78.28747,17.52322],[78.28733,17.52436],[78.28591,17.52395],[78.28117,17.51718],[78.28136,17.51536],[78.28216,17.51478],[78.2831,17.51409],[78.28272,17.51302],[78.28278,17.51186],[78.28291,17.50928],[78.28909,17.50801],[78.28802,17.51055],[78.28913,17.51128],[78.29136,17.51038],[78.29314,17.50723],[78.29422,17.50742],[78.29523,17.50899],[78.30013,17.50811],[78.30377,17.50746],[78.30751,17.50513],[78.31076,17.50341],[78.31231,17.5005],[78.31279,17.49958],[78.31326,17.49869],[78.31382,17.49779],[78.31493,17.49609],[78.31492,17.49416],[78.31525,17.49416],[78.31602,17.49328],[78.31696,17.49691],[78.31668,17.49778],[78.31643,17.4989],[78.3163,17.49948],[78.31561,17.50034],[78.31495,17.50091],[78.31424,17.50152],[78.31415,17.50361],[78.31413,17.50364],[78.31304,17.50484],[78.31025,17.50592],[78.3102,17.50594],[78.30896,17.50709],[78.30823,17.50789],[78.30814,17.50799]]]}},{"type":"Feature","properties":{"ward_id":"7867251","name":"Ward 111 Bharati Nagar"},"geometry":{"type":"Polygon","coordinates":[[[78.29774,17.47802],[78.29647,17.47838],[78.29533,17.47879],[78.29507,17.48415],[78.29904,17.4845],[78.3016,17.48472],[78.30342,17.48488],[78.3093,17.48543],[78.31225,17.4857],[78.31284,17.48572],[78.31236,17.48463],[78.31133,17.48267],[78.31078,17.48009],[78.31058,17.48029],[78.31014,17.48069],[78.30762,17.48074],[78.30721,17.48075],[78.30428,17.48032],[78.30165,17.47946],[78.29937,17.47862],[78.29774,17.47802]]]}},{"type":"Feature","properties":{"ward_id":"7867252","name":"Ward 30 Dabeerpura"},"geometry":{"type":"Polygon","coordinates":[[[78.48152,17.37868],[78.48416,17.38056],[78.48801,17.38074],[78.48802,17.37942],[78.48802,17.37865],[78.48796,17.37757],[78.48796,17.37757],[78.48807,17.37597],[78.48824,17.37444],[78.48783,17.37351],[78.4879,17.37236],[78.48796,17.37147],[78.48817,17.37034],[78.48699,17.36846],[78.48708,17.36745],[78.48897,17.36698],[78.48989,17.36693],[78.4923,17.36261],[78.49242,17.36115],[78.49253,17.35985],[78.49107,17.35998],[78.49062,17.36082],[78.48866,17.36117],[78.48773,17.36149],[78.48735,17.36171],[78.4844,17.36192],[78.48457,17.36424],[78.48369,17.36444],[78.48371,17.3648],[78.48388,17.36721],[78.48126,17.36774],[78.48146,17.36839],[78.48262,17.37232],[78.48279,17.37302],[78.48238,17.37325],[78.48182,17.37369],[78.48151,17.37394],[78.48024,17.37495],[78.48071,17.37558],[78.48109,17.37636],[78.48079,17.37689],[78.48152,17.37868]]]}},{"type":"Feature","properties":{"ward_id":"7867584","name":"Ward 42 Barkas"},"geometry":{"type":"Polygon","coordinates":[[[78.48316,17.31318],[78.48311,17.31577],[78.48309,17.31692],[78.48277,17.31848],[78.48219,17.31856],[78.48093,17.31992],[78.48083,17.32074],[78.48092,17.32143],[78.48064,17.32144],[78.47997,17.32265],[78.47792,17.32283],[78.47584,17.322],[78.47343,17.32155],[78.47288,17.32075],[78.47004,17.32067],[78.46976,17.31977],[78.46704,17.32031],[78.46682,17.31854],[78.46824,17.31832],[78.46822,17.31614],[78.47056,17.31526],[78.47083,17.31424],[78.46879,17.31412],[78.46751,17.31402],[78.4682,17.3117],[78.46903,17.31092],[78.47043,17.30994],[78.47092,17.30848],[78.47314,17.30968],[78.4741,17.3102],[78.47702,17.31176],[78.47867,17.31432],[78.47931,17.31416],[78.48316,17.31318]]]}},{"type":"Feature","properties":{"ward_id":"7867585","name":"Ward 74 Ahmed Nagar"},"geometry":{"type":"Polygon","coordinates":[[[78.45133,17.40718],[78.44848,17.40523],[78.44423,17.40512],[78.43884,17.40345],[78.43853,17.40354],[78.43553,17.40443],[78.4345,17.40663],[78.4335,17.40579],[78.43189,17.40672],[78.43296,17.40513],[78.43098,17.40502],[78.43048,17.40557],[78.42811,17.40544],[78.42762,17.40288],[78.43464,17.40097],[78.43481,17.40092],[78.43692,17.40035],[78.4374,17.40022],[78.43807,17.39895],[78.44343,17.39822],[78.44532,17.39876],[78.44773,17.39905],[78.44968,17.39882],[78.44984,17.39884],[78.44995,17.39886],[78.44998,17.39879],[78.45079,17.39807],[78.45058,17.39657],[78.45401,17.3976],[78.45341,17.40218],[78.45333,17.40291],[78.45301,17.4034],[78.45224,17.404],[78.45177,17.40453],[78.45165,17.40509],[78.45133,17.40718]]]}},{"type":"Feature","properties":{"ward_id":"16460489","name":"Ward 129 Suraram"},"geometry":{"type":"Polygon","coordinates":[[[78.44763,17.51106],[78.44566,17.51161],[78.44326,17.5124],[78.44256,17.51271],[78.44209,17.5129],[78.44178,17.51407],[78.43828,17.51612],[78.43735,17.51667],[78.43477,17.5196],[78.43653,17.52122],[78.4342,17.52291],[78.43442,17.52423],[78.43229,17.52453],[78.43223,17.52632],[78.43203,17.52832],[78.42928,17.52844],[78.42916,17.52937],[78.4285,17.5296],[78.4283,17.52966],[78.42838,17.53225],[78.42639,17.53319],[78.42632,17.53418],[78.42639,17.53764],[78.42307,17.53632],[78.42194,17.53359],[78.41943,17.53449],[78.41617,17.53437],[78.4149,17.53441],[78.41439,17.53583],[78.4138,17.53753],[78.41221,17.53769],[78.41063,17.53974],[78.40887,17.54366],[78.40845,17.54555],[78.40837,17.54588],[78.41363,17.55032],[78.41504,17.55529],[78.41645,17.55915],[78.41654,17.5592],[78.41954,17.56083],[78.42007,17.56078],[78.42122,17.56066],[78.42624,17.558],[78.42657,17.55762],[78.428,17.55598],[78.42894,17.5556],[78.43374,17.55368],[78.43369,17.55146],[78.43368,17.5513],[78.43647,17.54955],[78.43621,17.54382],[78.43577,17.54107],[78.43392,17.54086],[78.43439,17.53741],[78.43453,17.53587],[78.43862,17.52783],[78.44037,17.52664],[78.44147,17.52557],[78.44378,17.52253],[78.44609,17.51917],[78.44644,17.51778],[78.44678,17.51638],[78.44728,17.51313],[78.44762,17.51192],[78.44763,17.51106]]]}}],"meta":{"source":"OSM administrative boundaries (admin_level=10, ODbL)"}}