{"type":"FeatureCollection","features":[{"type":"Feature","properties":{"ward_id":"76","name":"Ward 76 HAWA MAHAL"},"geometry":{"type":"Polygon","coordinates":[[[75.88070615600003,26.954469596000024],[75.88352661800008,26.953996568000036],[75.89312480700005,26.953296090000038],[75.89687724000004,26.953183764000073],[75.89869160100005,26.94916184500005],[75.89935263700005,26.948211211000057],[75.90247753400007,26.94850445800006],[75.90396802400005,26.94772552200004],[75.90413953200004,26.945416246000036],[75.90360117600005,26.943642605000036],[75.90437282100004,26.94132948200007],[75.90460347900006,26.940722023000035],[75.90757014100006,26.93740752000008],[75.91181676600007,26.936685273000023],[75.91028307500005,26.93489765700008],[75.90929234200007,26.932607215000075],[75.90804778000006,26.93149858700008],[75.90485834800006,26.93162801400007],[75.90372127000006,26.932561297000063],[75.90154953800004,26.93203048400005],[75.89942637500008,26.931236055000056],[75.89818904200007,26.93102605400003],[75.88841897200007,26.932812796000064],[75.88382006700004,26.939241956000046],[75.88125274200007,26.939947973000073],[75.87619011200007,26.940206464000028],[75.87500735400005,26.940513391000025],[75.87155620900006,26.94221426100006],[75.86646895700005,26.94324422400007],[75.86301766400004,26.94495396600007],[75.86081073500003,26.94646539200005],[75.85936320000008,26.94709410400003],[75.85597011900006,26.94678158100004],[75.85364343600008,26.94596784400005],[75.85001188300004,26.945394134000026],[75.84756922900004,26.944126694000033],[75.84679572900006,26.94312178200005],[75.84600728600003,26.94162227100003],[75.84361050600006,26.94237664800005],[75.84443939000005,26.943260100000032],[75.84397989600006,26.943575813000052],[75.84434380600004,26.944038032000037],[75.84379442200003,26.944384568000032],[75.84327019000006,26.943569961000037],[75.84185669700008,26.944355762000043],[75.84282300600006,26.945541270000035],[75.83969366400004,26.94548793200005],[75.83937659600008,26.945751905000066],[75.84020409300007,26.94931856900007],[75.84176514000006,26.954567931000042],[75.84414600700006,26.95961494000005],[75.84426174900005,26.960307193000062],[75.84721893700004,26.959434900000076],[75.85024877800004,26.959185165000065],[75.85295662000004,26.95855601900007],[75.85865689900004,26.956764753000073],[75.86136965500003,26.956795873000033],[75.86468940700007,26.955720192000058],[75.86841732500005,26.956357741000033],[75.87360922600004,26.956672926000067],[75.87686680400003,26.95543393400004],[75.88070615600003,26.954469596000024]]]}},{"type":"Feature","properties":{"ward_id":"34","name":"Ward 34 BAGRU ANSIK"},"geometry":{"type":"Polygon","coordinates":[[[75.86130370800004,26.788448410000058],[75.85946058700006,26.794485176000023],[75.85589318600006,26.80440853500005],[75.85226117800005,26.81298855700004],[75.85137265700007,26.814441774000045],[75.84589544100004,26.82615979700006],[75.84456966700003,26.828513359000056],[75.84292963200005,26.83054598600006],[75.83983064800003,26.83316829300003],[75.83672408700005,26.834779156000025],[75.83443345900008,26.835672740000064],[75.83473431900006,26.83657733700005],[75.83488624700004,26.836594599000023],[75.83903256800005,26.836197845000072],[75.84979168000007,26.836396903000036],[75.84992258300008,26.839019828000062],[75.85169695300004,26.840815794000036],[75.85185378500006,26.842839371000025],[75.85562689800008,26.847973223000054],[75.85592553400005,26.854035895000038],[75.85491787600006,26.855561231000024],[75.85476644100004,26.859926570000027],[75.85563386300004,26.863552742000024],[75.85672293900006,26.86568868300003],[75.85949522000004,26.866852064000057],[75.86611459200003,26.873375431000056],[75.86620581300008,26.874718493000046],[75.86591083800005,26.87586419300004],[75.86694607000004,26.878862834000074],[75.86681286000004,26.87998030800003],[75.86759416200005,26.88286247800005],[75.86852749300004,26.884436403000052],[75.86966578900007,26.891619570000046],[75.86977715800003,26.891618884000025],[75.87603955500003,26.88966462700006],[75.89829834300008,26.883841734000043],[75.90230319700004,26.882491144000028],[75.90171634800004,26.881362026000033],[75.90080296400004,26.880230018000077],[75.90007137600008,26.87818899900003],[75.90057344600007,26.876817980000055],[75.90067509400006,26.876018427000076],[75.90150156000004,26.874705859000073],[75.90206810500007,26.87295917800003],[75.90225225900008,26.872352771000067],[75.90222982700004,26.871227184000077],[75.90243006900005,26.870947500000057],[75.90278021500006,26.870848427000055],[75.90386004800007,26.870853630000056],[75.90596669300004,26.870985398000073],[75.90798176400006,26.871480861000066],[75.90850813800006,26.871477479000077],[75.90861408100005,26.871222600000067],[75.90852212400006,26.868160724000063],[75.90811438800006,26.866117664000058],[75.90812291700007,26.863805626000044],[75.90787332400004,26.862972009000032],[75.90700331900007,26.86219079400007],[75.90661694900007,26.86112806500006],[75.90598892100007,26.86022424300006],[75.90337500900006,26.85737216900003],[75.90348358100005,26.855749453000044],[75.90412691200004,26.855188527000053],[75.90443325200005,26.854678173000025],[75.90444386100006,26.85431496500007],[75.90423585800005,26.853614227000037],[75.90300298800008,26.851310115000047],[75.90253198400006,26.849775831000045],[75.90180537500004,26.84834001200005],[75.90147449100004,26.845751722000045],[75.90070991900006,26.84292410000006],[75.90054559300006,26.840915771000027],[75.90049293800007,26.835965291000036],[75.90060786000004,26.835141441000076],[75.89862637300007,26.835396135000053],[75.89889698900004,26.835491253000043],[75.89902272300003,26.836035165000055],[75.89853556600008,26.83712844200005],[75.89802192300004,26.837683225000035],[75.89721195200008,26.838199030000055],[75.89558624300008,26.83850041200003],[75.89472573800003,26.838383297000064],[75.89443927700006,26.838150202000065],[75.89428145400007,26.837625213000024],[75.89299604400003,26.837040960000024],[75.89221313400003,26.835927539000068],[75.89166989500006,26.83561435000007],[75.88772111100008,26.835843450000027],[75.88641364700004,26.836806598000067],[75.88464680900006,26.83726193900003],[75.88419091000003,26.83719840300006],[75.88365903200008,26.836880006000058],[75.88270275400004,26.835420359000068],[75.88229639300005,26.835136920000025],[75.88001693900003,26.835354662000043],[75.87932129100005,26.835694895000074],[75.87901784700006,26.835714937000034],[75.87870169200005,26.835399152000036],[75.87864401800005,26.834482577000074],[75.87817194600007,26.833632124000076],[75.87897966700007,26.833391066000047],[75.87944734900003,26.832362284000055],[75.87898472700005,26.830113677000043],[75.87896321600005,26.827326694000078],[75.87936546800006,26.825690055000052],[75.87907219800007,26.82440272200006],[75.87947801400003,26.823229066000067],[75.87913443900004,26.82197836000006],[75.87979270900007,26.820739583000034],[75.87957104700007,26.819551669000077],[75.87988007900003,26.818950563000044],[75.87985423500004,26.818224438000072],[75.88018258500006,26.817505190000077],[75.88015169100004,26.816125439000075],[75.87971403500006,26.81579225300004],[75.88243857400005,26.81484020000005],[75.88164343400007,26.81276616300005],[75.88249954400004,26.810954193000043],[75.88304284200007,26.809253111000032],[75.88382595400003,26.805861916000026],[75.88394783100006,26.804617389000043],[75.88386103600004,26.802557094000065],[75.88341210000004,26.800762336000048],[75.88283595400003,26.799522163000063],[75.88215964300008,26.798409712000023],[75.87947311800008,26.795058265000023],[75.87807787900005,26.793850390000046],[75.87579039900004,26.792375664000076],[75.87389481000008,26.79186989300007],[75.87289350300006,26.791894224000032],[75.86851925000008,26.79268372100006],[75.86832758800006,26.79009749000005],[75.86794903300006,26.789536936000047],[75.86744036400006,26.78915875000007],[75.86610368500004,26.788976279000053],[75.86329697200006,26.78970154700005],[75.86227249900008,26.789335564000055],[75.86130370800004,26.788448410000058]]]}},{"type":"Feature","properties":{"ward_id":"11","name":"Ward 11 JHOTWARA ANSIK"},"geometry":{"type":"Polygon","coordinates":[[[75.73038903400004,26.966757191000056],[75.73187334900007,26.966495295000072],[75.73222614000008,26.96673555900003],[75.73375011300004,26.96634028300008],[75.73552194800004,26.966669985000067],[75.73731952300005,26.966581489000077],[75.73852890200004,26.966263384000058],[75.73748672100004,26.966200514000036],[75.73717820100006,26.963598182000055],[75.73747829400008,26.963006506000056],[75.73643288000005,26.958045987000048],[75.73462731300003,26.956139823000058],[75.73422763000008,26.955433774000028],[75.73321081900008,26.947032285000034],[75.73178838900003,26.93225969300005],[75.73189013200005,26.930761193000023],[75.73136641100007,26.92073172000005],[75.73889268200008,26.920047046000036],[75.74045223300004,26.92002979500006],[75.74138620300005,26.920369881000056],[75.74376453600007,26.922269818000075],[75.74403601500006,26.921768318000034],[75.74415224000006,26.91478321900007],[75.74438790200008,26.911598403000028],[75.74418259300006,26.911175816000025],[75.73874031700007,26.911059136000063],[75.73886814100007,26.905804961000058],[75.72969871300006,26.905550016000063],[75.73075798900004,26.914889495000068],[75.72697766600004,26.914969536000058],[75.72153459200007,26.914755360000072],[75.71825462200007,26.91495365800006],[75.71942126900007,26.928577795000024],[75.71903218100005,26.92897923700008],[75.71718439500006,26.92935178500005],[75.71810512800005,26.931864912000037],[75.71884397400004,26.935504709000043],[75.71974591100008,26.937170579000053],[75.72048838900008,26.937118372000043],[75.72187878100004,26.941251117000036],[75.71761412000006,26.941769170000043],[75.71488022900007,26.942297861000043],[75.71534664500007,26.948090833000037],[75.71677813000008,26.95232025300004],[75.71696015500004,26.95333613300005],[75.71700673100008,26.954292176000024],[75.71656509700006,26.957078528000068],[75.71654027400007,26.959560140000065],[75.71660919200008,26.959777675000055],[75.71679837900007,26.95978881900004],[75.71868311300005,26.95877452800005],[75.72335972400003,26.95709226100007],[75.72476343900007,26.95952334900005],[75.72782674900003,26.963247951000028],[75.72921824000008,26.96535909800008],[75.73038903400004,26.966757191000056]]]}},{"type":"Feature","properties":{"ward_id":"12","name":"Ward 12 JHOTWARA ANSIK"},"geometry":{"type":"Polygon","coordinates":[[[75.71488022900007,26.942297861000043],[75.71761412000006,26.941769170000043],[75.72187878100004,26.941251117000036],[75.72048838900008,26.937118372000043],[75.71974591100008,26.937170579000053],[75.71884397400004,26.935504709000043],[75.71810512800005,26.931864912000037],[75.71718439500006,26.92935178500005],[75.71903218100005,26.92897923700008],[75.71942126900007,26.928577795000024],[75.71825462200007,26.91495365800006],[75.72153459200007,26.914755360000072],[75.72697766600004,26.914969536000058],[75.73075798900004,26.914889495000068],[75.72967660500007,26.905401975000075],[75.72968343500008,26.90331384800004],[75.73261171600006,26.89888646000003],[75.73462974800003,26.894654401000025],[75.73178863800007,26.893724966000036],[75.73048469500003,26.89249701600005],[75.72951968100006,26.892011754000066],[75.72837981600003,26.89110068900004],[75.72705150700006,26.88921916700008],[75.72370835600003,26.888918578000073],[75.72348438600005,26.893495381000037],[75.71882807500003,26.895307652000042],[75.71836359800005,26.893911898000056],[75.71918246200005,26.893708],[75.71857152900003,26.891568540000037],[75.71849265200007,26.887102225000035],[75.71743242700006,26.885954618000028],[75.71736583400008,26.885028930000033],[75.71792665400005,26.88405466000006],[75.71981544900007,26.88174814000007],[75.72091395000007,26.88095269300004],[75.71721681700006,26.879064980000066],[75.71729964000008,26.87935507700007],[75.71695892600007,26.879910608000046],[75.71540477400004,26.880699253000046],[75.71453509100007,26.880857991000028],[75.71334483600003,26.880484212000056],[75.71239424900006,26.87958113600007],[75.71186258000006,26.878748574000042],[75.71091542800008,26.87839019300003],[75.70866197300006,26.878522562000057],[75.70681203200007,26.878422882000052],[75.70195440300006,26.87713861900005],[75.69979514800008,26.877221958000064],[75.69820727500007,26.878028740000047],[75.69871345600006,26.88790388700005],[75.69843336400004,26.89065309600005],[75.69744469900007,26.896734664000064],[75.69710681900006,26.903272997000045],[75.69681469500006,26.904073363000066],[75.69606247900003,26.904706529000066],[75.69332390700004,26.905083148000074],[75.69009812200005,26.907495727000025],[75.68925589100007,26.908879802000058],[75.68896458000006,26.909825409000064],[75.68920472600007,26.913794653000025],[75.68880885400006,26.917537005000042],[75.68875559700007,26.919885618000023],[75.68976827500006,26.924311072000023],[75.68980595800008,26.926066099000025],[75.68997242400008,26.926791578000064],[75.69038137800004,26.927419034000025],[75.69168058000008,26.92787265900006],[75.69323889100008,26.928736567000044],[75.69382320500006,26.92932683500004],[75.69420740400005,26.930317546000026],[75.69482481900008,26.934103337000067],[75.69513966300008,26.934791765000057],[75.69568231500006,26.935188552000056],[75.69597935100006,26.935174982000035],[75.69638368500006,26.935039833000076],[75.69771457400003,26.93404066000005],[75.69856404100005,26.93381856900004],[75.69957899900004,26.934152478000044],[75.70036714500003,26.934935386000063],[75.70083956100007,26.93707560200005],[75.70110212300006,26.940221563000023],[75.70202896900008,26.94376367700005],[75.70266474000005,26.94827562100005],[75.70277474500006,26.948589799000047],[75.70329107700007,26.94908352400006],[75.70387306800006,26.949274299000024],[75.70442669200008,26.949247326000034],[75.70950028300007,26.94843508400004],[75.71047078300006,26.948115474000076],[75.71010876500003,26.946386305000033],[75.71015163900006,26.94460667800007],[75.70985261700008,26.94215090000006],[75.71436196400003,26.94187393800007],[75.71488022900007,26.942297861000043]]]}},{"type":"Feature","properties":{"ward_id":"13","name":"Ward 13 JHOTWARA ANSIK"},"geometry":{"type":"Polygon","coordinates":[[[75.74591146900008,26.923245636000047],[75.74638658700007,26.922903354000027],[75.75027907300006,26.922263104000024],[75.76395827900006,26.91873078900005],[75.76819537600005,26.917420906000075],[75.76999032800006,26.91665533400004],[75.77036127300005,26.91597632500003],[75.77006642100008,26.915805440000042],[75.76821123300005,26.915525032000062],[75.76761877700005,26.914774731000023],[75.76743041600008,26.91387697300007],[75.76853074900004,26.910366649000025],[75.76878263800006,26.90718776600005],[75.76928904000005,26.905705195000053],[75.76909049500006,26.904798416000062],[75.76825771400007,26.90443980400005],[75.76676835000006,26.90432079800007],[75.76352934100004,26.90302194700007],[75.76258020500006,26.901919484000075],[75.76245198900006,26.900921527000037],[75.76264632900006,26.899703943000077],[75.76303554800006,26.898857528000065],[75.76287177400008,26.89859513400006],[75.76240448300007,26.898370691000025],[75.75873934600008,26.898426741000037],[75.75760402200007,26.89975831600003],[75.75557955400006,26.90138515700005],[75.75425773900008,26.902091277000068],[75.75367406500004,26.902639111000042],[75.75272182200007,26.902580639000064],[75.75171183900005,26.899918885000034],[75.75069916900003,26.90009790000005],[75.74897046700005,26.899662792000072],[75.73438562400008,26.895205910000072],[75.73261171600006,26.89888646000003],[75.72968343500008,26.90331384800004],[75.72967660500007,26.905401975000075],[75.72975840900006,26.90555033800007],[75.73886814100007,26.905804961000058],[75.73874031700007,26.911059136000063],[75.74418259300006,26.911175816000025],[75.74438790200008,26.911598403000028],[75.74415224000006,26.91478321900007],[75.74403601500006,26.921768318000034],[75.74376453600007,26.922269818000075],[75.74591146900008,26.923245636000047]]]}},{"type":"Feature","properties":{"ward_id":"14","name":"Ward 14 JHOTWARA ANSIK"},"geometry":{"type":"Polygon","coordinates":[[[75.75868969900006,26.898496796000074],[75.75680764200007,26.898393945000066],[75.75182078400007,26.89560014600005],[75.75171586600004,26.894027074000064],[75.75193947200006,26.891096507000043],[75.75186840700007,26.888518549000025],[75.75291361600006,26.883271574000048],[75.75183540700004,26.87945217300006],[75.74441135900008,26.879491476000055],[75.73672164400006,26.880197545000044],[75.73417886300007,26.879423960000054],[75.72999766700008,26.87575361900008],[75.72609623600005,26.875688984000078],[75.72559580900008,26.875534189000064],[75.72276213000004,26.873563500000046],[75.71961510700004,26.873252724000054],[75.71891338600005,26.873280505000025],[75.71846979900005,26.873573280000073],[75.71818994400007,26.874143634000063],[75.71718094200008,26.87895442100006],[75.72091395000007,26.88095269300004],[75.71981544900007,26.88174814000007],[75.71792665400005,26.88405466000006],[75.71736583400008,26.885028930000033],[75.71743242700006,26.885954618000028],[75.71849265200007,26.887102225000035],[75.71857152900003,26.891568540000037],[75.71918246200005,26.893708],[75.71836359800005,26.893911898000056],[75.71882807500003,26.895307652000042],[75.72348438600005,26.893495381000037],[75.72370835600003,26.888918578000073],[75.72447811500007,26.888960026000063],[75.72705150700006,26.88921916700008],[75.72837981600003,26.89110068900004],[75.72951968100006,26.892011754000066],[75.73048469500003,26.89249701600005],[75.73178863800007,26.893724966000036],[75.73462974800003,26.894654401000025],[75.73438562400008,26.895205910000072],[75.74897046700005,26.899662792000072],[75.75069916900003,26.90009790000005],[75.75171183900005,26.899918885000034],[75.75272182200007,26.902580639000064],[75.75367406500004,26.902639111000042],[75.75425773900008,26.902091277000068],[75.75557955400006,26.90138515700005],[75.75760402200007,26.89975831600003],[75.75868969900006,26.898496796000074]]]}},{"type":"Feature","properties":{"ward_id":"15","name":"Ward 15 CIVIL LINES"},"geometry":{"type":"Polygon","coordinates":[[[75.79578773400004,26.954593422000073],[75.79770615300004,26.950805925000054],[75.80180511500004,26.952332083000044],[75.80423077500006,26.947462565000023],[75.80046278100008,26.945873789000075],[75.80136997500006,26.94428292400005],[75.80199055400004,26.944540027000073],[75.80294394400005,26.94292089700008],[75.80181641900003,26.94247792300007],[75.80204826100004,26.941959131000033],[75.80006678000007,26.94107841600004],[75.79824507100005,26.944540843000027],[75.79782986900005,26.94491768000006],[75.79651939300004,26.94438718200007],[75.79741771700003,26.94248923500004],[75.79070498100003,26.939680895000038],[75.78861592500004,26.942974479000043],[75.78845716000006,26.94526996700006],[75.78862014400005,26.94685552800007],[75.78914813600005,26.948486711000044],[75.78871178400004,26.948900477000052],[75.78939686500007,26.949063015000036],[75.79027911100007,26.950646817000063],[75.79006461000006,26.953298947000064],[75.79126276200003,26.953691685000024],[75.79307217100006,26.95457121800007],[75.79327157600005,26.954992615000037],[75.79578773400004,26.954593422000073]]]}},{"type":"Feature","properties":{"ward_id":"16","name":"Ward 16 CIVIL LINES"},"geometry":{"type":"Polygon","coordinates":[[[75.78752422600007,26.94862991000008],[75.78840551600007,26.948624986000027],[75.78871178400004,26.948900477000052],[75.78914813600005,26.948486711000044],[75.78862014400005,26.94685552800007],[75.78847600200004,26.945794146000026],[75.78861592500004,26.942974479000043],[75.79068610300004,26.939710650000052],[75.78801924200008,26.938526655000032],[75.78803055800006,26.938211869000042],[75.79244103000008,26.935439398000028],[75.79167812900005,26.93062599900003],[75.78963673400006,26.92837385100006],[75.79216245400005,26.926495567000075],[75.79172349000004,26.925517547000027],[75.79043643000006,26.924919523000028],[75.79097293700005,26.922459255000035],[75.79091521100008,26.921926969000026],[75.79015878100006,26.92189489200007],[75.79001144000006,26.92012842300005],[75.78912746400005,26.92010724900007],[75.78487104300007,26.923541925000052],[75.78451064100005,26.931307108000055],[75.78565652700007,26.938160081000035],[75.78564403100006,26.938881484000035],[75.78547356300004,26.939249708000034],[75.78468483000006,26.93977056500006],[75.78277896800006,26.939599131000023],[75.78282225300006,26.94001298300003],[75.78261196000005,26.939980156000047],[75.78270613600006,26.94088057600004],[75.78256097800005,26.941679041000043],[75.78102808200003,26.943221236000056],[75.78071383400004,26.943796749000057],[75.78077986700004,26.945539464000035],[75.78113095000003,26.945894232000057],[75.78312484300005,26.946380228000066],[75.78379928200007,26.947227595000072],[75.78408735400006,26.948233712000047],[75.78566037500008,26.94827943100006],[75.78585082800004,26.948353268000062],[75.78602132300006,26.948835750000057],[75.78647150500007,26.94911240500005],[75.78690446000007,26.949096372000042],[75.78752422600007,26.94862991000008]]]}},{"type":"Feature","properties":{"ward_id":"66","name":"Ward 66 KISHAN POLE"},"geometry":{"type":"Polygon","coordinates":[[[75.80966779500005,26.929800718000024],[75.80866391900008,26.92997999100004],[75.80869640600008,26.92707921600004],[75.80762959300006,26.926608701000077],[75.80468351300004,26.92785113000008],[75.79976364000004,26.931433343000037],[75.79728559300008,26.93255636300006],[75.79942046300005,26.936540638000054],[75.79974649300004,26.93700948700007],[75.80098447600005,26.938002477000055],[75.80211685300003,26.93763651000006],[75.80370376800005,26.934304740000073],[75.80511218600003,26.934732480000037],[75.80784387000006,26.934294717000057],[75.80760198200005,26.93339732800007],[75.81000645000006,26.932886498000073],[75.80993146900005,26.931960919000062],[75.81026443600007,26.93178197700007],[75.81014592000008,26.93114262100005],[75.80969706800005,26.931049872000074],[75.80961935700003,26.930805199000076],[75.80952416800005,26.93024060600004],[75.80977396300005,26.930116613000052],[75.80966779500005,26.929800718000024]]]}},{"type":"Feature","properties":{"ward_id":"17","name":"Ward 17 CIVIL LINES"},"geometry":{"type":"Polygon","coordinates":[[[75.79807192000004,26.944766516000072],[75.80124115000007,26.938887071000067],[75.80093439700005,26.938480279000032],[75.80096093400005,26.937935417000062],[75.79974649300004,26.93700948700007],[75.79942046300005,26.936540638000054],[75.79728559300008,26.93255636300006],[75.79976364000004,26.931433343000037],[75.80468351300004,26.92785113000008],[75.80765759100007,26.92662553300005],[75.80587287900005,26.924956190000046],[75.80283095700008,26.92338705000003],[75.79716863100003,26.92146763200003],[75.79371568200008,26.920107148000056],[75.79001335800007,26.920187763000058],[75.79015878100006,26.92189489200007],[75.79091521100008,26.921926969000026],[75.79097293700005,26.922459255000035],[75.79043643000006,26.924919523000028],[75.79172349000004,26.925517547000027],[75.79216245400005,26.926495567000075],[75.78963673400006,26.92837385100006],[75.79167812900005,26.93062599900003],[75.79244103000008,26.935439398000028],[75.78803055800006,26.938211869000042],[75.78801924200008,26.938526655000032],[75.79741771700003,26.94248923500004],[75.79653497000004,26.944441566000023],[75.79782986900005,26.94491768000006],[75.79807192000004,26.944766516000072]]]}},{"type":"Feature","properties":{"ward_id":"63","name":"Ward 63 KISHAN POLE"},"geometry":{"type":"Polygon","coordinates":[[[75.81174941900008,26.918376554000076],[75.81620808300005,26.917329512000038],[75.81593887200006,26.916861254000025],[75.81207921700008,26.916699668000035],[75.80965895300005,26.91601225200003],[75.80907447000004,26.916063265000048],[75.80488616700006,26.91667958100004],[75.80232275600008,26.91722526700005],[75.79390506700008,26.920179817000076],[75.79716863100003,26.92146763200003],[75.80283095700008,26.92338705000003],[75.80587287900005,26.924956190000046],[75.80765759100007,26.92662553300005],[75.80869640600008,26.92707921600004],[75.80866391900008,26.92997999100004],[75.80968069100004,26.92969801600003],[75.80879728100007,26.926189691000047],[75.80897125600006,26.926086560000044],[75.80776033600006,26.920312738000064],[75.80741772000005,26.920198947000074],[75.80711311800007,26.91902274800003],[75.81174941900008,26.918376554000076]]]}},{"type":"Feature","properties":{"ward_id":"18","name":"Ward 18 CIVIL LINES"},"geometry":{"type":"Polygon","coordinates":[[[75.79390506700008,26.920179817000076],[75.80232275600008,26.91722526700005],[75.80488616700006,26.91667958100004],[75.80966107300003,26.91601424600003],[75.80428480600006,26.90596863600007],[75.80096045000005,26.899176585000077],[75.80047158800005,26.898775863000026],[75.79464016300005,26.901487983000038],[75.79333127900003,26.902237768000077],[75.79277482300006,26.902466848000074],[75.79156975900008,26.90261886500008],[75.78692668200006,26.902822349000076],[75.78611584400005,26.90271388700006],[75.78454393800007,26.901883362000035],[75.78261570700005,26.901587406000033],[75.77888882200006,26.90151117000005],[75.77746972300008,26.90195476100007],[75.78448315500003,26.90611230500008],[75.78202204100006,26.909483016000024],[75.78346757300005,26.910249710000073],[75.78673451300006,26.91145816200003],[75.78731339600006,26.911858427000027],[75.79099504900006,26.91314516400007],[75.79121209900006,26.915871553000045],[75.79047035200006,26.91757997800005],[75.79133887900008,26.917864184000052],[75.79099189800007,26.91818584600003],[75.79117193200005,26.918245219000028],[75.78912746400005,26.92010724900007],[75.79390506700008,26.920179817000076]]]}},{"type":"Feature","properties":{"ward_id":"19","name":"Ward 19 CIVIL LINES"},"geometry":{"type":"Polygon","coordinates":[[[75.79057489000007,26.917440672000055],[75.79121209900006,26.915871553000045],[75.79099504900006,26.91314516400007],[75.78726607800007,26.911825710000073],[75.78505374400004,26.915728396000077],[75.78518881400004,26.917034958000045],[75.77252244700003,26.915652264000073],[75.77181537700005,26.914929844000028],[75.77131095700008,26.914884180000058],[75.77075603600008,26.915355263000038],[75.76999032800006,26.91665533400004],[75.76819537600005,26.917420906000075],[75.76395827900006,26.91873078900005],[75.75440466600008,26.921274244000074],[75.75027907300006,26.922263104000024],[75.74638658700007,26.922903354000027],[75.74591146900008,26.923245636000047],[75.74677961700007,26.925815857000032],[75.75479991800006,26.93424760100004],[75.75525767600004,26.934175538000034],[75.75496701200007,26.933866607000027],[75.75583202100006,26.933730429000036],[75.76537086200005,26.93301728800003],[75.76804983600005,26.932421704000035],[75.77131792500006,26.93108042600005],[75.77504790100005,26.928832715000055],[75.77872293700005,26.926472233000027],[75.79057489000007,26.917440672000055]]]}},{"type":"Feature","properties":{"ward_id":"20","name":"Ward 20 CIVIL LINES"},"geometry":{"type":"Polygon","coordinates":[[[75.77898906700005,26.907763268000053],[75.77732038700003,26.905948674000058],[75.77694599700004,26.906483345000026],[75.77620890400004,26.909263432000046],[75.77377625900004,26.915805832000046],[75.78518881400004,26.917034958000045],[75.78505374400004,26.915728396000077],[75.78726607800007,26.911825710000073],[75.78673451300006,26.91145816200003],[75.78346757300005,26.910249710000073],[75.78207015200007,26.909418909000067],[75.78056268100005,26.90883593800004],[75.77898906700005,26.907763268000053]]]}},{"type":"Feature","properties":{"ward_id":"21","name":"Ward 21 CIVIL LINES"},"geometry":{"type":"Polygon","coordinates":[[[75.77075603600008,26.915355263000038],[75.77131095700008,26.914884180000058],[75.77181537700005,26.914929844000028],[75.77252244700003,26.915652264000073],[75.77377625900004,26.915805832000046],[75.77590871200005,26.91012048600004],[75.77662716500004,26.907799993000026],[75.77509819700003,26.907429604000072],[75.77527336700007,26.906718494000074],[75.77381389300007,26.90653282200003],[75.77388270900008,26.906064393000065],[75.77216902400005,26.905557302000034],[75.77254078800007,26.90198838500004],[75.76576835700007,26.898765035000054],[75.76295640500007,26.898730727000043],[75.76303554800006,26.898857528000065],[75.76264632900006,26.899703943000077],[75.76245198900006,26.900921527000037],[75.76258020500006,26.901919484000075],[75.76352934100004,26.90302194700007],[75.76676835000006,26.90432079800007],[75.76825771400007,26.90443980400005],[75.76909049500006,26.904798416000062],[75.76928904000005,26.905705195000053],[75.76878263800006,26.90718776600005],[75.76853074900004,26.910366649000025],[75.76791403100003,26.91201323000007],[75.76743041600008,26.91387697300007],[75.76746374300006,26.914312565000046],[75.76799697200005,26.915290154000047],[75.76868830300003,26.915685850000045],[75.77006642100008,26.915805440000042],[75.77034865500008,26.915969012000062],[75.77075603600008,26.915355263000038]]]}},{"type":"Feature","properties":{"ward_id":"22","name":"Ward 22 CIVIL LINES"},"geometry":{"type":"Polygon","coordinates":[[[75.78320535900008,26.901631456000075],[75.78473213300003,26.898146867000037],[75.78482083800003,26.895354201000032],[75.78303549300006,26.894879917000026],[75.78313971000006,26.89433058700007],[75.77546979700008,26.891451605000043],[75.77525820900007,26.892098357000066],[75.77484234800005,26.891826262000052],[75.76929629900008,26.891533778000053],[75.77120901900008,26.897527342000046],[75.77258561900004,26.898778720000053],[75.77257070400003,26.901877634000073],[75.77216902400005,26.905557302000034],[75.77388270900008,26.906064393000065],[75.77381389300007,26.90653282200003],[75.77527336700007,26.906718494000074],[75.77509819700003,26.907429604000072],[75.77662716500004,26.907799993000026],[75.77694599700004,26.906483345000026],[75.77732038700003,26.905948674000058],[75.77898906700005,26.907763268000053],[75.78056268100005,26.90883593800004],[75.78207015200007,26.909418909000067],[75.78448315500003,26.90611230500008],[75.77746972300008,26.90195476100007],[75.77888882200006,26.90151117000005],[75.78320535900008,26.901631456000075]]]}},{"type":"Feature","properties":{"ward_id":"23","name":"Ward 23 CIVIL LINES"},"geometry":{"type":"Polygon","coordinates":[[[75.77234941600005,26.898457218000033],[75.77151766000003,26.89791301100007],[75.77120901900008,26.897527342000046],[75.76929629900008,26.891533778000053],[75.77484234800005,26.891826262000052],[75.77525820900007,26.892098357000066],[75.77552344500003,26.891472286000067],[75.77426253700008,26.890094715000032],[75.77444197900007,26.89001303200007],[75.77486427300005,26.888590418000035],[75.77444732400005,26.888156929000047],[75.77480631300006,26.88800970400007],[75.77496654200007,26.887750588000074],[75.77491078300005,26.887492658000042],[75.77514102400005,26.886942642000065],[75.77508361500009,26.88644262400004],[75.77463331600006,26.886396674000025],[75.77443324200004,26.886091116000046],[75.77467696700006,26.884879296000065],[75.77535352900003,26.883794219000038],[75.77533343700003,26.883487674000037],[75.77453656500006,26.882765754000047],[75.77399508300005,26.88254276300006],[75.77334671200003,26.88248175500007],[75.77216004700006,26.88266578200006],[75.77053748100008,26.88227114500006],[75.76956110600008,26.88161473400004],[75.76963069300007,26.881259279000062],[75.77067062800006,26.880672579000077],[75.77008286000006,26.879094587000054],[75.77082649000005,26.876784557000065],[75.77125853200005,26.87630103300006],[75.77127317100008,26.87547479600005],[75.77022939900007,26.87382817500003],[75.76929467400004,26.87183596400007],[75.76936049700004,26.871091155000045],[75.76972730000006,26.86994524800008],[75.77092538700003,26.868976382000028],[75.77100267500003,26.868431241000053],[75.77119365200008,26.868230469000025],[75.77259872500008,26.86793227900006],[75.77228005200004,26.867216807000034],[75.77168140400005,26.867011268000056],[75.76863985900007,26.867817682000066],[75.76399394100008,26.86789734000007],[75.76262396000004,26.86890339100006],[75.76167887100007,26.869870826000067],[75.76100823900003,26.87100927000006],[75.75898268700007,26.876939449000076],[75.75806289500008,26.87867840900003],[75.75823511100003,26.880211778000046],[75.75475615200008,26.87924990700003],[75.75183992900008,26.879477059000067],[75.75291361600006,26.883271574000048],[75.75186840700007,26.888518549000025],[75.75193947200006,26.891096507000043],[75.75171586600004,26.894027074000064],[75.75182078400007,26.89560014600005],[75.75680764200007,26.898393945000066],[75.75868969900006,26.898496796000074],[75.76240448300007,26.898370691000025],[75.76295640500007,26.898730727000043],[75.76576835700007,26.898765035000054],[75.77252593100008,26.901982092000026],[75.77258561900004,26.898778720000053],[75.77234941600005,26.898457218000033]]]}},{"type":"Feature","properties":{"ward_id":"29","name":"Ward 29 SANGANER"},"geometry":{"type":"Polygon","coordinates":[[[75.74904910500004,26.879460105000078],[75.74887764800008,26.878714288000026],[75.74809344600004,26.877152876000025],[75.74798185200007,26.876604711000027],[75.75492551800005,26.86252611200007],[75.75672153500005,26.859288535000076],[75.75963619800007,26.85651298600004],[75.76158349800005,26.854404327000054],[75.76261295800003,26.852284455000074],[75.76395780200005,26.84890396000003],[75.77060762000008,26.834471102000066],[75.77713118200006,26.82814085900003],[75.77326009100005,26.82236783600007],[75.77270915900004,26.82070843200006],[75.77247487300008,26.820645151000065],[75.76994321400008,26.821352965000074],[75.76881767600008,26.82250501900006],[75.76700702200003,26.823434821000035],[75.76366652200005,26.82425988400007],[75.76393114000007,26.826162968000062],[75.75753503000004,26.827407849000053],[75.75759726500007,26.828650292000077],[75.75510184500007,26.829438350000032],[75.75477428500005,26.828875199000038],[75.75301473300004,26.82950618900003],[75.75568553000005,26.833513809000067],[75.75605931900003,26.834940196000048],[75.75794044600008,26.837799002000054],[75.75787378500007,26.83792040900005],[75.75686388000008,26.83824054400003],[75.75332882500004,26.840329360000055],[75.75198346200006,26.840941765000025],[75.74717193400005,26.841838820000078],[75.74684951100005,26.84205841100004],[75.74685125900004,26.84232471100006],[75.74757319100007,26.843349818000036],[75.74773853900007,26.84386945800003],[75.74757963100006,26.84433028600006],[75.74689492800007,26.84486652100003],[75.74491746500007,26.84582113500005],[75.74143577200005,26.84788516800006],[75.74045586800008,26.84868922800007],[75.73935906000008,26.85019598200006],[75.73831219800007,26.851085112000078],[75.73753114000004,26.851343392000047],[75.73472285800005,26.851152227000057],[75.73216302200007,26.851819171000045],[75.72910259700006,26.85229497100005],[75.72345761200006,26.853812876000063],[75.72242201000006,26.854374999000072],[75.72151874200006,26.854524870000034],[75.72071438600005,26.85537632100005],[75.71938177700008,26.85592783100003],[75.71852157800004,26.85648903300006],[75.71595678700004,26.85854778500004],[75.71235262600004,26.860599626000067],[75.71166856500008,26.861280950000037],[75.71045243100008,26.863211758000034],[75.70866675800005,26.86472173800007],[75.70845774900005,26.865836443000035],[75.70705421300005,26.868034471000044],[75.70687616700008,26.869790583000054],[75.70652001800005,26.87112391000005],[75.70674417800006,26.872442231000036],[75.70661492100004,26.87336285500004],[75.70521411300007,26.876020840000024],[75.70466083600007,26.877819507000027],[75.70681203200007,26.878422882000052],[75.70866197300006,26.878522562000057],[75.71091542800008,26.87839019300003],[75.71186258000006,26.878748574000042],[75.71239424900006,26.87958113600007],[75.71334483600003,26.880484212000056],[75.71453509100007,26.880857991000028],[75.71540477400004,26.880699253000046],[75.71695892600007,26.879910608000046],[75.71729964000008,26.87935507700007],[75.71718094200008,26.87895442100006],[75.71818994400007,26.874143634000063],[75.71846979900005,26.873573280000073],[75.71891338600005,26.873280505000025],[75.71961510700004,26.873252724000054],[75.72276213000004,26.873563500000046],[75.72559580900008,26.875534189000064],[75.72609623600005,26.875688984000078],[75.72999766700008,26.87575361900008],[75.73417886300007,26.879423960000054],[75.73672164400006,26.880197545000044],[75.74441135900008,26.879491476000055],[75.74904910500004,26.879460105000078]]]}},{"type":"Feature","properties":{"ward_id":"28","name":"Ward 28 SANGANER"},"geometry":{"type":"Polygon","coordinates":[[[75.76358137000005,26.868185526000048],[75.76224850700004,26.866334761000076],[75.75452519900006,26.863285661000077],[75.74798185200007,26.876604711000027],[75.74809344600004,26.877152876000025],[75.74887764800008,26.878714288000026],[75.74904910500004,26.879460105000078],[75.75183992900008,26.879477059000067],[75.75475615200008,26.87924990700003],[75.75823511100003,26.880211778000046],[75.75806289500008,26.87867840900003],[75.75898268700007,26.876939449000076],[75.76100823900003,26.87100927000006],[75.76167887100007,26.869870826000067],[75.76358137000005,26.868185526000048]]]}},{"type":"Feature","properties":{"ward_id":"27","name":"Ward 27 SANGANER"},"geometry":{"type":"Polygon","coordinates":[[[75.77259507800005,26.867924092000067],[75.77340919100004,26.867463807000036],[75.77518182800003,26.865772278000065],[75.77525110800008,26.86479821200004],[75.77489729400008,26.864126062000025],[75.77485079900003,26.86287346200004],[75.77388743000006,26.859644467000066],[75.77422399100004,26.858900445000074],[75.77519364300008,26.858595536000053],[75.77644949600005,26.85684554100004],[75.77720088700005,26.85682098700005],[75.77792470800006,26.856095253000035],[75.77757882300006,26.855470729000047],[75.77696748800008,26.85488170600007],[75.77669016400006,26.854290847000073],[75.77678457000007,26.853663900000072],[75.77663149500006,26.853480898000043],[75.77658735900008,26.852575545000036],[75.77624256200005,26.85210761600007],[75.77558663400004,26.851655012000037],[75.77559680200005,26.850919585000042],[75.77586006700005,26.850564073000044],[75.77390265600008,26.84960791900005],[75.76511760100004,26.846378550000054],[75.76158349800005,26.854404327000054],[75.75963619800007,26.85651298600004],[75.75672153500005,26.859288535000076],[75.75452519900006,26.863285661000077],[75.76224850700004,26.866334761000076],[75.76358137000005,26.868185526000048],[75.76430719400008,26.867813940000076],[75.76863985900007,26.867817682000066],[75.77168140400005,26.867011268000056],[75.77228005200004,26.867216807000034],[75.77259507800005,26.867924092000067]]]}},{"type":"Feature","properties":{"ward_id":"26","name":"Ward 26 SANGANER"},"geometry":{"type":"Polygon","coordinates":[[[75.77711150200008,26.828111042000046],[75.77060762000008,26.834471102000066],[75.76511760100004,26.846378550000054],[75.77390265600008,26.84960791900005],[75.77587736300006,26.850624552000056],[75.77715922100003,26.849898877000044],[75.77861445500008,26.84957084900003],[75.77893065400008,26.849187805000042],[75.77946097700004,26.849035084000036],[75.77979156100008,26.848536205000073],[75.77992184600004,26.847609463000026],[75.77966352000004,26.846466975000055],[75.77897631200005,26.84476851000005],[75.77897417700007,26.844099735000043],[75.77916774100004,26.84306072100003],[75.78026068000008,26.84242273500007],[75.78029131800008,26.84190933800005],[75.77999266000006,26.841879611000024],[75.77973437300005,26.84160262300003],[75.77990738500006,26.84125062700008],[75.77989751600006,26.839810198000066],[75.78071190000003,26.838534690000074],[75.78059835700003,26.835751189000064],[75.78107239700006,26.834041780000064],[75.77711150200008,26.828111042000046]]]}},{"type":"Feature","properties":{"ward_id":"25","name":"Ward 25 SANGANER"},"geometry":{"type":"Polygon","coordinates":[[[75.78940908400006,26.81926947900007],[75.78611693000005,26.81914994400006],[75.78201141300008,26.819535836000057],[75.78157501900006,26.819347594000078],[75.77826217700004,26.820237405000057],[75.77778134400006,26.81946835900004],[75.77745578300005,26.817727036000065],[75.77717160800006,26.817601495000076],[75.77667773900004,26.817885645000047],[75.77625998700006,26.817461238000078],[75.77247649300006,26.818684291000068],[75.77266109500005,26.820695450000073],[75.77326009100005,26.82236783600007],[75.78107239700006,26.834041780000064],[75.78059835700003,26.835751189000064],[75.78071190000003,26.838534690000074],[75.77989751600006,26.839810198000066],[75.77990738500006,26.84125062700008],[75.77973437300005,26.84160262300003],[75.77999266000006,26.841879611000024],[75.78029131800008,26.84190933800005],[75.78026068000008,26.84242273500007],[75.77916774100004,26.84306072100003],[75.77897417700007,26.844099735000043],[75.77897631200005,26.84476851000005],[75.77966352000004,26.846466975000055],[75.77992184600004,26.847609463000026],[75.77979156100008,26.848536205000073],[75.77946097700004,26.849035084000036],[75.77893065400008,26.849187805000042],[75.77861445500008,26.84957084900003],[75.77715922100003,26.849898877000044],[75.77587736300006,26.850624552000056],[75.77559680200005,26.850919585000042],[75.77558528900005,26.85145755900004],[75.77572433800003,26.851810864000072],[75.77624256200005,26.85210761600007],[75.77658735900008,26.852575545000036],[75.77663149500006,26.853480898000043],[75.77678457000007,26.853663900000072],[75.77669016400006,26.854290847000073],[75.77696748800008,26.85488170600007],[75.77757882300006,26.855470729000047],[75.77792470800006,26.856095253000035],[75.77725141700006,26.85679084700007],[75.77895919100007,26.85686357900005],[75.78027095300007,26.856266233000042],[75.78055821200007,26.856662595000046],[75.78090419700004,26.857257858000025],[75.78101692600006,26.857951249000052],[75.78085028100008,26.859888948000048],[75.78847936000005,26.859362134000037],[75.78802181000003,26.85596262100006],[75.78729846900006,26.855285751000054],[75.78687238800006,26.85221954000008],[75.78996568700006,26.851657574000058],[75.79355981500004,26.850348283000073],[75.79317361800008,26.844313147000037],[75.79329340300006,26.83536091700006],[75.79371044400006,26.83130949200006],[75.79089551000004,26.831071053000073],[75.78303824000005,26.831904601000076],[75.78284566000008,26.831860274000064],[75.78279256700006,26.831497420000062],[75.78275529300004,26.82901914400003],[75.78294974900007,26.827865076000023],[75.78412080600003,26.827459129000033],[75.78536773600007,26.826317377000066],[75.78706432000007,26.82581770200005],[75.78756794000003,26.825478989000032],[75.78772707800005,26.82507864100006],[75.78863298900006,26.824383615000045],[75.78967778200007,26.823288346000027],[75.78941877700004,26.82241823800007],[75.78921413600006,26.820630877000042],[75.78940908400006,26.81926947900007]]]}},{"type":"Feature","properties":{"ward_id":"24","name":"Ward 24 SANGANER"},"geometry":{"type":"Polygon","coordinates":[[[75.78847936000005,26.859362134000037],[75.78085028100008,26.859888948000048],[75.78101692600006,26.857951249000052],[75.78090419700004,26.857257858000025],[75.78027095300007,26.856266233000042],[75.77895919100007,26.85686357900005],[75.77644949600005,26.85684554100004],[75.77519364300008,26.858595536000053],[75.77422399100004,26.858900445000074],[75.77388743000006,26.859644467000066],[75.77392751800005,26.859957462000068],[75.77485079900003,26.86287346200004],[75.77489729400008,26.864126062000025],[75.77525110800008,26.86479821200004],[75.77518182800003,26.865772278000065],[75.77435285000007,26.866675607000047],[75.77284266700008,26.867889063000064],[75.77119365200008,26.868230469000025],[75.77100267500003,26.868431241000053],[75.77092538700003,26.868976382000028],[75.76972730000006,26.86994524800008],[75.76961797800004,26.87024543900003],[75.76929467400004,26.87183596400007],[75.77022939900007,26.87382817500003],[75.77127317100008,26.87547479600005],[75.77125853200005,26.87630103300006],[75.77082649000005,26.876784557000065],[75.77008286000006,26.879094587000054],[75.77067062800006,26.880672579000077],[75.76963069300007,26.881259279000062],[75.76956110600008,26.88161473400004],[75.77053748100008,26.88227114500006],[75.77147502300005,26.88250812700005],[75.77216004700006,26.88266578200006],[75.77334671200003,26.88248175500007],[75.77399508300005,26.88254276300006],[75.77463590700006,26.882868407000046],[75.77769387300003,26.88207550800007],[75.77674099600006,26.880419360000076],[75.77659306100009,26.879512310000052],[75.77669262100005,26.879266641000072],[75.78032814500006,26.87793928900004],[75.78014025100003,26.877114171000073],[75.78291774800005,26.87616371300004],[75.78301660500006,26.87581817800003],[75.78375422700003,26.875614358000064],[75.78856189800007,26.875460514000054],[75.78795892700003,26.868800166000028],[75.78761594200006,26.861666270000057],[75.78847936000005,26.859362134000037]]]}},{"type":"Feature","properties":{"ward_id":"30","name":"Ward 30 SANGANER"},"geometry":{"type":"Polygon","coordinates":[[[75.78940908400006,26.81926947900007],[75.78962532900005,26.818640351000056],[75.79057177700008,26.817963244000055],[75.79108156100006,26.81706160500005],[75.79250490800007,26.812214700000027],[75.79469775100006,26.808915918000025],[75.79425081800008,26.80866422300005],[75.79411594100003,26.808183808000024],[75.79370119700008,26.808195213000033],[75.79335891700003,26.808442257000024],[75.79271609700004,26.807665089000068],[75.79270333000005,26.807283855000037],[75.79251103900003,26.80727585300008],[75.78866951300006,26.812118097000052],[75.78848859400006,26.81082992900008],[75.78759618400005,26.810535300000026],[75.78509585300003,26.810358536000024],[75.78401515700006,26.810636887000044],[75.78341766400007,26.810558486000048],[75.78201594200004,26.81123806100004],[75.78192130600007,26.812191848000055],[75.77331387900006,26.814127506000034],[75.77264610300006,26.814131153000062],[75.77247649300006,26.818684291000068],[75.77625998700006,26.817461238000078],[75.77667773900004,26.817885645000047],[75.77717160800006,26.817601495000076],[75.77745578300005,26.817727036000065],[75.77778134400006,26.81946835900004],[75.77826217700004,26.820237405000057],[75.78157501900006,26.819347594000078],[75.78201141300008,26.819535836000057],[75.78611693000005,26.81914994400006],[75.78940908400006,26.81926947900007]]]}},{"type":"Feature","properties":{"ward_id":"31","name":"Ward 31 SANGANER"},"geometry":{"type":"Polygon","coordinates":[[[75.75301473300004,26.82950618900003],[75.75477428500005,26.828875199000038],[75.75510184500007,26.829438350000032],[75.75759726500007,26.828650292000077],[75.75753503000004,26.827407849000053],[75.76393114000007,26.826162968000062],[75.76366652200005,26.82425988400007],[75.76700702200003,26.823434821000035],[75.76881767600008,26.82250501900006],[75.76994321400008,26.821352965000074],[75.77266109500005,26.820695450000073],[75.77245089600007,26.818172247000064],[75.77264610300006,26.814131153000062],[75.77331387900006,26.814127506000034],[75.78192130600007,26.812191848000055],[75.78201594200004,26.81123806100004],[75.78341766400007,26.810558486000048],[75.78401515700006,26.810636887000044],[75.78509585300003,26.810358536000024],[75.78759618400005,26.810535300000026],[75.78848859400006,26.81082992900008],[75.78866951300006,26.812118097000052],[75.79251103900003,26.80727585300008],[75.79270333000005,26.807283855000037],[75.79271609700004,26.807665089000068],[75.79335891700003,26.808442257000024],[75.79370119700008,26.808195213000033],[75.79411594100003,26.808183808000024],[75.79425081800008,26.80866422300005],[75.79473004100004,26.808903205000036],[75.79709633500005,26.805830381000078],[75.79780085700008,26.803856336000024],[75.79882247000006,26.803823339000076],[75.79945429300005,26.80302992700007],[75.80088698500003,26.802468029000067],[75.80180329800004,26.800411058000066],[75.80230446100006,26.799745474000076],[75.80307222700003,26.79958678400004],[75.80352305400004,26.798957796000025],[75.80356076900006,26.798567199000047],[75.80474854300007,26.79771613400004],[75.80668127000007,26.79777776800006],[75.80676762800005,26.797114531000034],[75.80883965300006,26.79684850700005],[75.80897902700008,26.79652995600003],[75.81084953500005,26.794957724000028],[75.81474732000004,26.795371129000046],[75.82726238500004,26.77876629700006],[75.82904063700005,26.775886901000035],[75.82749583200007,26.774686639000038],[75.80820179200003,26.783233318000043],[75.80777428600004,26.78280905500003],[75.79567284900008,26.78811899300007],[75.79439568600003,26.78871930500003],[75.79360439400006,26.789365304000057],[75.79255489600007,26.789734329000055],[75.79077521800008,26.789841117000037],[75.78727768900006,26.78924324700006],[75.78618195100006,26.78877723900007],[75.78463123400007,26.788834257000076],[75.78414768300007,26.789127456000074],[75.78363289800006,26.79076447600005],[75.78322984800008,26.79099670000005],[75.78309478000006,26.792934244000037],[75.78285889300008,26.793940262000035],[75.78252493100007,26.794414201000052],[75.78225550200006,26.794464109000046],[75.78111852200004,26.79388934600007],[75.77940290300006,26.79153832700007],[75.77826307700008,26.79053988100003],[75.77591843600004,26.788894361000075],[75.77483146500003,26.787726126000052],[75.77256010400004,26.78692749700008],[75.76987410300006,26.786639497000067],[75.76550692700005,26.787062631000026],[75.75996121500003,26.788750881000055],[75.75896676500008,26.789300940000032],[75.75705298700007,26.791562717000033],[75.75579186700008,26.79258627300004],[75.75329499700007,26.792357476000063],[75.75246313700006,26.793027675000076],[75.75102215200008,26.79337426400008],[75.75087840500004,26.794077118000075],[75.75160643800007,26.79607058600004],[75.75178817000005,26.797038022000038],[75.75177172600007,26.798635973000046],[75.75200646200005,26.799457867000058],[75.75184850700003,26.800051851000035],[75.75181745800006,26.80148040800003],[75.75265149100005,26.805216426000072],[75.75264767100003,26.806681152000067],[75.75212916200007,26.807833883000058],[75.75176717400007,26.808174746000077],[75.75017001300006,26.809417928000073],[75.74746805500007,26.810884822000048],[75.74688178700006,26.812001576000057],[75.74598679300004,26.815419906000045],[75.74599123000007,26.816097763000073],[75.74654664300004,26.818503729000042],[75.74650751000007,26.820767570000044],[75.74677090600005,26.82184352400003],[75.74920617400005,26.824917423000045],[75.74977585800008,26.82537439500004],[75.75070950700007,26.825781015000075],[75.75121190000004,26.826262547000056],[75.75301473300004,26.82950618900003]]]}},{"type":"Feature","properties":{"ward_id":"32","name":"Ward 32 SANGANER"},"geometry":{"type":"Polygon","coordinates":[[[75.82257646800008,26.812366557000075],[75.82479526300006,26.804279355000062],[75.82519290500005,26.80330562100005],[75.82683328500008,26.80116693000008],[75.82624186700008,26.799596747000066],[75.82502457200007,26.79727970600004],[75.82463841000003,26.796107779000067],[75.82484713000008,26.79512606700007],[75.82430253500007,26.79442715500005],[75.82330049400008,26.793888263000042],[75.81931303500005,26.79460136700004],[75.82113626900008,26.79163354900004],[75.83080368800006,26.777740363000078],[75.82904063700005,26.775886901000035],[75.82726238500004,26.77876629700006],[75.81474732000004,26.795371129000046],[75.81084953500005,26.794957724000028],[75.80897902700008,26.79652995600003],[75.80883965300006,26.79684850700005],[75.80676762800005,26.797114531000034],[75.80668127000007,26.79777776800006],[75.80474854300007,26.79771613400004],[75.80356076900006,26.798567199000047],[75.80352305400004,26.798957796000025],[75.80307222700003,26.79958678400004],[75.80230446100006,26.799745474000076],[75.80180329800004,26.800411058000066],[75.80088698500003,26.802468029000067],[75.79945429300005,26.80302992700007],[75.79882247000006,26.803823339000076],[75.79780085700008,26.803856336000024],[75.79709633500005,26.805830381000078],[75.79366527500008,26.810301672000037],[75.79250490800007,26.812214700000027],[75.79108156100006,26.81706160500005],[75.79057177700008,26.817963244000055],[75.78962532900005,26.818640351000056],[75.78940101900008,26.81929294300005],[75.79628024800007,26.819469483000034],[75.79713170500008,26.819682578000027],[75.80204979200005,26.81303341000006],[75.80504829600005,26.81353689900004],[75.81031164900008,26.81380948900005],[75.82257646800008,26.812366557000075]]]}},{"type":"Feature","properties":{"ward_id":"36","name":"Ward 36 BAGRU ANSIK"},"geometry":{"type":"Polygon","coordinates":[[[75.82113555800004,26.83185392300004],[75.82169012100007,26.829654081000058],[75.82227139100007,26.82886994200004],[75.82339790600008,26.82652110300006],[75.82112734000003,26.824582390000046],[75.82478528300004,26.82107491900007],[75.82257646800008,26.812366557000075],[75.81031164900008,26.81380948900005],[75.80504829600005,26.81353689900004],[75.80204979200005,26.81303341000006],[75.79713170500008,26.819682578000027],[75.79628024800007,26.819469483000034],[75.78940101900008,26.81929294300005],[75.78921413600006,26.820630877000042],[75.78941877700004,26.82241823800007],[75.78967778200007,26.823288346000027],[75.78863298900006,26.824383615000045],[75.78772707800005,26.82507864100006],[75.78756794000003,26.825478989000032],[75.78706432000007,26.82581770200005],[75.78536773600007,26.826317377000066],[75.78412080600003,26.827459129000033],[75.78294974900007,26.827865076000023],[75.78275529300004,26.82901914400003],[75.78279256700006,26.831497420000062],[75.78284566000008,26.831860274000064],[75.78303824000005,26.831904601000076],[75.79089551000004,26.831071053000073],[75.79371044400006,26.83130949200006],[75.79329340300006,26.83536091700006],[75.79332764300005,26.83930484800004],[75.79644394800005,26.83964535700005],[75.79810371900004,26.839648107000073],[75.79887784000005,26.838433251000026],[75.80042811500005,26.83821870500003],[75.80177760700008,26.83823527100003],[75.80294280300006,26.838906536000025],[75.80328491900008,26.839582466000024],[75.80349782800005,26.84107015400008],[75.81412882600006,26.84263141400004],[75.81730379500004,26.83940532300005],[75.81721771000008,26.838691635000032],[75.81899114800007,26.837616153000056],[75.81909142900008,26.836550346000024],[75.81980071600003,26.835735213000078],[75.82015089700008,26.833772200000055],[75.82113555800004,26.83185392300004]]]}},{"type":"Feature","properties":{"ward_id":"33","name":"Ward 33 BAGRU ANSIK"},"geometry":{"type":"Polygon","coordinates":[[[75.83443345900008,26.835672740000064],[75.83837348500003,26.83399468300007],[75.83983064800003,26.83316829300003],[75.84114228200008,26.832127558000025],[75.84292963200005,26.83054598600006],[75.84456966700003,26.828513359000056],[75.84589544100004,26.82615979700006],[75.85137265700007,26.814441774000045],[75.85226117800005,26.81298855700004],[75.85695201800007,26.801702755000065],[75.85946058700006,26.794485176000023],[75.86130370800004,26.788448410000058],[75.86047958800003,26.787676],[75.86011523200006,26.787650977000055],[75.85973256400007,26.78788026600006],[75.85799811700008,26.789951633000044],[75.85677564500008,26.79015876300008],[75.85556668800007,26.790819733000035],[75.85474671500003,26.790742976000047],[75.85313080500003,26.78974499000003],[75.85270541300008,26.789674922000074],[75.85181510200005,26.79101484100005],[75.85129051400008,26.79120864500004],[75.85077807200008,26.79167473600006],[75.85034770600004,26.795009182000058],[75.84997060600006,26.795991938000043],[75.84950851600007,26.79643048500003],[75.84904452800004,26.796614841000064],[75.84749636100008,26.796569643000055],[75.84677569200005,26.796247123000057],[75.84505632400004,26.794940990000043],[75.84332706100008,26.792291254000077],[75.84273793400007,26.791967930000055],[75.83998680000008,26.792029667000065],[75.83889637200008,26.792317568000044],[75.83831239600005,26.79269325100006],[75.83786185400004,26.79333142300004],[75.83708701200004,26.795269759000064],[75.83601977200004,26.795966041000042],[75.83498486300005,26.796934486000055],[75.83450940500006,26.796937288000038],[75.83335112100008,26.79625413100007],[75.82854171000008,26.794303201000048],[75.82426517200008,26.793275031000064],[75.82120295200008,26.791592442000024],[75.81931303500005,26.79460136700004],[75.82330049400008,26.793888263000042],[75.82430253500007,26.79442715500005],[75.82484713000008,26.79512606700007],[75.82463841000003,26.796107779000067],[75.82502457200007,26.79727970600004],[75.82624186700008,26.799596747000066],[75.82683328500008,26.80116693000008],[75.82519290500005,26.80330562100005],[75.82479526300006,26.804279355000062],[75.82255750300004,26.81243593100004],[75.82478528300004,26.82107491900007],[75.82112734000003,26.824582390000046],[75.82339790600008,26.82652110300006],[75.82227139100007,26.82886994200004],[75.82169012100007,26.829654081000058],[75.82133644000004,26.831126874000063],[75.82388995800005,26.834389412000064],[75.82759578400004,26.836047326000028],[75.83029058700004,26.836440074000052],[75.83175528700008,26.836068325000042],[75.83367176800004,26.835203655000043],[75.83402601900008,26.835210646000064],[75.83443345900008,26.835672740000064]]]}},{"type":"Feature","properties":{"ward_id":"35","name":"Ward 35 BAGRU ANSIK"},"geometry":{"type":"Polygon","coordinates":[[[75.81413931300006,26.84262048200003],[75.81645535600006,26.843059836000066],[75.82423696200004,26.84987813200007],[75.82476824900004,26.850565010000025],[75.82494894400008,26.85129024300005],[75.82478264000008,26.852550112000074],[75.82286010600006,26.863354253000068],[75.82206723100006,26.86989544900007],[75.82142204800004,26.871669523000037],[75.82448566000005,26.872550464000028],[75.82491727900003,26.87343764600007],[75.82346648800007,26.87719555800004],[75.83090608600008,26.881164734000038],[75.83238864600008,26.882231818000037],[75.83357001500008,26.881341208000038],[75.83835358500005,26.878359354000054],[75.84126087500005,26.877228442000046],[75.84561531300005,26.876488274000053],[75.84882755900003,26.876444806000052],[75.85324408100007,26.87679345600003],[75.85515070400004,26.877241911000056],[75.86073391700006,26.88013735000004],[75.86217296800004,26.881217999000057],[75.86471479900007,26.883526565000068],[75.86717703400006,26.886005038000064],[75.86861475300003,26.888659231000076],[75.86959875400004,26.891228179000052],[75.86852749300004,26.884436403000052],[75.86759416200005,26.88286247800005],[75.86681286000004,26.87998030800003],[75.86694607000004,26.878862834000074],[75.86591083800005,26.87586419300004],[75.86620581300008,26.874718493000046],[75.86611459200003,26.873375431000056],[75.85949522000004,26.866852064000057],[75.85672293900006,26.86568868300003],[75.85563386300004,26.863552742000024],[75.85476644100004,26.859926570000027],[75.85491787600006,26.855561231000024],[75.85592553400005,26.854035895000038],[75.85562689800008,26.847973223000054],[75.85185378500006,26.842839371000025],[75.85169695300004,26.840815794000036],[75.84992258300008,26.839019828000062],[75.84979168000007,26.836396903000036],[75.83903256800005,26.836197845000072],[75.83488624700004,26.836594599000023],[75.83473431900006,26.83657733700005],[75.83436189300005,26.83547194500005],[75.83402601900008,26.835210646000064],[75.83367176800004,26.835203655000043],[75.83077613200004,26.83640998800007],[75.82759578400004,26.836047326000028],[75.82388995800005,26.834389412000064],[75.82133335300006,26.831084459000067],[75.82113555800004,26.83185392300004],[75.82015089700008,26.833772200000055],[75.81980071600003,26.835735213000078],[75.81909142900008,26.836550346000024],[75.81899114800007,26.837616153000056],[75.81721771000008,26.838691635000032],[75.81730379500004,26.83940532300005],[75.81413931300006,26.84262048200003]]]}},{"type":"Feature","properties":{"ward_id":"48","name":"Ward 48 ADARSH NAGAR"},"geometry":{"type":"Polygon","coordinates":[[[75.86966539800005,26.891617289000067],[75.86861475300003,26.888659231000076],[75.86717703400006,26.886005038000064],[75.86471479900007,26.883526565000068],[75.86217296800004,26.881217999000057],[75.86073391700006,26.88013735000004],[75.85515070400004,26.877241911000056],[75.85324408100007,26.87679345600003],[75.84882755900003,26.876444806000052],[75.84561531300005,26.876488274000053],[75.84126087500005,26.877228442000046],[75.83835358500005,26.878359354000054],[75.83237501600007,26.882221979000064],[75.84285879000004,26.893503590000023],[75.84311743500007,26.894246487000032],[75.84314956700007,26.90164188400007],[75.84578652400006,26.90084990200006],[75.84642307300004,26.901683582000032],[75.84701852500007,26.90141887900006],[75.84807960300003,26.901283395000064],[75.84919625200007,26.90135738300006],[75.85013458500003,26.901658390000023],[75.85047913800008,26.901995245000023],[75.85250244300005,26.90054662600005],[75.85368028700003,26.899183789000062],[75.85475739200007,26.898789925000074],[75.85774421800005,26.898610422000047],[75.85884028000004,26.89834552800005],[75.85991039100008,26.897031715000026],[75.86014955500008,26.89533560500007],[75.86064755300004,26.89454173400003],[75.86433107700003,26.893679986000052],[75.86942907300005,26.891841073000023],[75.86966539800005,26.891617289000067]]]}},{"type":"Feature","properties":{"ward_id":"37","name":"Ward 37 MALVIYA NAGAR"},"geometry":{"type":"Polygon","coordinates":[[[75.81722281200007,26.843724010000074],[75.81645535600006,26.843059836000066],[75.81576578800008,26.842870136000045],[75.80349782800005,26.84107015400008],[75.80328491900008,26.839582466000024],[75.80294280300006,26.838906536000025],[75.80177760700008,26.83823527100003],[75.80042811500005,26.83821870500003],[75.79887784000005,26.838433251000026],[75.79810371900004,26.839648107000073],[75.79644394800005,26.83964535700005],[75.79332764300005,26.83930484800004],[75.79317361800008,26.844313147000037],[75.79325155300006,26.846782103000066],[75.79354342600004,26.850353952000034],[75.79380693800005,26.85142243000007],[75.80287248100007,26.84951921000004],[75.80453496600006,26.855610601000024],[75.80515022500003,26.858994392000056],[75.81509104700007,26.84603932300007],[75.81722281200007,26.843724010000074]]]}},{"type":"Feature","properties":{"ward_id":"40","name":"Ward 40 MALVIYA NAGAR"},"geometry":{"type":"Polygon","coordinates":[[[75.80515022500003,26.858994392000056],[75.80453496600006,26.855610601000024],[75.80287248100007,26.84951921000004],[75.79380693800005,26.85142243000007],[75.79354342600004,26.850353952000034],[75.78996568700006,26.851657574000058],[75.78687238800006,26.85221954000008],[75.78729846900006,26.855285751000054],[75.78802181000003,26.85596262100006],[75.78849132200008,26.859446202000072],[75.78761594200006,26.861666270000057],[75.78795892700003,26.868800166000028],[75.78823615000005,26.87157445200006],[75.79025666900003,26.87117376200007],[75.79066230300003,26.874185596000075],[75.79585508300005,26.874101979000045],[75.79588113000005,26.87348448700004],[75.79706476400008,26.87336887200007],[75.79782649400005,26.876605639000047],[75.79799884600004,26.876640979000058],[75.79848045800003,26.873142995000023],[75.80128218100003,26.864175627000066],[75.80288494000007,26.861787934000063],[75.80515022500003,26.858994392000056]]]}},{"type":"Feature","properties":{"ward_id":"38","name":"Ward 38 MALVIYA NAGAR"},"geometry":{"type":"Polygon","coordinates":[[[75.82423312500003,26.855497635000063],[75.82494894400008,26.85129024300005],[75.82476824900004,26.850565010000025],[75.82423696200004,26.84987813200007],[75.81722281200007,26.843724010000074],[75.81509104700007,26.84603932300007],[75.80512927200004,26.859018046000074],[75.80586988900006,26.860022868000044],[75.80598643300004,26.86123268600005],[75.81023863700005,26.85945318200004],[75.81375243800005,26.858234625000023],[75.82423312500003,26.855497635000063]]]}},{"type":"Feature","properties":{"ward_id":"39","name":"Ward 39 MALVIYA NAGAR"},"geometry":{"type":"Polygon","coordinates":[[[75.82039081600004,26.875381055000048],[75.82206723100006,26.86989544900007],[75.82286010600006,26.863354253000068],[75.82423312500003,26.855497635000063],[75.81375243800005,26.858234625000023],[75.81023863700005,26.85945318200004],[75.80598643300004,26.86123268600005],[75.80586988900006,26.860022868000044],[75.80512927200004,26.859018046000074],[75.80288494000007,26.861787934000063],[75.80128218100003,26.864175627000066],[75.79878623400003,26.871997363000048],[75.79848045800003,26.873142995000023],[75.79799884600004,26.876640979000058],[75.79784430000007,26.876644965000025],[75.79854149000005,26.87789387400005],[75.80955199500005,26.87587933100008],[75.81200452100006,26.884744116000036],[75.81762510700008,26.883549646000063],[75.81814972000006,26.883292409000035],[75.82003571900003,26.875274173000037],[75.82039081600004,26.875381055000048]]]}},{"type":"Feature","properties":{"ward_id":"41","name":"Ward 41 MALVIYA NAGAR"},"geometry":{"type":"Polygon","coordinates":[[[75.79857467900007,26.877889047000053],[75.79782649400005,26.876605639000047],[75.79706476400008,26.87336887200007],[75.79588113000005,26.87348448700004],[75.79585508300005,26.874101979000045],[75.79066230300003,26.874185596000075],[75.79025666900003,26.87117376200007],[75.78823615000005,26.87157445200006],[75.78884847600006,26.878610937000076],[75.78924746400008,26.887342389000025],[75.79046852300007,26.887293311000064],[75.79207699700004,26.889398619000076],[75.79289420600008,26.889178688000072],[75.79321125300004,26.889245428000038],[75.79399793100004,26.89090505400003],[75.79605688500004,26.88456416100007],[75.79767103100005,26.87891687900003],[75.79857467900007,26.877889047000053]]]}},{"type":"Feature","properties":{"ward_id":"42","name":"Ward 42 MALVIYA NAGAR"},"geometry":{"type":"Polygon","coordinates":[[[75.78947561900003,26.889927847000024],[75.78884847600006,26.878610937000076],[75.78853737300005,26.875464213000043],[75.78375422700003,26.875614358000064],[75.78301660500006,26.87581817800003],[75.78291774800005,26.87616371300004],[75.78014025100003,26.877114171000073],[75.78032814500006,26.87793928900004],[75.77669262100005,26.879266641000072],[75.77659306100009,26.879512310000052],[75.77674099600006,26.880419360000076],[75.77769387300003,26.88207550800007],[75.77463590700006,26.882868407000046],[75.77533343700003,26.883487674000037],[75.77535352900003,26.883794219000038],[75.77467696700006,26.884879296000065],[75.77451235800004,26.88621194500007],[75.77537987000005,26.885586395000075],[75.77623332300004,26.884678717000043],[75.77745803000005,26.88418745200005],[75.77794938800008,26.884206772000027],[75.77860709600003,26.88460692600006],[75.77868379600005,26.885046987000067],[75.77822066600004,26.88556343600004],[75.77827139800007,26.885798081000075],[75.77854322500008,26.886038849000045],[75.77919873200005,26.886115991000054],[75.77999528200007,26.886463982000066],[75.78029480200007,26.887159761000078],[75.78101196600005,26.887867913000036],[75.78130234900004,26.88842425200005],[75.78120758700004,26.888931332000027],[75.78038847300007,26.888877127000057],[75.78025100600007,26.889127494000036],[75.78045795500003,26.889456713000072],[75.78139952700008,26.88945885100003],[75.78181868900003,26.889691456000037],[75.78184577700006,26.89005837600007],[75.78217629700003,26.890497029000073],[75.78226449000005,26.891414213000076],[75.78214628100005,26.89208293400003],[75.78240464000004,26.892742227000042],[75.78367756600005,26.892111154000077],[75.78369392200005,26.890921759000037],[75.78407401100003,26.890236902000026],[75.78459804200008,26.890241333000063],[75.78545199800004,26.89059631600003],[75.78849460400005,26.891320846000042],[75.78947561900003,26.889927847000024]]]}},{"type":"Feature","properties":{"ward_id":"43","name":"Ward 43 MALVIYA NAGAR"},"geometry":{"type":"Polygon","coordinates":[[[75.77482597300008,26.890589684000076],[75.77552407800005,26.891474250000044],[75.78313971000006,26.89433058700007],[75.78303549300006,26.894879917000026],[75.78482083800003,26.895354201000032],[75.78473213300003,26.898146867000037],[75.78320535900008,26.901631456000075],[75.78454393800007,26.901883362000035],[75.78611584400005,26.90271388700006],[75.78692668200006,26.902822349000076],[75.79156975900008,26.90261886500008],[75.79286134300008,26.902431230000047],[75.79269995000004,26.900954290000072],[75.79328476000006,26.896759089000057],[75.79345238400003,26.892624957000066],[75.79402901000003,26.890909184000066],[75.79321125300004,26.889245428000038],[75.79289420600008,26.889178688000072],[75.79207699700004,26.889398619000076],[75.79046852300007,26.887293311000064],[75.78924746400008,26.887342389000025],[75.78947561900003,26.889927847000024],[75.78849460400005,26.891320846000042],[75.78545199800004,26.89059631600003],[75.78459804200008,26.890241333000063],[75.78407401100003,26.890236902000026],[75.78369392200005,26.890921759000037],[75.78367756600005,26.892111154000077],[75.78240464000004,26.892742227000042],[75.78214628100005,26.89208293400003],[75.78226449000005,26.891414213000076],[75.78217629700003,26.890497029000073],[75.78184577700006,26.89005837600007],[75.78181868900003,26.889691456000037],[75.78139952700008,26.88945885100003],[75.78045795500003,26.889456713000072],[75.78025100600007,26.889127494000036],[75.78038847300007,26.888877127000057],[75.78120758700004,26.888931332000027],[75.78130234900004,26.88842425200005],[75.78111970900005,26.888058193000063],[75.78046020600004,26.887401113000067],[75.77999528200007,26.886463982000066],[75.77919873200005,26.886115991000054],[75.77854322500008,26.886038849000045],[75.77827139800007,26.885798081000075],[75.77822066600004,26.88556343600004],[75.77868379600005,26.885046987000067],[75.77860709600003,26.88460692600006],[75.77761332800003,26.88414989000006],[75.77623332300004,26.884678717000043],[75.77537987000005,26.885586395000075],[75.77451235800004,26.88621194500007],[75.77463331600006,26.886396674000025],[75.77508361500009,26.88644262400004],[75.77514102400005,26.886942642000065],[75.77491078300005,26.887492658000042],[75.77496654200007,26.887750588000074],[75.77480631300006,26.88800970400007],[75.77444732400005,26.888156929000047],[75.77486427300005,26.888590418000035],[75.77444197900007,26.89001303200007],[75.77426253700008,26.890094715000032],[75.77429974600005,26.890272049000032],[75.77482597300008,26.890589684000076]]]}},{"type":"Feature","properties":{"ward_id":"47","name":"Ward 47 ADARSH NAGAR"},"geometry":{"type":"Polygon","coordinates":[[[75.84641879200007,26.901677349000067],[75.84578652400006,26.90084990200006],[75.84314956700007,26.90164188400007],[75.84311743500007,26.894246487000032],[75.84285879000004,26.893503590000023],[75.83239207900004,26.88226236400004],[75.82686266000007,26.88717015700007],[75.83604226000006,26.89630013200008],[75.83500869500006,26.897110749000035],[75.83791818900005,26.900036073000024],[75.83922051900004,26.89898424300003],[75.83991015100008,26.899724063000065],[75.83640835500006,26.902563909000037],[75.84056120600007,26.90680251300006],[75.84152268800005,26.906158093000045],[75.84378460900007,26.90420649200007],[75.84532717100006,26.902428014000066],[75.84641879200007,26.901677349000067]]]}},{"type":"Feature","properties":{"ward_id":"45","name":"Ward 45 MALVIYA NAGAR"},"geometry":{"type":"Polygon","coordinates":[[[75.81375348600005,26.892098546000057],[75.81200173800005,26.88473440000007],[75.80955199500005,26.87587933100008],[75.79857467900007,26.877889047000053],[75.79767103100005,26.87891687900003],[75.79402901000003,26.890909184000066],[75.79554859400008,26.890974638000046],[75.80240311300008,26.88771545900005],[75.80358372400008,26.88949025200003],[75.80778863600005,26.89438008600007],[75.80847770600008,26.89456212500005],[75.81375348600005,26.892098546000057]]]}},{"type":"Feature","properties":{"ward_id":"46","name":"Ward 46 MALVIYA NAGAR"},"geometry":{"type":"Polygon","coordinates":[[[75.82215410200007,26.898375842000064],[75.82702006900007,26.89641931700004],[75.82848510600007,26.896337318000064],[75.82923086900007,26.89642838000003],[75.83036493800006,26.89699434000005],[75.83253307800004,26.899000442000045],[75.83604226000006,26.89630013200008],[75.82686266000007,26.88717015700007],[75.83237501600007,26.882221979000064],[75.83090608600008,26.881164734000038],[75.82346648800007,26.87719555800004],[75.82491727900003,26.87343764600007],[75.82448566000005,26.872550464000028],[75.82148564900007,26.871687276000046],[75.82039081600004,26.875381055000048],[75.82003571900003,26.875274173000037],[75.81814972000006,26.883292409000035],[75.81762510700008,26.883549646000063],[75.81198858900007,26.884782882000025],[75.81375348600005,26.892098546000057],[75.81465748900007,26.89466365800007],[75.81565914500004,26.894285916000058],[75.81641604800006,26.894790544000045],[75.81738424800005,26.89583231000006],[75.81853920200007,26.898546811000074],[75.81919029500006,26.899512092000066],[75.82210706600006,26.898252012000057],[75.82215410200007,26.898375842000064]]]}},{"type":"Feature","properties":{"ward_id":"44","name":"Ward 44 MALVIYA NAGAR"},"geometry":{"type":"Polygon","coordinates":[[[75.82441576700006,26.915784608000024],[75.82426328200006,26.915044549000072],[75.82466920100006,26.914807256000074],[75.82408977800003,26.913205339000058],[75.82328026900007,26.909986407000076],[75.82359949000005,26.90984098200005],[75.82120919500005,26.903420639000046],[75.82369986000003,26.902608376000046],[75.82205404100006,26.898467667000034],[75.82210706600006,26.898252012000057],[75.81919029500006,26.899512092000066],[75.81853920200007,26.898546811000074],[75.81738424800005,26.89583231000006],[75.81641604800006,26.894790544000045],[75.81565914500004,26.894285916000058],[75.81465748900007,26.89466365800007],[75.81375348600005,26.892098546000057],[75.80847770600008,26.89456212500005],[75.80778863600005,26.89438008600007],[75.80358372400008,26.88949025200003],[75.80240311300008,26.88771545900005],[75.79554859400008,26.890974638000046],[75.79402901000003,26.890909184000066],[75.79345238400003,26.892624957000066],[75.79328476000006,26.896759089000057],[75.79269995000004,26.900954290000072],[75.79286134300008,26.902431230000047],[75.80047158800005,26.898775863000026],[75.80096045000005,26.899176585000077],[75.80428480600006,26.90596863600007],[75.80978130000005,26.916127301000074],[75.81207921700008,26.916699668000035],[75.81593887200006,26.916861254000025],[75.81620808300005,26.917329512000038],[75.81604339100005,26.91736521300004],[75.81644831700004,26.91749138700004],[75.81856988900006,26.916930948000072],[75.82441576700006,26.915784608000024]]]}},{"type":"Feature","properties":{"ward_id":"49","name":"Ward 49 ADARSH NAGAR"},"geometry":{"type":"Polygon","coordinates":[[[75.84127821800007,26.906321947000038],[75.84220608800007,26.907343355000023],[75.84251614000004,26.908295874000032],[75.84185843600005,26.909048609000024],[75.84163460400003,26.909784074000072],[75.84240391100008,26.911930486000074],[75.83890459600008,26.912685451000073],[75.83833019300005,26.912527355000066],[75.83762087400004,26.91299671400003],[75.83788420500008,26.913507034000077],[75.84366023200005,26.91203374400004],[75.84360396800008,26.911808947000054],[75.84422550200003,26.91169756000005],[75.84437966800004,26.91187282900006],[75.84482716800005,26.911850576000063],[75.84488910600004,26.911370574000046],[75.84449364900007,26.911049923000064],[75.84449204700007,26.910834588000057],[75.84480684900007,26.91058799500007],[75.84472787200008,26.910245873000065],[75.84603519000007,26.90985629900007],[75.84585386400005,26.908966642000053],[75.84635521100006,26.908846176000054],[75.84842292800005,26.91816209900003],[75.85255797900004,26.917716287000076],[75.85413172800008,26.91772708800005],[75.85502948600003,26.917304224000077],[75.85602040600008,26.917098492000036],[75.86169773800003,26.91656463700008],[75.86500195600007,26.916925726000045],[75.86644577800007,26.91767946300007],[75.86825743600008,26.91753215500006],[75.86902484600006,26.917236923000075],[75.87115106800007,26.91585297100005],[75.87274493100006,26.91504422400004],[75.87377693100007,26.914919820000023],[75.87492452000004,26.91533940100004],[75.87650167300006,26.914993714000047],[75.87757206700007,26.914596692000032],[75.87954658700005,26.913258951000046],[75.88107623500008,26.91332204200006],[75.88338144600004,26.912844637000035],[75.88511290700006,26.91281563600006],[75.88592995000005,26.912401982000063],[75.88690631100008,26.91164234200005],[75.88788642200007,26.911363829000038],[75.89035593000006,26.911184865000052],[75.89198888300007,26.911510461000034],[75.89277494200007,26.911024336000025],[75.89443613000003,26.911077372000022],[75.89522195900008,26.910563999000033],[75.89567326300005,26.910007353000026],[75.89695204300006,26.906522197000072],[75.89715176800007,26.90488681100004],[75.89690582500003,26.903236098000036],[75.89710524900005,26.90284445800006],[75.89816360500004,26.90222947600006],[75.89975148500008,26.90199240800007],[75.90273044100007,26.900965692000057],[75.90425703500006,26.900665416000038],[75.90473024300007,26.90032648400006],[75.90523685500006,26.899097651000034],[75.90670972200007,26.897145419000026],[75.90808237800007,26.89279711100005],[75.90816674800004,26.89195227500005],[75.90783540300004,26.889766502000043],[75.90825884000003,26.888274916000057],[75.90363042900003,26.885544749000076],[75.90322078400004,26.88495726900004],[75.90228428000006,26.882496985000046],[75.89552026100006,26.884612880000077],[75.87603955500003,26.88966462700006],[75.87103902800004,26.89112994900006],[75.86433107700003,26.893679986000052],[75.86064755300004,26.89454173400003],[75.86014955500008,26.89533560500007],[75.85991039100008,26.897031715000026],[75.85884028000004,26.89834552800005],[75.85774421800005,26.898610422000047],[75.85475739200007,26.898789925000074],[75.85368028700003,26.899183789000062],[75.85250244300005,26.90054662600005],[75.85047913800008,26.901995245000023],[75.85013458500003,26.901658390000023],[75.84919625200007,26.90135738300006],[75.84807960300003,26.901283395000064],[75.84661221300007,26.90158712300007],[75.84532717100006,26.902428014000066],[75.84428877600004,26.903733636000027],[75.84127821800007,26.906321947000038]]]}},{"type":"Feature","properties":{"ward_id":"50","name":"Ward 50 ADARSH NAGAR"},"geometry":{"type":"Polygon","coordinates":[[[75.84047837400004,26.906697260000044],[75.83640835500006,26.902563909000037],[75.83991015100008,26.899724063000065],[75.83922051900004,26.89898424300003],[75.83791818900005,26.900036073000024],[75.83500869500006,26.897110749000035],[75.83253307800004,26.899000442000045],[75.83036493800006,26.89699434000005],[75.82923086900007,26.89642838000003],[75.82848510600007,26.896337318000064],[75.82702006900007,26.89641931700004],[75.82205404100006,26.898467667000034],[75.82369986000003,26.902608376000046],[75.82120919500005,26.903420639000046],[75.82318320200005,26.90856855900006],[75.82946790700004,26.906726751000065],[75.82997171900007,26.907937555000046],[75.83184509200004,26.90731312400004],[75.83281974400006,26.907216021000067],[75.83388752500008,26.91186900400004],[75.83416613500003,26.912141434000034],[75.83631090500006,26.91018697000004],[75.83722776200005,26.909036293000042],[75.84047837400004,26.906697260000044]]]}},{"type":"Feature","properties":{"ward_id":"52","name":"Ward 52 ADARSH NAGAR"},"geometry":{"type":"Polygon","coordinates":[[[75.83774290600007,26.913214095000058],[75.83756310500007,26.912950256000045],[75.83372501000008,26.913674066000056],[75.83342159400007,26.913617127000066],[75.82536732400007,26.915272189000063],[75.82540356000004,26.91499994000003],[75.82691442700008,26.914556059000063],[75.82637627100007,26.912627628000052],[75.82414322600005,26.913304296000035],[75.82466920100006,26.914807256000074],[75.82426328200006,26.915044549000072],[75.82477102200005,26.91655992500006],[75.82676578900004,26.916088202000026],[75.82739186700007,26.91809115800004],[75.83134908800008,26.917206530000044],[75.83157585700008,26.91835043800006],[75.83187066500005,26.91834870100007],[75.83362593700008,26.917976176000025],[75.83268296600005,26.91446770400006],[75.83774290600007,26.913214095000058]]]}},{"type":"Feature","properties":{"ward_id":"51","name":"Ward 51 ADARSH NAGAR"},"geometry":{"type":"Polygon","coordinates":[[[75.83762087400004,26.91299671400003],[75.83833019300005,26.912527355000066],[75.83890459600008,26.912685451000073],[75.84240391100008,26.911930486000074],[75.84163460400003,26.909784074000072],[75.84185843600005,26.909048609000024],[75.84251614000004,26.908295874000032],[75.84220608800007,26.907343355000023],[75.84127821800007,26.906321947000038],[75.83925528400005,26.907482584000036],[75.83722776200005,26.909036293000042],[75.83631090500006,26.91018697000004],[75.83416613500003,26.912141434000034],[75.83388752500008,26.91186900400004],[75.83281974400006,26.907216021000067],[75.83184509200004,26.90731312400004],[75.82997171900007,26.907937555000046],[75.82946790700004,26.906726751000065],[75.82318320200005,26.90856855900006],[75.82359949000005,26.90984098200005],[75.82328026900007,26.909986407000076],[75.82414322600005,26.913304296000035],[75.82637627100007,26.912627628000052],[75.82691442700008,26.914556059000063],[75.82540356000004,26.91499994000003],[75.82536732400007,26.915272189000063],[75.83342159400007,26.913617127000066],[75.83372501000008,26.913674066000056],[75.83762087400004,26.91299671400003]]]}},{"type":"Feature","properties":{"ward_id":"54","name":"Ward 54 ADARSH NAGAR"},"geometry":{"type":"Polygon","coordinates":[[[75.83395476000004,26.918985251000038],[75.83455328900004,26.92114728000007],[75.84409906500008,26.919008303000055],[75.84370451500007,26.91706473200003],[75.84291092500007,26.917114902000037],[75.84184080600005,26.91746201600006],[75.84195230700004,26.916552745000047],[75.84184617900007,26.91590978200003],[75.84172715000005,26.91580448800005],[75.84093474600007,26.916013647000057],[75.84071111100008,26.91546981500005],[75.84016055600006,26.915261084000065],[75.83942060900006,26.914568888000076],[75.83593770800007,26.915301294000074],[75.83571273600006,26.91571907100007],[75.83613785900008,26.917246041000055],[75.83595416600008,26.917534855000042],[75.83644296200004,26.918531426000072],[75.83395476000004,26.918985251000038]]]}},{"type":"Feature","properties":{"ward_id":"59","name":"Ward 59 KISHAN POLE"},"geometry":{"type":"Polygon","coordinates":[[[75.83450050600004,26.920951976000026],[75.83362248500003,26.91797690900006],[75.83157585700008,26.91835043800006],[75.83134908800008,26.917206530000044],[75.82739186700007,26.91809115800004],[75.82676578900004,26.916088202000026],[75.82477102200005,26.91655992500006],[75.82441576700006,26.915784608000024],[75.82182639100006,26.91628121800005],[75.82231041200004,26.918326728000068],[75.82355813700008,26.918001443000037],[75.82505831100008,26.923353465000048],[75.82600272600007,26.923128362000057],[75.82646811200004,26.923239213000045],[75.82681309500003,26.923055472000044],[75.82703844600007,26.922683137000035],[75.83450050600004,26.920951976000026]]]}},{"type":"Feature","properties":{"ward_id":"53","name":"Ward 53 ADARSH NAGAR"},"geometry":{"type":"Polygon","coordinates":[[[75.84364950600008,26.91705685000005],[75.84353611900008,26.916435027000034],[75.84364670500008,26.916161784000053],[75.84336149600006,26.915668804000063],[75.84346832900007,26.914890804000038],[75.84318582500003,26.914761249000037],[75.84307389800006,26.913338434000025],[75.84383837100006,26.913162242000055],[75.84363061100004,26.912041523000028],[75.83788420500008,26.913507034000077],[75.83778369900006,26.913204190000044],[75.83268296600005,26.91446770400006],[75.83395457000006,26.91898530700007],[75.83644296200004,26.918531426000072],[75.83595416600008,26.917534855000042],[75.83613785900008,26.917246041000055],[75.83571273600006,26.91571907100007],[75.83593770800007,26.915301294000074],[75.83942060900006,26.914568888000076],[75.84016055600006,26.915261084000065],[75.84071111100008,26.91546981500005],[75.84093474600007,26.916013647000057],[75.84172715000005,26.91580448800005],[75.84184617900007,26.91590978200003],[75.84195230700004,26.916552745000047],[75.84184080600005,26.91746201600006],[75.84291092500007,26.917114902000037],[75.84364950600008,26.91705685000005]]]}},{"type":"Feature","properties":{"ward_id":"74","name":"Ward 74 HAWA MAHAL"},"geometry":{"type":"Polygon","coordinates":[[[75.84554066700008,26.941673042000048],[75.84524404200005,26.940892917000042],[75.84489757800003,26.938579094000033],[75.84444756400006,26.938388133000046],[75.84259995100007,26.936167424000075],[75.84007215300005,26.935342038000044],[75.83921395200008,26.93495530900003],[75.83897059700007,26.934604673000024],[75.83838778000006,26.934533204000047],[75.83855540700006,26.935427497000035],[75.83605891700006,26.93597737700003],[75.83558975500006,26.934980692000067],[75.83318277100005,26.93544922600006],[75.83273549500007,26.934361541000044],[75.82814893300008,26.935280182000042],[75.82967883400005,26.941167028000052],[75.83087248800007,26.942654152000046],[75.83291321000007,26.94443913400005],[75.83465071200004,26.944812498000033],[75.83342109200004,26.941508414000054],[75.83629376000005,26.940017458000057],[75.83589618000008,26.939565513000048],[75.83680503200003,26.939085633000047],[75.83901318700003,26.942181959000038],[75.83970259200004,26.94552959200007],[75.84282300600006,26.945541270000035],[75.84185669700008,26.944355762000043],[75.84327019000006,26.943569961000037],[75.84379442200003,26.944384568000032],[75.84434380600004,26.944038032000037],[75.84397989600006,26.943575813000052],[75.84443939000005,26.943260100000032],[75.84361050600006,26.94237664800005],[75.84554066700008,26.941673042000048]]]}},{"type":"Feature","properties":{"ward_id":"56","name":"Ward 56 KISHAN POLE"},"geometry":{"type":"Polygon","coordinates":[[[75.83457147900003,26.921142407000048],[75.83641181900003,26.927686992000076],[75.83791316400004,26.927469118000033],[75.83965420600003,26.926832844000046],[75.84040511800004,26.926333690000035],[75.84053817100005,26.926050220000036],[75.84035640400003,26.92583929500006],[75.84039958200003,26.925586647000046],[75.84171404200004,26.925144704000047],[75.84220703100004,26.92479851300004],[75.84485138100007,26.92447984200004],[75.84502179700007,26.923166394000077],[75.84229639400007,26.92318268300005],[75.84233801000005,26.921203696000077],[75.84214078800005,26.920427510000025],[75.84292693300006,26.920130045000064],[75.84263530000004,26.91937121600006],[75.83457147900003,26.921142407000048]]]}},{"type":"Feature","properties":{"ward_id":"58","name":"Ward 58 KISHAN POLE"},"geometry":{"type":"Polygon","coordinates":[[[75.83139648200006,26.928972225000052],[75.83062259200005,26.925772531000064],[75.83110872000003,26.926022060000037],[75.83296537000007,26.925789011000063],[75.83179646300005,26.92163360400008],[75.82703844600007,26.922683137000035],[75.82681309500003,26.923055472000044],[75.82648170500005,26.923232408000047],[75.82827486700006,26.92967514000003],[75.83139648200006,26.928972225000052]]]}},{"type":"Feature","properties":{"ward_id":"57","name":"Ward 57 KISHAN POLE"},"geometry":{"type":"Polygon","coordinates":[[[75.83635055200006,26.927949615000045],[75.83641181900003,26.927686992000076],[75.83482077100007,26.92170029700003],[75.83450050600004,26.920951976000026],[75.83188673600006,26.92150374700003],[75.83179646300005,26.92163360400008],[75.83296537000007,26.925789011000063],[75.83110872000003,26.926022060000037],[75.83062259200005,26.925772531000064],[75.83139648200006,26.928972225000052],[75.83635055200006,26.927949615000045]]]}},{"type":"Feature","properties":{"ward_id":"72","name":"Ward 72 HAWA MAHAL"},"geometry":{"type":"Polygon","coordinates":[[[75.83855540700006,26.935427497000035],[75.83642905500005,26.92794443100007],[75.82827486700006,26.92967514000003],[75.82865518200003,26.93057265400006],[75.82962230300006,26.930365060000042],[75.83067635500004,26.934336530000053],[75.83062034400007,26.93472023100003],[75.83273549500007,26.934361541000044],[75.83318277100005,26.93544922600006],[75.83558975500006,26.934980692000067],[75.83605891700006,26.93597737700003],[75.83855540700006,26.935427497000035]]]}},{"type":"Feature","properties":{"ward_id":"60","name":"Ward 60 KISHAN POLE"},"geometry":{"type":"Polygon","coordinates":[[[75.82505158000004,26.923326940000038],[75.82355813700008,26.918001443000037],[75.82231041200004,26.918326728000068],[75.82182639100006,26.91628121800005],[75.81655146200006,26.91747315500004],[75.81851698800006,26.92458623600004],[75.82505158000004,26.923326940000038]]]}},{"type":"Feature","properties":{"ward_id":"62","name":"Ward 62 KISHAN POLE"},"geometry":{"type":"Polygon","coordinates":[[[75.81258493200005,26.925479024000026],[75.81185685100007,26.92275704700006],[75.81275921800005,26.922554989000048],[75.81162385900006,26.918398858000046],[75.80711311800007,26.91902274800003],[75.80741772000005,26.920198947000074],[75.80776033600006,26.920312738000064],[75.80896687600006,26.926089158000025],[75.81258493200005,26.925479024000026]]]}},{"type":"Feature","properties":{"ward_id":"61","name":"Ward 61 KISHAN POLE"},"geometry":{"type":"Polygon","coordinates":[[[75.81838938900006,26.924113857000066],[75.81655146200006,26.91747315500004],[75.81604339100005,26.91736521300004],[75.81162385900006,26.918398858000046],[75.81275921800005,26.922554989000048],[75.81185685100007,26.92275704700006],[75.81258493200005,26.925479024000026],[75.81838938900006,26.924113857000066]]]}},{"type":"Feature","properties":{"ward_id":"65","name":"Ward 65 KISHAN POLE"},"geometry":{"type":"Polygon","coordinates":[[[75.81353420900007,26.929364887000077],[75.80952416800005,26.93024060600004],[75.80961935700003,26.930805199000076],[75.80969706800005,26.931049872000074],[75.81014592000008,26.93114262100005],[75.81026167400006,26.93176707300006],[75.81170546900006,26.932462159000067],[75.81217802700007,26.93239129500006],[75.81215501800006,26.93271701200007],[75.81254896500008,26.93346434600005],[75.81359996500004,26.933950452000033],[75.81427613400007,26.933999554000025],[75.81591067200003,26.93457313500005],[75.81623156400008,26.934556136000026],[75.81681667100008,26.934863191000034],[75.81723451300007,26.934232319000046],[75.81761468200006,26.933064072000036],[75.81696381500007,26.93053383800003],[75.81397756300004,26.931111400000077],[75.81353420900007,26.929364887000077]]]}},{"type":"Feature","properties":{"ward_id":"64","name":"Ward 64 KISHAN POLE"},"geometry":{"type":"Polygon","coordinates":[[[75.81693288200006,26.93053999800003],[75.81654752800006,26.928772175000063],[75.81902209700007,26.92831362800007],[75.81810606300007,26.924674416000073],[75.81850838200006,26.924554373000035],[75.81838938900006,26.924113857000066],[75.81204458500008,26.925600837000047],[75.80879728100007,26.926189691000047],[75.80977145600008,26.930107279000026],[75.81353420900007,26.929364887000077],[75.81397756300004,26.931111400000077],[75.81693288200006,26.93053999800003]]]}},{"type":"Feature","properties":{"ward_id":"68","name":"Ward 68 HAWA MAHAL"},"geometry":{"type":"Polygon","coordinates":[[[75.80743117700007,26.94888511100004],[75.81055887700006,26.94623904200006],[75.80889554700008,26.94408879300005],[75.80854323700004,26.943332695000038],[75.80655005600005,26.94171712900004],[75.80704391800003,26.94099877700006],[75.80696588600006,26.940718122000078],[75.80569611300007,26.93924676300003],[75.80541124300004,26.93839089000005],[75.80435527200007,26.937800640000034],[75.80389341900008,26.937002562000032],[75.80268332800006,26.93655166600007],[75.80211685300003,26.93763651000006],[75.80098447600005,26.938002477000055],[75.80093439700005,26.938480279000032],[75.80124115000007,26.938887071000067],[75.80012737700008,26.941105351000033],[75.80204826100004,26.941959131000033],[75.80181641900003,26.94247792300007],[75.80294394400005,26.94292089700008],[75.80199055400004,26.944540027000073],[75.80136997500006,26.94428292400005],[75.80046278100008,26.945873789000075],[75.80743117700007,26.94888511100004]]]}},{"type":"Feature","properties":{"ward_id":"67","name":"Ward 67 HAWA MAHAL"},"geometry":{"type":"Polygon","coordinates":[[[75.81657076900007,26.934735895000074],[75.81310005000006,26.933741325000028],[75.81254896500008,26.93346434600005],[75.81215501800006,26.93271701200007],[75.81217802700007,26.93239129500006],[75.81170546900006,26.932462159000067],[75.81026167400006,26.93176707300006],[75.80993146900005,26.931960919000062],[75.81000645000006,26.932886498000073],[75.80760198200005,26.93339732800007],[75.80784387000006,26.934294717000057],[75.80511218600003,26.934732480000037],[75.80370376800005,26.934304740000073],[75.80268332800006,26.93655166600007],[75.80389341900008,26.937002562000032],[75.80435527200007,26.937800640000034],[75.80541124300004,26.93839089000005],[75.80569611300007,26.93924676300003],[75.80696588600006,26.940718122000078],[75.80704391800003,26.94099877700006],[75.80655005600005,26.94171712900004],[75.80854323700004,26.943332695000038],[75.80889554700008,26.94408879300005],[75.81055887700006,26.94623904200006],[75.81128874100006,26.94602926400006],[75.81673688600006,26.945861536000052],[75.81552508900006,26.942126227000074],[75.81684863200007,26.93499169200004],[75.81657076900007,26.934735895000074]]]}},{"type":"Feature","properties":{"ward_id":"69","name":"Ward 69 HAWA MAHAL"},"geometry":{"type":"Polygon","coordinates":[[[75.80193173700007,26.96498073300006],[75.80488588300005,26.964601326000036],[75.80835540900006,26.964540061000037],[75.80932626900005,26.964292399000044],[75.81250160100006,26.962518965000072],[75.81613914800005,26.961166450000064],[75.81783457000006,26.96024878000003],[75.81910394900007,26.95926055900003],[75.82059413300004,26.957644118000076],[75.81667824500005,26.94586236200007],[75.81088972300006,26.946054273000072],[75.80743117700007,26.94888511100004],[75.80422006000003,26.947484076000023],[75.80180511500004,26.952332083000044],[75.79770615300004,26.950805925000054],[75.79578773400004,26.954593422000073],[75.79327157600005,26.954992615000037],[75.79367798600003,26.95717334300008],[75.79491391100004,26.957166382000025],[75.79634397400008,26.957394356000066],[75.79706624600004,26.957816966000053],[75.79818860600005,26.958945431000075],[75.79845853300003,26.959869910000066],[75.79841325600006,26.960632760000067],[75.79819357800005,26.96108792900003],[75.79688550900005,26.962366317000033],[75.79838518200006,26.96494627900006],[75.80193173700007,26.96498073300006]]]}},{"type":"Feature","properties":{"ward_id":"70","name":"Ward 70 HAWA MAHAL"},"geometry":{"type":"Polygon","coordinates":[[[75.82387334600008,26.935025689000042],[75.82076060400004,26.93378748400005],[75.82037782300006,26.93346665000007],[75.81898552300004,26.928318859000058],[75.81654752800006,26.928772175000063],[75.81761468200006,26.933064072000036],[75.81750084200007,26.933678040000075],[75.81680025500003,26.934854693000034],[75.81552508900006,26.942126227000074],[75.82059413300004,26.957644118000076],[75.82282121300005,26.95531021100004],[75.82400026500005,26.954452220000064],[75.82586283500007,26.953556175000074],[75.82741480500005,26.953135995000025],[75.82699521000006,26.951525093000043],[75.82458109600003,26.944876132000047],[75.82502560900008,26.94326833200006],[75.82510011200003,26.941897418000053],[75.82448176000008,26.941673881000042],[75.82447643000006,26.940855188000057],[75.82543486300005,26.940472680000028],[75.82409556200008,26.935293608000052],[75.82387334600008,26.935025689000042]]]}},{"type":"Feature","properties":{"ward_id":"71","name":"Ward 71 HAWA MAHAL"},"geometry":{"type":"Polygon","coordinates":[[[75.83017108400009,26.94318828200005],[75.82814893300008,26.935280182000042],[75.83071273400003,26.93468966200004],[75.83067635500004,26.934336530000053],[75.82962230300006,26.930365060000042],[75.82865518200003,26.93057265400006],[75.82825405400007,26.929626021000047],[75.82648170500005,26.923232408000047],[75.82600272600007,26.923128362000057],[75.81810606300007,26.924674416000073],[75.82037782300006,26.93346665000007],[75.82076060400004,26.93378748400005],[75.82387334600008,26.935025689000042],[75.82409556200008,26.935293608000052],[75.82543486300005,26.940472680000028],[75.82447643000006,26.940855188000057],[75.82448176000008,26.941673881000042],[75.82510011200003,26.941897418000053],[75.82502560900008,26.94326833200006],[75.82458109600003,26.944876132000047],[75.82699521000006,26.951525093000043],[75.82741480500005,26.953135995000025],[75.82829028000003,26.953024468000024],[75.82949139100003,26.95311273300007],[75.82994849200009,26.953280266000036],[75.83072796500005,26.95396028400006],[75.83017108400009,26.94318828200005]]]}},{"type":"Feature","properties":{"ward_id":"73","name":"Ward 73 HAWA MAHAL"},"geometry":{"type":"Polygon","coordinates":[[[75.83838778000006,26.934533204000047],[75.83897059700007,26.934604673000024],[75.83921395200008,26.93495530900003],[75.84007215300005,26.935342038000044],[75.84259995100007,26.936167424000075],[75.84444756400006,26.938388133000046],[75.84489757800003,26.938579094000033],[75.84477796900006,26.937301682000054],[75.84485618700006,26.935706112000048],[75.84528875300003,26.934805013000073],[75.84416690100005,26.92936011100005],[75.84427756100007,26.927582624000024],[75.84124729200005,26.927509858000064],[75.84039299400007,26.927737051000065],[75.83984434800004,26.928174427000044],[75.83977081900008,26.92889165300005],[75.83925841900003,26.929661967000072],[75.83713896200004,26.927867441000046],[75.83642905500005,26.92794443100007],[75.83838778000006,26.934533204000047]]]}},{"type":"Feature","properties":{"ward_id":"75","name":"Ward 75 HAWA MAHAL"},"geometry":{"type":"Polygon","coordinates":[[[75.84426174900005,26.960307193000062],[75.84414600700006,26.95961494000005],[75.84176514000006,26.954567931000042],[75.84020409300007,26.94931856900007],[75.83937659600008,26.945751905000066],[75.83969366400004,26.94548793200005],[75.83901318700003,26.942181959000038],[75.83680503200003,26.939085633000047],[75.83589618000008,26.939565513000048],[75.83629376000005,26.940017458000057],[75.83342109200004,26.941508414000054],[75.83465071200004,26.944812498000033],[75.83291321000007,26.94443913400005],[75.83087248800007,26.942654152000046],[75.82956992800007,26.940861736000045],[75.83017108400009,26.94318828200005],[75.83072796500005,26.95396028400006],[75.83134664100004,26.955369157000064],[75.83317773200008,26.961561207000045],[75.83332672600005,26.963221684000075],[75.83918969800004,26.96382694400006],[75.84248323600008,26.96223446500005],[75.84279313400003,26.960993406000057],[75.84426174900005,26.960307193000062]]]}},{"type":"Feature","properties":{"ward_id":"55","name":"Ward 55 ADARSH NAGAR"},"geometry":{"type":"Polygon","coordinates":[[[75.85993448800008,26.946892983000055],[75.86083043200006,26.945058114000062],[75.86141410500005,26.94188617800006],[75.86020076600005,26.93550235500004],[75.85726266700004,26.93406768400007],[75.85217044800004,26.934407194000073],[75.85253270300007,26.93274364800004],[75.85183256200008,26.927182775000063],[75.85234664900008,26.925509232000024],[75.85173876000005,26.92413297400003],[75.85216479100006,26.92152488000005],[75.85314476000008,26.919857600000057],[75.85355964600006,26.918466085000034],[75.85413172800008,26.91772708800005],[75.85255797900004,26.917716287000076],[75.84842292800005,26.91816209900003],[75.84635521100006,26.908846176000054],[75.84585386400005,26.908966642000053],[75.84603519000007,26.90985629900007],[75.84472787200008,26.910245873000065],[75.84480684900007,26.91058799500007],[75.84449204700007,26.910834588000057],[75.84452742300005,26.91118675900003],[75.84488910600004,26.911370574000046],[75.84492462900005,26.91174232000003],[75.84465313200008,26.911939713000038],[75.84422550200003,26.91169756000005],[75.84360396800008,26.911808947000054],[75.84383837100006,26.913162242000055],[75.84307389800006,26.913338434000025],[75.84318582500003,26.914761249000037],[75.84346832900007,26.914890804000038],[75.84336149600006,26.915668804000063],[75.84364670500008,26.916161784000053],[75.84353611900008,26.916435027000034],[75.84409906500008,26.919008303000055],[75.84263530000004,26.91937121600006],[75.84292693300006,26.920130045000064],[75.84214078800005,26.920427510000025],[75.84233801000005,26.921203696000077],[75.84229639400007,26.92318268300005],[75.84502179700007,26.923166394000077],[75.84485138100007,26.92447984200004],[75.84220703100004,26.92479851300004],[75.84171404200004,26.925144704000047],[75.84039958200003,26.925586647000046],[75.84035640400003,26.92583929500006],[75.84053817100005,26.926050220000036],[75.84014780600006,26.926567420000026],[75.83827281500004,26.927366026000072],[75.83630434700007,26.927710859000058],[75.83635118400008,26.927952876000063],[75.83713896200004,26.927867441000046],[75.83925841900003,26.929661967000072],[75.83977081900008,26.92889165300005],[75.83984434800004,26.928174427000044],[75.84039299400007,26.927737051000065],[75.84124729200005,26.927509858000064],[75.84427756100007,26.927582624000024],[75.84416690100005,26.92936011100005],[75.84528875300003,26.934805013000073],[75.84485618700006,26.935706112000048],[75.84477796900006,26.937301682000054],[75.84501033700008,26.939763612000036],[75.84554066700008,26.941673042000048],[75.84600728600003,26.94162227100003],[75.84679572900006,26.94312178200005],[75.84756922900004,26.944126694000033],[75.85001188300004,26.945394134000026],[75.85364343600008,26.94596784400005],[75.85597011900006,26.94678158100004],[75.85936320000008,26.94709410400003],[75.85993448800008,26.946892983000055]]]}},{"type":"Feature","properties":{"ward_id":"77","name":"Ward 77 AMER ANSIK"},"geometry":{"type":"Polygon","coordinates":[[[75.88070615600003,26.954469596000024],[75.87686680400003,26.95543393400004],[75.87360922600004,26.956672926000067],[75.86841732500005,26.956357741000033],[75.86468940700007,26.955720192000058],[75.86136965500003,26.956795873000033],[75.85865689900004,26.956764753000073],[75.85295662000004,26.95855601900007],[75.85024877800004,26.959185165000065],[75.84753759100005,26.959371705000024],[75.84442862700007,26.96022103200005],[75.84279313400003,26.960993406000057],[75.84248323600008,26.96223446500005],[75.83918969800004,26.96382694400006],[75.83346022600006,26.963262890000067],[75.83957182300003,26.995516546000033],[75.84001598000003,26.996425333000047],[75.84451021500007,26.999780143000066],[75.85031740700003,27.003186510000035],[75.85707819300006,27.00438491400007],[75.86102347900004,27.002359113000068],[75.86499495700008,26.998804052000025],[75.86572460700006,26.998471625000036],[75.86785280800007,26.997615245000077],[75.87473128200008,26.99684015400004],[75.87734562800006,26.996150974000045],[75.87708123700008,26.995164528000032],[75.87670664700005,26.991614837000043],[75.87715733300007,26.987812985000062],[75.87698698600008,26.98668966300005],[75.87731050300005,26.986108423000076],[75.87722529800004,26.985542503000033],[75.87768452600005,26.985296880000078],[75.87651805900003,26.98200339400006],[75.87634901400008,26.981046164000077],[75.87655140600003,26.980171806000044],[75.87714212600008,26.979107632000023],[75.87795689100005,26.976287342000035],[75.87758912600003,26.974224003000074],[75.87682999500004,26.97318100500007],[75.87678975900008,26.972895900000026],[75.87706531300006,26.972263850000047],[75.87633333800005,26.970428500000025],[75.87628020100004,26.96970479400005],[75.87722051800006,26.967756828000063],[75.87807684300003,26.967240412000024],[75.87901656200006,26.96399769100003],[75.87928114600004,26.96256926500007],[75.88000003000008,26.960886720000076],[75.88012387500004,26.958475331000045],[75.88071954000003,26.956231596000066],[75.88070615600003,26.954469596000024]]]}},{"type":"Feature","properties":{"ward_id":"01","name":"Ward 01 VIDHYADHAR NAGAR"},"geometry":{"type":"Polygon","coordinates":[[[75.79755968400008,26.986464020000028],[75.78846128700008,26.993431017000034],[75.78689761400005,26.99154235800006],[75.78434438500005,26.993081777000043],[75.78430856900007,26.992301226000052],[75.78104821300008,26.992709712000078],[75.78052874300005,26.99086058000006],[75.77757354400006,26.991430706000074],[75.77276672400006,26.990948752000065],[75.77127553600008,26.990729960000067],[75.76995532600006,26.990319569000064],[75.76614066600007,26.988188754000078],[75.76585637000005,26.986610639000048],[75.76478219100005,26.98510944000003],[75.76432221400006,26.984521831000052],[75.76230687700007,26.983198205000065],[75.76083027800007,26.983623796000074],[75.75943058500008,26.983431617000065],[75.74156536300006,26.983138258000054],[75.73889007100007,26.984683421000057],[75.73974821900003,26.987293541000042],[75.73992258600003,26.989162804000046],[75.74027645600006,26.990586275000055],[75.74168971300008,26.994382749000067],[75.74244785500008,26.995631592000052],[75.74402140900008,26.99758425400006],[75.74504151300005,27.000129927000046],[75.74495587900003,27.004052299000023],[75.73514466700004,27.00244247200004],[75.73166757300004,27.002324396000063],[75.73054643300003,27.002920320000044],[75.72997356700006,27.005238315000042],[75.73049347800008,27.00883979400004],[75.73133990800005,27.011204897000027],[75.73379549100008,27.01630332900004],[75.74144156200003,27.02143802300003],[75.75652791600004,27.021866169000077],[75.76567477400005,27.017894828000067],[75.77388930600006,27.01700562600007],[75.78195716400006,27.013983326000073],[75.78312233300005,27.010990039000035],[75.78568388700006,27.00552930200007],[75.78696103900006,27.003906116000053],[75.78765551500004,27.004664826000067],[75.78845876000008,27.00503254800003],[75.79063161400006,27.005592311000044],[75.79261345200007,27.00637099900007],[75.79380956600005,27.006391499000074],[75.79621480700007,27.006840924000073],[75.80190679200007,27.006263928000067],[75.80706642900003,27.00211285000006],[75.80948025000004,26.999520725000025],[75.81131387500005,26.99800315600004],[75.81297672300008,26.992473881000024],[75.80505618700005,26.99023158600005],[75.80145365900006,26.98952584500006],[75.79837939900005,26.987564190000057],[75.79755968400008,26.986464020000028]]]}},{"type":"Feature","properties":{"ward_id":"02","name":"Ward 02 VIDHYADHAR NAGAR"},"geometry":{"type":"Polygon","coordinates":[[[75.76063959900006,26.969324224000047],[75.75812925300005,26.96927849900004],[75.75743898600007,26.96706704500008],[75.75500871600008,26.967273755000065],[75.75743927800005,26.96307248200003],[75.75365649900004,26.963020123000035],[75.75191233400005,26.962787338000055],[75.74786227200008,26.959080612000037],[75.74639288000003,26.959536272000037],[75.74628545600007,26.959633679000035],[75.74650485100005,26.96012881300004],[75.74639718800006,26.96018990700003],[75.74260299300005,26.958382117000042],[75.73523604200005,26.95678822600007],[75.73643288000005,26.958045987000048],[75.73669158100006,26.95887986500003],[75.73747829400008,26.963006506000056],[75.73717820100006,26.963598182000055],[75.73748672100004,26.966200514000036],[75.73852572900006,26.966237870000043],[75.73885365000007,26.968874990000074],[75.73773942900004,26.969958147000057],[75.74028510000005,26.972922571000026],[75.74089587500004,26.97530382900004],[75.74157438600008,26.979884930000026],[75.74156536300006,26.983138258000054],[75.75943058500008,26.983431617000065],[75.76083027800007,26.983623796000074],[75.76224365800005,26.983207268000058],[75.76114705200007,26.97808657300004],[75.75930043500006,26.976716596000074],[75.75931240300008,26.976486541000043],[75.76069967900008,26.97584961700005],[75.76063959900006,26.969324224000047]]]}},{"type":"Feature","properties":{"ward_id":"03","name":"Ward 03 VIDHYADHAR NAGAR"},"geometry":{"type":"Polygon","coordinates":[[[75.77275386700006,26.969858223000074],[75.76833221100003,26.96985581900003],[75.76587865300007,26.96928814300003],[75.76063959900006,26.969324224000047],[75.76069967900008,26.97584961700005],[75.75931240300008,26.976486541000043],[75.75930043500006,26.976716596000074],[75.76114705200007,26.97808657300004],[75.76224365800005,26.983207268000058],[75.76432221400006,26.984521831000052],[75.76478219100005,26.98510944000003],[75.76585637000005,26.986610639000048],[75.76614066600007,26.988188754000078],[75.76928466000004,26.990050876000055],[75.77127553600008,26.990729960000067],[75.77248419000006,26.990882113000055],[75.77319174300004,26.987961392000045],[75.77376155800005,26.984351074000074],[75.77476184200003,26.98047208400004],[75.77438190600003,26.97825901500005],[75.77287722200003,26.975105934000055],[75.77263029300008,26.97411739200004],[75.77275386700006,26.969858223000074]]]}},{"type":"Feature","properties":{"ward_id":"04","name":"Ward 04 VIDHYADHAR NAGAR"},"geometry":{"type":"Polygon","coordinates":[[[75.78846128700008,26.993431017000034],[75.79755968400008,26.986464020000028],[75.79614139500006,26.986342180000065],[75.79544934200004,26.985919399000068],[75.79500961300005,26.985220765000065],[75.79370162300006,26.985110118000023],[75.79288251700007,26.983907290000047],[75.79203913300006,26.98357612800004],[75.79183285300007,26.983059815000047],[75.79075900400005,26.981649600000026],[75.78932363900003,26.98070440400005],[75.78936315500005,26.97910636900008],[75.78912023000004,26.977691485000037],[75.78914607000007,26.977037688000053],[75.79006632700003,26.975325777000023],[75.79015212000007,26.973101066000027],[75.79073235200008,26.972035627000025],[75.79160166100007,26.971740238000052],[75.79452937800005,26.971669297000062],[75.79673383400007,26.97104859800004],[75.79771130500006,26.97028955600007],[75.79843182200005,26.969014489000074],[75.79854285200008,26.964943663000042],[75.79838518200006,26.96494627900006],[75.79688550900005,26.962366317000033],[75.79819357800005,26.96108792900003],[75.79841325600006,26.960632760000067],[75.79845853300003,26.959869910000066],[75.79818860600005,26.958945431000075],[75.79785148000008,26.95854788400004],[75.79706624600004,26.957816966000053],[75.79634397400008,26.957394356000066],[75.79491391100004,26.957166382000025],[75.79367798600003,26.95717334300008],[75.79332924300007,26.955114483000045],[75.79307217100006,26.95457121800007],[75.79126276200003,26.953691685000024],[75.79006461000006,26.953298947000064],[75.79027911100007,26.950646817000063],[75.78939686500007,26.949063015000036],[75.78867729600006,26.948900899000023],[75.78853098800005,26.94873603900004],[75.78769382800004,26.94926438500005],[75.78686450600003,26.949459662000038],[75.78570391600005,26.95009255000008],[75.78388076600004,26.951600651000035],[75.78417055300008,26.953950380000038],[75.78559717200005,26.956611526000074],[75.78673256700006,26.95817578200007],[75.78628066000005,26.958750248000058],[75.77261915300005,26.965471240000056],[75.77284340400007,26.96755214600006],[75.77263029300008,26.97411739200004],[75.77287722200003,26.975105934000055],[75.77438190600003,26.97825901500005],[75.77476184200003,26.98047208400004],[75.77376155800005,26.984351074000074],[75.77319174300004,26.987961392000045],[75.77248419000006,26.990882113000055],[75.77757354400006,26.991430706000074],[75.78052874300005,26.99086058000006],[75.78104821300008,26.992709712000078],[75.78430856900007,26.992301226000052],[75.78434438500005,26.993081777000043],[75.78689761400005,26.99154235800006],[75.78846128700008,26.993431017000034]]]}},{"type":"Feature","properties":{"ward_id":"05","name":"Ward 05 VIDHYADHAR NAGAR"},"geometry":{"type":"Polygon","coordinates":[[[75.78853098800005,26.94873603900004],[75.78778956500008,26.94854672100007],[75.78690446000007,26.949096372000042],[75.78647150500007,26.94911240500005],[75.78602132300006,26.948835750000057],[75.78585082800004,26.948353268000062],[75.78566037500008,26.94827943100006],[75.78408735400006,26.948233712000047],[75.78379928200007,26.947227595000072],[75.78312484300005,26.946380228000066],[75.78113095000003,26.945894232000057],[75.78077986700004,26.945539464000035],[75.78071383400004,26.943796749000057],[75.78102808200003,26.943221236000056],[75.78256097800005,26.941679041000043],[75.78270613600006,26.94088057600004],[75.78261196000005,26.939980156000047],[75.78282225300006,26.94001298300003],[75.78277191900008,26.93953173400007],[75.78098396300004,26.938779043000068],[75.77391118700007,26.939399043000037],[75.77333078800007,26.947367143000065],[75.77174415500008,26.950402015000066],[75.77182092300006,26.959685918000048],[75.77265505400004,26.965453972000034],[75.78628066000005,26.958750248000058],[75.78673256700006,26.95817578200007],[75.78559717200005,26.956611526000074],[75.78417055300008,26.953950380000038],[75.78388076600004,26.951600651000035],[75.78570391600005,26.95009255000008],[75.78686450600003,26.949459662000038],[75.78769382800004,26.94926438500005],[75.78853098800005,26.94873603900004]]]}},{"type":"Feature","properties":{"ward_id":"06","name":"Ward 06 VIDHYADHAR NAGAR"},"geometry":{"type":"Polygon","coordinates":[[[75.77275386700006,26.969858223000074],[75.77283759400007,26.96670106600004],[75.77182092300006,26.959685918000048],[75.77174415500008,26.950402015000066],[75.77333078800007,26.947367143000065],[75.77382000400007,26.94186891000004],[75.77382109800004,26.939395262000062],[75.77247505600008,26.939566052000032],[75.76797687300007,26.940952392000042],[75.76181141600006,26.953514235000057],[75.76050586700006,26.956726011000057],[75.75801817300004,26.961941414000023],[75.75679938000007,26.96434691500008],[75.75500871600008,26.967273755000065],[75.75743898600007,26.96706704500008],[75.75812925300005,26.96927849900004],[75.76587865300007,26.96928814300003],[75.76833221100003,26.96985581900003],[75.77275386700006,26.969858223000074]]]}},{"type":"Feature","properties":{"ward_id":"07","name":"Ward 07 VIDHYADHAR NAGAR"},"geometry":{"type":"Polygon","coordinates":[[[75.75742972600005,26.963071975000048],[75.76050586700006,26.956726011000057],[75.76158100100008,26.95406551600007],[75.76040756700007,26.953609071000074],[75.76369189900004,26.947143280000034],[75.76299354600008,26.947235575000036],[75.75755207400005,26.949266726000076],[75.75746198800005,26.94715644200005],[75.75807717700008,26.945988811000063],[75.75828183400006,26.944782531000044],[75.75791679100007,26.942455838000058],[75.75536211900004,26.942156328000067],[75.75095691900003,26.942336450000028],[75.74450563500005,26.94348043000008],[75.74289485100007,26.943987136000032],[75.73639691100004,26.94447311500005],[75.73303024000006,26.94496066000005],[75.73422763000008,26.955433774000028],[75.73462731300003,26.956139823000058],[75.73523604200005,26.95678822600007],[75.74260299300005,26.958382117000042],[75.74639718800006,26.96018990700003],[75.74650485100005,26.96012881300004],[75.74628545600007,26.959633679000035],[75.74639288000003,26.959536272000037],[75.74786227200008,26.959080612000037],[75.75191233400005,26.962787338000055],[75.75365649900004,26.963020123000035],[75.75742972600005,26.963071975000048]]]}},{"type":"Feature","properties":{"ward_id":"09","name":"Ward 09 VIDHYADHAR NAGAR"},"geometry":{"type":"Polygon","coordinates":[[[75.75095691900003,26.942336450000028],[75.75536211900004,26.942156328000067],[75.75789954400005,26.942454],[75.75793726200004,26.942261529000064],[75.75913698900007,26.942166563000058],[75.76132784200007,26.941460247000066],[75.76283500700004,26.94189468600007],[75.76350353700008,26.941891071000043],[75.76376846600004,26.941746649000038],[75.75525767600004,26.934175538000034],[75.75479991800006,26.93424760100004],[75.75443198200009,26.933830538000052],[75.75263508400008,26.934038401000066],[75.74769172700007,26.934068147000062],[75.74439455000004,26.933778924000023],[75.74407033200004,26.936508249000042],[75.74395625600005,26.94107639400005],[75.74450563500005,26.94348043000008],[75.75095691900003,26.942336450000028]]]}},{"type":"Feature","properties":{"ward_id":"10","name":"Ward 10 VIDHYADHAR NAGAR"},"geometry":{"type":"Polygon","coordinates":[[[75.74407033200004,26.936508249000042],[75.74439455000004,26.933778924000023],[75.74769172700007,26.934068147000062],[75.75263508400008,26.934038401000066],[75.75443198200009,26.933830538000052],[75.74677961700007,26.925815857000032],[75.74591146900008,26.923245636000047],[75.74612109000003,26.922986696000066],[75.74605841600004,26.92280677100007],[75.74395996200008,26.921908811000037],[75.74376453600007,26.922269818000075],[75.74138620300005,26.920369881000056],[75.74045223300004,26.92002979500006],[75.73889268200008,26.920047046000036],[75.73136641100007,26.92073172000005],[75.73189013200005,26.930761193000023],[75.73178838900003,26.93225969300005],[75.73303024000006,26.94496066000005],[75.73639691100004,26.94447311500005],[75.74289485100007,26.943987136000032],[75.74451249000003,26.943510557000025],[75.74395625600005,26.94107639400005],[75.74407033200004,26.936508249000042]]]}},{"type":"Feature","properties":{"ward_id":"08","name":"Ward 08 VIDHYADHAR NAGAR"},"geometry":{"type":"Polygon","coordinates":[[[75.76158100100008,26.95406551600007],[75.76808749300005,26.940833767000072],[75.77247505600008,26.939566052000032],[75.77577351300005,26.939183034000052],[75.78098396300004,26.938779043000068],[75.78277896800006,26.939599131000023],[75.78468483000006,26.93977056500006],[75.78547356300004,26.939249708000034],[75.78564403100006,26.938881484000035],[75.78565652700007,26.938160081000035],[75.78451064100005,26.931307108000055],[75.78487104300007,26.923541925000052],[75.78949036900008,26.919804041000077],[75.79117193200005,26.918245219000028],[75.79099189800007,26.91818584600003],[75.79133887900008,26.917864184000052],[75.79047268300008,26.917578522000042],[75.79018586200004,26.917757665000067],[75.77872293700005,26.926472233000027],[75.77131792500006,26.93108042600005],[75.76804983600005,26.932421704000035],[75.76537086200005,26.93301728800003],[75.75496701200007,26.933866607000027],[75.76376846600004,26.941746649000038],[75.76350353700008,26.941891071000043],[75.76283500700004,26.94189468600007],[75.76132784200007,26.941460247000066],[75.75913698900007,26.942166563000058],[75.75793726200004,26.942261529000064],[75.75828183400006,26.944782531000044],[75.75807717700008,26.945988811000063],[75.75746198800005,26.94715644200005],[75.75755207400005,26.949266726000076],[75.76299354600008,26.947235575000036],[75.76369189900004,26.947143280000034],[75.76040756700007,26.953609071000074],[75.76158100100008,26.95406551600007]]]}}],"bbox":[75.68875559700007,26.774686639000038,75.91181676600007,27.021866169000077]}