{"type":"FeatureCollection","features":[{"type":"Feature","properties":{"ward_id":"93","name":"Ward 93"},"geometry":{"type":"Polygon","coordinates":[[[88.3529637901856,22.501676713757817],[88.35359624277318,22.50557055189125],[88.35310922383685,22.506651150195463],[88.35305073902026,22.507183912006667],[88.35404043542668,22.50736445904183],[88.35420651865135,22.508166581966687],[88.36557295045033,22.51005311928565],[88.36715116733532,22.510530049985263],[88.36715429526915,22.509770081075626],[88.36729351976517,22.509611074992225],[88.36769913337045,22.509584506463852],[88.36715621856217,22.507307220623908],[88.36731908581812,22.50412128699703],[88.36983605924303,22.499049027429148],[88.37057841082415,22.497233622077196],[88.3708222854575,22.495945867173038],[88.36732327196736,22.496295554366515],[88.36517372745996,22.4972678260425],[88.3640673120504,22.497557630692388],[88.36296342090675,22.4975268752408],[88.36236548518568,22.497730937372495],[88.36219510801395,22.497216356590837],[88.36174642558065,22.49692534198371],[88.3603979357616,22.496787054223947],[88.36020062260606,22.49684972157517],[88.36006523571294,22.497161295087277],[88.35932031764506,22.497513149527975],[88.35879772991505,22.49752807368851],[88.35849467876237,22.497780377408805],[88.35733300079315,22.497643862445383],[88.35709634681805,22.49823217901316],[88.35706676619407,22.499033053557454],[88.35777355976131,22.500937351477972],[88.35794789760511,22.50186777564984],[88.35674917311357,22.501903110485184],[88.35505715405513,22.501578522801186],[88.35377416220004,22.50184793465777],[88.3529637901856,22.501676713757817]]]}},{"type":"Feature","properties":{"ward_id":"61","name":"Ward 61"},"geometry":{"type":"Polygon","coordinates":[[[88.35654806547431,22.553488954488184],[88.36123942541745,22.55359113715413],[88.36373062887179,22.552249974619404],[88.36361895480725,22.551910511432343],[88.36397249487216,22.551182518380134],[88.36424594024801,22.551075128012616],[88.36471054352305,22.55036023874883],[88.3654725619207,22.54995273919359],[88.36520806017182,22.548530789612645],[88.36488037631574,22.548013627800405],[88.36520310955629,22.547344847116953],[88.3657802699398,22.547245304753694],[88.36537727851683,22.545965621341505],[88.36543119090861,22.545620210617354],[88.36571518430252,22.54553324053299],[88.36548171126186,22.54472411478861],[88.36501257508789,22.54400693260023],[88.36168260566963,22.546439418898377],[88.35976298406088,22.54739657666155],[88.35841930651678,22.548710519342517],[88.35502374301475,22.550072833796495],[88.35654806547431,22.553488954488184]]]}},{"type":"Feature","properties":{"ward_id":"86","name":"Ward 86"},"geometry":{"type":"Polygon","coordinates":[[[88.35977738764815,22.525157062213033],[88.36283167578384,22.52565749081133],[88.36415458877013,22.526154696398407],[88.36536742130322,22.52688583683387],[88.3662165996396,22.528225787075968],[88.36619183039227,22.526063000080356],[88.36538244562634,22.522394439419518],[88.36519555113148,22.52073172460819],[88.3653084765492,22.51989549697994],[88.36610405780252,22.517653810562724],[88.36640533657912,22.51630294169426],[88.36547585065297,22.515006816128267],[88.36442670463937,22.514309531268648],[88.35606159361198,22.513410799149206],[88.35558273497166,22.517816961514757],[88.36321592475672,22.519125283151194],[88.3631232590436,22.520983616724177],[88.36151139755626,22.521070081150853],[88.3615321001303,22.521517452663762],[88.36111240183965,22.52160681111765],[88.36111763452617,22.522223946807767],[88.36052391010713,22.522333726209904],[88.3605481637215,22.522777571137432],[88.36023015472101,22.523250489848003],[88.36018918705248,22.523954961227144],[88.36037997843904,22.524098332494315],[88.36037819079162,22.524634994272155],[88.3597364550139,22.524690322813342],[88.35977738764815,22.525157062213033]]]}},{"type":"Feature","properties":{"ward_id":"90","name":"Ward 90"},"geometry":{"type":"Polygon","coordinates":[[[88.37181738253538,22.515775994033024],[88.37100661616054,22.513879117681267],[88.37007415052257,22.51258571871184],[88.36886812991428,22.511495173541427],[88.36719456315008,22.51054711630006],[88.36557295045033,22.51005311928565],[88.35419924229753,22.508165267427103],[88.35384489824045,22.512352191881934],[88.35323683581116,22.512842659593534],[88.35248075976912,22.51729806069128],[88.35558273497166,22.517816961514757],[88.35606159361198,22.513410799149206],[88.364703497138,22.514404861824936],[88.36556788574877,22.515111630495685],[88.36630410183652,22.516255000328094],[88.36695359366837,22.516367420863766],[88.36787972169202,22.516129958690943],[88.36850912629582,22.516786694475336],[88.3694957414808,22.516869332674553],[88.36980642741509,22.518824277124075],[88.37110685916308,22.518175095800313],[88.37168038226804,22.51752550978944],[88.37202237538825,22.51740154476228],[88.37181738253538,22.515775994033024]]]}},{"type":"Feature","properties":{"ward_id":"26","name":"Ward 26"},"geometry":{"type":"Polygon","coordinates":[[[88.35877890661658,22.588617321707503],[88.35991565723498,22.591355553287457],[88.36220720382923,22.59058799262782],[88.36883175443349,22.588991091398594],[88.36754246538827,22.585592230622105],[88.36278871295704,22.586125225241986],[88.36322126254613,22.587774187613487],[88.36118637091677,22.588162946115343],[88.36060303012408,22.587961672561377],[88.35877890661658,22.588617321707503]]]}},{"type":"Feature","properties":{"ward_id":"72","name":"Ward 72"},"geometry":{"type":"Polygon","coordinates":[[[88.34552940386115,22.529112334064955],[88.34588379822387,22.531456221975166],[88.34675488467343,22.531472120742027],[88.34893046774765,22.53097116225541],[88.34959214522635,22.532290515198557],[88.35041355394236,22.53194447782206],[88.35135357171691,22.53192929766734],[88.35201124360778,22.531745767431918],[88.35224698040295,22.53226412527614],[88.35309272088678,22.532089442199897],[88.35254715784504,22.52433050102692],[88.3500438657619,22.524436146409045],[88.3465973911395,22.523609935231626],[88.34641588653633,22.526052776377327],[88.34552940386115,22.529112334064955]]]}},{"type":"Feature","properties":{"ward_id":"134","name":"Ward 134"},"geometry":{"type":"Polygon","coordinates":[[[88.29194391979638,22.54020826400144],[88.29173193625395,22.53912595093763],[88.29296244583519,22.538836812575145],[88.29311215726382,22.538540456014978],[88.29019300898452,22.53857591339706],[88.29036290286264,22.539505800422845],[88.28990536124404,22.53962597547022],[88.29031405786739,22.54077233754682],[88.29014698020768,22.54086457003419],[88.29015558067822,22.54115025845554],[88.28988015272051,22.541194591996604],[88.28992463459846,22.541527463140547],[88.2897817800104,22.541544855011615],[88.28966261758963,22.542010206638736],[88.28911554537824,22.542195547700892],[88.28917249407567,22.542542056364844],[88.28906197165135,22.542576507147693],[88.28960878694456,22.544716674339135],[88.28868234361227,22.545160169394734],[88.2898868820003,22.54706247436363],[88.28953162794987,22.54719789431892],[88.28917881192709,22.54765126666835],[88.28937745099597,22.54806866489455],[88.28725575246575,22.548637850103173],[88.28779876519039,22.550822504296196],[88.28767124843748,22.550991288237206],[88.2878088990851,22.551046522424894],[88.29004646142232,22.550684176723937],[88.29037298735003,22.550478406591758],[88.28940422618132,22.54814215661277],[88.29047950418652,22.54800452574577],[88.29447772136152,22.54629218139346],[88.29463679952357,22.546040462374894],[88.29466695147609,22.543591886658646],[88.29369054654265,22.54346620519842],[88.29312869434989,22.542792750473893],[88.29145716586306,22.543125064369974],[88.29133013599704,22.543432634922052],[88.29051529306744,22.543630263192554],[88.29040062042647,22.543439504624843],[88.28972783797423,22.54338358291092],[88.28989348282104,22.542651385695024],[88.29048708417089,22.542698693152076],[88.29069766813811,22.541092007708713],[88.2909976928666,22.540516521399883],[88.29092016107106,22.540261390105563],[88.29194391979638,22.54020826400144]]]}},{"type":"Feature","properties":{"ward_id":"99","name":"Ward 99"},"geometry":{"type":"Polygon","coordinates":[[[88.3663273403546,22.47871426073193],[88.36560997002319,22.47877726082098],[88.36535722811968,22.479004599779834],[88.36377558685683,22.479403553923234],[88.36417388907401,22.47987046526469],[88.36418798274251,22.480315880806756],[88.36448587846377,22.480372530263168],[88.36447250254919,22.48152871347836],[88.36405525396432,22.482132509951878],[88.36364885343485,22.48218807463023],[88.36366032312439,22.48237014835912],[88.36293881245786,22.482440471891614],[88.36301083039419,22.48273458727214],[88.36420362690319,22.482775794535225],[88.36415889349699,22.484118100415046],[88.363795369556,22.484178266812897],[88.36384073896946,22.48467010685728],[88.36318018797809,22.484632156355147],[88.36282456112679,22.485569447378282],[88.36446463600224,22.48573678047397],[88.37200834011027,22.48484456598353],[88.37348459821054,22.48450694751324],[88.37461476866947,22.48397673123149],[88.37552627571354,22.48382098574755],[88.3759650488309,22.48101195416571],[88.37586525229106,22.48024982599068],[88.376147470614,22.47956228594372],[88.3763460593772,22.477454892085827],[88.37537736917541,22.47768495584181],[88.37518243475876,22.47801485970468],[88.3734693573934,22.47788350237715],[88.37261198013343,22.478035261918798],[88.3718127005161,22.477883649299145],[88.37074324179733,22.478039814005218],[88.37077536106031,22.478284312456466],[88.36991668932801,22.47839064544553],[88.3698948360121,22.478542025922284],[88.36841003223853,22.47871686712896],[88.36834817963795,22.478360076649437],[88.36743697442782,22.47849467243492],[88.36742886443741,22.478720815737372],[88.36689394104195,22.478295199593003],[88.3663273403546,22.47871426073193]]]}},{"type":"Feature","properties":{"ward_id":"125","name":"Ward 125"},"geometry":{"type":"Polygon","coordinates":[[[88.31022872675604,22.477059655204087],[88.30995551494213,22.473451898192252],[88.31005442664143,22.471625794072818],[88.30990602675313,22.469896893203845],[88.30808366304528,22.46590787128993],[88.30705678716589,22.46239067913235],[88.30647373742738,22.45901440066667],[88.30475257881771,22.45637034755277],[88.30407753889916,22.456661997815743],[88.3041004701934,22.457179726308265],[88.30357121965893,22.457269621936863],[88.30356952363968,22.457578777343002],[88.30149555349882,22.45814938526865],[88.29993495167821,22.45720482300383],[88.29826139389718,22.456430469550103],[88.29487706472612,22.453664376558603],[88.29445830607327,22.454015980384366],[88.292424206758,22.454944390321142],[88.29288137288081,22.45590120844974],[88.29309060398519,22.455807547806945],[88.29345426087686,22.456702395923475],[88.29369679163051,22.45677770535032],[88.2946264212871,22.460737869373226],[88.29450630755048,22.46106974290785],[88.29505304648691,22.4638669250729],[88.29565172241979,22.46571369488183],[88.29583402742188,22.466074484339714],[88.29606549901608,22.46601774104039],[88.29641681934393,22.46751484935104],[88.29626121047545,22.467611269733155],[88.2967139290393,22.46835254333217],[88.2968514449396,22.468721482703785],[88.29673510322885,22.468780394005332],[88.29765333775607,22.4703520780477],[88.29886802081865,22.47339345373038],[88.29942721309988,22.47422010185329],[88.29990814325521,22.474421063933157],[88.30046284755326,22.475674027871463],[88.30123605985763,22.476274860766413],[88.30161278274508,22.477770163221383],[88.30212561836439,22.4787920400809],[88.30242340898276,22.47892127656944],[88.30265146518225,22.479270001575852],[88.3031562042859,22.479104979022562],[88.30323409540755,22.478833898455953],[88.30356320848321,22.47866577509746],[88.3044963325863,22.47867411723087],[88.30506046200831,22.47794523367117],[88.30688828926975,22.47774885702354],[88.3077663771886,22.47752352726242],[88.307954207728,22.47723665563859],[88.30845710259035,22.477108882655543],[88.31022872675604,22.477059655204087]]]}},{"type":"Feature","properties":{"ward_id":"118","name":"Ward 118"},"geometry":{"type":"Polygon","coordinates":[[[88.33081944347298,22.49998947581127],[88.32977795020729,22.49995771003906],[88.32921502812104,22.49952686336557],[88.3278486285901,22.499739865944825],[88.32633823900063,22.49940224065778],[88.32546957171415,22.499492289806394],[88.3241834609084,22.4999127781614],[88.32460007348607,22.501534759985688],[88.32454071820197,22.502221142685386],[88.32479725369092,22.50269619158473],[88.32480700580163,22.503224666349297],[88.32458539231936,22.503707057360682],[88.32481118925593,22.50516062964891],[88.32490885678855,22.50758094670523],[88.32561116506756,22.510291305588755],[88.32575679904309,22.511600167332915],[88.32946410579648,22.51117348801457],[88.3291762298839,22.50983001059214],[88.3294599924108,22.50976437899429],[88.32939921150036,22.509294326183063],[88.33103589343901,22.509056346462483],[88.33104990176754,22.50818675815602],[88.33156250831644,22.508146626524155],[88.33150142647035,22.507455347004825],[88.333113422705,22.507357875517055],[88.33314704035789,22.507984138026906],[88.333643310145,22.50745826904877],[88.33447920509333,22.507332857622192],[88.33502008881071,22.50679145303548],[88.3342193467361,22.50650417733851],[88.33308939636444,22.506652848990925],[88.33185688713337,22.5064250824107],[88.33155172763469,22.502944311393822],[88.33104584228076,22.501516230228983],[88.33081944347298,22.49998947581127]]]}},{"type":"Feature","properties":{"ward_id":"83","name":"Ward 83"},"geometry":{"type":"Polygon","coordinates":[[[88.33993068080233,22.519658919645448],[88.34029241799422,22.52126189128246],[88.34023485035752,22.522707899588674],[88.34045468607388,22.52370653476397],[88.34351803102423,22.523366458704164],[88.3465973911395,22.523609935231626],[88.3468079391741,22.52106803318312],[88.34598519376495,22.516926795337653],[88.34011148022797,22.516832510452044],[88.34024473092732,22.517759661038284],[88.33993068080233,22.519658919645448]]]}},{"type":"Feature","properties":{"ward_id":"43","name":"Ward 43"},"geometry":{"type":"Polygon","coordinates":[[[88.35875969165266,22.579762003459496],[88.3589073585157,22.579932824785427],[88.36100394374382,22.57932268152924],[88.36079584361838,22.578562951132927],[88.36047593557936,22.577470644459527],[88.357660629852,22.578140493390904],[88.35747003160321,22.57718722023656],[88.35783074471567,22.57714485332781],[88.35775319585215,22.576650254351087],[88.35756794527424,22.575876953043718],[88.35725928773587,22.575918342386686],[88.3574961258656,22.575072447190706],[88.35734330536778,22.575007314435524],[88.35704122080234,22.574158203523425],[88.35683100963595,22.573107829452344],[88.35365363074679,22.57382908991299],[88.35417994379029,22.575562386829166],[88.35561715571842,22.577020479828153],[88.35660458837029,22.57889147281515],[88.35698194906159,22.580055430578284],[88.35875969165266,22.579762003459496]]]}},{"type":"Feature","properties":{"ward_id":"47","name":"Ward 47"},"geometry":{"type":"Polygon","coordinates":[[[88.36138930393273,22.57098541127143],[88.36030793175664,22.568676292268513],[88.35999095581874,22.56677997015371],[88.35872349583491,22.56299096077169],[88.35413848115004,22.564492407019028],[88.35500028351112,22.56562409779639],[88.35675458276823,22.567319128783538],[88.35530782803684,22.56845308169674],[88.35575773397555,22.56925083823284],[88.35563552626598,22.569295989774055],[88.35622548315071,22.571025279935657],[88.35804676438867,22.570459120265287],[88.35870185991128,22.57236315506265],[88.36138930393273,22.57098541127143]]]}},{"type":"Feature","properties":{"ward_id":"115","name":"Ward 115"},"geometry":{"type":"Polygon","coordinates":[[[88.3391753404805,22.489242170627858],[88.33897794288335,22.488480675406596],[88.33925142509013,22.487783678452082],[88.3411560385454,22.485978842506672],[88.34409107263218,22.483874162576736],[88.344483387578,22.483278502236043],[88.34464216300785,22.482347541364852],[88.34620701924963,22.48095592335768],[88.34593221382443,22.48036016247561],[88.34585010601083,22.479429167870013],[88.34422861009207,22.477567217984618],[88.3435566442084,22.471798954749044],[88.34332065319002,22.471706677844168],[88.343391294009,22.472128547232824],[88.34240408952923,22.47179214540403],[88.3423827428631,22.471505674471196],[88.34219541448198,22.4716928200746],[88.34033785388294,22.471440580866503],[88.34012781070153,22.471280359455754],[88.33986655636241,22.470478021886333],[88.33950518927642,22.47063964794309],[88.34017333911677,22.471968108300707],[88.33962656784098,22.473090665583666],[88.33877234187099,22.477598954863435],[88.3378184145826,22.480378351423475],[88.33719192591018,22.480259334253823],[88.33656956679314,22.48036858751223],[88.33622221252729,22.480879582870426],[88.33469428063695,22.4808300313799],[88.3329905727,22.48117162893698],[88.33305732740709,22.481747280159006],[88.33283053334058,22.482324443812633],[88.33238641255231,22.482840437081567],[88.33237800971112,22.483610526787192],[88.33049572837383,22.484664588007266],[88.33210885558739,22.4870623204368],[88.33478460893369,22.487304584334193],[88.33637166703775,22.48879304713592],[88.33858692510479,22.48944804275451],[88.3391753404805,22.489242170627858]]]}},{"type":"Feature","properties":{"ward_id":"68","name":"Ward 68"},"geometry":{"type":"Polygon","coordinates":[[[88.37244988183534,22.52055201903485],[88.37202237538825,22.51740154476228],[88.37168038226804,22.51752550978944],[88.37110685916308,22.518175095800313],[88.36980642741509,22.518824277124075],[88.36946577817451,22.516843389576305],[88.36850912629582,22.516786694475336],[88.36787972169202,22.516129958690943],[88.36695359366837,22.516367420863766],[88.36640533657912,22.51630294169426],[88.36610405780252,22.517653810562724],[88.3653084765492,22.51989549697994],[88.36519555113148,22.52073172460819],[88.36538244562634,22.522394439419518],[88.36619183039227,22.526063000080356],[88.3662971192318,22.527856784819303],[88.36603290314719,22.52871464430398],[88.36697624648491,22.52894778917529],[88.37315032161858,22.529278427089505],[88.37244988183534,22.52055201903485]]]}},{"type":"Feature","properties":{"ward_id":"39","name":"Ward 39"},"geometry":{"type":"Polygon","coordinates":[[[88.3607958166689,22.578562795193868],[88.3618612850712,22.582527059303466],[88.36488494335066,22.581946009455006],[88.36600886243352,22.581520087540316],[88.36410347732541,22.57694960306616],[88.36215307314683,22.578201753551486],[88.3607958166689,22.578562795193868]]]}},{"type":"Feature","properties":{"ward_id":"12","name":"Ward 12"},"geometry":{"type":"Polygon","coordinates":[[[88.38031676923987,22.594200636926022],[88.37544738027539,22.59406693514841],[88.37545795703954,22.595366498915435],[88.37350009594579,22.60303241213373],[88.37354324023225,22.60413988565023],[88.3741194537915,22.60539223839975],[88.37662643884873,22.6033547916002],[88.37844933525757,22.60127831806787],[88.38018649735399,22.596925030037106],[88.38032778797513,22.5961591483574],[88.38031676923987,22.594200636926022]]]}},{"type":"Feature","properties":{"ward_id":"108","name":"Ward 108"},"geometry":{"type":"Polygon","coordinates":[[[88.43970588657132,22.52524398372806],[88.44431671614254,22.527040542245246],[88.44592175133204,22.527168063325398],[88.45895489305467,22.52304193800855],[88.45819091992294,22.52031181239166],[88.45714021084079,22.52026309902996],[88.45727098668155,22.51901335528307],[88.45707615287621,22.51769431783662],[88.45657008875752,22.517026819283465],[88.45637175421751,22.516278085576754],[88.45611983337417,22.51618195717843],[88.45533012710285,22.514437298945193],[88.4553272974097,22.513885521647524],[88.4543288541074,22.510569712877718],[88.4543385864552,22.509739107592576],[88.45407164398367,22.508883504599552],[88.45341549204227,22.50911995763774],[88.45204835229957,22.509224254474333],[88.45111658465257,22.50901879933243],[88.4494339215478,22.508485033792123],[88.44822606657972,22.507247262627487],[88.44805551064324,22.50771627424844],[88.44764093364805,22.507947083558793],[88.44480101857343,22.510920646075817],[88.44420037173681,22.511259620822383],[88.44342859134699,22.511024242804346],[88.44240172534909,22.510188660176418],[88.44206522722345,22.510165495902623],[88.4401711007008,22.509119707013884],[88.44009665731319,22.508803700653512],[88.43979904725617,22.508538494091173],[88.43803194341304,22.510791482626523],[88.43733083258829,22.512382943206738],[88.43586660113304,22.51308654386494],[88.43485745440412,22.513985598415147],[88.43469120948271,22.514408943850388],[88.43558709212903,22.514512737958178],[88.43443556152923,22.516337372467525],[88.43165041673751,22.517097071260004],[88.42996582315321,22.516748312971608],[88.42980882908257,22.51646236329699],[88.42909188814592,22.516795983640716],[88.42787942392208,22.51796147767363],[88.42708833424524,22.51837054873226],[88.426476983982,22.518128789841356],[88.4256437687082,22.51736472766054],[88.42510677289933,22.51709587879068],[88.42403185871181,22.517458789788567],[88.42328021136413,22.51709380586913],[88.4229155887836,22.51747676723133],[88.42292466536121,22.518363170759415],[88.42442454915346,22.520632220316315],[88.42363572682436,22.52107105451637],[88.42266758279825,22.52234218769084],[88.42221956421999,22.52247192784454],[88.42105777216473,22.52122103487546],[88.42131794942382,22.520255708710952],[88.42147967042945,22.51760183835367],[88.42126297881664,22.517566316669413],[88.42117339073168,22.517309000356583],[88.42080723921848,22.517383162352285],[88.41996440208968,22.51699991028914],[88.41985887340002,22.51642749025204],[88.41996871400305,22.51577881715009],[88.41978178986378,22.514997308593355],[88.4185610638343,22.515082939452196],[88.4182562474921,22.51379789508198],[88.41786565282004,22.513316994840896],[88.41685487744549,22.51346073730152],[88.41644099754295,22.51203017557425],[88.41503656244461,22.512328447897712],[88.41444932476024,22.510347472235143],[88.41428197670763,22.509001123696244],[88.41465681403129,22.508198363281032],[88.41459124060884,22.507481557429763],[88.41483602254058,22.506887468458917],[88.41495154768275,22.50504146366239],[88.41400973956586,22.503839875721244],[88.41266784607588,22.503108823339936],[88.41221601774248,22.50262123909636],[88.41075699382097,22.503101708466044],[88.41032925471025,22.502456422819407],[88.4100893120029,22.498420930947628],[88.40966521017073,22.498079524524442],[88.4049095461246,22.500571572854646],[88.400436267488,22.50140894399257],[88.40190239259188,22.5099823110323],[88.40202960840917,22.513075987259167],[88.4022014974455,22.513631711251175],[88.40145519507375,22.51608396240635],[88.40057409959533,22.518080956156137],[88.39990211484705,22.51889024298757],[88.39525594106101,22.526850996291333],[88.39510206504272,22.527705645008773],[88.39519272930937,22.52854823612103],[88.39676378123168,22.534994938992586],[88.4016927051433,22.533800193737505],[88.40415867851459,22.53247011423099],[88.4165272447934,22.529893998440723],[88.43167729163588,22.526433054306537],[88.4330006043725,22.5259267959979],[88.434211922346,22.52501458572295],[88.43970588657132,22.52524398372806]]]}},{"type":"Feature","properties":{"ward_id":"110","name":"Ward 110"},"geometry":{"type":"Polygon","coordinates":[[[88.3900587137302,22.47976593795475],[88.3989109694581,22.471756270784052],[88.39875353341633,22.471502859581847],[88.39559206369086,22.468951552665384],[88.39474647951391,22.468044685374714],[88.39436137534487,22.46702776895772],[88.39441987183953,22.466510890787585],[88.39246244193714,22.466303771726928],[88.38800701641851,22.465209143594652],[88.38629742451647,22.465234284494176],[88.3848266263765,22.465556055229353],[88.3794551097109,22.464094043609634],[88.37892045131845,22.46522067761068],[88.37790904802152,22.465891714283742],[88.37780080013145,22.466106042051575],[88.37781743333727,22.46927534440931],[88.37734905534138,22.47126960458494],[88.37873374277486,22.471524081239682],[88.37998982020571,22.471291611559945],[88.38168355055477,22.471803878927094],[88.38745909260425,22.470857911387633],[88.38987250105663,22.471829697654968],[88.38887721084099,22.473805229871594],[88.38855058250536,22.475491111935153],[88.38892175290603,22.4775581262316],[88.3900587137302,22.47976593795475]]]}},{"type":"Feature","properties":{"ward_id":"141","name":"Ward 141"},"geometry":{"type":"Polygon","coordinates":[[[88.2722764834436,22.552043422829158],[88.26912473977772,22.552690219077597],[88.26848003686459,22.55213574402033],[88.26606225092179,22.552458769392967],[88.26526207209088,22.55224393829495],[88.26414167709886,22.552474026104093],[88.26338151911217,22.55191302685017],[88.26190889469724,22.55236290096038],[88.26034490712634,22.552619001278707],[88.25885366961872,22.55330090579694],[88.25715812377446,22.55373341159633],[88.25695043956897,22.553249867876143],[88.25655866451064,22.553179561284136],[88.25642028892257,22.55285216468458],[88.25586643892235,22.550278829364075],[88.25532608970254,22.549781840899048],[88.25512347648684,22.54978223580584],[88.25496524813101,22.54926548603658],[88.25506819506259,22.54777749271494],[88.25456498219661,22.54576729618165],[88.2547300494267,22.54486249728555],[88.25254392821589,22.544879623243432],[88.2518518185103,22.544678034273247],[88.25066258741468,22.544915635702697],[88.2506379798641,22.544293562000043],[88.25043036932047,22.544266464174967],[88.24983319986228,22.54257490503674],[88.2489138505258,22.543151063098502],[88.24836858392814,22.543144942578763],[88.24743041668306,22.543945603319454],[88.24687460206732,22.544707367139413],[88.24579525199894,22.545253383760542],[88.24486500879298,22.54532161110756],[88.24451719818296,22.545764780651794],[88.24464449125536,22.546108072067096],[88.24456524367761,22.5463972897798],[88.24416193065777,22.546821785339798],[88.24387614961645,22.547887266737245],[88.24376752982386,22.54962406725163],[88.24340550876434,22.55021278806332],[88.24272883391198,22.553116028471603],[88.24214286644539,22.554756458367645],[88.24236444669002,22.555887456681273],[88.24271343499137,22.55627950405562],[88.24273644264242,22.556861417029243],[88.24337396621979,22.55739993334572],[88.2441114695933,22.557805317853813],[88.24576457363366,22.558274196794063],[88.24823814854886,22.558813698945006],[88.24808409915573,22.558692423159407],[88.24823552546825,22.55857997237353],[88.24906882248874,22.55893067573481],[88.24959341885172,22.558947176931234],[88.25022194580151,22.558750804187262],[88.25033429809409,22.558536663975964],[88.25082406946846,22.55862458900972],[88.25102098556863,22.558425224326154],[88.25126922152265,22.558666146130598],[88.25315541502304,22.558186629917962],[88.2538038639109,22.558253120355086],[88.25568009599309,22.557597822013108],[88.25585234974545,22.55768667844368],[88.25710199973042,22.55733761616803],[88.25806948349482,22.557337513298766],[88.2631908094723,22.556205211132628],[88.26695603779858,22.55575182706962],[88.26841917510576,22.55530228838519],[88.26940876281604,22.55532934754061],[88.26966854301976,22.55497861594188],[88.27099733907289,22.554955206150076],[88.27140416540382,22.55470791478243],[88.2720086651147,22.554621774225566],[88.27225614468726,22.554751540462057],[88.27289594279891,22.55432511473907],[88.2722764834436,22.552043422829158]]]}},{"type":"Feature","properties":{"ward_id":"17","name":"Ward 17"},"geometry":{"type":"Polygon","coordinates":[[[88.363873726005,22.590194987844722],[88.36516746889738,22.595716799315273],[88.3677860345944,22.59505848522295],[88.37093636251541,22.594570561447693],[88.36885491569647,22.588975641331487],[88.36803711102135,22.589037506282757],[88.363873726005,22.590194987844722]]]}},{"type":"Feature","properties":{"ward_id":"7","name":"Ward 7"},"geometry":{"type":"Polygon","coordinates":[[[88.37023230072496,22.601995890645238],[88.3690619279621,22.6022624286156],[88.36781131767808,22.60295961811046],[88.367516214819,22.602294226407636],[88.36682468273015,22.60271034954073],[88.36464287972092,22.60335264865376],[88.36471357803208,22.603520242887935],[88.3637026517406,22.604084720010977],[88.36378442178766,22.60445945780622],[88.36446011208646,22.60480483802016],[88.36555812465487,22.6058910008929],[88.36721533579272,22.608054695424446],[88.36978699416053,22.60729170604311],[88.37416171503403,22.605374557693732],[88.37351631053667,22.604013320613863],[88.37358566945977,22.602634247197724],[88.37303891525198,22.60288299758249],[88.37054697068754,22.60342196184155],[88.37023230072496,22.601995890645238]]]}},{"type":"Feature","properties":{"ward_id":"16","name":"Ward 16"},"geometry":{"type":"Polygon","coordinates":[[[88.37529479154291,22.591900700940833],[88.3748915449984,22.585845445043493],[88.37241652559221,22.58772067340229],[88.36883175443349,22.588991091398594],[88.37024966515939,22.592741013938813],[88.37529479154291,22.591900700940833]]]}},{"type":"Feature","properties":{"ward_id":"137","name":"Ward 137"},"geometry":{"type":"Polygon","coordinates":[[[88.28246423216504,22.54947415009548],[88.27489880769178,22.54633909019702],[88.27482138728733,22.546941775642278],[88.27460754333393,22.54705706502953],[88.2746602492883,22.547854094107826],[88.27437947096479,22.547968614479807],[88.2742003100662,22.54775795864775],[88.27378318544885,22.547801260473246],[88.27385694162525,22.54836740945596],[88.27356960200689,22.54864712053356],[88.27378107171296,22.549212216551968],[88.27353623139071,22.54952181776554],[88.2744461582982,22.551513510391395],[88.2722764834436,22.552043422829158],[88.27289594279891,22.55432511473907],[88.2774698561035,22.553265842946484],[88.27803596541241,22.553011582259444],[88.27888096748106,22.55292266723307],[88.2791549518461,22.55273062813524],[88.28074749775817,22.552413949994378],[88.28111094085077,22.55212889466132],[88.28150565699335,22.552293903887946],[88.28283792683166,22.55201550022162],[88.28300836868212,22.55193267979489],[88.28297110297085,22.551656723622568],[88.2831823885223,22.55159698730329],[88.2834165622489,22.551885305814768],[88.28349633264612,22.55158229795891],[88.28372476793466,22.55203378095605],[88.28397217564198,22.55153351681351],[88.28423236457922,22.551764451194455],[88.28420622629939,22.55195047852927],[88.28444979909877,22.55189306113465],[88.28435202736158,22.551781409541327],[88.28499615714952,22.55167464351775],[88.28504118699978,22.551287539249202],[88.28525143499708,22.551230698999383],[88.2854325721893,22.551504946165124],[88.28585087359966,22.55154640089807],[88.28591945817496,22.551814678292605],[88.28623982255812,22.551729925550116],[88.28595568184048,22.55125856866956],[88.28566720854823,22.551246700851586],[88.28499309030114,22.54918614346805],[88.28246423216504,22.54947415009548]]]}},{"type":"Feature","properties":{"ward_id":"84","name":"Ward 84"},"geometry":{"type":"Polygon","coordinates":[[[88.35248075976912,22.517298057371928],[88.3486330265739,22.516690172259175],[88.34701649294878,22.516935266277862],[88.34598519376495,22.516926795337653],[88.3468079391741,22.52106803318312],[88.3465973911395,22.523609935231626],[88.3500438657619,22.524436146409045],[88.35254715784504,22.52433050102692],[88.3517695707452,22.521387289242224],[88.35248075976912,22.517298057371928]]]}},{"type":"Feature","properties":{"ward_id":"18","name":"Ward 18"},"geometry":{"type":"Polygon","coordinates":[[[88.36217656588816,22.596699754525982],[88.36516833217837,22.595720919573957],[88.363873726005,22.590194987844722],[88.36219503255546,22.590568497801616],[88.35991520089082,22.591354567976985],[88.36217656588816,22.596699754525982]]]}},{"type":"Feature","properties":{"ward_id":"25","name":"Ward 25"},"geometry":{"type":"Polygon","coordinates":[[[88.36754246538827,22.585592230622105],[88.36600886243352,22.581520087540316],[88.36488494335066,22.581946009455006],[88.361861261715,22.582527062621214],[88.36219791704585,22.58387194425933],[88.360029233033,22.583997100362335],[88.35805704560711,22.58452344749069],[88.3583722761184,22.5870116995833],[88.35877938541863,22.588615997151805],[88.36060303012408,22.587961672561377],[88.36118637091677,22.588162946115343],[88.36322126254613,22.587774187613487],[88.36278871295704,22.586125225241986],[88.36754246538827,22.585592230622105]]]}},{"type":"Feature","properties":{"ward_id":"60","name":"Ward 60"},"geometry":{"type":"Polygon","coordinates":[[[88.37182661362324,22.55315416176833],[88.37121049240753,22.55079129444744],[88.37062310380617,22.544943955497175],[88.36681294534266,22.543499154870588],[88.36653849205707,22.543009506201575],[88.36606268768871,22.542867588249692],[88.36576152479476,22.54309206565761],[88.36574528774602,22.54347971561034],[88.36501257508789,22.54400693260023],[88.36548171126186,22.54472411478861],[88.36571518430252,22.54553324053299],[88.36543119090861,22.545620210617354],[88.36537727851683,22.545965621341505],[88.3657802699398,22.547245304753694],[88.36520310955629,22.547344847116953],[88.36488037631574,22.548013627800405],[88.36520806017182,22.548530789612645],[88.3654725619207,22.54995273919359],[88.3646599926271,22.55040347338713],[88.36424097166619,22.551077438527507],[88.36396942443052,22.551180158918978],[88.36361895480725,22.551910511432343],[88.36505312503981,22.555683046558652],[88.36645394172419,22.555350732208932],[88.36574858366478,22.551327455089744],[88.36688382152028,22.551130234404066],[88.36801325176741,22.55111695039991],[88.36826371734,22.551261678941973],[88.36992696156325,22.55088967194188],[88.37009959979457,22.55128470192466],[88.37026351538448,22.551269341378667],[88.37050175129275,22.55157087899609],[88.37087053397141,22.551610739169764],[88.3705693090937,22.55341817264908],[88.37182661362324,22.55315416176833]]]}},{"type":"Feature","properties":{"ward_id":"10","name":"Ward 10"},"geometry":{"type":"Polygon","coordinates":[[[88.36618836918349,22.59849056224411],[88.36686143101178,22.598570053083535],[88.37014828039814,22.600635871605423],[88.37113170656383,22.60091733016821],[88.36996816279377,22.601103574791296],[88.37054697068754,22.60342196184155],[88.37303891525198,22.60288299758249],[88.37358566945977,22.602634247197724],[88.37375109691428,22.602028850378478],[88.37093636251541,22.594570561447693],[88.3677860345944,22.59505848522295],[88.36516746889738,22.595716799315273],[88.36618836918349,22.59849056224411]]]}},{"type":"Feature","properties":{"ward_id":"62","name":"Ward 62"},"geometry":{"type":"Polygon","coordinates":[[[88.36519082419646,22.556068102659637],[88.36373062887179,22.552249974619404],[88.36123942541745,22.55359113715413],[88.35654806637261,22.553488954488184],[88.35679742342411,22.554094307426666],[88.35630652915563,22.554603188538668],[88.35633477757807,22.55565926937328],[88.35448261854889,22.555016867357217],[88.35410677062052,22.555057068332303],[88.3546323838764,22.55627325387142],[88.35469989676157,22.55681951591275],[88.35732714018425,22.55636720902592],[88.35770864570226,22.558176090862553],[88.35902702758627,22.55793594884353],[88.36023356831909,22.558367372435374],[88.36011300991639,22.55773525582333],[88.36084422598125,22.557027666643226],[88.36337904713422,22.556585206904614],[88.36335326099397,22.556374141134132],[88.36519082419646,22.556068102659637]]]}},{"type":"Feature","properties":{"ward_id":"71","name":"Ward 71"},"geometry":{"type":"Polygon","coordinates":[[[88.33401937277071,22.539206453401746],[88.33474930873629,22.540570220702186],[88.33639355898121,22.53985089871803],[88.3367980721503,22.539847538449973],[88.34346824369624,22.541354461942852],[88.34590015834183,22.541621912042103],[88.34733032568148,22.541548701434095],[88.34623739488266,22.535415829624366],[88.34583666811251,22.531221954540708],[88.3433438279277,22.531667180648025],[88.34335456279535,22.532056319707433],[88.34148771002303,22.53233859537562],[88.34149252858624,22.532498974249982],[88.3407766656279,22.532512847501764],[88.34039070266944,22.533699313204977],[88.33996457064472,22.533540035951553],[88.33856404591283,22.5345219194372],[88.33826909127582,22.533939087512618],[88.33742291780402,22.533298140977664],[88.33675444906179,22.53430317230926],[88.33552132628137,22.534815504210666],[88.33518549919725,22.535145708236932],[88.33494737468004,22.53630626165858],[88.33501663478843,22.538077086476292],[88.33467234108275,22.538638885386533],[88.33401937277071,22.539206453401746]]]}},{"type":"Feature","properties":{"ward_id":"91","name":"Ward 91"},"geometry":{"type":"Polygon","coordinates":[[[88.3843170651164,22.517693527009676],[88.3856654435444,22.517346132808935],[88.38559009555331,22.516095410028957],[88.38649063865935,22.515637651267614],[88.385786887686,22.51320485563489],[88.38430084693228,22.51336814129582],[88.38223289640217,22.513302461586346],[88.3813021833773,22.513579835452447],[88.38137220974866,22.51233292416849],[88.38189820119527,22.51135755179542],[88.38190870609424,22.51076875745524],[88.37836611173637,22.51120758396904],[88.3766994233723,22.510746799910503],[88.37641670019623,22.510787848624247],[88.37616618252133,22.511346605849972],[88.37565821846586,22.51148686492159],[88.37525050280279,22.51127827624326],[88.37282262967766,22.51099137833049],[88.37216353395705,22.510617759949607],[88.37126693715008,22.510397040540983],[88.37168102995335,22.515398923160735],[88.3723040529254,22.51887096373824],[88.37244988183534,22.52055201903485],[88.37300169265988,22.520346319338763],[88.37346320393374,22.51977774774396],[88.37451619743166,22.519361056474963],[88.37632624613529,22.518183760013468],[88.3780326562046,22.517605294593324],[88.37830700348903,22.518073371540986],[88.3797630755465,22.51792731699892],[88.38004940905178,22.518617575748845],[88.38043773188446,22.518922774484643],[88.38141025340094,22.518510099475343],[88.3829275600181,22.517459386436567],[88.3843170651164,22.517693527009676]]]}},{"type":"Feature","properties":{"ward_id":"75","name":"Ward 75"},"geometry":{"type":"Polygon","coordinates":[[[88.32633360010053,22.55203927471656],[88.32742975046135,22.551136722094824],[88.32688935003758,22.55053425906031],[88.32988914277485,22.548035926213895],[88.32964918838942,22.547461469415133],[88.32965317960424,22.54465508236934],[88.32989869995116,22.5436649584573],[88.32664046999146,22.54173169925722],[88.32585987173881,22.542200610418615],[88.32157825944788,22.54589142823158],[88.32250568553711,22.54743069852081],[88.32399101213016,22.549007779946372],[88.32499475459433,22.549483695909462],[88.32487430398946,22.550242985890286],[88.32452687157019,22.550653501126167],[88.32633360010053,22.55203927471656]]]}},{"type":"Feature","properties":{"ward_id":"96","name":"Ward 96"},"geometry":{"type":"Polygon","coordinates":[[[88.36117185773504,22.48539653466787],[88.36143705837323,22.48630884612923],[88.36344790030579,22.49074163735754],[88.36373336154689,22.49114194043588],[88.3646221421126,22.4916525134013],[88.36490654783321,22.492061268879063],[88.36586698251755,22.494697314565062],[88.36631114013673,22.496801525307774],[88.36732327196736,22.496295554366515],[88.3708222854575,22.495945867173038],[88.37239751724081,22.49181198002206],[88.37219947824653,22.48976775610952],[88.37484660228473,22.485990474395326],[88.3751788864134,22.48527435859299],[88.37552627571354,22.48382098574755],[88.37461476866947,22.48397673123149],[88.37348459821054,22.48450694751324],[88.37212393262608,22.484827434245652],[88.36693156428268,22.485498874768624],[88.36432326183777,22.48573644514561],[88.36117185773504,22.48539653466787]]]}},{"type":"Feature","properties":{"ward_id":"88","name":"Ward 88"},"geometry":{"type":"Polygon","coordinates":[[[88.34011148022797,22.516832510452044],[88.34598519376495,22.516926795337653],[88.34602654231915,22.515973006306368],[88.34635067693154,22.51491498876541],[88.34613734861115,22.514637834998414],[88.34600924525837,22.511575848122682],[88.34563241726804,22.50824621366423],[88.34287790862076,22.50955020927868],[88.3417943050295,22.509622027714087],[88.34060122644952,22.509394568100724],[88.34004285433018,22.510752679543632],[88.34074019851893,22.51276741966503],[88.34011148022797,22.516832510452044]]]}},{"type":"Feature","properties":{"ward_id":"44","name":"Ward 44"},"geometry":{"type":"Polygon","coordinates":[[[88.36047593557936,22.577470644459527],[88.3607957987026,22.57856279768227],[88.36215307314683,22.578201753551486],[88.36409181180314,22.576957962491388],[88.3614261375543,22.570921784632137],[88.35885944866664,22.572242738944418],[88.35816456855672,22.570363832561146],[88.35306565374894,22.572000006831797],[88.35365461979193,22.573828810374383],[88.35683100963595,22.573107829452344],[88.35704122080234,22.574158203523425],[88.35734330536778,22.575007314435524],[88.3574961258656,22.575072447190706],[88.35725928773587,22.575918342386686],[88.35756794527424,22.575876953043718],[88.35775319585215,22.576650254351087],[88.35783074471567,22.57714485332781],[88.35747003160321,22.57718722023656],[88.357660629852,22.578140493390904],[88.36047593557936,22.577470644459527]]]}},{"type":"Feature","properties":{"ward_id":"85","name":"Ward 85"},"geometry":{"type":"Polygon","coordinates":[[[88.35248075887083,22.51729806152109],[88.3517695707452,22.521387289242224],[88.35260370230061,22.524432869574568],[88.35710004877537,22.524719387755574],[88.35977738764815,22.525157062213033],[88.3597364550139,22.524690322813342],[88.36037819079162,22.524634994272155],[88.36037997843904,22.524098332494315],[88.36018918705248,22.523954961227144],[88.36023015472101,22.523250489848003],[88.3605481637215,22.522777571137432],[88.36052391010713,22.522333726209904],[88.36111763452617,22.522223946807767],[88.36111240183965,22.52160681111765],[88.3615321001303,22.521517452663762],[88.36151139755626,22.521070081150853],[88.3631232590436,22.520983616724177],[88.36321592475672,22.519125283151194],[88.35248075887083,22.51729806152109]]]}},{"type":"Feature","properties":{"ward_id":"89","name":"Ward 89"},"geometry":{"type":"Polygon","coordinates":[[[88.34220856671604,22.50340766431219],[88.34526714071394,22.503279805111198],[88.34563241726804,22.50824621366423],[88.34683759435825,22.50783904628326],[88.34937172291013,22.507619980557667],[88.35142611606601,22.507724388070997],[88.35420662105929,22.508167773683123],[88.35404043542668,22.50736445904183],[88.35305073902026,22.507183912006667],[88.35310922383685,22.506651150195463],[88.35359624277318,22.50557055189125],[88.3529637901856,22.501676713757817],[88.35193693766243,22.50123906205242],[88.35058726206717,22.501002762354535],[88.34534584750587,22.501242581775625],[88.34530635307442,22.500537217828658],[88.34248686838433,22.500431443799854],[88.34208965492526,22.501939434580287],[88.34220856671604,22.50340766431219]]]}},{"type":"Feature","properties":{"ward_id":"67","name":"Ward 67"},"geometry":{"type":"Polygon","coordinates":[[[88.3853428540343,22.517515965915265],[88.3843170651164,22.517693527009676],[88.3829275600181,22.517459386436567],[88.38141025340094,22.518510099475343],[88.38043773188446,22.518922774484643],[88.38004940905178,22.518617575748845],[88.3797630755465,22.51792731699892],[88.37830700348903,22.518073371540986],[88.3780326562046,22.517605294593324],[88.37632624613529,22.518183760013468],[88.37451619743166,22.519361056474963],[88.37346320393374,22.51977774774396],[88.37300169265988,22.520346319338763],[88.37244988183534,22.52055201903485],[88.37315032161858,22.529278427089505],[88.37468188090602,22.52914731841539],[88.37587866952815,22.528703669861873],[88.37710194946797,22.528666574482006],[88.3806511913589,22.52896710186852],[88.38187880117842,22.52884042133854],[88.38230784913452,22.528605639992627],[88.3875370960153,22.52779399792997],[88.38799088267601,22.527078452068643],[88.38843831914599,22.526841536038678],[88.38969696665689,22.526448766951905],[88.3904409585617,22.526481515730264],[88.39148276084784,22.526052217106468],[88.39153998622639,22.5257947597674],[88.3905361332694,22.52537711413867],[88.39064456261917,22.52513195460393],[88.39019690785858,22.52362558264442],[88.38942275681471,22.523885884402965],[88.38930274279105,22.52350913106569],[88.38847906582897,22.5236818434473],[88.38824629077929,22.522786667386917],[88.38842330111105,22.52268799271418],[88.38824737774078,22.522264159822104],[88.38792005860068,22.52223962922919],[88.38772534067802,22.521829441090407],[88.38708094049714,22.521963523256332],[88.38690683352037,22.52076143514594],[88.38709573754655,22.520033067904514],[88.38683344924648,22.519648046551495],[88.38701539132921,22.51958577207816],[88.38694190285077,22.51902369734154],[88.38666299931123,22.519083386347305],[88.38658151762337,22.51859513898313],[88.38629891571985,22.518247774432968],[88.38581146469386,22.51832659539296],[88.38552556866816,22.51763219102237],[88.38523388479707,22.517602717972924],[88.3853428540343,22.517515965915265]]]}},{"type":"Feature","properties":{"ward_id":"76","name":"Ward 76"},"geometry":{"type":"Polygon","coordinates":[[[88.31789000685998,22.538522117903092],[88.31911351587026,22.54277255112891],[88.31864380567279,22.54319361219421],[88.31871883925352,22.544392715718423],[88.31933932089161,22.544988182452315],[88.32090880615208,22.54547494185608],[88.32155901843281,22.545878921943793],[88.32594759312462,22.542130060908026],[88.32664046999146,22.54173169925722],[88.32270803374979,22.539003034952934],[88.31789000685998,22.538522117903092]]]}},{"type":"Feature","properties":{"ward_id":"74","name":"Ward 74"},"geometry":{"type":"Polygon","coordinates":[[[88.33290398858134,22.51207772256132],[88.32371287485356,22.518001111049443],[88.32655068337881,22.529915590340025],[88.32747812294275,22.535249880055513],[88.3274581524957,22.53944892545143],[88.32614046950096,22.54138189138457],[88.32772110285406,22.542459007898245],[88.3279292658616,22.542492210033544],[88.32824442899926,22.542068877647125],[88.32935591000872,22.541299029729288],[88.33178799982578,22.54115803678025],[88.33237266563353,22.540807992651633],[88.33333927713375,22.539630342995963],[88.33401937277071,22.539206453401746],[88.3349198359267,22.538305186699247],[88.33508090475544,22.53776460788299],[88.3349619372691,22.536074491607287],[88.33531373550066,22.534934256212907],[88.33675444906179,22.53430317230926],[88.3376994965036,22.53274194264586],[88.33808757499455,22.532359689048306],[88.33884122648362,22.531982271794945],[88.34068750693761,22.53153467529006],[88.34115286030594,22.531135971913486],[88.34142093734965,22.53059271314556],[88.34143928543934,22.52987959222272],[88.34107175141894,22.528408972657843],[88.34130375391749,22.527199812058193],[88.34046037779949,22.523734048200993],[88.33761606098003,22.523873761975224],[88.33762845234105,22.521615803718557],[88.3380899941576,22.520233372618627],[88.33350510344025,22.51975291050736],[88.33322542465466,22.51835982241597],[88.33320599319674,22.515864338815742],[88.33290398858134,22.51207772256132]]]}},{"type":"Feature","properties":{"ward_id":"87","name":"Ward 87"},"geometry":{"type":"Polygon","coordinates":[[[88.34563241726804,22.50824621366423],[88.34600924525837,22.511575848122682],[88.34613734861115,22.514637834998414],[88.34635067693154,22.51491498876541],[88.34602654231915,22.515973006306368],[88.34598519376495,22.516926795337653],[88.34701649294878,22.516935266277862],[88.3486330265739,22.516690172259175],[88.35248075976912,22.517298057371928],[88.35323683581116,22.512842659593534],[88.35384489824045,22.512352191881934],[88.35419914348284,22.50816812140538],[88.34563241726804,22.50824621366423]]]}},{"type":"Feature","properties":{"ward_id":"132","name":"Ward 132"},"geometry":{"type":"Polygon","coordinates":[[[88.29931018777116,22.516605777191202],[88.29941516040368,22.51668779810141],[88.30174860891438,22.514071090485828],[88.30419272896971,22.51370081311753],[88.30928310259577,22.511459875181608],[88.31792858500988,22.510003345047497],[88.31829089892017,22.510388147624713],[88.32119971298043,22.509602280780882],[88.31898738881107,22.504017118267317],[88.31697075004998,22.5046234656832],[88.31597417524344,22.50445877129912],[88.31413885693087,22.505191410789962],[88.31330452954276,22.50590308064526],[88.31132380093513,22.506005021335177],[88.30943500681202,22.50669364663206],[88.30655794370546,22.508961491059438],[88.29931018777116,22.516605777191202]]]}},{"type":"Feature","properties":{"ward_id":"69","name":"Ward 69"},"geometry":{"type":"Polygon","coordinates":[[[88.35309272088678,22.532089442199897],[88.35356614741453,22.534643823825185],[88.35425966028862,22.536518610993557],[88.35504782145765,22.54112222495481],[88.35926414688868,22.540872260427886],[88.36238466062372,22.539485983087655],[88.36383831441648,22.539152754398657],[88.36512528670659,22.538162482328058],[88.36494720468468,22.536947986607107],[88.36504805854162,22.53543299989974],[88.36467639047427,22.53313873299296],[88.3662165996396,22.528225787075968],[88.36565975735118,22.527248600142954],[88.3650529013593,22.52662775207875],[88.36288021086031,22.525669124341594],[88.35710004877537,22.524719387755574],[88.35396950085858,22.52456498842583],[88.35254715784504,22.52433050102692],[88.35309272088678,22.532089442199897]]]}},{"type":"Feature","properties":{"ward_id":"22","name":"Ward 22"},"geometry":{"type":"Polygon","coordinates":[[[88.34828228476111,22.58261912203481],[88.34879259431781,22.58408347222351],[88.34864751011123,22.584416530982484],[88.3497523894017,22.58765717060769],[88.35298276350274,22.586960990977964],[88.35312899395961,22.588063217574426],[88.35379170899247,22.587724617236383],[88.35384705329882,22.587375341560985],[88.35504736601179,22.587082401968864],[88.3550715827952,22.586207713268212],[88.35523247465588,22.5859442180413],[88.35410280366023,22.58253373048187],[88.35404635262942,22.581838132939474],[88.35154620554812,22.582540132092305],[88.35118675636531,22.5817589094755],[88.34828228476111,22.58261912203481]]]}},{"type":"Feature","properties":{"ward_id":"119","name":"Ward 119"},"geometry":{"type":"Polygon","coordinates":[[[88.3241834609084,22.4999127781614],[88.32287516171516,22.500352111357838],[88.32117842290819,22.501459092301367],[88.32037517363564,22.50113400146876],[88.31825060858135,22.502118143545],[88.32222419664619,22.512488363701937],[88.32575679904309,22.511600167332915],[88.32561116506756,22.510291305588755],[88.32490885678855,22.50758094670523],[88.32481118925593,22.50516062964891],[88.32458539231936,22.503707057360682],[88.32480700580163,22.503224666349297],[88.32479725369092,22.50269619158473],[88.32454071820197,22.502221142685386],[88.32460007348607,22.501534759985688],[88.3241834609084,22.4999127781614]]]}},{"type":"Feature","properties":{"ward_id":"54","name":"Ward 54"},"geometry":{"type":"Polygon","coordinates":[[[88.3671524052138,22.56114435942557],[88.36813479292702,22.560522280083564],[88.36790211309878,22.56011553891197],[88.36817170829532,22.55852966229145],[88.3687930172818,22.55720571284794],[88.37022128378634,22.55529124222201],[88.37087053397141,22.551610739169764],[88.37050175129275,22.55157087899609],[88.37026351538448,22.551269341378667],[88.37009959979457,22.55128470192466],[88.36992696156325,22.55088967194188],[88.36826371734,22.551261678941973],[88.36801325176741,22.55111695039991],[88.36688382152028,22.551130234404066],[88.36574858366478,22.551327455089744],[88.36645394172419,22.555350732208932],[88.36507039964272,22.555695546980214],[88.3671524052138,22.56114435942557]]]}},{"type":"Feature","properties":{"ward_id":"122","name":"Ward 122"},"geometry":{"type":"Polygon","coordinates":[[[88.33986655636241,22.470478021886333],[88.3388411492285,22.469864874811094],[88.33818513023778,22.46926733292744],[88.33753498533068,22.467913556007947],[88.33730901591758,22.467066497967885],[88.33667011971448,22.46648606723171],[88.33578478598452,22.466904506634357],[88.33384544276204,22.46672293970823],[88.32998193694709,22.466801019658625],[88.32708428355589,22.466461017044175],[88.32720963087738,22.46758841046065],[88.32688696770545,22.467658815380755],[88.32687024826137,22.468452063645458],[88.3264658940941,22.468596329205944],[88.32604592271561,22.469542463270624],[88.32486852422893,22.46986438504277],[88.32508160371599,22.47060145286334],[88.32510097588509,22.471048423957022],[88.32492057081987,22.47112041926638],[88.32519567718067,22.472498397958947],[88.32445706528607,22.472672023229787],[88.32456952178325,22.473076904243758],[88.32403333715308,22.47321796081842],[88.32421540589823,22.473918999769438],[88.32383728882546,22.47401824464385],[88.32398861991656,22.47436404514279],[88.32364428937993,22.474448844502007],[88.32462031881761,22.4780544356312],[88.3242612819615,22.478567817662057],[88.32451361063995,22.479301230068142],[88.32405971079149,22.479592080030773],[88.32461966035251,22.48162146111474],[88.32304143628097,22.481486235043498],[88.32200249962058,22.48076512476887],[88.32017729993139,22.481074281699996],[88.32025660949286,22.481370541503708],[88.32008673268275,22.48158254194374],[88.32056348926527,22.482654911838424],[88.32051538538013,22.48286210771257],[88.32118171882698,22.484007761114782],[88.32110463169748,22.484356216000702],[88.31991840636479,22.484461110867656],[88.32019344625029,22.48597378934966],[88.32102657798075,22.48831718357215],[88.3306521376412,22.487758957480203],[88.33238682847227,22.48713389739424],[88.331975989367,22.48694371904003],[88.33049572837383,22.484664588007266],[88.33237800971112,22.483610526787192],[88.33238641255231,22.482840437081567],[88.33283053334058,22.482324443812633],[88.33305732740709,22.481747280159006],[88.3329905727,22.48117162893698],[88.33469428063695,22.4808300313799],[88.33622221252729,22.480879582870426],[88.33656956679314,22.48036858751223],[88.33719192591018,22.480259334253823],[88.3378184145826,22.480378351423475],[88.33877234187099,22.477598954863435],[88.33962656784098,22.473090665583666],[88.34017333911677,22.471968108300707],[88.33950518927642,22.47063964794309],[88.33986655636241,22.470478021886333]]]}},{"type":"Feature","properties":{"ward_id":"29","name":"Ward 29"},"geometry":{"type":"Polygon","coordinates":[[[88.38032446959849,22.574702723296188],[88.38297884573599,22.57392259928157],[88.38210187621965,22.572746056002646],[88.38086659927919,22.571690829353027],[88.37762838917392,22.57033596426306],[88.37704112813337,22.57186681853527],[88.37703192130002,22.573046578640263],[88.37930360344838,22.583542809889988],[88.38344784087447,22.581810942958093],[88.38326240344699,22.58121271804914],[88.38311757436195,22.579178093586513],[88.38226686709294,22.579074562932437],[88.38149721930358,22.57798074985631],[88.38243534522617,22.57755421680703],[88.38208060501204,22.576324016680445],[88.38100765184679,22.575920324011673],[88.38055597982026,22.57556173568657],[88.38032446959849,22.574702723296188]]]}},{"type":"Feature","properties":{"ward_id":"109","name":"Ward 109"},"geometry":{"type":"Polygon","coordinates":[[[88.3990181564378,22.47167842439563],[88.38547854276133,22.48391039180111],[88.38626659523422,22.484918270613278],[88.3864272589228,22.485698316481336],[88.38990151394536,22.49129957420309],[88.39030508388338,22.494172903954603],[88.39059018849332,22.49475060009079],[88.39585135700773,22.497888334567527],[88.39609109400087,22.498241878588324],[88.39621425572125,22.49906466766284],[88.39701961872966,22.501132522536533],[88.40086397156446,22.503787461785002],[88.400436267488,22.50140894399257],[88.4049095461246,22.500571572854646],[88.40966521017073,22.498079524524442],[88.41003633206238,22.49837377514852],[88.41058182862878,22.498428870197234],[88.41062020914927,22.49828882196642],[88.41140258786282,22.498448800483764],[88.4114174325229,22.498002364365018],[88.41302852415406,22.49765284249586],[88.41312844645803,22.49609994158527],[88.4144568158114,22.495282356177896],[88.41451933675853,22.493324775697555],[88.4143718522535,22.492811245880052],[88.41283962192453,22.492876393345952],[88.41244027945824,22.492226442813298],[88.41144596032139,22.49248774571714],[88.4109455672671,22.490121920966114],[88.41229575310541,22.489621979600233],[88.41309895297064,22.490084444225708],[88.41446638376749,22.49032183409331],[88.41541833835554,22.489663135843124],[88.41614234094868,22.4895144417807],[88.41671660696032,22.489901794666817],[88.41749885451988,22.490093658825273],[88.4171479968244,22.487896634246827],[88.41720994644302,22.487426459813314],[88.41741296300229,22.48732209508053],[88.41737450073506,22.48708159333054],[88.41758012600194,22.48690463370258],[88.41797971909818,22.486879997235086],[88.4177305219468,22.486144251125218],[88.41785505359799,22.48514388880857],[88.41776851619173,22.484929544020037],[88.41752376390438,22.48484195057152],[88.41755040344411,22.48444897253316],[88.41726326774334,22.484035464227492],[88.41710045887787,22.483368077136998],[88.41669802081712,22.48320357575049],[88.41684458814224,22.4827118259502],[88.41673095575037,22.481703360833336],[88.41652280442096,22.481481255596606],[88.41560674920659,22.481295237974145],[88.41490687536198,22.478662867386575],[88.4142349022918,22.477201896385232],[88.41062879704339,22.477625410834307],[88.4085379143207,22.477710733630055],[88.40785650624508,22.477935909524078],[88.40722697677545,22.477661014161598],[88.40679259102993,22.477099806643825],[88.40663531758322,22.477128408446838],[88.40667008597798,22.47658012470773],[88.40689704084294,22.476557722626907],[88.40684093746017,22.476224643565896],[88.40672821955327,22.476231140583756],[88.40602588971471,22.472092034351178],[88.40393104901486,22.472291896314154],[88.40341362659773,22.47222172866746],[88.40337573476073,22.472102399010016],[88.40186125424344,22.472623408474725],[88.40038645949878,22.472690028905518],[88.40023715410867,22.47235248124094],[88.39977082606826,22.47248436179704],[88.3990181564378,22.47167842439563]]]}},{"type":"Feature","properties":{"ward_id":"32","name":"Ward 32"},"geometry":{"type":"Polygon","coordinates":[[[88.4012187522028,22.580773904220575],[88.40055769096836,22.58042996834964],[88.39895493839799,22.580116002270454],[88.39791935065699,22.579697148300326],[88.38782323817938,22.580220744802258],[88.38250938167691,22.58217169064458],[88.38309723740223,22.582940397211196],[88.38345914257904,22.58388456902787],[88.38375006467878,22.584104632632847],[88.3863505652554,22.584084019647126],[88.38655155791034,22.584403593568446],[88.3881942361035,22.584177181990484],[88.3885962106336,22.58459172839826],[88.38878271795457,22.584575141522986],[88.39011275458105,22.588809503236373],[88.38700830272329,22.590532537076527],[88.38804653330786,22.59182233006473],[88.38861767767392,22.593117126204515],[88.3908935154288,22.59231056630269],[88.39168753091853,22.595823367013306],[88.39340368860698,22.594126551051122],[88.39497564064122,22.59211101563008],[88.39504539572133,22.591803352948443],[88.39565127165122,22.591504355823766],[88.39593476378522,22.591181511517753],[88.39648305411214,22.59011339297511],[88.39685915536542,22.589716102178986],[88.4012187522028,22.580773904220575]]]}},{"type":"Feature","properties":{"ward_id":"57","name":"Ward 57"},"geometry":{"type":"Polygon","coordinates":[[[88.3778147545611,22.564343002921383],[88.37808501810422,22.56598852455186],[88.37820375113024,22.5660190971946],[88.37975872859886,22.566096338815665],[88.38210604889416,22.5656649659484],[88.38316125494265,22.562367092931755],[88.38366960617202,22.562014562487082],[88.3854582399376,22.56131777133377],[88.40990286397073,22.55844988951918],[88.4113393374837,22.558113310296953],[88.41189319916201,22.55748032476965],[88.41235507066025,22.5561547491976],[88.41282967937094,22.555329533371616],[88.41404117880417,22.554571359828522],[88.41748552891093,22.55167799852009],[88.41864730569485,22.550987881781158],[88.42324555166554,22.545564034251203],[88.42219731474701,22.54531065789728],[88.42084013911744,22.545448650694542],[88.42032513945666,22.54580328517884],[88.41972520947563,22.546691561972477],[88.41925236954772,22.546919593203437],[88.41345647167391,22.548889767646255],[88.4085415246498,22.550327791812972],[88.40125020132257,22.55346491725546],[88.39705118103716,22.553656560435478],[88.39496046090953,22.554072613118926],[88.39423851366178,22.554423025133154],[88.39184218667448,22.554784353043384],[88.38873399423187,22.556287395182363],[88.38782869634304,22.556899745904243],[88.38719868268144,22.556718760881317],[88.38603193821402,22.557803127741874],[88.38532747128339,22.558119282486473],[88.38408457752764,22.559034467074206],[88.38352123143656,22.559681194042316],[88.38227341131979,22.560200361993644],[88.38158290959855,22.561228952084342],[88.38030908684756,22.56169304690107],[88.37906252167724,22.56241173654784],[88.37811751645624,22.562615110533873],[88.3778147545611,22.564343002921383]]]}},{"type":"Feature","properties":{"ward_id":"136","name":"Ward 136"},"geometry":{"type":"Polygon","coordinates":[[[88.2841668827849,22.541444230702865],[88.28478637627619,22.541083944797155],[88.28486213928892,22.540304123454135],[88.28547724989994,22.538885762489237],[88.2853105800754,22.538140280224777],[88.28461773824284,22.53777149529174],[88.2835882958767,22.5381580201694],[88.28344840483075,22.537859546397403],[88.28286712297673,22.537966961982818],[88.28283586340146,22.53769925340101],[88.28203305699834,22.53778884532087],[88.28218432700397,22.538775636981377],[88.27973817226452,22.539099578085885],[88.27982061874295,22.53950248577978],[88.27861784823938,22.539965950927492],[88.2793877772014,22.544029196814936],[88.27908534678458,22.54413812423656],[88.27900088538496,22.544456714672553],[88.27943829575804,22.546794702944865],[88.27934691373744,22.54740234024306],[88.27901871424838,22.548039886117067],[88.28273344108602,22.549479524490028],[88.28255734613751,22.545895350861592],[88.28287066233892,22.545773084721034],[88.28291550174634,22.54501204693212],[88.28233159411671,22.544844355814597],[88.28207494723667,22.544471616340815],[88.28201324914635,22.54338984695376],[88.2825349520358,22.543168711964523],[88.28261819621822,22.54360590066991],[88.28308425745898,22.543932005007996],[88.28419011501477,22.543733610552152],[88.28403475857291,22.542108124941155],[88.28419487428916,22.542017858803206],[88.2841668827849,22.541444230702865]]]}},{"type":"Feature","properties":{"ward_id":"106","name":"Ward 106"},"geometry":{"type":"Polygon","coordinates":[[[88.39628442492473,22.499256308311022],[88.39533089738661,22.49941280494697],[88.39511074187006,22.49915640429961],[88.39406287236248,22.499171365630158],[88.39383271680015,22.498640010414665],[88.39168726771214,22.498852672423407],[88.39142437215098,22.498639187110925],[88.39042759163029,22.49870077220758],[88.39002833719887,22.49842751655769],[88.3885708332268,22.498255989323628],[88.38848808760936,22.498074858564433],[88.38812286944574,22.49803960989554],[88.38773158576588,22.498133018723948],[88.38756913892146,22.49909273459514],[88.38727924179952,22.499131833088867],[88.38681471847451,22.498909563275127],[88.3853684793761,22.499357045509033],[88.38391744057914,22.49939820217604],[88.38400915317973,22.50070746082082],[88.38429791662782,22.50187675459619],[88.38420698915478,22.50333410231721],[88.38447638941689,22.503966051344314],[88.38403312741804,22.50494502785494],[88.3841239551781,22.50550186672164],[88.3839585097573,22.50575893612422],[88.38457187314506,22.508487079456625],[88.3843571362663,22.510099686041],[88.3859472486423,22.51017226435561],[88.3864902362141,22.51076134090257],[88.38873978297556,22.50974109846666],[88.39090102175132,22.509673909977256],[88.39203202674516,22.509804015550316],[88.3928131190712,22.509569642525605],[88.39352269112764,22.50988290605562],[88.39412368561226,22.509695311674832],[88.39664790125497,22.509717699262744],[88.40166868329429,22.508420594099942],[88.40086397156446,22.503787461785002],[88.39701961872966,22.501132522536533],[88.39628442492473,22.499256308311022]]]}},{"type":"Feature","properties":{"ward_id":"4","name":"Ward 4"},"geometry":{"type":"Polygon","coordinates":[[[88.39030685176787,22.618703815902467],[88.39032651858439,22.618405408753127],[88.3906927374712,22.618021536885102],[88.3905081085275,22.61712382136124],[88.39099637163051,22.616677382763186],[88.39087985384994,22.61577112891545],[88.39138791941507,22.61507920866772],[88.39144925278943,22.614696803572265],[88.39128335641432,22.61425892571513],[88.390529154258,22.614504811597893],[88.3898405354056,22.612138341687356],[88.38898481284235,22.61038216198443],[88.3851974392477,22.61185712914745],[88.38468869545454,22.612298849976593],[88.38422119870593,22.6124393571851],[88.38224209515064,22.612256267483065],[88.377558059172,22.61257247390229],[88.37916362975741,22.616056425738524],[88.37938007253693,22.61692281404948],[88.3793019182089,22.618675156359483],[88.38324453775263,22.61923452551032],[88.39030685176787,22.618703815902467]]]}},{"type":"Feature","properties":{"ward_id":"52","name":"Ward 52"},"geometry":{"type":"Polygon","coordinates":[[[88.35872349583491,22.56299096077169],[88.35727275258368,22.556374796515325],[88.35465337031806,22.556802758946905],[88.35479194802707,22.559828660324452],[88.35510717853836,22.560978686346598],[88.35515080252517,22.561830411924582],[88.3561462616241,22.56381883177828],[88.35872349583491,22.56299096077169]]]}},{"type":"Feature","properties":{"ward_id":"38","name":"Ward 38"},"geometry":{"type":"Polygon","coordinates":[[[88.36697342577493,22.584088759008434],[88.36992406719143,22.582853239156343],[88.37438801233218,22.581625880740305],[88.3736541381524,22.576506602570227],[88.36497198111853,22.578961698281272],[88.36697342577493,22.584088759008434]]]}},{"type":"Feature","properties":{"ward_id":"81","name":"Ward 81"},"geometry":{"type":"Polygon","coordinates":[[[88.34337519979236,22.50940309676413],[88.34563241726804,22.50824621366423],[88.34526714071394,22.503279805111198],[88.34039074399195,22.503501685311775],[88.33891292461972,22.503719009765167],[88.33503124229327,22.50671351514536],[88.33447920509333,22.507332857622192],[88.333643310145,22.50745826904877],[88.33314704035789,22.507984138026906],[88.333113422705,22.507357875517055],[88.33150142647035,22.507455347004825],[88.33156250831644,22.508146626524155],[88.33104990176754,22.50818675815602],[88.33103589343901,22.509056346462483],[88.32939921150036,22.509294326183063],[88.3294599924108,22.50976437899429],[88.3291762298839,22.50983001059214],[88.32946410579648,22.51117348801457],[88.3253588660335,22.51165167707414],[88.32222420473103,22.512488362042223],[88.32371287485356,22.518001111049443],[88.33662900202728,22.509666522411553],[88.3374904657235,22.509372465938803],[88.33900540258495,22.509147953649357],[88.34163044154188,22.509604416885477],[88.3425441494584,22.509607146352433],[88.34337519979236,22.50940309676413]]]}},{"type":"Feature","properties":{"ward_id":"127","name":"Ward 127"},"geometry":{"type":"Polygon","coordinates":[[[88.27341099905357,22.48252273717335],[88.27344769613127,22.483161756878157],[88.2730680968383,22.48326834177235],[88.27332062404442,22.484163091373542],[88.27317780718562,22.484238018169773],[88.27333165445782,22.484924527345868],[88.27368306371883,22.485038662449057],[88.27383466699946,22.485529066818625],[88.27317117851713,22.48580534348337],[88.2731200311398,22.48619110564546],[88.27238981669649,22.486322176205285],[88.27144335171315,22.486790946685655],[88.27117894967726,22.48729560942218],[88.27018289858853,22.48753336097758],[88.27012573519373,22.487973228996704],[88.26950887915612,22.488363812425497],[88.26858377251696,22.488564188744327],[88.26871229268804,22.488962711958163],[88.26826460379148,22.489385924830202],[88.26900181970412,22.48969483757919],[88.27010186875327,22.489530859970245],[88.27767730674701,22.487310715627196],[88.2852862653756,22.485653801623936],[88.28892882425822,22.48524324765129],[88.29310147899002,22.485196934815793],[88.29447368792587,22.485025150473973],[88.29606381736987,22.484572229202513],[88.2971518586386,22.484722439223045],[88.30098464746077,22.48439627900152],[88.30225278836758,22.484077549275728],[88.30192801684966,22.48329964406603],[88.3010820787365,22.4825095486683],[88.30041623127822,22.482218200168926],[88.30027038979185,22.481685823644845],[88.29988006641098,22.48126601781639],[88.29935530026643,22.480249757926277],[88.29823556553615,22.479852922033594],[88.29792405944,22.47957594371206],[88.294982898843,22.47984351749957],[88.29496297061672,22.478686321646627],[88.29510775478602,22.478340921240783],[88.29491824080378,22.477355019650307],[88.29458820964987,22.476762515428717],[88.29467075943458,22.47639461846885],[88.29431829824635,22.4756678180355],[88.29402477193064,22.47564482312916],[88.29379312696157,22.47515048069393],[88.29314387947146,22.475281424742118],[88.292877663737,22.474760030984882],[88.29235387855269,22.474717013407464],[88.29193297831624,22.474392939702057],[88.29049768249462,22.47453479182072],[88.29001505272674,22.474132792161267],[88.28926916627498,22.474307214759204],[88.28888019485865,22.473679665920372],[88.28886237857162,22.47243522401285],[88.28850873160718,22.471223910486525],[88.28798700985313,22.470648560846286],[88.28697846499543,22.470159955759677],[88.28642225422264,22.469236229180932],[88.28366627323662,22.470129116189913],[88.28345317488493,22.469819501504237],[88.28298110750816,22.469875636431883],[88.28131021592688,22.470952577082308],[88.28055376169412,22.47170591912841],[88.27967281443769,22.472121623349917],[88.27958822907053,22.471964814451184],[88.27876029409401,22.471811509244485],[88.27867922563118,22.473349232920988],[88.27898183750767,22.474126729182114],[88.27859783018161,22.474700536185093],[88.27869130258186,22.474870222428603],[88.27842664003454,22.474984520215813],[88.27852965523806,22.475542337951016],[88.27865767325088,22.475499986342385],[88.27878127065419,22.475919746566202],[88.278347133742,22.47604563221725],[88.27846932977346,22.476784270848526],[88.27821828568585,22.47686875827821],[88.27824438713475,22.47706179928182],[88.27688180095224,22.477278473810298],[88.27694383411416,22.478459812229524],[88.27670574912284,22.47855135334882],[88.2768503742903,22.478969950538353],[88.27574797255345,22.479184379259156],[88.27534995959377,22.479453076872264],[88.27574086508291,22.481175462098733],[88.27565299817003,22.481314104117665],[88.27597115179927,22.48199515033902],[88.27498886559563,22.482342503846066],[88.27404795938726,22.482392703887136],[88.27373105261965,22.48221362331863],[88.27341099905357,22.48252273717335]]]}},{"type":"Feature","properties":{"ward_id":"53","name":"Ward 53"},"geometry":{"type":"Polygon","coordinates":[[[88.36519082419646,22.556068102659637],[88.36335326099397,22.556374141134132],[88.36337904713422,22.556585206904614],[88.36084422598125,22.557027666643226],[88.36011300991639,22.55773525582333],[88.36023356831909,22.558367372435374],[88.35902702758627,22.55793594884353],[88.35770864570226,22.558176090862553],[88.35839354373275,22.561374766704024],[88.35987635324638,22.561039157748624],[88.36177591367817,22.560281651871957],[88.36474860065009,22.560758219974787],[88.36689071339511,22.56060039251509],[88.36519082419646,22.556068102659637]]]}},{"type":"Feature","properties":{"ward_id":"34","name":"Ward 34"},"geometry":{"type":"Polygon","coordinates":[[[88.38427269193465,22.561751042570553],[88.38641572994445,22.566710040431047],[88.38666210369088,22.567849041880987],[88.38665394429316,22.568834414089356],[88.38840968175306,22.56844548906521],[88.38863063587189,22.568153162063773],[88.38949922410663,22.568017457414886],[88.38957335308389,22.56854164411768],[88.39111435725825,22.568343909685375],[88.3914048364885,22.568597258664315],[88.39633864364201,22.56319629580207],[88.39637302665952,22.56281108373552],[88.39584511191987,22.56291064141315],[88.39547459549273,22.560096669421412],[88.38670857982875,22.561128665661613],[88.3854582399376,22.56131777133377],[88.38427269193465,22.561751042570553]]]}},{"type":"Feature","properties":{"ward_id":"135","name":"Ward 135"},"geometry":{"type":"Polygon","coordinates":[[[88.28870662687103,22.54520429672097],[88.28657462017293,22.545851457720357],[88.28648285816494,22.545654746086974],[88.28579137099184,22.545816838504315],[88.28564091575818,22.546077897395406],[88.28431683765695,22.546437514837383],[88.28391275028933,22.5447488313814],[88.2838664511196,22.543822667565752],[88.28308002729231,22.54393115044658],[88.28261819621822,22.54360590066991],[88.2825349520358,22.543168711964523],[88.28205903178478,22.543315298187995],[88.28206796642861,22.544458063712913],[88.28233159411671,22.544844355814597],[88.28291550174634,22.54501204693212],[88.28287066233892,22.545773084721034],[88.28255734613751,22.545895350861592],[88.28273344108602,22.549479524490028],[88.28499309030114,22.54918614346805],[88.28566829730634,22.5512481750993],[88.28754799239395,22.55108267265243],[88.28779876519039,22.550822504296196],[88.28725575246575,22.548637850103173],[88.28937745099597,22.54806866489455],[88.28917881192709,22.54765126666835],[88.28953162794987,22.54719789431892],[88.2898868820003,22.54706247436363],[88.28870662687103,22.54520429672097]]]}},{"type":"Feature","properties":{"ward_id":"117","name":"Ward 117"},"geometry":{"type":"Polygon","coordinates":[[[88.3400166612531,22.49985436561968],[88.33952362090943,22.499846738507827],[88.33817514187014,22.498979758891906],[88.3371706798554,22.498708782816216],[88.33574022505488,22.49860895227432],[88.3350601788252,22.498728783607564],[88.33462407909413,22.49949441693784],[88.33241595544706,22.499469257360904],[88.33081944347298,22.49998947581127],[88.33104584228076,22.501516230228983],[88.33155172763469,22.502944311393822],[88.33187615509787,22.506452673978508],[88.33308939636444,22.506652848990925],[88.3342193467361,22.50650417733851],[88.33511578723626,22.506702113219973],[88.33891292461972,22.503719009765167],[88.34220856671604,22.50340766431219],[88.34210822400048,22.501771510253644],[88.34232762493222,22.500827862157983],[88.34278566331919,22.499846311090767],[88.3428203418824,22.499227080326214],[88.34212003954141,22.499161613833902],[88.34005116554319,22.499423299520526],[88.3400166612531,22.49985436561968]]]}},{"type":"Feature","properties":{"ward_id":"105","name":"Ward 105"},"geometry":{"type":"Polygon","coordinates":[[[88.37863711099972,22.50303518068407],[88.37865508000034,22.503733466845215],[88.37834647636092,22.504547056921204],[88.37860677219764,22.50604082981561],[88.37786057403049,22.506492078283117],[88.37757306373223,22.507586448043373],[88.37707750361416,22.508127221293375],[88.37719759399461,22.510917534064912],[88.37793442093671,22.510999342584444],[88.37832759557025,22.51120607029005],[88.378918016884,22.51107533450638],[88.37969073780994,22.511135574657693],[88.38260718755014,22.510633290991706],[88.38278420147518,22.51012353912155],[88.38324975786276,22.509958516848542],[88.3843571362663,22.510099686041],[88.38457187314506,22.508487079456625],[88.3839585097573,22.50575893612422],[88.3841239551781,22.50550186672164],[88.38403312741804,22.50494502785494],[88.38447638941689,22.503966051344314],[88.38420698915478,22.50333410231721],[88.38429791662782,22.50187675459619],[88.38400915317973,22.50070746082082],[88.38391744057914,22.49939820217604],[88.38358036753169,22.499428348866648],[88.38276498201968,22.499947398921766],[88.3823903144776,22.50061162286171],[88.38234041665682,22.501414245563915],[88.38007036854394,22.50197241324522],[88.38038514271109,22.50305047605158],[88.37890940922695,22.503011356257794],[88.37863711099972,22.50303518068407]]]}},{"type":"Feature","properties":{"ward_id":"20","name":"Ward 20"},"geometry":{"type":"Polygon","coordinates":[[[88.35237359524731,22.59480993301563],[88.35343693284575,22.596434614029402],[88.35565951218238,22.59522377812237],[88.35714547568095,22.5947417707973],[88.3592431299043,22.594886498323124],[88.3617505362714,22.595596041179338],[88.35991517394137,22.591411785641597],[88.35305771443846,22.593076502566298],[88.35309160068759,22.593286788919677],[88.35180690922,22.59351200283614],[88.3519283084458,22.594500976746488],[88.35237359524731,22.59480993301563]]]}},{"type":"Feature","properties":{"ward_id":"102","name":"Ward 102"},"geometry":{"type":"Polygon","coordinates":[[[88.37552627571354,22.48382098574755],[88.3751788864134,22.48527435859299],[88.37484660228473,22.485990474395326],[88.37219947824653,22.48976775610952],[88.37239751724081,22.49181198002206],[88.37096704267731,22.49551155287294],[88.37333901723558,22.4962960058633],[88.3737316555749,22.497100970833078],[88.37391811798012,22.49720551327008],[88.37583898645047,22.493844072744956],[88.37821709919704,22.49074070610805],[88.38034149357145,22.48856216934529],[88.38632321335164,22.48315085269353],[88.3861461697822,22.48299424636202],[88.38533740665042,22.48301861126896],[88.3850824126705,22.4826667332553],[88.3815177970118,22.482793202929734],[88.37552627571354,22.48382098574755]]]}},{"type":"Feature","properties":{"ward_id":"46","name":"Ward 46"},"geometry":{"type":"Polygon","coordinates":[[[88.35478882907638,22.559024578474734],[88.35075043385201,22.559699478738303],[88.35027181326525,22.55519347762477],[88.34484948878551,22.5552983950587],[88.34441554051956,22.555150582965894],[88.34424625749583,22.55529991655045],[88.34698020550287,22.562632358721935],[88.34700174351013,22.563287244081316],[88.34662533682969,22.563964700068883],[88.3480544387674,22.564788590875203],[88.3508538470092,22.572664859740946],[88.35623205612363,22.570972962006405],[88.35568082920406,22.56935449239939],[88.35576173597012,22.56918963796653],[88.35527881784306,22.568368115206884],[88.35671078720318,22.567215672174115],[88.35546479336138,22.56606984171097],[88.35414082485461,22.564433222101165],[88.35615922880525,22.563753575079808],[88.35528390500251,22.562154747700074],[88.35478882907638,22.559024578474734]]]}},{"type":"Feature","properties":{"ward_id":"73","name":"Ward 73"},"geometry":{"type":"Polygon","coordinates":[[[88.34045468607388,22.52370653476397],[88.34130375391749,22.527199812058193],[88.34107175141894,22.528408972657843],[88.34143928543934,22.52987959222272],[88.34142093734965,22.53059271314556],[88.34115286030594,22.531135971913486],[88.34068750693761,22.53153467529006],[88.33868413719156,22.532034023691175],[88.33776946628109,22.53264558756712],[88.33742291780402,22.533298140977664],[88.33826909127582,22.533939087512618],[88.33856404591283,22.5345219194372],[88.33996457064472,22.533540035951553],[88.34039070266944,22.533699313204977],[88.3407766656279,22.532512847501764],[88.34149252858624,22.532498974249982],[88.34148771002303,22.53233859537562],[88.34335456279535,22.532056319707433],[88.3433438279277,22.531667180648025],[88.34583666811251,22.531221954540708],[88.34552940386115,22.529112334064955],[88.34641588653633,22.526052776377327],[88.3465973911395,22.523609935231626],[88.34351803102423,22.523366458704164],[88.34045468607388,22.52370653476397]]]}},{"type":"Feature","properties":{"ward_id":"82","name":"Ward 82"},"geometry":{"type":"Polygon","coordinates":[[[88.33290398858134,22.51207772256132],[88.33320599319674,22.515864338815742],[88.33322542465466,22.51835982241597],[88.33351562540717,22.51977097229299],[88.33805131090486,22.52019634715824],[88.33762845234105,22.521615803718557],[88.3376250638958,22.523897015228638],[88.34046037779949,22.523734048200993],[88.34023485035752,22.522707899588674],[88.34029241799422,22.52126189128246],[88.33992608591963,22.519777042400033],[88.34024473092732,22.517759661038284],[88.34013109045064,22.516290658442678],[88.34073874953637,22.51289363361358],[88.34065278795022,22.512304084832923],[88.34004285433018,22.510752679543632],[88.34060122105964,22.5093945838684],[88.33900540258495,22.509147953649357],[88.33725521940848,22.5094370080923],[88.33593208992816,22.510035595648795],[88.33290398858134,22.51207772256132]]]}},{"type":"Feature","properties":{"ward_id":"124","name":"Ward 124"},"geometry":{"type":"Polygon","coordinates":[[[88.32540738673694,22.45925873843505],[88.32467214621961,22.45902953237135],[88.31701455819146,22.459098458938023],[88.31336195255065,22.458923109804598],[88.31199007419482,22.45872437171867],[88.3110693809787,22.45816995810598],[88.31003827583096,22.457846015883877],[88.30519618756627,22.456984910875033],[88.30647373742738,22.45901440066667],[88.30705678716589,22.46239067913235],[88.30808366304528,22.46590787128993],[88.3099327785823,22.46999811580371],[88.31005442664143,22.471625794072818],[88.30993969650831,22.47307226898456],[88.31019377330834,22.476740829731742],[88.3109703417186,22.476656057508254],[88.31102747187573,22.476195901293035],[88.31129898497541,22.476091432635155],[88.31138271334977,22.475867125325756],[88.31199243047583,22.475981915357252],[88.31205908277497,22.475462269070114],[88.31452507411257,22.474671155259003],[88.31598055058704,22.474439852154866],[88.31747274120715,22.473843905521278],[88.31759977107316,22.473985929201042],[88.3181717652455,22.473833064519923],[88.31813000256794,22.473702526677982],[88.31878625601895,22.473542888949297],[88.31877719650933,22.47337649655576],[88.32039329355321,22.473065927046537],[88.3201584990908,22.47234914672562],[88.32062401146091,22.47217372055888],[88.32045589175549,22.471744435984203],[88.32112554896887,22.47142157724038],[88.32107805953137,22.47067312466173],[88.32152390239004,22.47053744212957],[88.3213214868037,22.46984836712734],[88.32151971085092,22.4697867899465],[88.32161731100993,22.469321000964992],[88.32188801921912,22.469261425797782],[88.32184964678342,22.469038622397925],[88.32207174715259,22.46893403046447],[88.32178479740307,22.468084538091848],[88.32188856808973,22.467957317831967],[88.32157756325353,22.46655765150454],[88.32285136444494,22.46628150827731],[88.32263602479662,22.46533594466535],[88.32308649038573,22.46519465592614],[88.3227180194225,22.46389426694775],[88.32297857577065,22.463810981966315],[88.32252980979406,22.46212529397449],[88.32259217982423,22.461966467257366],[88.3230157291925,22.461873542917328],[88.32302300734291,22.461688990767794],[88.3235014240121,22.461668293928028],[88.32353507310602,22.461408051928505],[88.32413226592035,22.461311198033492],[88.32408159554845,22.460939282698146],[88.32466894372564,22.460860243919427],[88.32467204291335,22.460724047864208],[88.32504782616299,22.460543499762146],[88.32522016076372,22.46059801297244],[88.32535638488667,22.459977412863772],[88.32524075733657,22.459514399398422],[88.32540738673694,22.45925873843505]]]}},{"type":"Feature","properties":{"ward_id":"56","name":"Ward 56"},"geometry":{"type":"Polygon","coordinates":[[[88.37505045068394,22.551275249153534],[88.37565604454284,22.557966748919224],[88.3755217598826,22.559597557766107],[88.3758082146604,22.559721090033044],[88.37667961462198,22.561430321924043],[88.3768500483876,22.561617518353675],[88.37772082761327,22.56151103369971],[88.37809375511866,22.56269988064551],[88.37906252167724,22.56241173654784],[88.38030908684756,22.56169304690107],[88.38158290959855,22.561228952084342],[88.38227341131979,22.560200361993644],[88.3833921300555,22.55974767048571],[88.38123301579539,22.554988349695282],[88.37998611196019,22.55363078602245],[88.37626401354737,22.550973947334242],[88.37505045068394,22.551275249153534]]]}},{"type":"Feature","properties":{"ward_id":"3","name":"Ward 3"},"geometry":{"type":"Polygon","coordinates":[[[88.39030729553564,22.618705403031683],[88.39118238128482,22.619006885104394],[88.39180385376469,22.619529123100072],[88.39311993685988,22.619792423017625],[88.3937936409836,22.609608996197135],[88.39372768038726,22.60670432123554],[88.3934612643285,22.60407999709481],[88.39274782232985,22.600494693854873],[88.39251494577053,22.600568335928227],[88.39230394767999,22.600925375482024],[88.39180514194878,22.601047980001947],[88.39163029206527,22.600855521973184],[88.39097700395298,22.601021258236866],[88.3908714626869,22.60085325541786],[88.38973061215752,22.60114144352465],[88.38957294794369,22.600926051384548],[88.38864998468482,22.601010265497838],[88.38838187440344,22.600508052715842],[88.38796247704842,22.60046831947206],[88.38584974909462,22.601321312816523],[88.38426440587446,22.60233332552398],[88.38341389174326,22.60302227706772],[88.38295112462464,22.604088510783445],[88.38316091178619,22.60459162771289],[88.383106439744,22.604895465258586],[88.38402307527002,22.605187969714056],[88.38391747202017,22.605757040948074],[88.38466487123489,22.60769418555469],[88.38440256856181,22.60775247698875],[88.38483119700467,22.608907608574874],[88.38494538725034,22.609943919610018],[88.38568856438319,22.611683396908703],[88.38898479936759,22.610382146228293],[88.38984051743928,22.612138370711484],[88.39052911652874,22.61450475189215],[88.39128339863515,22.61425890332544],[88.39142261594462,22.614966701082505],[88.3908798152224,22.615771167889676],[88.39099136442111,22.61669006505716],[88.3905080968494,22.617123823019707],[88.39069389180634,22.617966201845547],[88.39031656345443,22.618427632754543],[88.39030729553564,22.618705403031683]]]}},{"type":"Feature","properties":{"ward_id":"36","name":"Ward 36"},"geometry":{"type":"Polygon","coordinates":[[[88.3689089026484,22.565671860259958],[88.37322551689606,22.574525401431075],[88.37369505461696,22.576495758009337],[88.37756626528211,22.57543601450917],[88.37707034044807,22.573331836266778],[88.37700198224822,22.572148189070695],[88.37713765570388,22.571469666734984],[88.37787183171761,22.569791905039768],[88.37836704688259,22.569132275860866],[88.37979781339857,22.567843790142696],[88.38177907740207,22.566460235079052],[88.38210582701026,22.565664982539218],[88.37975872859886,22.566096338815665],[88.37809776699473,22.56600036787432],[88.37780914907371,22.56441766973466],[88.3780850423587,22.563002128263026],[88.37585787083435,22.56348596712781],[88.3732664899545,22.563234826987152],[88.37166837718257,22.56458062938119],[88.3689089026484,22.565671860259958]]]}},{"type":"Feature","properties":{"ward_id":"41","name":"Ward 41"},"geometry":{"type":"Polygon","coordinates":[[[88.3610032897703,22.57932285239766],[88.3589073585157,22.579932824785427],[88.35879152704803,22.57975877853558],[88.35697601209588,22.580046646660477],[88.35805704201381,22.58452344832014],[88.360029233033,22.583997100362335],[88.36219791704585,22.58387194425933],[88.3610032897703,22.57932285239766]]]}},{"type":"Feature","properties":{"ward_id":"37","name":"Ward 37"},"geometry":{"type":"Polygon","coordinates":[[[88.37369505461696,22.576495758009337],[88.37338191179039,22.574897437576062],[88.37146829721598,22.57104167516661],[88.36703748104456,22.57274744375275],[88.36925725134928,22.577754220721623],[88.37369505461696,22.576495758009337]]]}},{"type":"Feature","properties":{"ward_id":"139","name":"Ward 139"},"geometry":{"type":"Polygon","coordinates":[[[88.25565095195032,22.536770203005467],[88.26548221053946,22.542513746033716],[88.27901871424838,22.548039886117067],[88.27934337707016,22.547412734932657],[88.27943697792954,22.546772809202047],[88.27900077309555,22.544459920510125],[88.27908404782069,22.54413956952174],[88.2793877772014,22.544029196814936],[88.27852387008761,22.53976638338869],[88.27752195389841,22.540182014980825],[88.27746093493442,22.53996088895752],[88.27643896565314,22.54026667027384],[88.27618396269006,22.540201099596565],[88.27633632684372,22.54139109177895],[88.2756909483975,22.541645631079362],[88.2749234601581,22.541715661454965],[88.27476076358205,22.54120640923839],[88.27459459501743,22.54116637763292],[88.27453749091143,22.540350067700683],[88.27411627895958,22.539367871379074],[88.27387644225345,22.539312682299308],[88.2738124804086,22.53906425442006],[88.27335304783628,22.539182866697367],[88.2732588900215,22.538713510521287],[88.2729975853767,22.538680279267275],[88.27175219969433,22.538999488811253],[88.27158958306836,22.53879713373567],[88.27137031418897,22.538838128482332],[88.27131999865158,22.53856422121537],[88.27109178165364,22.53850225977122],[88.2711990243289,22.537125036514208],[88.27037475897028,22.537291484974933],[88.2703122236501,22.53748660220796],[88.27001657820863,22.537553763068427],[88.26943011127875,22.537547988289422],[88.26933189846872,22.537393799941825],[88.26899149895983,22.53749821648822],[88.2689456767955,22.537042816990677],[88.2687256209919,22.53681735898083],[88.26827678315009,22.53704963722872],[88.26811406142122,22.53689466756411],[88.26837222016587,22.536496556315385],[88.26794215441858,22.53640946681161],[88.26758306007024,22.536099186516687],[88.26751297081684,22.535544468074228],[88.2663684901954,22.53548544912873],[88.26607233181592,22.534961816367318],[88.26511391564603,22.535021234634243],[88.26491386622213,22.53461984802902],[88.26489365143328,22.53430934549395],[88.26503964832823,22.534151188249957],[88.26487082793686,22.533688267801928],[88.26346916863277,22.534131400846256],[88.26346010552984,22.534724728001116],[88.26290151332326,22.534876244293613],[88.26268852726096,22.53538517386542],[88.26112225707094,22.535549778292882],[88.26090095440573,22.534788806112612],[88.26090340051826,22.534459607693183],[88.26124910098567,22.534055736901443],[88.26104519778923,22.532912350089262],[88.26052022682876,22.5331231862261],[88.25974146832581,22.53311547382765],[88.2598323679511,22.533813999650256],[88.25938469342755,22.533986198819587],[88.25896912379397,22.53455273552516],[88.25779458644145,22.534636067536084],[88.25780960537469,22.53521522001344],[88.2576506978925,22.535227905657898],[88.25764407641056,22.53538760246357],[88.25722482637923,22.53537378260288],[88.25722049739788,22.535677594364593],[88.25689572947321,22.535693637016887],[88.25688078330354,22.535817390646166],[88.25643060337867,22.535782536592027],[88.25648670316819,22.536203053939264],[88.25607694473617,22.536323494052034],[88.25615642318091,22.536736417034398],[88.25565095195032,22.536770203005467]]]}},{"type":"Feature","properties":{"ward_id":"23","name":"Ward 23"},"geometry":{"type":"Polygon","coordinates":[[[88.35409285931003,22.582493673546693],[88.35523247465588,22.5859442180413],[88.35506270923685,22.58627507434736],[88.3551518194181,22.586667220260964],[88.35827589587156,22.5863026482968],[88.35746944590163,22.58179100562564],[88.35409285931003,22.582493673546693]]]}},{"type":"Feature","properties":{"ward_id":"40","name":"Ward 40"},"geometry":{"type":"Polygon","coordinates":[[[88.36215505483037,22.572519675038617],[88.36497278241575,22.578961409629002],[88.36925725134928,22.577754220721623],[88.36629422845321,22.571062665870592],[88.36511820618551,22.57115185787023],[88.36417762696392,22.571416868690445],[88.3636319103103,22.571632814638484],[88.36368475101193,22.571783935374462],[88.36331571411006,22.57201800537488],[88.36215505483037,22.572519675038617]]]}},{"type":"Feature","properties":{"ward_id":"121","name":"Ward 121"},"geometry":{"type":"Polygon","coordinates":[[[88.3166729360754,22.495106276009107],[88.31709581080888,22.49506449144189],[88.3173560464585,22.495278875311325],[88.31956496421627,22.49478261023882],[88.32045561058281,22.49421036298838],[88.32187513917455,22.493611262073383],[88.32264807839113,22.492969891977946],[88.32328596129459,22.49298800540087],[88.32348510611496,22.493682780035517],[88.32405017247982,22.493755793571268],[88.32429958343025,22.494386776284827],[88.32527718491964,22.49453356365539],[88.3259077070277,22.495098751551094],[88.32954538895665,22.4933188222857],[88.33311887368215,22.492978884781465],[88.33336008481068,22.492815713652806],[88.33341246108331,22.492550157721933],[88.33442890123402,22.49217350075806],[88.33554425847392,22.49229142455825],[88.33625464081075,22.491848304276854],[88.33654701818121,22.491109992524766],[88.33726646002762,22.49109583707131],[88.33757936749562,22.490528649144697],[88.33793164273258,22.490629850852567],[88.33883497420926,22.490477422863858],[88.33854997470223,22.489407427606743],[88.33637166703775,22.48879304713592],[88.33508000464354,22.4874481537967],[88.33470698191675,22.487290414381285],[88.33242619174972,22.48712987017459],[88.3306521376412,22.487758957480203],[88.3204243007019,22.4883962772335],[88.3160406227267,22.487904117596095],[88.31341772625171,22.487238954498615],[88.31595766690349,22.493040139577023],[88.3166729360754,22.495106276009107]]]}},{"type":"Feature","properties":{"ward_id":"33","name":"Ward 33"},"geometry":{"type":"Polygon","coordinates":[[[88.39547459549273,22.560096669421412],[88.39584511191987,22.56291064141315],[88.39637302665952,22.56281108373552],[88.3963254950012,22.56328513286413],[88.39025242464143,22.569896116233668],[88.38936710887782,22.571266200462794],[88.38952228116503,22.57198769286729],[88.39193652415237,22.571923407235822],[88.39540277069418,22.57113856666998],[88.40355107242947,22.570636306345026],[88.40418930298094,22.570816037961908],[88.40591623146966,22.567484258368424],[88.40832542951834,22.56216834753382],[88.40927469544873,22.560750894041107],[88.41159858318984,22.558144606425355],[88.39547459549273,22.560096669421412]]]}},{"type":"Feature","properties":{"ward_id":"103","name":"Ward 103"},"geometry":{"type":"Polygon","coordinates":[[[88.38524753200288,22.4948603930085],[88.38601261006237,22.494813070002518],[88.38932464371769,22.49357289239632],[88.3898353350584,22.49383749770636],[88.39025108615165,22.49385848271869],[88.38990151394536,22.49129957420309],[88.3864272589228,22.485698316481336],[88.38626659523422,22.484918270613278],[88.38547854276133,22.48391039180111],[88.37905444402621,22.48982883055732],[88.37735518095329,22.49176800828086],[88.375853541853,22.493822385573974],[88.37669433980614,22.494264496100545],[88.37781715665616,22.494064500692307],[88.37806954462344,22.49374586460912],[88.38032080087888,22.493662893880952],[88.3807191641815,22.49400912337533],[88.38236948434277,22.493574519974672],[88.38264265932575,22.493689836465787],[88.38279522380371,22.49403282734634],[88.38353817635775,22.494049827639277],[88.38373402885261,22.495250566085844],[88.38437910097329,22.495205486605677],[88.38524753200288,22.4948603930085]]]}},{"type":"Feature","properties":{"ward_id":"13","name":"Ward 13"},"geometry":{"type":"Polygon","coordinates":[[[88.3908935154288,22.59231056630269],[88.38636687776267,22.59396981261746],[88.38506104444484,22.594328259306394],[88.38428438710133,22.594371490107523],[88.3832569138423,22.59315150463633],[88.38298720905127,22.593252329242944],[88.38272596279698,22.59295990143664],[88.38198506828326,22.593005969962686],[88.38170326588033,22.592521828346015],[88.38022017519401,22.592446433636567],[88.38032778797513,22.5961591483574],[88.38018649735399,22.596925030037106],[88.37845067195072,22.60127386375704],[88.38346497444188,22.600543648417954],[88.38436721985536,22.60029262392327],[88.39062383219733,22.596711183849283],[88.39167912897567,22.59596838533624],[88.3908935154288,22.59231056630269]]]}},{"type":"Feature","properties":{"ward_id":"66","name":"Ward 66"},"geometry":{"type":"Polygon","coordinates":[[[88.38720826501059,22.54055009404484],[88.38744478154345,22.53986484092556],[88.38804232649738,22.539097407589814],[88.39267904551508,22.536046126018167],[88.39329553324342,22.53576771612812],[88.39676378123168,22.534994938992586],[88.39597387553438,22.53175230830771],[88.39493688192995,22.53200726863285],[88.39453779278858,22.530787108833852],[88.39415691698956,22.53037575620861],[88.39369014787637,22.528564781608534],[88.3928277104064,22.528822532499287],[88.39274345472093,22.528716368550906],[88.392800721422,22.52852611046982],[88.3923558460489,22.527854391768738],[88.39246707275242,22.5273693135916],[88.39219988863408,22.52738686822145],[88.39200458321324,22.526042794139133],[88.39153998622639,22.5257947597674],[88.39148276084784,22.526052217106468],[88.39045672040167,22.526476912132228],[88.38969696665689,22.526448766951905],[88.38849600356363,22.526816243696075],[88.38799088267601,22.527078452068643],[88.3875370960153,22.52779399792997],[88.38230784913452,22.528605639992627],[88.38187880117842,22.52884042133854],[88.3806511913589,22.52896710186852],[88.37710194946797,22.528666574482006],[88.37587866952815,22.528703669861873],[88.37468188090602,22.52914731841539],[88.37489485708684,22.533109599294693],[88.37448691864161,22.533412721550118],[88.37451611568495,22.53434944380645],[88.37490317997795,22.534513466999577],[88.37580264600395,22.534441089817975],[88.37611417994786,22.534666109463355],[88.3769840033661,22.53387170833403],[88.37711205820987,22.533480946451693],[88.3784074315445,22.53329712870077],[88.37958887963653,22.533507795814167],[88.37994888218158,22.5341122680969],[88.37970008388217,22.535081198004605],[88.38007174116971,22.535962171739097],[88.38093817973599,22.53572220595999],[88.3814709893956,22.53579540057418],[88.38242395638501,22.53637657186801],[88.38325360085554,22.5363441158368],[88.38510281161399,22.53678077356544],[88.38566363703237,22.53705878646964],[88.38640340146549,22.538494014173565],[88.3862277898106,22.539232290247206],[88.38635353598406,22.540393888748728],[88.38720826501059,22.54055009404484]]]}},{"type":"Feature","properties":{"ward_id":"123","name":"Ward 123"},"geometry":{"type":"Polygon","coordinates":[[[88.32720963087738,22.46758841046065],[88.32708428355589,22.466461017044175],[88.32674165083517,22.466818953045628],[88.32677741725821,22.46704740740793],[88.32648604420423,22.46711673343102],[88.3265823975016,22.467570628256798],[88.32585245704445,22.46766261820172],[88.32593941126902,22.46826246230365],[88.32533703697209,22.468351053258015],[88.32535792998898,22.4688310397574],[88.32490256678494,22.468906858928932],[88.32498293815507,22.469364057573568],[88.32441366048818,22.46985005641316],[88.32207748828556,22.470500313715544],[88.32229306778409,22.47134225639393],[88.32045589175549,22.471744435984203],[88.32062401146091,22.47217372055888],[88.32015758550415,22.472355296113037],[88.32039329355321,22.473065927046537],[88.31877719650933,22.47337649655576],[88.31878625601895,22.473542888949297],[88.31813000256794,22.473702526677982],[88.3181717652455,22.473833064519923],[88.31759977107316,22.473985929201042],[88.31747274120715,22.473843905521278],[88.31598055058704,22.474439852154866],[88.31452507411257,22.474671155259003],[88.31205908277497,22.475462269070114],[88.31199243047583,22.475981915357252],[88.31138271334977,22.475867125325756],[88.31129898497541,22.476091432635155],[88.31102747187573,22.476195901293035],[88.3109703417186,22.476656057508254],[88.3101932442006,22.476740870405415],[88.31073862937592,22.481345072344247],[88.31340248992618,22.487238739525583],[88.31664097311928,22.487992884396927],[88.32029372428714,22.488390110298376],[88.32102657798075,22.48831718357215],[88.32019344625029,22.48597378934966],[88.31991840636479,22.484461110867656],[88.32110463169748,22.484356216000702],[88.32118171882698,22.484007761114782],[88.32051538538013,22.48286210771257],[88.32056348926527,22.482654911838424],[88.32008673268275,22.48158254194374],[88.32025660949286,22.481370541503708],[88.32017729993139,22.481074281699996],[88.32200249962058,22.48076512476887],[88.32304143628097,22.481486235043498],[88.32461966035251,22.48162146111474],[88.32405971079149,22.479592080030773],[88.32451361063995,22.479301230068142],[88.3242612819615,22.478567817662057],[88.32462031881761,22.4780544356312],[88.32364428937993,22.474448844502007],[88.32398861991656,22.47436404514279],[88.32383728882546,22.47401824464385],[88.32421540589823,22.473918999769438],[88.32403333715308,22.47321796081842],[88.32456952178325,22.473076904243758],[88.32445706528607,22.472672023229787],[88.32519567718067,22.472498397958947],[88.32492057081987,22.47112041926638],[88.32510097588509,22.471048423957022],[88.32508160371599,22.47060145286334],[88.32486852422893,22.46986438504277],[88.32604592271561,22.469542463270624],[88.3264658940941,22.468596329205944],[88.32687024826137,22.468452063645458],[88.32688696770545,22.467658815380755],[88.32720963087738,22.46758841046065]]]}},{"type":"Feature","properties":{"ward_id":"63","name":"Ward 63"},"geometry":{"type":"Polygon","coordinates":[[[88.3279292658616,22.542492210033544],[88.32989869995116,22.5436649584573],[88.32977950608935,22.54398448502464],[88.33128764000915,22.5450448518736],[88.3428511873343,22.552275538566654],[88.34334254962506,22.552799339600707],[88.34438662464885,22.555161152947758],[88.34484948878551,22.5552983950587],[88.35027181326525,22.55519347762477],[88.35075043385201,22.559699478738303],[88.35478882907638,22.559024578474734],[88.35465760497631,22.556374888600526],[88.35410677062052,22.555057068332303],[88.35448261854889,22.555016867357217],[88.35633477757807,22.55565926937328],[88.35630652915563,22.554603188538668],[88.35679742342411,22.554094307426666],[88.35502374301475,22.550072833796495],[88.35841930651678,22.548710519342517],[88.35976298406088,22.54739657666155],[88.361645772048,22.546461482773545],[88.36150204699246,22.546474921541876],[88.35957499362137,22.54156021746971],[88.35912407617965,22.54090641127987],[88.34590015834183,22.541621912042103],[88.34346824369624,22.541354461942852],[88.3367980721503,22.539847538449973],[88.33639355898121,22.53985089871803],[88.33474930873629,22.540570220702186],[88.33401937277071,22.539206453401746],[88.33344292834447,22.539532405512354],[88.33237266563353,22.540807992651633],[88.33178799982578,22.54115803678025],[88.32935591000872,22.541299029729288],[88.32824442899926,22.542068877647125],[88.3279292658616,22.542492210033544]]]}},{"type":"Feature","properties":{"ward_id":"21","name":"Ward 21"},"geometry":{"type":"Polygon","coordinates":[[[88.35388008165687,22.587362660712536],[88.35379170899247,22.587724617236383],[88.35312899395961,22.588063217574426],[88.35298276350274,22.586960990977964],[88.34977316114602,22.58765174461918],[88.35119559578767,22.59174989089526],[88.35137533969288,22.592775421492743],[88.35180690922,22.59351200283614],[88.35309160068759,22.593286788919677],[88.35305771443846,22.593076502566298],[88.35662996937033,22.592235769460984],[88.35504854999134,22.587081988921856],[88.35388008165687,22.587362660712536]]]}},{"type":"Feature","properties":{"ward_id":"49","name":"Ward 49"},"geometry":{"type":"Polygon","coordinates":[[[88.36933934748478,22.566706053689185],[88.36499321819015,22.5681444271589],[88.36703748104456,22.57274744375275],[88.37146829721598,22.57104167516661],[88.36933934748478,22.566706053689185]]]}},{"type":"Feature","properties":{"ward_id":"70","name":"Ward 70"},"geometry":{"type":"Polygon","coordinates":[[[88.35504782145765,22.54112222495481],[88.35425966028862,22.536518610993557],[88.35356614741453,22.534643823825185],[88.35309272088678,22.532089442199897],[88.35224698040295,22.53226412527614],[88.35201124360778,22.531745767431918],[88.35135357171691,22.53192929766734],[88.35041355394236,22.53194447782206],[88.34959214522635,22.532290515198557],[88.34893046774765,22.53097116225541],[88.34676658343336,22.531470890228487],[88.34588379822387,22.531456221975166],[88.34623739488266,22.535415829624366],[88.34733032568148,22.541548701434095],[88.35504782145765,22.54112222495481]]]}},{"type":"Feature","properties":{"ward_id":"45","name":"Ward 45"},"geometry":{"type":"Polygon","coordinates":[[[88.34754104888759,22.58071866286329],[88.34831346079305,22.582373554925944],[88.34819152976458,22.58243726171021],[88.34828228476111,22.58261912203481],[88.34958251887976,22.58228415536412],[88.34924737002369,22.58113380360941],[88.35160157860058,22.580104115370357],[88.35188840797584,22.57971825712764],[88.35213514913325,22.579193835892717],[88.3522547598133,22.57821120032951],[88.35210215311454,22.577335429247512],[88.35513721370988,22.576527537696535],[88.35417994379029,22.575562386829166],[88.35306565374894,22.572000006831797],[88.3508538470092,22.572664859740946],[88.3480544387674,22.564788590875203],[88.34687299516698,22.56413251311713],[88.34568395271755,22.56452258595849],[88.34523026666815,22.564482497242686],[88.34476712944364,22.563997449071636],[88.34372500106906,22.563425666027758],[88.34173355735675,22.562785932371987],[88.34000084820917,22.56284419138113],[88.33884849115933,22.56340304076881],[88.33810933039409,22.563356176756358],[88.33779416096823,22.56349520503733],[88.33758658366226,22.56361523558827],[88.33765640881099,22.56372611109653],[88.33789474353398,22.56380415286051],[88.33913552175723,22.565180081209427],[88.33991376642385,22.56647251386727],[88.34057913328344,22.56711312797208],[88.34100126690679,22.567812852082884],[88.34097846856321,22.568009673138736],[88.34412597397761,22.572504432158134],[88.34471183903622,22.57383710362962],[88.34487134928796,22.573888155497777],[88.34493810219841,22.574342727479074],[88.3458611948147,22.576418175494716],[88.34611676641136,22.57668600552543],[88.34667866351988,22.578130415384773],[88.34643899749366,22.578328783588766],[88.34679147844483,22.579230399276888],[88.34705322236582,22.57931211339961],[88.3473017682386,22.580396867416134],[88.34759471783592,22.580426745929714],[88.34754104888759,22.58071866286329]]]}},{"type":"Feature","properties":{"ward_id":"100","name":"Ward 100"},"geometry":{"type":"Polygon","coordinates":[[[88.36231975734442,22.47260785739419],[88.36278886477233,22.47342936943103],[88.3621441420963,22.473725257107258],[88.36277017083127,22.47483712607367],[88.36288398378451,22.474904500817562],[88.36375208333574,22.474385106155122],[88.36395150753218,22.474765467221015],[88.36459703509871,22.475019923341538],[88.36523505364778,22.476220073158093],[88.36571489953658,22.476483019945295],[88.36584819694835,22.47722492838627],[88.36635062738168,22.477264532760998],[88.36590519774803,22.4781269668418],[88.36608737608768,22.478732599307275],[88.36689394104195,22.478295199593003],[88.36742886443741,22.478720815737372],[88.36743697442782,22.47849467243492],[88.36834817963795,22.478360076649437],[88.36841003223853,22.47871686712896],[88.3698948360121,22.478542025922284],[88.36991668932801,22.47839064544553],[88.37077536106031,22.478284312456466],[88.37074324179733,22.478039814005218],[88.3718127005161,22.477883649299145],[88.37261198013343,22.478035261918798],[88.3734693573934,22.47788350237715],[88.37518243475876,22.47801485970468],[88.37537736917541,22.47768495584181],[88.3763460593772,22.477454892085827],[88.37651651919396,22.4722604719975],[88.37723744775217,22.471686801814325],[88.37775615925173,22.469584485483985],[88.37780080013145,22.466106042051575],[88.37790904802152,22.465891714283742],[88.37892045131845,22.46522067761068],[88.37939518579327,22.464269054970963],[88.37873306095352,22.464056118184562],[88.37746327882472,22.46434699683914],[88.37695510366513,22.464627361069507],[88.37540554303767,22.466491615030762],[88.3737314435725,22.4673745440482],[88.37222023112624,22.468883248610105],[88.3711668854887,22.469379401488606],[88.36918339007,22.46958239607828],[88.36677304307605,22.47033176435397],[88.36368172818099,22.471789013420643],[88.36231975734442,22.47260785739419]]]}},{"type":"Feature","properties":{"ward_id":"92","name":"Ward 92"},"geometry":{"type":"Polygon","coordinates":[[[88.37716578105713,22.510856196730526],[88.3772519654255,22.50995928697285],[88.37707750361416,22.508127221293375],[88.37757306373223,22.507586448043373],[88.37786057403049,22.506492078283117],[88.37860677219764,22.50604082981561],[88.37834647636092,22.504547056921204],[88.37865508000034,22.503733466845215],[88.37863711099972,22.50303518068407],[88.38038514271109,22.50305047605158],[88.38007036854394,22.50197241324522],[88.38053777007113,22.50181089763373],[88.38048408046153,22.501607881417367],[88.38030547112854,22.50158541035385],[88.379979700684,22.5004053631681],[88.37761630683337,22.500905161829387],[88.3775997401029,22.500708513173148],[88.37728561272277,22.500742590129793],[88.37724369373835,22.50041280019458],[88.37562935200249,22.500519675557374],[88.37555186691935,22.500119655230765],[88.37613016277338,22.499925151671118],[88.37602969878529,22.499464484385737],[88.3748871773895,22.499742578177816],[88.37453296628308,22.49814743572046],[88.37475517445007,22.497844016179265],[88.37375671857133,22.49713519392009],[88.37339757930727,22.49633490927759],[88.37096704267731,22.49551155287294],[88.37019762755163,22.498204465463182],[88.36731908581812,22.50412128699703],[88.36715621856217,22.507307220623908],[88.36769913337045,22.509584506463852],[88.36729351976517,22.509611074992225],[88.36715429526915,22.509770081075626],[88.36715116733532,22.510530049985263],[88.36862102673582,22.511320623541323],[88.37007415052257,22.51258571871184],[88.37100661616054,22.513879117681267],[88.37168102995335,22.515398923160735],[88.37126693715008,22.510397040540983],[88.37216353395705,22.510617759949607],[88.37282262967766,22.51099137833049],[88.37525050280279,22.51127827624326],[88.37561866654221,22.511485457468574],[88.37616618252133,22.511346605849972],[88.37642672359813,22.51078250176941],[88.37716578105713,22.510856196730526]]]}},{"type":"Feature","properties":{"ward_id":"9","name":"Ward 9"},"geometry":{"type":"Polygon","coordinates":[[[88.36516833217837,22.595720919573957],[88.3564632591216,22.598658228746043],[88.3562590765491,22.598961745166566],[88.35700757709833,22.599526686339416],[88.3597994314069,22.60086559085251],[88.3608047198717,22.601662603217054],[88.36306138578176,22.60043269555321],[88.36328718631157,22.600867842479726],[88.3637233713826,22.60069926723599],[88.36264303226909,22.59788815855667],[88.36317722443596,22.59772161488272],[88.36349333799116,22.59804314095141],[88.36438531027109,22.598294012802384],[88.36617863863232,22.598503492529314],[88.36516833217837,22.595720919573957]]]}},{"type":"Feature","properties":{"ward_id":"114","name":"Ward 114"},"geometry":{"type":"Polygon","coordinates":[[[88.35202579631539,22.47818001138723],[88.35160145283642,22.477531216199676],[88.35170293551408,22.47746183977413],[88.3509610986676,22.475925420989636],[88.35050954072709,22.474135457580896],[88.35053513283124,22.47369406305152],[88.35012921829032,22.47263533949098],[88.35013025135292,22.472301750445787],[88.35043872922819,22.472079928966604],[88.35022961220983,22.471047695121566],[88.34954877636105,22.469453422323873],[88.34948558976228,22.46854196275358],[88.34855082264058,22.46591199957362],[88.34839251972457,22.464273382539346],[88.34753270892847,22.461584917120735],[88.3478034907995,22.461508768517643],[88.34753674775399,22.460634094703742],[88.34740380966836,22.460634255756904],[88.34658133285546,22.457808984521883],[88.34715328121375,22.457646681838234],[88.34661539427611,22.455615407013845],[88.34574659673392,22.45582766853289],[88.34514561033409,22.455780752268847],[88.34408385466887,22.45520088363415],[88.34369105732773,22.455148087653672],[88.34300354519976,22.455826629952846],[88.34236827639377,22.455663711429704],[88.34173678680018,22.455893237704615],[88.34150133207602,22.45651194664934],[88.34211371630015,22.457431980684735],[88.34185402413128,22.458667642843533],[88.34209784845895,22.45891792117107],[88.34333337872432,22.458739433719675],[88.34405864524706,22.458845529335775],[88.3443932667921,22.459123082913695],[88.34445956515498,22.45973928027119],[88.3441371067989,22.460723161242033],[88.34177110873225,22.462593110321052],[88.34061716885087,22.461845783071386],[88.33973292837061,22.46089996836629],[88.33852270095188,22.460573603443056],[88.33776994418481,22.460748053074127],[88.33717155750942,22.461285662922993],[88.3360860620662,22.461378759501706],[88.33529923669198,22.460880618774034],[88.33492786776365,22.459998693568988],[88.33404996220278,22.459756806955543],[88.3338364551176,22.46045091898951],[88.33489796823773,22.463499725229553],[88.33581043288589,22.464675023961625],[88.3364597028339,22.466245104262857],[88.33730901591758,22.467066497967885],[88.33753498533068,22.467913556007947],[88.33818513023778,22.46926733292744],[88.33993042568079,22.470542589652542],[88.34012781070153,22.471280359455754],[88.340314724061,22.471430512506142],[88.34219541448198,22.4716928200746],[88.3423827428631,22.471505674471196],[88.34240408952923,22.47179214540403],[88.343391294009,22.472128547232824],[88.34332065319002,22.471706677844168],[88.34355860163741,22.47180235236551],[88.34422861009207,22.477567217984618],[88.34585010601083,22.479429167870013],[88.34593221382443,22.48036016247561],[88.34620701924963,22.48095592335768],[88.34723209939673,22.480125815934013],[88.34846702509593,22.479452678444268],[88.34880356364577,22.47944215081401],[88.35202579631539,22.47818001138723]]]}},{"type":"Feature","properties":{"ward_id":"101","name":"Ward 101"},"geometry":{"type":"Polygon","coordinates":[[[88.3773422200604,22.471297961880257],[88.3771878266125,22.47176984299136],[88.37651651919396,22.4722604719975],[88.3763460593772,22.477454892085827],[88.376147470614,22.47956228594372],[88.37586525229106,22.48024982599068],[88.3759650488309,22.48101195416571],[88.37552627571354,22.48382098574755],[88.3815177970118,22.482793202929734],[88.3850824126705,22.4826667332553],[88.38533740665042,22.48301861126896],[88.3861461697822,22.48299424636202],[88.38632321335164,22.48315085269353],[88.3900587137302,22.47976593795475],[88.38892175290603,22.4775581262316],[88.38855058250536,22.475491111935153],[88.38887721084099,22.473805229871594],[88.38987250105663,22.471829697654968],[88.38745909260425,22.470857911387633],[88.38168355055477,22.471803878927094],[88.37998982020571,22.471291611559945],[88.37873374277486,22.471524081239682],[88.3773422200604,22.471297961880257]]]}},{"type":"Feature","properties":{"ward_id":"138","name":"Ward 138"},"geometry":{"type":"Polygon","coordinates":[[[88.26625383192747,22.544333861511305],[88.26668178393895,22.54567677441219],[88.26402058869013,22.549901782997768],[88.26344108460204,22.551897504597548],[88.26401577102527,22.552430370667555],[88.26544373749246,22.552241009731738],[88.2660975852552,22.552456969947173],[88.26844234984348,22.552132652019274],[88.26896120776844,22.55263587821791],[88.26931603152586,22.552686574562962],[88.2732252732669,22.551895337621257],[88.27444615919651,22.55151351122105],[88.27353623049241,22.54952181942481],[88.27378107171296,22.549212217381623],[88.27356960200689,22.54864712053356],[88.27385694162525,22.548367411115244],[88.27378318544885,22.547801261302876],[88.2742003100662,22.547757959477416],[88.27437947096479,22.547968615309436],[88.2746602492883,22.54785409576712],[88.27460754333393,22.54705706502953],[88.27482138728733,22.546941775642278],[88.27489880769178,22.5463390910267],[88.26618703320297,22.542806047724476],[88.26611154148142,22.543194491650453],[88.26640226235851,22.544154793136165],[88.26625383192747,22.544333861511305]]]}},{"type":"Feature","properties":{"ward_id":"31","name":"Ward 31"},"geometry":{"type":"Polygon","coordinates":[[[88.38726919234642,22.58035010456827],[88.39791935065699,22.579697148300326],[88.39895493839799,22.580116002270454],[88.40055769096836,22.58042996834964],[88.40122908552351,22.580778053957083],[88.40327105947055,22.572996391625193],[88.40418930298094,22.570816037961908],[88.40355107242947,22.570636306345026],[88.39540277069418,22.57113856666998],[88.39193652415237,22.571923407235822],[88.38952228116503,22.57198769286729],[88.39017460269005,22.576714364417704],[88.38895742410764,22.576819481139403],[88.38658388468416,22.577629545845415],[88.38693374974123,22.57854577793087],[88.38683023507441,22.579596884436917],[88.38726919234642,22.58035010456827]]]}},{"type":"Feature","properties":{"ward_id":"104","name":"Ward 104"},"geometry":{"type":"Polygon","coordinates":[[[88.38053777007113,22.50181089763373],[88.38234041665682,22.501414245563915],[88.3823011836351,22.500998262478916],[88.38255532960538,22.500240543420727],[88.38358036753169,22.499428348866648],[88.3853684793761,22.499357045509033],[88.38681471847451,22.498909563275127],[88.38727924179952,22.499131833088867],[88.38756913892146,22.49909273459514],[88.38780246014684,22.498064188769803],[88.39002833719887,22.49842751655769],[88.39042759163029,22.49870077220758],[88.39142437215098,22.498639187110925],[88.39167442988843,22.498852324677728],[88.39383271680015,22.498640010414665],[88.39404660656761,22.499167147874612],[88.39511074187006,22.49915640429961],[88.39533089738661,22.49941280494697],[88.39628442492473,22.499256308311022],[88.39617728465741,22.498561191510316],[88.39585135700773,22.497888334567527],[88.39073848956694,22.494879001673564],[88.39038131402009,22.494445260852512],[88.39025108615165,22.49385848271869],[88.3898353350584,22.49383749770636],[88.38933991777246,22.493573435199107],[88.38601261006237,22.494813070002518],[88.38523588085366,22.49486173174356],[88.38437910097329,22.495205486605677],[88.3837530632552,22.49525600898702],[88.38353817635775,22.494049827639277],[88.38279522380371,22.49403282734634],[88.38264265932575,22.493689836465787],[88.38236948434277,22.493574519974672],[88.3807191641815,22.49400912337533],[88.38032080087888,22.493662893880952],[88.37806954462344,22.49374586460912],[88.37781715665616,22.494064500692307],[88.37669433980614,22.494264496100545],[88.375853541853,22.493822385573974],[88.37391811798012,22.49720551327008],[88.37475517445007,22.497844016179265],[88.37453296628308,22.49814743572046],[88.3748871773895,22.499742578177816],[88.37602969878529,22.499464484385737],[88.37613016277338,22.499925151671118],[88.37555186691935,22.500119655230765],[88.37562935200249,22.500519675557374],[88.37724369373835,22.50041280019458],[88.37728561272277,22.500742590129793],[88.3775997401029,22.500708513173148],[88.37761630683337,22.500905161829387],[88.379979700684,22.5004053631681],[88.38030547112854,22.50158541035385],[88.38048408046153,22.501607881417367],[88.38053777007113,22.50181089763373]]]}},{"type":"Feature","properties":{"ward_id":"5","name":"Ward 5"},"geometry":{"type":"Polygon","coordinates":[[[88.38569188635313,22.611686422061698],[88.38494538725034,22.609943919610018],[88.38483119700467,22.608907608574874],[88.38440256856181,22.60775247698875],[88.38466487123489,22.60769418555469],[88.38391747202017,22.605757040948074],[88.38402307527002,22.605187969714056],[88.383106439744,22.604895465258586],[88.38300724327875,22.603738486286993],[88.38341389174326,22.60302227706772],[88.38440973172786,22.602231165727837],[88.38584974909462,22.601321312816523],[88.38754784435767,22.600549220689977],[88.38832093988105,22.60047267511857],[88.38864998468482,22.601010265497838],[88.38957294794369,22.600926051384548],[88.38973061215752,22.60114144352465],[88.3908714626869,22.60085325541786],[88.39097700395298,22.601021258236866],[88.39163029206527,22.600855521973184],[88.39178858509977,22.601047100085427],[88.39233405112346,22.60090208462484],[88.39251494577053,22.600568335928227],[88.39274782232985,22.600494693854873],[88.39167912897567,22.59596838533624],[88.39062383219733,22.596711183849283],[88.38436721985536,22.60029262392327],[88.38346497444188,22.600543648417954],[88.37847192070046,22.601263808176846],[88.37662643884873,22.6033547916002],[88.3740999298071,22.605406294227727],[88.37755802144277,22.61257250873113],[88.38239550404501,22.612253221611123],[88.38421932212529,22.61243927923478],[88.38569188635313,22.611686422061698]]]}},{"type":"Feature","properties":{"ward_id":"126","name":"Ward 126"},"geometry":{"type":"Polygon","coordinates":[[[88.28766490094168,22.463077488371137],[88.2882946522952,22.465678115048064],[88.28783886508636,22.465775939645507],[88.28807257528226,22.466479604622425],[88.28778677537628,22.4665382711571],[88.28790016791795,22.468488780036765],[88.28775126587139,22.468790980554576],[88.28739053658929,22.468802070157068],[88.28725100846275,22.469142512800875],[88.28660719398344,22.46951649801569],[88.2869941441904,22.470174636325524],[88.28798700985313,22.470648560846286],[88.28850873160718,22.471223910486525],[88.28886237857162,22.47243522401285],[88.28888019485865,22.473679665920372],[88.28926916627498,22.474307214759204],[88.29001505272674,22.474132792161267],[88.29049768249462,22.47453479182072],[88.29193297831624,22.474392939702057],[88.29235387855269,22.474717013407464],[88.292877663737,22.474760030984882],[88.29314387947146,22.475281424742118],[88.29379312696157,22.47515048069393],[88.29402477193064,22.47564482312916],[88.29431829824635,22.4756678180355],[88.29467075943458,22.47639461846885],[88.29458820964987,22.476762515428717],[88.29491824080378,22.477355019650307],[88.29510775478602,22.478340921240783],[88.29496297061672,22.478686321646627],[88.294982898843,22.47984351749957],[88.29801590499127,22.4795906963249],[88.29823556553615,22.479852922033594],[88.29939751838981,22.480276077261905],[88.29988006641098,22.48126601781639],[88.30027038979185,22.481685823644845],[88.30041623127822,22.482218200168926],[88.3010820787365,22.4825095486683],[88.30192801684966,22.48329964406603],[88.30225278836758,22.484077549275728],[88.30332987018986,22.48376029212379],[88.30410711503157,22.483832578806044],[88.31334373112342,22.487028473344402],[88.31073862937592,22.481345072344247],[88.31026094124044,22.47706143737013],[88.30845710259035,22.477108882655543],[88.307954207728,22.47723665563859],[88.3077663771886,22.47752352726242],[88.30688828926975,22.47774885702354],[88.30506046200831,22.47794523367117],[88.3044963325863,22.47867411723087],[88.30356320848321,22.47866577509746],[88.30323409540755,22.478833898455953],[88.3031562042859,22.479104979022562],[88.30265146518225,22.479270001575852],[88.30209832844436,22.47875414109149],[88.30161278274508,22.477770163221383],[88.30123605985763,22.476274860766413],[88.30046284755326,22.475674027871463],[88.29990814325521,22.474421063933157],[88.29942721309988,22.47422010185329],[88.29885305937758,22.473367692570534],[88.29819752188385,22.471545013187335],[88.29763306996666,22.470312450113447],[88.29718494898042,22.469731896007158],[88.29673510322885,22.468780394005332],[88.2968514449396,22.468721482703785],[88.2967139290393,22.46835254333217],[88.29626121047545,22.467611269733155],[88.29641681934393,22.46751484935104],[88.29606549901608,22.46601774104039],[88.29583402742188,22.466074484339714],[88.29565172241979,22.46571369488183],[88.29505304648691,22.4638669250729],[88.29450630755048,22.46106974290785],[88.2946264212871,22.460737869373226],[88.29369679163051,22.45677770535032],[88.29345426087686,22.456702395923475],[88.29309060398519,22.455807547806945],[88.29288137288081,22.45590120844974],[88.2917533565819,22.454125884468507],[88.2914750944395,22.45411281197998],[88.29053290364028,22.454620421466483],[88.29021248176493,22.45464160004844],[88.29001604356851,22.45452681724267],[88.28982322288773,22.453606275760986],[88.2896065375631,22.453370266705114],[88.2890340394359,22.453484886086045],[88.2890671423541,22.45374155893456],[88.28866253037035,22.45385071604569],[88.28868567097207,22.454139388664984],[88.28826046690705,22.454302967335266],[88.28829607612494,22.454665644501265],[88.28742688961223,22.454922536828533],[88.28760350558359,22.45601075571427],[88.28750068890774,22.45602987104014],[88.2880670120157,22.45862220692709],[88.28831323035361,22.459344756610427],[88.28847997563663,22.45929983313644],[88.2886154613444,22.45968017252473],[88.28870533958522,22.460867293720735],[88.2890095783107,22.461962255009595],[88.28862462865187,22.46204595535332],[88.28870599266045,22.462502179615168],[88.28775587333051,22.4626759734836],[88.28785245210501,22.462962827942945],[88.28766490094168,22.463077488371137]]]}},{"type":"Feature","properties":{"ward_id":"14","name":"Ward 14"},"geometry":{"type":"Polygon","coordinates":[[[88.38022006739615,22.59244483127565],[88.38170326588033,22.592521828346015],[88.38198506828326,22.593005969962686],[88.38272596279698,22.59295990143664],[88.38299087507596,22.59325427661425],[88.38325832779057,22.593150253109272],[88.3842856195899,22.594376479583875],[88.3850705396374,22.59432528021643],[88.38636687776267,22.59396981261746],[88.38861767767392,22.593117126204515],[88.38804653330786,22.59182233006473],[88.38700823534963,22.59052583808622],[88.39011275458105,22.588809503236373],[88.38878271795457,22.584575141522986],[88.3885962106336,22.58459172839826],[88.3881942361035,22.584177181990484],[88.38655155791034,22.584403593568446],[88.3863505652554,22.584084019647126],[88.38375006467878,22.584104632632847],[88.38345914257904,22.58388456902787],[88.38309723740223,22.582940397211196],[88.38250938077861,22.582171688985664],[88.37930360344838,22.583542809889988],[88.38022006739615,22.59244483127565]]]}},{"type":"Feature","properties":{"ward_id":"111","name":"Ward 111"},"geometry":{"type":"Polygon","coordinates":[[[88.37939518579327,22.464269054970963],[88.37959997652524,22.46362873275136],[88.37834430064129,22.462918751572133],[88.37839114149516,22.462605275475852],[88.37971141523116,22.460937682131775],[88.38051861439602,22.46044168913469],[88.38131103807105,22.459350853443556],[88.38198574201971,22.45911481182859],[88.3823059788421,22.458713536175736],[88.38068155890706,22.457573299753218],[88.3806483931068,22.45711305774041],[88.37998890931398,22.45695928696701],[88.38024056245938,22.456372620631146],[88.38020915286546,22.456089487594383],[88.37984200871391,22.455605533431083],[88.38003838133334,22.45521417685423],[88.3797001314929,22.455098688848906],[88.37953732262741,22.455207190691077],[88.37823446722477,22.45442247172106],[88.37770333022819,22.454358701746145],[88.37684828589299,22.455477365247248],[88.37646203727026,22.455088775379544],[88.37639542090375,22.454664559420877],[88.37523677115536,22.453802014156775],[88.37499257312851,22.45476813847994],[88.37537359265797,22.455024821405708],[88.37530599802606,22.45527483400387],[88.37429515887116,22.454952326252233],[88.37427132926163,22.454262722116987],[88.37317945667817,22.454013747117454],[88.37316755040742,22.453585464805375],[88.37257222519054,22.45362979901956],[88.3724131281638,22.451470076761314],[88.37220561912982,22.451161083740928],[88.37212876017242,22.450323451896754],[88.37039294554891,22.45060733644491],[88.36982673293376,22.450910114772377],[88.36974800907383,22.45132409804988],[88.36840574098639,22.45165484260045],[88.36814112425317,22.452108848670477],[88.36815008404982,22.453021910709964],[88.36834125632207,22.453520112058143],[88.36931257319773,22.453367693039795],[88.36939771911362,22.453607269526174],[88.37001947635943,22.45358295673089],[88.36897232460578,22.45621871039336],[88.36837028178721,22.456294675938686],[88.36810401125553,22.45485136081848],[88.36632928071559,22.454857135729444],[88.36622475005417,22.454086212874156],[88.36571605027846,22.45387152862192],[88.36551104844241,22.452630289471895],[88.36475144291964,22.452632204787193],[88.36411576088862,22.452310591677904],[88.36375785860467,22.452492302018154],[88.3632799755348,22.45237980552077],[88.36270415543767,22.452516741198092],[88.36258371920583,22.452175926453496],[88.3622747104262,22.45222514863228],[88.36217743994894,22.45339907680931],[88.36153720615437,22.453792925825482],[88.3610162632396,22.454411065488703],[88.36059889428054,22.454500043872645],[88.36033397391672,22.454781958092227],[88.36057213975641,22.457040172658285],[88.36192697437636,22.456881995966754],[88.36201277426575,22.456985508613975],[88.36185223274808,22.45708643928566],[88.36185425485577,22.45736189351297],[88.35968549718109,22.458425726511074],[88.35998117765688,22.459701603537543],[88.36071764976447,22.46002360711573],[88.3612817702033,22.46151075427439],[88.36285441483862,22.461576715916447],[88.36332370192954,22.462099213597345],[88.36376619047896,22.462235357661285],[88.36409461095357,22.462564230734014],[88.3640457542802,22.463241150300885],[88.36425571840988,22.463225091772266],[88.3644845507538,22.46359719937989],[88.36619095992478,22.463739128135227],[88.36661871520519,22.463629655881657],[88.36699531771839,22.46329164698949],[88.36817243772734,22.463243126070903],[88.36883128281796,22.46347268877356],[88.36970084392816,22.46424544469197],[88.36999552637565,22.464153961360257],[88.37125329892746,22.465736378473792],[88.3712863398619,22.465882936387285],[88.37087237102617,22.466381978924446],[88.37133648292274,22.46672622870157],[88.3714214024632,22.467291031212312],[88.37173362271999,22.46778130999451],[88.37188042360708,22.46770839150694],[88.37261947567617,22.4686075217593],[88.3737314435725,22.4673745440482],[88.37540554303767,22.466491615030762],[88.37695510366513,22.464627361069507],[88.37746327882472,22.46434699683914],[88.37873306095352,22.464056118184562],[88.37939518579327,22.464269054970963]]]}},{"type":"Feature","properties":{"ward_id":"130","name":"Ward 130"},"geometry":{"type":"Polygon","coordinates":[[[88.31538688725342,22.491680530378208],[88.31480337757748,22.49183003217776],[88.31418768216321,22.491756639152904],[88.31406958424606,22.492057249272655],[88.31365953655654,22.492245869364517],[88.31319395232119,22.49219424864794],[88.31201730033446,22.49314836934684],[88.3115896232075,22.493011106153528],[88.3114525088541,22.49255865588479],[88.31080185550056,22.492175742539587],[88.30916522746084,22.492991477195357],[88.30865876988005,22.492085099341114],[88.30783426017969,22.491900047960037],[88.30712241897885,22.49197150538787],[88.30735624146418,22.492955105931916],[88.30760015113178,22.493036804729947],[88.30784606583914,22.493807669336718],[88.30761770331414,22.493925536966138],[88.3076415805344,22.494272711138525],[88.30716498205533,22.494506219530262],[88.30735212448522,22.495556628103568],[88.30752622158056,22.495675768233237],[88.30795267071053,22.496813592842678],[88.30799930495188,22.497598055049362],[88.30825756790111,22.498148249067768],[88.30815939192202,22.49883225418913],[88.3089537622463,22.501669843638144],[88.30892259968913,22.502222675550914],[88.30876494086517,22.5023635223324],[88.30877298617683,22.50330569681021],[88.31044523960412,22.5027619377465],[88.31070566659488,22.502938781653793],[88.3113194369195,22.502770861030257],[88.31147062068683,22.503058215855436],[88.31274964468331,22.502782122193636],[88.31305226015311,22.503006581745005],[88.31378828220471,22.502737648518682],[88.3140698932665,22.502375384391637],[88.31407747774246,22.502005021756574],[88.31475020090589,22.501770076144147],[88.3157920831421,22.501560272735322],[88.31684719217253,22.50113394088399],[88.3175510428589,22.50134289592415],[88.31798779027531,22.501283542018765],[88.31709782393345,22.496624288454743],[88.3162678740357,22.49381447427909],[88.31538688725342,22.491680530378208]]]}},{"type":"Feature","properties":{"ward_id":"19","name":"Ward 19"},"geometry":{"type":"Polygon","coordinates":[[[88.3617505362714,22.595596041179338],[88.3592431299043,22.594886498323124],[88.35714547568095,22.5947417707973],[88.35565951218238,22.59522377812237],[88.35343693284575,22.596434614029402],[88.35511136468757,22.597974367447165],[88.355254599263,22.598268940068433],[88.35628308761831,22.598858211967745],[88.35654759924864,22.598626173017944],[88.36206495380736,22.596768640629715],[88.36217656588816,22.596699754525982],[88.3617505362714,22.595596041179338]]]}},{"type":"Feature","properties":{"ward_id":"78","name":"Ward 78"},"geometry":{"type":"Polygon","coordinates":[[[88.32723972623603,22.533353066946336],[88.32588646007459,22.52707133925821],[88.3242732556059,22.526866893098962],[88.32187697982258,22.52710289384651],[88.32012773718219,22.527011921719858],[88.31824324598928,22.527165054572055],[88.31810174785731,22.52831254568567],[88.31847162468397,22.530358733000416],[88.31863596966858,22.533390030799147],[88.31912187918553,22.535303186458073],[88.32323665905682,22.534370880679663],[88.32441017053328,22.533868557012855],[88.32723972623603,22.533353066946336]]]}},{"type":"Feature","properties":{"ward_id":"27","name":"Ward 27"},"geometry":{"type":"Polygon","coordinates":[[[88.3669739072719,22.584088595610773],[88.36883175443349,22.588991091398594],[88.37241652559221,22.58772067340229],[88.3748915449984,22.585845445043493],[88.37438801233218,22.581625880740305],[88.36992406719143,22.582853239156343],[88.3669739072719,22.584088595610773]]]}},{"type":"Feature","properties":{"ward_id":"98","name":"Ward 98"},"geometry":{"type":"Polygon","coordinates":[[[88.36606653337645,22.478717722093585],[88.3659096668666,22.47810323524481],[88.36635064624632,22.477264560983407],[88.36584808376061,22.47722492257578],[88.36571485192587,22.476483062279154],[88.36523507969892,22.476220042445192],[88.3645970395903,22.475019823731348],[88.36395146171809,22.474765429867105],[88.36375210040372,22.47438514350913],[88.36288396132663,22.47490451990954],[88.36277017532285,22.474837107811776],[88.3621441079603,22.47372529280125],[88.36278886028074,22.47342927812065],[88.36232025860437,22.472607602553698],[88.35840476099571,22.475139492039904],[88.35613615827212,22.475652742103186],[88.35467619830607,22.476291671492536],[88.35578204418377,22.47859146783321],[88.35337747066215,22.4830907580623],[88.35655947946829,22.484497876966604],[88.36115141207917,22.485393276828763],[88.36281968776636,22.485565243318536],[88.36318018079159,22.48463214888489],[88.36384069225703,22.484670096066917],[88.36379534350486,22.48417822448137],[88.36415893841276,22.484118064723752],[88.36420361432675,22.482775771294122],[88.36301085285209,22.482734558220802],[88.36293867501564,22.482440447820437],[88.36366031953114,22.482370125117978],[88.36364881660394,22.482188043088616],[88.36405521533679,22.48213248920082],[88.36447247200645,22.481528676956344],[88.36448592427786,22.48037253109324],[88.36418796567452,22.48031589159745],[88.3641738818875,22.479870451983786],[88.36377558955175,22.479403514080428],[88.36558098318561,22.4789762722845],[88.36606653337645,22.478717722093585]]]}},{"type":"Feature","properties":{"ward_id":"6","name":"Ward 6"},"geometry":{"type":"Polygon","coordinates":[[[88.36721533579272,22.608054695424446],[88.36778017847705,22.609103287042817],[88.36827582213844,22.611239546206534],[88.36870692633823,22.61421415212546],[88.36868114828283,22.615515961122068],[88.36829680049526,22.619359427230503],[88.36766211200094,22.62139068247624],[88.3671533583263,22.624061473303744],[88.3660976034072,22.626716441382516],[88.36585888330696,22.626936600676963],[88.36549891310125,22.628182683017773],[88.36715553224931,22.628028358938234],[88.36734206651974,22.627619616531458],[88.36859720790605,22.627428316714177],[88.3685712663573,22.626426254646958],[88.37199235908137,22.626019088716777],[88.37263372924478,22.622971251546556],[88.37325297659767,22.618803263525052],[88.37583077944203,22.618206643048882],[88.37932622841711,22.61866459042148],[88.37938765701286,22.616725535504948],[88.37912718420804,22.615935636525744],[88.3740999298071,22.605406294227727],[88.36978699416053,22.60729170604311],[88.36721533579272,22.608054695424446]]]}},{"type":"Feature","properties":{"ward_id":"2","name":"Ward 2"},"geometry":{"type":"Polygon","coordinates":[[[88.39311993685988,22.619792423017625],[88.39182199164857,22.619537143278283],[88.39105793317692,22.618939055779546],[88.39012206292405,22.61867973946544],[88.38324457099027,22.619234540436228],[88.37930128040504,22.618662915394356],[88.37857898550925,22.630979089564683],[88.3804582287443,22.630688505545415],[88.38080436848789,22.630854316140034],[88.38145664060556,22.630825328299867],[88.3840797275234,22.630485493280535],[88.38440369145592,22.630255690835426],[88.38617064258548,22.630134221754645],[88.38681898816704,22.629979948786303],[88.38695564617629,22.629643779029852],[88.38809047889157,22.62942102466592],[88.38832035058623,22.62900681975552],[88.38859398191336,22.628923951095548],[88.39063040517027,22.628981485629996],[88.3925087258355,22.628701702182287],[88.39311993685988,22.619792423017625]]]}},{"type":"Feature","properties":{"ward_id":"59","name":"Ward 59"},"geometry":{"type":"Polygon","coordinates":[[[88.37161045471134,22.552163254281467],[88.37235283863184,22.552003246694206],[88.37240896177752,22.55172920045839],[88.37351883300599,22.55165560611791],[88.37626198065986,22.550968022953878],[88.37634247240429,22.55076132322956],[88.37788814871642,22.550209233083688],[88.37825866424525,22.550428094384674],[88.38136770290086,22.54966948572463],[88.38113337915566,22.5487919893868],[88.38287343921718,22.54728855862028],[88.3847696686959,22.5465541694292],[88.38530310448128,22.546167036691774],[88.38699660306503,22.546021929459883],[88.38702613697663,22.545547353906525],[88.38662841686772,22.545427872633958],[88.38627813319574,22.54509339139147],[88.38720826501059,22.54055009404484],[88.38635353598406,22.540393888748728],[88.3862277898106,22.539232290247206],[88.38640340146549,22.538494014173565],[88.38566363703237,22.53705878646964],[88.38510281161399,22.53678077356544],[88.38325360085554,22.5363441158368],[88.38242395638501,22.53637657186801],[88.38149442015316,22.53580333269881],[88.38080798510524,22.535739115665063],[88.3800716522365,22.535962204927866],[88.37940501965069,22.53801906923976],[88.37852349387923,22.53850245309223],[88.37869618780606,22.539041114070386],[88.3777714440863,22.538928941813253],[88.37598189673407,22.53901886398574],[88.37512483568106,22.538839727317857],[88.37340217688488,22.538963844025506],[88.37339437950821,22.53928625223399],[88.37294963708578,22.5399438071929],[88.37273589194709,22.54120343978622],[88.37297581938306,22.54260407075462],[88.37302227396135,22.544142796938115],[88.3727623473322,22.545384336098973],[88.37065415497229,22.54560498135692],[88.37121049240753,22.55079129444744],[88.37161045471134,22.552163254281467]]]}},{"type":"Feature","properties":{"ward_id":"131","name":"Ward 131"},"geometry":{"type":"Polygon","coordinates":[[[88.31798779027531,22.501283542018765],[88.3175510428589,22.50134289592415],[88.31684719217253,22.50113394088399],[88.3157920831421,22.501560272735322],[88.31475020090589,22.501770076144147],[88.31407747774246,22.502005021756574],[88.3140698932665,22.502375384391637],[88.31378828220471,22.502737648518682],[88.31297466727212,22.503023569316344],[88.31276413720383,22.50278200434523],[88.31147741105211,22.503058517115207],[88.3113194369195,22.502770861030257],[88.31070566659488,22.502938781653793],[88.31042208373103,22.502764904705206],[88.30876110056735,22.50329270697578],[88.30879472001685,22.503685034791225],[88.30827215025312,22.503801775283055],[88.3078932363747,22.50375913355297],[88.3075693712569,22.503508604305416],[88.30672387511486,22.503815620709133],[88.30610441665786,22.503765426779704],[88.30585078003234,22.5032191880753],[88.30380144169656,22.503526901419306],[88.3035292755217,22.50361848405231],[88.30357114959033,22.503943505971918],[88.30335714214357,22.504182075428936],[88.30199857861689,22.504304072146642],[88.30165428311459,22.50329233102414],[88.30021519101257,22.503632111229553],[88.29903643247656,22.504194695039967],[88.2994159895487,22.505569147697617],[88.29941666598012,22.506085343923278],[88.2974388946264,22.50659915144258],[88.29693541945237,22.50683762005047],[88.29689736681694,22.507026068118837],[88.29718777867357,22.510170556474794],[88.29790764272819,22.512012653847762],[88.29781769262216,22.51252735633557],[88.29841668566036,22.515064984103844],[88.29819806266966,22.51611798827302],[88.2984687987266,22.51700725016244],[88.29916822880344,22.516762096523316],[88.30216420459911,22.51345182134647],[88.30674201030382,22.50878423742318],[88.30943500681202,22.50669364663206],[88.31132380093513,22.506005021335177],[88.31330452954276,22.50590308064526],[88.31413885693087,22.505191410789962],[88.31597417524344,22.50445877129912],[88.3169707509483,22.5046234656832],[88.31898738881107,22.504017118267317],[88.31798779027531,22.501283542018765]]]}},{"type":"Feature","properties":{"ward_id":"42","name":"Ward 42"},"geometry":{"type":"Polygon","coordinates":[[[88.35408887258677,22.58247761643055],[88.35746944590163,22.58179100562564],[88.35660458837029,22.57889147281515],[88.35561715571842,22.577020479828153],[88.35513721370988,22.576527537696535],[88.35210215311454,22.577335429247512],[88.35226140554981,22.577877205031097],[88.3521583094979,22.57908471303251],[88.3517397367963,22.579968548565528],[88.34924737002369,22.58113380360941],[88.34958251887976,22.58228415536412],[88.35118675636531,22.5817589094755],[88.35154620554812,22.582540132092305],[88.3539152830396,22.5818197284223],[88.35404635262942,22.581838132939474],[88.35408887258677,22.58247761643055]]]}},{"type":"Feature","properties":{"ward_id":"129","name":"Ward 129"},"geometry":{"type":"Polygon","coordinates":[[[88.29399435767004,22.49708504321379],[88.2955541393288,22.499416547970114],[88.2961496118694,22.499415035821965],[88.29644478659365,22.499641588129716],[88.29716123974512,22.500642000838667],[88.29744369342666,22.501324744588505],[88.29744009747057,22.501808836101883],[88.2977581109626,22.50203231543401],[88.29802126254363,22.503041600091105],[88.299018856938,22.503696080102824],[88.29912034680218,22.50413739223684],[88.30031025522752,22.50359994212605],[88.30165428311459,22.50329233102414],[88.30199857861689,22.504304072146642],[88.30335714214357,22.504182075428936],[88.30357114959033,22.503943505971918],[88.3035292755217,22.50361848405231],[88.30380144169656,22.503526901419306],[88.30585078003234,22.5032191880753],[88.30610441665786,22.503765426779704],[88.30672387511486,22.503815620709133],[88.30752576164312,22.503508958678722],[88.30805457829132,22.503795947638817],[88.30879472001685,22.503685034791225],[88.30869943661294,22.503007591754063],[88.3089537622463,22.501669843638144],[88.30815939192202,22.49883225418913],[88.30825756790111,22.498148249067768],[88.30799930495188,22.497598055049362],[88.30795267071053,22.496813592842678],[88.30724070464389,22.495136946512492],[88.30717171223345,22.49447456869457],[88.30763426106144,22.49427999412039],[88.30761770331414,22.493925536966138],[88.30784606583914,22.493807669336718],[88.30760015113178,22.493036804729947],[88.3073202028516,22.49283879700469],[88.30699771215619,22.49084752088339],[88.30660271933249,22.490931650305043],[88.30654662403457,22.491208244030773],[88.30590653486877,22.491460559275577],[88.30512506165701,22.4910833706432],[88.30290003800452,22.49143352993806],[88.30276339796158,22.490842430554583],[88.30203039604595,22.490870909999853],[88.30171203490588,22.49042344845875],[88.30115270967401,22.490125196953837],[88.29909971789,22.49033216916778],[88.29835735642742,22.490155524113696],[88.29823560236706,22.48974155643801],[88.29759585545938,22.48972137423823],[88.29748876639601,22.489480411858402],[88.29694212807094,22.48949804516918],[88.29663275367695,22.489175326590992],[88.29563436427355,22.489602562640687],[88.29465858277094,22.489812051354782],[88.29418683788934,22.48973801318231],[88.29259579396042,22.49002473938238],[88.29220498189606,22.489729621085804],[88.29185313335881,22.489747017815795],[88.29079227331394,22.490290314269426],[88.2909131101944,22.490785855931996],[88.29076182940896,22.491452100054644],[88.29111429239381,22.492048470544802],[88.2919617702194,22.495219242426153],[88.29262712540087,22.496189135536916],[88.29318035376693,22.49611566763809],[88.29393808899728,22.496375439396342],[88.29399435767004,22.49708504321379]]]}},{"type":"Feature","properties":{"ward_id":"51","name":"Ward 51"},"geometry":{"type":"Polygon","coordinates":[[[88.35839354373275,22.561374766704024],[88.3600685415132,22.566851020540582],[88.36034134639024,22.56828178990296],[88.36134897945794,22.56786366313076],[88.36268912392804,22.566603787831866],[88.36413170328994,22.566180803176394],[88.36369866322075,22.564391159864122],[88.36311271102552,22.563445295763753],[88.36285932053838,22.563391843445974],[88.36258946662703,22.56252242388422],[88.3624683836082,22.562532967584815],[88.36236964618206,22.56196516534745],[88.36258106378585,22.56191513523348],[88.36230651258388,22.560323296428283],[88.36169113966481,22.560292068819244],[88.35987635324638,22.561039157748624],[88.35839354373275,22.561374766704024]]]}},{"type":"Feature","properties":{"ward_id":"120","name":"Ward 120"},"geometry":{"type":"Polygon","coordinates":[[[88.32627696491512,22.499404723004375],[88.32728424763982,22.499680391010706],[88.32845959706938,22.499729428660935],[88.32900104582707,22.49955730880572],[88.3289809514125,22.499004537614926],[88.32836624055179,22.498820293892834],[88.3282116656442,22.498574032399226],[88.32744777695413,22.49838491715785],[88.32715691414325,22.49776698785028],[88.3265901778103,22.49744938943255],[88.3262743014103,22.496444686828795],[88.325882774287,22.496115630289943],[88.32579178303352,22.494890405403574],[88.32527718491964,22.49453356365539],[88.32432038212404,22.494402845309455],[88.32405017247982,22.493755793571268],[88.32348510611496,22.493682780035517],[88.32328596129459,22.49298800540087],[88.3225939638784,22.492979235861842],[88.32187513917455,22.493611262073383],[88.32115666661032,22.493856739777584],[88.3195168522463,22.494799262683774],[88.3173560464585,22.495278875311325],[88.31709581080888,22.49506449144189],[88.31667172873968,22.49510690927202],[88.31825745374384,22.502105942855323],[88.32037517363564,22.50113400146876],[88.32117842290819,22.501459092301367],[88.32297423421286,22.500302694648852],[88.32542600971111,22.4995030416547],[88.32627696491512,22.499404723004375]]]}},{"type":"Feature","properties":{"ward_id":"8","name":"Ward 8"},"geometry":{"type":"Polygon","coordinates":[[[88.36686143101178,22.598570053083535],[88.36438531027109,22.598294012802384],[88.36349333799116,22.59804314095141],[88.36317722443596,22.59772161488272],[88.36264303226909,22.59788815855667],[88.3637233713826,22.60069926723599],[88.36328718631157,22.600867842479726],[88.36306138578176,22.60043269555321],[88.3608047198717,22.601662603217054],[88.361430117091,22.602025407864367],[88.36133939353556,22.602236121746497],[88.36161857016289,22.60219185095914],[88.36381778162402,22.60400681467937],[88.36471357803208,22.603520242887935],[88.36464287972092,22.60335264865376],[88.36682468273015,22.60271034954073],[88.36730996073148,22.60235740316332],[88.367516214819,22.602294226407636],[88.3678016787551,22.60296149236463],[88.3690619279621,22.6022624286156],[88.37023230072496,22.601995890645238],[88.36996816279377,22.601103574791296],[88.37113170656383,22.60091733016821],[88.37014828039814,22.600635871605423],[88.36686143101178,22.598570053083535]]]}},{"type":"Feature","properties":{"ward_id":"1","name":"Ward 1"},"geometry":{"type":"Polygon","coordinates":[[[88.36498668833634,22.629332488138513],[88.36508981762591,22.629864049717135],[88.36489631422552,22.63003333131082],[88.36436088597684,22.631540278373443],[88.36620601928219,22.631549679204245],[88.36749528047966,22.631813264540522],[88.36757647470661,22.632083623448523],[88.37000429213619,22.631873679961938],[88.37093761656355,22.63193777923159],[88.37095413568332,22.63229846765579],[88.3711646280224,22.632576931257045],[88.37491994703275,22.63200294640483],[88.37632002620028,22.631424267856453],[88.37857889388113,22.630979096197844],[88.37930131004946,22.618662878079412],[88.37583080908642,22.61820666377947],[88.37325307720897,22.61880327596335],[88.37263377416053,22.62297126149692],[88.37199232764031,22.626019100325266],[88.36857126276402,22.6264262272842],[88.36859723755046,22.627428291839095],[88.36734209346918,22.627619638089804],[88.3671555376392,22.628028392934027],[88.36550169518367,22.628182659801162],[88.36539309066248,22.628721893904892],[88.36498668833634,22.629332488138513]]]}},{"type":"Feature","properties":{"ward_id":"80","name":"Ward 80"},"geometry":{"type":"Polygon","coordinates":[[[88.29173193625395,22.53912595093763],[88.29194391979638,22.54020826400144],[88.29092016107106,22.540261390105563],[88.2909976928666,22.540516521399883],[88.29069766813811,22.541092007708713],[88.29048708417089,22.542698693152076],[88.28989348282104,22.542651385695024],[88.28972783797423,22.54338358291092],[88.29040062042647,22.543439504624843],[88.29051529306744,22.543630263192554],[88.29133013599704,22.543432634922052],[88.29145716586306,22.543125064369974],[88.29320146507442,22.54280848780758],[88.29369054654265,22.54346620519842],[88.29466695147609,22.543591886658646],[88.29472190142204,22.54576199382295],[88.29447772136152,22.54629218139346],[88.29047950418652,22.54800452574577],[88.28940422618132,22.54814215661277],[88.29042646585552,22.550530961274735],[88.29128380538627,22.550498510230884],[88.29153326125247,22.550796236553463],[88.29204832469364,22.550509335266124],[88.29234025829636,22.55078975299482],[88.2935473101706,22.550666911278782],[88.29369155804565,22.550459333352705],[88.29518411248348,22.549673581641358],[88.29541699802594,22.549555321019408],[88.29574397400958,22.54966907173588],[88.29698207704992,22.548914226304202],[88.29903571202769,22.548688157985197],[88.30215948035901,22.547623188027636],[88.30215831434577,22.5472214116223],[88.30387257119911,22.546632673900124],[88.30657674903763,22.546461695165515],[88.30664673767973,22.546588869766524],[88.30813662232453,22.546837239302107],[88.31067807573923,22.546949929473474],[88.31325127920935,22.547399316167265],[88.31663416388945,22.548061791273902],[88.31874911786848,22.548824952720985],[88.31966856781632,22.54838864005986],[88.32015598021475,22.548823382208948],[88.32090958678806,22.54901662225729],[88.32124637956112,22.5494226834954],[88.32154820271678,22.549539860724373],[88.32185810621846,22.549377771020705],[88.32227739128405,22.549424180992464],[88.32241053149062,22.54987179997176],[88.32363520831073,22.550422716708532],[88.3243117520091,22.550651950546094],[88.32471613492245,22.550494284086472],[88.32499475459433,22.549483695909462],[88.32407134577107,22.549083038298278],[88.32259791736395,22.547530275595623],[88.32160409409714,22.545869219904464],[88.32090880615208,22.54547494185608],[88.31933932089161,22.544988182452315],[88.31871883925352,22.544392715718423],[88.31864380567279,22.54319361219421],[88.31911061251522,22.54273796598707],[88.31789000685998,22.538522117903092],[88.31158302508172,22.538014917386832],[88.30955368144757,22.53798787143046],[88.30645353431662,22.527152915836606],[88.30837095774787,22.52545119629404],[88.3091854727924,22.525076988855485],[88.30915551487598,22.523943765682425],[88.3135395881099,22.521842616718793],[88.31336034995621,22.520953083063393],[88.31571521969312,22.51869671349028],[88.32135517542348,22.513818707775965],[88.32195141512534,22.513337628358588],[88.32246355904185,22.51314886026992],[88.32119971298043,22.509602280780882],[88.31829089892017,22.510388147624713],[88.31792858500988,22.510003345047497],[88.30928310259577,22.511459875181608],[88.30419272896971,22.51370081311753],[88.30174860891438,22.514071090485828],[88.29941516040368,22.51668779810141],[88.29931297344686,22.51660458886687],[88.29901654377616,22.516863750382083],[88.2984687987266,22.51700725016244],[88.29811408097036,22.51742013047826],[88.29346118598937,22.51677832808515],[88.29168259898194,22.516165202748592],[88.29168568110167,22.51667344610531],[88.2915030536044,22.516972785532907],[88.29163946727186,22.5170465444103],[88.29140164099533,22.51910542306033],[88.291520392886,22.519775455791066],[88.29175538228286,22.519828015522297],[88.29124468195903,22.519953773263456],[88.29123379168281,22.520223383321497],[88.29057658062769,22.52037036150804],[88.29069777144437,22.521248279119927],[88.29033827734577,22.521320213458935],[88.29082291394997,22.522596254264847],[88.28998104789999,22.522736668709868],[88.29026749189799,22.5244530716023],[88.28979607669814,22.524670841905206],[88.28989893379817,22.524919025996628],[88.28942740630892,22.525125123819944],[88.28980275836722,22.525841906213834],[88.29012099464147,22.525775882265357],[88.2899245833945,22.52695687457185],[88.28998672165932,22.528438826753387],[88.2903427698205,22.528409668830275],[88.29011218935504,22.528726321554167],[88.29013228287133,22.52895287727157],[88.29046277665759,22.528991767347723],[88.29062574901646,22.529511946059777],[88.2908448454193,22.52951426855219],[88.29119283030249,22.530479809651727],[88.29045932173703,22.530947350941744],[88.2904970590638,22.531738142079714],[88.29093018806626,22.53229423575822],[88.29096978849893,22.532991410774216],[88.2913648972053,22.533265996203397],[88.2918449263504,22.53444835491886],[88.29127207967686,22.53494370761402],[88.29115489354973,22.536566088984447],[88.29086369656555,22.536563956615502],[88.29089196744584,22.537074078071655],[88.29116715106179,22.53704438182877],[88.29080068962983,22.538574782511265],[88.29311215726382,22.538540456014978],[88.29296244583519,22.538836812575145],[88.29173193625395,22.53912595093763]]]}},{"type":"Feature","properties":{"ward_id":"55","name":"Ward 55"},"geometry":{"type":"Polygon","coordinates":[[[88.3732664899545,22.563234826987152],[88.37585787083435,22.56348596712781],[88.37809082301756,22.56290988983439],[88.37772082761327,22.56151103369971],[88.3768500483876,22.561617518353675],[88.3761401430562,22.560568873789276],[88.3758082146604,22.559721090033044],[88.3755217598826,22.559597557766107],[88.37565604454284,22.557966748919224],[88.37505045068394,22.551275249153534],[88.37337893387522,22.551681146116174],[88.37240896177752,22.55172920045839],[88.37235283863184,22.552003246694206],[88.37161045471134,22.552163254281467],[88.37182704301793,22.55315612795782],[88.370563736844,22.553421048091995],[88.37015617119958,22.55547434958035],[88.3687930172818,22.55720571284794],[88.36817170829532,22.55852966229145],[88.36790211309878,22.56011553891197],[88.36813479292702,22.560522280083564],[88.3671524052138,22.56114435942557],[88.36830257666254,22.563785409136987],[88.3689089026484,22.565671860259958],[88.37166837718257,22.56458062938119],[88.3732664899545,22.563234826987152]]]}},{"type":"Feature","properties":{"ward_id":"64","name":"Ward 64"},"geometry":{"type":"Polygon","coordinates":[[[88.37340217688488,22.538963844025506],[88.37051279787582,22.53974381813632],[88.36957959561931,22.539826009501127],[88.36936292287109,22.538451807956566],[88.36951568767338,22.538088590355915],[88.36919741546652,22.537344039700972],[88.36507471425105,22.538177153187856],[88.36383831441648,22.539152754398657],[88.36238466062372,22.539485983087655],[88.36009164258905,22.540598547196034],[88.35912407617965,22.54090641127987],[88.35976429470288,22.541987869915946],[88.36150204699246,22.546474921541876],[88.36574528774602,22.54347971561034],[88.36576152479476,22.54309206565761],[88.36608567198357,22.542861432041256],[88.36653849205707,22.543009506201575],[88.36681294534266,22.543499154870588],[88.37038692953145,22.5447498352777],[88.37062310380617,22.544943955497175],[88.37065415497229,22.54560498135692],[88.37251199315072,22.54545820425395],[88.3727623473322,22.545384336098973],[88.37302468144631,22.544538987857273],[88.37299441900102,22.54279587919005],[88.37273589194709,22.54120343978622],[88.37294963708578,22.5399438071929],[88.37339437950821,22.53928625223399],[88.37340217688488,22.538963844025506]]]}},{"type":"Feature","properties":{"ward_id":"107","name":"Ward 107"},"geometry":{"type":"Polygon","coordinates":[[[88.39664790125497,22.509717699262744],[88.39412368561226,22.509695311674832],[88.39352269112764,22.50988290605562],[88.3928131190712,22.509569642525605],[88.39187500303012,22.509810493564313],[88.39097682788318,22.50967562699286],[88.38883674892395,22.5097299864179],[88.38644092319659,22.510763139231976],[88.3859472486423,22.51017226435561],[88.38465226158323,22.51017988259929],[88.38329535095667,22.509948954194645],[88.38278420147518,22.51012353912155],[88.38268276730656,22.510603862922718],[88.38190747270731,22.510745526888975],[88.38191382828798,22.511307106664265],[88.38152550006538,22.51188072548267],[88.38132666246881,22.51263010457374],[88.3813021833773,22.513579835452447],[88.38223289640217,22.513302461586346],[88.38430084693228,22.51336814129582],[88.385786887686,22.51320485563489],[88.38648974753058,22.515645785371294],[88.38559009555331,22.516095410028957],[88.3856654435444,22.517346132808935],[88.38523388479707,22.517602717972924],[88.38552556866816,22.51763219102237],[88.38581146469386,22.51832659539296],[88.38631913320363,22.51826054378838],[88.38658151762337,22.51859513898313],[88.38666299931123,22.519083386347305],[88.38694190285077,22.51902369734154],[88.38701539132921,22.51958577207816],[88.38683344924648,22.519648046551495],[88.38709573754655,22.520033067904514],[88.38690683352037,22.52076143514594],[88.38708094049714,22.521963523256332],[88.38772534067802,22.521829441090407],[88.38792005860068,22.52223962922919],[88.38824737774078,22.522264159822104],[88.38842330111105,22.52268799271418],[88.38824629077929,22.522786667386917],[88.38847906582897,22.5236818434473],[88.38930274279105,22.52350913106569],[88.38942275681471,22.523885884402965],[88.39019690785858,22.52362558264442],[88.39064456261917,22.52513195460393],[88.3905361332694,22.52537711413867],[88.39200458321324,22.526042794139133],[88.39219988863408,22.52738686822145],[88.39246707275242,22.5273693135916],[88.3923558460489,22.527854391768738],[88.392800721422,22.52852611046982],[88.39274345472093,22.528716368550906],[88.3928277104064,22.528822532499287],[88.39369014787637,22.528564781608534],[88.39415691698956,22.53037575620861],[88.39453779278858,22.530787108833852],[88.39493688192995,22.53200726863285],[88.39597387553438,22.53175230830771],[88.39513093869256,22.528187324943357],[88.39512204896452,22.527498664011148],[88.39534949071637,22.52658003169583],[88.39990211484705,22.51889024298757],[88.40057409959533,22.518080956156137],[88.40145519507375,22.51608396240635],[88.4022014974455,22.513631711251175],[88.40202960840917,22.513075987259167],[88.4020385026288,22.51117181997977],[88.40166868329429,22.508420594099942],[88.39664790125497,22.509717699262744]]]}},{"type":"Feature","properties":{"ward_id":"77","name":"Ward 77"},"geometry":{"type":"Polygon","coordinates":[[[88.32468459507282,22.53382390996985],[88.32323665905682,22.534370880679663],[88.31912187918553,22.535303186458073],[88.31989549393516,22.538700710698095],[88.32283102299367,22.539052763896947],[88.32614046950096,22.54138189138457],[88.32747521958778,22.53934007481028],[88.32750470049875,22.535683753382557],[88.32723972623603,22.533353066946336],[88.32468459507282,22.53382390996985]]]}},{"type":"Feature","properties":{"ward_id":"28","name":"Ward 28"},"geometry":{"type":"Polygon","coordinates":[[[88.37756626528211,22.57543601450917],[88.3736541381524,22.576506602570227],[88.37485300727269,22.5851806789545],[88.37930363129615,22.58354293596379],[88.37756626528211,22.57543601450917]]]}},{"type":"Feature","properties":{"ward_id":"112","name":"Ward 112"},"geometry":{"type":"Polygon","coordinates":[[[88.37261947567617,22.4686075217593],[88.37188042360708,22.46770839150694],[88.37173362271999,22.46778130999451],[88.3714214024632,22.467291031212312],[88.37133648292274,22.46672622870157],[88.37087237102617,22.466381978924446],[88.3712863398619,22.465882936387285],[88.37107228570277,22.465381613311084],[88.37000548779383,22.464161316489204],[88.36969747075426,22.464243614212382],[88.36883128281796,22.46347268877356],[88.36826449528101,22.46325435807399],[88.36740734349816,22.463241288106673],[88.36695203329474,22.463307316997792],[88.36650796011719,22.46367811191296],[88.3657295124313,22.46375925518115],[88.36447784572849,22.46359494966428],[88.36425571840988,22.463225091772266],[88.36399662092575,22.463253026504724],[88.36397080244618,22.463539976067413],[88.36363161296792,22.46354204564055],[88.36363238551907,22.463292859846195],[88.36193785836434,22.46336651783494],[88.36190561693046,22.46317022760925],[88.36214577253853,22.463124100818636],[88.36211555860224,22.46278812624121],[88.36153618387158,22.462831616562077],[88.36145430602669,22.46250890723094],[88.36061490764877,22.462652708279293],[88.36056974394955,22.462371563853544],[88.35994478870136,22.462305769452147],[88.35957059367311,22.46139106755177],[88.35872564819833,22.461567280255583],[88.35857477165479,22.46186976567255],[88.35809368968418,22.46183788738281],[88.35711769528082,22.460815184788782],[88.35698852203451,22.4602966139669],[88.35623358236131,22.46035938085198],[88.35602875749338,22.45972750172705],[88.35567188288215,22.459797294650517],[88.35551454206183,22.45943271984019],[88.35485754480571,22.459616018936117],[88.35435062908418,22.45871027687879],[88.35266596004135,22.457348330686813],[88.35542132118984,22.46414888914358],[88.35559927834593,22.46480284660087],[88.35525408991825,22.464971283978077],[88.3558156537518,22.466344562999524],[88.35630509185118,22.466830222945024],[88.35639089443555,22.467602919462227],[88.3567998901979,22.46820831321318],[88.3568941755735,22.46861007770899],[88.35647929135446,22.46882820655101],[88.35675302149629,22.470451229184846],[88.35765933537968,22.472846875167782],[88.35821066560551,22.47383823350285],[88.35887927987486,22.473522004618886],[88.35964831591149,22.474352052848868],[88.36368172818099,22.471789013420643],[88.3659418939274,22.47066155872531],[88.36918339007,22.46958239607828],[88.3711668854887,22.469379401488606],[88.37261947567617,22.4686075217593]]]}},{"type":"Feature","properties":{"ward_id":"133","name":"Ward 133"},"geometry":{"type":"Polygon","coordinates":[[[88.2838664511196,22.543822667565752],[88.28391275028933,22.5447488313814],[88.28432224731161,22.546438644829138],[88.28564494919381,22.546076160090742],[88.28566331075822,22.545853832206507],[88.28648285816494,22.545654746086974],[88.28657462017293,22.545851457720357],[88.28956686077363,22.544818180686182],[88.28906882939022,22.542717356772872],[88.28910743808281,22.542214831161846],[88.28966261758963,22.542010206638736],[88.2897817800104,22.541544855011615],[88.28992463459846,22.541527463140547],[88.28988015272051,22.541194591996604],[88.29015558067822,22.54115025845554],[88.29014698020768,22.54086457003419],[88.29031405786739,22.54077233754682],[88.28990536124404,22.53962597547022],[88.29036290286264,22.539505800422845],[88.29019300898452,22.53857591339706],[88.29080068962983,22.538574782511265],[88.29116715106179,22.53704438182877],[88.2883262963494,22.537560769965857],[88.2882631016658,22.537211058557446],[88.28705929720132,22.537391992002522],[88.28701011264286,22.537183965150046],[88.28645453518237,22.537260540063212],[88.28636490936816,22.53752401216784],[88.28559448094282,22.53769613369615],[88.28538980339863,22.537212458281],[88.28526229023898,22.537525114022433],[88.28446690302181,22.53755573030988],[88.28472895865818,22.537901948606443],[88.2853105800754,22.538140280224777],[88.28547724989994,22.538885762489237],[88.28486213928892,22.540304123454135],[88.28478637627619,22.541083944797155],[88.2841656143637,22.541381961078244],[88.28419487428916,22.542017858803206],[88.28403475857291,22.542108124941155],[88.28419011501477,22.543733610552152],[88.2838664511196,22.543822667565752]]]}},{"type":"Feature","properties":{"ward_id":"65","name":"Ward 65"},"geometry":{"type":"Polygon","coordinates":[[[88.36603290314719,22.52871464430398],[88.36467639047427,22.53313873299296],[88.36504805854162,22.53543299989974],[88.36494720468468,22.536947986607107],[88.36512528670659,22.538162482328058],[88.36919741546652,22.537344039700972],[88.36951568767338,22.538088590355915],[88.36936292287109,22.538451807956566],[88.36957959561931,22.539826009501127],[88.37051279787582,22.53974381813632],[88.37340217688488,22.538963844025506],[88.37512483568106,22.538839727317857],[88.37598189673407,22.53901886398574],[88.3777714440863,22.538928941813253],[88.37869618780606,22.539041114070386],[88.37852349387923,22.53850245309223],[88.37940501965069,22.53801906923976],[88.38007174116971,22.535962171739097],[88.37970008388217,22.535081198004605],[88.37992685818574,22.534048089274034],[88.37958887963653,22.533507795814167],[88.3784074315445,22.53329712870077],[88.37708549233199,22.533494890961922],[88.3769840033661,22.53387170833403],[88.37636635770939,22.534349280349858],[88.37623973927177,22.53464116123091],[88.37580264600395,22.534441089817975],[88.37490317997795,22.534513466999577],[88.37450825632456,22.534342279927277],[88.37448691864161,22.533412721550118],[88.37489485708684,22.533109599294693],[88.37468188090602,22.52914731841539],[88.37349474468165,22.52931106152],[88.36697624648491,22.52894778917529],[88.36603290314719,22.52871464430398]]]}},{"type":"Feature","properties":{"ward_id":"24","name":"Ward 24"},"geometry":{"type":"Polygon","coordinates":[[[88.35827589587156,22.5863026482968],[88.35516704586216,22.58669877200136],[88.35500090424698,22.586869555696353],[88.35662236333481,22.592209069208042],[88.3599364523355,22.59140627188612],[88.35875491351366,22.588556921292774],[88.35827589587156,22.5863026482968]]]}},{"type":"Feature","properties":{"ward_id":"128","name":"Ward 128"},"geometry":{"type":"Polygon","coordinates":[[[88.2907634778175,22.491456873306227],[88.2909131101944,22.490785855931996],[88.29078657889336,22.490295248579823],[88.29165490571835,22.489804192950388],[88.29217108846038,22.4897192195666],[88.29259579396042,22.49002473938238],[88.29418683788934,22.48973801318231],[88.29465858277094,22.489812051354782],[88.29563436427355,22.489602562640687],[88.29662980720283,22.48917529090098],[88.29694212807094,22.48949804516918],[88.29748876639601,22.489480411858402],[88.29759585545938,22.48972137423823],[88.29823560236706,22.48974155643801],[88.29835735642742,22.490155524113696],[88.29909971789,22.49033216916778],[88.30115270967401,22.490125196953837],[88.30171203490588,22.49042344845875],[88.30203039604595,22.490870909999853],[88.30276339796158,22.490842430554583],[88.30290003800452,22.49143352993806],[88.30512506165701,22.4910833706432],[88.30590653486877,22.491460559275577],[88.30654662403457,22.491208244030773],[88.30660271933249,22.490931650305043],[88.30699771215619,22.49084752088339],[88.30712241897885,22.49197150538787],[88.30783426017969,22.491900047960037],[88.30865876988005,22.492085099341114],[88.30916522746084,22.492991477195357],[88.3107285853127,22.49216381237718],[88.31144070409293,22.492546950679973],[88.3115896232075,22.493011106153528],[88.31202314118046,22.493147694576198],[88.31319395232119,22.49219424864794],[88.31365953655654,22.492245869364517],[88.31406958424606,22.492057249272655],[88.31418768216321,22.491756639152904],[88.31480337757748,22.49183003217776],[88.31538688725342,22.491680530378208],[88.3133443635374,22.487028672547503],[88.30507451615094,22.484129688468457],[88.3035156004681,22.483747580175343],[88.30098464746077,22.48439627900152],[88.2971518586386,22.484722439223045],[88.2961603269741,22.484561382400884],[88.29447368792587,22.485025150473973],[88.29310147899002,22.485196934815793],[88.28892882425822,22.48524324765129],[88.28619764396058,22.485540980122476],[88.28598781727314,22.48627560310528],[88.28638005586218,22.487197605802105],[88.28651131499653,22.487214271609982],[88.28674408285971,22.488077926901166],[88.28693589113915,22.48803341114904],[88.28723744120698,22.489144533586188],[88.28745719338,22.489159920959437],[88.28760310224003,22.48994836405663],[88.28817337973183,22.49001633236332],[88.28852720635933,22.49060582509194],[88.28863255179272,22.491449453228043],[88.28906806222896,22.491360644654957],[88.28929704009995,22.491766851282506],[88.2907634778175,22.491456873306227]]]}},{"type":"Feature","properties":{"ward_id":"50","name":"Ward 50"},"geometry":{"type":"Polygon","coordinates":[[[88.36830257666254,22.563785409136987],[88.36689071339511,22.56060039251509],[88.36474860065009,22.560758219974787],[88.36230651258388,22.560323296428283],[88.36258106378585,22.56191513523348],[88.36236964618206,22.56196516534745],[88.3624683836082,22.562532967584815],[88.36258946662703,22.56252242388422],[88.36285932053838,22.563391843445974],[88.36311271102552,22.563445295763753],[88.36369866322075,22.564391159864122],[88.36413170328994,22.566180803176394],[88.36424776203143,22.566156272092126],[88.36499321819015,22.5681444271589],[88.36933934748478,22.566706053689185],[88.36865052112157,22.56507192777511],[88.36830257666254,22.563785409136987]]]}},{"type":"Feature","properties":{"ward_id":"113","name":"Ward 113"},"geometry":{"type":"Polygon","coordinates":[[[88.35337842467298,22.477077255234],[88.35613616725527,22.47565272550157],[88.35827513140525,22.47519469594771],[88.35964831591149,22.474352052848868],[88.35887927987486,22.473522004618886],[88.35821066560551,22.47383823350285],[88.35765933537968,22.472846875167782],[88.3567016782862,22.470219131255806],[88.35647929135446,22.46882820655101],[88.3568941755735,22.46861007770899],[88.3567998901979,22.46820831321318],[88.35639089443555,22.467602919462227],[88.35630509185118,22.466830222945024],[88.35584375485051,22.46638802148913],[88.3555491047424,22.465726870873908],[88.35524929560957,22.464952757628204],[88.3556019202912,22.464764730436123],[88.3553221903016,22.463859301789302],[88.35340734773018,22.459317732626698],[88.3527261893862,22.457287075876675],[88.35222240429343,22.456855759356753],[88.35169153948637,22.45513700941159],[88.35078820351815,22.455299016990754],[88.34877772630155,22.455141806330367],[88.34661539427611,22.455615407013845],[88.34715328121375,22.457646681838234],[88.34658133285546,22.457808984521883],[88.34740380966836,22.460634255756904],[88.34753674775399,22.460634094703742],[88.3478034907995,22.461508768517643],[88.34753270892847,22.461584917120735],[88.34839251972457,22.464273382539346],[88.34855082264058,22.46591199957362],[88.34948558976228,22.46854196275358],[88.34954877636105,22.469453422323873],[88.35022961220983,22.471047695121566],[88.35043872922819,22.472079928966604],[88.35013286545036,22.4722972255641],[88.35012076334687,22.472593646922494],[88.35053513283124,22.47369406305152],[88.35051346995817,22.47415549429684],[88.35108525122975,22.47628135778192],[88.35202579631539,22.47818001138723],[88.35337842467298,22.477077255234]]]}},{"type":"Feature","properties":{"ward_id":"94","name":"Ward 94"},"geometry":{"type":"Polygon","coordinates":[[[88.34530214895887,22.50120720859486],[88.35074503587548,22.501010313879092],[88.3517925164125,22.501188792494386],[88.35377416220004,22.50184793465777],[88.35505715405513,22.501578522801186],[88.35674917311357,22.501903110485184],[88.35794789760511,22.50186777564984],[88.35777355976131,22.500937351477972],[88.35709962477053,22.49923361361171],[88.35711726498778,22.498132779699425],[88.35969564724549,22.493695986565296],[88.36120489507626,22.489548269175195],[88.36128238734591,22.488987922415717],[88.35967534891334,22.489228674003098],[88.35713051603652,22.488788540223183],[88.3569226647444,22.489221288665412],[88.35664415017543,22.48930652297469],[88.35380924949673,22.48949388853864],[88.35329830932271,22.489944723696752],[88.35268867843492,22.4898564685953],[88.3521248077277,22.490720183757727],[88.351407866791,22.491423453071686],[88.35116074923951,22.491435999977842],[88.35057483028197,22.492172656666316],[88.34852585217062,22.491192325692978],[88.34835117566195,22.491336421484245],[88.34773442293057,22.49130896301908],[88.34738119907269,22.49113021768145],[88.34523637072051,22.492847998971193],[88.3456887146869,22.494700929900894],[88.34530214895887,22.50120720859486]]]}},{"type":"Feature","properties":{"ward_id":"79","name":"Ward 79"},"geometry":{"type":"Polygon","coordinates":[[[88.32246355904185,22.51314886026992],[88.32195141512534,22.513337628358588],[88.32135517542348,22.513818707775965],[88.31571521969312,22.51869671349028],[88.31336034995621,22.520953083063393],[88.3135395881099,22.521842616718793],[88.30915551487598,22.523943765682425],[88.3091854727924,22.525076988855485],[88.30837095774787,22.52545119629404],[88.30645353431662,22.527152915836606],[88.30955368144757,22.53798787143046],[88.31158302508172,22.538014917386832],[88.31989549393516,22.538700710698095],[88.31863596966858,22.533390030799147],[88.31847162468397,22.530358733000416],[88.31810174785731,22.52831254568567],[88.31824324598928,22.527165054572055],[88.32012773718219,22.527011921719858],[88.32187697982258,22.52710289384651],[88.3242732556059,22.526866893098962],[88.32591125806802,22.527069610841885],[88.32437676308619,22.520423337578848],[88.32246355904185,22.51314886026992]]]}},{"type":"Feature","properties":{"ward_id":"11","name":"Ward 11"},"geometry":{"type":"Polygon","coordinates":[[[88.37375109691428,22.602028850378478],[88.37545795703954,22.595366498915435],[88.37529479154291,22.591900700940833],[88.37024966515939,22.592741013938813],[88.37375109691428,22.602028850378478]]]}},{"type":"Feature","properties":{"ward_id":"15","name":"Ward 15"},"geometry":{"type":"Polygon","coordinates":[[[88.37485302344238,22.58518067314853],[88.37544738027539,22.59406693514841],[88.38031676923987,22.594200636926022],[88.37998724653242,22.589369610037085],[88.37930363129615,22.58354293596379],[88.37485302344238,22.58518067314853]]]}},{"type":"Feature","properties":{"ward_id":"140","name":"Ward 140"},"geometry":{"type":"Polygon","coordinates":[[[88.25569182260082,22.53682041232844],[88.2553659057309,22.536952652914323],[88.25532633763758,22.5385352894501],[88.25712359522988,22.53829627400686],[88.25820997820861,22.541277202319367],[88.25322612141905,22.543110989743532],[88.25252406736325,22.54071262721472],[88.2508741756984,22.54236068081215],[88.24983511776541,22.54257719163321],[88.25043036932047,22.544266464174967],[88.2506379798641,22.544293562000043],[88.25066258741468,22.544915635702697],[88.2518518185103,22.544678034273247],[88.25254392821589,22.544879623243432],[88.2547300494267,22.54486249728555],[88.25456498219661,22.54576729618165],[88.25506819506259,22.54777749271494],[88.25496524813101,22.54926548603658],[88.25512347648684,22.54978223580584],[88.25532608970254,22.549781840899048],[88.25586643892235,22.550278829364075],[88.25642028892257,22.55285216468458],[88.25655866451064,22.553179561284136],[88.25695043956897,22.553249867876143],[88.25717740072214,22.553734999474337],[88.25885366961872,22.55330090579694],[88.26034490712634,22.552619001278707],[88.26344535698954,22.55191201802826],[88.26415413403691,22.549592236563168],[88.26670500089746,22.54562597178408],[88.26625383192747,22.544333861511305],[88.26640226235851,22.544154793136165],[88.26611154148142,22.543194491650453],[88.26618703320297,22.542806047724476],[88.26436230243432,22.541958230318777],[88.25569182260082,22.53682041232844]]]}},{"type":"Feature","properties":{"ward_id":"97","name":"Ward 97"},"geometry":{"type":"Polygon","coordinates":[[[88.35105284270927,22.48682742332086],[88.3531231270625,22.48325939481987],[88.3534182281249,22.483175913143086],[88.35337553748766,22.4828917317618],[88.35475934008056,22.480674074843243],[88.35578203340397,22.478591510996505],[88.35462677479576,22.476364755627557],[88.35337842467298,22.477077255234],[88.35184970496012,22.478308967054943],[88.34846702509593,22.479452678444268],[88.34693223097514,22.48033797183979],[88.34464216300785,22.482347541364852],[88.344483387578,22.483278502236043],[88.34409107263218,22.483874162576736],[88.3411560385454,22.485978842506672],[88.33912061960498,22.487996518998095],[88.33896934331112,22.48868617350467],[88.33911278539739,22.48915897475929],[88.34011522440608,22.490366925954422],[88.34080078718989,22.49153904110086],[88.34196431928187,22.492852569659995],[88.34191461729382,22.49362453002802],[88.34126061681754,22.49461785350962],[88.34118760983606,22.495108872137948],[88.34145181873417,22.49595350943923],[88.34271702574326,22.498246440799495],[88.34281064097564,22.499711924464275],[88.34248636173449,22.500430367377394],[88.34530635307442,22.500537217828658],[88.34568998849795,22.49499817475543],[88.34562548317234,22.494125898592127],[88.34523637072051,22.492847998971193],[88.34535708273513,22.492705286668734],[88.34738119907269,22.49113021768145],[88.34773442293057,22.49130896301908],[88.34835117566195,22.491336421484245],[88.34852585217062,22.491192325692978],[88.35058222521337,22.492171449872394],[88.35116074923951,22.491435999977842],[88.351407866791,22.491423453071686],[88.3521248077277,22.490720183757727],[88.35270276132361,22.4898448893213],[88.35326508513192,22.48995531775792],[88.35402679810235,22.489462261456374],[88.35401563294168,22.489079472343498],[88.3529657817506,22.488658772613892],[88.35331644900323,22.488069514783817],[88.35247140381544,22.487882537395244],[88.35185835124476,22.48745005701052],[88.35179432382286,22.487104328203625],[88.35105284270927,22.48682742332086]]]}},{"type":"Feature","properties":{"ward_id":"48","name":"Ward 48"},"geometry":{"type":"Polygon","coordinates":[[[88.36034134639024,22.56828178990296],[88.36040422127361,22.568764750855813],[88.36215490211676,22.572519320842403],[88.36331571321173,22.57201800537488],[88.36368475101193,22.571783935374462],[88.3636319103103,22.571632814638484],[88.36417762696392,22.571416868690445],[88.36511820618551,22.57115185787023],[88.36629422845321,22.571062665870592],[88.36424776203143,22.566156272092126],[88.36268912392804,22.566603787831866],[88.36134897945794,22.56786366313076],[88.36034134639024,22.56828178990296]]]}},{"type":"Feature","properties":{"ward_id":"35","name":"Ward 35"},"geometry":{"type":"Polygon","coordinates":[[[88.37762838917392,22.57033596426306],[88.38086659927919,22.571690829353027],[88.38210187621965,22.572746056002646],[88.38297884573599,22.57392259928157],[88.38952228116503,22.57198769286729],[88.38936710887782,22.571266200462794],[88.39025242464143,22.569896116233668],[88.3914106144524,22.568602212575197],[88.39111435725825,22.568343909685375],[88.38957335308389,22.56854164411768],[88.38949922410663,22.568017457414886],[88.38863063587189,22.568153162063773],[88.38840968175306,22.56844548906521],[88.38665394429316,22.568834414089356],[88.38666210369088,22.567849041880987],[88.38641572994445,22.566710040431047],[88.38427269193465,22.561751042570553],[88.38332424886103,22.562212843552324],[88.38303558871922,22.562597449223272],[88.38190051345883,22.566306234162226],[88.38115627361898,22.566975444693522],[88.38011188508314,22.5675910212789],[88.37852062825348,22.56898061137035],[88.37762838917392,22.57033596426306]]]}},{"type":"Feature","properties":{"ward_id":"116","name":"Ward 116"},"geometry":{"type":"Polygon","coordinates":[[[88.32589358281646,22.49509828345109],[88.3257465250112,22.4955343602277],[88.32581629266772,22.49595604413516],[88.3262743014103,22.496444686828795],[88.3265901778103,22.49744938943255],[88.32715691414325,22.49776698785028],[88.32747172693796,22.498407687521357],[88.3282116656442,22.498574032399226],[88.32836624055179,22.498820293892834],[88.3289621550635,22.498977709766987],[88.32900104582707,22.49955730880572],[88.32940204388844,22.49958453076161],[88.32977795020729,22.49995771003906],[88.33072372169124,22.500012020168313],[88.3324741914303,22.499463358159414],[88.33462407909413,22.49949441693784],[88.3350601788252,22.498728783607564],[88.33574022505488,22.49860895227432],[88.3371706798554,22.498708782816216],[88.33817514187014,22.498979758891906],[88.3396480860853,22.4998857994413],[88.3400166612531,22.49985436561968],[88.34005116554319,22.499423299520526],[88.34212003954141,22.499161613833902],[88.3428203418824,22.499227080326214],[88.3426957931632,22.498178682362177],[88.34120518627293,22.495274083102412],[88.34122926381747,22.494686049423624],[88.34191461729382,22.49362453002802],[88.34196431928187,22.492852569659995],[88.34080078718989,22.49153904110086],[88.34011522440608,22.490366925954422],[88.3391753404805,22.489242170627858],[88.33858692510479,22.48944804275451],[88.33883497420926,22.490477422863858],[88.33793164273258,22.490629850852567],[88.33757936749562,22.490528649144697],[88.33726646002762,22.49109583707131],[88.33654701818121,22.491109992524766],[88.33625464081075,22.491848304276854],[88.33561543289223,22.492265695134055],[88.33442890123402,22.49217350075806],[88.33341246108331,22.492550157721933],[88.33336008481068,22.492815713652806],[88.33311887368215,22.492978884781465],[88.32954538895665,22.4933188222857],[88.32589358281646,22.49509828345109]]]}},{"type":"Feature","properties":{"ward_id":"95","name":"Ward 95"},"geometry":{"type":"Polygon","coordinates":[[[88.35105284270927,22.48682742332086],[88.35179432382286,22.487104328203625],[88.35185835124476,22.48745005701052],[88.35247140381544,22.487882537395244],[88.35331644900323,22.488069514783817],[88.3529657817506,22.488658772613892],[88.35401563294168,22.489079472343498],[88.35402679810235,22.489462261456374],[88.35681637069008,22.48926974653301],[88.35713051603652,22.488788540223183],[88.35967534891334,22.489228674003098],[88.36128238734591,22.488987922415717],[88.36120489507626,22.489548269175195],[88.35969564724549,22.493695986565296],[88.35736297757418,22.497688485489057],[88.35849467876237,22.497780377408805],[88.35879772991505,22.49752807368851],[88.35932031764506,22.497513149527975],[88.36006523571294,22.497161295087277],[88.36038454547396,22.496787923186165],[88.36174642558065,22.49692534198371],[88.36219510801395,22.497216356590837],[88.36236787021274,22.49773128014132],[88.36296342090675,22.4975268752408],[88.3641771212124,22.497536351608897],[88.36631114013673,22.496801525307774],[88.36586698251755,22.494697314565062],[88.36490654783321,22.492061268879063],[88.3646221421126,22.4916525134013],[88.36373336154689,22.49114194043588],[88.36344790030579,22.49074163735754],[88.36143705837323,22.48630884612923],[88.36117185773504,22.48539653466787],[88.35655946509524,22.484497906847608],[88.35331606542259,22.483145426747026],[88.3531231270625,22.48325939481987],[88.35105284270927,22.48682742332086]]]}},{"type":"Feature","properties":{"ward_id":"30","name":"Ward 30"},"geometry":{"type":"Polygon","coordinates":[[[88.38149730644017,22.577982077832107],[88.38226686709294,22.579074562932437],[88.38311757436195,22.579178093586513],[88.38326240344699,22.58121271804914],[88.38344784087447,22.581810942958093],[88.38726929655098,22.580350280412144],[88.38683023507441,22.579596884436917],[88.38693374974123,22.57854577793087],[88.38658388468416,22.577629545845415],[88.38895742410764,22.576819481139403],[88.39017460269005,22.576714364417704],[88.38952219043519,22.571987480514654],[88.38877066795334,22.572314240252584],[88.38032446959849,22.574702723296188],[88.38055597982026,22.57556173568657],[88.38100765184679,22.575920324011673],[88.38208060501204,22.576324016680445],[88.38243534522617,22.57755421680703],[88.38149730644017,22.577982077832107]]]}},{"type":"Feature","properties":{"ward_id":"58","name":"Ward 58"},"geometry":{"type":"Polygon","coordinates":[[[88.3833921300555,22.55974767048571],[88.38412336498497,22.5590032624016],[88.38532747128339,22.558119282486473],[88.38603193821402,22.557803127741874],[88.38719868268144,22.556718760881317],[88.38782869634304,22.556899745904243],[88.38873399423187,22.556287395182363],[88.39172353180187,22.554811978921208],[88.39423851366178,22.554423025133154],[88.39496046090953,22.554072613118926],[88.39705118103716,22.553656560435478],[88.40125020132257,22.55346491725546],[88.4085415246498,22.550327791812972],[88.41345647167391,22.548889767646255],[88.41925236954772,22.546919593203437],[88.41972520947563,22.546691561972477],[88.42032513945666,22.54580328517884],[88.42084013911744,22.545448650694542],[88.42266545468934,22.54534602227746],[88.42393786169544,22.545909008715117],[88.42510406178381,22.54484408866224],[88.42612943657832,22.543109337858173],[88.42744154552675,22.541738172455528],[88.42821063097071,22.54131826353424],[88.42984363790153,22.53993427399424],[88.43385220007531,22.537104210736857],[88.4337614810114,22.536888105359353],[88.43433952354054,22.536299379984754],[88.43505828536229,22.53497763092837],[88.43930606440468,22.530142256953322],[88.44017889268756,22.52961773351668],[88.4413064715069,22.5276735678037],[88.44247418705316,22.527249082240196],[88.44319406817576,22.526596543398263],[88.43970588657132,22.52524398372806],[88.434211922346,22.52501458572295],[88.4330006043725,22.5259267959979],[88.43167729163588,22.526433054306537],[88.41652724569171,22.529893998440723],[88.40415867851459,22.532470115060732],[88.4014604636929,22.533878537855717],[88.39329553324342,22.53576771612812],[88.39267904551508,22.536046126018167],[88.38804232649738,22.539097407589814],[88.38744478154345,22.53986484092556],[88.38627813319574,22.54509339139147],[88.38662841686772,22.545427872633958],[88.38702613697663,22.545547353906525],[88.38699660306503,22.546021929459883],[88.38530310448128,22.546167036691774],[88.3847696686959,22.5465541694292],[88.38287343921718,22.54728855862028],[88.38113337915566,22.5487919893868],[88.38136770290086,22.54966948572463],[88.37825866424525,22.550428094384674],[88.37788814871642,22.550209233083688],[88.3762526193163,22.550844308626104],[88.37998611196019,22.55363078602245],[88.38088423949641,22.554497214485366],[88.38148449376926,22.555434368571422],[88.3833921300555,22.55974767048571]]]}}],"bbox":[88.24214286644539,22.450323451896754,88.45895489305467,22.632576931257045]}