{"type":"FeatureCollection","features":[{"type":"Feature","properties":{"ward_id":"4","name":"Sarojni Nagar Part 1"},"geometry":{"type":"Polygon","coordinates":[[[80.85190339277105,26.775886475855643],[80.85122548001036,26.772990010244406],[80.85169356263083,26.769286461518167],[80.8512739023504,26.768234458726965],[80.85053142646964,26.76745625861171],[80.84859453286766,26.766634819372563],[80.8552848861845,26.762282533416073],[80.85641474078565,26.761994296671173],[80.8600746626544,26.760192800448184],[80.85884796337315,26.75682032273596],[80.85873497791303,26.753346854314202],[80.85897708961328,26.750709253441567],[80.86470706651914,26.745304142411634],[80.86469092573913,26.744871722427593],[80.85712897030139,26.744078948185482],[80.85354571713772,26.745491523893968],[80.85106407221019,26.74733649430666],[80.84757766372663,26.751934376213224],[80.84702887720606,26.761662823510513],[80.84523725062424,26.7645595779929],[80.84292911908186,26.76673569819557],[80.8429614006419,26.767312146894156],[80.84267086660161,26.76822004766216],[80.8470611587661,26.772802674103946],[80.85190339277105,26.775886475855643]]]}},{"type":"Feature","properties":{"ward_id":"15","name":"Sarojni Nagar Part 2"},"geometry":{"type":"Polygon","coordinates":[[[80.86471917210416,26.744914964499994],[80.86471513690918,26.745369005267392],[80.85898516000331,26.75068763350938],[80.85871076674302,26.75158125394533],[80.85882375220315,26.756841941501595],[80.86008273304442,26.760200006489978],[80.85638649442066,26.762001502598707],[80.85527278059952,26.762275327506373],[80.8485945328677,26.766642025005755],[80.85051528568965,26.76746346419279],[80.85127390235043,26.768212842129095],[80.85166128107083,26.769293666983135],[80.85119319845035,26.773011625933044],[80.85188725199106,26.775879270808968],[80.85764547526193,26.77981315826431],[80.86322211475765,26.783919818417903],[80.87425030270393,26.792651380897134],[80.87483137078452,26.793616710420103],[80.87673598282647,26.792622564964244],[80.87694581296668,26.792853092222508],[80.87789408379264,26.792334405232747],[80.87966956959447,26.793559079037333],[80.88026677845508,26.79283868428259],[80.88218753127703,26.791469921647327],[80.88228437595713,26.791556370302256],[80.88352721601841,26.79085037102626],[80.88367248303855,26.79100886104202],[80.88464092983955,26.790533390330644],[80.8845118035994,26.789942651216954],[80.88520585714011,26.789841793012148],[80.88525427948016,26.78969770970692],[80.88573850288066,26.789553626218737],[80.88573850288066,26.78938072579144],[80.88622272628116,26.78959685128441],[80.88654554188149,26.7892078251007],[80.88690063904184,26.789121374656542],[80.8869409909919,26.78938072579144],[80.887074152427,26.789366317410604],[80.88701765969695,26.788991698866823],[80.88771978362767,26.788725142611476],[80.88831699248827,26.78897008622079],[80.88876086393874,26.78875395953413],[80.88161049839142,26.77568473437604],[80.87098179475055,26.758059791989893],[80.87172427063132,26.757569770877485],[80.87201480467161,26.75774271974668],[80.87269271743232,26.757339171975772],[80.87285412523248,26.757512121195926],[80.87314465927277,26.757483296344173],[80.87349975643313,26.757886843603277],[80.87469417415434,26.757223872349435],[80.8736611642333,26.755076395428997],[80.87395169827359,26.75480255317292],[80.8735643195532,26.75327478952991],[80.87427451387391,26.7525541391739],[80.87456504791422,26.751660526386676],[80.87918131099893,26.750651600279934],[80.88044029184023,26.7498732797359],[80.87676019399645,26.748518412743046],[80.87546893159514,26.746644633910527],[80.86839926994791,26.745779802494546],[80.86471917210416,26.744914964499994]]]}},{"type":"Feature","properties":{"ward_id":"Unknown","name":"Airport"},"geometry":{"type":"Polygon","coordinates":[[[80.88117873252595,26.775115533269176],[80.89417206043922,26.76837136375131],[80.89426890511932,26.76459560681247],[80.89404293419909,26.764566783757747],[80.89417206043922,26.76231856295778],[80.89433346823938,26.762087973693482],[80.90582570361111,26.76231856295778],[80.90595482985127,26.76217444472243],[80.90598711141129,26.761165611956255],[80.90634220857166,26.76087737237776],[80.90937667521476,26.760848548379695],[80.90818225749354,26.76024324273114],[80.90705240289238,26.760156770232378],[80.90575307010108,26.757418440401022],[80.90200840913725,26.75715901625821],[80.89994238929513,26.75738961552552],[80.89371204820878,26.757130191316893],[80.88947509345446,26.75836965719097],[80.88043625664521,26.749866073039307],[80.87920955736396,26.750673220218978],[80.87452873115916,26.751682146133817],[80.87420591555885,26.752633410936717],[80.87349572123813,26.75329640897],[80.87394766307857,26.754852997848616],[80.87362484747824,26.75514125270881],[80.87478698363944,26.757130191316893],[80.87352800279814,26.757994936375766],[80.87317290563779,26.75750491498368],[80.87288237159748,26.757562564668902],[80.87265640067726,26.75733196575255],[80.87197848791656,26.757821987890434],[80.8717202354363,26.75753373982995],[80.87091319643547,26.75816788459787],[80.88117873252595,26.775115533269176]]]}},{"type":"Feature","properties":{"ward_id":"2","name":"Raja Bijli Pasi"},"geometry":{"type":"Polygon","coordinates":[[[80.8811625917459,26.775201994380595],[80.88644809034581,26.78454184120752],[80.90899736688438,26.774683226724537],[80.920360476016,26.774135636071946],[80.91689827870246,26.767189651790492],[80.91754390990312,26.766296154097212],[80.91712424962269,26.7652297121663],[80.91421890921971,26.76102149225841],[80.90630992701162,26.76087737237776],[80.90601939297133,26.760992668296907],[80.90595482985127,26.76223209203851],[80.90572885893103,26.76231856295778],[80.89433346823938,26.762116797377118],[80.89410749731915,26.762289739325336],[80.89410749731915,26.76845782999744],[80.8811625917459,26.775201994380595]]]}},{"type":"Feature","properties":{"ward_id":"21","name":"Sharda Nagar"},"geometry":{"type":"Polygon","coordinates":[[[80.91645727306802,26.764143377448292],[80.91760460924519,26.766412317075947],[80.91680811140317,26.767191196349852],[80.92637556762435,26.786255140714243],[80.92633763915566,26.787067742158104],[80.92535149897034,26.789640941678645],[80.92463085806567,26.789640941678645],[80.923455075537,26.791909371810576],[80.922999933913,26.792281796304316],[80.922431006883,26.792518793072983],[80.92144486669767,26.792586506344545],[80.92121729588567,26.79427932499971],[80.921862079853,26.794414749401007],[80.92205172219634,26.79411004427077],[80.92273443463235,26.794854877588847],[80.92326543319368,26.79492258946619],[80.923341290131,26.79563356173842],[80.92353093247434,26.79583669585497],[80.923113719319,26.801118055212388],[80.92535149897034,26.800305554393375],[80.92785477790234,26.799154501603333],[80.92865127574436,26.799831592894467],[80.93930917543969,26.790995233779743],[80.93976431706369,26.790995233779743],[80.94587080051903,26.7681732539089],[80.92712465488052,26.76153573414734],[80.92336025436533,26.761501868256236],[80.91645727306802,26.764143377448292]]]}},{"type":"Feature","properties":{"ward_id":"1","name":"Ibrahimpur"},"geometry":{"type":"Polygon","coordinates":[[[80.94333907523553,26.77724841847784],[80.9461078534482,26.77514900459102],[80.96094736681404,26.785205521904835],[80.96128872303204,26.785171663071953],[80.96216107781136,26.78669530055188],[80.96291964718472,26.78933622372843],[80.96216107781136,26.790250375124334],[80.96348857421471,26.791232233235633],[80.96462642827471,26.793162067521138],[80.96860891748472,26.79573512884215],[80.97520847103272,26.793331349664484],[80.97801517771406,26.78862521199586],[80.97987367267874,26.781887308275092],[80.97812896312006,26.775182866413317],[80.97486711481473,26.772270712787908],[80.96766070576804,26.77095006036847],[80.9508583941487,26.76983257324909],[80.95119975036668,26.76898598477794],[80.94968261162003,26.76837643717137],[80.94918954152736,26.769290757354515],[80.94581390781603,26.768105526073988],[80.94333907523553,26.77724841847784]]]}},{"type":"Feature","properties":{"ward_id":"10","name":"Kharika"},"geometry":{"type":"Polygon","coordinates":[[[80.94333907523553,26.77724841847784],[80.9397358707122,26.790995233779743],[80.9413288663962,26.790690519466224],[80.9487249177862,26.79058894784655],[80.95293497780821,26.790047231006113],[80.9581691064842,26.790250375124334],[80.96112752704022,26.78937008131886],[80.96218952416288,26.790284232442012],[80.96294809353621,26.789437796469414],[80.96211366722554,26.786729158930235],[80.96124131244622,26.785205521904835],[80.96089995622822,26.785205521904835],[80.94606992497953,26.775182866413317],[80.94333907523553,26.77724841847784]]]}},{"type":"Feature","properties":{"ward_id":"88","name":"Vidyavati 1st"},"geometry":{"type":"Polygon","coordinates":[[[80.90257545353599,26.777519307764706],[80.90504080399933,26.781277829921077],[80.91258856926399,26.79414390043677],[80.91376435179266,26.7992899201849],[80.91323335323133,26.80044097160074],[80.918732981188,26.80186284251677],[80.92131211705734,26.80172742700702],[80.923170612022,26.801185763351256],[80.92354989670866,26.795870551505693],[80.923170612022,26.794888733532563],[80.92275339886667,26.794821021635016],[80.92203275796201,26.794008475712165],[80.92180518715,26.79448246154104],[80.92116040318267,26.794380893315846],[80.92150175940068,26.792586506344545],[80.92301889814733,26.79231565301587],[80.92343611130268,26.791909371810576],[80.92457396536268,26.789607084169027],[80.92537046320467,26.789640941678645],[80.92609110410935,26.78808348578098],[80.92635660339002,26.787203175166425],[80.92635660339002,26.786424433161507],[80.92032597687202,26.774167007351675],[80.90890950780333,26.774810385812618],[80.90257545353599,26.777519307764706]]]}},{"type":"Feature","properties":{"ward_id":"73","name":"Vidyavati 2nd"},"geometry":{"type":"Polygon","coordinates":[[[80.88944272126014,26.78314011461504],[80.89065643225749,26.785374815917745],[80.89539749084082,26.782496783356763],[80.89937998005084,26.7891330779737],[80.90146604582748,26.79231565301587],[80.9022625436695,26.795295004069224],[80.90264182835614,26.79715705874667],[80.90267975682484,26.798138857088436],[80.90560024891217,26.796920071666953],[80.90605539053617,26.797868017015297],[80.9077242431575,26.79719091400336],[80.90795181396949,26.797394045331302],[80.91212394552284,26.795938262776836],[80.91379279814417,26.799425338604806],[80.91254115867815,26.794177756592667],[80.90594160513017,26.78283537921036],[80.90256597141882,26.77741772435787],[80.88944272126014,26.78314011461504]]]}},{"type":"Feature","properties":{"ward_id":"66","name":"Hind Nagar"},"geometry":{"type":"Polygon","coordinates":[[[80.88636103318098,26.784460625248176],[80.89136759104497,26.793602200568493],[80.89547334777816,26.80176128089961],[80.90198756227164,26.799188356263887],[80.905021839765,26.79851126113312],[80.90657690698033,26.79854511598564],[80.90892847203766,26.79912064693269],[80.91317646052835,26.800508680143793],[80.91374538755834,26.799323774805035],[80.91215239187434,26.79597211839727],[80.90794233185233,26.797394045331302],[80.90782854644634,26.79715705874667],[80.90612176535633,26.797868017015297],[80.905704552201,26.79695392699435],[80.90263234623897,26.79817271205211],[80.90225306155233,26.795261148246748],[80.90149449217898,26.79234950971731],[80.89933256946497,26.7891330779737],[80.89781543071832,26.786390574692252],[80.89538800872366,26.782530642987567],[80.89068487860898,26.78534095713537],[80.88947116761166,26.783106255166036],[80.88636103318098,26.784460625248176]]]}},{"type":"Feature","properties":{"ward_id":"44","name":"Chitragupt Nagar"},"geometry":{"type":"Polygon","coordinates":[[[80.87270678446096,26.79695392699435],[80.88769327064288,26.80829489298398],[80.8901965495749,26.80509583980041],[80.89152404597823,26.80380942260213],[80.8954591246024,26.80177820784212],[80.89137233210357,26.793585272405938],[80.88876000882416,26.78876910758701],[80.88831434931733,26.788980718418998],[80.88771697593582,26.78872678537326],[80.88700581714832,26.78898918284407],[80.88708167408565,26.789361616922196],[80.88694892444533,26.789403938899188],[80.88688254962516,26.7891330779737],[80.88651274705566,26.78921772208237],[80.88654119340715,26.7893785457149],[80.88621880142348,26.78961554854738],[80.88575891874089,26.78935315252491],[80.88573521344797,26.78957322664932],[80.88516628641798,26.78987794396312],[80.88444564551331,26.78994565881063],[80.88461632362231,26.79057201923444],[80.8836491476713,26.791029090875174],[80.88351639803098,26.79085980529698],[80.88226475856497,26.791587731491322],[80.8821699373933,26.79150308915053],[80.88012180008532,26.79290814383254],[80.88021662125698,26.793060498113896],[80.8798373365703,26.793178995746835],[80.8799511219763,26.793382134258238],[80.87968562269565,26.79361912872852],[80.8777891992623,26.79234950971731],[80.87684098754565,26.792891215566424],[80.8766513452023,26.79262036296516],[80.8748307787063,26.793737625778032],[80.8755134911423,26.794685597718665],[80.87494456411228,26.79502415720644],[80.87524799186164,26.79519343657146],[80.87509627798696,26.795430427258143],[80.8742618516763,26.796175251907606],[80.87270678446096,26.79695392699435]]]}},{"type":"Feature","properties":{"ward_id":"19","name":"Kesri Kheda"},"geometry":{"type":"Polygon","coordinates":[[[80.87262144540645,26.797021637618865],[80.87011816647443,26.797901872059796],[80.86837345691578,26.800102428279203],[80.8677666014171,26.80128732548374],[80.86765281601112,26.80281074655789],[80.8678803868231,26.80430029404427],[80.86837345691578,26.805383589018664],[80.87273523081244,26.81073220625899],[80.87948649823511,26.81943163326232],[80.87914514201712,26.819905512833035],[80.88051056688911,26.821902554966652],[80.88138292166845,26.826167306770905],[80.88202770563578,26.82667500462663],[80.88234061550227,26.827199623354115],[80.88273886442329,26.8271657770579],[80.88304229217262,26.827436547144423],[80.88313711334429,26.827267315916195],[80.8833836483906,26.82741962403298],[80.88342157685929,26.827301162182067],[80.88361121920263,26.827673470439272],[80.88383879001462,26.827707316583815],[80.88584899885396,26.82686115993702],[80.8873471733663,26.82655654199712],[80.88876949094129,26.826471925757346],[80.88876949094129,26.827335008437828],[80.88901602598763,26.827808854956732],[80.88952806031463,26.828468852162448],[80.89074651237054,26.829534993372327],[80.89226365111722,26.82559191311746],[80.89165679561856,26.82560883650192],[80.89146715327523,26.825050363480166],[80.89228261535156,26.824779587690863],[80.89224468688289,26.824559581885566],[80.89400836067588,26.82383186733237],[80.89368596869222,26.82210564202574],[80.89459625194021,26.82183485919943],[80.89469107311189,26.82210564202574],[80.89499450086123,26.82210564202574],[80.89389457526988,26.81702835636277],[80.89281361391289,26.813897250157],[80.89216882994556,26.81271248471414],[80.89131543940056,26.81139230292078],[80.88900180281189,26.80922581743296],[80.87262144540645,26.797021637618865]]]}},{"type":"Feature","properties":{"ward_id":"69","name":"Ramjilal Nagar"},"geometry":{"type":"Polygon","coordinates":[[[80.88773594017013,26.808362596838005],[80.88955650666612,26.809682813910825],[80.89075125342912,26.81083375984174],[80.8914908585681,26.81161233428729],[80.89260974839378,26.81347412106314],[80.89342521047011,26.81542050181739],[80.89376656668811,26.816656013128966],[80.89441135065545,26.819160844046554],[80.8949660545097,26.822291804843484],[80.89555394577403,26.82418726339573],[80.89616080127269,26.823561088631127],[80.89927093570337,26.816114420787194],[80.90122899289831,26.812187798919176],[80.90113417172664,26.81200161950499],[80.90149449217897,26.811747737992878],[80.90124795713264,26.811155345586947],[80.90113417172664,26.811273824315776],[80.9010583147893,26.8110707178477],[80.90096349361762,26.811172271127212],[80.9007738512743,26.810816834250925],[80.90062213739964,26.810224436980818],[80.9008876366803,26.80998747720606],[80.90056524469665,26.809615110845147],[80.90033767388464,26.809648962383044],[80.90058420893098,26.809445853004085],[80.90041353082196,26.809496630382938],[80.90033767388464,26.80907348486434],[80.9001480315413,26.809107336563947],[80.90029974541596,26.80897192970489],[80.9001480315413,26.808531856296163],[80.90035663811896,26.808345670878285],[80.89999631766665,26.807702482536932],[80.90024285271296,26.807600926149522],[80.90022388847864,26.807228551950807],[80.90048938775931,26.807126995138905],[80.90035663811896,26.806923881242273],[80.90047990564213,26.80694080741422],[80.89964547933147,26.805519000162846],[80.89850762527148,26.806060643122603],[80.89839383986548,26.805654411145333],[80.89865933914614,26.80545129461098],[80.89873519608346,26.80514661912729],[80.89850762527148,26.804131028269747],[80.89812834058479,26.80416488144488],[80.89736977121147,26.803183135263637],[80.89695255805613,26.803284695607534],[80.89604227480812,26.801558157392485],[80.89429756524946,26.80226908807592],[80.89213564253545,26.803521669389607],[80.89145293009946,26.803758642676502],[80.89088400306947,26.804503412640234],[80.8901633621648,26.80501120753845],[80.88849450954346,26.807110068994763],[80.88773594017013,26.808362596838005]]]}},{"type":"Feature","properties":{"ward_id":"22","name":"Gurunanak Nagar"},"geometry":{"type":"Polygon","coordinates":[[[80.89605649798386,26.801558157392474],[80.8969810044076,26.803318549035264],[80.89736028909427,26.803183135263613],[80.89813782270195,26.804156418152022],[80.8984886610371,26.804114101678397],[80.89875416031778,26.8049265752133],[80.89864985702896,26.80545975780716],[80.89838435774827,26.805662874326348],[80.89853607162294,26.806077569423376],[80.89875416031778,26.806069106273302],[80.89921878405895,26.805629021598428],[80.89965496144863,26.80552746335398],[80.90011958518978,26.80626375856548],[80.90046094140779,26.80693234432856],[80.90034715600179,26.80694080741421],[80.90046094140779,26.807126995138905],[80.90024285271295,26.807245478077274],[80.90022388847862,26.807609389185277],[80.89998683554944,26.807694019508126],[80.90032819176746,26.808354133858458],[80.90014803154128,26.80855724519309],[80.90029026329879,26.808980392638315],[80.90012906730695,26.809158114094387],[80.90034715600179,26.809098873639996],[80.90036137917753,26.809496630382938],[80.90053205728653,26.80941200140555],[80.90036137917753,26.809699739670922],[80.9007975565672,26.809868997132973],[80.90089237773887,26.810105957155333],[80.90060791422385,26.810224436980803],[80.9007975565672,26.810495247545507],[80.9007975565672,26.810867611015766],[80.9009682346762,26.811189196664962],[80.90117684125386,26.81125689879066],[80.90132855512853,26.81110456895098],[80.9014802690032,26.811764663444702],[80.90428697568453,26.80919196576873],[80.90411629757554,26.80809178117939],[80.9044386895592,26.80768555647867],[80.90510243776087,26.80726240420121],[80.9046662603712,26.80641609490891],[80.90504554505786,26.806196053458276],[80.90567136479088,26.80612834831064],[80.90561447208786,26.805586705674287],[80.9052920801042,26.80512969268751],[80.90696093272554,26.804266440909593],[80.90718850353754,26.804317220607835],[80.90730228894354,26.804097175084525],[80.90703678966287,26.8032169887217],[80.90724539624053,26.803030794577246],[80.90688507578821,26.80269225898601],[80.90667646921054,26.80281074655789],[80.90650579110154,26.80235372238425],[80.90728332470921,26.801998257864817],[80.90652475533588,26.800593315765752],[80.90684714731954,26.80040711731405],[80.9067143976792,26.799713102210276],[80.90718850353754,26.799509975035136],[80.90661957650752,26.79883288182418],[80.90635407722688,26.798697462696968],[80.90587997136855,26.79876517228079],[80.9059178998372,26.798460478835374],[80.9032439427962,26.79884980920371],[80.89605649798386,26.801558157392474]]]}},{"type":"Feature","properties":{"ward_id":"28","name":"Geeta Palli"},"geometry":{"type":"Polygon","coordinates":[[[80.9058610071342,26.798494333703044],[80.90587997136855,26.798799027057523],[80.90665750497621,26.798815954442105],[80.90718850353755,26.799526902313612],[80.90672387979639,26.79970463858523],[80.90686611155388,26.80040711731405],[80.90650579110154,26.800601779324467],[80.90729280682638,26.8020067213187],[80.90652475533588,26.802353722384222],[80.90656268380455,26.802726112590594],[80.90667646921054,26.80281920995114],[80.90691826319829,26.80269225898601],[80.90746822599397,26.803132355057574],[80.90752511869695,26.803640156094936],[80.9077147610403,26.803521669389593],[80.91000943339463,26.80612834831064],[80.9098197910513,26.80641609490891],[80.9118110356563,26.80809178117939],[80.91122314439195,26.809005781434813],[80.91128003709497,26.811883141536757],[80.91359841474222,26.811663110695843],[80.91367427167957,26.81144307942788],[80.91515348195756,26.811341526390944],[80.91524830312923,26.810393693659563],[80.91560862358156,26.810342916682462],[80.9155706951129,26.809395075602495],[80.9156844805189,26.80937814979692],[80.91593101556522,26.801236544428853],[80.90887632039322,26.799120646932664],[80.9058610071342,26.798494333703044]]]}},{"type":"Feature","properties":{"ward_id":"20","name":"Guru Govind Singh Ward"},"geometry":{"type":"Polygon","coordinates":[[[80.91591679238948,26.801270398467977],[80.91570818581181,26.80937814979692],[80.91555647193715,26.809395075602495],[80.9156323288745,26.810342916682462],[80.91521511571914,26.81041061931354],[80.9151961514848,26.811341526390944],[80.91364108426947,26.81144307942788],[80.91358419156649,26.8116800361603],[80.91326179958281,26.811747737992892],[80.91329972805147,26.81220472430531],[80.91430483247115,26.81228935119806],[80.91447551058016,26.812983289335605],[80.91523407995348,26.814100351561073],[80.9165995048255,26.815149703018257],[80.91733910996449,26.81697758235748],[80.91718739608982,26.826878083131945],[80.91661846905983,26.82894269393894],[80.92462611700708,26.829602684538994],[80.9335630124367,26.83056727926845],[80.94229130128862,26.830990344540933],[80.94080734995204,26.830228825912812],[80.93575812256078,26.828908848163497],[80.93147220560144,26.826319616366547],[80.92938139876618,26.82090403829899],[80.92847111551818,26.819059297923847],[80.9278073673165,26.818145378725035],[80.92517133874416,26.816351367755168],[80.92426105549617,26.81543742672086],[80.92287666638984,26.815758999406544],[80.9230852729675,26.804384926836807],[80.92866075786152,26.799882374578356],[80.9278642600195,26.79915450160332],[80.92316112990483,26.801168836320315],[80.92130263494018,26.801727427007005],[80.92001306700548,26.8018797694441],[80.9187045348365,26.8018797694441],[80.91591679238948,26.801270398467977]]]}},{"type":"Feature","properties":{"ward_id":"18","name":"Om Nagar"},"geometry":{"type":"Polygon","coordinates":[[[80.90723591412339,26.803030794577246],[80.9070344191336,26.803225452084632],[80.90728095417991,26.803682472745415],[80.90709131183658,26.80375864267649],[80.90731888264858,26.804105638381774],[80.90717665089109,26.804334147168856],[80.90693011584476,26.80427490419421],[80.90530867380924,26.80512969268751],[80.90562158367574,26.80559516886038],[80.90567847637875,26.806119885164343],[80.90471130042776,26.806339926762785],[80.90507162088008,26.80738088699807],[80.90439839056125,26.807694019508126],[80.9040949628119,26.808074855179253],[80.90427512303808,26.809208891602104],[80.90112706013873,26.81201008221227],[80.90190459374641,26.8130340651301],[80.90345966096173,26.814625028503933],[80.90498865235487,26.81585208606634],[80.90493175965186,26.81597055988643],[80.90612650641488,26.817138366629603],[80.90667883973983,26.816723711989738],[80.90684951784884,26.816190582366644],[80.90756067663635,26.816215969548413],[80.90752274816766,26.81598748470776],[80.90769342627667,26.81589439815916],[80.90747533758184,26.81563206292906],[80.90706760654368,26.815775924259455],[80.90696330325484,26.81560667561652],[80.907029678075,26.81537818954767],[80.90755119451917,26.815344339720525],[80.90753223028483,26.815090465694702],[80.90775031897967,26.815039690821312],[80.90791151497152,26.815386652002882],[80.90846147776718,26.815124315597668],[80.908907137274,26.815166627962157],[80.90903988691434,26.81564898780095],[80.91012084827135,26.815318952343524],[80.90940968948384,26.814041113689143],[80.9104716866065,26.813524896637794],[80.91019670520868,26.81310176615407],[80.91028204426317,26.812983289335605],[80.91119232751117,26.81271248471414],[80.91105009575368,26.81193391782402],[80.91127766656568,26.81189160425288],[80.91122077386268,26.809031170225623],[80.91180866512701,26.80809178117939],[80.90982453210988,26.80643302115666],[80.91004262080472,26.80614527460134],[80.90769105574739,26.80353013272979],[80.90752037763838,26.80364861942629],[80.90747296705254,26.803123891687672],[80.90723591412339,26.803030794577246]]]}},{"type":"Feature","properties":{"ward_id":"26","name":"Babu Kunj Bihari Lal Ward"},"geometry":{"type":"Polygon","coordinates":[[[80.91103113151935,26.811916992397464],[80.91117336327684,26.81274633532721],[80.91030100849751,26.812983289335605],[80.91019670520868,26.813118691403748],[80.91045272237217,26.8135672095993],[80.90940020736667,26.814066501352332],[80.91015877674,26.8152766400359],[80.9089403246841,26.815691299969597],[80.90928168090208,26.816351367755168],[80.9095092517141,26.816368292519634],[80.90960407288576,26.81670678727835],[80.91087467658609,26.816622163683444],[80.91180392406844,26.81638521728158],[80.9122401014581,26.816520615286155],[80.91354863362709,26.81806075620423],[80.91457744333968,26.819008524828373],[80.91486190685468,26.819076222283964],[80.91478604991735,26.81938086033367],[80.91514637036968,26.819803967377585],[80.91408437324702,26.81948240616828],[80.91283273378102,26.820007058197575],[80.91315512576469,26.820633252601404],[80.91302237612435,26.821817935251335],[80.91281376954669,26.822037946379858],[80.91319305423335,26.822884139047083],[80.91211209287636,26.823374927898694],[80.90826235330667,26.81944855756685],[80.90856578105601,26.8200578308457],[80.90909677961734,26.82237642420502],[80.909646742413,26.825778070207495],[80.909419171601,26.826268846524094],[80.90955192124134,26.826590388475378],[80.90934331466366,26.829331919629777],[80.91268101990634,26.82863808159589],[80.91660661641336,26.82897653970427],[80.91717554344335,26.826895006324275],[80.91732725731801,26.81696065768399],[80.91656868794469,26.81513277807184],[80.91489983532335,26.81371107355029],[80.91425505135602,26.812475530139714],[80.91433090829335,26.81230627656902],[80.91368612432602,26.81212009734941],[80.91328787540502,26.81217087353053],[80.91323098270203,26.811713887081652],[80.91103113151935,26.811916992397464]]]}},{"type":"Feature","properties":{"ward_id":"75","name":"Sardar Patel Nagar"},"geometry":{"type":"Polygon","coordinates":[[[80.90121002866394,26.812187798919187],[80.89923419249934,26.81611442078722],[80.89612405806866,26.823594936004202],[80.89553616680433,26.824170339798986],[80.89532756022666,26.823865714624556],[80.89494827554,26.822105642025765],[80.894663812025,26.822105642025765],[80.89456899085333,26.821817935251335],[80.89363974337098,26.82207179420787],[80.89401902805767,26.823831867332395],[80.89369663607398,26.823831867332395],[80.89365870760533,26.824018027314143],[80.89257774624832,26.824373422793602],[80.89257774624832,26.824525734800712],[80.89225535426466,26.82450881125449],[80.89227431849899,26.824762664182575],[80.89143989218832,26.825050363480205],[80.89162953453165,26.82560883650196],[80.892217425796,26.825625759883888],[80.89075717975233,26.829534993372363],[80.89132610678232,26.829856526053618],[80.89214156885865,26.829924217028115],[80.89800625832626,26.82851962101906],[80.90110216958116,26.82816423854533],[80.90942746845352,26.828705773298456],[80.909553106506,26.826590388475378],[80.90942509792424,26.826268846524094],[80.90964318661906,26.825782301046903],[80.90908848276482,26.822372193238444],[80.90856696632065,26.8200578308457],[80.90825405645414,26.819444326490963],[80.91210972234705,26.823366466039946],[80.91319661002728,26.82289260094185],[80.91280784322346,26.822042177358906],[80.91302119085971,26.821813704263903],[80.9131634226172,26.820637483632904],[80.91281732534063,26.820015520307162],[80.91410333748135,26.819486637242743],[80.9148856121476,26.8198335848115],[80.91515111142827,26.819799736314966],[80.91479079097594,26.819363936019062],[80.9148571657961,26.819076222283964],[80.91456796122252,26.819012755920532],[80.91354270730388,26.81805652507652],[80.91224128672275,26.816524846471175],[80.91180036827448,26.81638521728158],[80.91086637973356,26.81663062604577],[80.90960051709182,26.816711018456438],[80.90950569592016,26.81637675490092],[80.90926864299098,26.816359830137714],[80.90894862153661,26.815695531185582],[80.90890121095077,26.815166627962157],[80.90845081038536,26.815128546834835],[80.90791032970685,26.81537818954767],[80.90775861583218,26.815035459580837],[80.90753578607878,26.815090465694716],[80.90753578607878,26.81535280217826],[80.90702375175178,26.815386652002882],[80.90706168022045,26.81578015547231],[80.90742318593742,26.815598213177744],[80.90768868521809,26.815902860575825],[80.90750141340403,26.816004409526567],[80.90754882398987,26.816224431941073],[80.90709368236588,26.816131345587067],[80.90675232614788,26.816258281505398],[80.90667646921054,26.816732174344487],[80.90610754218055,26.817172215920973],[80.90492701859328,26.815979022297434],[80.90505976823363,26.815826698803075],[80.90418741345428,26.81526817757248],[80.90189274109996,26.813050990389893],[80.90121002866394,26.812187798919187]]]}},{"type":"Feature","properties":{"ward_id":"78","name":"Alam Nagar"},"geometry":{"type":"Polygon","coordinates":[[[80.87388530070177,26.837378759371116],[80.87659323536785,26.835834713377526],[80.87908902768683,26.834736052448005],[80.89310706121184,26.830415539216645],[80.89211290393808,26.82989587875618],[80.8912476959342,26.82989587875618],[80.8894756833877,26.82850020743501],[80.88876022292293,26.827371779753218],[80.88879350015384,26.826480907854524],[80.88732930199338,26.82655514744698],[80.8854491384464,26.82698573612387],[80.88385183136225,26.827742974310144],[80.88356897489943,26.827698431027528],[80.88340258874483,26.827297540695895],[80.883336034283,26.8274460187619],[80.88313637089749,26.827252997238148],[80.8830032619738,26.827475714351756],[80.88265385104913,26.827178758102978],[80.88232107873995,26.82723814941501],[80.88202158366167,26.826659082794677],[80.88134771973553,26.82615425306981],[80.88118133358094,26.82481792823435],[80.88041595726978,26.82190765516776],[80.87968385818954,26.820660372400905],[80.87901831357115,26.819917935664776],[80.87685529356136,26.821670078556302],[80.87355252839257,26.82371916045142],[80.87042446868611,26.8249367133024],[80.86696363667046,26.825708813209246],[80.86420162650411,26.82757964885494],[80.8663646465139,26.830489776230678],[80.86696363667046,26.83108367059141],[80.86792867636713,26.830252217614532],[80.86826144867632,26.83108367059141],[80.86846111206185,26.83123214369508],[80.86849438929276,26.831588478349857],[80.86892699329474,26.831529089318565],[80.86929304283484,26.8319745062942],[80.8697256468368,26.832093283858555],[80.86982547852956,26.832954417475154],[80.86965909237496,26.833429522874887],[80.86812833975263,26.83402340182198],[80.86816161698357,26.834142177237723],[80.86979220129862,26.835032988885363],[80.86985875576049,26.835478392081686],[80.87052430037888,26.836250420139052],[80.87075724099532,26.836309806694704],[80.87082379545716,26.836666125374634],[80.87388530070177,26.837378759371116]]]}},{"type":"Feature","properties":{"ward_id":"70","name":"Shahdatganj"},"geometry":{"type":"Polygon","coordinates":[[[80.86999602433801,26.797999012554975],[80.86500443970003,26.800018819541762],[80.85954697382918,26.80512758254974],[80.85794966674503,26.807206664397015],[80.85668513197007,26.808513496332615],[80.85475505257672,26.812018107616144],[80.85315774549257,26.81558200798352],[80.85142732948474,26.820036725869407],[80.84463877437709,26.824669446724172],[80.84463877437709,26.82674817015968],[80.84510465560996,26.82799538591415],[80.84587003192112,26.829183197676752],[80.84567036853561,26.829925573703868],[80.84224281375086,26.83227144997155],[80.84137760574696,26.834617277655067],[80.8448384377626,26.84584094523295],[80.84290835836926,26.84851308304682],[80.84374028914226,26.84824587210405],[80.84390667529685,26.8483349424884],[80.84557053684284,26.84765206775056],[80.84593658638296,26.847622377451113],[80.84636919038492,26.848186491808878],[80.84660213100136,26.848186491808878],[80.8468350716178,26.84741454513693],[80.84760044792895,26.84741454513693],[80.85032918086438,26.84973036935892],[80.85292480487614,26.84976005910542],[80.85528748827144,26.850769505852487],[80.87388946035561,26.83743814533507],[80.87245853942606,26.83690367053841],[80.87080715684166,26.83669581854736],[80.87080715684166,26.836280113420777],[80.87050766176338,26.836235573495276],[80.87032463699333,26.835849560073857],[80.87012497360782,26.835834713377526],[80.87000850329957,26.835463545336705],[80.869842117145,26.835493238824736],[80.8699253102223,26.835122069664767],[80.86947606760488,26.834736052448005],[80.86899354775652,26.834691511915246],[80.86817825559899,26.834157024155928],[80.86812833975263,26.83405309568759],[80.86907674083382,26.83351860491546],[80.8696757309904,26.833459216896195],[80.86985875576045,26.832969264549053],[80.8696757309904,26.832241755638844],[80.86979220129862,26.83210813104534],[80.86934295868119,26.831989353496567],[80.86899354775652,26.83149939479126],[80.86847775067729,26.831588478349857],[80.86852766652366,26.83123214369508],[80.8682947259072,26.831113365227722],[80.86792867636709,26.830237370184474],[80.86694699805496,26.83108367059141],[80.86488380973793,26.828366578427826],[80.86416834927316,26.827698431027528],[80.86521658204714,26.826792713815905],[80.86581557220369,26.826584843270325],[80.86691372082403,26.82569396518372],[80.87050350210954,26.824966409549955],[80.87356500735416,26.823748857018074],[80.87689273044613,26.821699775659987],[80.87955490891973,26.819442773601093],[80.87433038366531,26.81302789076263],[80.874463492589,26.812909093212237],[80.86830720486883,26.805394895208405],[80.86787460086687,26.804355342440697],[80.86764166025043,26.802929654577675],[80.86767493748135,26.80138513916785],[80.86827392763792,26.80019703607856],[80.86999602433801,26.797999012554975]]]}},{"type":"Feature","properties":{"ward_id":"16","name":"Haidar Ganj 2nd"},"geometry":{"type":"Polygon","coordinates":[[[80.84070374182082,26.850591368845457],[80.84087012797542,26.853975924032547],[80.84223449444315,26.857805693346908],[80.84246743505959,26.86110097248595],[80.84213466275038,26.861338466373414],[80.84196827659578,26.861724392877132],[80.83947248427678,26.861961885455777],[80.83684358303412,26.863950866227775],[80.83744257319069,26.87042223327002],[80.83694341472689,26.873390626368085],[80.84662708892456,26.871550231826934],[80.84732591077388,26.87113465472035],[80.84789162369951,26.87104560228452],[80.84942237632183,26.869828545299463],[80.8498882575547,26.869650438300496],[80.8515521191007,26.866296037431063],[80.85265026772106,26.86567264223584],[80.85265026772106,26.8654945286918],[80.853914802496,26.865049243604624],[80.85431412926705,26.864633642608297],[80.85621093142947,26.86409929622631],[80.85800790189913,26.863000909624887],[80.86160184283848,26.861813452652548],[80.86153528837664,26.861249406224044],[80.86130234776022,26.86086347809991],[80.86130234776022,26.860121304929997],[80.85804117913007,26.855430657876468],[80.85883983267215,26.855104086600676],[80.85597799081303,26.850353852399945],[80.85531244619463,26.850858574250857],[80.85291648556841,26.849789748844145],[80.85025430709481,26.84967098984256],[80.8477252375449,26.847503616175445],[80.84676019784824,26.847384854775175],[80.84666036615548,26.84803804093468],[80.84639414830812,26.848156801649615],[80.84609465322984,26.847919280095127],[80.84596154430615,26.847562996828852],[80.84516289076409,26.84771144832608],[80.84473028676214,26.848097421307727],[80.84429768276017,26.848008350736478],[80.84386507875821,26.848394322705687],[80.8436654153727,26.848186491808878],[80.84353230644902,26.848364632600944],[80.84293331629246,26.848542773112623],[80.84070374182082,26.850591368845457]]]}},{"type":"Feature","properties":{"ward_id":"47","name":"Haidarganj 1st"},"geometry":{"type":"Polygon","coordinates":[[[80.86983379783726,26.860096256500583],[80.87023728426217,26.858844755688473],[80.87003762087666,26.858161944367588],[80.86937207625827,26.85795413140852],[80.8691058584109,26.857508816639463],[80.86850686825434,26.857033812287288],[80.86700939286295,26.85468844906835],[80.86714250178663,26.854064989907375],[80.86311595684533,26.856232237921134],[80.86235058053418,26.855994733314713],[80.86201780822498,26.855697851855634],[80.85962184759873,26.8549853331758],[80.85792470882183,26.855430657876468],[80.86135226360658,26.860240052964382],[80.86128570914474,26.86092285174317],[80.86158520422302,26.861308779664753],[80.86161848145395,26.861724392877132],[80.8622507488414,26.861694706269738],[80.86215091714867,26.863089968395325],[80.86248368945785,26.865138300762304],[80.86274990730521,26.865583585498882],[80.86308267961442,26.865732013354847],[80.86364839254006,26.866652261714194],[80.86521242239328,26.86576169890267],[80.86581141254985,26.866385093607033],[80.86661006609191,26.865791384442694],[80.86624401655179,26.865078929331627],[80.86867325440895,26.863802436034458],[80.86873980887077,26.863268085725814],[80.86937207625827,26.86255561472103],[80.87063661103322,26.862080631558115],[80.86983379783726,26.860096256500583]]]}},{"type":"Feature","properties":{"ward_id":"9","name":"Kanhaiya Madhopur"},"geometry":{"type":"Polygon","coordinates":[[[80.87126471876682,26.8618728257972],[80.86934711833506,26.86255561472103],[80.86869821233212,26.863268085725814],[80.86867325440893,26.863802436034458],[80.86622737793633,26.86509377219222],[80.8666100660919,26.865806227209784],[80.8657781353189,26.866429621668722],[80.86521242239327,26.865746856129718],[80.86363175392458,26.866637419058137],[80.86308267961441,26.865702327799234],[80.8626667142279,26.865598428293247],[80.86246705084238,26.865153143615085],[80.86213427853318,26.863089968395325],[80.86233394191869,26.861843139228775],[80.86225074884139,26.861650176344043],[80.86161848145393,26.86173923617789],[80.85802454051459,26.863030595889494],[80.85584488188933,26.864292254933222],[80.85516269865548,26.864307097897044],[80.85429749065156,26.86464848552731],[80.85388152526505,26.865049243604624],[80.85326589649304,26.8653164148673],[80.8526294694517,26.865405471814608],[80.8526294694517,26.86567264223584],[80.85153132083134,26.86631088013193],[80.84983418205444,26.869665280561126],[80.84938493943702,26.869843387536704],[80.8478541868147,26.871060444362026],[80.84733838973544,26.871119812652577],[80.84660629065522,26.87152054779855],[80.83688933922663,26.873390626368085],[80.83795421061606,26.875913699230104],[80.83891925031274,26.879356860750452],[80.8393518543147,26.880009862311113],[80.84680179438686,26.878599967857575],[80.85232997437343,26.87698227782141],[80.87071148480277,26.87300473967209],[80.87459244185881,26.872648535399176],[80.8817678447759,26.872648535399176],[80.88021629388426,26.870125389674353],[80.88056570480893,26.86902706159507],[80.88029532730768,26.86092285174317],[80.88049499069321,26.8598392778488],[80.87798255975876,26.859705685828107],[80.87601920313449,26.860061930866063],[80.875603237748,26.86101191214962],[80.87405983427756,26.861414584530902],[80.87386034277856,26.861160346004556],[80.87146438215234,26.862110318064225],[80.87126471876682,26.8618728257972]]]}},{"type":"Feature","properties":{"ward_id":"83","name":"Rajaji Puram"},"geometry":{"type":"Polygon","coordinates":[[[80.87283290827392,26.838106235283504],[80.87404752720249,26.838551626392707],[80.87694264629252,26.83872978234588],[80.8768261759843,26.841402088007342],[80.88246666662522,26.84153570163484],[80.88243338939431,26.84045194210891],[80.88825690480526,26.840229250510614],[80.88824026618981,26.839160324742185],[80.89046984066142,26.838432855601543],[80.89009131215974,26.837289680366794],[80.89309042259637,26.830415539216606],[80.87912230491777,26.834721205605675],[80.87579458182579,26.836235573495248],[80.87283290827392,26.838106235283504]]]}},{"type":"Feature","properties":{"ward_id":"5","name":"Ambedkar Nagar 2nd"},"geometry":{"type":"Polygon","coordinates":[[[80.89209626532265,26.82991072623097],[80.89309458225024,26.830400691807974],[80.89004971562107,26.837289680366794],[80.89031593346844,26.837987464025183],[80.8908317305477,26.837913231925477],[80.89081509193223,26.83776476758008],[80.89141408208879,26.83776476758008],[80.89138080485787,26.837645995963598],[80.89199643362987,26.83725998734978],[80.89510785472089,26.836443426331044],[80.89595642410936,26.83599802693009],[80.89772427700197,26.835493238824707],[80.89877250977594,26.834943908035882],[80.90078578224659,26.834260952528876],[80.90259939133172,26.833919473231003],[80.90469585687967,26.833845238464797],[80.90627652534836,26.83337013480888],[80.90611013919376,26.831751798025305],[80.90710845612136,26.83029675989297],[80.90912172859201,26.82974740390102],[80.9094212236703,26.828604140998277],[80.90409686672311,26.828440816784585],[80.90109775628648,26.828143863065545],[80.89800297381093,26.82852990274852],[80.89209626532265,26.82991072623097]]]}},{"type":"Feature","properties":{"ward_id":"68","name":"Chandrabhan Gupt Nagar"},"geometry":{"type":"Polygon","coordinates":[[[80.90650114665706,26.833637380860562],[80.90701694373634,26.833058346951614],[80.90733307743008,26.833028652825195],[80.9149078071182,26.834899367584878],[80.91923384713778,26.835552625777407],[80.92629693940053,26.83602772027798],[80.92854315248762,26.835597165971514],[80.93208717758057,26.834587583937353],[80.93165457357861,26.833845238464797],[80.93192079142597,26.830370996984847],[80.91265743437725,26.82864868392477],[80.9102281965201,26.829257435498377],[80.90932971128527,26.829242587937927],[80.90911340928429,26.829806793866428],[80.90713341404455,26.83034130215394],[80.9061184585015,26.831781492486456],[80.9060352654242,26.8325238514852],[80.9062016515788,26.83329589968261],[80.90650114665706,26.833637380860562]]]}},{"type":"Feature","properties":{"ward_id":"76","name":"Babu Banarsi Das"},"geometry":{"type":"Polygon","coordinates":[[[80.93191247211824,26.83034130215394],[80.93164625427089,26.83387493237712],[80.93237835335113,26.83470635876142],[80.93339330889418,26.834320340127746],[80.93379263566521,26.835225997152158],[80.93380927428068,26.83602772027798],[80.93440826443724,26.836859130858127],[80.93482422982373,26.837066982549445],[80.9352069179793,26.83668097196195],[80.93582254675133,26.837022442933424],[80.93618859629144,26.836621585600938],[80.93690405675622,26.837037289474036],[80.93795228953019,26.83620588020186],[80.93885077476503,26.83715606172893],[80.93930001738245,26.836577045809733],[80.94066438385018,26.833756156681122],[80.94241143847346,26.831009433966578],[80.93355969504879,26.83057886058326],[80.93191247211824,26.83034130215394]]]}},{"type":"Feature","properties":{"ward_id":"57","name":"Vikramaditya"},"geometry":{"type":"Polygon","coordinates":[[[80.94240311916573,26.83099458663579],[80.94099715615937,26.833281052651532],[80.94246135431983,26.834082789545405],[80.9443914337132,26.83553777904216],[80.94515681002434,26.836280113420763],[80.94555613679537,26.83714121520389],[80.94652117649207,26.83803200326166],[80.94835142419267,26.837170908252034],[80.95064755312612,26.836398886469777],[80.95031478081692,26.83886339912682],[80.95051444420245,26.839368172209674],[80.9504478897406,26.840704325390853],[80.95174570174649,26.842485838438616],[80.95311006821419,26.84272337139369],[80.95533964268583,26.843406275863543],[80.95784375431253,26.844386088125166],[80.95837619000726,26.8449205276027],[80.95857585339277,26.845484655425125],[80.96107164571175,26.848483392973208],[80.96330953949112,26.84996788711285],[80.9649401238062,26.850769505852472],[80.96503995549895,26.85047261068499],[80.96577205457919,26.84996788711285],[80.96613810411931,26.84943347146555],[80.96640432196666,26.848305252368057],[80.96500667826803,26.842129538071593],[80.96257744041088,26.836666125374624],[80.96380869795492,26.832360532922934],[80.96273550725775,26.831974506294184],[80.94240311916573,26.83099458663579]]]}},{"type":"Feature","properties":{"ward_id":"65","name":"Ram Tirath"},"geometry":{"type":"Polygon","coordinates":[[[80.94069766108109,26.83369676878642],[80.94109698785212,26.833874932377135],[80.94182908693236,26.834646971364958],[80.94335983955467,26.836903670538394],[80.94369261186387,26.838061696076238],[80.94395882971124,26.840229250510614],[80.94382572078756,26.842129538071593],[80.94505697833158,26.843525041437797],[80.94588890910458,26.84515805544952],[80.94598874079735,26.845840945232936],[80.94615512695195,26.845840945232936],[80.94568924571907,26.84723640284961],[80.94635479033747,26.847355164405627],[80.94745293895782,26.849522540915345],[80.9479188201907,26.85094764257913],[80.94918335496564,26.853085261428674],[80.95157931559187,26.855519722606285],[80.95264418698132,26.85465876061477],[80.9538088900635,26.85284775021707],[80.95444115745099,26.852164902707017],[80.9549735931457,26.851155468405842],[80.95553930607134,26.849344401945675],[80.95560586053317,26.848305252368068],[80.95890030639424,26.84732547402831],[80.95959912824357,26.846791045904798],[80.95939946485805,26.846375377842087],[80.95850097962321,26.845484655425125],[80.95786871223572,26.844326705805265],[80.95314334544513,26.84266398820164],[80.95171242451556,26.842485838438616],[80.95088049374256,26.84100124617876],[80.95041461250968,26.840704325390853],[80.95054772143337,26.83939786467388],[80.95024822635509,26.839011862031835],[80.95074738481888,26.836339499960843],[80.94721999834138,26.837556917169522],[80.9465877309539,26.838002310439283],[80.94558941402629,26.83714121520389],[80.94522336448618,26.836339499960843],[80.94365933463295,26.834854827116356],[80.94149631462317,26.8334889109097],[80.94086404723569,26.833310746711767],[80.94069766108109,26.83369676878642]]]}},{"type":"Feature","properties":{"ward_id":"48","name":"Mahatma Gandhi"},"geometry":{"type":"Polygon","coordinates":[[[80.93476599466963,26.83708182908423],[80.93459960851503,26.83770538178743],[80.93466616297685,26.839427557130318],[80.93459960851503,26.83969478888776],[80.93410045005123,26.83999171232302],[80.93909203468921,26.8417138528929],[80.94012362884773,26.842218613268475],[80.94178749039372,26.84334689302969],[80.9441168965581,26.845217437333346],[80.94501538179294,26.846256615258103],[80.94584731256595,26.846791045904784],[80.9461135304133,26.845840945232936],[80.94561437194949,26.844534543788683],[80.94504865902385,26.843525041437797],[80.94375084701798,26.842248304985187],[80.94398378763442,26.841654469171367],[80.94398378763442,26.840169866010427],[80.94338479747786,26.837022442933424],[80.94188732208646,26.83470635876142],[80.94112194577531,26.833964014067387],[80.94072261900428,26.833726462737665],[80.9388923713037,26.837200601292405],[80.93799388606885,26.836161340247173],[80.93692901467942,26.837022442933424],[80.93616363836826,26.836577045809733],[80.9357310343663,26.837052136012712],[80.93519859867158,26.836666125374624],[80.93476599466963,26.83708182908423]]]}},{"type":"Feature","properties":{"ward_id":"13","name":"Lal Kuan"},"geometry":{"type":"Polygon","coordinates":[[[80.9236513995424,26.83580501997901],[80.92358484508054,26.83886339912682],[80.92411728077526,26.839783866000097],[80.92647996417057,26.842218613268475],[80.92797743956197,26.840912170024147],[80.92674618201794,26.83957601929565],[80.92681273647977,26.83924940227496],[80.92574786509033,26.838061696076238],[80.92894247925864,26.83844770195725],[80.93413372728214,26.83999171232302],[80.93457465059184,26.839679942695557],[80.93462456643822,26.8376905353344],[80.93479095259282,26.837007596390865],[80.9344249030527,26.836888823980253],[80.93415868520533,26.836339499960843],[80.9338425515116,26.836072260285235],[80.93380927428068,26.835225997152158],[80.93339330889418,26.83433518702262],[80.93237835335113,26.834691511915235],[80.93219532858106,26.834528196478615],[80.9284973962951,26.835597165971514],[80.92623454459255,26.836027720277993],[80.9236513995424,26.83580501997901]]]}},{"type":"Feature","properties":{"ward_id":"93","name":"Yadhu Nath Sanyal"},"geometry":{"type":"Polygon","coordinates":[[[80.92571874751329,26.83803200326166],[80.92681689613363,26.839219709771832],[80.92673370305633,26.839620557907303],[80.92794832198493,26.84091217002416],[80.9264175693626,26.84227799669413],[80.92738260905928,26.84352504143781],[80.92738260905928,26.845395582797952],[80.92749907936751,26.845618264234474],[80.92839756460234,26.845484655425125],[80.92868042106517,26.845781563676177],[80.92956226768453,26.846033935077312],[80.93017789645654,26.84640506846862],[80.93039419845752,26.845692491282634],[80.93076024799765,26.84533620100756],[80.93084344107496,26.84400010248896],[80.93049403015029,26.84272337139369],[80.93001151030194,26.842188921543976],[80.93135923815419,26.841298166188057],[80.93408797108964,26.83999171232303],[80.92893000029706,26.838418009243902],[80.92571874751329,26.83803200326166]]]}},{"type":"Feature","properties":{"ward_id":"72","name":"Ganesh Ganj"},"geometry":{"type":"Polygon","coordinates":[[[80.92052333983592,26.835597165971524],[80.92020304648833,26.837556917169522],[80.92055245741298,26.838759474977497],[80.92239934372903,26.8421740756788],[80.92341429927208,26.8436438068875],[80.92492841327895,26.8451729009234],[80.92592673020654,26.844519698231093],[80.92684185405682,26.84423763226699],[80.9270248788269,26.84371803523027],[80.92629277974666,26.84233738008864],[80.92640925005489,26.84223345912781],[80.92412975973687,26.839769019819574],[80.92354740819577,26.838878245426077],[80.92364723988852,26.835805019979023],[80.92052333983592,26.835597165971524]]]}},{"type":"Feature","properties":{"ward_id":"55","name":"Motilal Nehru"},"geometry":{"type":"Polygon","coordinates":[[[80.906534423888,26.833681921807884],[80.9073996318919,26.835522932304965],[80.90758265666197,26.836384039845466],[80.91069407775298,26.841164552280222],[80.9117963860272,26.8425006842629],[80.91360999511234,26.84153570163484],[80.91908409959865,26.837913231925477],[80.92019888683447,26.837542070697022],[80.92054829775913,26.835626859424515],[80.91718313778235,26.835270537474717],[80.91318987007197,26.834557890211876],[80.90984550836453,26.833533451915393],[80.90784887450931,26.833281052651547],[80.90734971604553,26.832969264549043],[80.90708349819816,26.83304349988939],[80.906534423888,26.833681921807884]]]}},{"type":"Feature","properties":{"ward_id":"54","name":"Kunwer Jyoti Prasad 2nd"},"geometry":{"type":"Polygon","coordinates":[[[80.87290778204348,26.838121081682036],[80.86410595446519,26.844400933700275],[80.86535385062469,26.844965064111953],[80.8680825835601,26.846761355379495],[80.86936375695052,26.844400933700275],[80.8714934997294,26.843628961213092],[80.8718595492695,26.844445470413937],[80.87433870297303,26.847399699957027],[80.87467147528224,26.849181107643854],[80.87450508912764,26.849314712090145],[80.87573634667167,26.849878818013547],[80.87663483190651,26.84981943857506],[80.87676794083019,26.85005695614209],[80.87658491606012,26.850517145009775],[80.87675130221473,26.850561679317018],[80.87851499545349,26.85024993879827],[80.87793264391237,26.847147331600826],[80.8766015546756,26.847147331600826],[80.87670138636834,26.846494140301456],[80.87583617836444,26.84349535005592],[80.87555332190163,26.838670397059307],[80.87408912374114,26.83853678005064],[80.87290778204348,26.838121081682036]]]}},{"type":"Feature","properties":{"ward_id":"50","name":"Hardeen Rai Nagar"},"geometry":{"type":"Polygon","coordinates":[[[80.87554500259388,26.838685243383868],[80.87577794321034,26.84349535005592],[80.87672634429153,26.846479295000854],[80.87659323536786,26.847132486385885],[80.87794096322013,26.847177022024887],[80.87850667614575,26.85030931801091],[80.8813518793894,26.849834283437602],[80.8831322112436,26.849106882883326],[80.88245002800974,26.841520855684017],[80.87684281459974,26.841416933973736],[80.87692600767704,26.83872978234588],[80.87554500259388,26.838685243383868]]]}},{"type":"Feature","properties":{"ward_id":"86","name":"Kashmiri Mohalla"},"geometry":{"type":"Polygon","coordinates":[[[80.8669553173627,26.854673604842535],[80.86851102790821,26.857026390328464],[80.86913497598795,26.857516238566646],[80.86939287452758,26.85793928761111],[80.87004178053051,26.858161944367588],[80.87024144391603,26.858852177528014],[80.86982547852953,26.860254896459903],[80.87003346122279,26.86085605639231],[80.87039951076291,26.861308779664753],[80.87059917414842,26.862095474812158],[80.87123560118978,26.861843139228775],[80.87148518042167,26.862095474812158],[80.87386450243244,26.861130659249152],[80.87408080443342,26.86144236979238],[80.87559491844027,26.861056442326543],[80.87599424521129,26.860121304929997],[80.87762482952637,26.859690842260513],[80.87940516138059,26.859690842260513],[80.88053658723186,26.859868964943086],[80.88071961200193,26.859705685828107],[80.88108566154204,26.859898652029585],[80.88433019155671,26.860121304929997],[80.8844633004804,26.859661155119486],[80.8852120381761,26.85951271929749],[80.88331523601367,26.856825997256152],[80.88431355294128,26.856425210046776],[80.88356481524556,26.855386125485257],[80.88489590448236,26.85502986572473],[80.88477943417413,26.854777514382373],[80.88346082389894,26.855015021543696],[80.8825623386641,26.853619659832205],[80.8803660414234,26.85489626802535],[80.87981696711321,26.855044709903805],[80.87926789280304,26.854317342838712],[80.8779534421817,26.851897700385866],[80.87602336278835,26.851378138510967],[80.87519143201537,26.852001612474613],[80.87510823893807,26.85223912546205],[80.8745092487815,26.85217974726192],[80.87424303093415,26.85250632697707],[80.87208001092436,26.8536938816331],[80.87227967430988,26.853975924032532],[80.87154757522964,26.85443609696461],[80.87113160984315,26.854109522818494],[80.87093194645763,26.8536938816331],[80.86973396614451,26.852669616481244],[80.86870237198599,26.85347121608436],[80.86823649075312,26.853411838530707],[80.86717161936367,26.854124367118317],[80.8669553173627,26.854673604842535]]]}},{"type":"Feature","properties":{"ward_id":"60","name":"Labour Colony"},"geometry":{"type":"Polygon","coordinates":[[[80.88239179285564,26.84045194210892],[80.88304069885858,26.848750603355235],[80.88383935240066,26.850917953144158],[80.8869341348762,26.8488248283494],[80.88916370934784,26.84778567400169],[80.8901162700829,26.847845054507125],[80.89384331994594,26.84653867619161],[80.89422600810153,26.84601908971633],[80.89582331518567,26.845811254458457],[80.89217945839995,26.84103093821474],[80.89046568100757,26.838432855601553],[80.88818203103571,26.83920486351733],[80.88823194688207,26.840244096630794],[80.88239179285564,26.84045194210892]]]}},{"type":"Feature","properties":{"ward_id":"14","name":"Ambedkar Nagar 1st"},"geometry":{"type":"Polygon","coordinates":[[[80.89029305537217,26.837980040817406],[80.89090036483647,26.83929394101508],[80.89391403406164,26.843294933024513],[80.9013306969029,26.840548441665486],[80.9052615698053,26.839546326878146],[80.905702493115,26.838848552825603],[80.9070918175059,26.838982169466394],[80.90882223351373,26.83832893105708],[80.90755561891184,26.83637661653257],[80.90740587137272,26.83553777904216],[80.90626404638678,26.83337013480888],[80.90467505861034,26.833860085421932],[80.90259315185094,26.83390462628166],[80.90230197608037,26.83407536608167],[80.9018360948475,26.834015978354355],[80.9015033225383,26.834231258717764],[80.90073794622715,26.83429064633221],[80.89874963167969,26.834943908035882],[80.897106568403,26.835738209803917],[80.89595018462855,26.836012873605007],[80.8950766573169,26.836458272947567],[80.89473556569999,26.836443426331044],[80.8919901941491,26.837267410604767],[80.8913579267616,26.837660842422483],[80.89140784260799,26.837787037244293],[80.8908005331437,26.837749921134833],[80.8908587682978,26.837935501560498],[80.89029305537217,26.837980040817406]]]}},{"type":"Feature","properties":{"ward_id":"7","name":"Malviya Nagar"},"geometry":{"type":"Polygon","coordinates":[[[80.90744746791135,26.845321355555093],[80.91181926412345,26.8425006842629],[80.91066911982979,26.84117197527924],[80.90883055282146,26.838343777426413],[80.90707309906351,26.83899701575008],[80.90569209398033,26.83883370652245],[80.90530524617088,26.83953148066648],[80.90131197846051,26.840570710782256],[80.89387451734993,26.843302355883853],[80.8985520481211,26.84915141774549],[80.90088353411242,26.84808999876279],[80.90243092535019,26.846939498414425],[80.90478528943777,26.8463605325259],[80.90744746791135,26.845321355555093]]]}},{"type":"Feature","properties":{"ward_id":"80","name":"Sheetla Devi"},"geometry":{"type":"Polygon","coordinates":[[[80.8838164743044,26.850932797862615],[80.88409933076723,26.85146720643036],[80.88494790015568,26.851793788201714],[80.88543042000401,26.851823477406924],[80.88649529139346,26.851392983169074],[80.88652856862437,26.852060990768216],[80.8880925984776,26.851511740363758],[80.88837545494042,26.851675031302985],[80.88852520247956,26.852669616481254],[80.88954015802261,26.852595394008567],[80.88997276202458,26.85315948358009],[80.8902888957183,26.85283290574981],[80.89075477695118,26.85354543798264],[80.89088788587486,26.85315948358009],[80.89134128814617,26.853293083329923],[80.89137456537708,26.853797792072577],[80.89218985753462,26.853842325088856],[80.89375388738785,26.854228277162502],[80.89397018938882,26.854747825952163],[80.89436951615987,26.85485173542385],[80.89566732816574,26.85465876061477],[80.89613320939861,26.854747825952163],[80.89628295693775,26.854940800609338],[80.89674883817062,26.855000177360726],[80.8971315263262,26.855890824892647],[80.89882866510311,26.855608787266018],[80.89894513541135,26.855786916375155],[80.89951084833697,26.855549410833994],[80.8983919014473,26.85284775021707],[80.89779291129075,26.851927389563812],[80.89596266359014,26.85252117148719],[80.89587947051284,26.85271414994149],[80.89561325266548,26.85269930545669],[80.89484787635433,26.850814040060417],[80.89494770804708,26.850665592632453],[80.89431544065962,26.84898812316524],[80.89404922281226,26.849092037925374],[80.89398266835042,26.848943588238832],[80.89255174742087,26.84943347146555],[80.89263494049817,26.849774903975757],[80.89393275250403,26.849492851106532],[80.8952305645099,26.85271414994149],[80.89443191096784,26.85281806128057],[80.89388283665765,26.851853166604332],[80.8934502326557,26.851719565154607],[80.89193611864886,26.852253970007208],[80.89138704433866,26.850858574250843],[80.89178637110972,26.850561679317018],[80.89138704433866,26.84976005910542],[80.89127057403044,26.848973278191714],[80.89301762865374,26.848646688281626],[80.89554669820366,26.847845054507125],[80.89592938635921,26.84802319583654],[80.89627879728388,26.848616998243074],[80.89686114882497,26.848973278191714],[80.8982587925236,26.848899053294897],[80.895812916051,26.84576671828213],[80.89428216342868,26.846019089716343],[80.89384955942673,26.84656836677531],[80.89012250956371,26.847859899628624],[80.88917410848248,26.84778567400169],[80.88731058355098,26.848750603355235],[80.8869278953954,26.84879513835758],[80.8838164743044,26.850932797862615]]]}},{"type":"Feature","properties":{"ward_id":"97","name":"Bhawani Ganj"},"geometry":{"type":"Polygon","coordinates":[[[80.89190700107179,26.85226881455043],[80.89346479144423,26.85171214284722],[80.89390571475391,26.85186058890247],[80.89443815044865,26.85281063904524],[80.89523680399071,26.852721572183167],[80.89387243752299,26.849426049008244],[80.89264117997895,26.849782326410185],[80.89254966759393,26.84944831637872],[80.89398058852348,26.848936165749393],[80.89403050436987,26.849084615445676],[80.89432999944815,26.84898812316524],[80.89494562822016,26.850658170255947],[80.89485411583513,26.850858574250857],[80.89564652989641,26.852721572183167],[80.89780123059847,26.851927389563812],[80.89841269971662,26.85284775021707],[80.89874547202582,26.853842325088856],[80.90054244249549,26.853679037276816],[80.90175706142406,26.85339699413743],[80.89837942248569,26.848899053294907],[80.896798754017,26.848973278191714],[80.89619976386045,26.84860215322087],[80.89588363016672,26.848008350736464],[80.89548430339566,26.847845054507125],[80.89305506553852,26.8486763783124],[80.89125809506886,26.849032658074126],[80.89137456537708,26.849774903975757],[80.89179053076357,26.850591368845457],[80.8913579267616,26.850873418977102],[80.89190700107179,26.85226881455043]]]}},{"type":"Feature","properties":{"ward_id":"39","name":"Aish Bagh"},"geometry":{"type":"Polygon","coordinates":[[[80.90176122107793,26.85336730534502],[80.90352491431669,26.852907128066715],[80.90375785493312,26.853085261428674],[80.90462306293703,26.852788372336292],[80.90482272632255,26.853174328004524],[80.906719528485,26.8526547719906],[80.90743498894976,26.85485173542384],[80.9090822118803,26.854198588588176],[80.90815044941455,26.851853166604347],[80.90778439987443,26.85022024918029],[80.90776776125897,26.849017813106453],[80.9080838949527,26.848067731125084],[80.90828355833821,26.844772072445362],[80.90745162756524,26.845306510100706],[80.90602070663567,26.845900326758567],[80.90241012708086,26.846939498414436],[80.9009459289204,26.848067731125084],[80.89858324552509,26.849166262695658],[80.90176122107793,26.85336730534502]]]}},{"type":"Feature","properties":{"ward_id":"33","name":"Rajendra Nagar"},"geometry":{"type":"Polygon","coordinates":[[[80.91360375563153,26.84158023947564],[80.91170695346909,26.84257491335518],[80.91207300300921,26.84328751016468],[80.91558375087128,26.84886936332254],[80.91599971625776,26.85038354198289],[80.91613282518144,26.852313348168394],[80.9177634094965,26.846776200643113],[80.92102457812665,26.846004244353427],[80.92022592458457,26.844623617093326],[80.9205087810474,26.844519698231093],[80.92075836027931,26.8439555656001],[80.91921096904153,26.841788082501026],[80.92027584043096,26.837942924771212],[80.92015937012275,26.837645995963623],[80.91909449873332,26.837957771191153],[80.9182625679603,26.838418009243902],[80.91363703286244,26.841431779938183],[80.91360375563153,26.84158023947564]]]}},{"type":"Feature","properties":{"ward_id":"96","name":"Basheerat Ganj"},"geometry":{"type":"Polygon","coordinates":[[[80.92483482106698,26.845484655425125],[80.9257832221482,26.846850426932008],[80.92558355876268,26.847399699957013],[80.92589969245641,26.847800519130963],[80.92631565784292,26.847637222601797],[80.92591633107187,26.846583212064232],[80.92533397953078,26.84576671828213],[80.92381986552392,26.84420794107199],[80.92235566736345,26.842188921543976],[80.92080827612568,26.83939786467388],[80.92029247904642,26.838017156851453],[80.91916105319514,26.841802928416822],[80.92082491474113,26.843940719966582],[80.92045886520101,26.844549389344326],[80.92022592458457,26.844638462637302],[80.9212575187431,26.84641991377894],[80.92177331582235,26.84656836677531],[80.92228911290162,26.846063625793384],[80.92325415259829,26.846553521484438],[80.92483482106698,26.845484655425125]]]}},{"type":"Feature","properties":{"ward_id":"3","name":"Tilak Nagar"},"geometry":{"type":"Polygon","coordinates":[[[80.90825860041504,26.844772072445362],[80.90810885287588,26.848097421307713],[80.90774280333576,26.849032658074115],[80.90780935779762,26.84973036935892],[80.90900733811073,26.849359246870527],[80.91050481350213,26.849166262695643],[80.9108875016577,26.849181107643854],[80.91107052642776,26.849774903975757],[80.91306716028295,26.84929986715944],[80.91323354643755,26.849685834724564],[80.91424850198061,26.849032658074115],[80.91488076936808,26.849106882883326],[80.91542984367825,26.84870606833537],[80.91200228889352,26.843302355883853],[80.91171943243069,26.842634296593943],[80.90825860041504,26.844772072445362]]]}},{"type":"Feature","properties":{"ward_id":"106","name":"Kundri Rakab Ganj"},"geometry":{"type":"Polygon","coordinates":[[[80.9017653807318,26.85336730534502],[80.90514301967016,26.85771663041647],[80.91151560939132,26.854777514382373],[80.91366199078564,26.853961079713258],[80.9136786294011,26.85378294772992],[80.91472686217507,26.852951661433494],[80.9160912286428,26.852313348168394],[80.91595811971911,26.850413231558047],[80.91560870879444,26.848913898278155],[80.91545896125531,26.84870606833537],[80.91485997109875,26.84915141774549],[80.91427761955767,26.84901781310644],[80.91324602539913,26.84968583472458],[80.91302972339817,26.849299867159456],[80.91106636677391,26.849774903975757],[80.91088334200383,26.84915141774549],[80.9089865398414,26.849344401945675],[80.90775528229737,26.849774903975757],[80.90782183675921,26.850754661112603],[80.90813797045294,26.851868011200125],[80.90905309430325,26.854213432876318],[80.90800486152926,26.854540006722544],[80.90743914860363,26.854925956416626],[80.90672368813885,26.85268446096994],[80.90484352459188,26.853174328004524],[80.90461058397545,26.852743838905244],[80.90377865320244,26.853085261428674],[80.90352907397055,26.852892283607233],[80.9017653807318,26.85336730534502]]]}},{"type":"Feature","properties":{"ward_id":"94","name":"Moulviya Ganj"},"geometry":{"type":"Polygon","coordinates":[[[80.9257832221482,26.846850426932008],[80.92481818245152,26.845484655425125],[80.92325415259829,26.84653867619161],[80.92230575151707,26.846078471148502],[80.92174003859144,26.846553521484424],[80.92124088012763,26.84641991377894],[80.92097466228029,26.84597455362177],[80.91778004811198,26.846791045904784],[80.91612034621984,26.852313348168394],[80.92365971885012,26.84867637831239],[80.92410896146755,26.848639265772718],[80.92588929332176,26.847800519130963],[80.92554820170481,26.847243825450512],[80.9257645037058,26.847132486385885],[80.9257832221482,26.846850426932008]]]}},{"type":"Feature","properties":{"ward_id":"34","name":"Rani Laxmi Bai"},"geometry":{"type":"Polygon","coordinates":[[[80.92624702355414,26.842367071774184],[80.926929206788,26.843435967268782],[80.92694584540345,26.84405948498018],[80.92682937509524,26.844282169044874],[80.92589761262948,26.844549389344312],[80.92489929570188,26.84520259186532],[80.92594752847586,26.846583212064232],[80.92633021663144,26.84766691289735],[80.92406736492889,26.848631843263316],[80.92430030554534,26.849047503039856],[80.92435022139172,26.849656144958587],[80.92583105816763,26.85088826370139],[80.92701239986529,26.852253970007208],[80.92763218829117,26.85278837233628],[80.92793168336945,26.85281806128057],[80.92874697552699,26.853411838530707],[80.92954562906907,26.854168900006076],[80.93037755984207,26.85356028235643],[80.93284007493014,26.856187705845393],[80.93175856492525,26.85698928052702],[80.93245738677456,26.857746318067733],[80.9337219215495,26.857523660493335],[80.93506964940177,26.856336146029683],[80.93656712479316,26.854376719917227],[80.93846392695558,26.85232819270382],[80.93683334264051,26.85299619478274],[80.93511540559429,26.854332187111257],[80.93438330651405,26.85378294772992],[80.93448313820682,26.85326339451025],[80.93296902419995,26.851853166604332],[80.93246986573615,26.852001612474602],[80.93158801911677,26.85122969182289],[80.93135507850033,26.851214847143375],[80.92944163772245,26.84729578364319],[80.92860970694944,26.846360532525885],[80.92912550402872,26.846093316501673],[80.92837676633302,26.84544011912029],[80.92749491971364,26.845677645876883],[80.92736181078996,26.84544011912029],[80.9274283652518,26.84353988712583],[80.92641340970874,26.842233459127797],[80.92624702355414,26.842367071774184]]]}},{"type":"Feature","properties":{"ward_id":"100","name":"Nazer Bagh"},"geometry":{"type":"Polygon","coordinates":[[[80.9299948716865,26.84220376740719],[80.93051482841962,26.842715948496387],[80.9307311304206,26.843332047316352],[80.93086423934429,26.84486114556313],[80.93073944972832,26.845373314630198],[80.9302902071109,26.845900326758553],[80.93024861057226,26.846367955184228],[80.9289840757973,26.845944862882337],[80.92911718472098,26.84610073917753],[80.92899239510503,26.846271460587914],[80.92863466487263,26.846390223156313],[80.92948323426108,26.84732547402831],[80.92951651149203,26.847622377451103],[80.93124692749984,26.846508985600124],[80.93445818028363,26.844044639360302],[80.9354232199803,26.844668153719383],[80.93707044291082,26.84107547625408],[80.93410460970509,26.840006558474343],[80.93275688185284,26.840570710782256],[80.9299948716865,26.84220376740719]]]}},{"type":"Feature","properties":{"ward_id":"23","name":"Jagdish Chandra Bose"},"geometry":{"type":"Polygon","coordinates":[[[80.93443530218735,26.84402237092683],[80.93127396524997,26.846516408248732],[80.93019037541815,26.847117641168992],[80.92957474664613,26.84771887089584],[80.93038379932285,26.84906977048482],[80.93079144540164,26.85027962840849],[80.93121573009587,26.85078435059041],[80.93132388109636,26.85122226948338],[80.93160673755918,26.851214847143385],[80.93245530694763,26.852009034763032],[80.93299814177702,26.851845744305724],[80.93447897855293,26.853263394510265],[80.9343874661679,26.853768103385327],[80.93512788455588,26.854324764975225],[80.93655880548545,26.853181750216],[80.93585166432838,26.852298503631012],[80.93620107525305,26.851979345606487],[80.93571023609697,26.851303915191274],[80.93637578071537,26.850806617693646],[80.9357185554047,26.85020540436836],[80.93660040202408,26.848431435325676],[80.93938944994055,26.848542773112612],[80.93968894501884,26.84827556223994],[80.93933121478643,26.848008350736464],[80.93591197930942,26.847525883924114],[80.93798348693419,26.845833522540055],[80.941901880875,26.84345081296849],[80.9401028305784,26.84221119033808],[80.93708292187242,26.84106805324874],[80.93541698049948,26.844660730949595],[80.93443530218735,26.84402237092683]]]}},{"type":"Feature","properties":{"ward_id":"17","name":"Hazarat Ganj"},"geometry":{"type":"Polygon","coordinates":[[[80.93671479250537,26.848424012802635],[80.93572130828427,26.85001687053145],[80.93573432263882,26.850214262484084],[80.93625489682056,26.850539377890904],[80.9363590116569,26.85084126993243],[80.93573432263882,26.851317328823274],[80.93622236093418,26.851967552365583],[80.93585795900697,26.85231588486935],[80.9365867628614,26.85317510046126],[80.9381745141157,26.85231588486935],[80.93846082991568,26.85231588486935],[80.93846082991568,26.85245521757066],[80.93663882027957,26.854359413962303],[80.9359881025524,26.85535794316569],[80.93398389195268,26.857424638407792],[80.93248073400291,26.857703291058066],[80.93331365269371,26.85916620621263],[80.93466714556625,26.85835347790648],[80.93599460972969,26.85830703611265],[80.9368014997114,26.858562465742818],[80.93870159547475,26.859607399133896],[80.9420072415288,26.86042011843231],[80.94596360531006,26.860930967574397],[80.95103920358206,26.862022319376813],[80.95549011283595,26.862370620927212],[80.95551614154503,26.861372153613402],[80.95582424236109,26.861115815868523],[80.95519197497362,26.860878321513642],[80.95413958254578,26.86010646141693],[80.95307471115635,26.85787991240205],[80.95154395853403,26.855564254944905],[80.94921455236963,26.853100105862843],[80.9479125807099,26.850962487293682],[80.9474134222461,26.84944831637871],[80.94634855085667,26.847414545136907],[80.9456663676228,26.847177022024862],[80.94581611516195,26.846820736422277],[80.94501746161987,26.84628630591578],[80.94406906053867,26.845217437333346],[80.9418894019134,26.843435967268782],[80.93799596589577,26.845840945232936],[80.9359161389633,26.84754815166841],[80.93932705513258,26.84799350563444],[80.9396931046727,26.84811226639611],[80.9396931046727,26.848290407304965],[80.93937697097896,26.8485576181426],[80.93671479250537,26.848424012802635]]]}},{"type":"Feature","properties":{"ward_id":"29","name":"Raja Ram Mohan Rai"},"geometry":{"type":"Polygon","coordinates":[[[80.95562025638134,26.848321607822943],[80.95556169178589,26.849343413043325],[80.95496953865417,26.851166383538104],[80.9544749931815,26.852153329834344],[80.95377221803615,26.852861603636303],[80.95267901225449,26.85466129581352],[80.95154676340921,26.855566936534995],[80.95308245724536,26.85790066960344],[80.95419193097018,26.860141472473426],[80.95581872528814,26.86112834048875],[80.95788800766056,26.860896137024355],[80.96112858194192,26.860896137024355],[80.9624690604599,26.860745204516896],[80.964291070096,26.860141472473426],[80.96564456296852,26.85924747872214],[80.96732341470464,26.857157595640658],[80.96737547212282,26.85589203656446],[80.96681585487745,26.854916733673974],[80.96580073522304,26.8542200836055],[80.96508494572315,26.853326043067234],[80.96481164427775,26.85333765402859],[80.96077719436924,26.849796255588743],[80.9587437014718,26.847392685981642],[80.95562025638134,26.848321607822943]]]}},{"type":"Feature","properties":{"ward_id":"108","name":"Maulana Kalbey Abid 2nd"},"geometry":{"type":"Polygon","coordinates":[[[80.88358905757133,26.855404386170026],[80.88429183271668,26.856426127442255],[80.88332877048046,26.85686733104849],[80.88525489495292,26.859514516556615],[80.8862309715437,26.85908493364474],[80.88677757443452,26.85949129590038],[80.8871289620072,26.85914298548492],[80.88807900988887,26.858690180341654],[80.8886256127797,26.858063216382277],[80.8891071438978,26.857854227623747],[80.8887167132615,26.85715759564067],[80.88884685680695,26.85701826872935],[80.8886256127797,26.856623508215606],[80.8888338424524,26.856542233821212],[80.88861259842515,26.856101028947307],[80.8869858041072,26.85689055224327],[80.88625700025277,26.855485661381707],[80.88598369880735,26.855624990180203],[80.88539805285289,26.854870290469517],[80.88358905757133,26.855404386170026]]]}},{"type":"Feature","properties":{"ward_id":"105","name":"Gadi Peer Khan"},"geometry":{"type":"Polygon","coordinates":[[[80.89270886651775,26.865006067899863],[80.89035326834538,26.86584196776909],[80.8905094405999,26.866654642274785],[80.8903662826999,26.866840395627612],[80.89040532576354,26.867490529959994],[80.88914293337281,26.868163879435755],[80.88870044531834,26.867548577486502],[80.88836207210021,26.866422450154726],[80.88776991896846,26.866074161080864],[80.88714522995036,26.865377579715528],[80.88649451222318,26.86586518712172],[80.88607805287779,26.86470421365111],[80.8866506844777,26.864495237160856],[80.88631231125957,26.864193381548855],[80.88555747869606,26.86284663131175],[80.88589585191419,26.861917828702573],[80.885843794496,26.860965798113718],[80.88594790933234,26.860663933083345],[80.88633833996867,26.860501390041044],[80.88670274189589,26.85947968557048],[80.88618216771414,26.85906171290034],[80.88568762224148,26.859410023566017],[80.88446427291439,26.85966545070598],[80.88433412936895,26.860129862210254],[80.88337106713273,26.859944097837314],[80.88113259815124,26.859920877269253],[80.88074216751494,26.85966545070598],[80.88050790913314,26.859874436118837],[80.8803029330491,26.860861306463597],[80.88056322013996,26.86903458402081],[80.88032896175818,26.87010263915645],[80.88019881821273,26.870137466871462],[80.88139613883075,26.87204136563831],[80.88237221542151,26.8717627483089],[80.8824242728397,26.871460912094008],[80.88289278960325,26.871484130292984],[80.88300015802825,26.871669875713206],[80.88465298105528,26.871124247673013],[80.88510848346431,26.872180674045566],[80.8907990099885,26.872180674045566],[80.89087709611576,26.871553784861323],[80.89042159370673,26.870903673888193],[80.89186618706105,26.870497352631954],[80.89186618706105,26.870346432936355],[80.8931676225154,26.869707924303178],[80.89374025411534,26.869754361416252],[80.89424781394253,26.8695105663599],[80.89396149814257,26.869115849440046],[80.89401355556075,26.868941709184465],[80.89649929727857,26.86747892045111],[80.89669451259671,26.86621347683911],[80.89709795758758,26.865540115751166],[80.89571518241732,26.865563335165767],[80.8952596800083,26.865006067899863],[80.89483020630836,26.864948019068436],[80.89270886651775,26.865006067899863]]]}},{"type":"Feature","properties":{"ward_id":"85","name":"Ambar Ganj"},"geometry":{"type":"Polygon","coordinates":[[[80.89034025399083,26.86583035809099],[80.8931123115086,26.864913189755285],[80.89372398617215,26.865064116701504],[80.89472609147201,26.864913189755285],[80.89415345987207,26.864541676414277],[80.89287805312682,26.863032390918438],[80.89278695264503,26.861975879089073],[80.89184991911787,26.861058679499486],[80.8907176702726,26.859421633903068],[80.88890867499103,26.85956095785478],[80.88807575630024,26.858701790752583],[80.88672226342771,26.85949129590038],[80.88635786150049,26.860106641680325],[80.88635786150049,26.86043172866572],[80.88588934473692,26.86075681471694],[80.88588934473692,26.86192943878225],[80.8855509715188,26.862869851279267],[80.88622771795504,26.864088892880083],[80.886657191655,26.864483627344512],[80.886058531346,26.864715823444808],[80.8864749906914,26.865853577445996],[80.8871387227731,26.865365969989767],[80.88816685678205,26.866410840536215],[80.88837508645474,26.866399230916507],[80.88868743096378,26.86757179648876],[80.8891689620819,26.868187098311687],[80.89040532576354,26.86747892045111],[80.89034025399083,26.866828786052],[80.89052245495444,26.866654642274785],[80.89034025399083,26.86583035809099]]]}},{"type":"Feature","properties":{"ward_id":"107","name":"Maulana Kalbey Abid 1st"},"geometry":{"type":"Polygon","coordinates":[[[80.8933010196495,26.859572568176358],[80.89458944074931,26.86113995064947],[80.89513604364015,26.861952658938048],[80.89516207234922,26.862266130574707],[80.89481068477654,26.862219690387054],[80.89239001483143,26.85972350224827],[80.89206465596786,26.859735112553157],[80.89179135452245,26.860211134027494],[80.89140092388614,26.86037367748683],[80.89275441675866,26.861952658938048],[80.89288456030411,26.863032390918438],[80.8932749909404,26.863334249628696],[80.89417298140391,26.864553286224652],[80.89474561300383,26.864948019068436],[80.89528245512876,26.86501767766258],[80.89572494318324,26.865574944871273],[80.89713049347395,26.865540115751166],[80.89955116341906,26.86457650584184],[80.8976250389466,26.863438738994553],[80.89632360349226,26.863090440732975],[80.8955947996378,26.86241706105292],[80.89567288576507,26.862208080337158],[80.89649279010132,26.862811801351533],[80.89742982362844,26.862939511153215],[80.89847097199194,26.86364771743673],[80.89998063711899,26.864286260284494],[80.8999546084099,26.86385669549281],[80.90050121130072,26.86375220651303],[80.90072245532798,26.86457650584184],[80.90411920186385,26.862370620927226],[80.90466580475467,26.86184816819946],[80.90487403442737,26.861174781124454],[80.90535556554548,26.860896137024366],[80.90547269473637,26.860292405786367],[80.90585011101815,26.859932487553873],[80.90506924974554,26.859375192547706],[80.90353030232073,26.858655349101735],[80.90263231185722,26.858411530121977],[80.9023850391209,26.858550855317603],[80.90248915395726,26.858864336380456],[80.90228092428455,26.859224258011107],[80.90256724008452,26.859816384653985],[80.90255422572997,26.860791645309885],[80.90103154624838,26.860733594315693],[80.90039384287574,26.86122122174106],[80.89963901031221,26.859769943460655],[80.899873268694,26.859886046408214],[80.90078427351204,26.85958417849673],[80.90150006301195,26.85909654401516],[80.90213776638458,26.85830703611266],[80.90150006301195,26.85798194302206],[80.90090140270294,26.85846958230768],[80.90048494335754,26.858109658276195],[80.90022465626667,26.858330257011957],[80.90052398642119,26.858783063595705],[80.9000554696576,26.859050102526343],[80.89957393853949,26.858225762927578],[80.90017259884851,26.857726512081285],[80.89943078063952,26.857877448615977],[80.89928762273954,26.857250480152896],[80.89691901021261,26.858225762927578],[80.89539633073102,26.857703291058076],[80.89473259864928,26.857703291058076],[80.8933010196495,26.859572568176358]]]}},{"type":"Feature","properties":{"ward_id":"101","name":"Asharfabad"},"geometry":{"type":"Polygon","coordinates":[[[80.89870523037368,26.853906589675457],[80.8994958524122,26.855532104333605],[80.89986025433942,26.855775929518323],[80.9007387232711,26.856966021093385],[80.9019165223573,26.856745419697727],[80.9020792017891,26.85720403790633],[80.90257374726175,26.85757557534522],[80.9026127903254,26.85839991968127],[80.90451288608877,26.85908493364474],[80.90585661819539,26.859920877269253],[80.90832934555868,26.863067220810734],[80.90861566135862,26.86305561084783],[80.90913623554037,26.863891525131283],[80.90985202504027,26.863531618349857],[80.90171154627326,26.85334926498876],[80.90050121130069,26.85370920416284],[80.89905661794636,26.853732426005717],[80.89870523037368,26.853906589675457]]]}},{"type":"Feature","properties":{"ward_id":"110","name":"Raja Bazar"},"geometry":{"type":"Polygon","coordinates":[[[80.91204169019223,26.856739614392037],[80.9114950873014,26.856948605209368],[80.91097451311965,26.856948605209368],[80.91081834086513,26.857598796394647],[80.91140398681961,26.858910777945532],[80.91080532651058,26.859119764752425],[80.90959499153804,26.86047816958737],[80.90805929770191,26.861314102917113],[80.9093737475108,26.862742141398936],[80.9099984365289,26.863740596620445],[80.91201566148314,26.862951121128052],[80.91215881938311,26.8626260413826],[80.91275747969212,26.86244028110862],[80.91318695339206,26.86244028110862],[80.91616724058254,26.86358966790819],[80.916154226228,26.8631601004711],[80.91715633152786,26.863020780951963],[80.91715633152786,26.862811801351544],[80.91787212102776,26.862556381315606],[80.91817145118225,26.862173250180334],[80.91858791052765,26.861975879089073],[80.91878312584579,26.8620803697097],[80.9193817861548,26.86170884706454],[80.91854886746401,26.860547830934117],[80.91742963297327,26.85954934753204],[80.9154384367281,26.857053100473273],[80.9152041783463,26.856263578311545],[80.91536035060084,26.855323110899963],[80.91431920223735,26.85526505709989],[80.91387671418286,26.855392775420725],[80.9136424558011,26.855056063173016],[80.91296570936483,26.85543921841075],[80.91244513518308,26.85552049359741],[80.91224991986492,26.855775929518323],[80.91204169019223,26.856739614392037]]]}},{"type":"Feature","properties":{"ward_id":"98","name":"Yahiya Ganj"},"geometry":{"type":"Polygon","coordinates":[[[80.90513116417446,26.857680030464444],[80.90807236596764,26.861325621023067],[80.9099724343827,26.86018783785419],[80.91077931275075,26.85916614525753],[80.91140399277762,26.85891072066668],[80.91085739775411,26.8575407062018],[80.91101356776082,26.856960186594083],[80.91158619111879,26.856960186594083],[80.91202867280448,26.856658315220983],[80.91226292781457,26.85575269626944],[80.91257526782799,26.855427600518855],[80.9130177495137,26.85547404282613],[80.91366845787502,26.855032840137483],[80.91392874121955,26.85545082167487],[80.91437122290526,26.85528827348268],[80.91538632794892,26.85528827348268],[80.91606306464469,26.852315922510996],[80.9147356195876,26.852966130957245],[80.91366845787502,26.853755664762453],[80.91369448620948,26.85398787953918],[80.91239306948682,26.85435942219078],[80.91127385110535,26.855009618895693],[80.90513116417446,26.857680030464444]]]}},{"type":"Feature","properties":{"ward_id":"25","name":"Bala Ganj"},"geometry":{"type":"Polygon","coordinates":[[[80.88529431977949,26.8745137825171],[80.88385950784277,26.872993043049988],[80.88288344530079,26.873016260600185],[80.88269799341782,26.872888564015092],[80.88255483757831,26.872273296629142],[80.88297129092958,26.872029510512412],[80.88302334759847,26.871692852629977],[80.88288019175899,26.8714955009915],[80.88238565340437,26.871483892060866],[80.88235962506992,26.87180894166818],[80.88139657669517,26.87204111938703],[80.88176097337751,26.87265638803635],[80.87459016723572,26.87265638803635],[80.87072170602764,26.873051086916544],[80.86692156919752,26.87374761099107],[80.85239775857276,26.876905132977626],[80.84667152499311,26.878623159364615],[80.83922742133957,26.880016134564315],[80.84085093870107,26.883150265998967],[80.84595249225386,26.88862898329166],[80.84699362563198,26.89020754745375],[80.84290717712285,26.892528925274096],[80.84105916537669,26.8940610085062],[80.83957555031287,26.894664550741133],[80.83642612184407,26.89656800897495],[80.831767049977,26.898982104985723],[80.83111634161567,26.900258769516398],[80.83280818335511,26.903856564637664],[80.84109170079476,26.903995831821764],[80.8474491214849,26.902649575180412],[80.85065060662261,26.903810142204797],[80.85236847669651,26.904808220305608],[80.85711214065056,26.906966824163007],[80.86200546752772,26.90889328522659],[80.87106983500095,26.911678472015687],[80.87546862352352,26.912514014652203],[80.87578096353694,26.911724891213307],[80.87567685019913,26.910425146464423],[80.87528642518234,26.909589588366114],[80.8744274901454,26.908521921796115],[80.87333430009836,26.907872032853323],[80.87190274170345,26.90763992875284],[80.8705492683119,26.90796487435991],[80.86995061661948,26.907848822464743],[80.86953416326823,26.90699003473289],[80.86945607826488,26.906293715560192],[80.86929990825814,26.906177661947222],[80.86945607826488,26.904552898840507],[80.87166848669338,26.903461973349923],[80.87179862836564,26.903160226140663],[80.87216302504797,26.903206648840722],[80.87250139339586,26.90276563241961],[80.87511398746658,26.900955125904893],[80.87628526251696,26.900606948247365],[80.87737845256399,26.90056052447859],[80.87889134950407,26.90006146775903],[80.88265244383253,26.900548918533413],[80.88381070471567,26.90108279077702],[80.88416208723079,26.90138454353743],[80.88467614683623,26.902637969449923],[80.8850535576858,26.904668954123498],[80.88552206770595,26.905249228749117],[80.88578235105048,26.905342072412488],[80.88630291773956,26.905086752154546],[80.88660224358576,26.904332393474217],[80.88657621525131,26.90233622003878],[80.88613373356561,26.901106002556443],[80.88545699686982,26.896463551732975],[80.88493643018077,26.89501274671754],[80.88502752935136,26.894444026067617],[80.88408725576924,26.891600379869686],[80.88407424160202,26.890300403482353],[80.8849071483045,26.889406661039473],[80.8852064741507,26.888617376120575],[80.88581814001036,26.888269160432987],[80.8870675000641,26.888222731593565],[80.88760108092039,26.887700405835492],[80.88786136426492,26.887886121937207],[80.88808260510777,26.8878396929404],[80.88797849176996,26.8873986165192],[80.88872029930187,26.887770049409415],[80.88937100766319,26.887630762218656],[80.88957923433881,26.88730575810588],[80.8899176026867,26.887526296712924],[80.89024295686737,26.887526296712924],[80.89138820358329,26.887282543490624],[80.88954019183713,26.885587863695488],[80.8880045201044,26.883440458957942],[80.88756203841871,26.88224485917798],[80.8878483500977,26.88216360436503],[80.88631267836496,26.878855323089965],[80.88553182833138,26.877706107987983],[80.88683324505404,26.876835482708522],[80.88656970816768,26.876278279010876],[80.88606215564586,26.87641758019275],[80.88511212143833,26.874595042828965],[80.88529431977949,26.8745137825171]]]}},{"type":"Feature","properties":{"ward_id":"53","name":"Mallahi Tola 1st"},"geometry":{"type":"Polygon","coordinates":[[[80.88529431977949,26.8745137825171],[80.88511212143833,26.874653085873103],[80.88602311314418,26.876440797039717],[80.88659573650214,26.876301495886437],[80.88685601984666,26.876858699469647],[80.88550254645511,26.877717716279758],[80.88677793484331,26.879783973223105],[80.88784509655589,26.88212878085587],[80.88748069987355,26.8822680748281],[80.8880012665626,26.883475282062946],[80.88961502329867,26.88568072352048],[80.89141097837594,26.887282543490624],[80.89240005508515,26.88702718240806],[80.89307679178093,26.88702718240806],[80.8928685651053,26.88530928376267],[80.89377955681115,26.884311033364074],[80.89284253677086,26.881919839575637],[80.8923219700818,26.877160516930527],[80.89000544831548,26.877369467008336],[80.88867800325839,26.873167174560265],[80.89401381182124,26.872772476085323],[80.89427409516577,26.87555855350343],[80.89604402190857,26.87565142156831],[80.89828245867153,26.876046109992966],[80.90057295210339,26.875721072566908],[80.90177025548822,26.875349600078547],[80.90169217048486,26.875210297580736],[80.90195245382938,26.874769171872007],[80.90268124719407,26.873886915291074],[80.90135380213697,26.87326004458944],[80.89744955196903,26.874629868659028],[80.89653856026317,26.872284905478747],[80.89971401706643,26.871356193745207],[80.8998962154076,26.871240104242172],[80.89966196039754,26.870938270976556],[80.8992975637152,26.87079896304376],[80.89656458859763,26.87170446153916],[80.89620019191528,26.871727679353953],[80.89583579523294,26.871286540057692],[80.8954193418817,26.871100796681233],[80.8932589901221,26.8714955009915],[80.89305076344647,26.87063643690527],[80.89258225342631,26.870079202656996],[80.89182743172718,26.870357820124365],[80.89182743172718,26.870590000822784],[80.89135892170704,26.870566782774397],[80.89036984499782,26.870938270976556],[80.89094246835579,26.87156515455029],[80.89078629834907,26.87182055056544],[80.89083835501798,26.87221525236331],[80.88503403643496,26.87214559920498],[80.88464361141817,26.87112401461998],[80.88300382634763,26.871727679353953],[80.88295176967874,26.872087554873595],[80.88254833049471,26.872308123174346],[80.88275655717034,26.872888564015092],[80.8828866988426,26.873004651825692],[80.88387577555181,26.872993043049988],[80.88529431977949,26.8745137825171]]]}},{"type":"Feature","properties":{"ward_id":"109","name":"Mallahi Tola 2nd"},"geometry":{"type":"Polygon","coordinates":[[[80.893109327199,26.88702718240806],[80.89519159395523,26.887328972716354],[80.89568613230983,26.887259328870595],[80.89646698234343,26.887630762218656],[80.89714371903919,26.887537903996105],[80.89610258566108,26.885077133294065],[80.89576421731319,26.884914627682285],[80.8944367722561,26.883614574375656],[80.89495733894515,26.883475282062946],[80.89472308393508,26.88178054517422],[80.89508748061742,26.879667892373686],[80.89485322560733,26.877787366005293],[80.895868330651,26.877671283105546],[80.89800265407615,26.876974783203806],[80.89784648406943,26.876324712757242],[80.89425457391494,26.875953242252315],[80.89415046057711,26.87344578441892],[80.8939942905704,26.87281891127153],[80.88858039700418,26.87314395704106],[80.89003798373354,26.877392683659796],[80.89230244883096,26.877137300231382],[80.89284904385447,26.881966271004615],[80.89376003556032,26.884311033364074],[80.89287507218893,26.885286068737276],[80.893109327199,26.88702718240806]]]}},{"type":"Feature","properties":{"ward_id":"92","name":"Daulat Ganj"},"geometry":{"type":"Polygon","coordinates":[[[80.89436519433634,26.87555855350343],[80.89428710933299,26.875953242252315],[80.8978269628186,26.876324712757242],[80.89808724616313,26.876974783203806],[80.8948337043565,26.877880232239278],[80.89509398770103,26.879691108553114],[80.89493781769431,26.879830405529496],[80.89498987436322,26.880317943595006],[80.89470356268423,26.881850192396392],[80.89496384602877,26.88354492824075],[80.8943912226708,26.883614574375656],[80.8961090927447,26.885100348362382],[80.89717625445728,26.887584333116916],[80.9001434845849,26.886261095697908],[80.90066405127396,26.885703938464808],[80.90170518465209,26.885100348362382],[80.90303262970919,26.88470569155234],[80.90430801809737,26.88489141257581],[80.90524503813768,26.885286068737276],[80.90506283979651,26.884055665566674],[80.9044641881041,26.883823512522834],[80.9036312814016,26.88219842786344],[80.90365730973605,26.88147874004892],[80.9030846863781,26.880991206990277],[80.90272028969575,26.880364375682053],[80.9022517796756,26.88010899896728],[80.90425596142848,26.878878539436272],[80.90501078312761,26.877973098396954],[80.90475049978309,26.877740932859705],[80.90399567808394,26.87848386090052],[80.90285043136801,26.87925000032875],[80.90240794968231,26.878390995162448],[80.90464638644526,26.87695156646652],[80.90438610310075,26.876371146484537],[80.90550532148221,26.875767506542136],[80.90540120814441,26.8751174291535],[80.90558340648558,26.874444130774723],[80.90433404643183,26.87474595468175],[80.9026942613613,26.87386369791965],[80.90193943966216,26.874769171872007],[80.90167915631763,26.875233514675628],[80.90178326965544,26.875442468315075],[80.8983735578421,26.8761157607484],[80.89613512107915,26.875581770526814],[80.89436519433634,26.87555855350343]]]}},{"type":"Feature","properties":{"ward_id":"90","name":"Acharya Narendra Dev"},"geometry":{"type":"Polygon","coordinates":[[[80.89256273217548,26.870032766345687],[80.89308655240636,26.87064804592291],[80.89328176491475,26.8714955009915],[80.89545838438337,26.87108918771008],[80.89627827691864,26.871750897163977],[80.89919345037738,26.870833790043058],[80.89981813040424,26.870984706916005],[80.89954483289249,26.87064804592291],[80.8997010028992,26.87057839179919],[80.89940167705299,26.869812193606613],[80.90035171126053,26.86932461023563],[80.90050788126725,26.86891828915391],[80.90115858962857,26.868860243165916],[80.90122366046471,26.86896472592285],[80.90080720711346,26.86904599022262],[80.90071610794287,26.869313001082126],[80.90123667463193,26.870288165821883],[80.901757241321,26.870276556767298],[80.9041258197562,26.86939426513163],[80.90378745140832,26.868244953861478],[80.90520599563601,26.86767609850752],[80.90520599563601,26.867060802760612],[80.90491968395703,26.866224923930464],[80.90281138886634,26.865899858272616],[80.90282440303355,26.865481915339736],[80.90330592722094,26.865354210246643],[80.90404773475285,26.865632839354767],[80.90455528727469,26.865632839354767],[80.90503681146205,26.865447086692285],[80.90443815976964,26.864146809513265],[80.90516695313433,26.86351988481827],[80.9047635139503,26.862904566461093],[80.90501078312761,26.86257949126077],[80.90473748561585,26.861743579313206],[80.90331894138816,26.862974225311053],[80.90071610794287,26.86463441520709],[80.90052089543447,26.863752079554892],[80.89993525790929,26.863868176744464],[80.89998731457818,26.86429773530978],[80.89845164284547,26.863659201717443],[80.89741050946735,26.862927786082516],[80.89647348942704,26.862846517386696],[80.895666611059,26.86223119536663],[80.89557551188841,26.862451782890766],[80.8963043052531,26.86310193309123],[80.89706563403584,26.863206421167767],[80.89961641081224,26.86455314773742],[80.89745605905264,26.86531938155987],[80.8967012373535,26.866201704985887],[80.89651903901233,26.867525177219076],[80.8939942905704,26.86898794430018],[80.89394223390148,26.86917369114712],[80.89425457391494,26.869545183925755],[80.89373400722586,26.86977736629268],[80.89313535553345,26.869707711632667],[80.89256273217548,26.870032766345687]]]}},{"type":"Feature","properties":{"ward_id":"59","name":"Hussainabad"},"geometry":{"type":"Polygon","coordinates":[[[80.89651578547053,26.872296514327143],[80.89744467165632,26.874629868659028],[80.90135217536606,26.873248435839958],[80.9043194054937,26.87474595468175],[80.90558503325649,26.874455739401437],[80.90536379241362,26.875129037711094],[80.90550694825312,26.875767506542136],[80.90437471570442,26.876371146484537],[80.90464801321617,26.876939958096084],[80.90238354811876,26.87840260338387],[80.90282602980447,26.87925000032875],[80.90395826235316,26.878495469112426],[80.90475212655399,26.87772932457032],[80.90499939573128,26.877996314924463],[80.90425758819937,26.878890147607642],[80.90222737811204,26.880120607012294],[80.9026958881322,26.880341159640913],[80.90361989400527,26.88149034795325],[80.90363290817251,26.88218682003183],[80.904465814875,26.883823512522834],[80.90455691404559,26.883986019703592],[80.90507748073465,26.884102096118212],[80.90527269324303,26.885402143816584],[80.90652205329678,26.88629591793378],[80.91058572701326,26.88839683964304],[80.91122342120735,26.888454875599912],[80.91200427124093,26.888211124380724],[80.91275909294006,26.88715486302148],[80.91342281546862,26.886678961820017],[80.9137611838165,26.88611019921853],[80.91369611298038,26.885703938464808],[80.91063453014036,26.882001094563837],[80.90909885840763,26.879691108553114],[80.90902077340427,26.87925000032875],[80.90908584424041,26.878124005740474],[80.91010094928407,26.877473941902405],[80.91036123262859,26.877044433387088],[80.91054343096977,26.876138977657348],[80.91118112516386,26.874943300646855],[80.91202704603359,26.874026219419445],[80.91364080276966,26.872969825495023],[80.91295105190666,26.870973097932943],[80.91125595662541,26.87136199821722],[80.90792270304453,26.872836324461435],[80.90744768594077,26.871501305456377],[80.90725735374508,26.869858630008476],[80.90753715834046,26.868726737280458],[80.90581928826656,26.86912144987725],[80.90561106159092,26.868285586277274],[80.9052515452213,26.867664489184786],[80.90379070495013,26.868244953861478],[80.90410304496356,26.869429092563532],[80.90173446652834,26.870276556767298],[80.90121389983928,26.870288165821883],[80.9007323756519,26.869545183925755],[80.90069333315023,26.869138863636554],[80.90117485733761,26.86906920858326],[80.90116184317039,26.868837024762374],[80.90062826231409,26.868953116732403],[80.90035496480233,26.869359437688995],[80.89937890226035,26.869812193606613],[80.89935287392589,26.870009548182892],[80.89973028477546,26.870590000822784],[80.89948301559816,26.87069448198154],[80.89984741228051,26.870996315897898],[80.89971727060824,26.871031142836408],[80.89988645478218,26.871240104242172],[80.89651578547053,26.872296514327143]]]}},{"type":"Feature","properties":{"ward_id":"104","name":"Chowk Kaliji Bazar"},"geometry":{"type":"Polygon","coordinates":[[[80.90543862387518,26.860338768932856],[80.90535728533001,26.860913466196997],[80.90488226822625,26.86116888626615],[80.90473911238676,26.861755189243667],[80.90500590281489,26.862596906027328],[80.9047586336376,26.862910371366898],[80.90516857990522,26.86353149456642],[80.90443327945694,26.86413519982827],[80.90503193114935,26.865447086692285],[80.90405586860737,26.865632839354767],[80.90328152565739,26.86533099112332],[80.90281952272085,26.86547611056591],[80.90280650855362,26.86591146777649],[80.90494083197876,26.866230728665865],[80.90522063657414,26.86708982622013],[80.9052011153233,26.8676702938463],[80.90562407575815,26.868291390906908],[80.90582579535017,26.86911564529023],[80.90754366542406,26.868715128065585],[80.90728663562133,26.870322992978494],[80.90754691896586,26.872133990341087],[80.90793734398267,26.872888564015092],[80.91138609829768,26.87129814900858],[80.91078744660526,26.87057839179919],[80.91076141827081,26.870021157264894],[80.91145116913381,26.86733942766449],[80.91111280078593,26.86537742936521],[80.90986344073218,26.863554714059145],[80.90914766153473,26.86393783500101],[80.90860106651121,26.86305549391512],[80.90832776899946,26.863090323298994],[80.90585507722643,26.859932415570036],[80.90543862387518,26.860338768932856]]]}},{"type":"Feature","properties":{"ward_id":"71","name":"Netaji Subhash Chandra Bose"},"geometry":{"type":"Polygon","coordinates":[[[80.91313975733144,26.862440173031807],[80.91217345541489,26.862614320791206],[80.91199125707372,26.862985835115207],[80.91000008948805,26.863752079554892],[80.91113232203676,26.86536581980652],[80.91114533620399,26.866097219676313],[80.9114446620502,26.8673626463755],[80.91074515056177,26.870009548182892],[80.91077117889623,26.870590000822784],[80.91147394392645,26.871379411631498],[80.9129185164886,26.870938270976556],[80.91418089070956,26.87452539113665],[80.91614602996077,26.873248435839958],[80.91889201924555,26.872749258485065],[80.92120854101186,26.871855377250082],[80.92256201440341,26.870938270976556],[80.92295243942021,26.87048551956749],[80.92308258109247,26.870195293351834],[80.92153389519252,26.868198516796976],[80.92059687515223,26.86637584695403],[80.91939957176739,26.86167391970542],[80.91876187757329,26.86208026681279],[80.91857967923212,26.86197577769603],[80.91818925421532,26.862184755833052],[80.91787691420188,26.862602710948924],[80.91713510666997,26.86280007810572],[80.9171481208372,26.863032274319917],[80.91610698745907,26.863148372248265],[80.91614602996077,26.863612762770117],[80.91313975733144,26.862440173031807]]]}},{"type":"Feature","properties":{"ward_id":"79","name":"Mashk Ganj"},"geometry":{"type":"Polygon","coordinates":[[[80.91613952287715,26.85805156099275],[80.91671214623511,26.85812122283099],[80.91697242957964,26.857772913210887],[80.91754505293761,26.857610368354564],[80.9171025712519,26.85670475702311],[80.9171025712519,26.856310001097405],[80.91767519460987,26.855961685901597],[80.91783136461659,26.85535793702222],[80.91809164796112,26.855381158192536],[80.91869029965355,26.855079282606777],[80.91941909301822,26.855311494667298],[80.92001774471063,26.855195388696597],[80.91970540469721,26.85452197171725],[80.91882044132579,26.853755664762453],[80.92046022639634,26.85199081688695],[80.92038214139298,26.85141026880683],[80.92072050974087,26.851178048740916],[80.92040816972744,26.850574274339625],[80.92061639640306,26.850109830300664],[80.91608746620824,26.85236236609534],[80.91520250283685,26.856310001097405],[80.91546278618138,26.857053069931474],[80.91613952287715,26.85805156099275]]]}},{"type":"Feature","properties":{"ward_id":"95","name":"Wazeer Ganj"},"geometry":{"type":"Polygon","coordinates":[[[80.91609397329185,26.85805156099275],[80.91739864355633,26.85952606074766],[80.91855690443947,26.860559360147164],[80.91941583947641,26.861697139579444],[80.92056433973416,26.86637584695403],[80.92172260061731,26.868465529657435],[80.9227507198282,26.869649666049874],[80.92465078824326,26.867931503306096],[80.92571794995584,26.866666082971758],[80.92404888300905,26.864959484501856],[80.92190154541667,26.86118630124985],[80.92082136953688,26.859978856028224],[80.92023573201169,26.85945639977441],[80.91954598114867,26.859862754846993],[80.9187651311151,26.859212586030264],[80.9191165136302,26.858086391917233],[80.9197021511554,26.857401381767573],[80.92105562454695,26.856774419690552],[80.92248718294186,26.855799138443274],[80.92174537540996,26.855601759072826],[80.92108165288141,26.855125725057],[80.9206391711957,26.853790497009335],[80.9195980378176,26.85426653664224],[80.9200014770016,26.85518377809298],[80.91932474030584,26.855311494667298],[80.9186740319445,26.85506767199124],[80.91804609837583,26.85545082167487],[80.91781184336575,26.85540437935808],[80.91768170169348,26.85598490694801],[80.91705702166662,26.85637966400789],[80.91721319167333,26.85712273238447],[80.91752553168678,26.857610368354564],[80.91684879499098,26.857772913210887],[80.91682276665655,26.85807478161026],[80.91661453998091,26.858144443434202],[80.91609397329185,26.85805156099275]]]}},{"type":"Feature","properties":{"ward_id":"46","name":"Golaganj Peer Jaleel"},"geometry":{"type":"Polygon","coordinates":[[[80.92060338223583,26.850121441424864],[80.92043419806188,26.850794884590467],[80.92075955224254,26.85113160467056],[80.92036912722575,26.85142187979761],[80.92047324056357,26.85197920595454],[80.91883345549303,26.853767275512602],[80.91957526302494,26.8543362008108],[80.92064242473752,26.853778886261573],[80.92109792059044,26.855125725057],[80.921761643119,26.855601759072826],[80.92250345065091,26.855810748983764],[80.91936703634931,26.857691640811925],[80.91878139882412,26.8588062286224],[80.91875537048968,26.859224196220474],[80.91954923469049,26.859874364970487],[80.92012185804845,26.85943317944045],[80.92082462307869,26.859967245915467],[80.92190479895848,26.86117469126101],[80.9240293617582,26.86497109410224],[80.9249143251296,26.865981124774667],[80.92573421766487,26.86664286411775],[80.93047137453532,26.86168552964303],[80.93333449132514,26.85920097583887],[80.93248857045542,26.85773808218992],[80.9317435093817,26.85697179701543],[80.93286272776317,26.856182285650107],[80.9303770218229,26.853569892597978],[80.92955712928764,26.854185261724734],[80.92794337255157,26.852838411735853],[80.92763103253813,26.852803579195914],[80.92580904912643,26.85086455089613],[80.92431241989537,26.849645384355814],[80.92429940572815,26.84905321301203],[80.92406515071808,26.84865843039497],[80.92363568319959,26.848693264210695],[80.92060338223583,26.850121441424864]]]}},{"type":"Feature","properties":{"ward_id":"12","name":"Faizullah Ganj 2nd"},"geometry":{"type":"Polygon","coordinates":[[[80.92646626457136,26.89930707550819],[80.92482647950082,26.898285736431795],[80.92360314778153,26.898123249818067],[80.92321272276473,26.898308948786084],[80.9225099577345,26.89810003742561],[80.92185924937318,26.897659001062266],[80.92282229774796,26.896126966629453],[80.92365520445044,26.89550021928137],[80.92438399781513,26.89543058047249],[80.92459222449074,26.89519845079944],[80.92498264950754,26.895314515695596],[80.9259977545512,26.895152024807587],[80.92662243457808,26.89649837082437],[80.92794987963518,26.896359094394384],[80.92917321135447,26.896892986443365],[80.93052668474601,26.89675371049997],[80.93096916643171,26.896800135833512],[80.93146370478632,26.897078687434075],[80.93156781812414,26.897496513546905],[80.93185412980313,26.897705426023713],[80.93312951819132,26.89958562092607],[80.933858311556,26.899608833013232],[80.93398845322827,26.900258769516398],[80.933858311556,26.901117608444366],[80.93430079324169,26.901164031984145],[80.93909000678104,26.899515984636015],[80.93720945961681,26.894269927337056],[80.93486690951606,26.895059172766633],[80.93473676784379,26.89519845079944],[80.93502307952276,26.89619660500903],[80.93309698277325,26.895685922561874],[80.92880230758851,26.89389851581508],[80.92569842870499,26.892853914362643],[80.92509977701258,26.887677191301314],[80.9248655220025,26.887073611738714],[80.922653113574,26.888002194345777],[80.92205446188159,26.88688789430161],[80.92157944477782,26.88688789430161],[80.92111093475766,26.88602894718463],[80.92072050974087,26.88602894718463],[80.91908072467034,26.88310383505639],[80.91798753462331,26.88354492824075],[80.9174409395998,26.884380679026858],[80.91405725612091,26.886261095697908],[80.91371888777303,26.88693432368951],[80.91327640608732,26.887189684981912],[80.91251507730458,26.888095052186777],[80.9121767089567,26.88839683964304],[80.91123968891638,26.88879148356194],[80.91019855553826,26.888675411964165],[80.90881905381225,26.888025408813178],[80.9066326737182,26.886864679600503],[80.90488877530987,26.885541433754376],[80.90429012361744,26.88521642363245],[80.9034832452494,26.885030703143123],[80.90272842355026,26.885146778484724],[80.89975468633902,26.88688789430161],[80.89777653292059,26.8878396929404],[80.8964490878635,26.887886121937207],[80.89483533112741,26.887630762218656],[80.89202427100648,26.887746834889548],[80.88874470086542,26.88818790995148],[80.88655832077137,26.8886521976303],[80.88566685031635,26.888930769321867],[80.88522436863066,26.889395053948256],[80.88472983027604,26.890277189482354],[80.88459968860377,26.89122895957105],[80.88470380194158,26.89204143988837],[80.88631755867767,26.897821488343858],[80.88696826703901,26.903067380683297],[80.88696826703901,26.904274365674667],[80.88681209703228,26.90473858723603],[80.88597919032978,26.905667024633026],[80.88501614195503,26.905667024633026],[80.88483394361386,26.905527759510164],[80.8843133769248,26.90248709484515],[80.88379281023573,26.901535419615282],[80.88243933684419,26.900839066804984],[80.87949813505101,26.900537312587055],[80.8773898399603,26.900769431287788],[80.87601033823431,26.901117608444366],[80.87489111985282,26.901628266332224],[80.87210608806637,26.903461973349923],[80.87012793464794,26.904367210139625],[80.8697635379656,26.904599320968014],[80.86965942462778,26.905040330227436],[80.86968545296224,26.90636334767072],[80.8698155946345,26.907106087510826],[80.87004984964459,26.907454245128875],[80.872028003063,26.90738461369116],[80.87356367479573,26.90763992875284],[80.8741362981537,26.907918453616173],[80.87504728985955,26.908754024083315],[80.87538565820743,26.909195017114353],[80.87598430989986,26.910634035022657],[80.87603636656875,26.911516004673693],[80.87575005488978,26.912583642926066],[80.89646210203071,26.91745751535862],[80.89919507714828,26.918176973936635],[80.9053963278317,26.920312114323387],[80.92475490158108,26.925116032473696],[80.92537958160794,26.924466239082797],[80.92415624988867,26.923445127621157],[80.9249110715878,26.92223834761506],[80.92556177994912,26.921542122509326],[80.92847695340785,26.91952304540854],[80.9296742567927,26.918455472799927],[80.92964822845823,26.91806093254075],[80.92993454013721,26.917852057727448],[80.93053319182964,26.917805641049767],[80.93050716349518,26.91669163505792],[80.93240723191025,26.91622746264908],[80.93261545858587,26.915995375728755],[80.93162638187665,26.91420829045603],[80.9315482968733,26.913071039640474],[80.93105375851869,26.911655262409713],[80.93134007019768,26.910773293846734],[80.92985645513386,26.90770956003309],[80.92832078340113,26.905783078770863],[80.92790433004988,26.903461973349923],[80.92785227338098,26.90183717116625],[80.92703888792933,26.90049088878964],[80.92693477459152,26.899864165656968],[80.92646626457136,26.89930707550819]]]}},{"type":"Feature","properties":{"ward_id":"32","name":"Faizullah Ganj 1st"},"geometry":{"type":"Polygon","coordinates":[[[80.92646626457136,26.89930707550819],[80.92693477459152,26.899887377686866],[80.92706491626379,26.900537312587055],[80.92787179463183,26.901860382790616],[80.92789782296627,26.903461973349923],[80.92808002130745,26.904970697300993],[80.92834030465197,26.905783078770863],[80.92940746636454,26.907059666413968],[80.93135959144851,26.91079650363405],[80.93107327976954,26.91163205279897],[80.93154178978968,26.91309424895532],[80.93161987479304,26.914301126751415],[80.93260895150226,26.916018584442263],[80.93227058315436,26.916273879975883],[80.93050065641157,26.916714843628252],[80.93050065641157,26.917875266059138],[80.92961569304016,26.918084140829478],[80.92966774970907,26.918525097408356],[80.92823619131416,26.91975512507393],[80.9255032161966,26.921565330082057],[80.92485250783528,26.922261555044592],[80.9241757711395,26.923468334802465],[80.92532101785544,26.924512653020553],[80.92480045116636,26.92518565297216],[80.92800193630409,26.925997888946323],[80.92917321135447,26.925997888946323],[80.93669540001136,26.92697256439578],[80.93711185336262,26.925649788530635],[80.93888178010542,26.917712807637134],[80.9387256100987,26.916830886408277],[80.93895986510879,26.916436340469318],[80.93885575177097,26.913465597343972],[80.93901192177768,26.91304783032084],[80.93968865847346,26.912676480557742],[80.93968865847346,26.91075008405465],[80.93942837512894,26.908452291016904],[80.939662630139,26.908011295084577],[80.93945440346339,26.90789524323713],[80.93955851680118,26.90736140320238],[80.93976674347682,26.90717571912033],[80.93940234679448,26.907059666413968],[80.93979277181127,26.906293715560192],[80.939662630139,26.903044169307012],[80.93927220512222,26.899492772529783],[80.93432682157615,26.901187243746865],[80.933858311556,26.901117608444366],[80.93388433989045,26.899632045095597],[80.93312951819132,26.899608833013232],[80.93206235647875,26.897937550544732],[80.93141164811743,26.897334025797807],[80.93151576145523,26.89710190003645],[80.93055271308047,26.89673049782603],[80.92912115468556,26.896916199083893],[80.9285485313276,26.89649837082437],[80.92792385130072,26.896359094394384],[80.92735122794276,26.89631266887957],[80.92662243457808,26.89649837082437],[80.92597172621676,26.895152024807587],[80.9246182528252,26.895221663788213],[80.92441002614957,26.895407367526644],[80.92365520445044,26.89550021928137],[80.92282229774796,26.89617339222061],[80.92180719270429,26.897705426023713],[80.92322573693197,26.898320554961455],[80.92339492110591,26.898343767308607],[80.92361616194876,26.898111643622432],[80.92425385614285,26.89810003742561],[80.92483949366806,26.898285736431795],[80.92646626457136,26.89930707550819]]]}},{"type":"Feature","properties":{"ward_id":"82","name":"Ayodhyadas"},"geometry":{"type":"Polygon","coordinates":[[[80.91407027028814,26.886145021500887],[80.91695941541242,26.88470569155234],[80.91740189709812,26.884403894238254],[80.91800054879053,26.883475282062946],[80.91909373883756,26.883127050530064],[80.92075955224254,26.886075376925444],[80.92114997725935,26.88605216205741],[80.9215664306106,26.88684146489464],[80.92190479895848,26.88702718240806],[80.9221130256341,26.88693432368951],[80.92268564899207,26.888002194345777],[80.92479394408277,26.887096826396895],[80.92419529239034,26.884450324646718],[80.92367472570129,26.88308061957794],[80.92362266903237,26.88210556517715],[80.92518436909955,26.881385876771308],[80.92547068077853,26.88147874004892],[80.92500217075838,26.879876837816816],[80.92539259577516,26.879389297848714],[80.92508025576174,26.878507077323132],[80.92539259577516,26.878414211604117],[80.92455968907268,26.87755520008659],[80.92453366073823,26.87709086681877],[80.9237788390391,26.87709086681877],[80.92112394892489,26.877601633308487],[80.91961430552662,26.877671283105546],[80.91807863379388,26.876696182041574],[80.91761012377374,26.876022893064963],[80.91667310373344,26.873097521988335],[80.91615253704437,26.87326004458944],[80.9142004119604,26.874536999755016],[80.91386204361251,26.873724393591047],[80.91302913691003,26.874235175290174],[80.91159757851511,26.87565142156831],[80.9106605584748,26.877114083527456],[80.91006190678239,26.878390995162448],[80.90995779344456,26.879482162766674],[80.91076467181261,26.88108407059215],[80.91373190194025,26.885030703143123],[80.91412232695704,26.885750368339156],[80.91407027028814,26.886145021500887]]]}},{"type":"Feature","properties":{"ward_id":"51","name":"Kadam Rasul"},"geometry":{"type":"Polygon","coordinates":[[[80.9167056391515,26.873074304454832],[80.91760361669013,26.875988067664007],[80.91807212671029,26.876661356848018],[80.91962081261023,26.877682891400884],[80.92110442767405,26.87757841669991],[80.92377233195548,26.877056041746798],[80.92451413948739,26.877114083527456],[80.93122944977625,26.879923270085055],[80.93172398813086,26.87952859519703],[80.92448811115294,26.87063643690527],[80.9227962694135,26.87163480806618],[80.92248392940006,26.872099163742256],[80.92180719270429,26.871518718849202],[80.91886599091109,26.872749258485065],[80.9167056391515,26.873074304454832]]]}},{"type":"Feature","properties":{"ward_id":"63","name":"Triveni Nagar"},"geometry":{"type":"Polygon","coordinates":[[[80.92537307452433,26.878367778716004],[80.925008677842,26.87848386090052],[80.9251648478487,26.87918035150439],[80.92542513119324,26.879412514085352],[80.92498264950754,26.879876837816816],[80.92542513119324,26.8815019558564],[80.92513881951426,26.88140909259786],[80.92360314778153,26.88210556517715],[80.92360314778153,26.88308061957794],[80.92420179947396,26.884450324646718],[80.92477442283192,26.887073611738714],[80.92490456450419,26.887096826396895],[80.92511279117981,26.887677191301314],[80.9250607345109,26.888373625251937],[80.92571144287221,26.892853914362643],[80.93492547326858,26.896243030571554],[80.93500355827193,26.895755561213342],[80.9346912182585,26.895152024807587],[80.93771050505504,26.89410743494645],[80.93763242005167,26.893712809596163],[80.9377885900584,26.893712809596163],[80.9373461083727,26.892366430379248],[80.93666937167693,26.89120574576183],[80.93659128667356,26.890416473410777],[80.93411859490053,26.884543185406446],[80.93299937651905,26.882477015464573],[80.93289526318125,26.8815019558564],[80.9315938464586,26.879667892373686],[80.93128150644516,26.879992918451652],[80.9264402362369,26.87781058257094],[80.92448811115294,26.87709086681877],[80.92451413948739,26.87755520008659],[80.92537307452433,26.878367778716004]]]}},{"type":"Feature","properties":{"ward_id":"40","name":"Rafi Ahmad Kidwai"},"geometry":{"type":"Polygon","coordinates":[[[80.96384295284581,26.832389867132246],[80.96262612821012,26.83670979921764],[80.96499470664536,26.842190766183986],[80.9664002367058,26.84827525771454],[80.96613995336128,26.84950605020072],[80.9658015850134,26.850016941264162],[80.9650207349798,26.850481385684304],[80.9649686783109,26.850876161942903],[80.96330286490591,26.84997049671732],[80.9615329381631,26.848623596568533],[80.96109045647741,26.84848426115558],[80.95960684141359,26.846858668664325],[80.95874790637663,26.84739279448662],[80.96077811646397,26.849831162962463],[80.96483853663862,26.853360898548413],[80.96512484831761,26.853360898548413],[80.96577555667893,26.85426653664224],[80.96710300173604,26.85528827348268],[80.9744039495501,26.85716917399598],[80.97653827297523,26.857563926924144],[80.9762779896307,26.859142924863992],[80.97820408638023,26.859700212993115],[80.97783968969789,26.861766799172944],[80.97435189288117,26.865180066705513],[80.9740655812022,26.865574791680505],[80.97390941119548,26.86645711311408],[80.98166585486246,26.86492465569352],[80.98137954318348,26.863322518917382],[80.98153571319021,26.86283490756823],[80.98450945040145,26.858794618389304],[80.98484781874933,26.85870173648161],[80.98503001709051,26.858283766953395],[80.98489987541825,26.857076290753902],[80.98422313872247,26.856054570058642],[80.98510810209386,26.855520485114337],[80.99024219106471,26.854893512615245],[80.99979458980894,26.85326801218027],[80.99781643639052,26.846696108131198],[80.99758218138045,26.843932543350807],[80.9976602663838,26.843282283009824],[80.99784246472498,26.843119717340993],[81.00216316824417,26.846069086745175],[81.00700443845241,26.849645384355814],[81.00887847853303,26.844582799956854],[80.97168398859975,26.835664669468457],[80.96384295284581,26.832389867132246]]]}},{"type":"Feature","properties":{"ward_id":"36","name":"Rajiv Gandhi 1st"},"geometry":{"type":"Polygon","coordinates":[[[80.98167236194608,26.864854998044706],[81.00233885950172,26.86083800106619],[81.0020785761572,26.859653772420526],[81.00049084775557,26.855172167488163],[81.00210460449165,26.854800627505114],[81.00155800946813,26.852966130957245],[81.0035101345521,26.85261780546849],[81.00155800946813,26.846951560292734],[81.00161006613705,26.846394209378893],[81.0021306328261,26.846092309821422],[80.99783595764137,26.843119717340993],[80.99765375930019,26.843282283009824],[80.99754964596238,26.8439789903751],[80.99778390097245,26.846649662221715],[80.99981411105979,26.85326801218027],[80.99036582565336,26.854893512615245],[80.98508207375941,26.8555901485109],[80.98419711038801,26.856101012108585],[80.9849259037527,26.85702984910428],[80.98505604542497,26.85830698752325],[80.98479576208044,26.85870173648161],[80.98445739373254,26.858794618389304],[80.98151619193936,26.86283490756823],[80.98133399359818,26.863322518917382],[80.98167236194608,26.864854998044706]]]}},{"type":"Feature","properties":{"ward_id":"81","name":"Rajiv Gandhi 2nd"},"geometry":{"type":"Polygon","coordinates":[[[81.00231933825089,26.860907661188715],[81.01026774088446,26.859154535061354],[81.00732653909127,26.850458163508563],[81.00691008574003,26.84999371899312],[81.00696214240892,26.849633773182777],[81.0021306328261,26.84610392135774],[81.00158403780259,26.846429043891398],[81.00159705196981,26.84698639463372],[81.00352314871934,26.852629416335382],[81.00156451655175,26.852966130957245],[81.00213713990972,26.85482384878979],[81.00052338317363,26.855241831099175],[81.00231933825089,26.860907661188715]]]}},{"type":"Feature","properties":{"ward_id":"11","name":"Chinhat"},"geometry":{"type":"Polygon","coordinates":[[[81.00888173207484,26.844640858400755],[81.00689707157281,26.850016941264162],[81.0072874965896,26.850434941328054],[81.01028075505168,26.859142924863992],[81.00262842472252,26.860884441152635],[81.00327913308384,26.863136762460805],[80.99885431622684,26.86406554169327],[80.99973927959823,26.870172075222396],[80.99934885458144,26.873004651825692],[81.01612411613637,26.87386369791965],[81.02516245527517,26.8744905652744],[81.02654195700117,26.87474595468175],[81.03018592382458,26.8761157607484],[81.0330034910291,26.877787366005293],[81.04380524982709,26.88287168005736],[81.043857306496,26.881734113668934],[81.04260794644225,26.878878539436272],[81.04271205978006,26.878414211604117],[81.04229560642882,26.87811239749043],[81.04312851313132,26.877485550218008],[81.04349290981366,26.875303165931683],[81.04604368659004,26.87386369791965],[81.04698070663035,26.87363152394328],[81.04729304664379,26.87326004458944],[81.0473451033127,26.871379411631498],[81.04575737491106,26.870195293351834],[81.0460697149245,26.86673573950518],[81.04653822494465,26.866387456409047],[81.04778758499839,26.866294580735605],[81.05286311021672,26.867548395891944],[81.05473715029733,26.867687707829056],[81.05793863543504,26.86694470884807],[81.05950033550222,26.866410675315482],[81.06064558221816,26.865946296280942],[81.06093189389713,26.86550513443208],[81.0583550887863,26.863879786456867],[81.0506441947046,26.859653772420526],[81.03563885989247,26.85099227234512],[81.00888173207484,26.844640858400755]]]}},{"type":"Feature","properties":{"ward_id":"45","name":"Paper Mill Colony"},"geometry":{"type":"Polygon","coordinates":[[[80.96713879069591,26.85535793702222],[80.96739907404043,26.855892022733766],[80.967373045706,26.857262057161815],[80.9656551756321,26.859351908234107],[80.96427567390609,26.860164617670367],[80.96281808717671,26.860559360147164],[80.96247971882883,26.86079156096068],[80.95693568359036,26.86097732126834],[80.95576440853996,26.861139861287334],[80.95550412519543,26.861488160541615],[80.95542604019208,26.862416953310294],[80.95701376859371,26.870334602028308],[80.95979880038018,26.87005598450373],[80.96234957715656,26.870450692460945],[80.96862240575973,26.870009548182892],[80.96901283077652,26.867571614560042],[80.97395821432258,26.8665267697762],[80.97406232766039,26.865621229822295],[80.97437466767383,26.86515684754644],[80.97580622606874,26.863972664113202],[80.97697750111914,26.86257949126077],[80.97794054949388,26.861790019027897],[80.97822686117287,26.859769873816226],[80.97630076442336,26.859119704465712],[80.97658707610233,26.8575407062018],[80.97442672434273,26.857215615588434],[80.97216225924534,26.856495768763416],[80.96713879069591,26.85535793702222]]]}},{"type":"Feature","properties":{"ward_id":"31","name":"Nishat Ganj"},"geometry":{"type":"Polygon","coordinates":[[[80.95072792582333,26.86197577769603],[80.95169097419807,26.863322518917382],[80.95161288919472,26.86815207971342],[80.95182111587035,26.868639668139817],[80.95010324579646,26.869150472807945],[80.94947856576958,26.872308123174346],[80.9518471442048,26.87117045048316],[80.95418969430555,26.870427474383945],[80.95689664108868,26.869870239105975],[80.95541302602486,26.862370513852976],[80.95431983597783,26.862416953310294],[80.95072792582333,26.86197577769603]]]}},{"type":"Feature","properties":{"ward_id":"42","name":"Colvin College"},"geometry":{"type":"Polygon","coordinates":[[[80.94148136000891,26.870543564721242],[80.9418717850257,26.874165523376163],[80.9422101533736,26.875187080481084],[80.94210604003578,26.87565142156831],[80.94288689006936,26.87723016699937],[80.94332937175507,26.877694499695025],[80.94947205868597,26.872354558551255],[80.95014879538175,26.869150472807945],[80.95186666545564,26.868709323457697],[80.95158035377665,26.867548395891944],[80.95171049544892,26.863299299376997],[80.9506693620708,26.86195255787918],[80.94595823353482,26.860954101246563],[80.94205398336688,26.860443259561663],[80.93867029988799,26.8596305521271],[80.93671817480401,26.858562413477117],[80.93731682649643,26.859955635801516],[80.93887852656361,26.862370513852976],[80.9395552632594,26.863926225294563],[80.94049228329969,26.86673573950518],[80.94148136000891,26.870543564721242]]]}},{"type":"Feature","properties":{"ward_id":"27","name":"Nirala Nagar"},"geometry":{"type":"Polygon","coordinates":[[[80.93458385137887,26.873585089090795],[80.93416739802764,26.8739333500196],[80.93398519968646,26.87437447898945],[80.93458385137887,26.87430482716126],[80.93549484308473,26.87377082838631],[80.93656200479731,26.873886915291074],[80.9361195231116,26.874699520286967],[80.93656200479731,26.875001343512196],[80.93637980645613,26.875349600078547],[80.93598938143934,26.875233514675628],[80.93510441806792,26.876672965247067],[80.93531264474356,26.877160516930527],[80.93471399305115,26.877276600354772],[80.9352866164091,26.87834456226479],[80.93458385137887,26.878692808532293],[80.93424548303099,26.878182046972817],[80.9326317262949,26.879458946544332],[80.93226732961256,26.879133918930975],[80.93174676292351,26.87950537898423],[80.93270981129825,26.88050367182874],[80.9334646329974,26.881014422897895],[80.93601540977379,26.88168768214458],[80.93835795987455,26.88140909259786],[80.94080462331314,26.879992918451652],[80.94338142842398,26.877717716279758],[80.94288689006936,26.87723016699937],[80.94208001170132,26.875697855572152],[80.9422101533736,26.875233514675628],[80.9418717850257,26.874211957990276],[80.94148136000891,26.870543564721242],[80.94051831163415,26.86680539599572],[80.9395552632594,26.863903005878107],[80.93801959152667,26.860884441152635],[80.93731682649643,26.860002076250176],[80.93682228814183,26.858585633989772],[80.93598938143934,26.858330208088347],[80.93466193638223,26.85835342864867],[80.93330846299068,26.859235806409487],[80.93585923976707,26.863136762460805],[80.93768122317879,26.86891828915391],[80.93533867307801,26.870125638949233],[80.93533867307801,26.871031142836408],[80.93593732477042,26.871286540057692],[80.93544278641582,26.871681243719596],[80.93489619139231,26.871356193745207],[80.9339071146831,26.87191342170065],[80.93343860466294,26.872447429247877],[80.93388108634865,26.87279569368081],[80.93380300134528,26.872958216715755],[80.93427151136544,26.873283262084804],[80.93447973804106,26.87326004458944],[80.93458385137887,26.873585089090795]]]}},{"type":"Feature","properties":{"ward_id":"67","name":"Mankameshwar"},"geometry":{"type":"Polygon","coordinates":[[[80.92463452053423,26.86791989400958],[80.92531125723,26.868291390906908],[80.92726338231398,26.870079202656996],[80.92804423234756,26.870520346663312],[80.92872096904335,26.87065965493934],[80.92877302571225,26.870079202656996],[80.92931962073577,26.869591620437284],[80.93064706579287,26.870381038215662],[80.93072515079622,26.870590000822784],[80.93226082252896,26.8701488570882],[80.93541025099776,26.870125638949233],[80.93718017774056,26.869104036115278],[80.93772677276407,26.86898794430018],[80.935826704349,26.863090323298994],[80.93338004091044,26.85925902678394],[80.92905933739124,26.863136762460805],[80.92463452053423,26.86791989400958]]]}},{"type":"Feature","properties":{"ward_id":"56","name":"Dali Ganj"},"geometry":{"type":"Polygon","coordinates":[[[80.93416739802764,26.87394495869874],[80.93466193638223,26.873434175688523],[80.93446672387384,26.873248435839958],[80.93426500428183,26.873283262084804],[80.93371840925832,26.872981434273104],[80.93390060759948,26.872772476085323],[80.93343209757933,26.872447429247877],[80.93390060759948,26.87189020392401],[80.9349417409776,26.871356193745207],[80.93543627933221,26.871658025895275],[80.93598287435572,26.871263322152316],[80.9353842226633,26.8701488570882],[80.9322347941945,26.870172075222396],[80.93069912246177,26.870566782774397],[80.93064706579287,26.870311383927483],[80.92931962073577,26.869568402183905],[80.92877302571225,26.870172075222396],[80.9287469973778,26.87068287296867],[80.92723735397952,26.870032766345687],[80.92528522889556,26.868291390906908],[80.92468657720315,26.867943112601424],[80.92408792551072,26.868593231237412],[80.92265636711582,26.86966127516881],[80.92307282046706,26.870172075222396],[80.92302076379815,26.870311383927483],[80.92269540961749,26.87079896304376],[80.92182346041332,26.871553545626806],[80.92248718294186,26.872110772609727],[80.92281253712252,26.871623199149848],[80.92450437886197,26.87063643690527],[80.93172073458905,26.879482162766674],[80.93225431544533,26.87911070263712],[80.9326317262949,26.879447338431383],[80.93427151136544,26.87815883048345],[80.93458385137887,26.878681200340655],[80.93527360224188,26.878332954037404],[80.93468796471669,26.877276600354772],[80.93533867307801,26.87714890858154],[80.93509140390071,26.876661356848018],[80.93598938143934,26.875256731765752],[80.93640583479058,26.875384425676188],[80.93653597646285,26.87496651779657],[80.9361195231116,26.874687911685292],[80.93654899063007,26.87392174133925],[80.93544278641582,26.873782437082156],[80.93457083721165,26.874293218519067],[80.933959171352,26.87439769625598],[80.93416739802764,26.87394495869874]]]}},{"type":"Feature","properties":{"ward_id":"74","name":"Mahakavi Jai Shankar Prasad"},"geometry":{"type":"Polygon","coordinates":[[[80.94233378796224,26.89404940189316],[80.9432447796681,26.893515496404053],[80.93620736874037,26.88172250578964],[80.93537446203788,26.881629642712316],[80.9334613794556,26.881037638800755],[80.93175652354891,26.87951698709123],[80.93153528270608,26.879702716641027],[80.93289526318125,26.88152517165911],[80.93298636235183,26.882477015464573],[80.93404050989717,26.884392286633148],[80.9365685118809,26.8904048664233],[80.93664659688427,26.89120574576183],[80.93733634774728,26.892296789638475],[80.93776581526575,26.893712809596163],[80.93763567359349,26.89373602289022],[80.93771375859684,26.894119041553523],[80.93872886364052,26.893886909185337],[80.93988712452366,26.899156196453323],[80.9401994645371,26.90247548909796],[80.94087620123287,26.902463883349597],[80.94091524373455,26.902754026701043],[80.94153992376143,26.902754026701043],[80.94164403709924,26.902626363718255],[80.94232077379502,26.9036012410207],[80.94440304055125,26.902498700591135],[80.94459825305965,26.90266118090969],[80.94700587399655,26.901755930443382],[80.94705793066545,26.90124527313281],[80.94722711483941,26.90109439666732],[80.94233378796224,26.89404940189316]]]}},{"type":"Feature","properties":{"ward_id":"89","name":"Ali Ganj Ward"},"geometry":{"type":"Polygon","coordinates":[[[80.9361227766534,26.881699290027463],[80.94330659696243,26.893515496404053],[80.94718481879592,26.890869144992312],[80.94872049052863,26.889406661039473],[80.94996985058238,26.888663804797837],[80.95085481395378,26.88956916019129],[80.95142743731175,26.889290590073653],[80.95160963565291,26.889360232667457],[80.95202608900416,26.889987014079978],[80.95304119404783,26.889662016744545],[80.95400424242258,26.88973165910941],[80.95405629909149,26.89007987028981],[80.95468097911836,26.88989415779381],[80.95218225901088,26.885320891273583],[80.950178077258,26.883440458957942],[80.94874651886309,26.88167607426051],[80.9474711304749,26.8796562842822],[80.9458573737388,26.878890147607642],[80.94372305031366,26.877334642022188],[80.94072979185158,26.880027742618847],[80.93932426179111,26.880956383119905],[80.93833518508191,26.881397484685184],[80.9361227766534,26.881699290027463]]]}},{"type":"Feature","properties":{"ward_id":"103","name":"Vivekanand Puri"},"geometry":{"type":"Polygon","coordinates":[[[80.94370352906283,26.87728820869063],[80.94458849243424,26.878147222236993],[80.94729543921733,26.879586635708176],[80.94719132587952,26.879145527076126],[80.94732146755179,26.87842581982316],[80.94763380756523,26.876939958096084],[80.94799820424757,26.876568489612755],[80.94778997757194,26.87628988744926],[80.9479201192442,26.876173803011817],[80.9482584875921,26.87670779043705],[80.9479201192442,26.877125691880018],[80.9479201192442,26.87740429198376],[80.94812834591983,26.877566808393862],[80.94854479927109,26.877311425358794],[80.94929962097021,26.878100789239213],[80.94984621599373,26.878170438728727],[80.95114763271637,26.878843714915032],[80.95385457949948,26.87988844588566],[80.95575464791456,26.88032955161856],[80.95624918626915,26.880283119517212],[80.95656152628258,26.87974914898079],[80.95903421805562,26.879377689728614],[80.95861776470439,26.877473941902405],[80.95848762303211,26.875291557391993],[80.95903421805562,26.87492008349237],[80.95744648965399,26.871112405651203],[80.95697797963383,26.870346211076942],[80.95692592296493,26.869881848202276],[80.95416691951291,26.870439083423037],[80.95185039774661,26.871182059445978],[80.94945579097694,26.872366167392503],[80.94370352906283,26.87728820869063]]]}},{"type":"Feature","properties":{"ward_id":"62","name":"Mahanagar"},"geometry":{"type":"Polygon","coordinates":[[[80.96578206376256,26.879934878149125],[80.96586014876591,26.876197019908854],[80.96630263045161,26.873527045498367],[80.96778624551543,26.871785723870065],[80.96864518055239,26.87041586534366],[80.96864518055239,26.870044375425312],[80.96640674378942,26.870322992978494],[80.9623202952803,26.870439083423037],[80.95974349016946,26.87006759358096],[80.95698448671746,26.870392647259525],[80.9574529967376,26.87106596976418],[80.95786945008885,26.872412602745573],[80.95906675347368,26.87492008349237],[80.95846810178128,26.875337991543624],[80.95862427178798,26.87752037515767],[80.95901469680479,26.87933125723626],[80.95685434504519,26.879725932813294],[80.95714065672416,26.880561711839192],[80.9578434217544,26.880399199734807],[80.95812973343338,26.88104924675039],[80.9574529967376,26.88144391632876],[80.95930100848376,26.884438717046397],[80.9561255516805,26.88566911604654],[80.95654200503175,26.886528065898617],[80.95638583502503,26.88750308214297],[80.95688037337963,26.888060230505353],[80.95669817503847,26.8881995171667],[80.95693243004854,26.888640590461577],[80.95542278665027,26.889406661039473],[80.95555292832253,26.88963880261338],[80.95675023170737,26.88956916019129],[80.9587283851258,26.8891280905212],[80.95880647012916,26.88926737586618],[80.95950923515939,26.889220947436936],[80.95989966017618,26.88982451552911],[80.9622682386114,26.889035233529142],[80.96260660695928,26.88968523087094],[80.96419433536092,26.888826305018014],[80.96229426694585,26.88617984377252],[80.96377788200967,26.885390536314006],[80.96463681704662,26.884020842640496],[80.96609440377598,26.88434585620083],[80.96721362215746,26.88388155082851],[80.96684922547512,26.883347597292136],[80.9667451121373,26.88258148563795],[80.96604234710708,26.881072462646088],[80.96578206376256,26.879934878149125]]]}},{"type":"Feature","properties":{"ward_id":"35","name":"Jankipuram 1st"},"geometry":{"type":"Polygon","coordinates":[[[80.93664334334247,26.92696096116615],[80.94429567367163,26.927749978062085],[80.94973559557229,26.92791242203203],[80.95481112079062,26.928376546371428],[80.95642487752671,26.928283721656328],[80.95585225416875,26.927866009493066],[80.95611253751328,26.927819596934995],[80.95600842417547,26.927610740187355],[80.95564402749312,26.927610740187355],[80.95553991415531,26.92591666561207],[80.95374395907805,26.925963078953092],[80.95340559073017,26.921182404521453],[80.95363984574024,26.92088070467961],[80.95363984574024,26.92053258847508],[80.9533275057268,26.920045223984435],[80.95077672895042,26.910042183103727],[80.94895474553871,26.910552800629276],[80.94197915190531,26.911806124763206],[80.9404434801726,26.912641666454807],[80.93968865847346,26.91271129464993],[80.93901192177768,26.91310585361096],[80.93882972343651,26.913453992725334],[80.93895986510879,26.916447944781314],[80.9387256100987,26.91681928213564],[80.93888178010542,26.917747620175824],[80.93713788169708,26.925661391895133],[80.93664334334247,26.92696096116615]]]}},{"type":"Feature","properties":{"ward_id":"91","name":"Jankipuram 2nd"},"geometry":{"type":"Polygon","coordinates":[[[80.95078323603403,26.910065393041364],[80.95329822385055,26.92001041215455],[80.95362357803121,26.920497776795557],[80.9536626205329,26.920857496966054],[80.95338932302113,26.921170800696295],[80.95370491657637,26.9238280455023],[80.95370491657637,26.925963078953092],[80.95555292832253,26.925963078953092],[80.95565704166034,26.927633946511747],[80.95599541000824,26.927633946511747],[80.9561255516805,26.927889215764928],[80.95581321166706,26.927889215764928],[80.95641186335949,26.92835334019982],[80.95706257172081,26.928376546371428],[80.95948320682494,26.930372259269415],[80.96643277212388,26.934363579126735],[80.9691917755759,26.933992299517605],[80.9724453173825,26.930488288002877],[80.97426730079421,26.929095935323414],[80.97541254751013,26.928538989439048],[80.96858661679985,26.922319573597555],[80.96246995820341,26.914939374215074],[80.9574985463229,26.90846389614975],[80.95661358295149,26.908788839385245],[80.95078323603403,26.910065393041364]]]}},{"type":"Feature","properties":{"ward_id":"77","name":"Bhartendu Harish Chandra"},"geometry":{"type":"Polygon","coordinates":[[[80.93727778399476,26.894235107558735],[80.93910627449009,26.8995043785835],[80.93928847283125,26.8995043785835],[80.9396528695136,26.903044169307012],[80.93978301118585,26.906316926268467],[80.93937957200184,26.907059666413968],[80.93976999701862,26.907187324384406],[80.93953574200854,26.90737300844736],[80.93947067117243,26.907918453616173],[80.93967889784804,26.90798808472462],[80.93948368533964,26.908208582951445],[80.93962684117913,26.90831302932964],[80.93938607908545,26.908487106411872],[80.93972444743333,26.910761688951283],[80.93969841909889,26.91268808525633],[80.94045324079802,26.912641666454807],[80.94191082752738,26.911852543908335],[80.94349855592901,26.911434770915008],[80.94495614265838,26.9113187225869],[80.94966727119437,26.91039033166713],[80.94922478950866,26.904494871154284],[80.95109882958927,26.904239548980645],[80.95273861465981,26.903032563617085],[80.95315506801106,26.89994540774074],[80.95383180470684,26.89885443773892],[80.95198379296068,26.897740244732272],[80.95177556628505,26.898366979650987],[80.94992755453889,26.900409647098286],[80.94919876117422,26.901663083831398],[80.94818365613055,26.90117563786609],[80.94716855108688,26.90117563786609],[80.94701238108016,26.901291696620106],[80.94698635274571,26.901779142084454],[80.94459174597604,26.902637969449923],[80.94438351930042,26.902498700591135],[80.94227522420972,26.90358963538802],[80.94159848751394,26.902637969449923],[80.94084366581481,26.902730815260373],[80.94084366581481,26.902452277600027],[80.94016692911904,26.90247548909796],[80.9398545891056,26.899225832965232],[80.93870934238966,26.893910122443618],[80.93727778399476,26.894235107558735]]]}},{"type":"Feature","properties":{"ward_id":"102","name":"Bajrang Bali"},"geometry":{"type":"Polygon","coordinates":[[[80.94233378796224,26.89404940189316],[80.94730519984276,26.90117563786609],[80.94819016321415,26.90115242610098],[80.94923129659227,26.90168629549155],[80.94985597661915,26.900432859016075],[80.95180810170312,26.898366979650987],[80.95196427170983,26.89769381978515],[80.95454107682068,26.894606517974044],[80.9556342668677,26.894211894367235],[80.95537398352317,26.891170925039077],[80.95467121849295,26.88991737187251],[80.95407256680053,26.890126298366127],[80.95396845346272,26.88970844499256],[80.95303143342241,26.889662016744545],[80.95201632837875,26.889987014079978],[80.95154781835859,26.889360232667457],[80.95084505332836,26.88956916019129],[80.94996008995696,26.88868701912931],[80.94871072990323,26.889406661039473],[80.94717505817049,26.890915572744287],[80.94233378796224,26.89404940189316]]]}},{"type":"Feature","properties":{"ward_id":"61","name":"Begum Hazrat Mehal"},"geometry":{"type":"Polygon","coordinates":[[[80.94717505817049,26.87921517592193],[80.94871072990323,26.88144391632876],[80.94873675823767,26.881699290027463],[80.94897101324774,26.88179215304756],[80.95014228829812,26.883417243548628],[80.95136562001743,26.88441550184215],[80.95225058338882,26.885390536314006],[80.95534795518873,26.891170925039077],[80.95568632353661,26.894235107558735],[80.9561288052223,26.894026188663492],[80.95662334357692,26.893283362795668],[80.95709185359706,26.892888734566675],[80.96260986050109,26.88970844499256],[80.96224546381875,26.889035233529142],[80.95987688538354,26.88982451552911],[80.9595124887012,26.889220947436936],[80.95880972367095,26.889290590073653],[80.95870561033314,26.88908166203471],[80.95672745691473,26.88956916019129],[80.95553015352989,26.88963880261338],[80.95537398352317,26.889383446855845],[80.9569096552559,26.888663804797837],[80.95667540024581,26.8881995171667],[80.95688362692144,26.888037016045104],[80.95631100356347,26.88747986756826],[80.9565192302391,26.887294150798844],[80.95657128690802,26.886783428109094],[80.9561288052223,26.88566911604654],[80.95933029036003,26.88448514744056],[80.95737816527605,26.88146713214339],[80.9581850436441,26.881095678537015],[80.95779461862729,26.880375983700834],[80.95714391026597,26.880561711839192],[80.95677951358363,26.879702716641027],[80.95657128690802,26.879702716641027],[80.95623291856012,26.880306335570257],[80.95573838020552,26.880352767662075],[80.95219852671991,26.879261608461967],[80.94975186328134,26.878124005740474],[80.94930938159564,26.878170438728727],[80.9485025032276,26.87728820869063],[80.9481120782108,26.87754359177815],[80.94790385153517,26.87740429198376],[80.94790385153517,26.87714890858154],[80.94826824821752,26.87668457364492],[80.94792987986963,26.876220236801096],[80.94774768152845,26.876336321190845],[80.94800796487299,26.876591706428727],[80.94759151152175,26.876939958096084],[80.94717505817049,26.87921517592193]]]}},{"type":"Feature","properties":{"ward_id":"43","name":"Lala Lajpat Rai"},"geometry":{"type":"Polygon","coordinates":[[[80.95195776462623,26.89768221354538],[80.95383505824864,26.89885443773892],[80.95313229321842,26.89999183176237],[80.95271583986717,26.903044169307012],[80.9510630406294,26.904239548980645],[80.94919876117422,26.904494871154284],[80.94966727119437,26.91037872673232],[80.95271258632536,26.90954316829043],[80.95661683649331,26.90880044448349],[80.95752782819916,26.90844068588286],[80.95914158493524,26.907268561199526],[80.95784016821258,26.906200872679364],[80.95773605487477,26.90592234357881],[80.95860800407895,26.905272439672117],[80.95829566406552,26.904819825813036],[80.95846484823947,26.90469216516577],[80.95786619654704,26.904042254178297],[80.95832169239996,26.90372890290135],[80.95820456489493,26.90255672930317],[80.95856896157727,26.902394248834316],[80.95855594741005,26.90204607561381],[80.95756687070083,26.902452277600027],[80.9559270856303,26.901117608444366],[80.9556277597841,26.894188681170963],[80.95453456973706,26.894594911417055],[80.95195776462623,26.89768221354538]]]}},{"type":"Feature","properties":{"ward_id":"99","name":"Shankar Purwa 1st"},"geometry":{"type":"Polygon","coordinates":[[[80.96227474569501,26.88615662892596],[80.9641878282773,26.888803090715165],[80.96410974327394,26.888907555040465],[80.96608789669237,26.891461097400793],[80.96512484831761,26.892169114835564],[80.96848250346204,26.89696262435066],[80.96807906427802,26.89758936358431],[80.97113739357624,26.90100154951145],[80.96706395923435,26.904100282097133],[80.96694683172932,26.904332393474217],[80.96785782343518,26.905643813791137],[80.97356453576398,26.911852543908335],[80.97742323634664,26.914939374215074],[80.9832015265952,26.919116904845563],[80.98163982652801,26.920462965105298],[80.97729309467437,26.92289975748619],[80.97547111126266,26.92547573791998],[80.97614784795844,26.926218351987366],[80.9762259329618,26.927494708493803],[80.97560125293494,26.92793562829436],[80.975347476674,26.928585401701113],[80.99198608947306,26.921391273170155],[80.99386012955367,26.91990597660047],[80.99625473632334,26.921112781552626],[81.0011480632005,26.924918774161384],[81.00453174667939,26.928492577157886],[81.00718663679359,26.932483963535493],[81.00796748682717,26.93262319539437],[81.01161145365059,26.9303490535084],[81.00968535690107,26.929374407234352],[81.00647736467974,26.925058015358815],[81.00347109205043,26.92244721430903],[80.9968696557248,26.915078627727485],[80.99591962151726,26.91382533993041],[80.99507370064754,26.911852543908335],[80.99461820479462,26.911179464435698],[80.99322568890138,26.910053788073142],[80.99262378366717,26.909357487796807],[80.99196006113861,26.90783721726868],[80.99134514173716,26.907268561199526],[80.99014783835231,26.906618665041876],[80.98990056917502,26.906386558364684],[80.98984851250611,26.905980370531427],[80.98749294823813,26.904750192750605],[80.98580110649867,26.9036012410207],[80.98427194184957,26.903044169307012],[80.98377740349497,26.90255672930317],[80.98308765263195,26.90125687900642],[80.9844801685252,26.899272257282654],[80.98170815090594,26.896626040734315],[80.98015621146419,26.895755561213342],[80.97877670973818,26.893016408556317],[80.9789328797449,26.89271463343917],[80.9797137297785,26.892552138811425],[80.98124940151122,26.891240566473847],[80.98190010987254,26.890962000477177],[80.98166585486246,26.890439687382166],[80.9813925573507,26.89042808039706],[80.98134050068181,26.889487910644586],[80.98065074981879,26.888745054937143],[80.98029936730369,26.8885825546001],[80.98009114062806,26.88872184061759],[80.97998702729025,26.889418268129482],[80.9792191914239,26.890021835167605],[80.97911507808608,26.88956916019129],[80.9785814972298,26.88923255454603],[80.97743625051386,26.889418268129482],[80.97683759882143,26.889139697639834],[80.9772085025874,26.88872184061759],[80.97633655338322,26.887770049409415],[80.97642765255381,26.887514689428546],[80.97755988510251,26.886620924951025],[80.97778112594537,26.88611019921853],[80.97802839512266,26.884566400584447],[80.97783318261426,26.883951196755962],[80.97609579128952,26.883672612788626],[80.97409160953666,26.88218682003183],[80.97359707118204,26.882070741650097],[80.9731806178308,26.88227968265138],[80.97289430615182,26.88283685676637],[80.97258196613838,26.88304579635134],[80.97151480442581,26.883417243548628],[80.96883388597716,26.885088740828817],[80.96774069593013,26.88453157781564],[80.96719410090662,26.88388155082851],[80.96607488252515,26.884369071419375],[80.96461729579579,26.88399762735043],[80.96373233242437,26.885390536314006],[80.96227474569501,26.88615662892596]]]}},{"type":"Feature","properties":{"ward_id":"30","name":"Shankar Purwa 2nd"},"geometry":{"type":"Polygon","coordinates":[[[80.95662985066052,26.901639872166474],[80.95757663132626,26.902463883349597],[80.958539679701,26.90204607561381],[80.95857872220269,26.902382643077594],[80.9582403538548,26.90259154651608],[80.9583314530254,26.9037405085197],[80.95788571779788,26.904053859764453],[80.9585364261592,26.90470377068513],[80.95831518531637,26.9049010643316],[80.95864053949701,26.905249228749117],[80.95771653362394,26.90593394897171],[80.95784667529621,26.906200872679364],[80.95910904951717,26.907268561199526],[80.95753433528277,26.908475501281416],[80.96154269878853,26.91377892159659],[80.96815064219777,26.921832216825482],[80.97148552254956,26.92508122220835],[80.97538977271749,26.928527386370547],[80.97557197105867,26.9279240251638],[80.97618363691831,26.927494708493803],[80.9761315802494,26.926218351987366],[80.97546785772086,26.925464134536387],[80.97726381279811,26.92292296477968],[80.98084270878539,26.92077626993101],[80.98161054465176,26.920486172899995],[80.98318525888615,26.919151716951102],[80.97751108197541,26.914997396532797],[80.97355152159676,26.91184093912385],[80.96786107697699,26.905667024633026],[80.96701190256546,26.904425237891456],[80.96708998756881,26.904042254178297],[80.97117643607793,26.90102476130758],[80.96804002177635,26.89756615108211],[80.96847274283662,26.897020655907273],[80.96745763779296,26.895535038669728],[80.96264239591916,26.898599102812398],[80.95785318237982,26.90085067272034],[80.95785318237982,26.901036367203847],[80.95662985066052,26.901639872166474]]]}},{"type":"Feature","properties":{"ward_id":"84","name":"Lohiya Nagar"},"geometry":{"type":"Polygon","coordinates":[[[80.9556310133259,26.894235107558735],[80.95591732500488,26.90117563786609],[80.95669817503847,26.901593448822315],[80.95792150675776,26.90108279077702],[80.9578434217544,26.90085067272034],[80.96263263529374,26.898622315102287],[80.96739582049864,26.895511825745356],[80.96513135540123,26.892145901219536],[80.96609440377598,26.891472704279753],[80.96406419368866,26.88887273360943],[80.95786945008885,26.892354823592093],[80.95659406170066,26.893329789555516],[80.9561255516805,26.89404940189316],[80.9556310133259,26.894235107558735]]]}},{"type":"Feature","properties":{"ward_id":"8","name":"Lal Bahadur Shastri 1st"},"geometry":{"type":"Polygon","coordinates":[[[80.96589268418397,26.87579072352259],[80.96577555667893,26.879946486212027],[80.96628473597167,26.881809564855338],[80.96674673890821,26.88258148563795],[80.96684434516241,26.883359205004528],[80.96772280145021,26.88453738161119],[80.96864192701057,26.885048114451948],[80.96883063243536,26.885111955894757],[80.96947483371305,26.884804355884064],[80.97152619182214,26.8834056358422],[80.9725868464511,26.88305740409472],[80.97288617229731,26.882848464531214],[80.97316760366357,26.88225646700364],[80.97358405701483,26.882035918112337],[80.9741176378711,26.882151996529828],[80.97467724706185,26.882535054461712],[80.97483341706857,26.882337721749852],[80.9741176378711,26.880782263607117],[80.9732326744997,26.880898343312122],[80.973076504493,26.880492063823077],[80.97338884450643,26.880375983700834],[80.97275115031233,26.879145527076126],[80.97340185867365,26.878541901948086],[80.9729854053224,26.87718373362491],[80.97438442829925,26.876661356848018],[80.97443648496815,26.87645240546141],[80.97412414495471,26.875941633779362],[80.9729788982388,26.872110772609727],[80.97344740825895,26.87069448198154],[80.97191173652622,26.87023012053703],[80.97001166811116,26.869905066391294],[80.96868422305405,26.869974720929747],[80.9686533144069,26.870462301497643],[80.96790499979137,26.87162900360816],[80.96634167295329,26.873544458579232],[80.96589268418397,26.87579072352259]]]}},{"type":"Feature","properties":{"ward_id":"58","name":"Lal Bahadur Shastri 2nd"},"geometry":{"type":"Polygon","coordinates":[[[80.97349133107333,26.87069448198154],[80.97306837063847,26.871588372393695],[80.9729902856351,26.872308123174346],[80.97410950401658,26.875941633779362],[80.9744608865317,26.876464013881908],[80.97438280152834,26.876672965247067],[80.9729902856351,26.877206950314527],[80.97340673898637,26.878507077323132],[80.97276904479227,26.87916874336283],[80.97293822896621,26.879261608461967],[80.97343276732082,26.880387591718417],[80.97310741314016,26.880526887836496],[80.97326358314687,26.880909951276056],[80.97412251818382,26.880759047651814],[80.97482853675585,26.882337721749852],[80.97467236674913,26.882569877845686],[80.97609091097682,26.883672612788626],[80.97771768188014,26.883846727848677],[80.97799097939189,26.884113703753115],[80.97799097939189,26.88515838601233],[80.97778275271627,26.886133414074628],[80.97756151187342,26.886644139702195],[80.97640325099026,26.887584333116916],[80.9763251659869,26.887793263924507],[80.97645530765917,26.887990587110277],[80.9772101293583,26.888733447777962],[80.97826427690364,26.88735218732207],[80.97963401800423,26.88657449543435],[80.981976568105,26.885924480198057],[80.98481365656038,26.885761975804762],[80.98441021737635,26.88292971885182],[80.98396773569064,26.883034188606747],[80.98284526376736,26.881966271004615],[80.9823767537472,26.88195466314916],[80.98227264040939,26.881641250601138],[80.9818301587237,26.88129301341739],[80.98171303121866,26.880793871582984],[80.97960798966977,26.88114211030458],[80.97705721289338,26.87280730247677],[80.97708324122785,26.871785723870065],[80.97601607951526,26.871623199149848],[80.97481877613043,26.87106596976418],[80.97349133107333,26.87069448198154]]]}},{"type":"Feature","properties":{"ward_id":"52","name":"Gomti Nagar"},"geometry":{"type":"Polygon","coordinates":[[[80.96903072525646,26.867571614560042],[80.96866632857412,26.869986330015323],[80.97001980196566,26.86989345729737],[80.97138954306627,26.87025333865455],[80.97193613808977,26.87023012053703],[80.97482528321406,26.87107757873773],[80.97600957243166,26.871623199149848],[80.98199283581404,26.872110772609727],[80.99933421364331,26.873027869373495],[80.9997246386601,26.870183684287706],[80.99882666112148,26.864100370766124],[81.00327750631294,26.863148372248265],[81.00258775544992,26.86089605117127],[81.00231445793817,26.86091927120496],[80.986502244758,26.863914615586932],[80.96903072525646,26.867571614560042]]]}},{"type":"Feature","properties":{"ward_id":"38","name":"Maithli Sharan Gupt"},"geometry":{"type":"Polygon","coordinates":[[[80.97705395935158,26.871785723870065],[80.97700190268267,26.872830520065104],[80.97960473612797,26.881095678537015],[80.98171303121866,26.880840303474518],[80.98184317289093,26.881351053022524],[80.9824157962489,26.881931447434678],[80.98288430626906,26.881977878858883],[80.98397749631607,26.88302258086097],[80.98439394966731,26.88292971885182],[80.98402955298498,26.88051527983321],[80.98777763314621,26.880027742618847],[80.99113528829062,26.880190255257293],[80.99149968497296,26.87266799684662],[80.97705395935158,26.871785723870065]]]}},{"type":"Feature","properties":{"ward_id":"87","name":"Indra Nagar"},"geometry":{"type":"Polygon","coordinates":[[[80.99153222039104,26.872691214463554],[80.99114179537425,26.880213471329423],[80.987680026892,26.880050958724368],[80.98403606006859,26.88051527983321],[80.98486896677109,26.885761975804762],[80.99600909391695,26.885019095602402],[80.99595703724805,26.884438717046397],[80.99796121900091,26.882558270052215],[80.99806533233874,26.881258189640008],[80.99796121900091,26.880097390921083],[80.99694611395725,26.877706107987983],[80.99600909391695,26.87596485072407],[80.9960871789203,26.875616596052932],[80.99567072556906,26.874177132031488],[80.99528030055227,26.874177132031488],[80.99496796053883,26.872853737648672],[80.99153222039104,26.872691214463554]]]}},{"type":"Feature","properties":{"ward_id":"49","name":"Babu Jagjivan Ram"},"geometry":{"type":"Polygon","coordinates":[[[80.97679367600705,26.889197733215152],[80.97744438436837,26.889406661039473],[80.9785896310843,26.889220947436936],[80.97911019777337,26.889557553116763],[80.9792240717366,26.890021835167605],[80.97995286510128,26.889418268129482],[80.9800569784391,26.888733447777962],[80.98049946012479,26.888605768948267],[80.98137140932897,26.889499517726275],[80.9813844234962,26.8904048664233],[80.98165772100795,26.89042808039706],[80.98192125789429,26.89100842819099],[80.9825719662556,26.891194138855443],[80.98288430626906,26.891124497392035],[80.98361309963373,26.890520936244425],[80.98634607475128,26.889987014079978],[80.98923521987557,26.888826305018014],[80.98978181489908,26.888826305018014],[80.99103117495281,26.889290590073653],[80.99230656334102,26.890613792015454],[80.99313947004352,26.891774482714336],[80.99428471675944,26.89200661942319],[80.99522173679975,26.89293516148869],[80.99553407681319,26.893004801835954],[80.995638190151,26.885065525758115],[80.98194728622875,26.885924480198057],[80.97882388609439,26.886945931033495],[80.9781992060675,26.88736379462314],[80.97679367600705,26.889197733215152]]]}},{"type":"Feature","properties":{"ward_id":"24","name":"Indira Priyadarshini"},"geometry":{"type":"Polygon","coordinates":[[[80.97865795546225,26.892888734566675],[80.9791785221513,26.89358513639357],[80.98014157052607,26.895790380522975],[80.98175532726215,26.89657961532921],[80.9822238372823,26.89722956926423],[80.98446227404526,26.8992954694342],[80.98308277231925,26.90124527313281],[80.98391567902175,26.902777238136967],[80.98441021737635,26.903171831817478],[80.9862061724536,26.90379853659359],[80.98776787252078,26.904889458832532],[80.98988267469508,26.905957159753957],[80.98988267469508,26.906398163709866],[80.99204302645468,26.90797647954287],[80.992693734816,26.909508353221124],[80.99461983156552,26.911179464435698],[80.99597981204069,26.913894967395358],[80.99660449206755,26.91480012053084],[81.00259100899174,26.921600141432226],[81.0065017662433,26.92508122220835],[81.00967722304655,26.929397613195878],[81.01168140479943,26.930325847742605],[81.01678295835221,26.926589657187826],[81.02112969020585,26.92605590557785],[81.02235302192514,26.92535970403037],[81.02584081874184,26.922319573597555],[81.03180130733156,26.91930256928431],[81.03172322232821,26.917701203455184],[81.03052591894338,26.91777082852899],[81.03016152226104,26.917608369956636],[81.02966698390642,26.918374244035792],[81.02610110208637,26.918838407614675],[81.02494934828682,26.919557857388774],[81.0234136765541,26.918745575051645],[81.02273693985832,26.917445911150413],[81.02325750654738,26.915101836629525],[81.02304927987176,26.913871758245147],[81.02237254317598,26.91273450403876],[81.02239857151044,26.912502409935716],[81.02104509811889,26.91124909353278],[81.02078481477436,26.91052959079186],[81.01932722804499,26.90862636788441],[81.01927517137608,26.9083246344768],[81.01963956805842,26.9077443756571],[81.01901488803156,26.90649100642847],[81.01833815133577,26.90553936494364],[81.01662028126188,26.904053859764453],[81.01182456063893,26.898831225496725],[81.0089093871802,26.894397599765696],[81.00810250881214,26.893538709738667],[81.00713295335377,26.891286994073194],[81.00715898168824,26.890776289431148],[81.00697678334706,26.89035843846147],[81.00538905494543,26.890451294366056],[81.00505068659754,26.88824594601566],[80.99549828785331,26.889174518988597],[80.99557637285666,26.89295837494255],[80.99523800450878,26.892911948030076],[80.9946133244819,26.892447677855895],[80.99430098446847,26.891983405773765],[80.99331190775926,26.891890551128384],[80.9922447460467,26.890520936244425],[80.99096935765849,26.889220947436936],[80.98969396927029,26.888756662095126],[80.98922545925014,26.888826305018014],[80.98636234246031,26.890033442194436],[80.98352525400495,26.890567364139475],[80.98287454564363,26.891194138855443],[80.9821717806134,26.891194138855443],[80.98188546893442,26.891031642040737],[80.98120873223864,26.891240566473847],[80.97967306050592,26.892633386154515],[80.97865795546225,26.892888734566675]]]}},{"type":"Feature","properties":{"ward_id":"41","name":"Ismail Ganj 2nd"},"geometry":{"type":"Polygon","coordinates":[[[81.01352290946198,26.87772932457032],[81.01305439944183,26.87719534197031],[81.01305439944183,26.876800657557876],[81.01183106772254,26.875779115032962],[81.01214340773598,26.875686247072977],[81.01189613855867,26.873759219689283],[80.99659147790032,26.872830520065104],[80.99496470699702,26.872853737648672],[80.99532910367937,26.874177132031488],[80.99571952869616,26.874153914719667],[80.9961359820474,26.875686247072977],[80.9960318687096,26.875988067664007],[80.99702094541881,26.877706107987983],[81.00264306566065,26.877682891400884],[81.00259100899174,26.878124005740474],[81.00339788735978,26.879238392194335],[81.00290334900517,26.87949377087605],[81.00326774568751,26.880283119517212],[81.00365817070431,26.880259903459383],[81.00376228404212,26.880793871582984],[81.00358008570095,26.880909951276056],[81.0040485957211,26.882604701218924],[81.00298143400853,26.88265113236656],[81.00292937733963,26.882952934361256],[81.00391845404883,26.88527446122279],[81.00519384243702,26.885413751317955],[81.00514178576813,26.886319132751726],[81.00295540567409,26.886435206769903],[81.00324171735306,26.88850130434394],[81.00555823911937,26.888129873857487],[81.01125844436457,26.88894237646078],[81.01276808776284,26.889592374336754],[81.01331468278634,26.889592374336754],[81.01331468278634,26.889360232667457],[81.01459007117455,26.88877987640753],[81.01448595783674,26.888408446836785],[81.0159435445661,26.887735227627815],[81.01573531789047,26.8874102238155],[81.0155010628804,26.887572725838506],[81.01474624118127,26.886597710195073],[81.01370510780315,26.88330116643062],[81.01227354940823,26.880701007742683],[81.01237766274606,26.880445631788472],[81.01214340773598,26.879633068095618],[81.01162284104691,26.878913363946797],[81.01287220110065,26.877961490131412],[81.01352290946198,26.87772932457032]]]}},{"type":"Feature","properties":{"ward_id":"37","name":"Ismail Ganj 1st"},"geometry":{"type":"Polygon","coordinates":[[[80.99693635333183,26.87777575772069],[80.99802303629525,26.880120607012294],[80.99797097962634,26.88258148563795],[80.99596679787346,26.884392286633148],[80.995940769539,26.885042310682646],[80.99562842952557,26.885042310682646],[80.99552431618775,26.889244161653938],[80.99735280668308,26.88891916218177],[81.0032612386039,26.888547733068897],[81.00287081358711,26.886481636343802],[81.00357357861733,26.88629591793378],[81.0051352786845,26.886342347564906],[81.00516130701897,26.885413751317955],[81.00391194696523,26.88527446122279],[81.00294889859046,26.88302258086097],[81.00300095525938,26.882674347933225],[81.00404208863749,26.882674347933225],[81.00354755028289,26.880909951276056],[81.00380783362742,26.88086351941314],[81.0035996069518,26.880213471329423],[81.00328726693836,26.880283119517212],[81.002922870256,26.879424122201893],[81.00339138027616,26.879238392194335],[81.00261053024258,26.878100789239213],[81.00261053024258,26.877659674809014],[80.99693635333183,26.87777575772069]]]}},{"type":"Feature","properties":{"ward_id":"6","name":"Shaheed Bhagat Singh"},"geometry":{"type":"Polygon","coordinates":[[[81.01352290946198,26.87772932457032],[81.01287220110065,26.877949881864687],[81.01163585521415,26.878913363946797],[81.01216943607042,26.879586635708176],[81.01239067691327,26.88046884780816],[81.01227354940823,26.8807126157269],[81.01321056944855,26.88219842786344],[81.0136790794687,26.88326634327197],[81.01475274826488,26.886620924951025],[81.01549455579679,26.887572725838506],[81.01575483914132,26.887433438404525],[81.01597607998417,26.887770049409415],[81.01450547908757,26.88843166122073],[81.01458356409093,26.88881469786718],[81.01330817570275,26.889383446855845],[81.01332118986997,26.889615588477458],[81.01282665151535,26.889615588477458],[81.0112779656154,26.88894237646078],[81.00556474620299,26.888106659411537],[81.00501815117948,26.888222731593565],[81.00538254786181,26.890451294366056],[81.00699955813971,26.89037004545372],[81.00716874231365,26.890776289431148],[81.00714271397919,26.891286994073194],[81.00810576235396,26.893550316404173],[81.00889962655478,26.894397599765696],[81.0118148000135,26.898819619373832],[81.01426471699389,26.901326514223044],[81.01655521042575,26.90403064859096],[81.01835441904481,26.905550970375902],[81.01963306097481,26.9077443756571],[81.01934674929583,26.908127346812723],[81.01929469262691,26.908637972999358],[81.02081735019242,26.910552800629276],[81.02103859103526,26.91124909353278],[81.02145504438651,26.91148119021284],[81.02244412109573,26.912525619367493],[81.02236603609236,26.912804132176614],[81.02304277278816,26.913894967395358],[81.0235112828083,26.912780922802096],[81.031423896482,26.903241465853245],[81.03124169814083,26.902800449568105],[81.03129375480972,26.902080892984173],[81.03204857650887,26.90143096696746],[81.0336363049105,26.90138454353743],[81.03454729661635,26.900920308187434],[81.03428701327182,26.899365105860234],[81.03480757996088,26.89894728666],[81.0394406234935,26.898436616649498],[81.03985707684477,26.897531332319875],[81.04029955853046,26.894977927168195],[81.0344171549441,26.89223875565505],[81.0346253816197,26.891774482714336],[81.03868580179437,26.889870943710346],[81.04003927518593,26.88891916218177],[81.04180920192873,26.88682985753992],[81.04240785362114,26.88515838601233],[81.04378735534715,26.88371904349754],[81.04378735534715,26.88290650333761],[81.03303114613446,26.877845407410465],[81.03016152226104,26.876104152292143],[81.02656961210651,26.874734346084843],[81.02508599704271,26.87452539113665],[81.01194168814396,26.87366635007013],[81.01216943607042,26.875721072566908],[81.01185709605699,26.875802332011027],[81.01305439944183,26.876789049171943],[81.01305439944183,26.87718373362491],[81.01352290946198,26.87772932457032]]]}},{"type":"Feature","properties":{"ward_id":"64","name":"Kunwar Jyoti Prasad 1st"},"geometry":{"type":"Polygon","coordinates":[[[80.85593227333594,26.85037955345578],[80.85886062881521,26.855085825911353],[80.85960619171334,26.854965617045597],[80.86203600814648,26.85571692036141],[80.86235938482518,26.856013433363827],[80.86312291309436,26.856237821065385],[80.86718757829208,26.854116137421272],[80.8682385524979,26.853410904209298],[80.86870565214491,26.853491044568372],[80.86894818465396,26.853170482791583],[80.86974988933659,26.852673610243045],[80.87094458651073,26.853699409236327],[80.87110627485009,26.854116137421272],[80.87154642644056,26.85444471048505],[80.87227626963904,26.853973889030662],[80.87206068518657,26.853685384703407],[80.87424347776788,26.852499303630488],[80.874521941019,26.85216271079131],[80.87509009587814,26.85226489086617],[80.8751709400478,26.85200843873879],[80.87600632980113,26.851367305877844],[80.87793760718789,26.851872198309728],[80.87925806195929,26.854324500938247],[80.87981049711878,26.855043752822866],[80.88034945824997,26.854907516048048],[80.8825524618737,26.85362527954266],[80.88325311134425,26.854530860581722],[80.88345073042568,26.855043752822866],[80.88478016788261,26.854779293051333],[80.88487897742333,26.85499566927401],[80.8853752707983,26.854851418504857],[80.88598609341365,26.85562075381537],[80.88624659129374,26.85548451773526],[80.88697418882083,26.856882933228682],[80.88860903758543,26.856097578804054],[80.88882462203792,26.856538339611497],[80.888635985642,26.856618477755642],[80.88888750083653,26.857091291650878],[80.88870784712614,26.857171429403397],[80.88910308528901,26.857852598008197],[80.88861802027095,26.85807698206242],[80.88807007645423,26.858694035916997],[80.88878869129583,26.859495399535906],[80.8907064946543,26.85942327704265],[80.8913891787538,26.860368879414985],[80.89181136497324,26.860216621939742],[80.89204491479676,26.85971978033202],[80.89238625684649,26.85971978033202],[80.89494856789105,26.862346204593962],[80.89517313502904,26.86212984242861],[80.89495755057656,26.861689103404306],[80.89326880569885,26.85955950838021],[80.894706035382,26.857708350881214],[80.89538871948152,26.857676295939118],[80.89679226409396,26.85826129720265],[80.89928945066846,26.857259580865627],[80.8994331736368,26.857852598008197],[80.90016077116387,26.857732392081807],[80.89955893123404,26.858213215021085],[80.90004399625211,26.85907067752486],[80.90052906127019,26.85879821350845],[80.90025958070459,26.85842157099353],[80.90029551144669,26.85818116022205],[80.90048414784259,26.858093009477837],[80.90100514360275,26.858493694125364],[80.90150817399186,26.857988831237055],[80.90214594466373,26.858309379363753],[80.90149020862081,26.859110745707227],[80.90074464572265,26.85959156278874],[80.89982841179966,26.859888065637065],[80.8996218100327,26.8597678618733],[80.90038533830187,26.86122632558068],[80.9009871782317,26.860745515447018],[80.90255016551214,26.860785583036215],[80.90255016551214,26.85983197056321],[80.90226047390414,26.85912076275059],[80.90248504104213,26.8588482988548],[80.90242216224348,26.8584396017808],[80.90270062549459,26.858303369094735],[80.90255690252629,26.857566107006445],[80.90198201065301,26.85707726753835],[80.90182930499918,26.85668459168186],[80.90166761665982,26.856836853910416],[80.90073341736576,26.85696507457555],[80.89954545720575,26.8555245871876],[80.89894361727593,26.855781031346687],[80.89882684236417,26.85561273993284],[80.89710216674438,26.855909253208274],[80.89674285932358,26.85499566927401],[80.89627575967656,26.85493155784376],[80.89614101939377,26.854731209390103],[80.8956357433333,26.85466709781001],[80.89436020198949,26.854891488181416],[80.89394699845558,26.854779293051333],[80.89371344863208,26.854218315732336],[80.89335414121128,26.854234343694333],[80.89317448750089,26.854009952019844],[80.89135998502589,26.853817615944706],[80.89128812354174,26.853288690052466],[80.89083898926573,26.853192521442814],[80.89074916241054,26.85360925149439],[80.8902281666504,26.852823874348733],[80.88995868608481,26.85317649333325],[80.88949158643779,26.85258345168387],[80.88855738714372,26.852663592628904],[80.88839569880437,26.851685869222113],[80.8880902874967,26.851525585890535],[80.88738963802615,26.85187820892036],[80.88651831753073,26.852070548291714],[80.88648238678864,26.85139735906184],[80.88540446452627,26.851830124026435],[80.88409299244039,26.8514775008468],[80.88367978890648,26.850820336534802],[80.88308693166216,26.849153366042422],[80.8808232949112,26.84998685435759],[80.87809255851319,26.85043565321573],[80.87656550197482,26.850499767193043],[80.8767810864273,26.850034940034657],[80.87661939808795,26.84979451144502],[80.87569418147942,26.849898697229914],[80.87458032847496,26.849257552417473],[80.8746881207012,26.849225495081527],[80.87443660550665,26.848007309587206],[80.87422102105417,26.847558501100192],[80.8743647440225,26.847334096189364],[80.87181366133487,26.84438473315853],[80.87152621539825,26.843615321469517],[80.86929850938934,26.844416791865424],[80.86807686415867,26.846757052947265],[80.86541798924479,26.84492972994106],[80.86401669030371,26.844448850563246],[80.85593227333594,26.85037955345578]]]}},{"type":"Feature","properties":{"ward_id":"Unknown","name":"Cantonment"},"geometry":{"type":"Polygon","coordinates":[[[80.92294799716379,26.804498667588874],[80.92284020493649,26.815754678533636],[80.92420557314895,26.815466076828535],[80.92621769472525,26.817133543204527],[80.9277627166499,26.818095531878164],[80.92941553080183,26.820853187488954],[80.93147256580616,26.82632821762166],[80.93596390861038,26.829021546777597],[80.93837126835341,26.829694869061655],[80.93962884433859,26.829855183301316],[80.94240449419158,26.831009439129407],[80.96275925978021,26.832035434435937],[80.96351380537132,26.831810998756744],[80.96635233402357,26.83165068728505],[80.96861597079689,26.83062468849355],[80.96976575455477,26.82966280618649],[80.97037657717614,26.828893294460215],[80.97098739979751,26.827626795029705],[80.97882030164803,26.80558904231443],[80.97971857020887,26.802606521860437],[80.98000601614834,26.801035054801854],[80.98004194689076,26.798405204079607],[80.97896402461777,26.794043366024066],[80.97741900269311,26.789585137664446],[80.9750475736925,26.793401905106617],[80.96858004005445,26.795711147436343],[80.96462765838676,26.793145319724157],[80.9634778746289,26.791220910860343],[80.96218436790129,26.790386990216692],[80.96117830711313,26.789296469358565],[80.95823198623357,26.790386990216692],[80.95284237486854,26.790066249875732],[80.94881813171598,26.79070772965107],[80.94127267580492,26.790771877429144],[80.9391168312589,26.791092615775607],[80.92869691595317,26.799880493700464],[80.92294799716379,26.804498667588874]]]}}],"bbox":[80.83111634161567,26.744078948185482,81.06093189389713,26.934363579126735]}